step,t,body,x,y,z
0,0.0000000000e+00,0,-2.1374485612e+08,-7.7975306600e+08,1.4739275427e+07
0,0.0000000000e+00,1,1.3999964331e+11,-5.6795553248e+10,1.6918409654e+07
0,0.0000000000e+00,2,1.4034093730e+11,-5.6636113594e+10,4.5591782742e+07
1,3.6000000000e+03,0,-2.1370640131e+08,-7.7973875652e+08,1.4738471187e+07
1,3.6000000000e+03,1,1.4003771169e+11,-5.6696380089e+10,1.6909182044e+07
1,3.6000000000e+03,2,1.4037728832e+11,-5.6533614932e+10,4.5765932879e+07
2,7.2000000000e+03,0,-2.1366794628e+08,-7.7972444712e+08,1.4737666947e+07
2,7.2000000000e+03,1,1.4007571038e+11,-5.6597178798e+10,1.6899987386e+07
2,7.2000000000e+03,2,1.4041353688e+11,-5.6431104160e+10,4.5937300396e+07
3,1.0800000000e+04,0,-2.1362949104e+08,-7.7971013781e+08,1.4736862707e+07
3,1.0800000000e+04,1,1.4011363937e+11,-5.6497949418e+10,1.6890825928e+07
3,1.0800000000e+04,2,1.4044968309e+11,-5.6328581659e+10,4.6105865347e+07
4,1.4400000000e+04,0,-2.1359103559e+08,-7.7969582859e+08,1.4736058467e+07
4,1.4400000000e+04,1,1.4015149863e+11,-5.6398691995e+10,1.6881697916e+07
4,1.4400000000e+04,2,1.4048572708e+11,-5.6226047807e+10,4.6271608040e+07
5,1.8000000000e+04,0,-2.1355257993e+08,-7.7968151945e+08,1.4735254227e+07
5,1.8000000000e+04,1,1.4018928815e+11,-5.6299406574e+10,1.6872603592e+07
5,1.8000000000e+04,2,1.4052166897e+11,-5.6123502984e+10,4.6434509034e+07
6,2.1600000000e+04,0,-2.1351412405e+08,-7.7966721039e+08,1.4734449987e+07
6,2.1600000000e+04,1,1.4022700789e+11,-5.6200093199e+10,1.6863543195e+07
6,2.1600000000e+04,2,1.4055750887e+11,-5.6020947567e+10,4.6594549148e+07
7,2.5200000000e+04,0,-2.1347566796e+08,-7.7965290142e+08,1.4733645747e+07
7,2.5200000000e+04,1,1.4026465783e+11,-5.6100751915e+10,1.6854516961e+07
7,2.5200000000e+04,2,1.4059324692e+11,-5.5918381931e+10,4.6751709459e+07
8,2.8800000000e+04,0,-2.1343721166e+08,-7.7963859253e+08,1.4732841507e+07
8,2.8800000000e+04,1,1.4030223796e+11,-5.6001382767e+10,1.6845525121e+07
8,2.8800000000e+04,2,1.4062888326e+11,-5.5815806453e+10,4.6905971310e+07
9,3.2400000000e+04,0,-2.1339875514e+08,-7.7962428373e+08,1.4732037267e+07
9,3.2400000000e+04,1,1.4033974825e+11,-5.5901985800e+10,1.6836567907e+07
9,3.2400000000e+04,2,1.4066441801e+11,-5.5713221506e+10,4.7057316307e+07
10,3.6000000000e+04,0,-2.1336029841e+08,-7.7960997501e+08,1.4731233027e+07
10,3.6000000000e+04,1,1.4037718868e+11,-5.5802561058e+10,1.6827645543e+07
10,3.6000000000e+04,2,1.4069985132e+11,-5.5610627461e+10,4.7205726326e+07
11,3.9600000000e+04,0,-2.1332184147e+08,-7.7959566637e+08,1.4730428787e+07
11,3.9600000000e+04,1,1.4041455922e+11,-5.5703108587e+10,1.6818758253e+07
11,3.9600000000e+04,2,1.4073518333e+11,-5.5508024692e+10,4.7351183513e+07
12,4.3200000000e+04,0,-2.1328338431e+08,-7.7958135782e+08,1.4729624547e+07
12,4.3200000000e+04,1,1.4045185986e+11,-5.5603628431e+10,1.6809906255e+07
12,4.3200000000e+04,2,1.4077041418e+11,-5.5405413566e+10,4.7493670292e+07
13,4.6800000000e+04,0,-2.1324492694e+08,-7.7956704935e+08,1.4728820307e+07
13,4.6800000000e+04,1,1.4048909056e+11,-5.5504120636e+10,1.6801089766e+07
13,4.6800000000e+04,2,1.4080554403e+11,-5.5302794453e+10,4.7633169359e+07
14,5.0400000000e+04,0,-2.1320646935e+08,-7.7955274096e+08,1.4728016067e+07
14,5.0400000000e+04,1,1.4052625131e+11,-5.5404585246e+10,1.6792308998e+07
14,5.0400000000e+04,2,1.4084057303e+11,-5.5200167719e+10,4.7769663692e+07
15,5.4000000000e+04,0,-2.1316801155e+08,-7.7953843266e+08,1.4727211827e+07
15,5.4000000000e+04,1,1.4056334208e+11,-5.5305022308e+10,1.6783564160e+07
15,5.4000000000e+04,2,1.4087550134e+11,-5.5097533731e+10,4.7903136552e+07
16,5.7600000000e+04,0,-2.1312955354e+08,-7.7952412443e+08,1.4726407587e+07
16,5.7600000000e+04,1,1.4060036286e+11,-5.5205431864e+10,1.6774855458e+07
16,5.7600000000e+04,2,1.4091032911e+11,-5.4994892851e+10,4.8033571482e+07
17,6.1200000000e+04,0,-2.1309109531e+08,-7.7950981630e+08,1.4725603347e+07
17,6.1200000000e+04,1,1.4063731361e+11,-5.5105813962e+10,1.6766183093e+07
17,6.1200000000e+04,2,1.4094505652e+11,-5.4892245443e+10,4.8160952315e+07
18,6.4800000000e+04,0,-2.1305263687e+08,-7.7949550824e+08,1.4724799107e+07
18,6.4800000000e+04,1,1.4067419432e+11,-5.5006168646e+10,1.6757547265e+07
18,6.4800000000e+04,2,1.4097968372e+11,-5.4789591867e+10,4.8285263174e+07
19,6.8400000000e+04,0,-2.1301417821e+08,-7.7948120027e+08,1.4723994867e+07
19,6.8400000000e+04,1,1.4071100496e+11,-5.4906495961e+10,1.6748948166e+07
19,6.8400000000e+04,2,1.4101421089e+11,-5.4686932481e+10,4.8406488472e+07
20,7.2000000000e+04,0,-2.1297571934e+08,-7.7946689238e+08,1.4723190627e+07
20,7.2000000000e+04,1,1.4074774550e+11,-5.4806795953e+10,1.6740385990e+07
20,7.2000000000e+04,2,1.4104863820e+11,-5.4584267645e+10,4.8524612920e+07
21,7.5600000000e+04,0,-2.1293726026e+08,-7.7945258457e+08,1.4722386387e+07
21,7.5600000000e+04,1,1.4078441594e+11,-5.4707068666e+10,1.6731860924e+07
21,7.5600000000e+04,2,1.4108296583e+11,-5.4481597712e+10,4.8639621524e+07
22,7.9200000000e+04,0,-2.1289880096e+08,-7.7943827684e+08,1.4721582147e+07
22,7.9200000000e+04,1,1.4082101624e+11,-5.4607314147e+10,1.6723373150e+07
22,7.9200000000e+04,2,1.4111719397e+11,-5.4378923038e+10,4.8751499592e+07
23,8.2800000000e+04,0,-2.1286034145e+08,-7.7942396920e+08,1.4720777907e+07
23,8.2800000000e+04,1,1.4085754638e+11,-5.4507532440e+10,1.6714922850e+07
23,8.2800000000e+04,2,1.4115132278e+11,-5.4276243975e+10,4.8860232734e+07
24,8.6400000000e+04,0,-2.1282188172e+08,-7.7940966163e+08,1.4719973667e+07
24,8.6400000000e+04,1,1.4089400634e+11,-5.4407723591e+10,1.6706510200e+07
24,8.6400000000e+04,2,1.4118535248e+11,-5.4173560872e+10,4.8965806864e+07
25,9.0000000000e+04,0,-2.1278342178e+08,-7.7939535415e+08,1.4719169428e+07
25,9.0000000000e+04,1,1.4093039609e+11,-5.4307887645e+10,1.6698135372e+07
25,9.0000000000e+04,2,1.4121928323e+11,-5.4070874078e+10,4.9068208203e+07
26,9.3600000000e+04,0,-2.1274496162e+08,-7.7938104675e+08,1.4718365188e+07
26,9.3600000000e+04,1,1.4096671561e+11,-5.4208024648e+10,1.6689798535e+07
26,9.3600000000e+04,2,1.4125311525e+11,-5.3968183940e+10,4.9167423284e+07
27,9.7200000000e+04,0,-2.1270650125e+08,-7.7936673943e+08,1.4717560948e+07
27,9.7200000000e+04,1,1.4100296489e+11,-5.4108134646e+10,1.6681499855e+07
27,9.7200000000e+04,2,1.4128684872e+11,-5.3865490803e+10,4.9263438949e+07
28,1.0080000000e+05,0,-2.1266804066e+08,-7.7935243219e+08,1.4716756708e+07
28,1.0080000000e+05,1,1.4103914389e+11,-5.4008217683e+10,1.6673239491e+07
28,1.0080000000e+05,2,1.4132048384e+11,-5.3762795008e+10,4.9356242355e+07
29,1.0440000000e+05,0,-2.1262957986e+08,-7.7933812503e+08,1.4715952468e+07
29,1.0440000000e+05,1,1.4107525260e+11,-5.3908273806e+10,1.6665017601e+07
29,1.0440000000e+05,2,1.4135402083e+11,-5.3660096896e+10,4.9445820976e+07
30,1.0800000000e+05,0,-2.1259111885e+08,-7.7932381796e+08,1.4715148228e+07
30,1.0800000000e+05,1,1.4111129098e+11,-5.3808303060e+10,1.6656834339e+07
30,1.0800000000e+05,2,1.4138745989e+11,-5.3557396807e+10,4.9532162603e+07
31,1.1160000000e+05,0,-2.1255265762e+08,-7.7930951096e+08,1.4714343988e+07
31,1.1160000000e+05,1,1.4114725902e+11,-5.3708305491e+10,1.6648689854e+07
31,1.1160000000e+05,2,1.4142080122e+11,-5.3454695076e+10,4.9615255351e+07
32,1.1520000000e+05,0,-2.1251419617e+08,-7.7929520405e+08,1.4713539748e+07
32,1.1520000000e+05,1,1.4118315670e+11,-5.3608281144e+10,1.6640584292e+07
32,1.1520000000e+05,2,1.4145404505e+11,-5.3351992037e+10,4.9695087655e+07
33,1.1880000000e+05,0,-2.1247573451e+08,-7.7928089721e+08,1.4712735508e+07
33,1.1880000000e+05,1,1.4121898399e+11,-5.3508230066e+10,1.6632517792e+07
33,1.1880000000e+05,2,1.4148719159e+11,-5.3249288023e+10,4.9771648275e+07
34,1.2240000000e+05,0,-2.1243727264e+08,-7.7926659046e+08,1.4711931268e+07
34,1.2240000000e+05,1,1.4125474087e+11,-5.3408152302e+10,1.6624490494e+07
34,1.2240000000e+05,2,1.4152024106e+11,-5.3146583363e+10,4.9844926299e+07
35,1.2600000000e+05,0,-2.1239881055e+08,-7.7925228378e+08,1.4711127028e+07
35,1.2600000000e+05,1,1.4129042732e+11,-5.3308047898e+10,1.6616502530e+07
35,1.2600000000e+05,2,1.4155319368e+11,-5.3043878384e+10,4.9914911145e+07
36,1.2960000000e+05,0,-2.1236034824e+08,-7.7923797719e+08,1.4710322789e+07
36,1.2960000000e+05,1,1.4132604331e+11,-5.3207916900e+10,1.6608554029e+07
36,1.2960000000e+05,2,1.4158604968e+11,-5.2941173413e+10,4.9981592561e+07
37,1.3320000000e+05,0,-2.1232188572e+08,-7.7922367067e+08,1.4709518549e+07
37,1.3320000000e+05,1,1.4136158882e+11,-5.3107759354e+10,1.6600645117e+07
37,1.3320000000e+05,2,1.4161880930e+11,-5.2838468772e+10,5.0044960628e+07
38,1.3680000000e+05,0,-2.1228342298e+08,-7.7920936424e+08,1.4708714309e+07
38,1.3680000000e+05,1,1.4139706382e+11,-5.3007575305e+10,1.6592775914e+07
38,1.3680000000e+05,2,1.4165147276e+11,-5.2735764782e+10,5.0105005762e+07
39,1.4040000000e+05,0,-2.1224496003e+08,-7.7919505788e+08,1.4707910069e+07
39,1.4040000000e+05,1,1.4143246830e+11,-5.2907364801e+10,1.6584946537e+07
39,1.4040000000e+05,2,1.4168404029e+11,-5.2633061760e+10,5.0161718717e+07
40,1.4400000000e+05,0,-2.1220649686e+08,-7.7918075160e+08,1.4707105829e+07
40,1.4400000000e+05,1,1.4146780223e+11,-5.2807127886e+10,1.6577157100e+07
40,1.4400000000e+05,2,1.4171651215e+11,-5.2530360023e+10,5.0215090585e+07
41,1.4760000000e+05,0,-2.1216803348e+08,-7.7916644540e+08,1.4706301589e+07
41,1.4760000000e+05,1,1.4150306559e+11,-5.2706864608e+10,1.6569407710e+07
41,1.4760000000e+05,2,1.4174888857e+11,-5.2427659883e+10,5.0265112798e+07
42,1.5120000000e+05,0,-2.1212956988e+08,-7.7915213929e+08,1.4705497349e+07
42,1.5120000000e+05,1,1.4153825836e+11,-5.2606575012e+10,1.6561698472e+07
42,1.5120000000e+05,2,1.4178116979e+11,-5.2324961652e+10,5.0311777132e+07
43,1.5480000000e+05,0,-2.1209110607e+08,-7.7913783325e+08,1.4704693109e+07
43,1.5480000000e+05,1,1.4157338051e+11,-5.2506259144e+10,1.6554029485e+07
43,1.5480000000e+05,2,1.4181335607e+11,-5.2222265637e+10,5.0355075707e+07
44,1.5840000000e+05,0,-2.1205264204e+08,-7.7912352728e+08,1.4703888870e+07
44,1.5840000000e+05,1,1.4160843201e+11,-5.2405917051e+10,1.6546400847e+07
44,1.5840000000e+05,2,1.4184544765e+11,-5.2119572143e+10,5.0395000988e+07
45,1.6200000000e+05,0,-2.1201417780e+08,-7.7910922140e+08,1.4703084630e+07
45,1.6200000000e+05,1,1.4164341286e+11,-5.2305548779e+10,1.6538812647e+07
45,1.6200000000e+05,2,1.4187744479e+11,-5.2016881475e+10,5.0431545788e+07
46,1.6560000000e+05,0,-2.1197571333e+08,-7.7909491560e+08,1.4702280390e+07
46,1.6560000000e+05,1,1.4167832302e+11,-5.2205154375e+10,1.6531264974e+07
46,1.6560000000e+05,2,1.4190934774e+11,-5.1914193932e+10,5.0464703269e+07
47,1.6920000000e+05,0,-2.1193724866e+08,-7.7908060987e+08,1.4701476150e+07
47,1.6920000000e+05,1,1.4171316246e+11,-5.2104733885e+10,1.6523757910e+07
47,1.6920000000e+05,2,1.4194115677e+11,-5.1811509811e+10,5.0494466945e+07
48,1.7280000000e+05,0,-2.1189878376e+08,-7.7906630422e+08,1.4700671910e+07
48,1.7280000000e+05,1,1.4174793118e+11,-5.2004287355e+10,1.6516291534e+07
48,1.7280000000e+05,2,1.4197287214e+11,-5.1708829408e+10,5.0520830681e+07
49,1.7640000000e+05,0,-2.1186031866e+08,-7.7905199865e+08,1.4699867670e+07
49,1.7640000000e+05,1,1.4178262914e+11,-5.1903814832e+10,1.6508865920e+07
49,1.7640000000e+05,2,1.4200449411e+11,-5.1606153014e+10,5.0543788697e+07
50,1.8000000000e+05,0,-2.1182185333e+08,-7.7903769316e+08,1.4699063430e+07
50,1.8000000000e+05,1,1.4181725632e+11,-5.1803316362e+10,1.6501481138e+07
50,1.8000000000e+05,2,1.4203602295e+11,-5.1503480919e+10,5.0563335567e+07
51,1.8360000000e+05,0,-2.1178338779e+08,-7.7902338774e+08,1.4698259191e+07
51,1.8360000000e+05,1,1.4185181270e+11,-5.1702791992e+10,1.6494137253e+07
51,1.8360000000e+05,2,1.4206745894e+11,-5.1400813409e+10,5.0579466225e+07
52,1.8720000000e+05,0,-2.1174492203e+08,-7.7900908241e+08,1.4697454951e+07
52,1.8720000000e+05,1,1.4188629826e+11,-5.1602241769e+10,1.6486834326e+07
52,1.8720000000e+05,2,1.4209880234e+11,-5.1298150767e+10,5.0592175959e+07
53,1.9080000000e+05,0,-2.1170645606e+08,-7.7899477715e+08,1.4696650711e+07
53,1.9080000000e+05,1,1.4192071297e+11,-5.1501665740e+10,1.6479572415e+07
53,1.9080000000e+05,2,1.4213005344e+11,-5.1195493275e+10,5.0601460420e+07
54,1.9440000000e+05,0,-2.1166798987e+08,-7.7898047196e+08,1.4695846471e+07
54,1.9440000000e+05,1,1.4195505680e+11,-5.1401063950e+10,1.6472351571e+07
54,1.9440000000e+05,2,1.4216121251e+11,-5.1092841210e+10,5.0607315620e+07
55,1.9800000000e+05,0,-2.1162952347e+08,-7.7896616686e+08,1.4695042231e+07
55,1.9800000000e+05,1,1.4198932975e+11,-5.1300436448e+10,1.6465171842e+07
55,1.9800000000e+05,2,1.4219227983e+11,-5.0990194846e+10,5.0609737930e+07
56,2.0160000000e+05,0,-2.1159105684e+08,-7.7895186183e+08,1.4694237991e+07
56,2.0160000000e+05,1,1.4202353178e+11,-5.1199783280e+10,1.6458033271e+07
56,2.0160000000e+05,2,1.4222325570e+11,-5.0887554455e+10,5.0608724089e+07
57,2.0520000000e+05,0,-2.1155259001e+08,-7.7893755688e+08,1.4693433752e+07
57,2.0520000000e+05,1,1.4205766287e+11,-5.1099104492e+10,1.6450935897e+07
57,2.0520000000e+05,2,1.4225414039e+11,-5.0784920307e+10,5.0604271197e+07
58,2.0880000000e+05,0,-2.1151412295e+08,-7.7892325200e+08,1.4692629512e+07
58,2.0880000000e+05,1,1.4209172300e+11,-5.0998400132e+10,1.6443879754e+07
58,2.0880000000e+05,2,1.4228493419e+11,-5.0682292665e+10,5.0596376722e+07
59,2.1240000000e+05,0,-2.1147565568e+08,-7.7890894720e+08,1.4691825272e+07
59,2.1240000000e+05,1,1.4212571214e+11,-5.0897670247e+10,1.6436864873e+07
59,2.1240000000e+05,2,1.4231563741e+11,-5.0579671794e+10,5.0585038499e+07
60,2.1600000000e+05,0,-2.1143718819e+08,-7.7889464248e+08,1.4691021032e+07
60,2.1600000000e+05,1,1.4215963027e+11,-5.0796914884e+10,1.6429891277e+07
60,2.1600000000e+05,2,1.4234625032e+11,-5.0477057952e+10,5.0570254730e+07
61,2.1960000000e+05,0,-2.1139872049e+08,-7.7888033783e+08,1.4690216792e+07
61,2.1960000000e+05,1,1.4219347737e+11,-5.0696134091e+10,1.6422958989e+07
61,2.1960000000e+05,2,1.4237677324e+11,-5.0374451396e+10,5.0552023987e+07
62,2.2320000000e+05,0,-2.1136025257e+08,-7.7886603326e+08,1.4689412553e+07
62,2.2320000000e+05,1,1.4222725342e+11,-5.0595327913e+10,1.6416068023e+07
62,2.2320000000e+05,2,1.4240720646e+11,-5.0271852378e+10,5.0530345211e+07
63,2.2680000000e+05,0,-2.1132178443e+08,-7.7885172876e+08,1.4688608313e+07
63,2.2680000000e+05,1,1.4226095839e+11,-5.0494496399e+10,1.6409218393e+07
63,2.2680000000e+05,2,1.4243755028e+11,-5.0169261148e+10,5.0505217716e+07
64,2.3040000000e+05,0,-2.1128331607e+08,-7.7883742435e+08,1.4687804073e+07
64,2.3040000000e+05,1,1.4229459227e+11,-5.0393639596e+10,1.6402410104e+07
64,2.3040000000e+05,2,1.4246780501e+11,-5.0066677952e+10,5.0476641185e+07
65,2.3400000000e+05,0,-2.1124484750e+08,-7.7882312000e+08,1.4686999833e+07
65,2.3400000000e+05,1,1.4232815502e+11,-5.0292757551e+10,1.6395643159e+07
65,2.3400000000e+05,2,1.4249797096e+11,-4.9964103035e+10,5.0444615678e+07
66,2.3760000000e+05,0,-2.1120637871e+08,-7.7880881573e+08,1.4686195593e+07
66,2.3760000000e+05,1,1.4236164662e+11,-5.0191850312e+10,1.6388917556e+07
66,2.3760000000e+05,2,1.4252804842e+11,-4.9861536635e+10,5.0409141625e+07
67,2.4120000000e+05,0,-2.1116790971e+08,-7.7879451154e+08,1.4685391354e+07
67,2.4120000000e+05,1,1.4239506705e+11,-5.0090917925e+10,1.6382233288e+07
67,2.4120000000e+05,2,1.4255803773e+11,-4.9758978989e+10,5.0370219831e+07
68,2.4480000000e+05,0,-2.1112944048e+08,-7.7878020742e+08,1.4684587114e+07
68,2.4480000000e+05,1,1.4242841630e+11,-4.9989960440e+10,1.6375590344e+07
68,2.4480000000e+05,2,1.4258793918e+11,-4.9656430330e+10,5.0327851478e+07
69,2.4840000000e+05,0,-2.1109097104e+08,-7.7876590338e+08,1.4683782874e+07
69,2.4840000000e+05,1,1.4246169432e+11,-4.9888977903e+10,1.6368988708e+07
69,2.4840000000e+05,2,1.4261775310e+11,-4.9553890888e+10,5.0282038121e+07
70,2.5200000000e+05,0,-2.1105250138e+08,-7.7875159941e+08,1.4682978634e+07
70,2.5200000000e+05,1,1.4249490111e+11,-4.9787970361e+10,1.6362428359e+07
70,2.5200000000e+05,2,1.4264747980e+11,-4.9451360889e+10,5.0232781693e+07
71,2.5560000000e+05,0,-2.1101403151e+08,-7.7873729551e+08,1.4682174395e+07
71,2.5560000000e+05,1,1.4252803664e+11,-4.9686937863e+10,1.6355909272e+07
71,2.5560000000e+05,2,1.4267711960e+11,-4.9348840555e+10,5.0180084505e+07
72,2.5920000000e+05,0,-2.1097556142e+08,-7.7872299169e+08,1.4681370155e+07
72,2.5920000000e+05,1,1.4256110089e+11,-4.9585880457e+10,1.6349431416e+07
72,2.5920000000e+05,2,1.4270667284e+11,-4.9246330107e+10,5.0123949244e+07
73,2.6280000000e+05,0,-2.1093709111e+08,-7.7870868795e+08,1.4680565915e+07
73,2.6280000000e+05,1,1.4259409383e+11,-4.9484798190e+10,1.6342994758e+07
73,2.6280000000e+05,2,1.4273613982e+11,-4.9143829760e+10,5.0064378974e+07
74,2.6640000000e+05,0,-2.1089862058e+08,-7.7869438428e+08,1.4679761675e+07
74,2.6640000000e+05,1,1.4262701544e+11,-4.9383691109e+10,1.6336599259e+07
74,2.6640000000e+05,2,1.4276552088e+11,-4.9041339726e+10,5.0001377139e+07
75,2.7000000000e+05,0,-2.1086014984e+08,-7.7868008068e+08,1.4678957435e+07
75,2.7000000000e+05,1,1.4265986570e+11,-4.9282559264e+10,1.6330244873e+07
75,2.7000000000e+05,2,1.4279481635e+11,-4.8938860213e+10,4.9934947561e+07
76,2.7360000000e+05,0,-2.1082167888e+08,-7.7866577716e+08,1.4678153196e+07
76,2.7360000000e+05,1,1.4269264458e+11,-4.9181402702e+10,1.6323931553e+07
76,2.7360000000e+05,2,1.4282402655e+11,-4.8836391427e+10,4.9865094443e+07
77,2.7720000000e+05,0,-2.1078320770e+08,-7.7865147371e+08,1.4677348956e+07
77,2.7720000000e+05,1,1.4272535207e+11,-4.9080221471e+10,1.6317659246e+07
77,2.7720000000e+05,2,1.4285315183e+11,-4.8733933569e+10,4.9791822364e+07
78,2.8080000000e+05,0,-2.1074473630e+08,-7.7863717033e+08,1.4676544716e+07
78,2.8080000000e+05,1,1.4275798814e+11,-4.8979015619e+10,1.6311427893e+07
78,2.8080000000e+05,2,1.4288219251e+11,-4.8631486836e+10,4.9715136285e+07
79,2.8440000000e+05,0,-2.1070626469e+08,-7.7862286703e+08,1.4675740476e+07
79,2.8440000000e+05,1,1.4279055276e+11,-4.8877785195e+10,1.6305237432e+07
79,2.8440000000e+05,2,1.4291114893e+11,-4.8529051423e+10,4.9635041547e+07
80,2.8800000000e+05,0,-2.1066779285e+08,-7.7860856380e+08,1.4674936237e+07
80,2.8800000000e+05,1,1.4282304591e+11,-4.8776530246e+10,1.6299087797e+07
80,2.8800000000e+05,2,1.4294002142e+11,-4.8426627520e+10,4.9551543868e+07
81,2.9160000000e+05,0,-2.1062932080e+08,-7.7859426064e+08,1.4674131997e+07
81,2.9160000000e+05,1,1.4285546758e+11,-4.8675250821e+10,1.6292978914e+07
81,2.9160000000e+05,2,1.4296881034e+11,-4.8324215313e+10,4.9464649351e+07
82,2.9520000000e+05,0,-2.1059084854e+08,-7.7857995756e+08,1.4673327757e+07
82,2.9520000000e+05,1,1.4288781774e+11,-4.8573946968e+10,1.6286910708e+07
82,2.9520000000e+05,2,1.4299751601e+11,-4.8221814985e+10,4.9374364474e+07
83,2.9880000000e+05,0,-2.1055237605e+08,-7.7856565455e+08,1.4672523517e+07
83,2.9880000000e+05,1,1.4292009636e+11,-4.8472618736e+10,1.6280883096e+07
83,2.9880000000e+05,2,1.4302613879e+11,-4.8119426716e+10,4.9280696098e+07
84,3.0240000000e+05,0,-2.1051390335e+08,-7.7855135161e+08,1.4671719278e+07
84,3.0240000000e+05,1,1.4295230342e+11,-4.8371266173e+10,1.6274895995e+07
84,3.0240000000e+05,2,1.4305467902e+11,-4.8017050680e+10,4.9183651463e+07
85,3.0600000000e+05,0,-2.1047543042e+08,-7.7853704874e+08,1.4670915038e+07
85,3.0600000000e+05,1,1.4298443891e+11,-4.8269889328e+10,1.6268949311e+07
85,3.0600000000e+05,2,1.4308313704e+11,-4.7914687048e+10,4.9083238188e+07
86,3.0960000000e+05,0,-2.1043695728e+08,-7.7852274595e+08,1.4670110798e+07
86,3.0960000000e+05,1,1.4301650279e+11,-4.8168488250e+10,1.6263042952e+07
86,3.0960000000e+05,2,1.4311151320e+11,-4.7812335989e+10,4.8979464274e+07
87,3.1320000000e+05,0,-2.1039848393e+08,-7.7850844323e+08,1.4669306559e+07
87,3.1320000000e+05,1,1.4304849504e+11,-4.8067062986e+10,1.6257176815e+07
87,3.1320000000e+05,2,1.4313980786e+11,-4.7709997666e+10,4.8872338099e+07
88,3.1680000000e+05,0,-2.1036001035e+08,-7.7849414058e+08,1.4668502319e+07
88,3.1680000000e+05,1,1.4308041565e+11,-4.7965613586e+10,1.6251350798e+07
88,3.1680000000e+05,2,1.4316802136e+11,-4.7607672237e+10,4.8761868421e+07
89,3.2040000000e+05,0,-2.1032153656e+08,-7.7847983800e+08,1.4667698079e+07
89,3.2040000000e+05,1,1.4311226458e+11,-4.7864140099e+10,1.6245564791e+07
89,3.2040000000e+05,2,1.4319615405e+11,-4.7505359861e+10,4.8648064377e+07
90,3.2400000000e+05,0,-2.1028306254e+08,-7.7846553550e+08,1.4666893839e+07
90,3.2400000000e+05,1,1.4314404183e+11,-4.7762642573e+10,1.6239818679e+07
90,3.2400000000e+05,2,1.4322420630e+11,-4.7403060687e+10,4.8530935482e+07
91,3.2760000000e+05,0,-2.1024458831e+08,-7.7845123306e+08,1.4666089600e+07
91,3.2760000000e+05,1,1.4317574735e+11,-4.7661121058e+10,1.6234112344e+07
91,3.2760000000e+05,2,1.4325217845e+11,-4.7300774864e+10,4.8410491629e+07
92,3.3120000000e+05,0,-2.1020611386e+08,-7.7843693070e+08,1.4665285360e+07
92,3.3120000000e+05,1,1.4320738114e+11,-4.7559575602e+10,1.6228445664e+07
92,3.3120000000e+05,2,1.4328007086e+11,-4.7198502535e+10,4.8286743088e+07
93,3.3480000000e+05,0,-2.1016763919e+08,-7.7842262841e+08,1.4664481120e+07
93,3.3480000000e+05,1,1.4323894316e+11,-4.7458006254e+10,1.6222818510e+07
93,3.3480000000e+05,2,1.4330788389e+11,-4.7096243842e+10,4.8159700506e+07
94,3.3840000000e+05,0,-2.1012916431e+08,-7.7840832619e+08,1.4663676881e+07
94,3.3840000000e+05,1,1.4327043341e+11,-4.7356413064e+10,1.6217230750e+07
94,3.3840000000e+05,2,1.4333561790e+11,-4.6993998919e+10,4.8029374906e+07
95,3.4200000000e+05,0,-2.1009068920e+08,-7.7839402404e+08,1.4662872641e+07
95,3.4200000000e+05,1,1.4330185184e+11,-4.7254796081e+10,1.6211682247e+07
95,3.4200000000e+05,2,1.4336327324e+11,-4.6891767898e+10,4.7895777688e+07
96,3.4560000000e+05,0,-2.1005221388e+08,-7.7837972196e+08,1.4662068401e+07
96,3.4560000000e+05,1,1.4333319845e+11,-4.7153155353e+10,1.6206172858e+07
96,3.4560000000e+05,2,1.4339085029e+11,-4.6789550907e+10,4.7758920626e+07
97,3.4920000000e+05,0,-2.1001373834e+08,-7.7836541995e+08,1.4661264161e+07
97,3.4920000000e+05,1,1.4336447320e+11,-4.7051490931e+10,1.6200702439e+07
97,3.4920000000e+05,2,1.4341834940e+11,-4.6687348070e+10,4.7618815866e+07
98,3.5280000000e+05,0,-2.0997526258e+08,-7.7835111801e+08,1.4660459922e+07
98,3.5280000000e+05,1,1.4339567608e+11,-4.6949802864e+10,1.6195270838e+07
98,3.5280000000e+05,2,1.4344577093e+11,-4.6585159506e+10,4.7475475929e+07
99,3.5640000000e+05,0,-2.0993678660e+08,-7.7833681615e+08,1.4659655682e+07
99,3.5640000000e+05,1,1.4342680706e+11,-4.6848091200e+10,1.6189877899e+07
99,3.5640000000e+05,2,1.4347311526e+11,-4.6482985331e+10,4.7328913709e+07
100,3.6000000000e+05,0,-2.0989831040e+08,-7.7832251435e+08,1.4658851442e+07
100,3.6000000000e+05,1,1.4345786613e+11,-4.6746355991e+10,1.6184523463e+07
100,3.6000000000e+05,2,1.4350038274e+11,-4.6380825657e+10,4.7179142469e+07
101,3.6360000000e+05,0,-2.0985983398e+08,-7.7830821262e+08,1.4658047203e+07
101,3.6360000000e+05,1,1.4348885325e+11,-4.6644597284e+10,1.6179207365e+07
101,3.6360000000e+05,2,1.4352757374e+11,-4.6278680589e+10,4.7026175845e+07
102,3.6720000000e+05,0,-2.0982135734e+08,-7.7829391097e+08,1.4657242963e+07
102,3.6720000000e+05,1,1.4351976841e+11,-4.6542815131e+10,1.6173929436e+07
102,3.6720000000e+05,2,1.4355468863e+11,-4.6176550232e+10,4.6870027840e+07
103,3.7080000000e+05,0,-2.0978288049e+08,-7.7827960938e+08,1.4656438723e+07
103,3.7080000000e+05,1,1.4355061158e+11,-4.6441009579e+10,1.6168689503e+07
103,3.7080000000e+05,2,1.4358172777e+11,-4.6074434684e+10,4.6710712825e+07
104,3.7440000000e+05,0,-2.0974440341e+08,-7.7826530786e+08,1.4655634484e+07
104,3.7440000000e+05,1,1.4358138274e+11,-4.6339180681e+10,1.6163487387e+07
104,3.7440000000e+05,2,1.4360869155e+11,-4.5972334039e+10,4.6548245539e+07
105,3.7800000000e+05,0,-2.0970592612e+08,-7.7825100641e+08,1.4654830244e+07
105,3.7800000000e+05,1,1.4361208187e+11,-4.6237328484e+10,1.6158322905e+07
105,3.7800000000e+05,2,1.4363558031e+11,-4.5870248389e+10,4.6382641086e+07
106,3.8160000000e+05,0,-2.0966744860e+08,-7.7823670503e+08,1.4654026004e+07
106,3.8160000000e+05,1,1.4364270895e+11,-4.6135453039e+10,1.6153195871e+07
106,3.8160000000e+05,2,1.4366239444e+11,-4.5768177820e+10,4.6213914935e+07
107,3.8520000000e+05,0,-2.0962897087e+08,-7.7822240372e+08,1.4653221765e+07
107,3.8520000000e+05,1,1.4367326395e+11,-4.6033554397e+10,1.6148106092e+07
107,3.8520000000e+05,2,1.4368913431e+11,-4.5666122414e+10,4.6042082916e+07
108,3.8880000000e+05,0,-2.0959049292e+08,-7.7820810248e+08,1.4652417525e+07
108,3.8880000000e+05,1,1.4370374686e+11,-4.5931632606e+10,1.6143053374e+07
108,3.8880000000e+05,2,1.4371580028e+11,-4.5564082248e+10,4.5867161222e+07
109,3.9240000000e+05,0,-2.0955201475e+08,-7.7819380131e+08,1.4651613285e+07
109,3.9240000000e+05,1,1.4373415764e+11,-4.5829687718e+10,1.6138037515e+07
109,3.9240000000e+05,2,1.4374239273e+11,-4.5462057396e+10,4.5689166406e+07
110,3.9600000000e+05,0,-2.0951353636e+08,-7.7817950021e+08,1.4650809046e+07
110,3.9600000000e+05,1,1.4376449628e+11,-4.5727719782e+10,1.6133058311e+07
110,3.9600000000e+05,2,1.4376891203e+11,-4.5360047927e+10,4.5508115378e+07
111,3.9960000000e+05,0,-2.0947505775e+08,-7.7816519917e+08,1.4650004806e+07
111,3.9960000000e+05,1,1.4379476276e+11,-4.5625728848e+10,1.6128115553e+07
111,3.9960000000e+05,2,1.4379535855e+11,-4.5258053907e+10,4.5324025406e+07
112,4.0320000000e+05,0,-2.0943657892e+08,-7.7815089820e+08,1.4649200566e+07
112,4.0320000000e+05,1,1.4382495705e+11,-4.5523714967e+10,1.6123209026e+07
112,4.0320000000e+05,2,1.4382173266e+11,-4.5156075396e+10,4.5136914112e+07
113,4.0680000000e+05,0,-2.0939809987e+08,-7.7813659731e+08,1.4648396327e+07
113,4.0680000000e+05,1,1.4385507913e+11,-4.5421678190e+10,1.6118338513e+07
113,4.0680000000e+05,2,1.4384803475e+11,-4.5054112451e+10,4.4946799472e+07
114,4.1040000000e+05,0,-2.0935962060e+08,-7.7812229648e+08,1.4647592087e+07
114,4.1040000000e+05,1,1.4388512898e+11,-4.5319618566e+10,1.6113503792e+07
114,4.1040000000e+05,2,1.4387426517e+11,-4.4952165124e+10,4.4753699814e+07
115,4.1400000000e+05,0,-2.0932114112e+08,-7.7810799571e+08,1.4646787847e+07
115,4.1400000000e+05,1,1.4391510658e+11,-4.5217536147e+10,1.6108704636e+07
115,4.1400000000e+05,2,1.4390042431e+11,-4.4850233462e+10,4.4557633814e+07
116,4.1760000000e+05,0,-2.0928266141e+08,-7.7809369502e+08,1.4645983608e+07
116,4.1760000000e+05,1,1.4394501190e+11,-4.5115430982e+10,1.6103940814e+07
116,4.1760000000e+05,2,1.4392651254e+11,-4.4748317511e+10,4.4358620498e+07
117,4.2120000000e+05,0,-2.0924418148e+08,-7.7807939439e+08,1.4645179368e+07
117,4.2120000000e+05,1,1.4397484493e+11,-4.5013303123e+10,1.6099212092e+07
117,4.2120000000e+05,2,1.4395253023e+11,-4.4646417308e+10,4.4156679235e+07
118,4.2480000000e+05,0,-2.0920570133e+08,-7.7806509383e+08,1.4644375129e+07
118,4.2480000000e+05,1,1.4400460563e+11,-4.4911152619e+10,1.6094518229e+07
118,4.2480000000e+05,2,1.4397847776e+11,-4.4544532888e+10,4.3951829739e+07
119,4.2840000000e+05,0,-2.0916722097e+08,-7.7805079334e+08,1.4643570889e+07
119,4.2840000000e+05,1,1.4403429400e+11,-4.4808979523e+10,1.6089858983e+07
119,4.2840000000e+05,2,1.4400435550e+11,-4.4442664284e+10,4.3744092067e+07
120,4.3200000000e+05,0,-2.0912874038e+08,-7.7803649291e+08,1.4642766649e+07
120,4.3200000000e+05,1,1.4406391000e+11,-4.4706783884e+10,1.6085234105e+07
120,4.3200000000e+05,2,1.4403016383e+11,-4.4340811520e+10,4.3533486612e+07
121,4.3560000000e+05,0,-2.0909025957e+08,-7.7802219256e+08,1.4641962410e+07
121,4.3560000000e+05,1,1.4409345362e+11,-4.4604565754e+10,1.6080643345e+07
121,4.3560000000e+05,2,1.4405590311e+11,-4.4238974619e+10,4.3320034106e+07
122,4.3920000000e+05,0,-2.0905177855e+08,-7.7800789226e+08,1.4641158170e+07
122,4.3920000000e+05,1,1.4412292483e+11,-4.4502325183e+10,1.6076086445e+07
122,4.3920000000e+05,2,1.4408157372e+11,-4.4137153599e+10,4.3103755617e+07
123,4.4280000000e+05,0,-2.0901329730e+08,-7.7799359204e+08,1.4640353930e+07
123,4.4280000000e+05,1,1.4415232362e+11,-4.4400062223e+10,1.6071563146e+07
123,4.4280000000e+05,2,1.4410717604e+11,-4.4035348472e+10,4.2884672543e+07
124,4.4640000000e+05,0,-2.0897481583e+08,-7.7797929188e+08,1.4639549691e+07
124,4.4640000000e+05,1,1.4418164995e+11,-4.4297776925e+10,1.6067073184e+07
124,4.4640000000e+05,2,1.4413271044e+11,-4.3933559249e+10,4.2662806614e+07
125,4.5000000000e+05,0,-2.0893633414e+08,-7.7796499179e+08,1.4638745451e+07
125,4.5000000000e+05,1,1.4421090381e+11,-4.4195469340e+10,1.6062616291e+07
125,4.5000000000e+05,2,1.4415817728e+11,-4.3831785934e+10,4.2438179885e+07
126,4.5360000000e+05,0,-2.0889785224e+08,-7.7795069176e+08,1.4637941212e+07
126,4.5360000000e+05,1,1.4424008518e+11,-4.4093139519e+10,1.6058192194e+07
126,4.5360000000e+05,2,1.4418357695e+11,-4.3730028527e+10,4.2210814739e+07
127,4.5720000000e+05,0,-2.0885937011e+08,-7.7793639180e+08,1.4637136972e+07
127,4.5720000000e+05,1,1.4426919404e+11,-4.3990787513e+10,1.6053800617e+07
127,4.5720000000e+05,2,1.4420890982e+11,-4.3628287024e+10,4.1980733880e+07
128,4.6080000000e+05,0,-2.0882088776e+08,-7.7792209191e+08,1.4636332732e+07
128,4.6080000000e+05,1,1.4429823035e+11,-4.3888413375e+10,1.6049441281e+07
128,4.6080000000e+05,2,1.4423417625e+11,-4.3526561417e+10,4.1747960331e+07
129,4.6440000000e+05,0,-2.0878240519e+08,-7.7790779208e+08,1.4635528493e+07
129,4.6440000000e+05,1,1.4432719411e+11,-4.3786017154e+10,1.6045113902e+07
129,4.6440000000e+05,2,1.4425937662e+11,-4.3424851694e+10,4.1512517431e+07
130,4.6800000000e+05,0,-2.0874392240e+08,-7.7789349232e+08,1.4634724253e+07
130,4.6800000000e+05,1,1.4435608530e+11,-4.3683598904e+10,1.6040818192e+07
130,4.6800000000e+05,2,1.4428451130e+11,-4.3323157837e+10,4.1274428837e+07
131,4.7160000000e+05,0,-2.0870543939e+08,-7.7787919262e+08,1.4633920014e+07
131,4.7160000000e+05,1,1.4438490388e+11,-4.3581158674e+10,1.6036553858e+07
131,4.7160000000e+05,2,1.4430958065e+11,-4.3221479826e+10,4.1033718514e+07
132,4.7520000000e+05,0,-2.0866695616e+08,-7.7786489299e+08,1.4633115774e+07
132,4.7520000000e+05,1,1.4441364983e+11,-4.3478696518e+10,1.6032320607e+07
132,4.7520000000e+05,2,1.4433458505e+11,-4.3119817635e+10,4.0790410735e+07
133,4.7880000000e+05,0,-2.0862847271e+08,-7.7785059342e+08,1.4632311534e+07
133,4.7880000000e+05,1,1.4444232315e+11,-4.3376212487e+10,1.6028118138e+07
133,4.7880000000e+05,2,1.4435952487e+11,-4.3018171234e+10,4.0544530080e+07
134,4.8240000000e+05,0,-2.0858998904e+08,-7.7783629392e+08,1.4631507295e+07
134,4.8240000000e+05,1,1.4447092380e+11,-4.3273706632e+10,1.6023946149e+07
134,4.8240000000e+05,2,1.4438440047e+11,-4.2916540589e+10,4.0296101432e+07
135,4.8600000000e+05,0,-2.0855150515e+08,-7.7782199448e+08,1.4630703055e+07
135,4.8600000000e+05,1,1.4449945176e+11,-4.3171179005e+10,1.6019804333e+07
135,4.8600000000e+05,2,1.4440921222e+11,-4.2814925662e+10,4.0045149970e+07
136,4.8960000000e+05,0,-2.0851302104e+08,-7.7780769511e+08,1.4629898816e+07
136,4.8960000000e+05,1,1.4452790702e+11,-4.3068629659e+10,1.6015692380e+07
136,4.8960000000e+05,2,1.4443396048e+11,-4.2713326410e+10,3.9791701172e+07
137,4.9320000000e+05,0,-2.0847453671e+08,-7.7779339580e+08,1.4629094576e+07
137,4.9320000000e+05,1,1.4455628955e+11,-4.2966058645e+10,1.6011609977e+07
137,4.9320000000e+05,2,1.4445864562e+11,-4.2611742786e+10,3.9535780808e+07
138,4.9680000000e+05,0,-2.0843605215e+08,-7.7777909656e+08,1.4628290336e+07
138,4.9680000000e+05,1,1.4458459932e+11,-4.2863466015e+10,1.6007556805e+07
138,4.9680000000e+05,2,1.4448326801e+11,-4.2510174739e+10,3.9277414936e+07
139,5.0040000000e+05,0,-2.0839756738e+08,-7.7776479738e+08,1.4627486097e+07
139,5.0040000000e+05,1,1.4461283633e+11,-4.2760851822e+10,1.6003532545e+07
139,5.0040000000e+05,2,1.4450782800e+11,-4.2408622213e+10,3.9016629903e+07
140,5.0400000000e+05,0,-2.0835908238e+08,-7.7775049826e+08,1.4626681857e+07
140,5.0400000000e+05,1,1.4464100055e+11,-4.2658216117e+10,1.5999536871e+07
140,5.0400000000e+05,2,1.4453232596e+11,-4.2307085150e+10,3.8753452336e+07
141,5.0760000000e+05,0,-2.0832059716e+08,-7.7773619921e+08,1.4625877618e+07
141,5.0760000000e+05,1,1.4466909195e+11,-4.2555558953e+10,1.5995569457e+07
141,5.0760000000e+05,2,1.4455676225e+11,-4.2205563484e+10,3.8487909142e+07
142,5.1120000000e+05,0,-2.0828211173e+08,-7.7772190022e+08,1.4625073378e+07
142,5.1120000000e+05,1,1.4469711052e+11,-4.2452880382e+10,1.5991629970e+07
142,5.1120000000e+05,2,1.4458113723e+11,-4.2104057148e+10,3.8220027505e+07
143,5.1480000000e+05,0,-2.0824362607e+08,-7.7770760130e+08,1.4624269139e+07
143,5.1480000000e+05,1,1.4472505623e+11,-4.2350180457e+10,1.5987718077e+07
143,5.1480000000e+05,2,1.4460545125e+11,-4.2002566070e+10,3.7949834881e+07
144,5.1840000000e+05,0,-2.0820514019e+08,-7.7769330244e+08,1.4623464899e+07
144,5.1840000000e+05,1,1.4475292907e+11,-4.2247459230e+10,1.5983833439e+07
144,5.1840000000e+05,2,1.4462970468e+11,-4.1901090172e+10,3.7677358992e+07
145,5.2200000000e+05,0,-2.0816665409e+08,-7.7767900364e+08,1.4622660659e+07
145,5.2200000000e+05,1,1.4478072901e+11,-4.2144716753e+10,1.5979975716e+07
145,5.2200000000e+05,2,1.4465389786e+11,-4.1799629375e+10,3.7402627828e+07
146,5.2560000000e+05,0,-2.0812816776e+08,-7.7766470491e+08,1.4621856420e+07
146,5.2560000000e+05,1,1.4480845604e+11,-4.2041953079e+10,1.5976144563e+07
146,5.2560000000e+05,2,1.4467803115e+11,-4.1698183593e+10,3.7125669639e+07
147,5.2920000000e+05,0,-2.0808968122e+08,-7.7765040624e+08,1.4621052180e+07
147,5.2920000000e+05,1,1.4483611013e+11,-4.1939168261e+10,1.5972339632e+07
147,5.2920000000e+05,2,1.4470210491e+11,-4.1596752738e+10,3.6846512932e+07
148,5.3280000000e+05,0,-2.0805119446e+08,-7.7763610763e+08,1.4620247941e+07
148,5.3280000000e+05,1,1.4486369126e+11,-4.1836362351e+10,1.5968560574e+07
148,5.3280000000e+05,2,1.4472611948e+11,-4.1495336716e+10,3.6565186466e+07
149,5.3640000000e+05,0,-2.0801270747e+08,-7.7762180908e+08,1.4619443701e+07
149,5.3640000000e+05,1,1.4489119941e+11,-4.1733535403e+10,1.5964807034e+07
149,5.3640000000e+05,2,1.4475007521e+11,-4.1393935431e+10,3.6281719254e+07
150,5.4000000000e+05,0,-2.0797422026e+08,-7.7760751060e+08,1.4618639462e+07
150,5.4000000000e+05,1,1.4491863456e+11,-4.1630687468e+10,1.5961078656e+07
150,5.4000000000e+05,2,1.4477397246e+11,-4.1292548780e+10,3.5996140549e+07
151,5.4360000000e+05,0,-2.0793573283e+08,-7.7759321218e+08,1.4617835222e+07
151,5.4360000000e+05,1,1.4494599670e+11,-4.1527818600e+10,1.5957375081e+07
151,5.4360000000e+05,2,1.4479781156e+11,-4.1191176659e+10,3.5708479850e+07
152,5.4720000000e+05,0,-2.0789724518e+08,-7.7757891382e+08,1.4617030983e+07
152,5.4720000000e+05,1,1.4497328579e+11,-4.1424928852e+10,1.5953695945e+07
152,5.4720000000e+05,2,1.4482159287e+11,-4.1089818958e+10,3.5418766890e+07
153,5.5080000000e+05,0,-2.0785875731e+08,-7.7756461552e+08,1.4616226743e+07
153,5.5080000000e+05,1,1.4500050182e+11,-4.1322018276e+10,1.5950040884e+07
153,5.5080000000e+05,2,1.4484531671e+11,-4.0988475563e+10,3.5127031639e+07
154,5.5440000000e+05,0,-2.0782026922e+08,-7.7755031729e+08,1.4615422503e+07
154,5.5440000000e+05,1,1.4502764477e+11,-4.1219086927e+10,1.5946409529e+07
154,5.5440000000e+05,2,1.4486898345e+11,-4.0887146358e+10,3.4833304293e+07
155,5.5800000000e+05,0,-2.0778178090e+08,-7.7753601911e+08,1.4614618264e+07
155,5.5800000000e+05,1,1.4505471462e+11,-4.1116134856e+10,1.5942801509e+07
155,5.5800000000e+05,2,1.4489259340e+11,-4.0785831221e+10,3.4537615274e+07
156,5.6160000000e+05,0,-2.0774329236e+08,-7.7752172100e+08,1.4613814024e+07
156,5.6160000000e+05,1,1.4508171136e+11,-4.1013162117e+10,1.5939216450e+07
156,5.6160000000e+05,2,1.4491614691e+11,-4.0684530026e+10,3.4239995225e+07
157,5.6520000000e+05,0,-2.0770480360e+08,-7.7750742295e+08,1.4613009785e+07
157,5.6520000000e+05,1,1.4510863494e+11,-4.0910168765e+10,1.5935653976e+07
157,5.6520000000e+05,2,1.4493964432e+11,-4.0583242645e+10,3.3940475006e+07
158,5.6880000000e+05,0,-2.0766631462e+08,-7.7749312496e+08,1.4612205545e+07
158,5.6880000000e+05,1,1.4513548537e+11,-4.0807154850e+10,1.5932113709e+07
158,5.6880000000e+05,2,1.4496308596e+11,-4.0481968944e+10,3.3639085687e+07
159,5.7240000000e+05,0,-2.0762782542e+08,-7.7747882703e+08,1.4611401306e+07
159,5.7240000000e+05,1,1.4516226262e+11,-4.0704120428e+10,1.5928595266e+07
159,5.7240000000e+05,2,1.4498647215e+11,-4.0380708785e+10,3.3335858547e+07
160,5.7600000000e+05,0,-2.0758933600e+08,-7.7746452917e+08,1.4610597066e+07
160,5.7600000000e+05,1,1.4518896666e+11,-4.0601065552e+10,1.5925098264e+07
160,5.7600000000e+05,2,1.4500980323e+11,-4.0279462029e+10,3.3030825069e+07
161,5.7960000000e+05,0,-2.0755084635e+08,-7.7745023136e+08,1.4609792827e+07
161,5.7960000000e+05,1,1.4521559749e+11,-4.0497990274e+10,1.5921622316e+07
161,5.7960000000e+05,2,1.4503307952e+11,-4.0178228530e+10,3.2724016932e+07
162,5.8320000000e+05,0,-2.0751235648e+08,-7.7743593362e+08,1.4608988587e+07
162,5.8320000000e+05,1,1.4524215507e+11,-4.0394894650e+10,1.5918167033e+07
162,5.8320000000e+05,2,1.4505630134e+11,-4.0077008139e+10,3.2415466012e+07
163,5.8680000000e+05,0,-2.0747386639e+08,-7.7742163593e+08,1.4608184348e+07
163,5.8680000000e+05,1,1.4526863940e+11,-4.0291778731e+10,1.5914732024e+07
163,5.8680000000e+05,2,1.4507946902e+11,-3.9975800705e+10,3.2105204373e+07
164,5.9040000000e+05,0,-2.0743537608e+08,-7.7740733831e+08,1.4607380108e+07
164,5.9040000000e+05,1,1.4529505044e+11,-4.0188642573e+10,1.5911316896e+07
164,5.9040000000e+05,2,1.4510258288e+11,-3.9874606072e+10,3.1793264262e+07
165,5.9400000000e+05,0,-2.0739688554e+08,-7.7739304074e+08,1.4606575869e+07
165,5.9400000000e+05,1,1.4532138818e+11,-4.0085486228e+10,1.5907921253e+07
165,5.9400000000e+05,2,1.4512564324e+11,-3.9773424079e+10,3.1479678111e+07
166,5.9760000000e+05,0,-2.0735839479e+08,-7.7737874324e+08,1.4605771629e+07
166,5.9760000000e+05,1,1.4534765261e+11,-3.9982309751e+10,1.5904544697e+07
166,5.9760000000e+05,2,1.4514865040e+11,-3.9672254563e+10,3.1164478523e+07
167,6.0120000000e+05,0,-2.0731990381e+08,-7.7736444579e+08,1.4604967390e+07
167,6.0120000000e+05,1,1.4537384369e+11,-3.9879113195e+10,1.5901186828e+07
167,6.0120000000e+05,2,1.4517160468e+11,-3.9571097357e+10,3.0847698274e+07
168,6.0480000000e+05,0,-2.0728141261e+08,-7.7735014841e+08,1.4604163150e+07
168,6.0480000000e+05,1,1.4539996142e+11,-3.9775896615e+10,1.5897847244e+07
168,6.0480000000e+05,2,1.4519450639e+11,-3.9469952291e+10,3.0529370306e+07
169,6.0840000000e+05,0,-2.0724292118e+08,-7.7733585108e+08,1.4603358911e+07
169,6.0840000000e+05,1,1.4542600577e+11,-3.9672660064e+10,1.5894525542e+07
169,6.0840000000e+05,2,1.4521735584e+11,-3.9368819190e+10,3.0209527721e+07
170,6.1200000000e+05,0,-2.0720442954e+08,-7.7732155381e+08,1.4602554671e+07
170,6.1200000000e+05,1,1.4545197673e+11,-3.9569403596e+10,1.5891221315e+07
170,6.1200000000e+05,2,1.4524015333e+11,-3.9267697876e+10,2.9888203779e+07
171,6.1560000000e+05,0,-2.0716593767e+08,-7.7730725661e+08,1.4601750432e+07
171,6.1560000000e+05,1,1.4547787426e+11,-3.9466127265e+10,1.5887934156e+07
171,6.1560000000e+05,2,1.4526289916e+11,-3.9166588168e+10,2.9565431889e+07
172,6.1920000000e+05,0,-2.0712744558e+08,-7.7729295946e+08,1.4600946192e+07
172,6.1920000000e+05,1,1.4550369837e+11,-3.9362831126e+10,1.5884663655e+07
172,6.1920000000e+05,2,1.4528559363e+11,-3.9065489881e+10,2.9241245610e+07
173,6.2280000000e+05,0,-2.0708895326e+08,-7.7727866237e+08,1.4600141953e+07
173,6.2280000000e+05,1,1.4552944902e+11,-3.9259515232e+10,1.5881409401e+07
173,6.2280000000e+05,2,1.4530823704e+11,-3.8964402827e+10,2.8915678639e+07
174,6.2640000000e+05,0,-2.0705046073e+08,-7.7726436534e+08,1.4599337713e+07
174,6.2640000000e+05,1,1.4555512619e+11,-3.9156179639e+10,1.5878170981e+07
174,6.2640000000e+05,2,1.4533082968e+11,-3.8863326814e+10,2.8588764813e+07
175,6.3000000000e+05,0,-2.0701196797e+08,-7.7725006837e+08,1.4598533474e+07
175,6.3000000000e+05,1,1.4558072987e+11,-3.9052824400e+10,1.5874947980e+07
175,6.3000000000e+05,2,1.4535337185e+11,-3.8762261648e+10,2.8260538097e+07
176,6.3360000000e+05,0,-2.0697347499e+08,-7.7723577146e+08,1.4597729234e+07
176,6.3360000000e+05,1,1.4560626005e+11,-3.8949449569e+10,1.5871739983e+07
176,6.3360000000e+05,2,1.4537586382e+11,-3.8661207130e+10,2.7931032587e+07
177,6.3720000000e+05,0,-2.0693498178e+08,-7.7722147460e+08,1.4596924995e+07
177,6.3720000000e+05,1,1.4563171669e+11,-3.8846055202e+10,1.5868546571e+07
177,6.3720000000e+05,2,1.4539830589e+11,-3.8560163058e+10,2.7600282497e+07
178,6.4080000000e+05,0,-2.0689648836e+08,-7.7720717780e+08,1.4596120755e+07
178,6.4080000000e+05,1,1.4565709979e+11,-3.8742641352e+10,1.5865367325e+07
178,6.4080000000e+05,2,1.4542069833e+11,-3.8459129227e+10,2.7268322159e+07
179,6.4440000000e+05,0,-2.0685799471e+08,-7.7719288106e+08,1.4595316516e+07
179,6.4440000000e+05,1,1.4568240931e+11,-3.8639208074e+10,1.5862201826e+07
179,6.4440000000e+05,2,1.4544304143e+11,-3.8358105430e+10,2.6935186017e+07
180,6.4800000000e+05,0,-2.0681950084e+08,-7.7717858438e+08,1.4594512276e+07
180,6.4800000000e+05,1,1.4570764526e+11,-3.8535755422e+10,1.5859049651e+07
180,6.4800000000e+05,2,1.4546533545e+11,-3.8257091455e+10,2.6600908620e+07
181,6.5160000000e+05,0,-2.0678100674e+08,-7.7716428776e+08,1.4593708037e+07
181,6.5160000000e+05,1,1.4573280759e+11,-3.8432283452e+10,1.5855910378e+07
181,6.5160000000e+05,2,1.4548758069e+11,-3.8156087088e+10,2.6265524619e+07
182,6.5520000000e+05,0,-2.0674251242e+08,-7.7714999119e+08,1.4592903797e+07
182,6.5520000000e+05,1,1.4575789631e+11,-3.8328792218e+10,1.5852783582e+07
182,6.5520000000e+05,2,1.4550977739e+11,-3.8055092111e+10,2.5929068761e+07
183,6.5880000000e+05,0,-2.0670401788e+08,-7.7713569469e+08,1.4592099558e+07
183,6.5880000000e+05,1,1.4578291139e+11,-3.8225281774e+10,1.5849668837e+07
183,6.5880000000e+05,2,1.4553192584e+11,-3.7954106304e+10,2.5591575884e+07
184,6.6240000000e+05,0,-2.0666552312e+08,-7.7712139824e+08,1.4591295318e+07
184,6.6240000000e+05,1,1.4580785280e+11,-3.8121752175e+10,1.5846565719e+07
184,6.6240000000e+05,2,1.4555402629e+11,-3.7853129444e+10,2.5253080912e+07
185,6.6600000000e+05,0,-2.0662702813e+08,-7.7710710184e+08,1.4590491079e+07
185,6.6600000000e+05,1,1.4583272054e+11,-3.8018203477e+10,1.5843473798e+07
185,6.6600000000e+05,2,1.4557607900e+11,-3.7752161304e+10,2.4913618850e+07
186,6.6960000000e+05,0,-2.0658853292e+08,-7.7709280550e+08,1.4589686839e+07
186,6.6960000000e+05,1,1.4585751459e+11,-3.7914635734e+10,1.5840392648e+07
186,6.6960000000e+05,2,1.4559808423e+11,-3.7651201654e+10,2.4573224776e+07
187,6.7320000000e+05,0,-2.0655003749e+08,-7.7707850922e+08,1.4588882600e+07
187,6.7320000000e+05,1,1.4588223492e+11,-3.7811049001e+10,1.5837321839e+07
187,6.7320000000e+05,2,1.4562004223e+11,-3.7550250263e+10,2.4231933841e+07
188,6.7680000000e+05,0,-2.0651154183e+08,-7.7706421300e+08,1.4588078360e+07
188,6.7680000000e+05,1,1.4590688152e+11,-3.7707443332e+10,1.5834260941e+07
188,6.7680000000e+05,2,1.4564195326e+11,-3.7449306895e+10,2.3889781259e+07
189,6.8040000000e+05,0,-2.0647304595e+08,-7.7704991683e+08,1.4587274121e+07
189,6.8040000000e+05,1,1.4593145437e+11,-3.7603818784e+10,1.5831209523e+07
189,6.8040000000e+05,2,1.4566381756e+11,-3.7348371313e+10,2.3546802306e+07
190,6.8400000000e+05,0,-2.0643454985e+08,-7.7703562072e+08,1.4586469881e+07
190,6.8400000000e+05,1,1.4595595345e+11,-3.7500175411e+10,1.5828167154e+07
190,6.8400000000e+05,2,1.4568563537e+11,-3.7247443277e+10,2.3203032310e+07
191,6.8760000000e+05,0,-2.0639605352e+08,-7.7702132467e+08,1.4585665642e+07
191,6.8760000000e+05,1,1.4598037875e+11,-3.7396513267e+10,1.5825133402e+07
191,6.8760000000e+05,2,1.4570740693e+11,-3.7146522542e+10,2.2858506650e+07
192,6.9120000000e+05,0,-2.0635755697e+08,-7.7700702867e+08,1.4584861403e+07
192,6.9120000000e+05,1,1.4600473024e+11,-3.7292832409e+10,1.5822107835e+07
192,6.9120000000e+05,2,1.4572913249e+11,-3.7045608863e+10,2.2513260748e+07
193,6.9480000000e+05,0,-2.0631906020e+08,-7.7699273272e+08,1.4584057163e+07
193,6.9480000000e+05,1,1.4602900792e+11,-3.7189132891e+10,1.5819090020e+07
193,6.9480000000e+05,2,1.4575081227e+11,-3.6944701992e+10,2.2167330066e+07
194,6.9840000000e+05,0,-2.0628056320e+08,-7.7697843683e+08,1.4583252924e+07
194,6.9840000000e+05,1,1.4605321176e+11,-3.7085414769e+10,1.5816079523e+07
194,6.9840000000e+05,2,1.4577244650e+11,-3.6843801678e+10,2.1820750100e+07
195,7.0200000000e+05,0,-2.0624206598e+08,-7.7696414100e+08,1.4582448684e+07
195,7.0200000000e+05,1,1.4607734174e+11,-3.6981678098e+10,1.5813075911e+07
195,7.0200000000e+05,2,1.4579403541e+11,-3.6742907668e+10,2.1473556372e+07
196,7.0560000000e+05,0,-2.0620356854e+08,-7.7694984523e+08,1.4581644445e+07
196,7.0560000000e+05,1,1.4610139785e+11,-3.6877922933e+10,1.5810078749e+07
196,7.0560000000e+05,2,1.4581557923e+11,-3.6642019705e+10,2.1125784429e+07
197,7.0920000000e+05,0,-2.0616507087e+08,-7.7693554950e+08,1.4580840205e+07
197,7.0920000000e+05,1,1.4612538007e+11,-3.6774149330e+10,1.5807087604e+07
197,7.0920000000e+05,2,1.4583707816e+11,-3.6541137531e+10,2.0777469837e+07
198,7.1280000000e+05,0,-2.0612657298e+08,-7.7692125384e+08,1.4580035966e+07
198,7.1280000000e+05,1,1.4614928839e+11,-3.6670357344e+10,1.5804102042e+07
198,7.1280000000e+05,2,1.4585853243e+11,-3.6440260886e+10,2.0428648173e+07
199,7.1640000000e+05,0,-2.0608807487e+08,-7.7690695822e+08,1.4579231726e+07
199,7.1640000000e+05,1,1.4617312278e+11,-3.6566547030e+10,1.5801121626e+07
199,7.1640000000e+05,2,1.4587994225e+11,-3.6339389506e+10,2.0079355021e+07
200,7.2000000000e+05,0,-2.0604957653e+08,-7.7689266267e+08,1.4578427487e+07
200,7.2000000000e+05,1,1.4619688323e+11,-3.6462718444e+10,1.5798145924e+07
200,7.2000000000e+05,2,1.4590130782e+11,-3.6238523128e+10,1.9729625970e+07
201,7.2360000000e+05,0,-2.0601107797e+08,-7.7687836716e+08,1.4577623247e+07
201,7.2360000000e+05,1,1.4622056972e+11,-3.6358871641e+10,1.5795174501e+07
201,7.2360000000e+05,2,1.4592262935e+11,-3.6137661483e+10,1.9379496605e+07
202,7.2720000000e+05,0,-2.0597257918e+08,-7.7686407172e+08,1.4576819008e+07
202,7.2720000000e+05,1,1.4624418224e+11,-3.6255006678e+10,1.5792206922e+07
202,7.2720000000e+05,2,1.4594390704e+11,-3.6036804301e+10,1.9029002502e+07
203,7.3080000000e+05,0,-2.0593408017e+08,-7.7684977632e+08,1.4576014769e+07
203,7.3080000000e+05,1,1.4626772077e+11,-3.6151123609e+10,1.5789242753e+07
203,7.3080000000e+05,2,1.4596514109e+11,-3.5935951312e+10,1.8678179227e+07
204,7.3440000000e+05,0,-2.0589558094e+08,-7.7683548098e+08,1.4575210529e+07
204,7.3440000000e+05,1,1.4629118529e+11,-3.6047222491e+10,1.5786281561e+07
204,7.3440000000e+05,2,1.4598633168e+11,-3.5835102242e+10,1.8327062324e+07
205,7.3800000000e+05,0,-2.0585708148e+08,-7.7682118570e+08,1.4574406290e+07
205,7.3800000000e+05,1,1.4631457578e+11,-3.5943303378e+10,1.5783322911e+07
205,7.3800000000e+05,2,1.4600747902e+11,-3.5734256815e+10,1.7975687317e+07
206,7.4160000000e+05,0,-2.0581858180e+08,-7.7680689046e+08,1.4573602050e+07
206,7.4160000000e+05,1,1.4633789224e+11,-3.5839366327e+10,1.5780366370e+07
206,7.4160000000e+05,2,1.4602858328e+11,-3.5633414754e+10,1.7624089699e+07
207,7.4520000000e+05,0,-2.0578008189e+08,-7.7679259528e+08,1.4572797811e+07
207,7.4520000000e+05,1,1.4636113463e+11,-3.5735411393e+10,1.5777411505e+07
207,7.4520000000e+05,2,1.4604964464e+11,-3.5532575780e+10,1.7272304934e+07
208,7.4880000000e+05,0,-2.0574158176e+08,-7.7677830016e+08,1.4571993571e+07
208,7.4880000000e+05,1,1.4638430295e+11,-3.5631438632e+10,1.5774457884e+07
208,7.4880000000e+05,2,1.4607066329e+11,-3.5431739610e+10,1.6920368442e+07
209,7.5240000000e+05,0,-2.0570308141e+08,-7.7676400509e+08,1.4571189332e+07
209,7.5240000000e+05,1,1.4640739719e+11,-3.5527448101e+10,1.5771505075e+07
209,7.5240000000e+05,2,1.4609163940e+11,-3.5330905963e+10,1.6568315604e+07
210,7.5600000000e+05,0,-2.0566458083e+08,-7.7674971007e+08,1.4570385093e+07
210,7.5600000000e+05,1,1.4643041731e+11,-3.5423439854e+10,1.5768552647e+07
210,7.5600000000e+05,2,1.4611257313e+11,-3.5230074554e+10,1.6216181751e+07
211,7.5960000000e+05,0,-2.0562608003e+08,-7.7673541510e+08,1.4569580853e+07
211,7.5960000000e+05,1,1.4645336331e+11,-3.5319413947e+10,1.5765600168e+07
211,7.5960000000e+05,2,1.4613346466e+11,-3.5129245096e+10,1.5864002160e+07
212,7.6320000000e+05,0,-2.0558757900e+08,-7.7672112019e+08,1.4568776614e+07
212,7.6320000000e+05,1,1.4647623518e+11,-3.5215370438e+10,1.5762647210e+07
212,7.6320000000e+05,2,1.4615431414e+11,-3.5028417302e+10,1.5511812051e+07
213,7.6680000000e+05,0,-2.0554907775e+08,-7.7670682533e+08,1.4567972374e+07
213,7.6680000000e+05,1,1.4649903289e+11,-3.5111309381e+10,1.5759693342e+07
213,7.6680000000e+05,2,1.4617512174e+11,-3.4927590881e+10,1.5159646582e+07
214,7.7040000000e+05,0,-2.0551057628e+08,-7.7669253052e+08,1.4567168135e+07
214,7.7040000000e+05,1,1.4652175643e+11,-3.5007230832e+10,1.5756738136e+07
214,7.7040000000e+05,2,1.4619588761e+11,-3.4826765544e+10,1.4807540840e+07
215,7.7400000000e+05,0,-2.0547207458e+08,-7.7667823576e+08,1.4566363895e+07
215,7.7400000000e+05,1,1.4654440578e+11,-3.4903134848e+10,1.5753781165e+07
215,7.7400000000e+05,2,1.4621661189e+11,-3.4725940997e+10,1.4455529841e+07
216,7.7760000000e+05,0,-2.0543357266e+08,-7.7666394106e+08,1.4565559656e+07
216,7.7760000000e+05,1,1.4656698093e+11,-3.4799021484e+10,1.5750822003e+07
216,7.7760000000e+05,2,1.4623729474e+11,-3.4625116946e+10,1.4103648525e+07
217,7.8120000000e+05,0,-2.0539507051e+08,-7.7664964641e+08,1.4564755417e+07
217,7.8120000000e+05,1,1.4658948187e+11,-3.4694890797e+10,1.5747860224e+07
217,7.8120000000e+05,2,1.4625793630e+11,-3.4524293097e+10,1.3751931746e+07
218,7.8480000000e+05,0,-2.0535656814e+08,-7.7663535181e+08,1.4563951177e+07
218,7.8480000000e+05,1,1.4661190857e+11,-3.4590742842e+10,1.5744895404e+07
218,7.8480000000e+05,2,1.4627853670e+11,-3.4423469153e+10,1.3400414274e+07
219,7.8840000000e+05,0,-2.0531806554e+08,-7.7662105726e+08,1.4563146938e+07
219,7.8840000000e+05,1,1.4663426102e+11,-3.4486577676e+10,1.5741927118e+07
219,7.8840000000e+05,2,1.4629909609e+11,-3.4322644817e+10,1.3049130788e+07
220,7.9200000000e+05,0,-2.0527956272e+08,-7.7660676277e+08,1.4562342698e+07
220,7.9200000000e+05,1,1.4665653921e+11,-3.4382395355e+10,1.5738954946e+07
220,7.9200000000e+05,2,1.4631961458e+11,-3.4221819788e+10,1.2698115867e+07
221,7.9560000000e+05,0,-2.0524105967e+08,-7.7659246832e+08,1.4561538459e+07
221,7.9560000000e+05,1,1.4667874312e+11,-3.4278195936e+10,1.5735978466e+07
221,7.9560000000e+05,2,1.4634009232e+11,-3.4120993768e+10,1.2347403993e+07
222,7.9920000000e+05,0,-2.0520255640e+08,-7.7657817393e+08,1.4560734220e+07
222,7.9920000000e+05,1,1.4670087274e+11,-3.4173979473e+10,1.5732997259e+07
222,7.9920000000e+05,2,1.4636052941e+11,-3.4020166455e+10,1.1997029540e+07
223,8.0280000000e+05,0,-2.0516405291e+08,-7.7656387958e+08,1.4559929980e+07
223,8.0280000000e+05,1,1.4672292805e+11,-3.4069746024e+10,1.5730010907e+07
223,8.0280000000e+05,2,1.4638092598e+11,-3.3919337548e+10,1.1647026774e+07
224,8.0640000000e+05,0,-2.0512554919e+08,-7.7654958529e+08,1.4559125741e+07
224,8.0640000000e+05,1,1.4674490903e+11,-3.3965495644e+10,1.5727018992e+07
224,8.0640000000e+05,2,1.4640128215e+11,-3.3818506742e+10,1.1297429846e+07
225,8.1000000000e+05,0,-2.0508704524e+08,-7.7653529105e+08,1.4558321501e+07
225,8.1000000000e+05,1,1.4676681568e+11,-3.3861228391e+10,1.5724021100e+07
225,8.1000000000e+05,2,1.4642159802e+11,-3.3717673734e+10,1.0948272787e+07
226,8.1360000000e+05,0,-2.0504854107e+08,-7.7652099686e+08,1.4557517262e+07
226,8.1360000000e+05,1,1.4678864797e+11,-3.3756944320e+10,1.5721016816e+07
226,8.1360000000e+05,2,1.4644187371e+11,-3.3616838220e+10,1.0599589508e+07
227,8.1720000000e+05,0,-2.0501003668e+08,-7.7650670272e+08,1.4556713023e+07
227,8.1720000000e+05,1,1.4681040589e+11,-3.3652643487e+10,1.5718005729e+07
227,8.1720000000e+05,2,1.4646210930e+11,-3.3515999893e+10,1.0251413789e+07
228,8.2080000000e+05,0,-2.0497153206e+08,-7.7649240863e+08,1.4555908783e+07
228,8.2080000000e+05,1,1.4683208943e+11,-3.3548325949e+10,1.5714987427e+07
228,8.2080000000e+05,2,1.4648230491e+11,-3.3415158447e+10,9.9037792818e+06
229,8.2440000000e+05,0,-2.0493302721e+08,-7.7647811459e+08,1.4555104544e+07
229,8.2440000000e+05,1,1.4685369857e+11,-3.3443991762e+10,1.5711961502e+07
229,8.2440000000e+05,2,1.4650246062e+11,-3.3314313576e+10,9.5567194995e+06
230,8.2800000000e+05,0,-2.0489452214e+08,-7.7646382060e+08,1.4554300304e+07
230,8.2800000000e+05,1,1.4687523330e+11,-3.3339640983e+10,1.5708927547e+07
230,8.2800000000e+05,2,1.4652257654e+11,-3.3213464970e+10,9.2102678170e+06
231,8.3160000000e+05,0,-2.0485601685e+08,-7.7644952666e+08,1.4553496065e+07
231,8.3160000000e+05,1,1.4689669360e+11,-3.3235273668e+10,1.5705885156e+07
231,8.3160000000e+05,2,1.4654265273e+11,-3.3112612322e+10,8.8644574647e+06
232,8.3520000000e+05,0,-2.0481751133e+08,-7.7643523277e+08,1.4552691826e+07
232,8.3520000000e+05,1,1.4691807946e+11,-3.3130889873e+10,1.5702833924e+07
232,8.3520000000e+05,2,1.4656268929e+11,-3.3011755323e+10,8.5193215251e+06
233,8.3880000000e+05,0,-2.0477900559e+08,-7.7642093893e+08,1.4551887586e+07
233,8.3880000000e+05,1,1.4693939086e+11,-3.3026489655e+10,1.5699773452e+07
233,8.3880000000e+05,2,1.4658268630e+11,-3.2910893664e+10,8.1748929283e+06
234,8.4240000000e+05,0,-2.0474049962e+08,-7.7640664514e+08,1.4551083347e+07
234,8.4240000000e+05,1,1.4696062780e+11,-3.2922073071e+10,1.5696703338e+07
234,8.4240000000e+05,2,1.4660264382e+11,-3.2810027035e+10,7.8312044487e+06
235,8.4600000000e+05,0,-2.0470199342e+08,-7.7639235140e+08,1.4550279108e+07
235,8.4600000000e+05,1,1.4698179025e+11,-3.2817640175e+10,1.5693623185e+07
235,8.4600000000e+05,2,1.4662256193e+11,-3.2709155125e+10,7.4882887008e+06
236,8.4960000000e+05,0,-2.0466348700e+08,-7.7637805771e+08,1.4549474868e+07
236,8.4960000000e+05,1,1.4700287820e+11,-3.2713191026e+10,1.5690532597e+07
236,8.4960000000e+05,2,1.4664244070e+11,-3.2608277624e+10,7.1461781355e+06
237,8.5320000000e+05,0,-2.0462498036e+08,-7.7636376406e+08,1.4548670629e+07
237,8.5320000000e+05,1,1.4702389165e+11,-3.2608725680e+10,1.5687431180e+07
237,8.5320000000e+05,2,1.4666228019e+11,-3.2507394221e+10,6.8049050363e+06
238,8.5680000000e+05,0,-2.0458647349e+08,-7.7634947047e+08,1.4547866389e+07
238,8.5680000000e+05,1,1.4704483056e+11,-3.2504244193e+10,1.5684318542e+07
238,8.5680000000e+05,2,1.4668208045e+11,-3.2406504605e+10,6.4645015156e+06
239,8.6040000000e+05,0,-2.0454796639e+08,-7.7633517692e+08,1.4547062150e+07
239,8.6040000000e+05,1,1.4706569494e+11,-3.2399746621e+10,1.5681194295e+07
239,8.6040000000e+05,2,1.4670184155e+11,-3.2305608465e+10,6.1249995110e+06
240,8.6400000000e+05,0,-2.0450945907e+08,-7.7632088342e+08,1.4546257911e+07
240,8.6400000000e+05,1,1.4708648477e+11,-3.2295233021e+10,1.5678058049e+07
240,8.6400000000e+05,2,1.4672156352e+11,-3.2204705490e+10,5.7864307821e+06
241,8.6760000000e+05,0,-2.0447095152e+08,-7.7630658997e+08,1.4545453671e+07
241,8.6760000000e+05,1,1.4710720003e+11,-3.2190703450e+10,1.5674909421e+07
241,8.6760000000e+05,2,1.4674124643e+11,-3.2103795367e+10,5.4488269064e+06
242,8.7120000000e+05,0,-2.0443244375e+08,-7.7629229657e+08,1.4544649432e+07
242,8.7120000000e+05,1,1.4712784071e+11,-3.2086157965e+10,1.5671748027e+07
242,8.7120000000e+05,2,1.4676089030e+11,-3.2002877786e+10,5.1122192765e+06
243,8.7480000000e+05,0,-2.0439393575e+08,-7.7627800321e+08,1.4543845193e+07
243,8.7480000000e+05,1,1.4714840679e+11,-3.1981596621e+10,1.5668573488e+07
243,8.7480000000e+05,2,1.4678049519e+11,-3.1901952435e+10,4.7766390963e+06
244,8.7840000000e+05,0,-2.0435542753e+08,-7.7626370991e+08,1.4543040953e+07
244,8.7840000000e+05,1,1.4716889827e+11,-3.1877019475e+10,1.5665385423e+07
244,8.7840000000e+05,2,1.4680006112e+11,-3.1801019003e+10,4.4421173778e+06
245,8.8200000000e+05,0,-2.0431691908e+08,-7.7624941665e+08,1.4542236714e+07
245,8.8200000000e+05,1,1.4718931514e+11,-3.1772426584e+10,1.5662183459e+07
245,8.8200000000e+05,2,1.4681958813e+11,-3.1700077178e+10,4.1086849377e+06
246,8.8560000000e+05,0,-2.0427841041e+08,-7.7623512344e+08,1.4541432474e+07
246,8.8560000000e+05,1,1.4720965736e+11,-3.1667818005e+10,1.5658967222e+07
246,8.8560000000e+05,2,1.4683907624e+11,-3.1599126649e+10,3.7763723945e+06
247,8.8920000000e+05,0,-2.0423990151e+08,-7.7622083027e+08,1.4540628235e+07
247,8.8920000000e+05,1,1.4722992495e+11,-3.1563193794e+10,1.5655736340e+07
247,8.8920000000e+05,2,1.4685852547e+11,-3.1498167105e+10,3.4452101654e+06
248,8.9280000000e+05,0,-2.0420139238e+08,-7.7620653716e+08,1.4539823996e+07
248,8.9280000000e+05,1,1.4725011787e+11,-3.1458554008e+10,1.5652490445e+07
248,8.9280000000e+05,2,1.4687793585e+11,-3.1397198236e+10,3.1152284629e+06
249,8.9640000000e+05,0,-2.0416288303e+08,-7.7619224409e+08,1.4539019756e+07
249,8.9640000000e+05,1,1.4727023612e+11,-3.1353898703e+10,1.5649229172e+07
249,8.9640000000e+05,2,1.4689730740e+11,-3.1296219731e+10,2.7864572920e+06
250,9.0000000000e+05,0,-2.0412437346e+08,-7.7617795106e+08,1.4538215517e+07
250,9.0000000000e+05,1,1.4729027969e+11,-3.1249227936e+10,1.5645952157e+07
250,9.0000000000e+05,2,1.4691664011e+11,-3.1195231281e+10,2.4589264473e+06
251,9.0360000000e+05,0,-2.0408586365e+08,-7.7616365809e+08,1.4537411278e+07
251,9.0360000000e+05,1,1.4731024856e+11,-3.1144541763e+10,1.5642659040e+07
251,9.0360000000e+05,2,1.4693593401e+11,-3.1094232575e+10,2.1326655102e+06
252,9.0720000000e+05,0,-2.0404735362e+08,-7.7614936516e+08,1.4536607038e+07
252,9.0720000000e+05,1,1.4733014272e+11,-3.1039840242e+10,1.5639349463e+07
252,9.0720000000e+05,2,1.4695518909e+11,-3.0993223305e+10,1.8077038460e+06
253,9.1080000000e+05,0,-2.0400884337e+08,-7.7613507227e+08,1.4535802799e+07
253,9.1080000000e+05,1,1.4734996216e+11,-3.0935123428e+10,1.5636023070e+07
253,9.1080000000e+05,2,1.4697440535e+11,-3.0892203161e+10,1.4840706012e+06
254,9.1440000000e+05,0,-2.0397033289e+08,-7.7612077943e+08,1.4534998560e+07
254,9.1440000000e+05,1,1.4736970686e+11,-3.0830391379e+10,1.5632679510e+07
254,9.1440000000e+05,2,1.4699358280e+11,-3.0791171836e+10,1.1617947009e+06
255,9.1800000000e+05,0,-2.0393182218e+08,-7.7610648664e+08,1.4534194320e+07
255,9.1800000000e+05,1,1.4738937682e+11,-3.0725644152e+10,1.5629318432e+07
255,9.1800000000e+05,2,1.4701272142e+11,-3.0690129022e+10,8.4090484603e+05
256,9.2160000000e+05,0,-2.0389331125e+08,-7.7609219390e+08,1.4533390081e+07
256,9.2160000000e+05,1,1.4740897202e+11,-3.0620881801e+10,1.5625939489e+07
256,9.2160000000e+05,2,1.4703182120e+11,-3.0589074413e+10,5.2142951114e+05
257,9.2520000000e+05,0,-2.0385480009e+08,-7.7607790120e+08,1.4532585842e+07
257,9.2520000000e+05,1,1.4742849244e+11,-3.0516104386e+10,1.5622542338e+07
257,9.2520000000e+05,2,1.4705088213e+11,-3.0488007701e+10,2.0339694171e+05
258,9.2880000000e+05,0,-2.0381628871e+08,-7.7606360854e+08,1.4531781602e+07
258,9.2880000000e+05,1,1.4744793808e+11,-3.0411311961e+10,1.5619126636e+07
258,9.2880000000e+05,2,1.4706990419e+11,-3.0386928581e+10,-1.1316484817e+05
259,9.3240000000e+05,0,-2.0377777710e+08,-7.7604931593e+08,1.4530977363e+07
259,9.3240000000e+05,1,1.4746730893e+11,-3.0306504584e+10,1.5615692046e+07
259,9.3240000000e+05,2,1.4708888736e+11,-3.0285836749e+10,-4.2822807811e+05
260,9.3600000000e+05,0,-2.0373926526e+08,-7.7603502337e+08,1.4530173124e+07
260,9.3600000000e+05,1,1.4748660497e+11,-3.0201682311e+10,1.5612238232e+07
260,9.3600000000e+05,2,1.4710783162e+11,-3.0184731900e+10,-7.4176520369e+05
261,9.3960000000e+05,0,-2.0370075320e+08,-7.7602073085e+08,1.4529368884e+07
261,9.3960000000e+05,1,1.4750582619e+11,-3.0096845200e+10,1.5608764861e+07
261,9.3960000000e+05,2,1.4712673692e+11,-3.0083613732e+10,-1.0537489186e+06
262,9.4320000000e+05,0,-2.0366224091e+08,-7.7600643838e+08,1.4528564645e+07
262,9.4320000000e+05,1,1.4752497257e+11,-2.9991993306e+10,1.5605271604e+07
262,9.4320000000e+05,2,1.4714560325e+11,-2.9982481941e+10,-1.3641521569e+06
263,9.4680000000e+05,0,-2.0362372840e+08,-7.7599214595e+08,1.4527760406e+07
263,9.4680000000e+05,1,1.4754404412e+11,-2.9887126686e+10,1.5601758134e+07
263,9.4680000000e+05,2,1.4716443056e+11,-2.9881336227e+10,-1.6729480947e+06
264,9.5040000000e+05,0,-2.0358521565e+08,-7.7597785356e+08,1.4526956166e+07
264,9.5040000000e+05,1,1.4756304081e+11,-2.9782245398e+10,1.5598224127e+07
264,9.5040000000e+05,2,1.4718321882e+11,-2.9780176288e+10,-1.9801101528e+06
265,9.5400000000e+05,0,-2.0354670269e+08,-7.7596356122e+08,1.4526151927e+07
265,9.5400000000e+05,1,1.4758196263e+11,-2.9677349497e+10,1.5594669263e+07
265,9.5400000000e+05,2,1.4720196798e+11,-2.9679001826e+10,-2.2856119978e+06
266,9.5760000000e+05,0,-2.0350818949e+08,-7.7594926893e+08,1.4525347687e+07
266,9.5760000000e+05,1,1.4760080957e+11,-2.9572439040e+10,1.5591093224e+07
266,9.5760000000e+05,2,1.4722067799e+11,-2.9577812542e+10,-2.5894275447e+06
267,9.6120000000e+05,0,-2.0346967607e+08,-7.7593497667e+08,1.4524543448e+07
267,9.6120000000e+05,1,1.4761958163e+11,-2.9467514085e+10,1.5587495696e+07
267,9.6120000000e+05,2,1.4723934881e+11,-2.9476608138e+10,-2.8915309581e+06
268,9.6480000000e+05,0,-2.0343116243e+08,-7.7592068447e+08,1.4523739209e+07
268,9.6480000000e+05,1,1.4763827878e+11,-2.9362574687e+10,1.5583876367e+07
268,9.6480000000e+05,2,1.4725798037e+11,-2.9375388319e+10,-3.1918966542e+06
269,9.6840000000e+05,0,-2.0339264855e+08,-7.7590639230e+08,1.4522934969e+07
269,9.6840000000e+05,1,1.4765690102e+11,-2.9257620903e+10,1.5580234930e+07
269,9.6840000000e+05,2,1.4727657263e+11,-2.9274152788e+10,-3.4904993025e+06
270,9.7200000000e+05,0,-2.0335413445e+08,-7.7589210018e+08,1.4522130730e+07
270,9.7200000000e+05,1,1.4767544834e+11,-2.9152652790e+10,1.5576571078e+07
270,9.7200000000e+05,2,1.4729512552e+11,-2.9172901253e+10,-3.7873138273e+06
271,9.7560000000e+05,0,-2.0331562013e+08,-7.7587780810e+08,1.4521326491e+07
271,9.7560000000e+05,1,1.4769392072e+11,-2.9047670405e+10,1.5572884510e+07
271,9.7560000000e+05,2,1.4731363898e+11,-2.9071633420e+10,-4.0823154091e+06
272,9.7920000000e+05,0,-2.0327710557e+08,-7.7586351607e+08,1.4520522252e+07
272,9.7920000000e+05,1,1.4771231816e+11,-2.8942673803e+10,1.5569174927e+07
272,9.7920000000e+05,2,1.4733211294e+11,-2.8970348997e+10,-4.3754794863e+06
273,9.8280000000e+05,0,-2.0323859079e+08,-7.7584922408e+08,1.4519718012e+07
273,9.8280000000e+05,1,1.4773064064e+11,-2.8837663043e+10,1.5565442033e+07
273,9.8280000000e+05,2,1.4735054733e+11,-2.8869047695e+10,-4.6667817565e+06
274,9.8640000000e+05,0,-2.0320007579e+08,-7.7583493213e+08,1.4518913773e+07
274,9.8640000000e+05,1,1.4774888816e+11,-2.8732638180e+10,1.5561685536e+07
274,9.8640000000e+05,2,1.4736894208e+11,-2.8767729224e+10,-4.9561981776e+06
275,9.9000000000e+05,0,-2.0316156056e+08,-7.7582064023e+08,1.4518109534e+07
275,9.9000000000e+05,1,1.4776706070e+11,-2.8627599271e+10,1.5557905147e+07
275,9.9000000000e+05,2,1.4738729711e+11,-2.8666393296e+10,-5.2437049695e+06
276,9.9360000000e+05,0,-2.0312304510e+08,-7.7580634837e+08,1.4517305294e+07
276,9.9360000000e+05,1,1.4778515825e+11,-2.8522546372e+10,1.5554100579e+07
276,9.9360000000e+05,2,1.4740561233e+11,-2.8565039627e+10,-5.5292786150e+06
277,9.9720000000e+05,0,-2.0308452941e+08,-7.7579205655e+08,1.4516501055e+07
277,9.9720000000e+05,1,1.4780318079e+11,-2.8417479541e+10,1.5550271551e+07
277,9.9720000000e+05,2,1.4742388767e+11,-2.8463667929e+10,-5.8128958609e+06
278,1.0008000000e+06,0,-2.0304601350e+08,-7.7577776477e+08,1.4515696816e+07
278,1.0008000000e+06,1,1.4782112833e+11,-2.8312398833e+10,1.5546417782e+07
278,1.0008000000e+06,2,1.4744212304e+11,-2.8362277921e+10,-6.0945337194e+06
279,1.0044000000e+06,0,-2.0300749736e+08,-7.7576347303e+08,1.4514892576e+07
279,1.0044000000e+06,1,1.4783900085e+11,-2.8207304306e+10,1.5542538996e+07
279,1.0044000000e+06,2,1.4746031835e+11,-2.8260869320e+10,-6.3741694687e+06
280,1.0080000000e+06,0,-2.0296898099e+08,-7.7574918134e+08,1.4514088337e+07
280,1.0080000000e+06,1,1.4785679834e+11,-2.8102196016e+10,1.5538634920e+07
280,1.0080000000e+06,2,1.4747847350e+11,-2.8159441846e+10,-6.6517806544e+06
281,1.0116000000e+06,0,-2.0293046440e+08,-7.7573488969e+08,1.4513284098e+07
281,1.0116000000e+06,1,1.4787452079e+11,-2.7997074019e+10,1.5534705285e+07
281,1.0116000000e+06,2,1.4749658840e+11,-2.8057995220e+10,-6.9273450901e+06
282,1.0152000000e+06,0,-2.0289194758e+08,-7.7572059808e+08,1.4512479858e+07
282,1.0152000000e+06,1,1.4789216818e+11,-2.7891938373e+10,1.5530749825e+07
282,1.0152000000e+06,2,1.4751466296e+11,-2.7956529164e+10,-7.2008408582e+06
283,1.0188000000e+06,0,-2.0285343053e+08,-7.7570630651e+08,1.4511675619e+07
283,1.0188000000e+06,1,1.4790974052e+11,-2.7786789133e+10,1.5526768276e+07
283,1.0188000000e+06,2,1.4753269706e+11,-2.7855043402e+10,-7.4722463110e+06
284,1.0224000000e+06,0,-2.0281491326e+08,-7.7569201499e+08,1.4510871380e+07
284,1.0224000000e+06,1,1.4792723778e+11,-2.7681626356e+10,1.5522760379e+07
284,1.0224000000e+06,2,1.4755069060e+11,-2.7753537661e+10,-7.7415400712e+06
285,1.0260000000e+06,0,-2.0277639576e+08,-7.7567772350e+08,1.4510067140e+07
285,1.0260000000e+06,1,1.4794465996e+11,-2.7576450099e+10,1.5518725877e+07
285,1.0260000000e+06,2,1.4756864348e+11,-2.7652011668e+10,-8.0087010324e+06
286,1.0296000000e+06,0,-2.0273787803e+08,-7.7566343206e+08,1.4509262901e+07
286,1.0296000000e+06,1,1.4796200705e+11,-2.7471260419e+10,1.5514664518e+07
286,1.0296000000e+06,2,1.4758655558e+11,-2.7550465151e+10,-8.2737083601e+06
287,1.0332000000e+06,0,-2.0269936007e+08,-7.7564914065e+08,1.4508458662e+07
287,1.0332000000e+06,1,1.4797927903e+11,-2.7366057371e+10,1.5510576052e+07
287,1.0332000000e+06,2,1.4760442680e+11,-2.7448897843e+10,-8.5365414922e+06
288,1.0368000000e+06,0,-2.0266084189e+08,-7.7563484929e+08,1.4507654422e+07
288,1.0368000000e+06,1,1.4799647591e+11,-2.7260841012e+10,1.5506460232e+07
288,1.0368000000e+06,2,1.4762225700e+11,-2.7347309474e+10,-8.7971801390e+06
289,1.0404000000e+06,0,-2.0262232348e+08,-7.7562055797e+08,1.4506850183e+07
289,1.0404000000e+06,1,1.4801359766e+11,-2.7155611399e+10,1.5502316815e+07
289,1.0404000000e+06,2,1.4764004608e+11,-2.7245699780e+10,-9.0556042844e+06
290,1.0440000000e+06,0,-2.0258380484e+08,-7.7560626669e+08,1.4506045944e+07
290,1.0440000000e+06,1,1.4803064429e+11,-2.7050368588e+10,1.5498145563e+07
290,1.0440000000e+06,2,1.4765779392e+11,-2.7144068496e+10,-9.3117941856e+06
291,1.0476000000e+06,0,-2.0254528598e+08,-7.7559197545e+08,1.4505241704e+07
291,1.0476000000e+06,1,1.4804761577e+11,-2.6945112636e+10,1.5493946238e+07
291,1.0476000000e+06,2,1.4767550037e+11,-2.7042415360e+10,-9.5657303741e+06
292,1.0512000000e+06,0,-2.0250676689e+08,-7.7557768425e+08,1.4504437465e+07
292,1.0512000000e+06,1,1.4806451210e+11,-2.6839843599e+10,1.5489718609e+07
292,1.0512000000e+06,2,1.4769316533e+11,-2.6940740111e+10,-9.8173936553e+06
293,1.0548000000e+06,0,-2.0246824757e+08,-7.7556339308e+08,1.4503633226e+07
293,1.0548000000e+06,1,1.4808133327e+11,-2.6734561534e+10,1.5485462445e+07
293,1.0548000000e+06,2,1.4771078865e+11,-2.6839042492e+10,-1.0066765109e+07
294,1.0584000000e+06,0,-2.0242972802e+08,-7.7554910196e+08,1.4502828987e+07
294,1.0584000000e+06,1,1.4809807928e+11,-2.6629266497e+10,1.5481177520e+07
294,1.0584000000e+06,2,1.4772837021e+11,-2.6737322244e+10,-1.0313826091e+07
295,1.0620000000e+06,0,-2.0239120825e+08,-7.7553481088e+08,1.4502024747e+07
295,1.0620000000e+06,1,1.4811475010e+11,-2.6523958544e+10,1.5476863613e+07
295,1.0620000000e+06,2,1.4774590987e+11,-2.6635579114e+10,-1.0558558230e+07
296,1.0656000000e+06,0,-2.0235268825e+08,-7.7552051984e+08,1.4501220508e+07
296,1.0656000000e+06,1,1.4813134574e+11,-2.6418637732e+10,1.5472520503e+07
296,1.0656000000e+06,2,1.4776340748e+11,-2.6533812849e+10,-1.0800943431e+07
297,1.0692000000e+06,0,-2.0231416802e+08,-7.7550622884e+08,1.4500416269e+07
297,1.0692000000e+06,1,1.4814786618e+11,-2.6313304117e+10,1.5468147975e+07
297,1.0692000000e+06,2,1.4778086292e+11,-2.6432023196e+10,-1.1040963873e+07
298,1.0728000000e+06,0,-2.0227564757e+08,-7.7549193787e+08,1.4499612029e+07
298,1.0728000000e+06,1,1.4816431141e+11,-2.6207957756e+10,1.5463745815e+07
298,1.0728000000e+06,2,1.4779827602e+11,-2.6330209907e+10,-1.1278602011e+07
299,1.0764000000e+06,0,-2.0223712688e+08,-7.7547764695e+08,1.4498807790e+07
299,1.0764000000e+06,1,1.4818068143e+11,-2.6102598705e+10,1.5459313816e+07
299,1.0764000000e+06,2,1.4781564666e+11,-2.6228372735e+10,-1.1513840573e+07
300,1.0800000000e+06,0,-2.0219860597e+08,-7.7546335606e+08,1.4498003551e+07
300,1.0800000000e+06,1,1.4819697623e+11,-2.5997227020e+10,1.5454851771e+07
300,1.0800000000e+06,2,1.4783297468e+11,-2.6126511434e+10,-1.1746662566e+07
301,1.0836000000e+06,0,-2.0216008484e+08,-7.7544906521e+08,1.4497199311e+07
301,1.0836000000e+06,1,1.4821319579e+11,-2.5891842758e+10,1.5450359478e+07
301,1.0836000000e+06,2,1.4785025992e+11,-2.6024625762e+10,-1.1977051266e+07
302,1.0872000000e+06,0,-2.0212156347e+08,-7.7543477441e+08,1.4496395072e+07
302,1.0872000000e+06,1,1.4822934011e+11,-2.5786445975e+10,1.5445836737e+07
302,1.0872000000e+06,2,1.4786750224e+11,-2.5922715476e+10,-1.2204990228e+07
303,1.0908000000e+06,0,-2.0208304188e+08,-7.7542048364e+08,1.4495590833e+07
303,1.0908000000e+06,1,1.4824540918e+11,-2.5681036727e+10,1.5441283354e+07
303,1.0908000000e+06,2,1.4788470148e+11,-2.5820780337e+10,-1.2430463280e+07
304,1.0944000000e+06,0,-2.0204452006e+08,-7.7540619290e+08,1.4494786594e+07
304,1.0944000000e+06,1,1.4826140299e+11,-2.5575615070e+10,1.5436699135e+07
304,1.0944000000e+06,2,1.4790185748e+11,-2.5718820108e+10,-1.2653454523e+07
305,1.0980000000e+06,0,-2.0200599801e+08,-7.7539190221e+08,1.4493982354e+07
305,1.0980000000e+06,1,1.4827732154e+11,-2.5470181062e+10,1.5432083893e+07
305,1.0980000000e+06,2,1.4791897007e+11,-2.5616834554e+10,-1.2873948334e+07
306,1.1016000000e+06,0,-2.0196747573e+08,-7.7537761155e+08,1.4493178115e+07
306,1.1016000000e+06,1,1.4829316480e+11,-2.5364734757e+10,1.5427437440e+07
306,1.1016000000e+06,2,1.4793603911e+11,-2.5514823442e+10,-1.3091929360e+07
307,1.1052000000e+06,0,-2.0192895323e+08,-7.7536332094e+08,1.4492373876e+07
307,1.1052000000e+06,1,1.4830893278e+11,-2.5259276213e+10,1.5422759596e+07
307,1.1052000000e+06,2,1.4795306441e+11,-2.5412786540e+10,-1.3307382524e+07
308,1.1088000000e+06,0,-2.0189043050e+08,-7.7534903035e+08,1.4491569636e+07
308,1.1088000000e+06,1,1.4832462547e+11,-2.5153805486e+10,1.5418050182e+07
308,1.1088000000e+06,2,1.4797004582e+11,-2.5310723619e+10,-1.3520293021e+07
309,1.1124000000e+06,0,-2.0185190754e+08,-7.7533473981e+08,1.4490765397e+07
309,1.1124000000e+06,1,1.4834024286e+11,-2.5048322631e+10,1.5413309021e+07
309,1.1124000000e+06,2,1.4798698316e+11,-2.5208634453e+10,-1.3730646318e+07
310,1.1160000000e+06,0,-2.0181338435e+08,-7.7532044930e+08,1.4489961158e+07
310,1.1160000000e+06,1,1.4835578493e+11,-2.4942827705e+10,1.5408535943e+07
310,1.1160000000e+06,2,1.4800387627e+11,-2.5106518816e+10,-1.3938428152e+07
311,1.1196000000e+06,0,-2.0177486093e+08,-7.7530615884e+08,1.4489156919e+07
311,1.1196000000e+06,1,1.4837125169e+11,-2.4837320765e+10,1.5403730777e+07
311,1.1196000000e+06,2,1.4802072496e+11,-2.5004376486e+10,-1.4143624535e+07
312,1.1232000000e+06,0,-2.0173633729e+08,-7.7529186840e+08,1.4488352679e+07
312,1.1232000000e+06,1,1.4838664312e+11,-2.4731801865e+10,1.5398893358e+07
312,1.1232000000e+06,2,1.4803752906e+11,-2.4902207242e+10,-1.4346221745e+07
313,1.1268000000e+06,0,-2.0169781342e+08,-7.7527757801e+08,1.4487548440e+07
313,1.1268000000e+06,1,1.4840195921e+11,-2.4626271063e+10,1.5394023526e+07
313,1.1268000000e+06,2,1.4805428840e+11,-2.4800010866e+10,-1.4546206335e+07
314,1.1304000000e+06,0,-2.0165928932e+08,-7.7526328765e+08,1.4486744201e+07
314,1.1304000000e+06,1,1.4841719996e+11,-2.4520728415e+10,1.5389121119e+07
314,1.1304000000e+06,2,1.4807100279e+11,-2.4697787141e+10,-1.4743565122e+07
315,1.1340000000e+06,0,-2.0162076500e+08,-7.7524899733e+08,1.4485939961e+07
315,1.1340000000e+06,1,1.4843236536e+11,-2.4415173977e+10,1.5384185984e+07
315,1.1340000000e+06,2,1.4808767205e+11,-2.4595535853e+10,-1.4938285196e+07
316,1.1376000000e+06,0,-2.0158224044e+08,-7.7523470704e+08,1.4485135722e+07
316,1.1376000000e+06,1,1.4844745540e+11,-2.4309607804e+10,1.5379217967e+07
316,1.1376000000e+06,2,1.4810429600e+11,-2.4493256791e+10,-1.5130353914e+07
317,1.1412000000e+06,0,-2.0154371566e+08,-7.7522041679e+08,1.4484331483e+07
317,1.1412000000e+06,1,1.4846247008e+11,-2.4204029953e+10,1.5374216920e+07
317,1.1412000000e+06,2,1.4812087444e+11,-2.4390949743e+10,-1.5319758899e+07
318,1.1448000000e+06,0,-2.0150519065e+08,-7.7520612657e+08,1.4483527244e+07
318,1.1448000000e+06,1,1.4847740938e+11,-2.4098440480e+10,1.5369182698e+07
318,1.1448000000e+06,2,1.4813740720e+11,-2.4288614504e+10,-1.5506488042e+07
319,1.1484000000e+06,0,-2.0146666541e+08,-7.7519183640e+08,1.4482723004e+07
319,1.1484000000e+06,1,1.4849227329e+11,-2.3992839441e+10,1.5364115157e+07
319,1.1484000000e+06,2,1.4815389408e+11,-2.4186250866e+10,-1.5690529500e+07
320,1.1520000000e+06,0,-2.0142813994e+08,-7.7517754625e+08,1.4481918765e+07
320,1.1520000000e+06,1,1.4850706182e+11,-2.3887226893e+10,1.5359014159e+07
320,1.1520000000e+06,2,1.4817033489e+11,-2.4083858628e+10,-1.5871871693e+07
321,1.1556000000e+06,0,-2.0138961425e+08,-7.7516325615e+08,1.4481114526e+07
321,1.1556000000e+06,1,1.4852177495e+11,-2.3781602890e+10,1.5353879567e+07
321,1.1556000000e+06,2,1.4818672943e+11,-2.3981437587e+10,-1.6050503309e+07
322,1.1592000000e+06,0,-2.0135108832e+08,-7.7514896607e+08,1.4480310286e+07
322,1.1592000000e+06,1,1.4853641267e+11,-2.3675967489e+10,1.5348711250e+07
322,1.1592000000e+06,2,1.4820307751e+11,-2.3878987546e+10,-1.6226413296e+07
323,1.1628000000e+06,0,-2.0131256217e+08,-7.7513467604e+08,1.4479506047e+07
323,1.1628000000e+06,1,1.4855097498e+11,-2.3570320746e+10,1.5343509077e+07
323,1.1628000000e+06,2,1.4821937893e+11,-2.3776508307e+10,-1.6399590866e+07
324,1.1664000000e+06,0,-2.0127403579e+08,-7.7512038604e+08,1.4478701808e+07
324,1.1664000000e+06,1,1.4856546186e+11,-2.3464662717e+10,1.5338272922e+07
324,1.1664000000e+06,2,1.4823563350e+11,-2.3673999676e+10,-1.6570025493e+07
325,1.1700000000e+06,0,-2.0123550918e+08,-7.7510609607e+08,1.4477897569e+07
325,1.1700000000e+06,1,1.4857987332e+11,-2.3358993458e+10,1.5333002664e+07
325,1.1700000000e+06,2,1.4825184101e+11,-2.3571461462e+10,-1.6737706911e+07
326,1.1736000000e+06,0,-2.0119698234e+08,-7.7509180614e+08,1.4477093329e+07
326,1.1736000000e+06,1,1.4859420935e+11,-2.3253313024e+10,1.5327698181e+07
326,1.1736000000e+06,2,1.4826800125e+11,-2.3468893473e+10,-1.6902625114e+07
327,1.1772000000e+06,0,-2.0115845528e+08,-7.7507751624e+08,1.4476289090e+07
327,1.1772000000e+06,1,1.4860846993e+11,-2.3147621473e+10,1.5322359357e+07
327,1.1772000000e+06,2,1.4828411403e+11,-2.3366295523e+10,-1.7064770355e+07
328,1.1808000000e+06,0,-2.0111992799e+08,-7.7506322637e+08,1.4475484851e+07
328,1.1808000000e+06,1,1.4862265506e+11,-2.3041918859e+10,1.5316986078e+07
328,1.1808000000e+06,2,1.4830017914e+11,-2.3263667426e+10,-1.7224133145e+07
329,1.1844000000e+06,0,-2.0108140046e+08,-7.7504893655e+08,1.4474680612e+07
329,1.1844000000e+06,1,1.4863676474e+11,-2.2936205238e+10,1.5311578235e+07
329,1.1844000000e+06,2,1.4831619637e+11,-2.3161008999e+10,-1.7380704252e+07
330,1.1880000000e+06,0,-2.0104287271e+08,-7.7503464675e+08,1.4473876372e+07
330,1.1880000000e+06,1,1.4865079895e+11,-2.2830480666e+10,1.5306135720e+07
330,1.1880000000e+06,2,1.4833216551e+11,-2.3058320060e+10,-1.7534474701e+07
331,1.1916000000e+06,0,-2.0100434474e+08,-7.7502035699e+08,1.4473072133e+07
331,1.1916000000e+06,1,1.4866475768e+11,-2.2724745200e+10,1.5300658430e+07
331,1.1916000000e+06,2,1.4834808635e+11,-2.2955600432e+10,-1.7685435769e+07
332,1.1952000000e+06,0,-2.0096581653e+08,-7.7500606726e+08,1.4472267894e+07
332,1.1952000000e+06,1,1.4867864094e+11,-2.2618998895e+10,1.5295146263e+07
332,1.1952000000e+06,2,1.4836395868e+11,-2.2852849939e+10,-1.7833578989e+07
333,1.1988000000e+06,0,-2.0092728809e+08,-7.7499177757e+08,1.4471463654e+07
333,1.1988000000e+06,1,1.4869244872e+11,-2.2513241806e+10,1.5289599121e+07
333,1.1988000000e+06,2,1.4837978228e+11,-2.2750068404e+10,-1.7978896147e+07
334,1.2024000000e+06,0,-2.0088875943e+08,-7.7497748791e+08,1.4470659415e+07
334,1.2024000000e+06,1,1.4870618100e+11,-2.2407473990e+10,1.5284016911e+07
334,1.2024000000e+06,2,1.4839555694e+11,-2.2647255658e+10,-1.8121379281e+07
335,1.2060000000e+06,0,-2.0085023054e+08,-7.7496319828e+08,1.4469855176e+07
335,1.2060000000e+06,1,1.4871983778e+11,-2.2301695501e+10,1.5278399540e+07
335,1.2060000000e+06,2,1.4841128245e+11,-2.2544411531e+10,-1.8261020677e+07
336,1.2096000000e+06,0,-2.0081170141e+08,-7.7494890868e+08,1.4469050937e+07
336,1.2096000000e+06,1,1.4873341906e+11,-2.2195906397e+10,1.5272746920e+07
336,1.2096000000e+06,2,1.4842695857e+11,-2.2441535854e+10,-1.8397812874e+07
337,1.2132000000e+06,0,-2.0077317206e+08,-7.7493461912e+08,1.4468246697e+07
337,1.2132000000e+06,1,1.4874692482e+11,-2.2090106733e+10,1.5267058965e+07
337,1.2132000000e+06,2,1.4844258510e+11,-2.2338628464e+10,-1.8531748658e+07
338,1.2168000000e+06,0,-2.0073464249e+08,-7.7492032959e+08,1.4467442458e+07
338,1.2168000000e+06,1,1.4876035506e+11,-2.1984296563e+10,1.5261335593e+07
338,1.2168000000e+06,2,1.4845816182e+11,-2.2235689197e+10,-1.8662821061e+07
339,1.2204000000e+06,0,-2.0069611268e+08,-7.7490604010e+08,1.4466638219e+07
339,1.2204000000e+06,1,1.4877370978e+11,-2.1878475945e+10,1.5255576725e+07
339,1.2204000000e+06,2,1.4847368849e+11,-2.2132717892e+10,-1.8791023364e+07
340,1.2240000000e+06,0,-2.0065758264e+08,-7.7489175063e+08,1.4465833980e+07
340,1.2240000000e+06,1,1.4878698896e+11,-2.1772644934e+10,1.5249782284e+07
340,1.2240000000e+06,2,1.4848916490e+11,-2.2029714393e+10,-1.8916349092e+07
341,1.2276000000e+06,0,-2.0061905238e+08,-7.7487746120e+08,1.4465029740e+07
341,1.2276000000e+06,1,1.4880019261e+11,-2.1666803584e+10,1.5243952197e+07
341,1.2276000000e+06,2,1.4850459082e+11,-2.1926678541e+10,-1.9038792012e+07
342,1.2312000000e+06,0,-2.0058052188e+08,-7.7486317180e+08,1.4464225501e+07
342,1.2312000000e+06,1,1.4881332071e+11,-2.1560951953e+10,1.5238086394e+07
342,1.2312000000e+06,2,1.4851996602e+11,-2.1823610185e+10,-1.9158346136e+07
343,1.2348000000e+06,0,-2.0054199116e+08,-7.7484888243e+08,1.4463421262e+07
343,1.2348000000e+06,1,1.4882637325e+11,-2.1455090095e+10,1.5232184807e+07
343,1.2348000000e+06,2,1.4853529028e+11,-2.1720509173e+10,-1.9275005718e+07
344,1.2384000000e+06,0,-2.0050346021e+08,-7.7483459310e+08,1.4462617022e+07
344,1.2384000000e+06,1,1.4883935024e+11,-2.1349218066e+10,1.5226247371e+07
344,1.2384000000e+06,2,1.4855056337e+11,-2.1617375355e+10,-1.9388765252e+07
345,1.2420000000e+06,0,-2.0046492903e+08,-7.7482030379e+08,1.4461812783e+07
345,1.2420000000e+06,1,1.4885225167e+11,-2.1243335922e+10,1.5220274026e+07
345,1.2420000000e+06,2,1.4856578506e+11,-2.1514208584e+10,-1.9499619469e+07
346,1.2456000000e+06,0,-2.0042639762e+08,-7.7480601452e+08,1.4461008544e+07
346,1.2456000000e+06,1,1.4886507752e+11,-2.1137443718e+10,1.5214264712e+07
346,1.2456000000e+06,2,1.4858095512e+11,-2.1411008717e+10,-1.9607563341e+07
347,1.2492000000e+06,0,-2.0038786598e+08,-7.7479172528e+08,1.4460204305e+07
347,1.2492000000e+06,1,1.4887782779e+11,-2.1031541510e+10,1.5208219375e+07
347,1.2492000000e+06,2,1.4859607331e+11,-2.1307775610e+10,-1.9712592076e+07
348,1.2528000000e+06,0,-2.0034933412e+08,-7.7477743607e+08,1.4459400065e+07
348,1.2528000000e+06,1,1.4889050248e+11,-2.0925629353e+10,1.5202137960e+07
348,1.2528000000e+06,2,1.4861113940e+11,-2.1204509124e+10,-1.9814701118e+07
349,1.2564000000e+06,0,-2.0031080202e+08,-7.7476314689e+08,1.4458595826e+07
349,1.2564000000e+06,1,1.4890310158e+11,-2.0819707303e+10,1.5196020419e+07
349,1.2564000000e+06,2,1.4862615315e+11,-2.1101209121e+10,-1.9913886145e+07
350,1.2600000000e+06,0,-2.0027226970e+08,-7.7474885774e+08,1.4457791587e+07
350,1.2600000000e+06,1,1.4891562509e+11,-2.0713775415e+10,1.5189866704e+07
350,1.2600000000e+06,2,1.4864111434e+11,-2.0997875466e+10,-2.0010143068e+07
351,1.2636000000e+06,0,-2.0023373714e+08,-7.7473456862e+08,1.4456987348e+07
351,1.2636000000e+06,1,1.4892807299e+11,-2.0607833744e+10,1.5183676771e+07
351,1.2636000000e+06,2,1.4865602271e+11,-2.0894508024e+10,-2.0103468032e+07
352,1.2672000000e+06,0,-2.0019520436e+08,-7.7472027953e+08,1.4456183108e+07
352,1.2672000000e+06,1,1.4894044528e+11,-2.0501882347e+10,1.5177450579e+07
352,1.2672000000e+06,2,1.4867087805e+11,-2.0791106666e+10,-2.0193857411e+07
353,1.2708000000e+06,0,-2.0015667135e+08,-7.7470599047e+08,1.4455378869e+07
353,1.2708000000e+06,1,1.4895274196e+11,-2.0395921277e+10,1.5171188089e+07
353,1.2708000000e+06,2,1.4868568010e+11,-2.0687671263e+10,-2.0281307810e+07
354,1.2744000000e+06,0,-2.0011813811e+08,-7.7469170145e+08,1.4454574630e+07
354,1.2744000000e+06,1,1.4896496303e+11,-2.0289950592e+10,1.5164889266e+07
354,1.2744000000e+06,2,1.4870042862e+11,-2.0584201687e+10,-2.0365816061e+07
355,1.2780000000e+06,0,-2.0007960464e+08,-7.7467741245e+08,1.4453770391e+07
355,1.2780000000e+06,1,1.4897710846e+11,-2.0183970346e+10,1.5158554077e+07
355,1.2780000000e+06,2,1.4871512338e+11,-2.0480697815e+10,-2.0447379225e+07
356,1.2816000000e+06,0,-2.0004107094e+08,-7.7466312348e+08,1.4452966151e+07
356,1.2816000000e+06,1,1.4898917827e+11,-2.0077980594e+10,1.5152182492e+07
356,1.2816000000e+06,2,1.4872976413e+11,-2.0377159525e+10,-2.0525994590e+07
357,1.2852000000e+06,0,-2.0000253701e+08,-7.7464883454e+08,1.4452161912e+07
357,1.2852000000e+06,1,1.4900117243e+11,-1.9971981393e+10,1.5145774483e+07
357,1.2852000000e+06,2,1.4874435063e+11,-2.0273586698e+10,-2.0601659665e+07
358,1.2888000000e+06,0,-1.9996400285e+08,-7.7463454564e+08,1.4451357673e+07
358,1.2888000000e+06,1,1.4901309096e+11,-1.9865972796e+10,1.5139330025e+07
358,1.2888000000e+06,2,1.4875888264e+11,-2.0169979215e+10,-2.0674372187e+07
359,1.2924000000e+06,0,-1.9992546846e+08,-7.7462025676e+08,1.4450553434e+07
359,1.2924000000e+06,1,1.4902493383e+11,-1.9759954860e+10,1.5132849098e+07
359,1.2924000000e+06,2,1.4877335991e+11,-2.0066336961e+10,-2.0744130113e+07
360,1.2960000000e+06,0,-1.9988693385e+08,-7.7460596791e+08,1.4449749194e+07
360,1.2960000000e+06,1,1.4903670106e+11,-1.9653927640e+10,1.5126331682e+07
360,1.2960000000e+06,2,1.4878778220e+11,-1.9962659825e+10,-2.0810931623e+07
361,1.2996000000e+06,0,-1.9984839900e+08,-7.7459167909e+08,1.4448944955e+07
361,1.2996000000e+06,1,1.4904839262e+11,-1.9547891191e+10,1.5119777760e+07
361,1.2996000000e+06,2,1.4880214925e+11,-1.9858947693e+10,-2.0874775116e+07
362,1.3032000000e+06,0,-1.9980986393e+08,-7.7457739029e+08,1.4448140716e+07
362,1.3032000000e+06,1,1.4906000852e+11,-1.9441845567e+10,1.5113187319e+07
362,1.3032000000e+06,2,1.4881646082e+11,-1.9755200460e+10,-2.0935659211e+07
363,1.3068000000e+06,0,-1.9977132862e+08,-7.7456310153e+08,1.4447336477e+07
363,1.3068000000e+06,1,1.4907154874e+11,-1.9335790826e+10,1.5106560348e+07
363,1.3068000000e+06,2,1.4883071667e+11,-1.9651418017e+10,-2.0993582743e+07
364,1.3104000000e+06,0,-1.9973279309e+08,-7.7454881280e+08,1.4446532237e+07
364,1.3104000000e+06,1,1.4908301329e+11,-1.9229727021e+10,1.5099896838e+07
364,1.3104000000e+06,2,1.4884491654e+11,-1.9547600261e+10,-2.1048544766e+07
365,1.3140000000e+06,0,-1.9969425733e+08,-7.7453452409e+08,1.4445727998e+07
365,1.3140000000e+06,1,1.4909440217e+11,-1.9123654207e+10,1.5093196783e+07
365,1.3140000000e+06,2,1.4885906019e+11,-1.9443747090e+10,-2.1100544548e+07
366,1.3176000000e+06,0,-1.9965572133e+08,-7.7452023541e+08,1.4444923759e+07
366,1.3176000000e+06,1,1.4910571535e+11,-1.9017572441e+10,1.5086460181e+07
366,1.3176000000e+06,2,1.4887314735e+11,-1.9339858405e+10,-2.1149581571e+07
367,1.3212000000e+06,0,-1.9961718511e+08,-7.7450594676e+08,1.4444119520e+07
367,1.3212000000e+06,1,1.4911695284e+11,-1.8911481777e+10,1.5079687032e+07
367,1.3212000000e+06,2,1.4888717779e+11,-1.9235934108e+10,-2.1195655532e+07
368,1.3248000000e+06,0,-1.9957864866e+08,-7.7449165814e+08,1.4443315280e+07
368,1.3248000000e+06,1,1.4912811464e+11,-1.8805382270e+10,1.5072877336e+07
368,1.3248000000e+06,2,1.4890115125e+11,-1.9131974103e+10,-2.1238766337e+07
369,1.3284000000e+06,0,-1.9954011198e+08,-7.7447736954e+08,1.4442511041e+07
369,1.3284000000e+06,1,1.4913920073e+11,-1.8699273976e+10,1.5066031100e+07
369,1.3284000000e+06,2,1.4891506748e+11,-1.9027978299e+10,-2.1278914105e+07
370,1.3320000000e+06,0,-1.9950157507e+08,-7.7446308098e+08,1.4441706802e+07
370,1.3320000000e+06,1,1.4915021112e+11,-1.8593156948e+10,1.5059148330e+07
370,1.3320000000e+06,2,1.4892892621e+11,-1.8923946603e+10,-2.1316099165e+07
371,1.3356000000e+06,0,-1.9946303793e+08,-7.7444879244e+08,1.4440902562e+07
371,1.3356000000e+06,1,1.4916114579e+11,-1.8487031244e+10,1.5052229036e+07
371,1.3356000000e+06,2,1.4894272721e+11,-1.8819878928e+10,-2.1350322053e+07
372,1.3392000000e+06,0,-1.9942450056e+08,-7.7443450392e+08,1.4440098323e+07
372,1.3392000000e+06,1,1.4917200475e+11,-1.8380896917e+10,1.5045273230e+07
372,1.3392000000e+06,2,1.4895647021e+11,-1.8715775187e+10,-2.1381583514e+07
373,1.3428000000e+06,0,-1.9938596296e+08,-7.7442021544e+08,1.4439294084e+07
373,1.3428000000e+06,1,1.4918278798e+11,-1.8274754022e+10,1.5038280928e+07
373,1.3428000000e+06,2,1.4897015495e+11,-1.8611635296e+10,-2.1409884497e+07
374,1.3464000000e+06,0,-1.9934742513e+08,-7.7440592698e+08,1.4438489845e+07
374,1.3464000000e+06,1,1.4919349549e+11,-1.8168602615e+10,1.5031252148e+07
374,1.3464000000e+06,2,1.4898378119e+11,-1.8507459173e+10,-2.1435226159e+07
375,1.3500000000e+06,0,-1.9930888708e+08,-7.7439163855e+08,1.4437685605e+07
375,1.3500000000e+06,1,1.4920412727e+11,-1.8062442750e+10,1.5024186908e+07
375,1.3500000000e+06,2,1.4899734866e+11,-1.8403246737e+10,-2.1457609858e+07
376,1.3536000000e+06,0,-1.9927034879e+08,-7.7437735014e+08,1.4436881366e+07
376,1.3536000000e+06,1,1.4921468331e+11,-1.7956274483e+10,1.5017085232e+07
376,1.3536000000e+06,2,1.4901085711e+11,-1.8298997912e+10,-2.1477037158e+07
377,1.3572000000e+06,0,-1.9923181027e+08,-7.7436306177e+08,1.4436077127e+07
377,1.3572000000e+06,1,1.4922516360e+11,-1.7850097869e+10,1.5009947145e+07
377,1.3572000000e+06,2,1.4902430627e+11,-1.8194712621e+10,-2.1493509824e+07
378,1.3608000000e+06,0,-1.9919327152e+08,-7.7434877341e+08,1.4435272888e+07
378,1.3608000000e+06,1,1.4923556816e+11,-1.7743912962e+10,1.5002772674e+07
378,1.3608000000e+06,2,1.4903769590e+11,-1.8090390792e+10,-2.1507029820e+07
379,1.3644000000e+06,0,-1.9915473255e+08,-7.7433448509e+08,1.4434468648e+07
379,1.3644000000e+06,1,1.4924589696e+11,-1.7637719817e+10,1.4995561849e+07
379,1.3644000000e+06,2,1.4905102572e+11,-1.7986032353e+10,-2.1517599311e+07
380,1.3680000000e+06,0,-1.9911619334e+08,-7.7432019679e+08,1.4433664409e+07
380,1.3680000000e+06,1,1.4925615000e+11,-1.7531518489e+10,1.4988314702e+07
380,1.3680000000e+06,2,1.4906429548e+11,-1.7881637235e+10,-2.1525220663e+07
381,1.3716000000e+06,0,-1.9907765390e+08,-7.7430590851e+08,1.4432860170e+07
381,1.3716000000e+06,1,1.4926632728e+11,-1.7425309034e+10,1.4981031268e+07
381,1.3716000000e+06,2,1.4907750493e+11,-1.7777205371e+10,-2.1529896435e+07
382,1.3752000000e+06,0,-1.9903911424e+08,-7.7429162026e+08,1.4432055931e+07
382,1.3752000000e+06,1,1.4927642880e+11,-1.7319091505e+10,1.4973711585e+07
382,1.3752000000e+06,2,1.4909065379e+11,-1.7672736696e+10,-2.1531629386e+07
383,1.3788000000e+06,0,-1.9900057434e+08,-7.7427733204e+08,1.4431251691e+07
383,1.3788000000e+06,1,1.4928645455e+11,-1.7212865958e+10,1.4966355691e+07
383,1.3788000000e+06,2,1.4910374180e+11,-1.7568231148e+10,-2.1530422470e+07
384,1.3824000000e+06,0,-1.9896203422e+08,-7.7426304384e+08,1.4430447452e+07
384,1.3824000000e+06,1,1.4929640453e+11,-1.7106632448e+10,1.4958963630e+07
384,1.3824000000e+06,2,1.4911676872e+11,-1.7463688667e+10,-2.1526278836e+07
385,1.3860000000e+06,0,-1.9892349386e+08,-7.7424875567e+08,1.4429643213e+07
385,1.3860000000e+06,1,1.4930627873e+11,-1.7000391029e+10,1.4951535445e+07
385,1.3860000000e+06,2,1.4912973426e+11,-1.7359109193e+10,-2.1519201824e+07
386,1.3896000000e+06,0,-1.9888495327e+08,-7.7423446752e+08,1.4428838974e+07
386,1.3896000000e+06,1,1.4931607714e+11,-1.6894141757e+10,1.4944071183e+07
386,1.3896000000e+06,2,1.4914263817e+11,-1.7254492671e+10,-2.1509194970e+07
387,1.3932000000e+06,0,-1.9884641246e+08,-7.7422017940e+08,1.4428034734e+07
387,1.3932000000e+06,1,1.4932579977e+11,-1.6787884685e+10,1.4936570893e+07
387,1.3932000000e+06,2,1.4915548019e+11,-1.7149839047e+10,-2.1496262000e+07
388,1.3968000000e+06,0,-1.9880787141e+08,-7.7420589130e+08,1.4427230495e+07
388,1.3968000000e+06,1,1.4933544661e+11,-1.6681619869e+10,1.4929034627e+07
388,1.3968000000e+06,2,1.4916826004e+11,-1.7045148268e+10,-2.1480406829e+07
389,1.4004000000e+06,0,-1.9876933014e+08,-7.7419160322e+08,1.4426426256e+07
389,1.4004000000e+06,1,1.4934501765e+11,-1.6575347364e+10,1.4921462438e+07
389,1.4004000000e+06,2,1.4918097748e+11,-1.6940420285e+10,-2.1461633566e+07
390,1.4040000000e+06,0,-1.9873078863e+08,-7.7417731517e+08,1.4425622017e+07
390,1.4040000000e+06,1,1.4935451289e+11,-1.6469067223e+10,1.4913854383e+07
390,1.4040000000e+06,2,1.4919363222e+11,-1.6835655050e+10,-2.1439946505e+07
391,1.4076000000e+06,0,-1.9869224690e+08,-7.7416302715e+08,1.4424817777e+07
391,1.4076000000e+06,1,1.4936393233e+11,-1.6362779503e+10,1.4906210521e+07
391,1.4076000000e+06,2,1.4920622401e+11,-1.6730852517e+10,-2.1415350129e+07
392,1.4112000000e+06,0,-1.9865370493e+08,-7.7414873914e+08,1.4424013538e+07
392,1.4112000000e+06,1,1.4937327596e+11,-1.6256484257e+10,1.4898530910e+07
392,1.4112000000e+06,2,1.4921875258e+11,-1.6626012643e+10,-2.1387849107e+07
393,1.4148000000e+06,0,-1.9861516274e+08,-7.7413445117e+08,1.4423209299e+07
393,1.4148000000e+06,1,1.4938254377e+11,-1.6150181540e+10,1.4890815616e+07
393,1.4148000000e+06,2,1.4923121767e+11,-1.6521135386e+10,-2.1357448297e+07
394,1.4184000000e+06,0,-1.9857662031e+08,-7.7412016321e+08,1.4422405060e+07
394,1.4184000000e+06,1,1.4939173577e+11,-1.6043871407e+10,1.4883064703e+07
394,1.4184000000e+06,2,1.4924361900e+11,-1.6416220707e+10,-2.1324152739e+07
395,1.4220000000e+06,0,-1.9853807765e+08,-7.7410587528e+08,1.4421600820e+07
395,1.4220000000e+06,1,1.4940085195e+11,-1.5937553913e+10,1.4875278238e+07
395,1.4220000000e+06,2,1.4925595632e+11,-1.6311268569e+10,-2.1287967658e+07
396,1.4256000000e+06,0,-1.9849953477e+08,-7.7409158737e+08,1.4420796581e+07
396,1.4256000000e+06,1,1.4940989231e+11,-1.5831229111e+10,1.4867456292e+07
396,1.4256000000e+06,2,1.4926822934e+11,-1.6206278936e+10,-2.1248898462e+07
397,1.4292000000e+06,0,-1.9846099165e+08,-7.7407729949e+08,1.4419992342e+07
397,1.4292000000e+06,1,1.4941885684e+11,-1.5724897057e+10,1.4859598936e+07
397,1.4292000000e+06,2,1.4928043782e+11,-1.6101251776e+10,-2.1206950745e+07
398,1.4328000000e+06,0,-1.9842244831e+08,-7.7406301163e+08,1.4419188103e+07
398,1.4328000000e+06,1,1.4942774553e+11,-1.5618557806e+10,1.4851706245e+07
398,1.4328000000e+06,2,1.4929258147e+11,-1.5996187056e+10,-2.1162130277e+07
399,1.4364000000e+06,0,-1.9838390473e+08,-7.7404872379e+08,1.4418383863e+07
399,1.4364000000e+06,1,1.4943655839e+11,-1.5512211411e+10,1.4843778296e+07
399,1.4364000000e+06,2,1.4930466003e+11,-1.5891084749e+10,-2.1114443012e+07
400,1.4400000000e+06,0,-1.9834536092e+08,-7.7403443597e+08,1.4417579624e+07
400,1.4400000000e+06,1,1.4944529541e+11,-1.5405857927e+10,1.4835815166e+07
400,1.4400000000e+06,2,1.4931667323e+11,-1.5785944827e+10,-2.1063895086e+07
401,1.4436000000e+06,0,-1.9830681689e+08,-7.7402014818e+08,1.4416775385e+07
401,1.4436000000e+06,1,1.4945395659e+11,-1.5299497409e+10,1.4827816938e+07
401,1.4436000000e+06,2,1.4932862080e+11,-1.5680767266e+10,-2.1010492810e+07
402,1.4472000000e+06,0,-1.9826827262e+08,-7.7400586041e+08,1.4415971146e+07
402,1.4472000000e+06,1,1.4946254192e+11,-1.5193129912e+10,1.4819783694e+07
402,1.4472000000e+06,2,1.4934050248e+11,-1.5575552042e+10,-2.0954242675e+07
403,1.4508000000e+06,0,-1.9822972812e+08,-7.7399157266e+08,1.4415166906e+07
403,1.4508000000e+06,1,1.4947105140e+11,-1.5086755489e+10,1.4811715519e+07
403,1.4508000000e+06,2,1.4935231799e+11,-1.5470299135e+10,-2.0895151352e+07
404,1.4544000000e+06,0,-1.9819118340e+08,-7.7397728493e+08,1.4414362667e+07
404,1.4544000000e+06,1,1.4947948503e+11,-1.4980374195e+10,1.4803612501e+07
404,1.4544000000e+06,2,1.4936406706e+11,-1.5365008527e+10,-2.0833225686e+07
405,1.4580000000e+06,0,-1.9815263844e+08,-7.7396299723e+08,1.4413558428e+07
405,1.4580000000e+06,1,1.4948784279e+11,-1.4873986085e+10,1.4795474730e+07
405,1.4580000000e+06,2,1.4937574943e+11,-1.5259680200e+10,-2.0768472699e+07
406,1.4616000000e+06,0,-1.9811409325e+08,-7.7394870954e+08,1.4412754189e+07
406,1.4616000000e+06,1,1.4949612470e+11,-1.4767591213e+10,1.4787302297e+07
406,1.4616000000e+06,2,1.4938736482e+11,-1.5154314140e+10,-2.0700899588e+07
407,1.4652000000e+06,0,-1.9807554783e+08,-7.7393442188e+08,1.4411949949e+07
407,1.4652000000e+06,1,1.4950433074e+11,-1.4661189634e+10,1.4779095296e+07
407,1.4652000000e+06,2,1.4939891296e+11,-1.5048910335e+10,-2.0630513728e+07
408,1.4688000000e+06,0,-1.9803700218e+08,-7.7392013424e+08,1.4411145710e+07
408,1.4688000000e+06,1,1.4951246091e+11,-1.4554781402e+10,1.4770853824e+07
408,1.4688000000e+06,2,1.4941039359e+11,-1.4943468773e+10,-2.0557322662e+07
409,1.4724000000e+06,0,-1.9799845630e+08,-7.7390584662e+08,1.4410341471e+07
409,1.4724000000e+06,1,1.4952051521e+11,-1.4448366570e+10,1.4762577979e+07
409,1.4724000000e+06,2,1.4942180642e+11,-1.4837989447e+10,-2.0481334113e+07
410,1.4760000000e+06,0,-1.9795991019e+08,-7.7389155903e+08,1.4409537232e+07
410,1.4760000000e+06,1,1.4952849363e+11,-1.4341945195e+10,1.4754267861e+07
410,1.4760000000e+06,2,1.4943315119e+11,-1.4732472350e+10,-2.0402555970e+07
411,1.4796000000e+06,0,-1.9792136386e+08,-7.7387727145e+08,1.4408732992e+07
411,1.4796000000e+06,1,1.4953639618e+11,-1.4235517329e+10,1.4745923572e+07
411,1.4796000000e+06,2,1.4944442764e+11,-1.4626917478e+10,-2.0320996300e+07
412,1.4832000000e+06,0,-1.9788281728e+08,-7.7386298389e+08,1.4407928753e+07
412,1.4832000000e+06,1,1.4954422284e+11,-1.4129083028e+10,1.4737545218e+07
412,1.4832000000e+06,2,1.4945563547e+11,-1.4521324828e+10,-2.0236663338e+07
413,1.4868000000e+06,0,-1.9784427048e+08,-7.7384869636e+08,1.4407124514e+07
413,1.4868000000e+06,1,1.4955197362e+11,-1.4022642345e+10,1.4729132905e+07
413,1.4868000000e+06,2,1.4946677443e+11,-1.4415694400e+10,-2.0149565489e+07
414,1.4904000000e+06,0,-1.9780572345e+08,-7.7383440884e+08,1.4406320275e+07
414,1.4904000000e+06,1,1.4955964851e+11,-1.3916195335e+10,1.4720686741e+07
414,1.4904000000e+06,2,1.4947784425e+11,-1.4310026195e+10,-2.0059711331e+07
415,1.4940000000e+06,0,-1.9776717619e+08,-7.7382012134e+08,1.4405516035e+07
415,1.4940000000e+06,1,1.4956724751e+11,-1.3809742052e+10,1.4712206837e+07
415,1.4940000000e+06,2,1.4948884464e+11,-1.4204320218e+10,-1.9967109609e+07
416,1.4976000000e+06,0,-1.9772862870e+08,-7.7380583387e+08,1.4404711796e+07
416,1.4976000000e+06,1,1.4957477061e+11,-1.3703282550e+10,1.4703693308e+07
416,1.4976000000e+06,2,1.4949977534e+11,-1.4098576473e+10,-1.9871769238e+07
417,1.5012000000e+06,0,-1.9769008098e+08,-7.7379154641e+08,1.4403907557e+07
417,1.5012000000e+06,1,1.4958221781e+11,-1.3596816884e+10,1.4695146266e+07
417,1.5012000000e+06,2,1.4951063607e+11,-1.3992794969e+10,-1.9773699301e+07
418,1.5048000000e+06,0,-1.9765153302e+08,-7.7377725898e+08,1.4403103318e+07
418,1.5048000000e+06,1,1.4958958912e+11,-1.3490345108e+10,1.4686565831e+07
418,1.5048000000e+06,2,1.4952142657e+11,-1.3886975716e+10,-1.9672909049e+07
419,1.5084000000e+06,0,-1.9761298484e+08,-7.7376297156e+08,1.4402299078e+07
419,1.5084000000e+06,1,1.4959688452e+11,-1.3383867276e+10,1.4677952120e+07
419,1.5084000000e+06,2,1.4953214655e+11,-1.3781118725e+10,-1.9569407899e+07
420,1.5120000000e+06,0,-1.9757443642e+08,-7.7374868417e+08,1.4401494839e+07
420,1.5120000000e+06,1,1.4960410401e+11,-1.3277383442e+10,1.4669305255e+07
420,1.5120000000e+06,2,1.4954279575e+11,-1.3675224009e+10,-1.9463205436e+07
421,1.5156000000e+06,0,-1.9753588778e+08,-7.7373439679e+08,1.4400690600e+07
421,1.5156000000e+06,1,1.4961124760e+11,-1.3170893660e+10,1.4660625359e+07
421,1.5156000000e+06,2,1.4955337390e+11,-1.3569291585e+10,-1.9354311409e+07
422,1.5192000000e+06,0,-1.9749733890e+08,-7.7372010943e+08,1.4399886361e+07
422,1.5192000000e+06,1,1.4961831527e+11,-1.3064397984e+10,1.4651912557e+07
422,1.5192000000e+06,2,1.4956388071e+11,-1.3463321471e+10,-1.9242735736e+07
423,1.5228000000e+06,0,-1.9745878980e+08,-7.7370582209e+08,1.4399082121e+07
423,1.5228000000e+06,1,1.4962530702e+11,-1.2957896470e+10,1.4643166977e+07
423,1.5228000000e+06,2,1.4957431592e+11,-1.3357313685e+10,-1.9128488497e+07
424,1.5264000000e+06,0,-1.9742024046e+08,-7.7369153477e+08,1.4398277882e+07
424,1.5264000000e+06,1,1.4963222286e+11,-1.2851389170e+10,1.4634388748e+07
424,1.5264000000e+06,2,1.4958467924e+11,-1.3251268251e+10,-1.9011579938e+07
425,1.5300000000e+06,0,-1.9738169089e+08,-7.7367724747e+08,1.4397473643e+07
425,1.5300000000e+06,1,1.4963906277e+11,-1.2744876138e+10,1.4625578001e+07
425,1.5300000000e+06,2,1.4959497042e+11,-1.3145185191e+10,-1.8892020468e+07
426,1.5336000000e+06,0,-1.9734314109e+08,-7.7366296019e+08,1.4396669404e+07
426,1.5336000000e+06,1,1.4964582676e+11,-1.2638357430e+10,1.4616734870e+07
426,1.5336000000e+06,2,1.4960518917e+11,-1.3039064531e+10,-1.8769820660e+07
427,1.5372000000e+06,0,-1.9730459106e+08,-7.7364867292e+08,1.4395865164e+07
427,1.5372000000e+06,1,1.4965251483e+11,-1.2531833098e+10,1.4607859490e+07
427,1.5372000000e+06,2,1.4961533522e+11,-1.2932906300e+10,-1.8644991251e+07
428,1.5408000000e+06,0,-1.9726604080e+08,-7.7363438567e+08,1.4395060925e+07
428,1.5408000000e+06,1,1.4965912696e+11,-1.2425303197e+10,1.4598951998e+07
428,1.5408000000e+06,2,1.4962540830e+11,-1.2826710527e+10,-1.8517543139e+07
429,1.5444000000e+06,0,-1.9722749031e+08,-7.7362009844e+08,1.4394256686e+07
429,1.5444000000e+06,1,1.4966566316e+11,-1.2318767781e+10,1.4590012534e+07
429,1.5444000000e+06,2,1.4963540813e+11,-1.2720477244e+10,-1.8387487385e+07
430,1.5480000000e+06,0,-1.9718893959e+08,-7.7360581123e+08,1.4393452447e+07
430,1.5480000000e+06,1,1.4967212343e+11,-1.2212226904e+10,1.4581041239e+07
430,1.5480000000e+06,2,1.4964533444e+11,-1.2614206484e+10,-1.8254835213e+07
431,1.5516000000e+06,0,-1.9715038864e+08,-7.7359152404e+08,1.4392648207e+07
431,1.5516000000e+06,1,1.4967850776e+11,-1.2105680620e+10,1.4572038256e+07
431,1.5516000000e+06,2,1.4965518696e+11,-1.2507898283e+10,-1.8119598006e+07
432,1.5552000000e+06,0,-1.9711183745e+08,-7.7357723686e+08,1.4391843968e+07
432,1.5552000000e+06,1,1.4968481615e+11,-1.1999128983e+10,1.4563003731e+07
432,1.5552000000e+06,2,1.4966496540e+11,-1.2401552679e+10,-1.7981787311e+07
433,1.5588000000e+06,0,-1.9707328604e+08,-7.7356294970e+08,1.4391039729e+07
433,1.5588000000e+06,1,1.4969104860e+11,-1.1892572047e+10,1.4553937811e+07
433,1.5588000000e+06,2,1.4967466950e+11,-1.2295169712e+10,-1.7841414832e+07
434,1.5624000000e+06,0,-1.9703473439e+08,-7.7354866256e+08,1.4390235490e+07
434,1.5624000000e+06,1,1.4969720510e+11,-1.1786009865e+10,1.4544840645e+07
434,1.5624000000e+06,2,1.4968429898e+11,-1.2188749424e+10,-1.7698492436e+07
435,1.5660000000e+06,0,-1.9699618252e+08,-7.7353437544e+08,1.4389431250e+07
435,1.5660000000e+06,1,1.4970328566e+11,-1.1679442492e+10,1.4535712384e+07
435,1.5660000000e+06,2,1.4969385357e+11,-1.2082291858e+10,-1.7553032148e+07
436,1.5696000000e+06,0,-1.9695763041e+08,-7.7352008833e+08,1.4388627011e+07
436,1.5696000000e+06,1,1.4970929027e+11,-1.1572869982e+10,1.4526553182e+07
436,1.5696000000e+06,2,1.4970333299e+11,-1.1975797060e+10,-1.7405046155e+07
437,1.5732000000e+06,0,-1.9691907807e+08,-7.7350580124e+08,1.4387822772e+07
437,1.5732000000e+06,1,1.4971521892e+11,-1.1466292388e+10,1.4517363194e+07
437,1.5732000000e+06,2,1.4971273697e+11,-1.1869265078e+10,-1.7254546800e+07
438,1.5768000000e+06,0,-1.9688052551e+08,-7.7349151416e+08,1.4387018533e+07
438,1.5768000000e+06,1,1.4972107163e+11,-1.1359709764e+10,1.4508142577e+07
438,1.5768000000e+06,2,1.4972206524e+11,-1.1762695961e+10,-1.7101546586e+07
439,1.5804000000e+06,0,-1.9684197271e+08,-7.7347722711e+08,1.4386214293e+07
439,1.5804000000e+06,1,1.4972684837e+11,-1.1253122164e+10,1.4498891489e+07
439,1.5804000000e+06,2,1.4973131751e+11,-1.1656089762e+10,-1.6946058177e+07
440,1.5840000000e+06,0,-1.9680341968e+08,-7.7346294006e+08,1.4385410054e+07
440,1.5840000000e+06,1,1.4973254916e+11,-1.1146529642e+10,1.4489610092e+07
440,1.5840000000e+06,2,1.4974049352e+11,-1.1549446533e+10,-1.6788094390e+07
441,1.5876000000e+06,0,-1.9676486641e+08,-7.7344865304e+08,1.4384605815e+07
441,1.5876000000e+06,1,1.4973817398e+11,-1.1039932252e+10,1.4480298549e+07
441,1.5876000000e+06,2,1.4974959299e+11,-1.1442766332e+10,-1.6627668205e+07
442,1.5912000000e+06,0,-1.9672631292e+08,-7.7343436603e+08,1.4383801576e+07
442,1.5912000000e+06,1,1.4974372285e+11,-1.0933330047e+10,1.4470957025e+07
442,1.5912000000e+06,2,1.4975861565e+11,-1.1336049214e+10,-1.6464792756e+07
443,1.5948000000e+06,0,-1.9668775920e+08,-7.7342007903e+08,1.4382997336e+07
443,1.5948000000e+06,1,1.4974919575e+11,-1.0826723082e+10,1.4461585686e+07
443,1.5948000000e+06,2,1.4976756122e+11,-1.1229295241e+10,-1.6299481335e+07
444,1.5984000000e+06,0,-1.9664920524e+08,-7.7340579205e+08,1.4382193097e+07
444,1.5984000000e+06,1,1.4975459268e+11,-1.0720111409e+10,1.4452184701e+07
444,1.5984000000e+06,2,1.4977642943e+11,-1.1122504474e+10,-1.6131747393e+07
445,1.6020000000e+06,0,-1.9661065106e+08,-7.7339150509e+08,1.4381388858e+07
445,1.6020000000e+06,1,1.4975991364e+11,-1.0613495083e+10,1.4442754241e+07
445,1.6020000000e+06,2,1.4978522000e+11,-1.1015676977e+10,-1.5961604534e+07
446,1.6056000000e+06,0,-1.9657209664e+08,-7.7337721814e+08,1.4380584618e+07
446,1.6056000000e+06,1,1.4976515863e+11,-1.0506874158e+10,1.4433294478e+07
446,1.6056000000e+06,2,1.4979393267e+11,-1.0908812815e+10,-1.5789066522e+07
447,1.6092000000e+06,0,-1.9653354199e+08,-7.7336293120e+08,1.4379780379e+07
447,1.6092000000e+06,1,1.4977032765e+11,-1.0400248687e+10,1.4423805587e+07
447,1.6092000000e+06,2,1.4980256715e+11,-1.0801912056e+10,-1.5614147274e+07
448,1.6128000000e+06,0,-1.9649498711e+08,-7.7334864429e+08,1.4378976140e+07
448,1.6128000000e+06,1,1.4977542069e+11,-1.0293618723e+10,1.4414287744e+07
448,1.6128000000e+06,2,1.4981112317e+11,-1.0694974770e+10,-1.5436860866e+07
449,1.6164000000e+06,0,-1.9645643200e+08,-7.7333435738e+08,1.4378171901e+07
449,1.6164000000e+06,1,1.4978043776e+11,-1.0186984321e+10,1.4404741128e+07
449,1.6164000000e+06,2,1.4981960046e+11,-1.0588001029e+10,-1.5257221528e+07
450,1.6200000000e+06,0,-1.9641787666e+08,-7.7332007049e+08,1.4377367661e+07
450,1.6200000000e+06,1,1.4978537885e+11,-1.0080345534e+10,1.4395165919e+07
450,1.6200000000e+06,2,1.4982799874e+11,-1.0480990907e+10,-1.5075243644e+07
451,1.6236000000e+06,0,-1.9637932109e+08,-7.7330578362e+08,1.4376563422e+07
451,1.6236000000e+06,1,1.4979024396e+11,-9.9737024153e+09,1.4385562299e+07
451,1.6236000000e+06,2,1.4983631775e+11,-1.0373944478e+10,-1.4890941755e+07
452,1.6272000000e+06,0,-1.9634076529e+08,-7.7329149675e+08,1.4375759183e+07
452,1.6272000000e+06,1,1.4979503308e+11,-9.8670550191e+09,1.4375930452e+07
452,1.6272000000e+06,2,1.4984455720e+11,-1.0266861822e+10,-1.4704330558e+07
453,1.6308000000e+06,0,-1.9630220925e+08,-7.7327720991e+08,1.4374954944e+07
453,1.6308000000e+06,1,1.4979974623e+11,-9.7604033988e+09,1.4366270564e+07
453,1.6308000000e+06,2,1.4985271682e+11,-1.0159743018e+10,-1.4515424901e+07
454,1.6344000000e+06,0,-1.9626365299e+08,-7.7326292307e+08,1.4374150704e+07
454,1.6344000000e+06,1,1.4980438338e+11,-9.6537476078e+09,1.4356582823e+07
454,1.6344000000e+06,2,1.4986079635e+11,-1.0052588148e+10,-1.4324239790e+07
455,1.6380000000e+06,0,-1.9622509649e+08,-7.7324863625e+08,1.4373346465e+07
455,1.6380000000e+06,1,1.4980894455e+11,-9.5470876998e+09,1.4346867419e+07
455,1.6380000000e+06,2,1.4986879550e+11,-9.9453972959e+09,-1.4130790384e+07
456,1.6416000000e+06,0,-1.9618653976e+08,-7.7323434945e+08,1.4372542226e+07
456,1.6416000000e+06,1,1.4981342974e+11,-9.4404237282e+09,1.4337124542e+07
456,1.6416000000e+06,2,1.4987671400e+11,-9.8381705472e+09,-1.3935091996e+07
457,1.6452000000e+06,0,-1.9614798280e+08,-7.7322006265e+08,1.4371737987e+07
457,1.6452000000e+06,1,1.4981783893e+11,-9.3337557465e+09,1.4327354388e+07
457,1.6452000000e+06,2,1.4988455159e+11,-9.7309079902e+09,-1.3737160092e+07
458,1.6488000000e+06,0,-1.9610942561e+08,-7.7320577587e+08,1.4370933747e+07
458,1.6488000000e+06,1,1.4982217212e+11,-9.2270838083e+09,1.4317557151e+07
458,1.6488000000e+06,2,1.4989230798e+11,-9.6236097147e+09,-1.3537010294e+07
459,1.6524000000e+06,0,-1.9607086819e+08,-7.7319148911e+08,1.4370129508e+07
459,1.6524000000e+06,1,1.4982642933e+11,-9.1204079670e+09,1.4307733029e+07
459,1.6524000000e+06,2,1.4989998291e+11,-9.5162758129e+09,-1.3334658375e+07
460,1.6560000000e+06,0,-1.9603231054e+08,-7.7317720235e+08,1.4369325269e+07
460,1.6560000000e+06,1,1.4983061054e+11,-9.0137282760e+09,1.4297882220e+07
460,1.6560000000e+06,2,1.4990757610e+11,-9.4089063788e+09,-1.3130120263e+07
461,1.6596000000e+06,0,-1.9599375265e+08,-7.7316291561e+08,1.4368521029e+07
461,1.6596000000e+06,1,1.4983471576e+11,-8.9070447888e+09,1.4288004926e+07
461,1.6596000000e+06,2,1.4991508728e+11,-9.3015015085e+09,-1.2923412037e+07
462,1.6632000000e+06,0,-1.9595519454e+08,-7.7314862888e+08,1.4367716790e+07
462,1.6632000000e+06,1,1.4983874497e+11,-8.8003575587e+09,1.4278101351e+07
462,1.6632000000e+06,2,1.4992251618e+11,-9.1940613002e+09,-1.2714549933e+07
463,1.6668000000e+06,0,-1.9591663619e+08,-7.7313434217e+08,1.4366912551e+07
463,1.6668000000e+06,1,1.4984269819e+11,-8.6936666392e+09,1.4268171698e+07
463,1.6668000000e+06,2,1.4992986253e+11,-9.0865858539e+09,-1.2503550335e+07
464,1.6704000000e+06,0,-1.9587807761e+08,-7.7312005546e+08,1.4366108312e+07
464,1.6704000000e+06,1,1.4984657541e+11,-8.5869720836e+09,1.4258216174e+07
464,1.6704000000e+06,2,1.4993712605e+11,-8.9790752721e+09,-1.2290429782e+07
465,1.6740000000e+06,0,-1.9583951880e+08,-7.7310576877e+08,1.4365304072e+07
465,1.6740000000e+06,1,1.4985037662e+11,-8.4802739453e+09,1.4248234989e+07
465,1.6740000000e+06,2,1.4994430647e+11,-8.8715296589e+09,-1.2075204966e+07
466,1.6776000000e+06,0,-1.9580095976e+08,-7.7309148209e+08,1.4364499833e+07
466,1.6776000000e+06,1,1.4985410184e+11,-8.3735722776e+09,1.4238228352e+07
466,1.6776000000e+06,2,1.4995140352e+11,-8.7639491208e+09,-1.1857892730e+07
467,1.6812000000e+06,0,-1.9576240049e+08,-7.7307719542e+08,1.4363695594e+07
467,1.6812000000e+06,1,1.4985775104e+11,-8.2668671337e+09,1.4228196476e+07
467,1.6812000000e+06,2,1.4995841693e+11,-8.6563337662e+09,-1.1638510068e+07
468,1.6848000000e+06,0,-1.9572384099e+08,-7.7306290877e+08,1.4362891355e+07
468,1.6848000000e+06,1,1.4986132425e+11,-8.1601585671e+09,1.4218139575e+07
468,1.6848000000e+06,2,1.4996534644e+11,-8.5486837055e+09,-1.1417074129e+07
469,1.6884000000e+06,0,-1.9568528125e+08,-7.7304862212e+08,1.4362087115e+07
469,1.6884000000e+06,1,1.4986482144e+11,-8.0534466309e+09,1.4208057866e+07
469,1.6884000000e+06,2,1.4997219176e+11,-8.4409990514e+09,-1.1193602211e+07
470,1.6920000000e+06,0,-1.9564672129e+08,-7.7303433549e+08,1.4361282876e+07
470,1.6920000000e+06,1,1.4986824263e+11,-7.9467313784e+09,1.4197951565e+07
470,1.6920000000e+06,2,1.4997895262e+11,-8.3332799185e+09,-1.0968111764e+07
471,1.6956000000e+06,0,-1.9560816109e+08,-7.7302004887e+08,1.4360478637e+07
471,1.6956000000e+06,1,1.4987158781e+11,-7.8400128628e+09,1.4187820894e+07
471,1.6956000000e+06,2,1.4998562877e+11,-8.2255264235e+09,-1.0740620390e+07
472,1.6992000000e+06,0,-1.9556960066e+08,-7.7300576225e+08,1.4359674397e+07
472,1.6992000000e+06,1,1.4987485699e+11,-7.7332911374e+09,1.4177666073e+07
472,1.6992000000e+06,2,1.4999221993e+11,-8.1177386852e+09,-1.0511145843e+07
473,1.7028000000e+06,0,-1.9553104000e+08,-7.7299147565e+08,1.4358870158e+07
473,1.7028000000e+06,1,1.4987805015e+11,-7.6265662552e+09,1.4167487327e+07
473,1.7028000000e+06,2,1.4999872582e+11,-8.0099168246e+09,-1.0279706025e+07
474,1.7064000000e+06,0,-1.9549247911e+08,-7.7297718906e+08,1.4358065919e+07
474,1.7064000000e+06,1,1.4988116729e+11,-7.5198382696e+09,1.4157284880e+07
474,1.7064000000e+06,2,1.5000514619e+11,-7.9020609646e+09,-1.0046318992e+07
475,1.7100000000e+06,0,-1.9545391798e+08,-7.7296290248e+08,1.4357261680e+07
475,1.7100000000e+06,1,1.4988420843e+11,-7.4131072336e+09,1.4147058960e+07
475,1.7100000000e+06,2,1.5001148075e+11,-7.7941712303e+09,-9.8110029486e+06
476,1.7136000000e+06,0,-1.9541535663e+08,-7.7294861591e+08,1.4356457440e+07
476,1.7136000000e+06,1,1.4988717355e+11,-7.3063732004e+09,1.4136809796e+07
476,1.7136000000e+06,2,1.5001772925e+11,-7.6862477490e+09,-9.5737762510e+06
477,1.7172000000e+06,0,-1.9537679504e+08,-7.7293432935e+08,1.4355653201e+07
477,1.7172000000e+06,1,1.4989006266e+11,-7.1996362230e+09,1.4126537618e+07
477,1.7172000000e+06,2,1.5002389141e+11,-7.5782906498e+09,-9.3346574049e+06
478,1.7208000000e+06,0,-1.9533823322e+08,-7.7292004280e+08,1.4354848962e+07
478,1.7208000000e+06,1,1.4989287575e+11,-7.0928963546e+09,1.4116242660e+07
478,1.7208000000e+06,2,1.5002996697e+11,-7.4703000643e+09,-9.0936650666e+06
479,1.7244000000e+06,0,-1.9529967117e+08,-7.7290575626e+08,1.4354044722e+07
479,1.7244000000e+06,1,1.4989561283e+11,-6.9861536482e+09,1.4105925157e+07
479,1.7244000000e+06,2,1.5003595566e+11,-7.3622761259e+09,-8.8508180419e+06
480,1.7280000000e+06,0,-1.9526110889e+08,-7.7289146973e+08,1.4353240483e+07
480,1.7280000000e+06,1,1.4989827389e+11,-6.8794081569e+09,1.4095585344e+07
480,1.7280000000e+06,2,1.5004185720e+11,-7.2542189704e+09,-8.6061352865e+06
481,1.7316000000e+06,0,-1.9522254638e+08,-7.7287718321e+08,1.4352436244e+07
481,1.7316000000e+06,1,1.4990085893e+11,-6.7726599337e+09,1.4085223460e+07
481,1.7316000000e+06,2,1.5004767135e+11,-7.1461287354e+09,-8.3596359053e+06
482,1.7352000000e+06,0,-1.9518398363e+08,-7.7286289670e+08,1.4351632005e+07
482,1.7352000000e+06,1,1.4990336796e+11,-6.6659090316e+09,1.4074839746e+07
482,1.7352000000e+06,2,1.5005339782e+11,-7.0380055609e+09,-8.1113391528e+06
483,1.7388000000e+06,0,-1.9514542066e+08,-7.7284861019e+08,1.4350827765e+07
483,1.7388000000e+06,1,1.4990580096e+11,-6.5591555035e+09,1.4064434442e+07
483,1.7388000000e+06,2,1.5005903635e+11,-6.9298495890e+09,-7.8612644323e+06
484,1.7424000000e+06,0,-1.9510685745e+08,-7.7283432370e+08,1.4350023526e+07
484,1.7424000000e+06,1,1.4990815795e+11,-6.4523994025e+09,1.4054007793e+07
484,1.7424000000e+06,2,1.5006458668e+11,-6.8216609638e+09,-7.6094312961e+06
485,1.7460000000e+06,0,-1.9506829401e+08,-7.7282003721e+08,1.4349219287e+07
485,1.7460000000e+06,1,1.4991043891e+11,-6.3456407814e+09,1.4043560045e+07
485,1.7460000000e+06,2,1.5007004854e+11,-6.7134398317e+09,-7.3558594448e+06
486,1.7496000000e+06,0,-1.9502973034e+08,-7.7280575074e+08,1.4348415047e+07
486,1.7496000000e+06,1,1.4991264386e+11,-6.2388796933e+09,1.4033091445e+07
486,1.7496000000e+06,2,1.5007542167e+11,-6.6051863411e+09,-7.1005687277e+06
487,1.7532000000e+06,0,-1.9499116644e+08,-7.7279146427e+08,1.4347610808e+07
487,1.7532000000e+06,1,1.4991477278e+11,-6.1321161909e+09,1.4022602243e+07
487,1.7532000000e+06,2,1.5008070580e+11,-6.4969006427e+09,-6.8435791421e+06
488,1.7568000000e+06,0,-1.9495260230e+08,-7.7277717781e+08,1.4346806569e+07
488,1.7568000000e+06,1,1.4991682568e+11,-6.0253503272e+09,1.4012092688e+07
488,1.7568000000e+06,2,1.5008590067e+11,-6.3885828893e+09,-6.5849108329e+06
489,1.7604000000e+06,0,-1.9491403794e+08,-7.7276289136e+08,1.4346002330e+07
489,1.7604000000e+06,1,1.4991880256e+11,-5.9185821550e+09,1.4001563035e+07
489,1.7604000000e+06,2,1.5009100602e+11,-6.2802332359e+09,-6.3245840930e+06
490,1.7640000000e+06,0,-1.9487547334e+08,-7.7274860491e+08,1.4345198090e+07
490,1.7640000000e+06,1,1.4992070342e+11,-5.8118117272e+09,1.3991013538e+07
490,1.7640000000e+06,2,1.5009602157e+11,-6.1718518395e+09,-6.0626193625e+06
491,1.7676000000e+06,0,-1.9483690851e+08,-7.7273431848e+08,1.4344393851e+07
491,1.7676000000e+06,1,1.4992252826e+11,-5.7050390965e+09,1.3980444454e+07
491,1.7676000000e+06,2,1.5010094708e+11,-6.0634388596e+09,-5.7990372282e+06
492,1.7712000000e+06,0,-1.9479834345e+08,-7.7272003205e+08,1.4343589612e+07
492,1.7712000000e+06,1,1.4992427707e+11,-5.5982643158e+09,1.3969856040e+07
492,1.7712000000e+06,2,1.5010578228e+11,-5.9549944575e+09,-5.5338584243e+06
493,1.7748000000e+06,0,-1.9475977816e+08,-7.7270574563e+08,1.4342785372e+07
493,1.7748000000e+06,1,1.4992594985e+11,-5.4914874378e+09,1.3959248558e+07
493,1.7748000000e+06,2,1.5011052691e+11,-5.8465187971e+09,-5.2671038309e+06
494,1.7784000000e+06,0,-1.9472121264e+08,-7.7269145921e+08,1.4341981133e+07
494,1.7784000000e+06,1,1.4992754662e+11,-5.3847085152e+09,1.3948622269e+07
494,1.7784000000e+06,2,1.5011518070e+11,-5.7380120441e+09,-4.9987944745e+06
495,1.7820000000e+06,0,-1.9468264688e+08,-7.7267717281e+08,1.4341176894e+07
495,1.7820000000e+06,1,1.4992906735e+11,-5.2779276009e+09,1.3937977436e+07
495,1.7820000000e+06,2,1.5011974340e+11,-5.6294743666e+09,-4.7289515273e+06
496,1.7856000000e+06,0,-1.9464408089e+08,-7.7266288641e+08,1.4340372655e+07
496,1.7856000000e+06,1,1.4993051207e+11,-5.1711447474e+09,1.3927314326e+07
496,1.7856000000e+06,2,1.5012421474e+11,-5.5209059350e+09,-4.4575963072e+06
497,1.7892000000e+06,0,-1.9460551467e+08,-7.7264860001e+08,1.4339568415e+07
497,1.7892000000e+06,1,1.4993188076e+11,-5.0643600075e+09,1.3916633205e+07
497,1.7892000000e+06,2,1.5012859448e+11,-5.4123069217e+09,-4.1847502771e+06
498,1.7928000000e+06,0,-1.9456694822e+08,-7.7263431363e+08,1.4338764176e+07
498,1.7928000000e+06,1,1.4993317342e+11,-4.9575734339e+09,1.3905934343e+07
498,1.7928000000e+06,2,1.5013288234e+11,-5.3036775013e+09,-3.9104350445e+06
499,1.7964000000e+06,0,-1.9452838154e+08,-7.7262002725e+08,1.4337959937e+07
499,1.7964000000e+06,1,1.4993439006e+11,-4.8507850791e+09,1.3895218011e+07
499,1.7964000000e+06,2,1.5013707808e+11,-5.1950178508e+09,-3.6346723616e+06
500,1.8000000000e+06,0,-1.9448981463e+08,-7.7260574088e+08,1.4337155697e+07
500,1.8000000000e+06,1,1.4993553067e+11,-4.7439949957e+09,1.3884484480e+07
500,1.8000000000e+06,2,1.5014118143e+11,-5.0863281494e+09,-3.3574841244e+06
501,1.8036000000e+06,0,-1.9445124748e+08,-7.7259145451e+08,1.4336351458e+07
501,1.8036000000e+06,1,1.4993659526e+11,-4.6372032364e+09,1.3873734027e+07
501,1.8036000000e+06,2,1.5014519215e+11,-4.9776085783e+09,-3.0788923726e+06
502,1.8072000000e+06,0,-1.9441268010e+08,-7.7257716815e+08,1.4335547219e+07
502,1.8072000000e+06,1,1.4993758382e+11,-4.5304098538e+09,1.3862966926e+07
502,1.8072000000e+06,2,1.5014910996e+11,-4.8688593213e+09,-2.7989192890e+06
503,1.8108000000e+06,0,-1.9437411249e+08,-7.7256288179e+08,1.4334742979e+07
503,1.8108000000e+06,1,1.4993849636e+11,-4.4236149003e+09,1.3852183456e+07
503,1.8108000000e+06,2,1.5015293462e+11,-4.7600805640e+09,-2.5175871992e+06
504,1.8144000000e+06,0,-1.9433554465e+08,-7.7254859544e+08,1.4333938740e+07
504,1.8144000000e+06,1,1.4993933287e+11,-4.3168184285e+09,1.3841383896e+07
504,1.8144000000e+06,2,1.5015666588e+11,-4.6512724946e+09,-2.2349185711e+06
505,1.8180000000e+06,0,-1.9429697658e+08,-7.7253430910e+08,1.4333134501e+07
505,1.8180000000e+06,1,1.4994009336e+11,-4.2100204909e+09,1.3830568528e+07
505,1.8180000000e+06,2,1.5016030348e+11,-4.5424353033e+09,-1.9509360143e+06
506,1.8216000000e+06,0,-1.9425840827e+08,-7.7252002276e+08,1.4332330261e+07
506,1.8216000000e+06,1,1.4994077782e+11,-4.1032211400e+09,1.3819737635e+07
506,1.8216000000e+06,2,1.5016384717e+11,-4.4335691829e+09,-1.6656622798e+06
507,1.8252000000e+06,0,-1.9421983974e+08,-7.7250573642e+08,1.4331526022e+07
507,1.8252000000e+06,1,1.4994138625e+11,-3.9964204282e+09,1.3808891502e+07
507,1.8252000000e+06,2,1.5016729669e+11,-4.3246743280e+09,-1.3791202595e+06
508,1.8288000000e+06,0,-1.9418127097e+08,-7.7249145009e+08,1.4330721783e+07
508,1.8288000000e+06,1,1.4994191866e+11,-3.8896184079e+09,1.3798030415e+07
508,1.8288000000e+06,2,1.5017065179e+11,-4.2157509357e+09,-1.0913329854e+06
509,1.8324000000e+06,0,-1.9414270197e+08,-7.7247716377e+08,1.4329917544e+07
509,1.8324000000e+06,1,1.4994237505e+11,-3.7828151316e+09,1.3787154663e+07
509,1.8324000000e+06,2,1.5017391223e+11,-4.1067992054e+09,-8.0232362943e+05
510,1.8360000000e+06,0,-1.9410413273e+08,-7.7246287745e+08,1.4329113304e+07
510,1.8360000000e+06,1,1.4994275541e+11,-3.6760106516e+09,1.3776264536e+07
510,1.8360000000e+06,2,1.5017707776e+11,-3.9978193387e+09,-5.1211550260e+05
511,1.8396000000e+06,0,-1.9406556327e+08,-7.7244859114e+08,1.4328309065e+07
511,1.8396000000e+06,1,1.4994305974e+11,-3.5692050203e+09,1.3765360325e+07
511,1.8396000000e+06,2,1.5018014811e+11,-3.8888115396e+09,-2.2073205453e+05
512,1.8432000000e+06,0,-1.9402699357e+08,-7.7243430483e+08,1.4327504826e+07
512,1.8432000000e+06,1,1.4994328806e+11,-3.4623982900e+09,1.3754442325e+07
512,1.8432000000e+06,2,1.5018312306e+11,-3.7797760140e+09,7.1803127154e+04
513,1.8468000000e+06,0,-1.9398842365e+08,-7.7242001852e+08,1.4326700586e+07
513,1.8468000000e+06,1,1.4994344034e+11,-3.3555905131e+09,1.3743510829e+07
513,1.8468000000e+06,2,1.5018600235e+11,-3.6707129705e+09,3.6546631747e+05
514,1.8504000000e+06,0,-1.9394985349e+08,-7.7240573222e+08,1.4325896347e+07
514,1.8504000000e+06,1,1.4994351661e+11,-3.2487817418e+09,1.3732566136e+07
514,1.8504000000e+06,2,1.5018878573e+11,-3.5616226199e+09,6.6023365473e+05
515,1.8540000000e+06,0,-1.9391128309e+08,-7.7239144592e+08,1.4325092108e+07
515,1.8540000000e+06,1,1.4994351684e+11,-3.1419720284e+09,1.3721608543e+07
515,1.8540000000e+06,2,1.5019147296e+11,-3.4525051750e+09,9.5608114120e+05
516,1.8576000000e+06,0,-1.9387271247e+08,-7.7237715962e+08,1.4324287868e+07
516,1.8576000000e+06,1,1.4994344106e+11,-3.0351614251e+09,1.3710638351e+07
516,1.8576000000e+06,2,1.5019406379e+11,-3.3433608513e+09,1.2529846438e+06
517,1.8612000000e+06,0,-1.9383414161e+08,-7.7236287333e+08,1.4323483629e+07
517,1.8612000000e+06,1,1.4994328925e+11,-2.9283499842e+09,1.3699655862e+07
517,1.8612000000e+06,2,1.5019655799e+11,-3.2341898663e+09,1.5509198948e+06
518,1.8648000000e+06,0,-1.9379557053e+08,-7.7234858704e+08,1.4322679390e+07
518,1.8648000000e+06,1,1.4994306142e+11,-2.8215377578e+09,1.3688661378e+07
518,1.8648000000e+06,2,1.5019895530e+11,-3.1249924399e+09,1.8498624927e+06
519,1.8684000000e+06,0,-1.9375699921e+08,-7.7233430076e+08,1.4321875150e+07
519,1.8684000000e+06,1,1.4994275757e+11,-2.7147247982e+09,1.3677655205e+07
519,1.8684000000e+06,2,1.5020125549e+11,-3.0157687942e+09,2.1497879027e+06
520,1.8720000000e+06,0,-1.9371842766e+08,-7.7232001448e+08,1.4321070911e+07
520,1.8720000000e+06,1,1.4994237770e+11,-2.6079111574e+09,1.3666637651e+07
520,1.8720000000e+06,2,1.5020345832e+11,-2.9065191539e+09,2.4506714577e+06
521,1.8756000000e+06,0,-1.9367985587e+08,-7.7230572820e+08,1.4320266672e+07
521,1.8756000000e+06,1,1.4994192180e+11,-2.5010968876e+09,1.3655609022e+07
521,1.8756000000e+06,2,1.5020556354e+11,-2.7972437457e+09,2.7524883594e+06
522,1.8792000000e+06,0,-1.9364128386e+08,-7.7229144192e+08,1.4319462432e+07
522,1.8792000000e+06,1,1.4994138989e+11,-2.3942820409e+09,1.3644569629e+07
522,1.8792000000e+06,2,1.5020757093e+11,-2.6879427987e+09,3.0552136784e+06
523,1.8828000000e+06,0,-1.9360271161e+08,-7.7227715565e+08,1.4318658193e+07
523,1.8828000000e+06,1,1.4994078195e+11,-2.2874666693e+09,1.3633519784e+07
523,1.8828000000e+06,2,1.5020948023e+11,-2.5786165444e+09,3.3588223558e+06
524,1.8864000000e+06,0,-1.9356413913e+08,-7.7226286937e+08,1.4317853954e+07
524,1.8864000000e+06,1,1.4994009800e+11,-2.1806508249e+09,1.3622459800e+07
524,1.8864000000e+06,2,1.5021129123e+11,-2.4692652164e+09,3.6632892038e+06
525,1.8900000000e+06,0,-1.9352556642e+08,-7.7224858311e+08,1.4317049714e+07
525,1.8900000000e+06,1,1.4993933802e+11,-2.0738345598e+09,1.3611389991e+07
525,1.8900000000e+06,2,1.5021300367e+11,-2.3598890508e+09,3.9685889064e+06
526,1.8936000000e+06,0,-1.9348699348e+08,-7.7223429684e+08,1.4316245475e+07
526,1.8936000000e+06,1,1.4993850203e+11,-1.9670179259e+09,1.3600310674e+07
526,1.8936000000e+06,2,1.5021461733e+11,-2.2504882861e+09,4.2746960208e+06
527,1.8972000000e+06,0,-1.9344842030e+08,-7.7222001057e+08,1.4315441236e+07
527,1.8972000000e+06,1,1.4993759002e+11,-1.8602009751e+09,1.3589222167e+07
527,1.8972000000e+06,2,1.5021613197e+11,-2.1410631629e+09,4.5815849783e+06
528,1.9008000000e+06,0,-1.9340984690e+08,-7.7220572431e+08,1.4314636996e+07
528,1.9008000000e+06,1,1.4993660199e+11,-1.7533837596e+09,1.3578124788e+07
528,1.9008000000e+06,2,1.5021754737e+11,-2.0316139241e+09,4.8892300848e+06
529,1.9044000000e+06,0,-1.9337127326e+08,-7.7219143805e+08,1.4313832757e+07
529,1.9044000000e+06,1,1.4993553795e+11,-1.6465663311e+09,1.3567018860e+07
529,1.9044000000e+06,2,1.5021886329e+11,-1.9221408152e+09,5.1976055226e+06
530,1.9080000000e+06,0,-1.9333269939e+08,-7.7217715179e+08,1.4313028518e+07
530,1.9080000000e+06,1,1.4993439789e+11,-1.5397487416e+09,1.3555904703e+07
530,1.9080000000e+06,2,1.5022007950e+11,-1.8126440839e+09,5.5066853509e+06
531,1.9116000000e+06,0,-1.9329412528e+08,-7.7216286553e+08,1.4312224278e+07
531,1.9116000000e+06,1,1.4993318181e+11,-1.4329310430e+09,1.3544782643e+07
531,1.9116000000e+06,2,1.5022119578e+11,-1.7031239799e+09,5.8164435073e+06
532,1.9152000000e+06,0,-1.9325555095e+08,-7.7214857927e+08,1.4311420039e+07
532,1.9152000000e+06,1,1.4993188972e+11,-1.3261132870e+09,1.3533653004e+07
532,1.9152000000e+06,2,1.5022221189e+11,-1.5935807558e+09,6.1268538084e+06
533,1.9188000000e+06,0,-1.9321697638e+08,-7.7213429301e+08,1.4310615800e+07
533,1.9188000000e+06,1,1.4993052162e+11,-1.2192955256e+09,1.3522516114e+07
533,1.9188000000e+06,2,1.5022312762e+11,-1.4840146660e+09,6.4378899517e+06
534,1.9224000000e+06,0,-1.9317840158e+08,-7.7212000675e+08,1.4309811560e+07
534,1.9224000000e+06,1,1.4992907750e+11,-1.1124778106e+09,1.3511372300e+07
534,1.9224000000e+06,2,1.5022394274e+11,-1.3744259676e+09,6.7495255162e+06
535,1.9260000000e+06,0,-1.9313982655e+08,-7.7210572049e+08,1.4309007321e+07
535,1.9260000000e+06,1,1.4992755737e+11,-1.0056601937e+09,1.3500221893e+07
535,1.9260000000e+06,2,1.5022465703e+11,-1.2648149198e+09,7.0617339640e+06
536,1.9296000000e+06,0,-1.9310125129e+08,-7.7209143424e+08,1.4308203082e+07
536,1.9296000000e+06,1,1.4992596123e+11,-8.9884272669e+08,1.3489065223e+07
536,1.9296000000e+06,2,1.5022527027e+11,-1.1551817843e+09,7.3744886411e+06
537,1.9332000000e+06,0,-1.9306267579e+08,-7.7207714798e+08,1.4307398842e+07
537,1.9332000000e+06,1,1.4992428908e+11,-7.9202546128e+08,1.3477902624e+07
537,1.9332000000e+06,2,1.5022578223e+11,-1.0455268248e+09,7.6877627794e+06
538,1.9368000000e+06,0,-1.9302410007e+08,-7.7206286173e+08,1.4306594603e+07
538,1.9368000000e+06,1,1.4992254092e+11,-6.8520844919e+08,1.3466734428e+07
538,1.9368000000e+06,2,1.5022619270e+11,-9.3585030772e+08,8.0015294975e+06
539,1.9404000000e+06,0,-1.9298552411e+08,-7.7204857547e+08,1.4305790364e+07
539,1.9404000000e+06,1,1.4992071675e+11,-5.7839174210e+08,1.3455560972e+07
539,1.9404000000e+06,2,1.5022650146e+11,-8.2615250155e+08,8.3157618021e+06
540,1.9440000000e+06,0,-1.9294694791e+08,-7.7203428921e+08,1.4304986124e+07
540,1.9440000000e+06,1,1.4991881658e+11,-4.7157539166e+08,1.3444382592e+07
540,1.9440000000e+06,2,1.5022670830e+11,-7.1643367716e+08,8.6304325896e+06
541,1.9476000000e+06,0,-1.9290837149e+08,-7.7202000296e+08,1.4304181885e+07
541,1.9476000000e+06,1,1.4991684039e+11,-3.6475944950e+08,1.3433199627e+07
541,1.9476000000e+06,2,1.5022681300e+11,-6.0669410775e+08,8.9455146476e+06
542,1.9512000000e+06,0,-1.9286979484e+08,-7.7200571670e+08,1.4303377646e+07
542,1.9512000000e+06,1,1.4991478820e+11,-2.5794396724e+08,1.3422012415e+07
542,1.9512000000e+06,2,1.5022681535e+11,-4.9693406881e+08,9.2609806560e+06
543,1.9548000000e+06,0,-1.9283121795e+08,-7.7199143044e+08,1.4302573406e+07
543,1.9548000000e+06,1,1.4991266001e+11,-1.5112899646e+08,1.3410821297e+07
543,1.9548000000e+06,2,1.5022671515e+11,-3.8715383814e+08,9.5768031889e+06
544,1.9584000000e+06,0,-1.9279264083e+08,-7.7197714418e+08,1.4301769167e+07
544,1.9584000000e+06,1,1.4991045581e+11,-4.4314588707e+07,1.3399626616e+07
544,1.9584000000e+06,2,1.5022651217e+11,-2.7735369587e+08,9.8929547160e+06
545,1.9620000000e+06,0,-1.9275406348e+08,-7.7196285792e+08,1.4300964927e+07
545,1.9620000000e+06,1,1.4990817561e+11,6.2499204481e+07,1.3388428714e+07
545,1.9620000000e+06,2,1.5022620622e+11,-1.6753392440e+08,1.0209407604e+07
546,1.9656000000e+06,0,-1.9271548589e+08,-7.7194857166e+08,1.4300160688e+07
546,1.9656000000e+06,1,1.4990581941e+11,1.6931233160e+08,1.3377227935e+07
546,1.9656000000e+06,2,1.5022579708e+11,-5.7694808449e+07,1.0526134119e+07
547,1.9692000000e+06,0,-1.9267690808e+08,-7.7193428540e+08,1.4299356449e+07
547,1.9692000000e+06,1,1.4990338720e+11,2.7612474115e+08,1.3366024627e+07
547,1.9692000000e+06,2,1.5022528456e+11,5.2163364971e+07,1.0843106426e+07
548,1.9728000000e+06,0,-1.9263833003e+08,-7.7191999913e+08,1.4298552209e+07
548,1.9728000000e+06,1,1.4990087900e+11,3.8293638170e+08,1.3354819135e+07
548,1.9728000000e+06,2,1.5022466845e+11,1.6204030656e+08,1.1160296594e+07
549,1.9764000000e+06,0,-1.9259975175e+08,-7.7190571286e+08,1.4297747970e+07
549,1.9764000000e+06,1,1.4989829480e+11,4.8974720179e+08,1.3343611807e+07
549,1.9764000000e+06,2,1.5022394855e+11,2.7193572474e+08,1.1477676596e+07
550,1.9800000000e+06,0,-1.9256117324e+08,-7.7189142660e+08,1.4296943731e+07
550,1.9800000000e+06,1,1.4989563460e+11,5.9655715002e+08,1.3332402993e+07
550,1.9800000000e+06,2,1.5022312466e+11,3.8184932564e+08,1.1795218308e+07
551,1.9836000000e+06,0,-1.9252259449e+08,-7.7187714032e+08,1.4296139491e+07
551,1.9836000000e+06,1,1.4989289840e+11,7.0336617501e+08,1.3321193044e+07
551,1.9836000000e+06,2,1.5022219659e+11,4.9178081312e+08,1.2112893517e+07
552,1.9872000000e+06,0,-1.9248401552e+08,-7.7186285405e+08,1.4295335252e+07
552,1.9872000000e+06,1,1.4989008621e+11,8.1017422540e+08,1.3309982310e+07
552,1.9872000000e+06,2,1.5022116414e+11,6.0172988879e+08,1.2430673917e+07
553,1.9908000000e+06,0,-1.9244543631e+08,-7.7184856778e+08,1.4294531013e+07
553,1.9908000000e+06,1,1.4988719802e+11,9.1698124984e+08,1.3298771144e+07
553,1.9908000000e+06,2,1.5022002711e+11,7.1169625197e+08,1.2748531113e+07
554,1.9944000000e+06,0,-1.9240685687e+08,-7.7183428150e+08,1.4293726773e+07
554,1.9944000000e+06,1,1.4988423384e+11,1.0237871970e+09,1.3287559900e+07
554,1.9944000000e+06,2,1.5021878532e+11,8.2167959974e+08,1.3066436625e+07
555,1.9980000000e+06,0,-1.9236827720e+08,-7.7181999522e+08,1.4292922534e+07
555,1.9980000000e+06,1,1.4988119367e+11,1.1305920157e+09,1.3276348933e+07
555,1.9980000000e+06,2,1.5021743857e+11,9.3167962693e+08,1.3384361888e+07
556,2.0016000000e+06,0,-1.9232969729e+08,-7.7180570893e+08,1.4292118294e+07
556,2.0016000000e+06,1,1.4987807751e+11,1.2373956545e+09,1.3265138598e+07
556,2.0016000000e+06,2,1.5021598668e+11,1.0416960261e+09,1.3702278251e+07
557,2.0052000000e+06,0,-1.9229111715e+08,-7.7179142265e+08,1.4291314055e+07
557,2.0052000000e+06,1,1.4987488536e+11,1.3441980623e+09,1.3253929252e+07
557,2.0052000000e+06,2,1.5021442947e+11,1.1517284877e+09,1.4020156987e+07
558,2.0088000000e+06,0,-1.9225253679e+08,-7.7177713636e+08,1.4290509816e+07
558,2.0088000000e+06,1,1.4987161722e+11,1.4509991878e+09,1.3242721253e+07
558,2.0088000000e+06,2,1.5021276674e+11,1.2617766998e+09,1.4337969286e+07
559,2.0124000000e+06,0,-1.9221395618e+08,-7.7176285006e+08,1.4289705576e+07
559,2.0124000000e+06,1,1.4986827309e+11,1.5577989799e+09,1.3231514959e+07
559,2.0124000000e+06,2,1.5021099831e+11,1.3718403484e+09,1.4655686265e+07
560,2.0160000000e+06,0,-1.9217537535e+08,-7.7174856377e+08,1.4288901337e+07
560,2.0160000000e+06,1,1.4986485298e+11,1.6645973874e+09,1.3220310729e+07
560,2.0160000000e+06,2,1.5020912402e+11,1.4819191171e+09,1.4973278963e+07
561,2.0196000000e+06,0,-1.9213679429e+08,-7.7173427747e+08,1.4288097098e+07
561,2.0196000000e+06,1,1.4986135688e+11,1.7713943591e+09,1.3209108925e+07
561,2.0196000000e+06,2,1.5020714367e+11,1.5920126875e+09,1.5290718350e+07
562,2.0232000000e+06,0,-1.9209821299e+08,-7.7171999116e+08,1.4287292858e+07
562,2.0232000000e+06,1,1.4985778480e+11,1.8781898439e+09,1.3197909908e+07
562,2.0232000000e+06,2,1.5020505710e+11,1.7021207390e+09,1.5607975325e+07
563,2.0268000000e+06,0,-1.9205963146e+08,-7.7170570485e+08,1.4286488619e+07
563,2.0268000000e+06,1,1.4985413674e+11,1.9849837907e+09,1.3186714039e+07
563,2.0268000000e+06,2,1.5020286412e+11,1.8122429486e+09,1.5925020719e+07
564,2.0304000000e+06,0,-1.9202104970e+08,-7.7169141854e+08,1.4285684379e+07
564,2.0304000000e+06,1,1.4985041270e+11,2.0917761484e+09,1.3175521681e+07
564,2.0304000000e+06,2,1.5020056458e+11,1.9223789916e+09,1.6241825297e+07
565,2.0340000000e+06,0,-1.9198246770e+08,-7.7167713222e+08,1.4284880140e+07
565,2.0340000000e+06,1,1.4984661268e+11,2.1985668661e+09,1.3164333199e+07
565,2.0340000000e+06,2,1.5019815830e+11,2.0325285406e+09,1.6558359764e+07
566,2.0376000000e+06,0,-1.9194388548e+08,-7.7166284590e+08,1.4284075901e+07
566,2.0376000000e+06,1,1.4984273667e+11,2.3053558926e+09,1.3153148956e+07
566,2.0376000000e+06,2,1.5019564511e+11,2.1426912664e+09,1.6874594760e+07
567,2.0412000000e+06,0,-1.9190530302e+08,-7.7164855957e+08,1.4283271661e+07
567,2.0412000000e+06,1,1.4983878470e+11,2.4121431770e+09,1.3141969318e+07
567,2.0412000000e+06,2,1.5019302485e+11,2.2528668376e+09,1.7190500873e+07
568,2.0448000000e+06,0,-1.9186672033e+08,-7.7163427324e+08,1.4282467422e+07
568,2.0448000000e+06,1,1.4983475674e+11,2.5189286683e+09,1.3130794651e+07
568,2.0448000000e+06,2,1.5019029736e+11,2.3630549208e+09,1.7506048629e+07
569,2.0484000000e+06,0,-1.9182813741e+08,-7.7161998690e+08,1.4281663182e+07
569,2.0484000000e+06,1,1.4983065282e+11,2.6257123155e+09,1.3119625321e+07
569,2.0484000000e+06,2,1.5018746248e+11,2.4732551803e+09,1.7821208507e+07
570,2.0520000000e+06,0,-1.9178955425e+08,-7.7160570056e+08,1.4280858943e+07
570,2.0520000000e+06,1,1.4982647292e+11,2.7324940676e+09,1.3108461695e+07
570,2.0520000000e+06,2,1.5018452004e+11,2.5834672784e+09,1.8135950931e+07
571,2.0556000000e+06,0,-1.9175097086e+08,-7.7159141421e+08,1.4280054704e+07
571,2.0556000000e+06,1,1.4982221705e+11,2.8392738739e+09,1.3097304141e+07
571,2.0556000000e+06,2,1.5018146991e+11,2.6936908755e+09,1.8450246280e+07
572,2.0592000000e+06,0,-1.9171238724e+08,-7.7157712786e+08,1.4279250464e+07
572,2.0592000000e+06,1,1.4981788521e+11,2.9460516833e+09,1.3086153026e+07
572,2.0592000000e+06,2,1.5017831191e+11,2.8039256296e+09,1.8764064887e+07
573,2.0628000000e+06,0,-1.9167380339e+08,-7.7156284150e+08,1.4278446225e+07
573,2.0628000000e+06,1,1.4981347740e+11,3.0528274451e+09,1.3075008721e+07
573,2.0628000000e+06,2,1.5017504591e+11,2.9141711969e+09,1.9077377043e+07
574,2.0664000000e+06,0,-1.9163521931e+08,-7.7154855514e+08,1.4277641985e+07
574,2.0664000000e+06,1,1.4980899362e+11,3.1596011083e+09,1.3063871594e+07
574,2.0664000000e+06,2,1.5017167175e+11,3.0244272317e+09,1.9390153000e+07
575,2.0700000000e+06,0,-1.9159663499e+08,-7.7153426876e+08,1.4276837746e+07
575,2.0700000000e+06,1,1.4980443388e+11,3.2663726221e+09,1.3052742014e+07
575,2.0700000000e+06,2,1.5016818930e+11,3.1346933860e+09,1.9702362972e+07
576,2.0736000000e+06,0,-1.9155805045e+08,-7.7151998239e+08,1.4276033507e+07
576,2.0736000000e+06,1,1.4979979817e+11,3.3731419358e+09,1.3041620353e+07
576,2.0736000000e+06,2,1.5016459840e+11,3.2449693100e+09,2.0013977140e+07
577,2.0772000000e+06,0,-1.9151946567e+08,-7.7150569600e+08,1.4275229267e+07
577,2.0772000000e+06,1,1.4979508650e+11,3.4799089986e+09,1.3030506979e+07
577,2.0772000000e+06,2,1.5016089892e+11,3.3552546518e+09,2.0324965654e+07
578,2.0808000000e+06,0,-1.9148088065e+08,-7.7149140961e+08,1.4274425028e+07
578,2.0808000000e+06,1,1.4979029887e+11,3.5866737596e+09,1.3019402265e+07
578,2.0808000000e+06,2,1.5015709072e+11,3.4655490578e+09,2.0635298636e+07
579,2.0844000000e+06,0,-1.9144229541e+08,-7.7147712322e+08,1.4273620788e+07
579,2.0844000000e+06,1,1.4978543528e+11,3.6934361682e+09,1.3008306582e+07
579,2.0844000000e+06,2,1.5015317366e+11,3.5758521723e+09,2.0944946181e+07
580,2.0880000000e+06,0,-1.9140370993e+08,-7.7146283681e+08,1.4272816549e+07
580,2.0880000000e+06,1,1.4978049573e+11,3.8001961736e+09,1.2997220300e+07
580,2.0880000000e+06,2,1.5014914762e+11,3.6861636375e+09,2.1253878365e+07
581,2.0916000000e+06,0,-1.9136512423e+08,-7.7144855040e+08,1.4272012310e+07
581,2.0916000000e+06,1,1.4977548022e+11,3.9069537252e+09,1.2986143791e+07
581,2.0916000000e+06,2,1.5014501246e+11,3.7964830942e+09,2.1562065244e+07
582,2.0952000000e+06,0,-1.9132653828e+08,-7.7143426398e+08,1.4271208070e+07
582,2.0952000000e+06,1,1.4977038876e+11,4.0137087722e+09,1.2975077428e+07
582,2.0952000000e+06,2,1.5014076806e+11,3.9068101809e+09,2.1869476855e+07
583,2.0988000000e+06,0,-1.9128795211e+08,-7.7141997756e+08,1.4270403831e+07
583,2.0988000000e+06,1,1.4976522134e+11,4.1204612640e+09,1.2964021582e+07
583,2.0988000000e+06,2,1.5013641430e+11,4.0171445343e+09,2.2176083227e+07
584,2.1024000000e+06,0,-1.9124936571e+08,-7.7140569112e+08,1.4269599591e+07
584,2.1024000000e+06,1,1.4975997797e+11,4.2272111500e+09,1.2952976625e+07
584,2.1024000000e+06,2,1.5013195105e+11,4.1274857896e+09,2.2481854375e+07
585,2.1060000000e+06,0,-1.9121077907e+08,-7.7139140468e+08,1.4268795352e+07
585,2.1060000000e+06,1,1.4975465865e+11,4.3339583795e+09,1.2941942930e+07
585,2.1060000000e+06,2,1.5012737819e+11,4.2378335799e+09,2.2786760311e+07
586,2.1096000000e+06,0,-1.9117219220e+08,-7.7137711824e+08,1.4267991112e+07
586,2.1096000000e+06,1,1.4974926338e+11,4.4407029020e+09,1.2930920869e+07
586,2.1096000000e+06,2,1.5012269561e+11,4.3481875366e+09,2.3090771040e+07
587,2.1132000000e+06,0,-1.9113360510e+08,-7.7136283178e+08,1.4267186873e+07
587,2.1132000000e+06,1,1.4974379216e+11,4.5474446668e+09,1.2919910814e+07
587,2.1132000000e+06,2,1.5011790319e+11,4.4585472892e+09,2.3393856572e+07
588,2.1168000000e+06,0,-1.9109501777e+08,-7.7134854531e+08,1.4266382634e+07
588,2.1168000000e+06,1,1.4973824500e+11,4.6541836234e+09,1.2908913137e+07
588,2.1168000000e+06,2,1.5011300084e+11,4.5689124658e+09,2.3695986915e+07
589,2.1204000000e+06,0,-1.9105643020e+08,-7.7133425884e+08,1.4265578394e+07
589,2.1204000000e+06,1,1.4973262188e+11,4.7609197213e+09,1.2897928210e+07
589,2.1204000000e+06,2,1.5010798843e+11,4.6792826926e+09,2.3997132087e+07
590,2.1240000000e+06,0,-1.9101784240e+08,-7.7131997236e+08,1.4264774155e+07
590,2.1240000000e+06,1,1.4972692283e+11,4.8676529099e+09,1.2886956406e+07
590,2.1240000000e+06,2,1.5010286587e+11,4.7896575940e+09,2.4297262116e+07
591,2.1276000000e+06,0,-1.9097925437e+08,-7.7130568587e+08,1.4263969915e+07
591,2.1276000000e+06,1,1.4972114783e+11,4.9743831388e+09,1.2875998096e+07
591,2.1276000000e+06,2,1.5009763305e+11,4.9000367930e+09,2.4596347042e+07
592,2.1312000000e+06,0,-1.9094066611e+08,-7.7129139937e+08,1.4263165676e+07
592,2.1312000000e+06,1,1.4971529689e+11,5.0811103574e+09,1.2865053653e+07
592,2.1312000000e+06,2,1.5009228989e+11,5.0104199108e+09,2.4894356922e+07
593,2.1348000000e+06,0,-1.9090207761e+08,-7.7127711286e+08,1.4262361436e+07
593,2.1348000000e+06,1,1.4970937001e+11,5.1878345152e+09,1.2854123446e+07
593,2.1348000000e+06,2,1.5008683628e+11,5.1208065670e+09,2.5191261836e+07
594,2.1384000000e+06,0,-1.9086348889e+08,-7.7126282634e+08,1.4261557197e+07
594,2.1384000000e+06,1,1.4970336720e+11,5.2945555618e+09,1.2843207847e+07
594,2.1384000000e+06,2,1.5008127212e+11,5.2311963798e+09,2.5487031885e+07
595,2.1420000000e+06,0,-1.9082489993e+08,-7.7124853981e+08,1.4260752957e+07
595,2.1420000000e+06,1,1.4969728844e+11,5.4012734468e+09,1.2832307228e+07
595,2.1420000000e+06,2,1.5007559735e+11,5.3415889656e+09,2.5781637198e+07
596,2.1456000000e+06,0,-1.9078631074e+08,-7.7123425328e+08,1.4259948718e+07
596,2.1456000000e+06,1,1.4969113375e+11,5.5079881198e+09,1.2821421958e+07
596,2.1456000000e+06,2,1.5006981186e+11,5.4519839394e+09,2.6075047938e+07
597,2.1492000000e+06,0,-1.9074772131e+08,-7.7121996673e+08,1.4259144479e+07
597,2.1492000000e+06,1,1.4968490313e+11,5.6146995303e+09,1.2810552407e+07
597,2.1492000000e+06,2,1.5006391558e+11,5.5623809148e+09,2.6367234299e+07
598,2.1528000000e+06,0,-1.9070913166e+08,-7.7120568017e+08,1.4258340239e+07
598,2.1528000000e+06,1,1.4967859658e+11,5.7214076279e+09,1.2799698945e+07
598,2.1528000000e+06,2,1.5005790842e+11,5.6727795039e+09,2.6658166516e+07
599,2.1564000000e+06,0,-1.9067054177e+08,-7.7119139361e+08,1.4257536000e+07
599,2.1564000000e+06,1,1.4967221409e+11,5.8281123624e+09,1.2788861941e+07
599,2.1564000000e+06,2,1.5005179032e+11,5.7831793172e+09,2.6947814865e+07
600,2.1600000000e+06,0,-1.9063195165e+08,-7.7117710703e+08,1.4256731760e+07
600,2.1600000000e+06,1,1.4966575568e+11,5.9348136832e+09,1.2778041763e+07
600,2.1600000000e+06,2,1.5004556119e+11,5.8935799641e+09,2.7236149667e+07
601,2.1636000000e+06,0,-1.9059336130e+08,-7.7116282044e+08,1.4255927521e+07
601,2.1636000000e+06,1,1.4965922134e+11,6.0415115401e+09,1.2767238779e+07
601,2.1636000000e+06,2,1.5003922098e+11,6.0039810524e+09,2.7523141296e+07
602,2.1672000000e+06,0,-1.9055477072e+08,-7.7114853384e+08,1.4255123281e+07
602,2.1672000000e+06,1,1.4965261107e+11,6.1482058828e+09,1.2756453355e+07
602,2.1672000000e+06,2,1.5003276961e+11,6.1143821887e+09,2.7808760175e+07
603,2.1708000000e+06,0,-1.9051617990e+08,-7.7113424724e+08,1.4254319042e+07
603,2.1708000000e+06,1,1.4964592488e+11,6.2548966608e+09,1.2745685859e+07
603,2.1708000000e+06,2,1.5002620703e+11,6.2247829782e+09,2.8092976787e+07
604,2.1744000000e+06,0,-1.9047758885e+08,-7.7111996062e+08,1.4253514802e+07
604,2.1744000000e+06,1,1.4963916277e+11,6.3615838240e+09,1.2734936656e+07
604,2.1744000000e+06,2,1.5001953316e+11,6.3351830250e+09,2.8375761675e+07
605,2.1780000000e+06,0,-1.9043899757e+08,-7.7110567399e+08,1.4252710563e+07
605,2.1780000000e+06,1,1.4963232473e+11,6.4682673220e+09,1.2724206111e+07
605,2.1780000000e+06,2,1.5001274796e+11,6.4455819317e+09,2.8657085449e+07
606,2.1816000000e+06,0,-1.9040040606e+08,-7.7109138734e+08,1.4251906323e+07
606,2.1816000000e+06,1,1.4962541077e+11,6.5749471045e+09,1.2713494587e+07
606,2.1816000000e+06,2,1.5000585138e+11,6.5559792999e+09,2.8936918783e+07
607,2.1852000000e+06,0,-1.9036181431e+08,-7.7107710069e+08,1.4251102084e+07
607,2.1852000000e+06,1,1.4961842090e+11,6.6816231214e+09,1.2702802449e+07
607,2.1852000000e+06,2,1.4999884337e+11,6.6663747301e+09,2.9215232429e+07
608,2.1888000000e+06,0,-1.9032322234e+08,-7.7106281403e+08,1.4250297845e+07
608,2.1888000000e+06,1,1.4961135510e+11,6.7882953222e+09,1.2692130057e+07
608,2.1888000000e+06,2,1.4999172387e+11,6.7767678215e+09,2.9491997212e+07
609,2.1924000000e+06,0,-1.9028463013e+08,-7.7104852735e+08,1.4249493605e+07
609,2.1924000000e+06,1,1.4960421340e+11,6.8949636569e+09,1.2681477774e+07
609,2.1924000000e+06,2,1.4998449285e+11,6.8871581723e+09,2.9767184040e+07
610,2.1960000000e+06,0,-1.9024603769e+08,-7.7103424066e+08,1.4248689366e+07
610,2.1960000000e+06,1,1.4959699577e+11,7.0016280751e+09,1.2670845959e+07
610,2.1960000000e+06,2,1.4997715028e+11,6.9975453797e+09,3.0040763903e+07
611,2.1996000000e+06,0,-1.9020744501e+08,-7.7101995396e+08,1.4247885126e+07
611,2.1996000000e+06,1,1.4958970224e+11,7.1082885266e+09,1.2660234972e+07
611,2.1996000000e+06,2,1.4996969611e+11,7.1079290397e+09,3.0312707882e+07
612,2.2032000000e+06,0,-1.9016885211e+08,-7.7100566725e+08,1.4247080887e+07
612,2.2032000000e+06,1,1.4958233279e+11,7.2149449613e+09,1.2649645170e+07
612,2.2032000000e+06,2,1.4996213031e+11,7.2183087475e+09,3.0582987149e+07
613,2.2068000000e+06,0,-1.9013025897e+08,-7.7099138052e+08,1.4246276647e+07
613,2.2068000000e+06,1,1.4957488743e+11,7.3215973288e+09,1.2639076910e+07
613,2.2068000000e+06,2,1.4995445286e+11,7.3286840972e+09,3.0851572973e+07
614,2.2104000000e+06,0,-1.9009166560e+08,-7.7097709379e+08,1.4245472408e+07
614,2.2104000000e+06,1,1.4956736617e+11,7.4282455792e+09,1.2628530548e+07
614,2.2104000000e+06,2,1.4994666373e+11,7.4390546823e+09,3.1118436725e+07
615,2.2140000000e+06,0,-1.9005307200e+08,-7.7096280704e+08,1.4244668168e+07
615,2.2140000000e+06,1,1.4955976899e+11,7.5348896620e+09,1.2618006437e+07
615,2.2140000000e+06,2,1.4993876290e+11,7.5494200950e+09,3.1383549877e+07
616,2.2176000000e+06,0,-1.9001447817e+08,-7.7094852027e+08,1.4243863929e+07
616,2.2176000000e+06,1,1.4955209592e+11,7.6415295272e+09,1.2607504931e+07
616,2.2176000000e+06,2,1.4993075036e+11,7.6597799271e+09,3.1646884014e+07
617,2.2212000000e+06,0,-1.8997588410e+08,-7.7093423350e+08,1.4243059689e+07
617,2.2212000000e+06,1,1.4954434693e+11,7.7481651247e+09,1.2597026381e+07
617,2.2212000000e+06,2,1.4992262609e+11,7.7701337693e+09,3.1908410832e+07
618,2.2248000000e+06,0,-1.8993728980e+08,-7.7091994671e+08,1.4242255450e+07
618,2.2248000000e+06,1,1.4953652205e+11,7.8547964041e+09,1.2586571138e+07
618,2.2248000000e+06,2,1.4991439008e+11,7.8804812117e+09,3.2168102144e+07
619,2.2284000000e+06,0,-1.8989869527e+08,-7.7090565991e+08,1.4241451210e+07
619,2.2284000000e+06,1,1.4952862126e+11,7.9614233155e+09,1.2576139548e+07
619,2.2284000000e+06,2,1.4990604233e+11,7.9908218438e+09,3.2425929884e+07
620,2.2320000000e+06,0,-1.8986010051e+08,-7.7089137309e+08,1.4240646971e+07
620,2.2320000000e+06,1,1.4952064457e+11,8.0680458086e+09,1.2565731961e+07
620,2.2320000000e+06,2,1.4989758283e+11,8.1011552541e+09,3.2681866112e+07
621,2.2356000000e+06,0,-1.8982150552e+08,-7.7087708626e+08,1.4239842731e+07
621,2.2356000000e+06,1,1.4951259199e+11,8.1746638334e+09,1.2555348720e+07
621,2.2356000000e+06,2,1.4988901158e+11,8.2114810309e+09,3.2935883017e+07
622,2.2392000000e+06,0,-1.8978291029e+08,-7.7086279942e+08,1.4239038492e+07
622,2.2392000000e+06,1,1.4950446351e+11,8.2812773396e+09,1.2544990170e+07
622,2.2392000000e+06,2,1.4988032860e+11,8.3217987617e+09,3.3187952921e+07
623,2.2428000000e+06,0,-1.8974431483e+08,-7.7084851256e+08,1.4238234252e+07
623,2.2428000000e+06,1,1.4949625913e+11,8.3878862771e+09,1.2534656653e+07
623,2.2428000000e+06,2,1.4987153389e+11,8.4321080334e+09,3.3438048286e+07
624,2.2464000000e+06,0,-1.8970571914e+08,-7.7083422569e+08,1.4237430013e+07
624,2.2464000000e+06,1,1.4948797886e+11,8.4944905959e+09,1.2524348509e+07
624,2.2464000000e+06,2,1.4986262746e+11,8.5424084326e+09,3.3686141712e+07
625,2.2500000000e+06,0,-1.8966712322e+08,-7.7081993880e+08,1.4236625773e+07
625,2.2500000000e+06,1,1.4947962269e+11,8.6010902458e+09,1.2514066077e+07
625,2.2500000000e+06,2,1.4985360933e+11,8.6526995454e+09,3.3932205948e+07
626,2.2536000000e+06,0,-1.8962852706e+08,-7.7080565190e+08,1.4235821534e+07
626,2.2536000000e+06,1,1.4947119063e+11,8.7076851767e+09,1.2503809693e+07
626,2.2536000000e+06,2,1.4984447952e+11,8.7629809573e+09,3.4176213893e+07
627,2.2572000000e+06,0,-1.8958993068e+08,-7.7079136499e+08,1.4235017294e+07
627,2.2572000000e+06,1,1.4946268269e+11,8.8142753384e+09,1.2493579692e+07
627,2.2572000000e+06,2,1.4983523805e+11,8.8732522537e+09,3.4418138599e+07
628,2.2608000000e+06,0,-1.8955133406e+08,-7.7077707805e+08,1.4234213055e+07
628,2.2608000000e+06,1,1.4945409885e+11,8.9208606809e+09,1.2483376408e+07
628,2.2608000000e+06,2,1.4982588496e+11,8.9835130197e+09,3.4657953279e+07
629,2.2644000000e+06,0,-1.8951273721e+08,-7.7076279111e+08,1.4233408815e+07
629,2.2644000000e+06,1,1.4944543912e+11,9.0274411541e+09,1.2473200170e+07
629,2.2644000000e+06,2,1.4981642027e+11,9.0937628399e+09,3.4895631306e+07
630,2.2680000000e+06,0,-1.8947414012e+08,-7.7074850415e+08,1.4232604576e+07
630,2.2680000000e+06,1,1.4943670351e+11,9.1340167078e+09,1.2463051307e+07
630,2.2680000000e+06,2,1.4980684403e+11,9.2040012988e+09,3.5131146221e+07
631,2.2716000000e+06,0,-1.8943554281e+08,-7.7073421717e+08,1.4231800336e+07
631,2.2716000000e+06,1,1.4942789202e+11,9.2405872919e+09,1.2452930147e+07
631,2.2716000000e+06,2,1.4979715626e+11,9.3142279808e+09,3.5364471737e+07
632,2.2752000000e+06,0,-1.8939694526e+08,-7.7071993018e+08,1.4230996097e+07
632,2.2752000000e+06,1,1.4941900464e+11,9.3471528563e+09,1.2442837013e+07
632,2.2752000000e+06,2,1.4978735702e+11,9.4244424700e+09,3.5595581741e+07
633,2.2788000000e+06,0,-1.8935834748e+08,-7.7070564317e+08,1.4230191857e+07
633,2.2788000000e+06,1,1.4941004138e+11,9.4537133510e+09,1.2432772228e+07
633,2.2788000000e+06,2,1.4977744635e+11,9.5346443507e+09,3.5824450301e+07
634,2.2824000000e+06,0,-1.8931974947e+08,-7.7069135615e+08,1.4229387618e+07
634,2.2824000000e+06,1,1.4940100223e+11,9.5602687258e+09,1.2422736112e+07
634,2.2824000000e+06,2,1.4976742431e+11,9.6448332069e+09,3.6051051666e+07
635,2.2860000000e+06,0,-1.8928115123e+08,-7.7067706911e+08,1.4228583378e+07
635,2.2860000000e+06,1,1.4939188721e+11,9.6668189306e+09,1.2412728983e+07
635,2.2860000000e+06,2,1.4975729094e+11,9.7550086226e+09,3.6275360275e+07
636,2.2896000000e+06,0,-1.8924255275e+08,-7.7066278206e+08,1.4227779138e+07
636,2.2896000000e+06,1,1.4938269631e+11,9.7733639152e+09,1.2402751157e+07
636,2.2896000000e+06,2,1.4974704632e+11,9.8651701822e+09,3.6497350759e+07
637,2.2932000000e+06,0,-1.8920395405e+08,-7.7064849499e+08,1.4226974899e+07
637,2.2932000000e+06,1,1.4937342953e+11,9.8799036297e+09,1.2392802945e+07
637,2.2932000000e+06,2,1.4973669049e+11,9.9753174697e+09,3.6716997943e+07
638,2.2968000000e+06,0,-1.8916535511e+08,-7.7063420790e+08,1.4226170659e+07
638,2.2968000000e+06,1,1.4936408688e+11,9.9864380238e+09,1.2382884659e+07
638,2.2968000000e+06,2,1.4972622354e+11,1.0085450070e+10,3.6934276853e+07
639,2.3004000000e+06,0,-1.8912675594e+08,-7.7061992079e+08,1.4225366420e+07
639,2.3004000000e+06,1,1.4935466835e+11,1.0092967047e+10,1.2372996606e+07
639,2.3004000000e+06,2,1.4971564553e+11,1.0195567567e+10,3.7149162721e+07
640,2.3040000000e+06,0,-1.8908815653e+08,-7.7060563367e+08,1.4224562180e+07
640,2.3040000000e+06,1,1.4934517395e+11,1.0199490650e+10,1.2363139092e+07
640,2.3040000000e+06,2,1.4970495653e+11,1.0305669546e+10,3.7361630985e+07
641,2.3076000000e+06,0,-1.8904955690e+08,-7.7059134653e+08,1.4223757941e+07
641,2.3076000000e+06,1,1.4933560367e+11,1.0306008783e+10,1.2353312420e+07
641,2.3076000000e+06,2,1.4969415664e+11,1.0415755592e+10,3.7571657296e+07
642,2.3112000000e+06,0,-1.8901095703e+08,-7.7057705938e+08,1.4222953701e+07
642,2.3112000000e+06,1,1.4932595753e+11,1.0412521394e+10,1.2343516890e+07
642,2.3112000000e+06,2,1.4968324592e+11,1.0525825291e+10,3.7779217521e+07
643,2.3148000000e+06,0,-1.8897235693e+08,-7.7056277220e+08,1.4222149462e+07
643,2.3148000000e+06,1,1.4931623551e+11,1.0519028435e+10,1.2333752800e+07
643,2.3148000000e+06,2,1.4967222446e+11,1.0635878229e+10,3.7984287749e+07
644,2.3184000000e+06,0,-1.8893375660e+08,-7.7054848501e+08,1.4221345222e+07
644,2.3184000000e+06,1,1.4930643763e+11,1.0625529854e+10,1.2324020443e+07
644,2.3184000000e+06,2,1.4966109237e+11,1.0745913992e+10,3.8186844292e+07
645,2.3220000000e+06,0,-1.8889515604e+08,-7.7053419780e+08,1.4220540983e+07
645,2.3220000000e+06,1,1.4929656388e+11,1.0732025602e+10,1.2314320112e+07
645,2.3220000000e+06,2,1.4964984972e+11,1.0855932167e+10,3.8386863691e+07
646,2.3256000000e+06,0,-1.8885655525e+08,-7.7051991058e+08,1.4219736743e+07
646,2.3256000000e+06,1,1.4928661426e+11,1.0838515629e+10,1.2304652097e+07
646,2.3256000000e+06,2,1.4963849663e+11,1.0965932341e+10,3.8584322719e+07
647,2.3292000000e+06,0,-1.8881795422e+08,-7.7050562333e+08,1.4218932503e+07
647,2.3292000000e+06,1,1.4927658877e+11,1.0944999884e+10,1.2295016682e+07
647,2.3292000000e+06,2,1.4962703320e+11,1.1075914103e+10,3.8779198386e+07
648,2.3328000000e+06,0,-1.8877935296e+08,-7.7049133607e+08,1.4218128264e+07
648,2.3328000000e+06,1,1.4926648743e+11,1.1051478317e+10,1.2285414151e+07
648,2.3328000000e+06,2,1.4961545953e+11,1.1185877041e+10,3.8971467941e+07
649,2.3364000000e+06,0,-1.8874075147e+08,-7.7047704879e+08,1.4217324024e+07
649,2.3364000000e+06,1,1.4925631022e+11,1.1157950878e+10,1.2275844785e+07
649,2.3364000000e+06,2,1.4960377573e+11,1.1295820745e+10,3.9161108880e+07
650,2.3400000000e+06,0,-1.8870214975e+08,-7.7046276149e+08,1.4216519785e+07
650,2.3400000000e+06,1,1.4924605715e+11,1.1264417517e+10,1.2266308860e+07
650,2.3400000000e+06,2,1.4959198192e+11,1.1405744804e+10,3.9348098943e+07
651,2.3436000000e+06,0,-1.8866354779e+08,-7.7044847417e+08,1.4215715545e+07
651,2.3436000000e+06,1,1.4923572821e+11,1.1370878183e+10,1.2256806650e+07
651,2.3436000000e+06,2,1.4958007822e+11,1.1515648810e+10,3.9532416126e+07
652,2.3472000000e+06,0,-1.8862494561e+08,-7.7043418684e+08,1.4214911306e+07
652,2.3472000000e+06,1,1.4922532342e+11,1.1477332827e+10,1.2247338426e+07
652,2.3472000000e+06,2,1.4956806475e+11,1.1625532355e+10,3.9714038677e+07
653,2.3508000000e+06,0,-1.8858634319e+08,-7.7041989948e+08,1.4214107066e+07
653,2.3508000000e+06,1,1.4921484277e+11,1.1583781398e+10,1.2237904457e+07
653,2.3508000000e+06,2,1.4955594164e+11,1.1735395031e+10,3.9892945106e+07
654,2.3544000000e+06,0,-1.8854774054e+08,-7.7040561211e+08,1.4213302826e+07
654,2.3544000000e+06,1,1.4920428627e+11,1.1690223846e+10,1.2228505005e+07
654,2.3544000000e+06,2,1.4954370902e+11,1.1845236432e+10,4.0069114185e+07
655,2.3580000000e+06,0,-1.8850913766e+08,-7.7039132471e+08,1.4212498587e+07
655,2.3580000000e+06,1,1.4919365391e+11,1.1796660121e+10,1.2219140333e+07
655,2.3580000000e+06,2,1.4953136703e+11,1.1955056152e+10,4.0242524953e+07
656,2.3616000000e+06,0,-1.8847053454e+08,-7.7037703730e+08,1.4211694347e+07
656,2.3616000000e+06,1,1.4918294569e+11,1.1903090171e+10,1.2209810698e+07
656,2.3616000000e+06,2,1.4951891580e+11,1.2064853788e+10,4.0413156720e+07
657,2.3652000000e+06,0,-1.8843193120e+08,-7.7036274986e+08,1.4210890108e+07
657,2.3652000000e+06,1,1.4917216162e+11,1.2009513948e+10,1.2200516355e+07
657,2.3652000000e+06,2,1.4950635547e+11,1.2174628936e+10,4.0580989070e+07
658,2.3688000000e+06,0,-1.8839332762e+08,-7.7034846241e+08,1.4210085868e+07
658,2.3688000000e+06,1,1.4916130169e+11,1.2115931401e+10,1.2191257555e+07
658,2.3688000000e+06,2,1.4949368620e+11,1.2284381194e+10,4.0746001864e+07
659,2.3724000000e+06,0,-1.8835472381e+08,-7.7033417494e+08,1.4209281629e+07
659,2.3724000000e+06,1,1.4915036592e+11,1.2222342479e+10,1.2182034544e+07
659,2.3724000000e+06,2,1.4948090814e+11,1.2394110162e+10,4.0908175245e+07
660,2.3760000000e+06,0,-1.8831611977e+08,-7.7031988744e+08,1.4208477389e+07
660,2.3760000000e+06,1,1.4913935429e+11,1.2328747133e+10,1.2172847568e+07
660,2.3760000000e+06,2,1.4946802144e+11,1.2503815440e+10,4.1067489641e+07
661,2.3796000000e+06,0,-1.8827751550e+08,-7.7030559993e+08,1.4207673149e+07
661,2.3796000000e+06,1,1.4912826681e+11,1.2435145311e+10,1.2163696866e+07
661,2.3796000000e+06,2,1.4945502625e+11,1.2613496629e+10,4.1223925769e+07
662,2.3832000000e+06,0,-1.8823891099e+08,-7.7029131239e+08,1.4206868910e+07
662,2.3832000000e+06,1,1.4911710349e+11,1.2541536963e+10,1.2154582676e+07
662,2.3832000000e+06,2,1.4944192275e+11,1.2723153334e+10,4.1377464636e+07
663,2.3868000000e+06,0,-1.8820030626e+08,-7.7027702484e+08,1.4206064670e+07
663,2.3868000000e+06,1,1.4910586432e+11,1.2647922040e+10,1.2145505231e+07
663,2.3868000000e+06,2,1.4942871110e+11,1.2832785157e+10,4.1528087545e+07
664,2.3904000000e+06,0,-1.8816170129e+08,-7.7026273726e+08,1.4205260431e+07
664,2.3904000000e+06,1,1.4909454930e+11,1.2754300490e+10,1.2136464761e+07
664,2.3904000000e+06,2,1.4941539147e+11,1.2942391707e+10,4.1675776097e+07
665,2.3940000000e+06,0,-1.8812309609e+08,-7.7024844967e+08,1.4204456191e+07
665,2.3940000000e+06,1,1.4908315843e+11,1.2860672263e+10,1.2127461491e+07
665,2.3940000000e+06,2,1.4940196402e+11,1.3051972589e+10,4.1820512197e+07
666,2.3976000000e+06,0,-1.8808449065e+08,-7.7023416205e+08,1.4203651951e+07
666,2.3976000000e+06,1,1.4907169172e+11,1.2967037309e+10,1.2118495643e+07
666,2.3976000000e+06,2,1.4938842896e+11,1.3161527413e+10,4.1962278051e+07
667,2.4012000000e+06,0,-1.8804588499e+08,-7.7021987441e+08,1.4202847712e+07
667,2.4012000000e+06,1,1.4906014917e+11,1.3073395578e+10,1.2109567437e+07
667,2.4012000000e+06,2,1.4937478644e+11,1.3271055790e+10,4.2101056176e+07
668,2.4048000000e+06,0,-1.8800727910e+08,-7.7020558675e+08,1.4202043472e+07
668,2.4048000000e+06,1,1.4904853077e+11,1.3179747018e+10,1.2100677085e+07
668,2.4048000000e+06,2,1.4936103667e+11,1.3380557332e+10,4.2236829400e+07
669,2.4084000000e+06,0,-1.8796867297e+08,-7.7019129907e+08,1.4201239232e+07
669,2.4084000000e+06,1,1.4903683654e+11,1.3286091579e+10,1.2091824800e+07
669,2.4084000000e+06,2,1.4934717982e+11,1.3490031654e+10,4.2369580866e+07
670,2.4120000000e+06,0,-1.8793006661e+08,-7.7017701136e+08,1.4200434993e+07
670,2.4120000000e+06,1,1.4902506646e+11,1.3392429211e+10,1.2083010788e+07
670,2.4120000000e+06,2,1.4933321610e+11,1.3599478370e+10,4.2499294033e+07
671,2.4156000000e+06,0,-1.8789146002e+08,-7.7016272364e+08,1.4199630753e+07
671,2.4156000000e+06,1,1.4901322054e+11,1.3498759864e+10,1.2074235251e+07
671,2.4156000000e+06,2,1.4931914570e+11,1.3708897099e+10,4.2625952681e+07
672,2.4192000000e+06,0,-1.8785285320e+08,-7.7014843589e+08,1.4198826514e+07
672,2.4192000000e+06,1,1.4900129878e+11,1.3605083486e+10,1.2065498389e+07
672,2.4192000000e+06,2,1.4930496882e+11,1.3818287461e+10,4.2749540913e+07
673,2.4228000000e+06,0,-1.8781424614e+08,-7.7013414812e+08,1.4198022274e+07
673,2.4228000000e+06,1,1.4898930119e+11,1.3711400027e+10,1.2056800396e+07
673,2.4228000000e+06,2,1.4929068567e+11,1.3927649076e+10,4.2870043161e+07
674,2.4264000000e+06,0,-1.8777563886e+08,-7.7011986032e+08,1.4197218034e+07
674,2.4264000000e+06,1,1.4897722776e+11,1.3817709437e+10,1.2048141463e+07
674,2.4264000000e+06,2,1.4927629645e+11,1.4036981569e+10,4.2987444183e+07
675,2.4300000000e+06,0,-1.8773703134e+08,-7.7010557251e+08,1.4196413795e+07
675,2.4300000000e+06,1,1.4896507849e+11,1.3924011665e+10,1.2039521777e+07
675,2.4300000000e+06,2,1.4926180138e+11,1.4146284564e+10,4.3101729069e+07
676,2.4336000000e+06,0,-1.8769842359e+08,-7.7009128467e+08,1.4195609555e+07
676,2.4336000000e+06,1,1.4895285339e+11,1.4030306659e+10,1.2030941520e+07
676,2.4336000000e+06,2,1.4924720068e+11,1.4255557689e+10,4.3212883246e+07
677,2.4372000000e+06,0,-1.8765981561e+08,-7.7007699681e+08,1.4194805315e+07
677,2.4372000000e+06,1,1.4894055245e+11,1.4136594370e+10,1.2022400871e+07
677,2.4372000000e+06,2,1.4923249456e+11,1.4364800573e+10,4.3320892478e+07
678,2.4408000000e+06,0,-1.8762120740e+08,-7.7006270892e+08,1.4194001076e+07
678,2.4408000000e+06,1,1.4892817568e+11,1.4242874747e+10,1.2013900004e+07
678,2.4408000000e+06,2,1.4921768325e+11,1.4474012849e+10,4.3425742866e+07
679,2.4444000000e+06,0,-1.8758259895e+08,-7.7004842101e+08,1.4193196836e+07
679,2.4444000000e+06,1,1.4891572308e+11,1.4349147739e+10,1.2005439089e+07
679,2.4444000000e+06,2,1.4920276697e+11,1.4583194150e+10,4.3527420856e+07
680,2.4480000000e+06,0,-1.8754399028e+08,-7.7003413308e+08,1.4192392597e+07
680,2.4480000000e+06,1,1.4890319465e+11,1.4455413295e+10,1.1997018291e+07
680,2.4480000000e+06,2,1.4918774595e+11,1.4692344112e+10,4.3625913240e+07
681,2.4516000000e+06,0,-1.8750538137e+08,-7.7001984512e+08,1.4191588357e+07
681,2.4516000000e+06,1,1.4889059038e+11,1.4561671364e+10,1.1988637773e+07
681,2.4516000000e+06,2,1.4917262043e+11,1.4801462374e+10,4.3721207154e+07
682,2.4552000000e+06,0,-1.8746677223e+08,-7.7000555715e+08,1.4190784117e+07
682,2.4552000000e+06,1,1.4887791029e+11,1.4667921896e+10,1.1980297691e+07
682,2.4552000000e+06,2,1.4915739065e+11,1.4910548577e+10,4.3813290087e+07
683,2.4588000000e+06,0,-1.8742816286e+08,-7.6999126914e+08,1.4189979878e+07
683,2.4588000000e+06,1,1.4886515437e+11,1.4774164840e+10,1.1971998198e+07
683,2.4588000000e+06,2,1.4914205685e+11,1.5019602363e+10,4.3902149878e+07
684,2.4624000000e+06,0,-1.8738955326e+08,-7.6997698111e+08,1.4189175638e+07
684,2.4624000000e+06,1,1.4885232262e+11,1.4880400144e+10,1.1963739444e+07
684,2.4624000000e+06,2,1.4912661927e+11,1.5128623379e+10,4.3987774721e+07
685,2.4660000000e+06,0,-1.8735094342e+08,-7.6996269306e+08,1.4188371398e+07
685,2.4660000000e+06,1,1.4883941504e+11,1.4986627758e+10,1.1955521571e+07
685,2.4660000000e+06,2,1.4911107816e+11,1.5237611272e+10,4.4070153167e+07
686,2.4696000000e+06,0,-1.8731233336e+08,-7.6994840499e+08,1.4187567159e+07
686,2.4696000000e+06,1,1.4882643164e+11,1.5092847631e+10,1.1947344720e+07
686,2.4696000000e+06,2,1.4909543377e+11,1.5346565693e+10,4.4149274126e+07
687,2.4732000000e+06,0,-1.8727372306e+08,-7.6993411689e+08,1.4186762919e+07
687,2.4732000000e+06,1,1.4881337241e+11,1.5199059713e+10,1.1939209025e+07
687,2.4732000000e+06,2,1.4907968636e+11,1.5455486295e+10,4.4225126866e+07
688,2.4768000000e+06,0,-1.8723511253e+08,-7.6991982876e+08,1.4185958679e+07
688,2.4768000000e+06,1,1.4880023736e+11,1.5305263951e+10,1.1931114619e+07
688,2.4768000000e+06,2,1.4906383619e+11,1.5564372734e+10,4.4297701021e+07
689,2.4804000000e+06,0,-1.8719650177e+08,-7.6990554061e+08,1.4185154440e+07
689,2.4804000000e+06,1,1.4878702648e+11,1.5411460295e+10,1.1923061626e+07
689,2.4804000000e+06,2,1.4904788351e+11,1.5673224668e+10,4.4366986587e+07
690,2.4840000000e+06,0,-1.8715789078e+08,-7.6989125243e+08,1.4184350200e+07
690,2.4840000000e+06,1,1.4877373979e+11,1.5517648693e+10,1.1915050169e+07
690,2.4840000000e+06,2,1.4903182859e+11,1.5782041759e+10,4.4432973929e+07
691,2.4876000000e+06,0,-1.8711927956e+08,-7.6987696423e+08,1.4183545960e+07
691,2.4876000000e+06,1,1.4876037727e+11,1.5623829096e+10,1.1907080366e+07
691,2.4876000000e+06,2,1.4901567171e+11,1.5890823670e+10,4.4495653778e+07
692,2.4912000000e+06,0,-1.8708066811e+08,-7.6986267601e+08,1.4182741721e+07
692,2.4912000000e+06,1,1.4874693893e+11,1.5730001451e+10,1.1899152328e+07
692,2.4912000000e+06,2,1.4899941312e+11,1.5999570068e+10,4.4555017236e+07
693,2.4948000000e+06,0,-1.8704205642e+08,-7.6984838775e+08,1.4181937481e+07
693,2.4948000000e+06,1,1.4873342477e+11,1.5836165707e+10,1.1891266165e+07
693,2.4948000000e+06,2,1.4898305312e+11,1.6108280622e+10,4.4611055777e+07
694,2.4984000000e+06,0,-1.8700344450e+08,-7.6983409947e+08,1.4181133241e+07
694,2.4984000000e+06,1,1.4871983479e+11,1.5942321814e+10,1.1883421979e+07
694,2.4984000000e+06,2,1.4896659196e+11,1.6216955005e+10,4.4663761247e+07
695,2.5020000000e+06,0,-1.8696483235e+08,-7.6981981117e+08,1.4180329001e+07
695,2.5020000000e+06,1,1.4870616899e+11,1.6048469719e+10,1.1875619870e+07
695,2.5020000000e+06,2,1.4895002995e+11,1.6325592892e+10,4.4713125867e+07
696,2.5056000000e+06,0,-1.8692621997e+08,-7.6980552284e+08,1.4179524762e+07
696,2.5056000000e+06,1,1.4869242737e+11,1.6154609372e+10,1.1867859931e+07
696,2.5056000000e+06,2,1.4893336735e+11,1.6434193961e+10,4.4759142237e+07
697,2.5092000000e+06,0,-1.8688760736e+08,-7.6979123448e+08,1.4178720522e+07
697,2.5092000000e+06,1,1.4867860994e+11,1.6260740721e+10,1.1860142254e+07
697,2.5092000000e+06,2,1.4891660446e+11,1.6542757893e+10,4.4801803330e+07
698,2.5128000000e+06,0,-1.8684899452e+08,-7.6977694610e+08,1.4177916282e+07
698,2.5128000000e+06,1,1.4866471670e+11,1.6366863715e+10,1.1852466922e+07
698,2.5128000000e+06,2,1.4889974157e+11,1.6651284372e+10,4.4841102501e+07
699,2.5164000000e+06,0,-1.8681038145e+08,-7.6976265769e+08,1.4177112043e+07
699,2.5164000000e+06,1,1.4865074764e+11,1.6472978303e+10,1.1844834016e+07
699,2.5164000000e+06,2,1.4888277897e+11,1.6759773086e+10,4.4877033485e+07
700,2.5200000000e+06,0,-1.8677176814e+08,-7.6974836925e+08,1.4176307803e+07
700,2.5200000000e+06,1,1.4863670276e+11,1.6579084432e+10,1.1837243611e+07
700,2.5200000000e+06,2,1.4886571696e+11,1.6868223725e+10,4.4909590397e+07
701,2.5236000000e+06,0,-1.8673315460e+08,-7.6973408079e+08,1.4175503563e+07
701,2.5236000000e+06,1,1.4862258208e+11,1.6685182053e+10,1.1829695780e+07
701,2.5236000000e+06,2,1.4884855583e+11,1.6976635982e+10,4.4938767736e+07
702,2.5272000000e+06,0,-1.8669454083e+08,-7.6971979230e+08,1.4174699324e+07
702,2.5272000000e+06,1,1.4860838558e+11,1.6791271112e+10,1.1822190587e+07
702,2.5272000000e+06,2,1.4883129590e+11,1.7085009555e+10,4.4964560385e+07
703,2.5308000000e+06,0,-1.8665592683e+08,-7.6970550378e+08,1.4173895084e+07
703,2.5308000000e+06,1,1.4859411327e+11,1.6897351559e+10,1.1814728094e+07
703,2.5308000000e+06,2,1.4881393745e+11,1.7193344142e+10,4.4986963609e+07
704,2.5344000000e+06,0,-1.8661731260e+08,-7.6969121524e+08,1.4173090844e+07
704,2.5344000000e+06,1,1.4857976515e+11,1.7003423342e+10,1.1807308359e+07
704,2.5344000000e+06,2,1.4879648081e+11,1.7301639446e+10,4.5005973061e+07
705,2.5380000000e+06,0,-1.8657869814e+08,-7.6967692666e+08,1.4172286604e+07
705,2.5380000000e+06,1,1.4856534122e+11,1.7109486409e+10,1.1799931433e+07
705,2.5380000000e+06,2,1.4877892628e+11,1.7409895175e+10,4.5021584779e+07
706,2.5416000000e+06,0,-1.8654008345e+08,-7.6966263806e+08,1.4171482365e+07
706,2.5416000000e+06,1,1.4855084148e+11,1.7215540709e+10,1.1792597363e+07
706,2.5416000000e+06,2,1.4876127418e+11,1.7518111038e+10,4.5033795189e+07
707,2.5452000000e+06,0,-1.8650146852e+08,-7.6964834943e+08,1.4170678125e+07
707,2.5452000000e+06,1,1.4853626593e+11,1.7321586190e+10,1.1785306192e+07
707,2.5452000000e+06,2,1.4874352482e+11,1.7626286748e+10,4.5042601103e+07
708,2.5488000000e+06,0,-1.8646285337e+08,-7.6963406078e+08,1.4169873885e+07
708,2.5488000000e+06,1,1.4852161458e+11,1.7427622799e+10,1.1778057958e+07
708,2.5488000000e+06,2,1.4872567852e+11,1.7734422022e+10,4.5047999725e+07
709,2.5524000000e+06,0,-1.8642423798e+08,-7.6961977209e+08,1.4169069645e+07
709,2.5524000000e+06,1,1.4850688743e+11,1.7533650487e+10,1.1770852693e+07
709,2.5524000000e+06,2,1.4870773560e+11,1.7842516578e+10,4.5049988644e+07
710,2.5560000000e+06,0,-1.8638562236e+08,-7.6960548338e+08,1.4168265406e+07
710,2.5560000000e+06,1,1.4849208446e+11,1.7639669200e+10,1.1763690426e+07
710,2.5560000000e+06,2,1.4868969638e+11,1.7950570141e+10,4.5048565841e+07
711,2.5596000000e+06,0,-1.8634700651e+08,-7.6959119464e+08,1.4167461166e+07
711,2.5596000000e+06,1,1.4847720570e+11,1.7745678886e+10,1.1756571180e+07
711,2.5596000000e+06,2,1.4867156120e+11,1.8058582437e+10,4.5043729686e+07
712,2.5632000000e+06,0,-1.8630839043e+08,-7.6957690586e+08,1.4166656926e+07
712,2.5632000000e+06,1,1.4846225113e+11,1.7851679494e+10,1.1749494974e+07
712,2.5632000000e+06,2,1.4865333038e+11,1.8166553197e+10,4.5035478941e+07
713,2.5668000000e+06,0,-1.8626977412e+08,-7.6956261706e+08,1.4165852686e+07
713,2.5668000000e+06,1,1.4844722076e+11,1.7957670973e+10,1.1742461820e+07
713,2.5668000000e+06,2,1.4863500425e+11,1.8274482154e+10,4.5023812756e+07
714,2.5704000000e+06,0,-1.8623115757e+08,-7.6954832823e+08,1.4165048447e+07
714,2.5704000000e+06,1,1.4843211459e+11,1.8063653268e+10,1.1735471729e+07
714,2.5704000000e+06,2,1.4861658315e+11,1.8382369045e+10,4.5008730674e+07
715,2.5740000000e+06,0,-1.8619254080e+08,-7.6953403938e+08,1.4164244207e+07
715,2.5740000000e+06,1,1.4841693262e+11,1.8169626330e+10,1.1728524703e+07
715,2.5740000000e+06,2,1.4859806741e+11,1.8490213612e+10,4.4990232629e+07
716,2.5776000000e+06,0,-1.8615392379e+08,-7.6951975049e+08,1.4163439967e+07
716,2.5776000000e+06,1,1.4840167485e+11,1.8275590105e+10,1.1721620744e+07
716,2.5776000000e+06,2,1.4857945737e+11,1.8598015600e+10,4.4968318944e+07
717,2.5812000000e+06,0,-1.8611530656e+08,-7.6950546157e+08,1.4162635727e+07
717,2.5812000000e+06,1,1.4838634129e+11,1.8381544542e+10,1.1714759844e+07
717,2.5812000000e+06,2,1.4856075338e+11,1.8705774756e+10,4.4942990336e+07
718,2.5848000000e+06,0,-1.8607668909e+08,-7.6949117262e+08,1.4161831488e+07
718,2.5848000000e+06,1,1.4837093193e+11,1.8487489589e+10,1.1707941994e+07
718,2.5848000000e+06,2,1.4854195576e+11,1.8813490832e+10,4.4914247912e+07
719,2.5884000000e+06,0,-1.8603807139e+08,-7.6947688365e+08,1.4161027248e+07
719,2.5884000000e+06,1,1.4835544677e+11,1.8593425192e+10,1.1701167178e+07
719,2.5884000000e+06,2,1.4852306488e+11,1.8921163585e+10,4.4882093170e+07
720,2.5920000000e+06,0,-1.8599945346e+08,-7.6946259464e+08,1.4160223008e+07
720,2.5920000000e+06,1,1.4833988582e+11,1.8699351300e+10,1.1694435377e+07
720,2.5920000000e+06,2,1.4850408108e+11,1.9028792773e+10,4.4846527998e+07
721,2.5956000000e+06,0,-1.8596083530e+08,-7.6944830560e+08,1.4159418768e+07
721,2.5956000000e+06,1,1.4832424907e+11,1.8805267861e+10,1.1687746566e+07
721,2.5956000000e+06,2,1.4848500470e+11,1.9136378159e+10,4.4807554677e+07
722,2.5992000000e+06,0,-1.8592221690e+08,-7.6943401653e+08,1.4158614529e+07
722,2.5992000000e+06,1,1.4830853653e+11,1.8911174822e+10,1.1681100715e+07
722,2.5992000000e+06,2,1.4846583609e+11,1.9243919512e+10,4.4765175876e+07
723,2.6028000000e+06,0,-1.8588359828e+08,-7.6941972743e+08,1.4157810289e+07
723,2.6028000000e+06,1,1.4829274820e+11,1.9017072130e+10,1.1674497790e+07
723,2.6028000000e+06,2,1.4844657562e+11,1.9351416600e+10,4.4719394655e+07
724,2.6064000000e+06,0,-1.8584497943e+08,-7.6940543830e+08,1.4157006049e+07
724,2.6064000000e+06,1,1.4827688408e+11,1.9122959734e+10,1.1667937751e+07
724,2.6064000000e+06,2,1.4842722364e+11,1.9458869200e+10,4.4670214465e+07
725,2.6100000000e+06,0,-1.8580636034e+08,-7.6939114914e+08,1.4156201809e+07
725,2.6100000000e+06,1,1.4826094417e+11,1.9228837581e+10,1.1661420555e+07
725,2.6100000000e+06,2,1.4840778050e+11,1.9566277089e+10,4.4617639145e+07
726,2.6136000000e+06,0,-1.8576774103e+08,-7.6937685995e+08,1.4155397570e+07
726,2.6136000000e+06,1,1.4824492848e+11,1.9334705618e+10,1.1654946153e+07
726,2.6136000000e+06,2,1.4838824657e+11,1.9673640049e+10,4.4561672920e+07
727,2.6172000000e+06,0,-1.8572912148e+08,-7.6936257073e+08,1.4154593330e+07
727,2.6172000000e+06,1,1.4822883699e+11,1.9440563793e+10,1.1648514492e+07
727,2.6172000000e+06,2,1.4836862219e+11,1.9780957868e+10,4.4502320408e+07
728,2.6208000000e+06,0,-1.8569050170e+08,-7.6934828147e+08,1.4153789090e+07
728,2.6208000000e+06,1,1.4821266972e+11,1.9546412053e+10,1.1642125513e+07
728,2.6208000000e+06,2,1.4834890775e+11,1.9888230334e+10,4.4439586610e+07
729,2.6244000000e+06,0,-1.8565188169e+08,-7.6933399219e+08,1.4152984850e+07
729,2.6244000000e+06,1,1.4819642667e+11,1.9652250346e+10,1.1635779153e+07
729,2.6244000000e+06,2,1.4832910359e+11,1.9995457243e+10,4.4373476916e+07
730,2.6280000000e+06,0,-1.8561326145e+08,-7.6931970287e+08,1.4152180610e+07
730,2.6280000000e+06,1,1.4818010783e+11,1.9758078618e+10,1.1629475344e+07
730,2.6280000000e+06,2,1.4830921010e+11,2.0102638391e+10,4.4303997101e+07
731,2.6316000000e+06,0,-1.8557464098e+08,-7.6930541352e+08,1.4151376371e+07
731,2.6316000000e+06,1,1.4816371321e+11,1.9863896817e+10,1.1623214015e+07
731,2.6316000000e+06,2,1.4828922762e+11,2.0209773582e+10,4.4231153324e+07
732,2.6352000000e+06,0,-1.8553602028e+08,-7.6929112414e+08,1.4150572131e+07
732,2.6352000000e+06,1,1.4814724282e+11,1.9969704889e+10,1.1616995087e+07
732,2.6352000000e+06,2,1.4826915654e+11,2.0316862621e+10,4.4154952130e+07
733,2.6388000000e+06,0,-1.8549739934e+08,-7.6927683472e+08,1.4149767891e+07
733,2.6388000000e+06,1,1.4813069664e+11,2.0075502784e+10,1.1610818479e+07
733,2.6388000000e+06,2,1.4824899723e+11,2.0423905318e+10,4.4075400445e+07
734,2.6424000000e+06,0,-1.8545877818e+08,-7.6926254528e+08,1.4148963651e+07
734,2.6424000000e+06,1,1.4811407468e+11,2.0181290446e+10,1.1604684105e+07
734,2.6424000000e+06,2,1.4822875006e+11,2.0530901487e+10,4.3992505578e+07
735,2.6460000000e+06,0,-1.8542015679e+08,-7.6924825580e+08,1.4148159411e+07
735,2.6460000000e+06,1,1.4809737695e+11,2.0287067824e+10,1.1598591872e+07
735,2.6460000000e+06,2,1.4820841539e+11,2.0637850947e+10,4.3906275219e+07
736,2.6496000000e+06,0,-1.8538153516e+08,-7.6923396628e+08,1.4147355171e+07
736,2.6496000000e+06,1,1.4808060344e+11,2.0392834864e+10,1.1592541685e+07
736,2.6496000000e+06,2,1.4818799361e+11,2.0744753519e+10,4.3816717436e+07
737,2.6532000000e+06,0,-1.8534291331e+08,-7.6921967674e+08,1.4146550932e+07
737,2.6532000000e+06,1,1.4806375416e+11,2.0498591513e+10,1.1586533444e+07
737,2.6532000000e+06,2,1.4816748510e+11,2.0851609029e+10,4.3723840677e+07
738,2.6568000000e+06,0,-1.8530429122e+08,-7.6920538716e+08,1.4145746692e+07
738,2.6568000000e+06,1,1.4804682910e+11,2.0604337718e+10,1.1580567042e+07
738,2.6568000000e+06,2,1.4814689022e+11,2.0958417309e+10,4.3627653768e+07
739,2.6604000000e+06,0,-1.8526566890e+08,-7.6919109755e+08,1.4144942452e+07
739,2.6604000000e+06,1,1.4802982828e+11,2.0710073426e+10,1.1574642371e+07
739,2.6604000000e+06,2,1.4812620937e+11,2.1065178192e+10,4.3528165908e+07
740,2.6640000000e+06,0,-1.8522704635e+08,-7.6917680790e+08,1.4144138212e+07
740,2.6640000000e+06,1,1.4801275168e+11,2.0815798584e+10,1.1568759315e+07
740,2.6640000000e+06,2,1.4810544291e+11,2.1171891517e+10,4.3425386673e+07
741,2.6676000000e+06,0,-1.8518842357e+08,-7.6916251823e+08,1.4143333972e+07
741,2.6676000000e+06,1,1.4799559931e+11,2.0921513138e+10,1.1562917756e+07
741,2.6676000000e+06,2,1.4808459124e+11,2.1278557127e+10,4.3319326012e+07
742,2.6712000000e+06,0,-1.8514980056e+08,-7.6914822851e+08,1.4142529732e+07
742,2.6712000000e+06,1,1.4797837118e+11,2.1027217036e+10,1.1557117570e+07
742,2.6712000000e+06,2,1.4806365473e+11,2.1385174868e+10,4.3209994243e+07
743,2.6748000000e+06,0,-1.8511117732e+08,-7.6913393877e+08,1.4141725493e+07
743,2.6748000000e+06,1,1.4796106729e+11,2.1132910223e+10,1.1551358628e+07
743,2.6748000000e+06,2,1.4804263376e+11,2.1491744591e+10,4.3097402056e+07
744,2.6784000000e+06,0,-1.8507255385e+08,-7.6911964899e+08,1.4140921253e+07
744,2.6784000000e+06,1,1.4794368763e+11,2.1238592647e+10,1.1545640798e+07
744,2.6784000000e+06,2,1.4802152873e+11,2.1598266152e+10,4.2981560510e+07
745,2.6820000000e+06,0,-1.8503393015e+08,-7.6910535917e+08,1.4140117013e+07
745,2.6820000000e+06,1,1.4792623220e+11,2.1344264253e+10,1.1539963943e+07
745,2.6820000000e+06,2,1.4800034001e+11,2.1704739410e+10,4.2862481028e+07
746,2.6856000000e+06,0,-1.8499530622e+08,-7.6909106932e+08,1.4139312773e+07
746,2.6856000000e+06,1,1.4790870102e+11,2.1449924990e+10,1.1534327920e+07
746,2.6856000000e+06,2,1.4797906799e+11,2.1811164227e+10,4.2740175400e+07
747,2.6892000000e+06,0,-1.8495668206e+08,-7.6907677944e+08,1.4138508533e+07
747,2.6892000000e+06,1,1.4789109408e+11,2.1555574801e+10,1.1528732585e+07
747,2.6892000000e+06,2,1.4795771307e+11,2.1917540473e+10,4.2614655780e+07
748,2.6928000000e+06,0,-1.8491805766e+08,-7.6906248952e+08,1.4137704293e+07
748,2.6928000000e+06,1,1.4787341138e+11,2.1661213636e+10,1.1523177785e+07
748,2.6928000000e+06,2,1.4793627562e+11,2.2023868018e+10,4.2485934680e+07
749,2.6964000000e+06,0,-1.8487943304e+08,-7.6904819957e+08,1.4136900053e+07
749,2.6964000000e+06,1,1.4785565293e+11,2.1766841438e+10,1.1517663366e+07
749,2.6964000000e+06,2,1.4791475604e+11,2.2130146739e+10,4.2354024975e+07
750,2.7000000000e+06,0,-1.8484080818e+08,-7.6903390958e+08,1.4136095814e+07
750,2.7000000000e+06,1,1.4783781872e+11,2.1872458156e+10,1.1512189169e+07
750,2.7000000000e+06,2,1.4789315471e+11,2.2236376516e+10,4.2218939896e+07
751,2.7036000000e+06,0,-1.8480218310e+08,-7.6901961956e+08,1.4135291574e+07
751,2.7036000000e+06,1,1.4781990876e+11,2.1978063735e+10,1.1506755029e+07
751,2.7036000000e+06,2,1.4787147203e+11,2.2342557233e+10,4.2080693029e+07
752,2.7072000000e+06,0,-1.8476355778e+08,-7.6900532950e+08,1.4134487334e+07
752,2.7072000000e+06,1,1.4780192305e+11,2.2083658121e+10,1.1501360779e+07
752,2.7072000000e+06,2,1.4784970838e+11,2.2448688779e+10,4.1939298315e+07
753,2.7108000000e+06,0,-1.8472493224e+08,-7.6899103940e+08,1.4133683094e+07
753,2.7108000000e+06,1,1.4778386159e+11,2.2189241260e+10,1.1496006245e+07
753,2.7108000000e+06,2,1.4782786416e+11,2.2554771047e+10,4.1794770046e+07
754,2.7144000000e+06,0,-1.8468630646e+08,-7.6897674927e+08,1.4132878854e+07
754,2.7144000000e+06,1,1.4776572438e+11,2.2294813099e+10,1.1490691252e+07
754,2.7144000000e+06,2,1.4780593976e+11,2.2660803934e+10,4.1647122863e+07
755,2.7180000000e+06,0,-1.8464768045e+08,-7.6896245910e+08,1.4132074614e+07
755,2.7180000000e+06,1,1.4774751143e+11,2.2400373584e+10,1.1485415618e+07
755,2.7180000000e+06,2,1.4778393557e+11,2.2766787341e+10,4.1496371754e+07
756,2.7216000000e+06,0,-1.8460905421e+08,-7.6894816890e+08,1.4131270374e+07
756,2.7216000000e+06,1,1.4772922274e+11,2.2505922660e+10,1.1480179157e+07
756,2.7216000000e+06,2,1.4776185197e+11,2.2872721174e+10,4.1342532054e+07
757,2.7252000000e+06,0,-1.8457042775e+08,-7.6893387866e+08,1.4130466134e+07
757,2.7252000000e+06,1,1.4771085830e+11,2.2611460274e+10,1.1474981680e+07
757,2.7252000000e+06,2,1.4773968938e+11,2.2978605343e+10,4.1185619437e+07
758,2.7288000000e+06,0,-1.8453180105e+08,-7.6891958839e+08,1.4129661895e+07
758,2.7288000000e+06,1,1.4769241813e+11,2.2716986371e+10,1.1469822994e+07
758,2.7288000000e+06,2,1.4771744817e+11,2.3084439761e+10,4.1025649922e+07
759,2.7324000000e+06,0,-1.8449317412e+08,-7.6890529808e+08,1.4128857655e+07
759,2.7324000000e+06,1,1.4767390222e+11,2.2822500898e+10,1.1464702900e+07
759,2.7324000000e+06,2,1.4769512875e+11,2.3190224347e+10,4.0862639863e+07
760,2.7360000000e+06,0,-1.8445454696e+08,-7.6889100773e+08,1.4128053415e+07
760,2.7360000000e+06,1,1.4765531058e+11,2.2928003800e+10,1.1459621196e+07
760,2.7360000000e+06,2,1.4767273149e+11,2.3295959023e+10,4.0696605950e+07
761,2.7396000000e+06,0,-1.8441591957e+08,-7.6887671734e+08,1.4127249175e+07
761,2.7396000000e+06,1,1.4763664320e+11,2.3033495022e+10,1.1454577677e+07
761,2.7396000000e+06,2,1.4765025681e+11,2.3401643717e+10,4.0527565209e+07
762,2.7432000000e+06,0,-1.8437729195e+08,-7.6886242692e+08,1.4126444935e+07
762,2.7432000000e+06,1,1.4761790009e+11,2.3138974511e+10,1.1449572131e+07
762,2.7432000000e+06,2,1.4762770509e+11,2.3507278358e+10,4.0355534992e+07
763,2.7468000000e+06,0,-1.8433866410e+08,-7.6884813646e+08,1.4125640695e+07
763,2.7468000000e+06,1,1.4759908126e+11,2.3244442212e+10,1.1444604346e+07
763,2.7468000000e+06,2,1.4760507672e+11,2.3612862882e+10,4.0180532985e+07
764,2.7504000000e+06,0,-1.8430003602e+08,-7.6883384596e+08,1.4124836455e+07
764,2.7504000000e+06,1,1.4758018669e+11,2.3349898071e+10,1.1439674102e+07
764,2.7504000000e+06,2,1.4758237211e+11,2.3718397229e+10,4.0002577195e+07
765,2.7540000000e+06,0,-1.8426140771e+08,-7.6881955543e+08,1.4124032215e+07
765,2.7540000000e+06,1,1.4756121641e+11,2.3455342034e+10,1.1434781177e+07
765,2.7540000000e+06,2,1.4755959163e+11,2.3823881342e+10,3.9821685954e+07
766,2.7576000000e+06,0,-1.8422277917e+08,-7.6880526485e+08,1.4123227975e+07
766,2.7576000000e+06,1,1.4754217040e+11,2.3560774045e+10,1.1429925346e+07
766,2.7576000000e+06,2,1.4753673569e+11,2.3929315168e+10,3.9637877916e+07
767,2.7612000000e+06,0,-1.8418415040e+08,-7.6879097424e+08,1.4122423735e+07
767,2.7612000000e+06,1,1.4752304868e+11,2.3666194050e+10,1.1425106377e+07
767,2.7612000000e+06,2,1.4751380468e+11,2.4034698661e+10,3.9451172050e+07
768,2.7648000000e+06,0,-1.8414552140e+08,-7.6877668359e+08,1.4121619495e+07
768,2.7648000000e+06,1,1.4750385123e+11,2.3771601995e+10,1.1420324038e+07
768,2.7648000000e+06,2,1.4749079900e+11,2.4140031775e+10,3.9261587643e+07
769,2.7684000000e+06,0,-1.8410689217e+08,-7.6876239291e+08,1.4120815255e+07
769,2.7684000000e+06,1,1.4748457808e+11,2.3876997826e+10,1.1415578090e+07
769,2.7684000000e+06,2,1.4746771903e+11,2.4245314472e+10,3.9069144292e+07
770,2.7720000000e+06,0,-1.8406826271e+08,-7.6874810218e+08,1.4120011016e+07
770,2.7720000000e+06,1,1.4746522921e+11,2.3982381486e+10,1.1410868292e+07
770,2.7720000000e+06,2,1.4744456517e+11,2.4350546716e+10,3.8873861905e+07
771,2.7756000000e+06,0,-1.8402963302e+08,-7.6873381142e+08,1.4119206776e+07
771,2.7756000000e+06,1,1.4744580463e+11,2.4087752922e+10,1.1406194398e+07
771,2.7756000000e+06,2,1.4742133781e+11,2.4455728476e+10,3.8675760696e+07
772,2.7792000000e+06,0,-1.8399100309e+08,-7.6871952062e+08,1.4118402536e+07
772,2.7792000000e+06,1,1.4742630434e+11,2.4193112079e+10,1.1401556159e+07
772,2.7792000000e+06,2,1.4739803734e+11,2.4560859725e+10,3.8474861183e+07
773,2.7828000000e+06,0,-1.8395237294e+08,-7.6870522977e+08,1.4117598296e+07
773,2.7828000000e+06,1,1.4740672836e+11,2.4298458901e+10,1.1396953323e+07
773,2.7828000000e+06,2,1.4737466415e+11,2.4665940440e+10,3.8271184186e+07
774,2.7864000000e+06,0,-1.8391374256e+08,-7.6869093889e+08,1.4116794056e+07
774,2.7864000000e+06,1,1.4738707667e+11,2.4403793335e+10,1.1392385633e+07
774,2.7864000000e+06,2,1.4735121865e+11,2.4770970603e+10,3.8064750822e+07
775,2.7900000000e+06,0,-1.8387511195e+08,-7.6867664797e+08,1.4115989816e+07
775,2.7900000000e+06,1,1.4736734928e+11,2.4509115325e+10,1.1387852828e+07
775,2.7900000000e+06,2,1.4732770120e+11,2.4875950198e+10,3.7855582503e+07
776,2.7936000000e+06,0,-1.8383648111e+08,-7.6866235701e+08,1.4115185576e+07
776,2.7936000000e+06,1,1.4734754619e+11,2.4614424816e+10,1.1383354646e+07
776,2.7936000000e+06,2,1.4730411222e+11,2.4980879216e+10,3.7643700934e+07
777,2.7972000000e+06,0,-1.8379785004e+08,-7.6864806601e+08,1.4114381336e+07
777,2.7972000000e+06,1,1.4732766741e+11,2.4719721753e+10,1.1378890818e+07
777,2.7972000000e+06,2,1.4728045207e+11,2.5085757649e+10,3.7429128109e+07
778,2.8008000000e+06,0,-1.8375921873e+08,-7.6863377498e+08,1.4113577096e+07
778,2.8008000000e+06,1,1.4730771295e+11,2.4825006081e+10,1.1374461074e+07
778,2.8008000000e+06,2,1.4725672116e+11,2.5190585498e+10,3.7211886306e+07
779,2.8044000000e+06,0,-1.8372058720e+08,-7.6861948390e+08,1.4112772856e+07
779,2.8044000000e+06,1,1.4728768279e+11,2.4930277745e+10,1.1370065141e+07
779,2.8044000000e+06,2,1.4723291988e+11,2.5295362762e+10,3.6991998088e+07
780,2.8080000000e+06,0,-1.8368195544e+08,-7.6860519278e+08,1.4111968616e+07
780,2.8080000000e+06,1,1.4726757695e+11,2.5035536690e+10,1.1365702739e+07
780,2.8080000000e+06,2,1.4720904860e+11,2.5400089448e+10,3.6769486298e+07
781,2.8116000000e+06,0,-1.8364332345e+08,-7.6859090162e+08,1.4111164376e+07
781,2.8116000000e+06,1,1.4724739543e+11,2.5140782860e+10,1.1361373588e+07
781,2.8116000000e+06,2,1.4718510771e+11,2.5504765567e+10,3.6544374054e+07
782,2.8152000000e+06,0,-1.8360469123e+08,-7.6857661042e+08,1.4110360136e+07
782,2.8152000000e+06,1,1.4722713823e+11,2.5246016200e+10,1.1357077404e+07
782,2.8152000000e+06,2,1.4716109761e+11,2.5609391132e+10,3.6316684749e+07
783,2.8188000000e+06,0,-1.8356605878e+08,-7.6856231918e+08,1.4109555896e+07
783,2.8188000000e+06,1,1.4720680535e+11,2.5351236655e+10,1.1352813899e+07
783,2.8188000000e+06,2,1.4713701867e+11,2.5713966163e+10,3.6086442044e+07
784,2.8224000000e+06,0,-1.8352742610e+08,-7.6854802790e+08,1.4108751656e+07
784,2.8224000000e+06,1,1.4718639681e+11,2.5456444169e+10,1.1348582781e+07
784,2.8224000000e+06,2,1.4711287128e+11,2.5818490681e+10,3.5853669868e+07
785,2.8260000000e+06,0,-1.8348879319e+08,-7.6853373658e+08,1.4107947416e+07
785,2.8260000000e+06,1,1.4716591259e+11,2.5561638688e+10,1.1344383757e+07
785,2.8260000000e+06,2,1.4708865582e+11,2.5922964712e+10,3.5618392416e+07
786,2.8296000000e+06,0,-1.8345016005e+08,-7.6851944522e+08,1.4107143176e+07
786,2.8296000000e+06,1,1.4714535271e+11,2.5666820155e+10,1.1340216528e+07
786,2.8296000000e+06,2,1.4706437268e+11,2.6027388288e+10,3.5380634139e+07
787,2.8332000000e+06,0,-1.8341152668e+08,-7.6850515381e+08,1.4106338936e+07
787,2.8332000000e+06,1,1.4712471716e+11,2.5771988515e+10,1.1336080795e+07
787,2.8332000000e+06,2,1.4704002223e+11,2.6131761443e+10,3.5140419748e+07
788,2.8368000000e+06,0,-1.8337289308e+08,-7.6849086237e+08,1.4105534696e+07
788,2.8368000000e+06,1,1.4710400596e+11,2.5877143713e+10,1.1331976252e+07
788,2.8368000000e+06,2,1.4701560485e+11,2.6236084214e+10,3.4897774206e+07
789,2.8404000000e+06,0,-1.8333425925e+08,-7.6847657088e+08,1.4104730456e+07
789,2.8404000000e+06,1,1.4708321910e+11,2.5982285693e+10,1.1327902595e+07
789,2.8404000000e+06,2,1.4699112092e+11,2.6340356645e+10,3.4652722728e+07
790,2.8440000000e+06,0,-1.8329562519e+08,-7.6846227935e+08,1.4103926216e+07
790,2.8440000000e+06,1,1.4706235659e+11,2.6087414399e+10,1.1323859512e+07
790,2.8440000000e+06,2,1.4696657082e+11,2.6444578782e+10,3.4405290775e+07
791,2.8476000000e+06,0,-1.8325699090e+08,-7.6844798778e+08,1.4103121976e+07
791,2.8476000000e+06,1,1.4704141843e+11,2.6192529776e+10,1.1319846690e+07
791,2.8476000000e+06,2,1.4694195493e+11,2.6548750676e+10,3.4155504050e+07
792,2.8512000000e+06,0,-1.8321835638e+08,-7.6843369617e+08,1.4102317736e+07
792,2.8512000000e+06,1,1.4702040462e+11,2.6297631767e+10,1.1315863814e+07
792,2.8512000000e+06,2,1.4691727361e+11,2.6652872379e+10,3.3903388497e+07
793,2.8548000000e+06,0,-1.8317972163e+08,-7.6841940452e+08,1.4101513496e+07
793,2.8548000000e+06,1,1.4699931517e+11,2.6402720318e+10,1.1311910566e+07
793,2.8548000000e+06,2,1.4689252724e+11,2.6756943951e+10,3.3648970298e+07
794,2.8584000000e+06,0,-1.8314108666e+08,-7.6840511282e+08,1.4100709256e+07
794,2.8584000000e+06,1,1.4697815009e+11,2.6507795372e+10,1.1307986622e+07
794,2.8584000000e+06,2,1.4686771620e+11,2.6860965453e+10,3.3392275865e+07
795,2.8620000000e+06,0,-1.8310245145e+08,-7.6839082108e+08,1.4099905016e+07
795,2.8620000000e+06,1,1.4695690937e+11,2.6612856873e+10,1.1304091660e+07
795,2.8620000000e+06,2,1.4684284085e+11,2.6964936952e+10,3.3133331841e+07
796,2.8656000000e+06,0,-1.8306381601e+08,-7.6837652930e+08,1.4099100776e+07
796,2.8656000000e+06,1,1.4693559302e+11,2.6717904765e+10,1.1300225351e+07
796,2.8656000000e+06,2,1.4681790157e+11,2.7068858517e+10,3.2872165095e+07
797,2.8692000000e+06,0,-1.8302518035e+08,-7.6836223747e+08,1.4098296536e+07
797,2.8692000000e+06,1,1.4691420105e+11,2.6822938994e+10,1.1296387366e+07
797,2.8692000000e+06,2,1.4679289871e+11,2.7172730221e+10,3.2608802717e+07
798,2.8728000000e+06,0,-1.8298654445e+08,-7.6834794560e+08,1.4097492296e+07
798,2.8728000000e+06,1,1.4689273345e+11,2.6927959501e+10,1.1292577372e+07
798,2.8728000000e+06,2,1.4676783265e+11,2.7276552143e+10,3.2343272017e+07
799,2.8764000000e+06,0,-1.8294790833e+08,-7.6833365369e+08,1.4096688056e+07
799,2.8764000000e+06,1,1.4687119023e+11,2.7032966233e+10,1.1288795034e+07
799,2.8764000000e+06,2,1.4674270375e+11,2.7380324362e+10,3.2075600519e+07
800,2.8800000000e+06,0,-1.8290927197e+08,-7.6831936174e+08,1.4095883816e+07
800,2.8800000000e+06,1,1.4684957140e+11,2.7137959131e+10,1.1285040014e+07
800,2.8800000000e+06,2,1.4671751238e+11,2.7484046965e+10,3.1805815959e+07
801,2.8836000000e+06,0,-1.8287063539e+08,-7.6830506974e+08,1.4095079575e+07
801,2.8836000000e+06,1,1.4682787696e+11,2.7242938141e+10,1.1281311971e+07
801,2.8836000000e+06,2,1.4669225889e+11,2.7587720039e+10,3.1533946279e+07
802,2.8872000000e+06,0,-1.8283199858e+08,-7.6829077770e+08,1.4094275335e+07
802,2.8872000000e+06,1,1.4680610691e+11,2.7347903206e+10,1.1277610563e+07
802,2.8872000000e+06,2,1.4666694364e+11,2.7691343677e+10,3.1260019628e+07
803,2.8908000000e+06,0,-1.8279336153e+08,-7.6827648561e+08,1.4093471095e+07
803,2.8908000000e+06,1,1.4678426127e+11,2.7452854270e+10,1.1273935443e+07
803,2.8908000000e+06,2,1.4664156699e+11,2.7794917975e+10,3.0984064353e+07
804,2.8944000000e+06,0,-1.8275472426e+08,-7.6826219348e+08,1.4092666855e+07
804,2.8944000000e+06,1,1.4676234002e+11,2.7557791276e+10,1.1270286265e+07
804,2.8944000000e+06,2,1.4661612930e+11,2.7898443033e+10,3.0706108997e+07
805,2.8980000000e+06,0,-1.8271608676e+08,-7.6824790131e+08,1.4091862615e+07
805,2.8980000000e+06,1,1.4674034318e+11,2.7662714169e+10,1.1266662678e+07
805,2.8980000000e+06,2,1.4659063091e+11,2.8001918954e+10,3.0426182299e+07
806,2.9016000000e+06,0,-1.8267744903e+08,-7.6823360909e+08,1.4091058375e+07
806,2.9016000000e+06,1,1.4671827075e+11,2.7767622892e+10,1.1263064330e+07
806,2.9016000000e+06,2,1.4656507219e+11,2.8105345845e+10,3.0144313184e+07
807,2.9052000000e+06,0,-1.8263881107e+08,-7.6821931683e+08,1.4090254135e+07
807,2.9052000000e+06,1,1.4669612274e+11,2.7872517388e+10,1.1259490865e+07
807,2.9052000000e+06,2,1.4653945348e+11,2.8208723816e+10,2.9860530762e+07
808,2.9088000000e+06,0,-1.8260017288e+08,-7.6820502452e+08,1.4089449895e+07
808,2.9088000000e+06,1,1.4667389914e+11,2.7977397602e+10,1.1255941926e+07
808,2.9088000000e+06,2,1.4651377514e+11,2.8312052982e+10,2.9574864328e+07
809,2.9124000000e+06,0,-1.8256153446e+08,-7.6819073216e+08,1.4088645655e+07
809,2.9124000000e+06,1,1.4665159998e+11,2.8082263476e+10,1.1252417155e+07
809,2.9124000000e+06,2,1.4648803750e+11,2.8415333461e+10,2.9287343352e+07
810,2.9160000000e+06,0,-1.8252289582e+08,-7.6817643977e+08,1.4087841415e+07
810,2.9160000000e+06,1,1.4662922524e+11,2.8187114955e+10,1.1248916190e+07
810,2.9160000000e+06,2,1.4646224091e+11,2.8518565374e+10,2.8997997477e+07
811,2.9196000000e+06,0,-1.8248425694e+08,-7.6816214732e+08,1.4087037175e+07
811,2.9196000000e+06,1,1.4660677493e+11,2.8291951981e+10,1.1245438668e+07
811,2.9196000000e+06,2,1.4643638571e+11,2.8621748845e+10,2.8706856518e+07
812,2.9232000000e+06,0,-1.8244561784e+08,-7.6814785484e+08,1.4086232935e+07
812,2.9232000000e+06,1,1.4658424907e+11,2.8396774498e+10,1.1241984222e+07
812,2.9232000000e+06,2,1.4641047224e+11,2.8724884002e+10,2.8413950455e+07
813,2.9268000000e+06,0,-1.8240697850e+08,-7.6813356230e+08,1.4085428694e+07
813,2.9268000000e+06,1,1.4656164764e+11,2.8501582450e+10,1.1238552486e+07
813,2.9268000000e+06,2,1.4638450085e+11,2.8827970978e+10,2.8119309433e+07
814,2.9304000000e+06,0,-1.8236833894e+08,-7.6811926972e+08,1.4084624454e+07
814,2.9304000000e+06,1,1.4653897067e+11,2.8606375780e+10,1.1235143090e+07
814,2.9304000000e+06,2,1.4635847186e+11,2.8931009907e+10,2.7822963750e+07
815,2.9340000000e+06,0,-1.8232969915e+08,-7.6810497710e+08,1.4083820214e+07
815,2.9340000000e+06,1,1.4651621815e+11,2.8711154431e+10,1.1231755662e+07
815,2.9340000000e+06,2,1.4633238561e+11,2.9034000928e+10,2.7524943864e+07
816,2.9376000000e+06,0,-1.8229105912e+08,-7.6809068443e+08,1.4083015974e+07
816,2.9376000000e+06,1,1.4649339009e+11,2.8815918346e+10,1.1228389830e+07
816,2.9376000000e+06,2,1.4630624244e+11,2.9136944183e+10,2.7225280381e+07
817,2.9412000000e+06,0,-1.8225241887e+08,-7.6807639171e+08,1.4082211734e+07
817,2.9412000000e+06,1,1.4647048649e+11,2.8920667469e+10,1.1225045219e+07
817,2.9412000000e+06,2,1.4628004266e+11,2.9239839816e+10,2.6924004054e+07
818,2.9448000000e+06,0,-1.8221377839e+08,-7.6806209894e+08,1.4081407494e+07
818,2.9448000000e+06,1,1.4644750737e+11,2.9025401743e+10,1.1221721451e+07
818,2.9448000000e+06,2,1.4625378661e+11,2.9342687976e+10,2.6621145777e+07
819,2.9484000000e+06,0,-1.8217513769e+08,-7.6804780613e+08,1.4080603254e+07
819,2.9484000000e+06,1,1.4642445271e+11,2.9130121111e+10,1.1218418148e+07
819,2.9484000000e+06,2,1.4622747461e+11,2.9445488816e+10,2.6316736588e+07
820,2.9520000000e+06,0,-1.8213649675e+08,-7.6803351328e+08,1.4079799014e+07
820,2.9520000000e+06,1,1.4640132254e+11,2.9234825516e+10,1.1215134931e+07
820,2.9520000000e+06,2,1.4620110699e+11,2.9548242489e+10,2.6010807653e+07
821,2.9556000000e+06,0,-1.8209785558e+08,-7.6801922037e+08,1.4078994773e+07
821,2.9556000000e+06,1,1.4637811685e+11,2.9339514901e+10,1.1211871417e+07
821,2.9556000000e+06,2,1.4617468405e+11,2.9650949153e+10,2.5703390275e+07
822,2.9592000000e+06,0,-1.8205921419e+08,-7.6800492742e+08,1.4078190533e+07
822,2.9592000000e+06,1,1.4635483565e+11,2.9444189210e+10,1.1208627222e+07
822,2.9592000000e+06,2,1.4614820613e+11,2.9753608972e+10,2.5394515881e+07
823,2.9628000000e+06,0,-1.8202057257e+08,-7.6799063442e+08,1.4077386293e+07
823,2.9628000000e+06,1,1.4633147895e+11,2.9548848385e+10,1.1205401963e+07
823,2.9628000000e+06,2,1.4612167353e+11,2.9856222108e+10,2.5084216020e+07
824,2.9664000000e+06,0,-1.8198193071e+08,-7.6797634138e+08,1.4076582053e+07
824,2.9664000000e+06,1,1.4630804675e+11,2.9653492369e+10,1.1202195253e+07
824,2.9664000000e+06,2,1.4609508657e+11,2.9958788729e+10,2.4772522363e+07
825,2.9700000000e+06,0,-1.8194328863e+08,-7.6796204829e+08,1.4075777813e+07
825,2.9700000000e+06,1,1.4628453906e+11,2.9758121106e+10,1.1199006704e+07
825,2.9700000000e+06,2,1.4606844555e+11,3.0061309006e+10,2.4459466693e+07
826,2.9736000000e+06,0,-1.8190464632e+08,-7.6794775515e+08,1.4074973573e+07
826,2.9736000000e+06,1,1.4626095588e+11,2.9862734537e+10,1.1195835927e+07
826,2.9736000000e+06,2,1.4604175079e+11,3.0163783114e+10,2.4145080906e+07
827,2.9772000000e+06,0,-1.8186600378e+08,-7.6793346196e+08,1.4074169332e+07
827,2.9772000000e+06,1,1.4623729722e+11,2.9967332607e+10,1.1192682532e+07
827,2.9772000000e+06,2,1.4601500258e+11,3.0266211228e+10,2.3829397004e+07
828,2.9808000000e+06,0,-1.8182736102e+08,-7.6791916872e+08,1.4073365092e+07
828,2.9808000000e+06,1,1.4621356308e+11,3.0071915258e+10,1.1189546127e+07
828,2.9808000000e+06,2,1.4598820123e+11,3.0368593528e+10,2.3512447093e+07
829,2.9844000000e+06,0,-1.8178871802e+08,-7.6790487544e+08,1.4072560852e+07
829,2.9844000000e+06,1,1.4618975348e+11,3.0176482432e+10,1.1186426320e+07
829,2.9844000000e+06,2,1.4596134704e+11,3.0470930198e+10,2.3194263376e+07
830,2.9880000000e+06,0,-1.8175007480e+08,-7.6789058210e+08,1.4071756612e+07
830,2.9880000000e+06,1,1.4616586841e+11,3.0281034073e+10,1.1183322715e+07
830,2.9880000000e+06,2,1.4593444031e+11,3.0573221422e+10,2.2874878153e+07
831,2.9916000000e+06,0,-1.8171143134e+08,-7.6787628872e+08,1.4070952372e+07
831,2.9916000000e+06,1,1.4614190789e+11,3.0385570124e+10,1.1180234919e+07
831,2.9916000000e+06,2,1.4590748132e+11,3.0675467389e+10,2.2554323814e+07
832,2.9952000000e+06,0,-1.8167278766e+08,-7.6786199529e+08,1.4070148132e+07
832,2.9952000000e+06,1,1.4611787191e+11,3.0490090526e+10,1.1177162534e+07
832,2.9952000000e+06,2,1.4588047038e+11,3.0777668292e+10,2.2232632836e+07
833,2.9988000000e+06,0,-1.8163414375e+08,-7.6784770181e+08,1.4069343891e+07
833,2.9988000000e+06,1,1.4609376050e+11,3.0594595223e+10,1.1174105164e+07
833,2.9988000000e+06,2,1.4585340776e+11,3.0879824323e+10,2.1909837778e+07
834,3.0024000000e+06,0,-1.8159549961e+08,-7.6783340828e+08,1.4068539651e+07
834,3.0024000000e+06,1,1.4606957364e+11,3.0699084158e+10,1.1171062410e+07
834,3.0024000000e+06,2,1.4582629375e+11,3.0981935681e+10,2.1585971279e+07
835,3.0060000000e+06,0,-1.8155685525e+08,-7.6781911471e+08,1.4067735411e+07
835,3.0060000000e+06,1,1.4604531135e+11,3.0803557272e+10,1.1168033874e+07
835,3.0060000000e+06,2,1.4579912864e+11,3.1084002564e+10,2.1261066052e+07
836,3.0096000000e+06,0,-1.8151821065e+08,-7.6780482108e+08,1.4066931171e+07
836,3.0096000000e+06,1,1.4602097364e+11,3.0908014509e+10,1.1165019155e+07
836,3.0096000000e+06,2,1.4577191270e+11,3.1186025176e+10,2.0935154881e+07
837,3.0132000000e+06,0,-1.8147956583e+08,-7.6779052741e+08,1.4066126931e+07
837,3.0132000000e+06,1,1.4599656050e+11,3.1012455812e+10,1.1162017852e+07
837,3.0132000000e+06,2,1.4574464622e+11,3.1288003721e+10,2.0608270617e+07
838,3.0168000000e+06,0,-1.8144092078e+08,-7.6777623368e+08,1.4065322690e+07
838,3.0168000000e+06,1,1.4597207196e+11,3.1116881122e+10,1.1159029564e+07
838,3.0168000000e+06,2,1.4571732946e+11,3.1389938407e+10,2.0280446172e+07
839,3.0204000000e+06,0,-1.8140227550e+08,-7.6776193990e+08,1.4064518450e+07
839,3.0204000000e+06,1,1.4594750801e+11,3.1221290383e+10,1.1156053889e+07
839,3.0204000000e+06,2,1.4568996269e+11,3.1491829446e+10,1.9951714518e+07
840,3.0240000000e+06,0,-1.8136362999e+08,-7.6774764608e+08,1.4063714210e+07
840,3.0240000000e+06,1,1.4592286866e+11,3.1325683536e+10,1.1153090423e+07
840,3.0240000000e+06,2,1.4566254619e+11,3.1593677049e+10,1.9622108682e+07
841,3.0276000000e+06,0,-1.8132498425e+08,-7.6773335220e+08,1.4062909970e+07
841,3.0276000000e+06,1,1.4589815392e+11,3.1430060525e+10,1.1150138763e+07
841,3.0276000000e+06,2,1.4563508022e+11,3.1695481433e+10,1.9291661739e+07
842,3.0312000000e+06,0,-1.8128633829e+08,-7.6771905828e+08,1.4062105729e+07
842,3.0312000000e+06,1,1.4587336380e+11,3.1534421291e+10,1.1147198505e+07
842,3.0312000000e+06,2,1.4560756504e+11,3.1797242815e+10,1.8960406814e+07
843,3.0348000000e+06,0,-1.8124769209e+08,-7.6770476430e+08,1.4061301489e+07
843,3.0348000000e+06,1,1.4584849829e+11,3.1638765777e+10,1.1144269244e+07
843,3.0348000000e+06,2,1.4558000091e+11,3.1898961416e+10,1.8628377072e+07
844,3.0384000000e+06,0,-1.8120904567e+08,-7.6769047027e+08,1.4060497249e+07
844,3.0384000000e+06,1,1.4582355742e+11,3.1743093927e+10,1.1141350575e+07
844,3.0384000000e+06,2,1.4555238809e+11,3.2000637459e+10,1.8295605715e+07
845,3.0420000000e+06,0,-1.8117039902e+08,-7.6767617620e+08,1.4059693009e+07
845,3.0420000000e+06,1,1.4579854119e+11,3.1847405681e+10,1.1138442093e+07
845,3.0420000000e+06,2,1.4552472682e+11,3.2102271170e+10,1.7962125983e+07
846,3.0456000000e+06,0,-1.8113175214e+08,-7.6766188207e+08,1.4058888768e+07
846,3.0456000000e+06,1,1.4577344960e+11,3.1951700982e+10,1.1135543390e+07
846,3.0456000000e+06,2,1.4549701737e+11,3.2203862775e+10,1.7627971143e+07
847,3.0492000000e+06,0,-1.8109310504e+08,-7.6764758789e+08,1.4058084528e+07
847,3.0492000000e+06,1,1.4574828265e+11,3.2055979773e+10,1.1132654062e+07
847,3.0492000000e+06,2,1.4546925996e+11,3.2305412506e+10,1.7293174490e+07
848,3.0528000000e+06,0,-1.8105445770e+08,-7.6763329366e+08,1.4057280288e+07
848,3.0528000000e+06,1,1.4572304037e+11,3.2160241995e+10,1.1129773702e+07
848,3.0528000000e+06,2,1.4544145486e+11,3.2406920595e+10,1.6957769341e+07
849,3.0564000000e+06,0,-1.8101581014e+08,-7.6761899937e+08,1.4056476048e+07
849,3.0564000000e+06,1,1.4569772276e+11,3.2264487592e+10,1.1126901902e+07
849,3.0564000000e+06,2,1.4541360229e+11,3.2508387275e+10,1.6621789031e+07
850,3.0600000000e+06,0,-1.8097716235e+08,-7.6760470504e+08,1.4055671807e+07
850,3.0600000000e+06,1,1.4567232982e+11,3.2368716505e+10,1.1124038256e+07
850,3.0600000000e+06,2,1.4538570250e+11,3.2609812784e+10,1.6285266908e+07
851,3.0636000000e+06,0,-1.8093851433e+08,-7.6759041065e+08,1.4054867567e+07
851,3.0636000000e+06,1,1.4564686156e+11,3.2472928677e+10,1.1121182357e+07
851,3.0636000000e+06,2,1.4535775571e+11,3.2711197361e+10,1.5948236333e+07
852,3.0672000000e+06,0,-1.8089986609e+08,-7.6757611622e+08,1.4054063327e+07
852,3.0672000000e+06,1,1.4562131799e+11,3.2577124050e+10,1.1118333798e+07
852,3.0672000000e+06,2,1.4532976217e+11,3.2812541247e+10,1.5610730670e+07
853,3.0708000000e+06,0,-1.8086121761e+08,-7.6756182173e+08,1.4053259087e+07
853,3.0708000000e+06,1,1.4559569911e+11,3.2681302566e+10,1.1115492170e+07
853,3.0708000000e+06,2,1.4530172209e+11,3.2913844685e+10,1.5272783287e+07
854,3.0744000000e+06,0,-1.8082256891e+08,-7.6754752718e+08,1.4052454846e+07
854,3.0744000000e+06,1,1.4557000494e+11,3.2785464167e+10,1.1112657069e+07
854,3.0744000000e+06,2,1.4527363570e+11,3.3015107919e+10,1.4934427550e+07
855,3.0780000000e+06,0,-1.8078391998e+08,-7.6753323259e+08,1.4051650606e+07
855,3.0780000000e+06,1,1.4554423549e+11,3.2889608795e+10,1.1109828085e+07
855,3.0780000000e+06,2,1.4524550322e+11,3.3116331199e+10,1.4595696820e+07
856,3.0816000000e+06,0,-1.8074527083e+08,-7.6751893794e+08,1.4050846366e+07
856,3.0816000000e+06,1,1.4551839075e+11,3.2993736393e+10,1.1107004812e+07
856,3.0816000000e+06,2,1.4521732486e+11,3.3217514771e+10,1.4256624446e+07
857,3.0852000000e+06,0,-1.8070662144e+08,-7.6750464324e+08,1.4050042125e+07
857,3.0852000000e+06,1,1.4549247075e+11,3.3097846903e+10,1.1104186844e+07
857,3.0852000000e+06,2,1.4518910085e+11,3.3318658888e+10,1.3917243765e+07
858,3.0888000000e+06,0,-1.8066797183e+08,-7.6749034849e+08,1.4049237885e+07
858,3.0888000000e+06,1,1.4546647548e+11,3.3201940266e+10,1.1101373774e+07
858,3.0888000000e+06,2,1.4516083140e+11,3.3419763803e+10,1.3577588097e+07
859,3.0924000000e+06,0,-1.8062932199e+08,-7.6747605368e+08,1.4048433645e+07
859,3.0924000000e+06,1,1.4544040496e+11,3.3306016425e+10,1.1098565195e+07
859,3.0924000000e+06,2,1.4513251670e+11,3.3520829770e+10,1.3237690739e+07
860,3.0960000000e+06,0,-1.8059067192e+08,-7.6746175882e+08,1.4047629405e+07
860,3.0960000000e+06,1,1.4541425919e+11,3.3410075322e+10,1.1095760702e+07
860,3.0960000000e+06,2,1.4510415696e+11,3.3621857045e+10,1.2897584963e+07
861,3.0996000000e+06,0,-1.8055202162e+08,-7.6744746391e+08,1.4046825164e+07
861,3.0996000000e+06,1,1.4538803818e+11,3.3514116899e+10,1.1092959889e+07
861,3.0996000000e+06,2,1.4507575239e+11,3.3722845888e+10,1.2557304013e+07
862,3.1032000000e+06,0,-1.8051337110e+08,-7.6743316894e+08,1.4046020924e+07
862,3.1032000000e+06,1,1.4536174195e+11,3.3618141097e+10,1.1090162350e+07
862,3.1032000000e+06,2,1.4504730318e+11,3.3823796559e+10,1.2216881097e+07
863,3.1068000000e+06,0,-1.8047472035e+08,-7.6741887392e+08,1.4045216684e+07
863,3.1068000000e+06,1,1.4533537049e+11,3.3722147860e+10,1.1087367681e+07
863,3.1068000000e+06,2,1.4501880953e+11,3.3924709318e+10,1.1876349389e+07
864,3.1104000000e+06,0,-1.8043606937e+08,-7.6740457885e+08,1.4044412443e+07
864,3.1104000000e+06,1,1.4530892383e+11,3.3826137129e+10,1.1084575477e+07
864,3.1104000000e+06,2,1.4499027162e+11,3.4025584431e+10,1.1535742019e+07
865,3.1140000000e+06,0,-1.8039741817e+08,-7.6739028372e+08,1.4043608203e+07
865,3.1140000000e+06,1,1.4528240196e+11,3.3930108845e+10,1.1081785335e+07
865,3.1140000000e+06,2,1.4496168964e+11,3.4126422161e+10,1.1195092076e+07
866,3.1176000000e+06,0,-1.8035876673e+08,-7.6737598854e+08,1.4042803963e+07
866,3.1176000000e+06,1,1.4525580489e+11,3.4034062951e+10,1.1078996852e+07
866,3.1176000000e+06,2,1.4493306377e+11,3.4227222775e+10,1.0854432596e+07
867,3.1212000000e+06,0,-1.8032011507e+08,-7.6736169330e+08,1.4041999722e+07
867,3.1212000000e+06,1,1.4522913265e+11,3.4137999390e+10,1.1076209625e+07
867,3.1212000000e+06,2,1.4490439420e+11,3.4327986541e+10,1.0513796566e+07
868,3.1248000000e+06,0,-1.8028146318e+08,-7.6734739801e+08,1.4041195482e+07
868,3.1248000000e+06,1,1.4520238522e+11,3.4241918102e+10,1.1073423253e+07
868,3.1248000000e+06,2,1.4487568111e+11,3.4428713730e+10,1.0173216915e+07
869,3.1284000000e+06,0,-1.8024281107e+08,-7.6733310266e+08,1.4040391241e+07
869,3.1284000000e+06,1,1.4517556263e+11,3.4345819029e+10,1.1070637333e+07
869,3.1284000000e+06,2,1.4484692465e+11,3.4529404611e+10,9.8327265123e+06
870,3.1320000000e+06,0,-1.8020415873e+08,-7.6731880726e+08,1.4039587001e+07
870,3.1320000000e+06,1,1.4514866488e+11,3.4449702115e+10,1.1067851467e+07
870,3.1320000000e+06,2,1.4481812501e+11,3.4630059458e+10,9.4923581644e+06
871,3.1356000000e+06,0,-1.8016550616e+08,-7.6730451180e+08,1.4038782761e+07
871,3.1356000000e+06,1,1.4512169198e+11,3.4553567300e+10,1.1065065255e+07
871,3.1356000000e+06,2,1.4478928235e+11,3.4730678543e+10,9.1521446092e+06
872,3.1392000000e+06,0,-1.8012685336e+08,-7.6729021629e+08,1.4037978520e+07
872,3.1392000000e+06,1,1.4509464395e+11,3.4657414526e+10,1.1062278297e+07
872,3.1392000000e+06,2,1.4476039683e+11,3.4831262143e+10,8.8121185140e+06
873,3.1428000000e+06,0,-1.8008820033e+08,-7.6727592072e+08,1.4037174280e+07
873,3.1428000000e+06,1,1.4506752078e+11,3.4761243736e+10,1.1059490197e+07
873,3.1428000000e+06,2,1.4473146860e+11,3.4931810534e+10,8.4723124710e+06
874,3.1464000000e+06,0,-1.8004954708e+08,-7.6726162510e+08,1.4036370040e+07
874,3.1464000000e+06,1,1.4504032250e+11,3.4865054871e+10,1.1056700557e+07
874,3.1464000000e+06,2,1.4470249784e+11,3.5032323992e+10,8.1327589938e+06
875,3.1500000000e+06,0,-1.8001089360e+08,-7.6724732942e+08,1.4035565799e+07
875,3.1500000000e+06,1,1.4501304910e+11,3.4968847873e+10,1.1053908983e+07
875,3.1500000000e+06,2,1.4467348468e+11,3.5132802797e+10,7.7934905140e+06
876,3.1536000000e+06,0,-1.7997223990e+08,-7.6723303369e+08,1.4034761559e+07
876,3.1536000000e+06,1,1.4498570060e+11,3.5072622684e+10,1.1051115078e+07
876,3.1536000000e+06,2,1.4464442927e+11,3.5233247229e+10,7.4545393772e+06
877,3.1572000000e+06,0,-1.7993358596e+08,-7.6721873790e+08,1.4033957318e+07
877,3.1572000000e+06,1,1.4495827702e+11,3.5176379246e+10,1.1048318451e+07
877,3.1572000000e+06,2,1.4461533177e+11,3.5333657569e+10,7.1159378398e+06
878,3.1608000000e+06,0,-1.7989493180e+08,-7.6720444205e+08,1.4033153078e+07
878,3.1608000000e+06,1,1.4493077835e+11,3.5280117500e+10,1.1045518708e+07
878,3.1608000000e+06,2,1.4458619230e+11,3.5434034098e+10,6.7777180649e+06
879,3.1644000000e+06,0,-1.7985627742e+08,-7.6719014615e+08,1.4032348838e+07
879,3.1644000000e+06,1,1.4490320461e+11,3.5383837389e+10,1.1042715459e+07
879,3.1644000000e+06,2,1.4455701101e+11,3.5534377100e+10,6.4399121194e+06
880,3.1680000000e+06,0,-1.7981762280e+08,-7.6717585019e+08,1.4031544597e+07
880,3.1680000000e+06,1,1.4487555581e+11,3.5487538854e+10,1.1039908313e+07
880,3.1680000000e+06,2,1.4452778804e+11,3.5634686859e+10,6.1025519697e+06
881,3.1716000000e+06,0,-1.7977896796e+08,-7.6716155417e+08,1.4030740357e+07
881,3.1716000000e+06,1,1.4484783196e+11,3.5591221838e+10,1.1037096881e+07
881,3.1716000000e+06,2,1.4449852350e+11,3.5734963659e+10,5.7656694788e+06
882,3.1752000000e+06,0,-1.7974031289e+08,-7.6714725810e+08,1.4029936116e+07
882,3.1752000000e+06,1,1.4482003307e+11,3.5694886281e+10,1.1034280777e+07
882,3.1752000000e+06,2,1.4446921753e+11,3.5835207787e+10,5.4292964029e+06
883,3.1788000000e+06,0,-1.7970165760e+08,-7.6713296197e+08,1.4029131876e+07
883,3.1788000000e+06,1,1.4479215914e+11,3.5798532126e+10,1.1031459614e+07
883,3.1788000000e+06,2,1.4443987026e+11,3.5935419530e+10,5.0934643872e+06
884,3.1824000000e+06,0,-1.7966300208e+08,-7.6711866578e+08,1.4028327636e+07
884,3.1824000000e+06,1,1.4476421020e+11,3.5902159315e+10,1.1028633008e+07
884,3.1824000000e+06,2,1.4441048179e+11,3.6035599174e+10,4.7582049634e+06
885,3.1860000000e+06,0,-1.7962434633e+08,-7.6710436954e+08,1.4027523395e+07
885,3.1860000000e+06,1,1.4473618625e+11,3.6005767789e+10,1.1025800575e+07
885,3.1860000000e+06,2,1.4438105225e+11,3.6135747008e+10,4.4235495456e+06
886,3.1896000000e+06,0,-1.7958569035e+08,-7.6709007323e+08,1.4026719155e+07
886,3.1896000000e+06,1,1.4470808730e+11,3.6109357491e+10,1.1022961934e+07
886,3.1896000000e+06,2,1.4435158175e+11,3.6235863321e+10,4.0895294273e+06
887,3.1932000000e+06,0,-1.7954703415e+08,-7.6707577687e+08,1.4025914914e+07
887,3.1932000000e+06,1,1.4467991336e+11,3.6212928361e+10,1.1020116705e+07
887,3.1932000000e+06,2,1.4432207039e+11,3.6335948402e+10,3.7561757780e+06
888,3.1968000000e+06,0,-1.7950837772e+08,-7.6706148045e+08,1.4025110674e+07
888,3.1968000000e+06,1,1.4465166445e+11,3.6316480342e+10,1.1017264509e+07
888,3.1968000000e+06,2,1.4429251828e+11,3.6436002543e+10,3.4235196398e+06
889,3.2004000000e+06,0,-1.7946972107e+08,-7.6704718398e+08,1.4024306433e+07
889,3.2004000000e+06,1,1.4462334056e+11,3.6420013376e+10,1.1014404969e+07
889,3.2004000000e+06,2,1.4426292553e+11,3.6536026033e+10,3.0915919243e+06
890,3.2040000000e+06,0,-1.7943106418e+08,-7.6703288744e+08,1.4023502193e+07
890,3.2040000000e+06,1,1.4459494172e+11,3.6523527405e+10,1.1011537709e+07
890,3.2040000000e+06,2,1.4423329223e+11,3.6636019165e+10,2.7604234092e+06
891,3.2076000000e+06,0,-1.7939240708e+08,-7.6701859085e+08,1.4022697953e+07
891,3.2076000000e+06,1,1.4456646794e+11,3.6627022369e+10,1.1008662357e+07
891,3.2076000000e+06,2,1.4420361848e+11,3.6735982230e+10,2.4300447351e+06
892,3.2112000000e+06,0,-1.7935374974e+08,-7.6700429420e+08,1.4021893712e+07
892,3.2112000000e+06,1,1.4453791922e+11,3.6730498212e+10,1.1005778540e+07
892,3.2112000000e+06,2,1.4417390435e+11,3.6835915520e+10,2.1004864026e+06
893,3.2148000000e+06,0,-1.7931509218e+08,-7.6698999749e+08,1.4021089472e+07
893,3.2148000000e+06,1,1.4450929558e+11,3.6833954875e+10,1.1002885888e+07
893,3.2148000000e+06,2,1.4414414996e+11,3.6935819329e+10,1.7717787686e+06
894,3.2184000000e+06,0,-1.7927643439e+08,-7.6697570072e+08,1.4020285231e+07
894,3.2184000000e+06,1,1.4448059703e+11,3.6937392299e+10,1.0999984033e+07
894,3.2184000000e+06,2,1.4411435536e+11,3.7035693949e+10,1.4439520437e+06
895,3.2220000000e+06,0,-1.7923777638e+08,-7.6696140389e+08,1.4019480991e+07
895,3.2220000000e+06,1,1.4445182358e+11,3.7040810426e+10,1.0997072608e+07
895,3.2220000000e+06,2,1.4408452065e+11,3.7135539674e+10,1.1170362890e+06
896,3.2256000000e+06,0,-1.7919911813e+08,-7.6694710701e+08,1.4018676750e+07
896,3.2256000000e+06,1,1.4442297524e+11,3.7144209199e+10,1.0994151248e+07
896,3.2256000000e+06,2,1.4405464591e+11,3.7235356799e+10,7.9106141279e+05
897,3.2292000000e+06,0,-1.7916045967e+08,-7.6693281006e+08,1.4017872510e+07
897,3.2292000000e+06,1,1.4439405202e+11,3.7247588559e+10,1.0991219591e+07
897,3.2292000000e+06,2,1.4402473119e+11,3.7335145616e+10,4.6605716794e+05
898,3.2328000000e+06,0,-1.7912180097e+08,-7.6691851305e+08,1.4017068269e+07
898,3.2328000000e+06,1,1.4436505393e+11,3.7350948448e+10,1.0988277276e+07
898,3.2328000000e+06,2,1.4399477658e+11,3.7434906422e+10,1.4205314864e+05
899,3.2364000000e+06,0,-1.7908314205e+08,-7.6690421599e+08,1.4016264029e+07
899,3.2364000000e+06,1,1.4433598100e+11,3.7454288808e+10,1.0985323944e+07
899,3.2364000000e+06,2,1.4396478214e+11,3.7534639509e+10,-1.8092121239e+05
900,3.2400000000e+06,0,-1.7904448291e+08,-7.6688991886e+08,1.4015459788e+07
900,3.2400000000e+06,1,1.4430683321e+11,3.7557609580e+10,1.0982359238e+07
900,3.2400000000e+06,2,1.4393474793e+11,3.7634345173e+10,-5.0283664689e+05
901,3.2436000000e+06,0,-1.7900582353e+08,-7.6687562168e+08,1.4014655548e+07
901,3.2436000000e+06,1,1.4427761060e+11,3.7660910706e+10,1.0979382804e+07
901,3.2436000000e+06,2,1.4390467400e+11,3.7734023708e+10,-8.2366405385e+05
902,3.2472000000e+06,0,-1.7896716394e+08,-7.6686132443e+08,1.4013851307e+07
902,3.2472000000e+06,1,1.4424831317e+11,3.7764192129e+10,1.0976394289e+07
902,3.2472000000e+06,2,1.4387456042e+11,3.7833675410e+10,-1.1433745024e+06
903,3.2508000000e+06,0,-1.7892850411e+08,-7.6684702713e+08,1.4013047067e+07
903,3.2508000000e+06,1,1.4421894094e+11,3.7867453790e+10,1.0973393342e+07
903,3.2508000000e+06,2,1.4384440723e+11,3.7933300572e+10,-1.4619392344e+06
904,3.2544000000e+06,0,-1.7888984406e+08,-7.6683272976e+08,1.4012242826e+07
904,3.2544000000e+06,1,1.4418949390e+11,3.7970695631e+10,1.0970379616e+07
904,3.2544000000e+06,2,1.4381421448e+11,3.8032899491e+10,-1.7793296677e+06
905,3.2580000000e+06,0,-1.7885118378e+08,-7.6681843233e+08,1.4011438586e+07
905,3.2580000000e+06,1,1.4415997209e+11,3.8073917593e+10,1.0967352764e+07
905,3.2580000000e+06,2,1.4378398222e+11,3.8132472461e+10,-2.0955173981e+06
906,3.2616000000e+06,0,-1.7881252328e+08,-7.6680413485e+08,1.4010634345e+07
906,3.2616000000e+06,1,1.4413037550e+11,3.8177119619e+10,1.0964312442e+07
906,3.2616000000e+06,2,1.4375371048e+11,3.8232019775e+10,-2.4104742027e+06
907,3.2652000000e+06,0,-1.7877386255e+08,-7.6678983730e+08,1.4009830104e+07
907,3.2652000000e+06,1,1.4410070416e+11,3.8280301651e+10,1.0961258308e+07
907,3.2652000000e+06,2,1.4372339931e+11,3.8331541730e+10,-2.7241720421e+06
908,3.2688000000e+06,0,-1.7873520159e+08,-7.6677553969e+08,1.4009025864e+07
908,3.2688000000e+06,1,1.4407095807e+11,3.8383463630e+10,1.0958190023e+07
908,3.2688000000e+06,2,1.4369304873e+11,3.8431038618e+10,-3.0365830631e+06
909,3.2724000000e+06,0,-1.7869654041e+08,-7.6676124202e+08,1.4008221623e+07
909,3.2724000000e+06,1,1.4404113725e+11,3.8486605498e+10,1.0955107250e+07
909,3.2724000000e+06,2,1.4366265878e+11,3.8530510735e+10,-3.3476796015e+06
910,3.2760000000e+06,0,-1.7865787901e+08,-7.6674694428e+08,1.4007417383e+07
910,3.2760000000e+06,1,1.4401124171e+11,3.8589727197e+10,1.0952009655e+07
910,3.2760000000e+06,2,1.4363222948e+11,3.8629958375e+10,-3.6574341842e+06
911,3.2796000000e+06,0,-1.7861921737e+08,-7.6673264649e+08,1.4006613142e+07
911,3.2796000000e+06,1,1.4398127146e+11,3.8692828669e+10,1.0948896904e+07
911,3.2796000000e+06,2,1.4360176085e+11,3.8729381829e+10,-3.9658195319e+06
912,3.2832000000e+06,0,-1.7858055552e+08,-7.6671834863e+08,1.4005808902e+07
912,3.2832000000e+06,1,1.4395122651e+11,3.8795909857e+10,1.0945768669e+07
912,3.2832000000e+06,2,1.4357125292e+11,3.8828781393e+10,-4.2728085616e+06
913,3.2868000000e+06,0,-1.7854189343e+08,-7.6670405071e+08,1.4005004661e+07
913,3.2868000000e+06,1,1.4392110689e+11,3.8898970701e+10,1.0942624621e+07
913,3.2868000000e+06,2,1.4354070570e+11,3.8928157358e+10,-4.5783743886e+06
914,3.2904000000e+06,0,-1.7850323112e+08,-7.6668975273e+08,1.4004200421e+07
914,3.2904000000e+06,1,1.4389091259e+11,3.9002011144e+10,1.0939464435e+07
914,3.2904000000e+06,2,1.4351011920e+11,3.9027510018e+10,-4.8824903295e+06
915,3.2940000000e+06,0,-1.7846456859e+08,-7.6667545469e+08,1.4003396180e+07
915,3.2940000000e+06,1,1.4386064364e+11,3.9105031128e+10,1.0936287790e+07
915,3.2940000000e+06,2,1.4347949344e+11,3.9126839663e+10,-5.1851299038e+06
916,3.2976000000e+06,0,-1.7842590582e+08,-7.6666115658e+08,1.4002591939e+07
916,3.2976000000e+06,1,1.4383030004e+11,3.9208030595e+10,1.0933094365e+07
916,3.2976000000e+06,2,1.4344882841e+11,3.9226146586e+10,-5.4862668367e+06
917,3.3012000000e+06,0,-1.7838724284e+08,-7.6664685842e+08,1.4001787699e+07
917,3.3012000000e+06,1,1.4379988181e+11,3.9311009486e+10,1.0929883843e+07
917,3.3012000000e+06,2,1.4341812413e+11,3.9325431078e+10,-5.7858750608e+06
918,3.3048000000e+06,0,-1.7834857963e+08,-7.6663256019e+08,1.4000983458e+07
918,3.3048000000e+06,1,1.4376938896e+11,3.9413967745e+10,1.0926655908e+07
918,3.3048000000e+06,2,1.4338738058e+11,3.9424693429e+10,-6.0839287188e+06
919,3.3084000000e+06,0,-1.7830991619e+08,-7.6661826189e+08,1.4000179218e+07
919,3.3084000000e+06,1,1.4373882152e+11,3.9516905312e+10,1.0923410249e+07
919,3.3084000000e+06,2,1.4335659777e+11,3.9523933929e+10,-6.3804021654e+06
920,3.3120000000e+06,0,-1.7827125252e+08,-7.6660396354e+08,1.3999374977e+07
920,3.3120000000e+06,1,1.4370817948e+11,3.9619822130e+10,1.0920146556e+07
920,3.3120000000e+06,2,1.4332577568e+11,3.9623152866e+10,-6.6752699692e+06
921,3.3156000000e+06,0,-1.7823258864e+08,-7.6658966512e+08,1.3998570736e+07
921,3.3156000000e+06,1,1.4367746286e+11,3.9722718141e+10,1.0916864523e+07
921,3.3156000000e+06,2,1.4329491431e+11,3.9722350530e+10,-6.9685069149e+06
922,3.3192000000e+06,0,-1.7819392452e+08,-7.6657536663e+08,1.3997766496e+07
922,3.3192000000e+06,1,1.4364667168e+11,3.9825593286e+10,1.0913563844e+07
922,3.3192000000e+06,2,1.4326401364e+11,3.9821527209e+10,-7.2600880055e+06
923,3.3228000000e+06,0,-1.7815526018e+08,-7.6656106809e+08,1.3996962255e+07
923,3.3228000000e+06,1,1.4361580595e+11,3.9928447509e+10,1.0910244218e+07
923,3.3228000000e+06,2,1.4323307366e+11,3.9920683188e+10,-7.5499884639e+06
924,3.3264000000e+06,0,-1.7811659562e+08,-7.6654676948e+08,1.3996158015e+07
924,3.3264000000e+06,1,1.4358486568e+11,4.0031280751e+10,1.0906905347e+07
924,3.3264000000e+06,2,1.4320209433e+11,4.0019818756e+10,-7.8381837349e+06
925,3.3300000000e+06,0,-1.7807793083e+08,-7.6653247080e+08,1.3995353774e+07
925,3.3300000000e+06,1,1.4355385089e+11,4.0134092953e+10,1.0903546934e+07
925,3.3300000000e+06,2,1.4317107565e+11,4.0118934196e+10,-8.1246494872e+06
926,3.3336000000e+06,0,-1.7803926581e+08,-7.6651817206e+08,1.3994549533e+07
926,3.3336000000e+06,1,1.4352276160e+11,4.0236884060e+10,1.0900168687e+07
926,3.3336000000e+06,2,1.4314001757e+11,4.0218029794e+10,-8.4093616152e+06
927,3.3372000000e+06,0,-1.7800060057e+08,-7.6650387326e+08,1.3993745293e+07
927,3.3372000000e+06,1,1.4349159781e+11,4.0339654011e+10,1.0896770314e+07
927,3.3372000000e+06,2,1.4310892008e+11,4.0317105834e+10,-8.6922962405e+06
928,3.3408000000e+06,0,-1.7796193510e+08,-7.6648957439e+08,1.3992941052e+07
928,3.3408000000e+06,1,1.4346035953e+11,4.0442402750e+10,1.0893351528e+07
928,3.3408000000e+06,2,1.4307778313e+11,4.0416162598e+10,-8.9734297141e+06
929,3.3444000000e+06,0,-1.7792326941e+08,-7.6647527546e+08,1.3992136811e+07
929,3.3444000000e+06,1,1.4342904679e+11,4.0545130219e+10,1.0889912044e+07
929,3.3444000000e+06,2,1.4304660668e+11,4.0515200369e+10,-9.2527386176e+06
930,3.3480000000e+06,0,-1.7788460350e+08,-7.6646097646e+08,1.3991332571e+07
930,3.3480000000e+06,1,1.4339765960e+11,4.0647836360e+10,1.0886451580e+07
930,3.3480000000e+06,2,1.4301539071e+11,4.0614219427e+10,-9.5301997651e+06
931,3.3516000000e+06,0,-1.7784593736e+08,-7.6644667740e+08,1.3990528330e+07
931,3.3516000000e+06,1,1.4336619797e+11,4.0750521115e+10,1.0882969857e+07
931,3.3516000000e+06,2,1.4298413515e+11,4.0713220052e+10,-9.8057902048e+06
932,3.3552000000e+06,0,-1.7780727099e+08,-7.6643237827e+08,1.3989724089e+07
932,3.3552000000e+06,1,1.4333466192e+11,4.0853184427e+10,1.0879466599e+07
932,3.3552000000e+06,2,1.4295283998e+11,4.0812202523e+10,-1.0079487220e+07
933,3.3588000000e+06,0,-1.7776860440e+08,-7.6641807908e+08,1.3988919849e+07
933,3.3588000000e+06,1,1.4330305146e+11,4.0955826237e+10,1.0875941532e+07
933,3.3588000000e+06,2,1.4292150513e+11,4.0911167117e+10,-1.0351268332e+07
934,3.3624000000e+06,0,-1.7772993758e+08,-7.6640377982e+08,1.3988115608e+07
934,3.3624000000e+06,1,1.4327136660e+11,4.1058446488e+10,1.0872394387e+07
934,3.3624000000e+06,2,1.4289013055e+11,4.1010114113e+10,-1.0621111301e+07
935,3.3660000000e+06,0,-1.7769127054e+08,-7.6638948050e+08,1.3987311367e+07
935,3.3660000000e+06,1,1.4323960736e+11,4.1161045123e+10,1.0868824895e+07
935,3.3660000000e+06,2,1.4285871619e+11,4.1109043784e+10,-1.0888994124e+07
936,3.3696000000e+06,0,-1.7765260328e+08,-7.6637518111e+08,1.3986507127e+07
936,3.3696000000e+06,1,1.4320777376e+11,4.1263622083e+10,1.0865232793e+07
936,3.3696000000e+06,2,1.4282726199e+11,4.1207956406e+10,-1.1154895044e+07
937,3.3732000000e+06,0,-1.7761393579e+08,-7.6636088166e+08,1.3985702886e+07
937,3.3732000000e+06,1,1.4317586581e+11,4.1366177311e+10,1.0861617818e+07
937,3.3732000000e+06,2,1.4279576788e+11,4.1306852252e+10,-1.1418792542e+07
938,3.3768000000e+06,0,-1.7757526807e+08,-7.6634658214e+08,1.3984898645e+07
938,3.3768000000e+06,1,1.4314388352e+11,4.1468710749e+10,1.0857979713e+07
938,3.3768000000e+06,2,1.4276423381e+11,4.1405731593e+10,-1.1680665347e+07
939,3.3804000000e+06,0,-1.7753660013e+08,-7.6633228255e+08,1.3984094405e+07
939,3.3804000000e+06,1,1.4311182690e+11,4.1571222340e+10,1.0854318221e+07
939,3.3804000000e+06,2,1.4273265969e+11,4.1504594701e+10,-1.1940492431e+07
940,3.3840000000e+06,0,-1.7749793197e+08,-7.6631798290e+08,1.3983290164e+07
940,3.3840000000e+06,1,1.4307969599e+11,4.1673712026e+10,1.0850633091e+07
940,3.3840000000e+06,2,1.4270104547e+11,4.1603441845e+10,-1.2198253011e+07
941,3.3876000000e+06,0,-1.7745926358e+08,-7.6630368318e+08,1.3982485923e+07
941,3.3876000000e+06,1,1.4304749078e+11,4.1776179750e+10,1.0846924073e+07
941,3.3876000000e+06,2,1.4266939106e+11,4.1702273293e+10,-1.2453926554e+07
942,3.3912000000e+06,0,-1.7742059496e+08,-7.6628938339e+08,1.3981681682e+07
942,3.3912000000e+06,1,1.4301521129e+11,4.1878625454e+10,1.0843190921e+07
942,3.3912000000e+06,2,1.4263769639e+11,4.1801089311e+10,-1.2707492776e+07
943,3.3948000000e+06,0,-1.7738192612e+08,-7.6627508354e+08,1.3980877442e+07
943,3.3948000000e+06,1,1.4298285755e+11,4.1981049080e+10,1.0839433392e+07
943,3.3948000000e+06,2,1.4260596138e+11,4.1899890166e+10,-1.2958931639e+07
944,3.3984000000e+06,0,-1.7734325706e+08,-7.6626078362e+08,1.3980073201e+07
944,3.3984000000e+06,1,1.4295042955e+11,4.2083450571e+10,1.0835651245e+07
944,3.3984000000e+06,2,1.4257418595e+11,4.1998676121e+10,-1.3208223358e+07
945,3.4020000000e+06,0,-1.7730458777e+08,-7.6624648363e+08,1.3979268960e+07
945,3.4020000000e+06,1,1.4291792733e+11,4.2185829870e+10,1.0831844243e+07
945,3.4020000000e+06,2,1.4254237000e+11,4.2097447439e+10,-1.3455348400e+07
946,3.4056000000e+06,0,-1.7726591826e+08,-7.6623218357e+08,1.3978464719e+07
946,3.4056000000e+06,1,1.4288535090e+11,4.2288186918e+10,1.0828012152e+07
946,3.4056000000e+06,2,1.4251051346e+11,4.2196204381e+10,-1.3700287484e+07
947,3.4092000000e+06,0,-1.7722724853e+08,-7.6621788345e+08,1.3977660479e+07
947,3.4092000000e+06,1,1.4285270026e+11,4.2390521660e+10,1.0824154742e+07
947,3.4092000000e+06,2,1.4247861622e+11,4.2294947206e+10,-1.3943021582e+07
948,3.4128000000e+06,0,-1.7718857857e+08,-7.6620358326e+08,1.3976856238e+07
948,3.4128000000e+06,1,1.4281997544e+11,4.2492834037e+10,1.0820271785e+07
948,3.4128000000e+06,2,1.4244667820e+11,4.2393676173e+10,-1.4183531920e+07
949,3.4164000000e+06,0,-1.7714990838e+08,-7.6618928300e+08,1.3976051997e+07
949,3.4164000000e+06,1,1.4278717645e+11,4.2595123991e+10,1.0816363055e+07
949,3.4164000000e+06,2,1.4241469930e+11,4.2492391539e+10,-1.4421799978e+07
950,3.4200000000e+06,0,-1.7711123797e+08,-7.6617498268e+08,1.3975247756e+07
950,3.4200000000e+06,1,1.4275430331e+11,4.2697391466e+10,1.0812428333e+07
950,3.4200000000e+06,2,1.4238267942e+11,4.2591093558e+10,-1.4657807496e+07
951,3.4236000000e+06,0,-1.7707256734e+08,-7.6616068228e+08,1.3974443516e+07
951,3.4236000000e+06,1,1.4272135603e+11,4.2799636405e+10,1.0808467399e+07
951,3.4236000000e+06,2,1.4235061845e+11,4.2689782485e+10,-1.4891536464e+07
952,3.4272000000e+06,0,-1.7703389648e+08,-7.6614638182e+08,1.3973639275e+07
952,3.4272000000e+06,1,1.4268833463e+11,4.2901858750e+10,1.0804480038e+07
952,3.4272000000e+06,2,1.4231851629e+11,4.2788458570e+10,-1.5122969135e+07
953,3.4308000000e+06,0,-1.7699522540e+08,-7.6613208129e+08,1.3972835034e+07
953,3.4308000000e+06,1,1.4265523913e+11,4.3004058443e+10,1.0800466038e+07
953,3.4308000000e+06,2,1.4228637284e+11,4.2887122065e+10,-1.5352088015e+07
954,3.4344000000e+06,0,-1.7695655410e+08,-7.6611778069e+08,1.3972030793e+07
954,3.4344000000e+06,1,1.4262206953e+11,4.3106235428e+10,1.0796425191e+07
954,3.4344000000e+06,2,1.4225418797e+11,4.2985773217e+10,-1.5578875872e+07
955,3.4380000000e+06,0,-1.7691788257e+08,-7.6610348002e+08,1.3971226553e+07
955,3.4380000000e+06,1,1.4258882587e+11,4.3208389647e+10,1.0792357291e+07
955,3.4380000000e+06,2,1.4222196159e+11,4.3084412274e+10,-1.5803315729e+07
956,3.4416000000e+06,0,-1.7687921081e+08,-7.6608917928e+08,1.3970422312e+07
956,3.4416000000e+06,1,1.4255550814e+11,4.3310521044e+10,1.0788262135e+07
956,3.4416000000e+06,2,1.4218969356e+11,4.3183039482e+10,-1.6025390873e+07
957,3.4452000000e+06,0,-1.7684053884e+08,-7.6607487848e+08,1.3969618071e+07
957,3.4452000000e+06,1,1.4252211638e+11,4.3412629560e+10,1.0784139524e+07
957,3.4452000000e+06,2,1.4215738378e+11,4.3281655083e+10,-1.6245084845e+07
958,3.4488000000e+06,0,-1.7680186664e+08,-7.6606057760e+08,1.3968813830e+07
958,3.4488000000e+06,1,1.4248865059e+11,4.3514715139e+10,1.0779989263e+07
958,3.4488000000e+06,2,1.4212503213e+11,4.3380259320e+10,-1.6462381452e+07
959,3.4524000000e+06,0,-1.7676319421e+08,-7.6604627666e+08,1.3968009589e+07
959,3.4524000000e+06,1,1.4245511079e+11,4.3616777725e+10,1.0775811158e+07
959,3.4524000000e+06,2,1.4209263847e+11,4.3478852432e+10,-1.6677264756e+07
960,3.4560000000e+06,0,-1.7672452156e+08,-7.6603197564e+08,1.3967205348e+07
960,3.4560000000e+06,1,1.4242149701e+11,4.3718817259e+10,1.0771605020e+07
960,3.4560000000e+06,2,1.4206020269e+11,4.3577434659e+10,-1.6889719084e+07
961,3.4596000000e+06,0,-1.7668584869e+08,-7.6601767456e+08,1.3966401108e+07
961,3.4596000000e+06,1,1.4238780924e+11,4.3820833685e+10,1.0767370662e+07
961,3.4596000000e+06,2,1.4202772465e+11,4.3676006235e+10,-1.7099729021e+07
962,3.4632000000e+06,0,-1.7664717559e+08,-7.6600337340e+08,1.3965596867e+07
962,3.4632000000e+06,1,1.4235404752e+11,4.3922826946e+10,1.0763107901e+07
962,3.4632000000e+06,2,1.4199520423e+11,4.3774567397e+10,-1.7307279416e+07
963,3.4668000000e+06,0,-1.7660850227e+08,-7.6598907218e+08,1.3964792626e+07
963,3.4668000000e+06,1,1.4232021186e+11,4.4024796984e+10,1.0758816557e+07
963,3.4668000000e+06,2,1.4196264129e+11,4.3873118377e+10,-1.7512355377e+07
964,3.4704000000e+06,0,-1.7656982873e+08,-7.6597477088e+08,1.3963988385e+07
964,3.4704000000e+06,1,1.4228630227e+11,4.4126743744e+10,1.0754496454e+07
964,3.4704000000e+06,2,1.4193003569e+11,4.3971659405e+10,-1.7714942276e+07
965,3.4740000000e+06,0,-1.7653115496e+08,-7.6596046952e+08,1.3963184144e+07
965,3.4740000000e+06,1,1.4225231877e+11,4.4228667167e+10,1.0750147417e+07
965,3.4740000000e+06,2,1.4189738731e+11,4.4070190712e+10,-1.7915025745e+07
966,3.4776000000e+06,0,-1.7649248097e+08,-7.6594616808e+08,1.3962379903e+07
966,3.4776000000e+06,1,1.4221826138e+11,4.4330567198e+10,1.0745769277e+07
966,3.4776000000e+06,2,1.4186469599e+11,4.4168712524e+10,-1.8112591678e+07
967,3.4812000000e+06,0,-1.7645380676e+08,-7.6593186657e+08,1.3961575663e+07
967,3.4812000000e+06,1,1.4218413012e+11,4.4432443779e+10,1.0741361867e+07
967,3.4812000000e+06,2,1.4183196159e+11,4.4267225066e+10,-1.8307626234e+07
968,3.4848000000e+06,0,-1.7641513232e+08,-7.6591756499e+08,1.3960771422e+07
968,3.4848000000e+06,1,1.4214992500e+11,4.4534296854e+10,1.0736925021e+07
968,3.4848000000e+06,2,1.4179918398e+11,4.4365728563e+10,-1.8500115829e+07
969,3.4884000000e+06,0,-1.7637645766e+08,-7.6590326335e+08,1.3959967181e+07
969,3.4884000000e+06,1,1.4211564604e+11,4.4636126366e+10,1.0732458581e+07
969,3.4884000000e+06,2,1.4176636299e+11,4.4464223234e+10,-1.8690047144e+07
970,3.4920000000e+06,0,-1.7633778278e+08,-7.6588896163e+08,1.3959162940e+07
970,3.4920000000e+06,1,1.4208129325e+11,4.4737932257e+10,1.0727962388e+07
970,3.4920000000e+06,2,1.4173349849e+11,4.4562709301e+10,-1.8877407123e+07
971,3.4956000000e+06,0,-1.7629910767e+08,-7.6587465983e+08,1.3958358699e+07
971,3.4956000000e+06,1,1.4204686666e+11,4.4839714472e+10,1.0723436288e+07
971,3.4956000000e+06,2,1.4170059033e+11,4.4661186980e+10,-1.9062182968e+07
972,3.4992000000e+06,0,-1.7626043234e+08,-7.6586035797e+08,1.3957554458e+07
972,3.4992000000e+06,1,1.4201236628e+11,4.4941472954e+10,1.0718880131e+07
972,3.4992000000e+06,2,1.4166763834e+11,4.4759656487e+10,-1.9244362147e+07
973,3.5028000000e+06,0,-1.7622175679e+08,-7.6584605603e+08,1.3956750217e+07
973,3.5028000000e+06,1,1.4197779212e+11,4.5043207645e+10,1.0714293768e+07
973,3.5028000000e+06,2,1.4163464237e+11,4.4858118035e+10,-1.9423932386e+07
974,3.5064000000e+06,0,-1.7618308101e+08,-7.6583175403e+08,1.3955945976e+07
974,3.5064000000e+06,1,1.4194314422e+11,4.5144918491e+10,1.0709677054e+07
974,3.5064000000e+06,2,1.4160160227e+11,4.4956571837e+10,-1.9600881674e+07
975,3.5100000000e+06,0,-1.7614440501e+08,-7.6581745195e+08,1.3955141736e+07
975,3.5100000000e+06,1,1.4190842257e+11,4.5246605433e+10,1.0705029850e+07
975,3.5100000000e+06,2,1.4156851788e+11,4.5055018100e+10,-1.9775198261e+07
976,3.5136000000e+06,0,-1.7610572878e+08,-7.6580314980e+08,1.3954337495e+07
976,3.5136000000e+06,1,1.4187362721e+11,4.5348268415e+10,1.0700352015e+07
976,3.5136000000e+06,2,1.4153538902e+11,4.5153457034e+10,-1.9946870659e+07
977,3.5172000000e+06,0,-1.7606705234e+08,-7.6578884757e+08,1.3953533254e+07
977,3.5172000000e+06,1,1.4183875814e+11,4.5449907382e+10,1.0695643416e+07
977,3.5172000000e+06,2,1.4150221555e+11,4.5251888843e+10,-2.0115887637e+07
978,3.5208000000e+06,0,-1.7602837567e+08,-7.6577454528e+08,1.3952729013e+07
978,3.5208000000e+06,1,1.4180381539e+11,4.5551522275e+10,1.0690903920e+07
978,3.5208000000e+06,2,1.4146899728e+11,4.5350313730e+10,-2.0282238228e+07
979,3.5244000000e+06,0,-1.7598969878e+08,-7.6576024291e+08,1.3951924772e+07
979,3.5244000000e+06,1,1.4176879897e+11,4.5653113040e+10,1.0686133399e+07
979,3.5244000000e+06,2,1.4143573407e+11,4.5448731896e+10,-2.0445911724e+07
980,3.5280000000e+06,0,-1.7595102166e+08,-7.6574594047e+08,1.3951120531e+07
980,3.5280000000e+06,1,1.4173370890e+11,4.5754679619e+10,1.0681331728e+07
980,3.5280000000e+06,2,1.4140242572e+11,4.5547143542e+10,-2.0606897674e+07
981,3.5316000000e+06,0,-1.7591234432e+08,-7.6573163795e+08,1.3950316290e+07
981,3.5316000000e+06,1,1.4169854521e+11,4.5856221957e+10,1.0676498784e+07
981,3.5316000000e+06,2,1.4136907208e+11,4.5645548863e+10,-2.0765185890e+07
982,3.5352000000e+06,0,-1.7587366676e+08,-7.6571733536e+08,1.3949512049e+07
982,3.5352000000e+06,1,1.4166330789e+11,4.5957739996e+10,1.0671634449e+07
982,3.5352000000e+06,2,1.4133567297e+11,4.5743948054e+10,-2.0920766440e+07
983,3.5388000000e+06,0,-1.7583498898e+08,-7.6570303270e+08,1.3948707808e+07
983,3.5388000000e+06,1,1.4162799699e+11,4.6059233681e+10,1.0666738607e+07
983,3.5388000000e+06,2,1.4130222820e+11,4.5842341309e+10,-2.1073629650e+07
984,3.5424000000e+06,0,-1.7579631098e+08,-7.6568872997e+08,1.3947903567e+07
984,3.5424000000e+06,1,1.4159261250e+11,4.6160702955e+10,1.0661811144e+07
984,3.5424000000e+06,2,1.4126873762e+11,4.5940728818e+10,-2.1223766105e+07
985,3.5460000000e+06,0,-1.7575763275e+08,-7.6567442716e+08,1.3947099326e+07
985,3.5460000000e+06,1,1.4155715446e+11,4.6262147763e+10,1.0656851952e+07
985,3.5460000000e+06,2,1.4123520103e+11,4.6039110770e+10,-2.1371166648e+07
986,3.5496000000e+06,0,-1.7571895430e+08,-7.6566012428e+08,1.3946295085e+07
986,3.5496000000e+06,1,1.4152162288e+11,4.6363568047e+10,1.0651860924e+07
986,3.5496000000e+06,2,1.4120161826e+11,4.6137487350e+10,-2.1515822375e+07
987,3.5532000000e+06,0,-1.7568027562e+08,-7.6564582132e+08,1.3945490844e+07
987,3.5532000000e+06,1,1.4148601777e+11,4.6464963753e+10,1.0646837957e+07
987,3.5532000000e+06,2,1.4116798911e+11,4.6235858742e+10,-2.1657724641e+07
988,3.5568000000e+06,0,-1.7564159673e+08,-7.6563151829e+08,1.3944686603e+07
988,3.5568000000e+06,1,1.4145033916e+11,4.6566334822e+10,1.0641782951e+07
988,3.5568000000e+06,2,1.4113431342e+11,4.6334225130e+10,-2.1796865057e+07
989,3.5604000000e+06,0,-1.7560291761e+08,-7.6561721518e+08,1.3943882362e+07
989,3.5604000000e+06,1,1.4141458706e+11,4.6667681201e+10,1.0636695809e+07
989,3.5604000000e+06,2,1.4110059098e+11,4.6432586691e+10,-2.1933235486e+07
990,3.5640000000e+06,0,-1.7556423827e+08,-7.6560291200e+08,1.3943078121e+07
990,3.5640000000e+06,1,1.4137876149e+11,4.6769002832e+10,1.0631576437e+07
990,3.5640000000e+06,2,1.4106682162e+11,4.6530943605e+10,-2.2066828046e+07
991,3.5676000000e+06,0,-1.7552555870e+08,-7.6558860875e+08,1.3942273880e+07
991,3.5676000000e+06,1,1.4134286248e+11,4.6870299660e+10,1.0626424745e+07
991,3.5676000000e+06,2,1.4103300515e+11,4.6629296046e+10,-2.2197635110e+07
992,3.5712000000e+06,0,-1.7548687892e+08,-7.6557430542e+08,1.3941469639e+07
992,3.5712000000e+06,1,1.4130689003e+11,4.6971571628e+10,1.0621240644e+07
992,3.5712000000e+06,2,1.4099914136e+11,4.6727644187e+10,-2.2325649302e+07
993,3.5748000000e+06,0,-1.7544819891e+08,-7.6556000202e+08,1.3940665398e+07
993,3.5748000000e+06,1,1.4127084417e+11,4.7072818680e+10,1.0616024051e+07
993,3.5748000000e+06,2,1.4096523008e+11,4.6825988200e+10,-2.2450863499e+07
994,3.5784000000e+06,0,-1.7540951868e+08,-7.6554569854e+08,1.3939861157e+07
994,3.5784000000e+06,1,1.4123472492e+11,4.7174040762e+10,1.0610774884e+07
994,3.5784000000e+06,2,1.4093127110e+11,4.6924328252e+10,-2.2573270829e+07
995,3.5820000000e+06,0,-1.7537083823e+08,-7.6553139498e+08,1.3939056916e+07
995,3.5820000000e+06,1,1.4119853229e+11,4.7275237817e+10,1.0605493065e+07
995,3.5820000000e+06,2,1.4089726423e+11,4.7022664512e+10,-2.2692864670e+07
996,3.5856000000e+06,0,-1.7533215755e+08,-7.6551709135e+08,1.3938252675e+07
996,3.5856000000e+06,1,1.4116226631e+11,4.7376409788e+10,1.0600178518e+07
996,3.5856000000e+06,2,1.4086320927e+11,4.7120997141e+10,-2.2809638649e+07
997,3.5892000000e+06,0,-1.7529347666e+08,-7.6550278765e+08,1.3937448434e+07
997,3.5892000000e+06,1,1.4112592698e+11,4.7477556621e+10,1.0594831172e+07
997,3.5892000000e+06,2,1.4082910602e+11,4.7219326304e+10,-2.2923586644e+07
998,3.5928000000e+06,0,-1.7525479554e+08,-7.6548848387e+08,1.3936644193e+07
998,3.5928000000e+06,1,1.4108951434e+11,4.7578678259e+10,1.0589450956e+07
998,3.5928000000e+06,2,1.4079495429e+11,4.7317652159e+10,-2.3034702779e+07
999,3.5964000000e+06,0,-1.7521611420e+08,-7.6547418001e+08,1.3935839952e+07
999,3.5964000000e+06,1,1.4105302840e+11,4.7679774648e+10,1.0584037806e+07
999,3.5964000000e+06,2,1.4076075387e+11,4.7415974863e+10,-2.3142981426e+07
1000,3.6000000000e+06,0,-1.7517743263e+08,-7.6545987607e+08,1.3935035711e+07
1000,3.6000000000e+06,1,1.4101646918e+11,4.7780845730e+10,1.0578591658e+07
1000,3.6000000000e+06,2,1.4072650455e+11,4.7514294573e+10,-2.3248417204e+07
1001,3.6036000000e+06,0,-1.7513875085e+08,-7.6544557206e+08,1.3934231470e+07
1001,3.6036000000e+06,1,1.4097983669e+11,4.7881891451e+10,1.0573112452e+07
1001,3.6036000000e+06,2,1.4069220614e+11,4.7612611440e+10,-2.3351004975e+07
1002,3.6072000000e+06,0,-1.7510006884e+08,-7.6543126798e+08,1.3933427229e+07
1002,3.6072000000e+06,1,1.4094313097e+11,4.7982911755e+10,1.0567600131e+07
1002,3.6072000000e+06,2,1.4065785842e+11,4.7710925617e+10,-2.3450739849e+07
1003,3.6108000000e+06,0,-1.7506138662e+08,-7.6541696382e+08,1.3932622988e+07
1003,3.6108000000e+06,1,1.4090635201e+11,4.8083906586e+10,1.0562054641e+07
1003,3.6108000000e+06,2,1.4062346120e+11,4.7809237250e+10,-2.3547617177e+07
1004,3.6144000000e+06,0,-1.7502270417e+08,-7.6540265958e+08,1.3931818747e+07
1004,3.6144000000e+06,1,1.4086949986e+11,4.8184875889e+10,1.0556475930e+07
1004,3.6144000000e+06,2,1.4058901425e+11,4.7907546486e+10,-2.3641632552e+07
1005,3.6180000000e+06,0,-1.7498402150e+08,-7.6538835526e+08,1.3931014506e+07
1005,3.6180000000e+06,1,1.4083257452e+11,4.8285819608e+10,1.0550863952e+07
1005,3.6180000000e+06,2,1.4055451738e+11,4.8005853470e+10,-2.3732781811e+07
1006,3.6216000000e+06,0,-1.7494533860e+08,-7.6537405087e+08,1.3930210265e+07
1006,3.6216000000e+06,1,1.4079557601e+11,4.8386737688e+10,1.0545218660e+07
1006,3.6216000000e+06,2,1.4051997037e+11,4.8104158342e+10,-2.3821061031e+07
1007,3.6252000000e+06,0,-1.7490665549e+08,-7.6535974639e+08,1.3929406024e+07
1007,3.6252000000e+06,1,1.4075850436e+11,4.8487630074e+10,1.0539540013e+07
1007,3.6252000000e+06,2,1.4048537300e+11,4.8202461242e+10,-2.3906466527e+07
1008,3.6288000000e+06,0,-1.7486797215e+08,-7.6534544185e+08,1.3928601782e+07
1008,3.6288000000e+06,1,1.4072135957e+11,4.8588496709e+10,1.0533827970e+07
1008,3.6288000000e+06,2,1.4045072507e+11,4.8300762307e+10,-2.3988994854e+07
1009,3.6324000000e+06,0,-1.7482928860e+08,-7.6533113722e+08,1.3927797541e+07
1009,3.6324000000e+06,1,1.4068414169e+11,4.8689337540e+10,1.0528082497e+07
1009,3.6324000000e+06,2,1.4041602635e+11,4.8399061671e+10,-2.4068642806e+07
1010,3.6360000000e+06,0,-1.7479060482e+08,-7.6531683252e+08,1.3926993300e+07
1010,3.6360000000e+06,1,1.4064685071e+11,4.8790152510e+10,1.0522303559e+07
1010,3.6360000000e+06,2,1.4038127664e+11,4.8497359468e+10,-2.4145407411e+07
1011,3.6396000000e+06,0,-1.7475192082e+08,-7.6530252774e+08,1.3926189059e+07
1011,3.6396000000e+06,1,1.4060948666e+11,4.8890941564e+10,1.0516491126e+07
1011,3.6396000000e+06,2,1.4034647571e+11,4.8595655826e+10,-2.4219285934e+07
1012,3.6432000000e+06,0,-1.7471323660e+08,-7.6528822288e+08,1.3925384818e+07
1012,3.6432000000e+06,1,1.4057204957e+11,4.8991704647e+10,1.0510645170e+07
1012,3.6432000000e+06,2,1.4031162336e+11,4.8693950875e+10,-2.4290275875e+07
1013,3.6468000000e+06,0,-1.7467455215e+08,-7.6527391794e+08,1.3924580577e+07
1013,3.6468000000e+06,1,1.4053453944e+11,4.9092441704e+10,1.0504765667e+07
1013,3.6468000000e+06,2,1.4027671935e+11,4.8792244739e+10,-2.4358374966e+07
1014,3.6504000000e+06,0,-1.7463586749e+08,-7.6525961292e+08,1.3923776336e+07
1014,3.6504000000e+06,1,1.4049695631e+11,4.9193152680e+10,1.0498852595e+07
1014,3.6504000000e+06,2,1.4024176347e+11,4.8890537542e+10,-2.4423581173e+07
1015,3.6540000000e+06,0,-1.7459718261e+08,-7.6524530783e+08,1.3922972095e+07
1015,3.6540000000e+06,1,1.4045930018e+11,4.9293837519e+10,1.0492905934e+07
1015,3.6540000000e+06,2,1.4020675549e+11,4.8988829405e+10,-2.4485892692e+07
1016,3.6576000000e+06,0,-1.7455849750e+08,-7.6523100265e+08,1.3922167854e+07
1016,3.6576000000e+06,1,1.4042157109e+11,4.9394496166e+10,1.0486925669e+07
1016,3.6576000000e+06,2,1.4017169520e+11,4.9087120447e+10,-2.4545307950e+07
1017,3.6612000000e+06,0,-1.7451981217e+08,-7.6521669740e+08,1.3921363612e+07
1017,3.6612000000e+06,1,1.4038376904e+11,4.9495128567e+10,1.0480911785e+07
1017,3.6612000000e+06,2,1.4013658237e+11,4.9185410783e+10,-2.4601825604e+07
1018,3.6648000000e+06,0,-1.7448112663e+08,-7.6520239207e+08,1.3920559371e+07
1018,3.6648000000e+06,1,1.4034589406e+11,4.9595734667e+10,1.0474864273e+07
1018,3.6648000000e+06,2,1.4010141677e+11,4.9283700529e+10,-2.4655444537e+07
1019,3.6684000000e+06,0,-1.7444244086e+08,-7.6518808666e+08,1.3919755130e+07
1019,3.6684000000e+06,1,1.4030794618e+11,4.9696314410e+10,1.0468783124e+07
1019,3.6684000000e+06,2,1.4006619819e+11,4.9381989795e+10,-2.4706163859e+07
1020,3.6720000000e+06,0,-1.7440375487e+08,-7.6517378117e+08,1.3918950889e+07
1020,3.6720000000e+06,1,1.4026992540e+11,4.9796867741e+10,1.0462668334e+07
1020,3.6720000000e+06,2,1.4003092639e+11,4.9480278691e+10,-2.4753982908e+07
1021,3.6756000000e+06,0,-1.7436506866e+08,-7.6515947560e+08,1.3918146648e+07
1021,3.6756000000e+06,1,1.4023183175e+11,4.9897394606e+10,1.0456519900e+07
1021,3.6756000000e+06,2,1.3999560115e+11,4.9578567325e+10,-2.4798901246e+07
1022,3.6792000000e+06,0,-1.7432638222e+08,-7.6514516995e+08,1.3917342407e+07
1022,3.6792000000e+06,1,1.4019366526e+11,4.9997894950e+10,1.0450337822e+07
1022,3.6792000000e+06,2,1.3996022223e+11,4.9676855801e+10,-2.4840918656e+07
1023,3.6828000000e+06,0,-1.7428769557e+08,-7.6513086422e+08,1.3916538165e+07
1023,3.6828000000e+06,1,1.4015542593e+11,5.0098368718e+10,1.0444122105e+07
1023,3.6828000000e+06,2,1.3992478942e+11,4.9775144222e+10,-2.4880035145e+07
1024,3.6864000000e+06,0,-1.7424900870e+08,-7.6511655842e+08,1.3915733924e+07
1024,3.6864000000e+06,1,1.4011711379e+11,5.0198815855e+10,1.0437872753e+07
1024,3.6864000000e+06,2,1.3988930247e+11,4.9873432689e+10,-2.4916250944e+07
1025,3.6900000000e+06,0,-1.7421032161e+08,-7.6510225253e+08,1.3914929683e+07
1025,3.6900000000e+06,1,1.4007872887e+11,5.0299236307e+10,1.0431589775e+07
1025,3.6900000000e+06,2,1.3985376117e+11,4.9971721299e+10,-2.4949566498e+07
1026,3.6936000000e+06,0,-1.7417163429e+08,-7.6508794656e+08,1.3914125442e+07
1026,3.6936000000e+06,1,1.4004027117e+11,5.0399630018e+10,1.0425273183e+07
1026,3.6936000000e+06,2,1.3981816527e+11,5.0070010148e+10,-2.4979982477e+07
1027,3.6972000000e+06,0,-1.7413294676e+08,-7.6507364051e+08,1.3913321201e+07
1027,3.6972000000e+06,1,1.4000174073e+11,5.0499996935e+10,1.0418922991e+07
1027,3.6972000000e+06,2,1.3978251455e+11,5.0168299330e+10,-2.5007499765e+07
1028,3.7008000000e+06,0,-1.7409425900e+08,-7.6505933438e+08,1.3912516959e+07
1028,3.7008000000e+06,1,1.3996313755e+11,5.0600337002e+10,1.0412539215e+07
1028,3.7008000000e+06,2,1.3974680877e+11,5.0266588936e+10,-2.5032119463e+07
1029,3.7044000000e+06,0,-1.7405557103e+08,-7.6504502817e+08,1.3911712718e+07
1029,3.7044000000e+06,1,1.3992446167e+11,5.0700650166e+10,1.0406121875e+07
1029,3.7044000000e+06,2,1.3971104770e+11,5.0364879055e+10,-2.5053842889e+07
1030,3.7080000000e+06,0,-1.7401688283e+08,-7.6503072187e+08,1.3910908477e+07
1030,3.7080000000e+06,1,1.3988571311e+11,5.0800936370e+10,1.0399670992e+07
1030,3.7080000000e+06,2,1.3967523110e+11,5.0463169773e+10,-2.5072671574e+07
1031,3.7116000000e+06,0,-1.7397819441e+08,-7.6501641550e+08,1.3910104236e+07
1031,3.7116000000e+06,1,1.3984689187e+11,5.0901195562e+10,1.0393186592e+07
1031,3.7116000000e+06,2,1.3963935875e+11,5.0561461176e+10,-2.5088607262e+07
1032,3.7152000000e+06,0,-1.7393950578e+08,-7.6500210905e+08,1.3909299994e+07
1032,3.7152000000e+06,1,1.3980799799e+11,5.1001427686e+10,1.0386668701e+07
1032,3.7152000000e+06,2,1.3960343039e+11,5.0659753344e+10,-2.5101651909e+07
1033,3.7188000000e+06,0,-1.7390081692e+08,-7.6498780251e+08,1.3908495753e+07
1033,3.7188000000e+06,1,1.3976903149e+11,5.1101632688e+10,1.0380117349e+07
1033,3.7188000000e+06,2,1.3956744581e+11,5.0758046358e+10,-2.5111807682e+07
1034,3.7224000000e+06,0,-1.7386212785e+08,-7.6497349589e+08,1.3907691512e+07
1034,3.7224000000e+06,1,1.3972999238e+11,5.1201810514e+10,1.0373532568e+07
1034,3.7224000000e+06,2,1.3953140475e+11,5.0856340296e+10,-2.5119076957e+07
1035,3.7260000000e+06,0,-1.7382343855e+08,-7.6495918920e+08,1.3906887271e+07
1035,3.7260000000e+06,1,1.3969088068e+11,5.1301961109e+10,1.0366914393e+07
1035,3.7260000000e+06,2,1.3949530698e+11,5.0954635233e+10,-2.5123462320e+07
1036,3.7296000000e+06,0,-1.7378474903e+08,-7.6494488241e+08,1.3906083029e+07
1036,3.7296000000e+06,1,1.3965169642e+11,5.1402084419e+10,1.0360262863e+07
1036,3.7296000000e+06,2,1.3945915227e+11,5.1052931241e+10,-2.5124966561e+07
1037,3.7332000000e+06,0,-1.7374605929e+08,-7.6493057555e+08,1.3905278788e+07
1037,3.7332000000e+06,1,1.3961243962e+11,5.1502180390e+10,1.0353578015e+07
1037,3.7332000000e+06,2,1.3942294037e+11,5.1151228392e+10,-2.5123592680e+07
1038,3.7368000000e+06,0,-1.7370736934e+08,-7.6491626861e+08,1.3904474547e+07
1038,3.7368000000e+06,1,1.3957311030e+11,5.1602248968e+10,1.0346859894e+07
1038,3.7368000000e+06,2,1.3938667104e+11,5.1249526755e+10,-2.5119343878e+07
1039,3.7404000000e+06,0,-1.7366867916e+08,-7.6490196158e+08,1.3903670306e+07
1039,3.7404000000e+06,1,1.3953370848e+11,5.1702290097e+10,1.0340108544e+07
1039,3.7404000000e+06,2,1.3935034405e+11,5.1347826396e+10,-2.5112223563e+07
1040,3.7440000000e+06,0,-1.7362998876e+08,-7.6488765447e+08,1.3902866064e+07
1040,3.7440000000e+06,1,1.3949423418e+11,5.1802303725e+10,1.0333324013e+07
1040,3.7440000000e+06,2,1.3931395915e+11,5.1446127378e+10,-2.5102235342e+07
1041,3.7476000000e+06,0,-1.7359129815e+08,-7.6487334728e+08,1.3902061823e+07
1041,3.7476000000e+06,1,1.3945468742e+11,5.1902289797e+10,1.0326506351e+07
1041,3.7476000000e+06,2,1.3927751611e+11,5.1544429764e+10,-2.5089383027e+07
1042,3.7512000000e+06,0,-1.7355260731e+08,-7.6485904000e+08,1.3901257582e+07
1042,3.7512000000e+06,1,1.3941506823e+11,5.2002248259e+10,1.0319655609e+07
1042,3.7512000000e+06,2,1.3924101467e+11,5.1642733613e+10,-2.5073670627e+07
1043,3.7548000000e+06,0,-1.7351391626e+08,-7.6484473264e+08,1.3900453340e+07
1043,3.7548000000e+06,1,1.3937537661e+11,5.2102179057e+10,1.0312771843e+07
1043,3.7548000000e+06,2,1.3920445460e+11,5.1741038983e+10,-2.5055102352e+07
1044,3.7584000000e+06,0,-1.7347522498e+08,-7.6483042520e+08,1.3899649099e+07
1044,3.7584000000e+06,1,1.3933561261e+11,5.2202082137e+10,1.0305855111e+07
1044,3.7584000000e+06,2,1.3916783566e+11,5.1839345929e+10,-2.5033682609e+07
1045,3.7620000000e+06,0,-1.7343653349e+08,-7.6481611767e+08,1.3898844858e+07
1045,3.7620000000e+06,1,1.3929577623e+11,5.2301957445e+10,1.0298905471e+07
1045,3.7620000000e+06,2,1.3913115760e+11,5.1937654504e+10,-2.5009416003e+07
1046,3.7656000000e+06,0,-1.7339784177e+08,-7.6480181006e+08,1.3898040616e+07
1046,3.7656000000e+06,1,1.3925586749e+11,5.2401804926e+10,1.0291922986e+07
1046,3.7656000000e+06,2,1.3909442018e+11,5.2035964758e+10,-2.4982307331e+07
1047,3.7692000000e+06,0,-1.7335914984e+08,-7.6478750237e+08,1.3897236375e+07
1047,3.7692000000e+06,1,1.3921588643e+11,5.2501624528e+10,1.0284907721e+07
1047,3.7692000000e+06,2,1.3905762316e+11,5.2134276740e+10,-2.4952361590e+07
1048,3.7728000000e+06,0,-1.7332045768e+08,-7.6477319459e+08,1.3896432134e+07
1048,3.7728000000e+06,1,1.3917583305e+11,5.2601416196e+10,1.0277859742e+07
1048,3.7728000000e+06,2,1.3902076628e+11,5.2232590497e+10,-2.4919583965e+07
1049,3.7764000000e+06,0,-1.7328176531e+08,-7.6475888673e+08,1.3895627892e+07
1049,3.7764000000e+06,1,1.3913570739e+11,5.2701179877e+10,1.0270779119e+07
1049,3.7764000000e+06,2,1.3898384931e+11,5.2330906073e+10,-2.4883979835e+07
1050,3.7800000000e+06,0,-1.7324307272e+08,-7.6474457879e+08,1.3894823651e+07
1050,3.7800000000e+06,1,1.3909550946e+11,5.2800915516e+10,1.0263665923e+07
1050,3.7800000000e+06,2,1.3894687200e+11,5.2429223509e+10,-2.4845554772e+07
1051,3.7836000000e+06,0,-1.7320437991e+08,-7.6473027076e+08,1.3894019410e+07
1051,3.7836000000e+06,1,1.3905523929e+11,5.2900623060e+10,1.0256520228e+07
1051,3.7836000000e+06,2,1.3890983411e+11,5.2527542845e+10,-2.4804314535e+07
1052,3.7872000000e+06,0,-1.7316568688e+08,-7.6471596265e+08,1.3893215168e+07
1052,3.7872000000e+06,1,1.3901489689e+11,5.3000302456e+10,1.0249342110e+07
1052,3.7872000000e+06,2,1.3887273538e+11,5.2625864119e+10,-2.4760265073e+07
1053,3.7908000000e+06,0,-1.7312699363e+08,-7.6470165445e+08,1.3892410927e+07
1053,3.7908000000e+06,1,1.3897448229e+11,5.3099953649e+10,1.0242131649e+07
1053,3.7908000000e+06,2,1.3883557558e+11,5.2724187366e+10,-2.4713412522e+07
1054,3.7944000000e+06,0,-1.7308830016e+08,-7.6468734617e+08,1.3891606685e+07
1054,3.7944000000e+06,1,1.3893399550e+11,5.3199576586e+10,1.0234888924e+07
1054,3.7944000000e+06,2,1.3879835446e+11,5.2822512620e+10,-2.4663763206e+07
1055,3.7980000000e+06,0,-1.7304960647e+08,-7.6467303780e+08,1.3890802444e+07
1055,3.7980000000e+06,1,1.3889343656e+11,5.3299171213e+10,1.0227614020e+07
1055,3.7980000000e+06,2,1.3876107176e+11,5.2920839911e+10,-2.4611323633e+07
1056,3.8016000000e+06,0,-1.7301091257e+08,-7.6465872935e+08,1.3889998203e+07
1056,3.8016000000e+06,1,1.3885280549e+11,5.3398737477e+10,1.0220307020e+07
1056,3.8016000000e+06,2,1.3872372724e+11,5.3019169268e+10,-2.4556100497e+07
1057,3.8052000000e+06,0,-1.7297221844e+08,-7.6464442081e+08,1.3889193961e+07
1057,3.8052000000e+06,1,1.3881210229e+11,5.3498275324e+10,1.0212968014e+07
1057,3.8052000000e+06,2,1.3868632066e+11,5.3117500718e+10,-2.4498100672e+07
1058,3.8088000000e+06,0,-1.7293352410e+08,-7.6463011218e+08,1.3888389720e+07
1058,3.8088000000e+06,1,1.3877132700e+11,5.3597784702e+10,1.0205597091e+07
1058,3.8088000000e+06,2,1.3864885177e+11,5.3215834286e+10,-2.4437331218e+07
1059,3.8124000000e+06,0,-1.7289482953e+08,-7.6461580348e+08,1.3887585478e+07
1059,3.8124000000e+06,1,1.3873047965e+11,5.3697265555e+10,1.0198194342e+07
1059,3.8124000000e+06,2,1.3861132032e+11,5.3314169993e+10,-2.4373799375e+07
1060,3.8160000000e+06,0,-1.7285613475e+08,-7.6460149468e+08,1.3886781237e+07
1060,3.8160000000e+06,1,1.3868956024e+11,5.3796717832e+10,1.0190759863e+07
1060,3.8160000000e+06,2,1.3857372606e+11,5.3412507861e+10,-2.4307512561e+07
1061,3.8196000000e+06,0,-1.7281743975e+08,-7.6458718580e+08,1.3885976996e+07
1061,3.8196000000e+06,1,1.3864856880e+11,5.3896141478e+10,1.0183293750e+07
1061,3.8196000000e+06,2,1.3853606874e+11,5.3510847906e+10,-2.4238478376e+07
1062,3.8232000000e+06,0,-1.7277874453e+08,-7.6457287683e+08,1.3885172754e+07
1062,3.8232000000e+06,1,1.3860750536e+11,5.3995536440e+10,1.0175796101e+07
1062,3.8232000000e+06,2,1.3849834812e+11,5.3609190146e+10,-2.4166704597e+07
1063,3.8268000000e+06,0,-1.7274004910e+08,-7.6455856778e+08,1.3884368513e+07
1063,3.8268000000e+06,1,1.3856636993e+11,5.4094902666e+10,1.0168267018e+07
1063,3.8268000000e+06,2,1.3846056394e+11,5.3707534594e+10,-2.4092199176e+07
1064,3.8304000000e+06,0,-1.7270135344e+08,-7.6454425864e+08,1.3883564271e+07
1064,3.8304000000e+06,1,1.3852516254e+11,5.4194240101e+10,1.0160706604e+07
1064,3.8304000000e+06,2,1.3842271596e+11,5.3805881261e+10,-2.4014970244e+07
1065,3.8340000000e+06,0,-1.7266265757e+08,-7.6452994941e+08,1.3882760030e+07
1065,3.8340000000e+06,1,1.3848388321e+11,5.4293548693e+10,1.0153114963e+07
1065,3.8340000000e+06,2,1.3838480393e+11,5.3904230157e+10,-2.3935026105e+07
1066,3.8376000000e+06,0,-1.7262396147e+08,-7.6451564010e+08,1.3881955788e+07
1066,3.8376000000e+06,1,1.3844253196e+11,5.4392828388e+10,1.0145492203e+07
1066,3.8376000000e+06,2,1.3834682759e+11,5.4002581290e+10,-2.3852375238e+07
1067,3.8412000000e+06,0,-1.7258526516e+08,-7.6450133070e+08,1.3881151547e+07
1067,3.8412000000e+06,1,1.3840110882e+11,5.4492079133e+10,1.0137838434e+07
1067,3.8412000000e+06,2,1.3830878671e+11,5.4100934665e+10,-2.3767026294e+07
1068,3.8448000000e+06,0,-1.7254656863e+08,-7.6448702122e+08,1.3880347305e+07
1068,3.8448000000e+06,1,1.3835961380e+11,5.4591300876e+10,1.0130153767e+07
1068,3.8448000000e+06,2,1.3827068102e+11,5.4199290285e+10,-2.3678988097e+07
1069,3.8484000000e+06,0,-1.7250787189e+08,-7.6447271164e+08,1.3879543064e+07
1069,3.8484000000e+06,1,1.3831804693e+11,5.4690493562e+10,1.0122438317e+07
1069,3.8484000000e+06,2,1.3823251029e+11,5.4297648152e+10,-2.3588269642e+07
1070,3.8520000000e+06,0,-1.7246917492e+08,-7.6445840198e+08,1.3878738822e+07
1070,3.8520000000e+06,1,1.3827640824e+11,5.4789657140e+10,1.0114692197e+07
1070,3.8520000000e+06,2,1.3819427426e+11,5.4396008263e+10,-2.3494880092e+07
1071,3.8556000000e+06,0,-1.7243047774e+08,-7.6444409223e+08,1.3877934581e+07
1071,3.8556000000e+06,1,1.3823469773e+11,5.4888791556e+10,1.0106915528e+07
1071,3.8556000000e+06,2,1.3815597267e+11,5.4494370617e+10,-2.3398828781e+07
1072,3.8592000000e+06,0,-1.7239178033e+08,-7.6442978239e+08,1.3877130339e+07
1072,3.8592000000e+06,1,1.3819291545e+11,5.4987896756e+10,1.0099108427e+07
1072,3.8592000000e+06,2,1.3811760529e+11,5.4592735208e+10,-2.3300125212e+07
1073,3.8628000000e+06,0,-1.7235308271e+08,-7.6441547247e+08,1.3876326098e+07
1073,3.8628000000e+06,1,1.3815106140e+11,5.5086972689e+10,1.0091271019e+07
1073,3.8628000000e+06,2,1.3807917186e+11,5.4691102029e+10,-2.3198779052e+07
1074,3.8664000000e+06,0,-1.7231438488e+08,-7.6440116246e+08,1.3875521856e+07
1074,3.8664000000e+06,1,1.3810913561e+11,5.5186019301e+10,1.0083403425e+07
1074,3.8664000000e+06,2,1.3804067213e+11,5.4789471071e+10,-2.3094800138e+07
1075,3.8700000000e+06,0,-1.7227568682e+08,-7.6438685236e+08,1.3874717615e+07
1075,3.8700000000e+06,1,1.3806713810e+11,5.5285036540e+10,1.0075505773e+07
1075,3.8700000000e+06,2,1.3800210586e+11,5.4887842321e+10,-2.2988198471e+07
1076,3.8736000000e+06,0,-1.7223698855e+08,-7.6437254217e+08,1.3873913373e+07
1076,3.8736000000e+06,1,1.3802506890e+11,5.5384024352e+10,1.0067578191e+07
1076,3.8736000000e+06,2,1.3796347278e+11,5.4986215767e+10,-2.2878984214e+07
1077,3.8772000000e+06,0,-1.7219829006e+08,-7.6435823189e+08,1.3873109132e+07
1077,3.8772000000e+06,1,1.3798292803e+11,5.5482982685e+10,1.0059620809e+07
1077,3.8772000000e+06,2,1.3792477265e+11,5.5084591393e+10,-2.2767167698e+07
1078,3.8808000000e+06,0,-1.7215959135e+08,-7.6434392153e+08,1.3872304890e+07
1078,3.8808000000e+06,1,1.3794071551e+11,5.5581911486e+10,1.0051633758e+07
1078,3.8808000000e+06,2,1.3788600523e+11,5.5182969182e+10,-2.2652759413e+07
1079,3.8844000000e+06,0,-1.7212089242e+08,-7.6432961107e+08,1.3871500649e+07
1079,3.8844000000e+06,1,1.3789843136e+11,5.5680810703e+10,1.0043617174e+07
1079,3.8844000000e+06,2,1.3784717026e+11,5.5281349114e+10,-2.2535770013e+07
1080,3.8880000000e+06,0,-1.7208219328e+08,-7.6431530053e+08,1.3870696407e+07
1080,3.8880000000e+06,1,1.3785607561e+11,5.5779680282e+10,1.0035571191e+07
1080,3.8880000000e+06,2,1.3780826748e+11,5.5379731166e+10,-2.2416210313e+07
1081,3.8916000000e+06,0,-1.7204349392e+08,-7.6430098990e+08,1.3869892166e+07
1081,3.8916000000e+06,1,1.3781364828e+11,5.5878520172e+10,1.0027495949e+07
1081,3.8916000000e+06,2,1.3776929666e+11,5.5478115316e+10,-2.2294091287e+07
1082,3.8952000000e+06,0,-1.7200479434e+08,-7.6428667917e+08,1.3869087924e+07
1082,3.8952000000e+06,1,1.3777114939e+11,5.5977330319e+10,1.0019391586e+07
1082,3.8952000000e+06,2,1.3773025754e+11,5.5576501538e+10,-2.2169424069e+07
1083,3.8988000000e+06,0,-1.7196609454e+08,-7.6427236836e+08,1.3868283683e+07
1083,3.8988000000e+06,1,1.3772857897e+11,5.6076110672e+10,1.0011258245e+07
1083,3.8988000000e+06,2,1.3769114987e+11,5.5674889803e+10,-2.2042219952e+07
1084,3.9024000000e+06,0,-1.7192739453e+08,-7.6425805746e+08,1.3867479441e+07
1084,3.9024000000e+06,1,1.3768593703e+11,5.6174861177e+10,1.0003096071e+07
1084,3.9024000000e+06,2,1.3765197339e+11,5.5773280083e+10,-2.1912490386e+07
1085,3.9060000000e+06,0,-1.7188869430e+08,-7.6424374647e+08,1.3866675199e+07
1085,3.9060000000e+06,1,1.3764322360e+11,5.6273581781e+10,9.9949052077e+06
1085,3.9060000000e+06,2,1.3761272787e+11,5.5871672344e+10,-2.1780246977e+07
1086,3.9096000000e+06,0,-1.7184999385e+08,-7.6422943539e+08,1.3865870958e+07
1086,3.9096000000e+06,1,1.3760043870e+11,5.6372272434e+10,9.9866858041e+06
1086,3.9096000000e+06,2,1.3757341305e+11,5.5970066553e+10,-2.1645501491e+07
1087,3.9132000000e+06,0,-1.7181129318e+08,-7.6421512422e+08,1.3865066716e+07
1087,3.9132000000e+06,1,1.3755758236e+11,5.6470933082e+10,9.9784380095e+06
1087,3.9132000000e+06,2,1.3753402868e+11,5.6068462675e+10,-2.1508265844e+07
1088,3.9168000000e+06,0,-1.7177259230e+08,-7.6420081296e+08,1.3864262475e+07
1088,3.9168000000e+06,1,1.3751465461e+11,5.6569563672e+10,9.9701619755e+06
1088,3.9168000000e+06,2,1.3749457451e+11,5.6166860670e+10,-2.1368552111e+07
1089,3.9204000000e+06,0,-1.7173389120e+08,-7.6418650161e+08,1.3863458233e+07
1089,3.9204000000e+06,1,1.3747165545e+11,5.6668164154e+10,9.9618578556e+06
1089,3.9204000000e+06,2,1.3745505030e+11,5.6265260500e+10,-2.1226372519e+07
1090,3.9240000000e+06,0,-1.7169518988e+08,-7.6417219017e+08,1.3862653991e+07
1090,3.9240000000e+06,1,1.3742858492e+11,5.6766734473e+10,9.9535258050e+06
1090,3.9240000000e+06,2,1.3741545578e+11,5.6363662121e+10,-2.1081739449e+07
1091,3.9276000000e+06,0,-1.7165648835e+08,-7.6415787864e+08,1.3861849750e+07
1091,3.9276000000e+06,1,1.3738544303e+11,5.6865274579e+10,9.9451659810e+06
1091,3.9276000000e+06,2,1.3737579072e+11,5.6462065491e+10,-2.0934665432e+07
1092,3.9312000000e+06,0,-1.7161778660e+08,-7.6414356701e+08,1.3861045508e+07
1092,3.9312000000e+06,1,1.3734222982e+11,5.6963784418e+10,9.9367785427e+06
1092,3.9312000000e+06,2,1.3733605486e+11,5.6560470563e+10,-2.0785163154e+07
1093,3.9348000000e+06,0,-1.7157908463e+08,-7.6412925530e+08,1.3860241266e+07
1093,3.9348000000e+06,1,1.3729894530e+11,5.7062263939e+10,9.9283636508e+06
1093,3.9348000000e+06,2,1.3729624795e+11,5.6658877288e+10,-2.0633245451e+07
1094,3.9384000000e+06,0,-1.7154038245e+08,-7.6411494349e+08,1.3859437025e+07
1094,3.9384000000e+06,1,1.3725558950e+11,5.7160713089e+10,9.9199214683e+06
1094,3.9384000000e+06,2,1.3725636975e+11,5.6757285618e+10,-2.0478925307e+07
1095,3.9420000000e+06,0,-1.7150168005e+08,-7.6410063160e+08,1.3858632783e+07
1095,3.9420000000e+06,1,1.3721216244e+11,5.7259131817e+10,9.9114521596e+06
1095,3.9420000000e+06,2,1.3721642000e+11,5.6855695500e+10,-2.0322215859e+07
1096,3.9456000000e+06,0,-1.7146297743e+08,-7.6408631961e+08,1.3857828542e+07
1096,3.9456000000e+06,1,1.3716866415e+11,5.7357520070e+10,9.9029558913e+06
1096,3.9456000000e+06,2,1.3717639846e+11,5.6954106879e+10,-2.0163130392e+07
1097,3.9492000000e+06,0,-1.7142427460e+08,-7.6407200753e+08,1.3857024300e+07
1097,3.9492000000e+06,1,1.3712509464e+11,5.7455877796e+10,9.8944328316e+06
1097,3.9492000000e+06,2,1.3713630488e+11,5.7052519700e+10,-2.0001682337e+07
1098,3.9528000000e+06,0,-1.7138557155e+08,-7.6405769536e+08,1.3856220058e+07
1098,3.9528000000e+06,1,1.3708145395e+11,5.7554204944e+10,9.8858831505e+06
1098,3.9528000000e+06,2,1.3709613901e+11,5.7150933906e+10,-1.9837885276e+07
1099,3.9564000000e+06,0,-1.7134686828e+08,-7.6404338310e+08,1.3855415817e+07
1099,3.9564000000e+06,1,1.3703774209e+11,5.7652501461e+10,9.8773070200e+06
1099,3.9564000000e+06,2,1.3705590061e+11,5.7249349435e+10,-1.9671752936e+07
1100,3.9600000000e+06,0,-1.7130816480e+08,-7.6402907074e+08,1.3854611575e+07
1100,3.9600000000e+06,1,1.3699395909e+11,5.7750767295e+10,9.8687046138e+06
1100,3.9600000000e+06,2,1.3701558941e+11,5.7347766226e+10,-1.9503299190e+07
1101,3.9636000000e+06,0,-1.7126946110e+08,-7.6401475829e+08,1.3853807333e+07
1101,3.9636000000e+06,1,1.3695010497e+11,5.7849002395e+10,9.8600761072e+06
1101,3.9636000000e+06,2,1.3697520518e+11,5.7446184215e+10,-1.9332538060e+07
1102,3.9672000000e+06,0,-1.7123075719e+08,-7.6400044575e+08,1.3853003091e+07
1102,3.9672000000e+06,1,1.3690617975e+11,5.7947206708e+10,9.8514216777e+06
1102,3.9672000000e+06,2,1.3693474767e+11,5.7544603336e+10,-1.9159483710e+07
1103,3.9708000000e+06,0,-1.7119205305e+08,-7.6398613312e+08,1.3852198850e+07
1103,3.9708000000e+06,1,1.3686218347e+11,5.8045380184e+10,9.8427415041e+06
1103,3.9708000000e+06,2,1.3689421663e+11,5.7643023521e+10,-1.8984150449e+07
1104,3.9744000000e+06,0,-1.7115334871e+08,-7.6397182039e+08,1.3851394608e+07
1104,3.9744000000e+06,1,1.3681811613e+11,5.8143522769e+10,9.8340357673e+06
1104,3.9744000000e+06,2,1.3685361181e+11,5.7741444701e+10,-1.8806552732e+07
1105,3.9780000000e+06,0,-1.7111464414e+08,-7.6395750758e+08,1.3850590366e+07
1105,3.9780000000e+06,1,1.3677397777e+11,5.8241634413e+10,9.8253046500e+06
1105,3.9780000000e+06,2,1.3681293297e+11,5.7839866803e+10,-1.8626705155e+07
1106,3.9816000000e+06,0,-1.7107593936e+08,-7.6394319466e+08,1.3849786125e+07
1106,3.9816000000e+06,1,1.3672976841e+11,5.8339715063e+10,9.8165483364e+06
1106,3.9816000000e+06,2,1.3677217986e+11,5.7938289753e+10,-1.8444622459e+07
1107,3.9852000000e+06,0,-1.7103723437e+08,-7.6392888166e+08,1.3848981883e+07
1107,3.9852000000e+06,1,1.3668548808e+11,5.8437764669e+10,9.8077670126e+06
1107,3.9852000000e+06,2,1.3673135223e+11,5.8036713476e+10,-1.8260319526e+07
1108,3.9888000000e+06,0,-1.7099852916e+08,-7.6391456856e+08,1.3848177641e+07
1108,3.9888000000e+06,1,1.3664113679e+11,5.8535783177e+10,9.7989608664e+06
1108,3.9888000000e+06,2,1.3669044983e+11,5.8135137894e+10,-1.8073811381e+07
1109,3.9924000000e+06,0,-1.7095982373e+08,-7.6390025537e+08,1.3847373399e+07
1109,3.9924000000e+06,1,1.3659671457e+11,5.8633770538e+10,9.7901300874e+06
1109,3.9924000000e+06,2,1.3664947243e+11,5.8233562927e+10,-1.7885113190e+07
1110,3.9960000000e+06,0,-1.7092111809e+08,-7.6388594208e+08,1.3846569158e+07
1110,3.9960000000e+06,1,1.3655222145e+11,5.8731726699e+10,9.7812748669e+06
1110,3.9960000000e+06,2,1.3660841977e+11,5.8331988494e+10,-1.7694240259e+07
1111,3.9996000000e+06,0,-1.7088241223e+08,-7.6387162871e+08,1.3845764916e+07
1111,3.9996000000e+06,1,1.3650765744e+11,5.8829651608e+10,9.7723953979e+06
1111,3.9996000000e+06,2,1.3656729161e+11,5.8430414511e+10,-1.7501208035e+07
1112,4.0032000000e+06,0,-1.7084370615e+08,-7.6385731523e+08,1.3844960674e+07
1112,4.0032000000e+06,1,1.3646302258e+11,5.8927545215e+10,9.7634918752e+06
1112,4.0032000000e+06,2,1.3652608770e+11,5.8528840892e+10,-1.7306032105e+07
1113,4.0068000000e+06,0,-1.7080499986e+08,-7.6384300167e+08,1.3844156432e+07
1113,4.0068000000e+06,1,1.3641831689e+11,5.9025407467e+10,9.7545644952e+06
1113,4.0068000000e+06,2,1.3648480780e+11,5.8627267550e+10,-1.7108728196e+07
1114,4.0104000000e+06,0,-1.7076629336e+08,-7.6382868800e+08,1.3843352190e+07
1114,4.0104000000e+06,1,1.3637354038e+11,5.9123238314e+10,9.7456134560e+06
1114,4.0104000000e+06,2,1.3644345167e+11,5.8725694395e+10,-1.6909312171e+07
1115,4.0140000000e+06,0,-1.7072758664e+08,-7.6381437425e+08,1.3842547949e+07
1115,4.0140000000e+06,1,1.3632869309e+11,5.9221037704e+10,9.7366389576e+06
1115,4.0140000000e+06,2,1.3640201905e+11,5.8824121336e+10,-1.6707800035e+07
1116,4.0176000000e+06,0,-1.7068887970e+08,-7.6380006040e+08,1.3841743707e+07
1116,4.0176000000e+06,1,1.3628377504e+11,5.9318805585e+10,9.7276412014e+06
1116,4.0176000000e+06,2,1.3636050971e+11,5.8922548278e+10,-1.6504207930e+07
1117,4.0212000000e+06,0,-1.7065017255e+08,-7.6378574645e+08,1.3840939465e+07
1117,4.0212000000e+06,1,1.3623878625e+11,5.9416541907e+10,9.7186203908e+06
1117,4.0212000000e+06,2,1.3631892340e+11,5.9020975128e+10,-1.6298552133e+07
1118,4.0248000000e+06,0,-1.7061146518e+08,-7.6377143241e+08,1.3840135223e+07
1118,4.0248000000e+06,1,1.3619372674e+11,5.9514246618e+10,9.7095767306e+06
1118,4.0248000000e+06,2,1.3627725988e+11,5.9119401787e+10,-1.6090849061e+07
1119,4.0284000000e+06,0,-1.7057275760e+08,-7.6375711828e+08,1.3839330981e+07
1119,4.0284000000e+06,1,1.3614859655e+11,5.9611919667e+10,9.7005104275e+06
1119,4.0284000000e+06,2,1.3623551890e+11,5.9217828156e+10,-1.5881115267e+07
1120,4.0320000000e+06,0,-1.7053404980e+08,-7.6374280404e+08,1.3838526740e+07
1120,4.0320000000e+06,1,1.3610339569e+11,5.9709561003e+10,9.6914216898e+06
1120,4.0320000000e+06,2,1.3619370022e+11,5.9316254133e+10,-1.5669367439e+07
1121,4.0356000000e+06,0,-1.7049534179e+08,-7.6372848972e+08,1.3837722498e+07
1121,4.0356000000e+06,1,1.3605812419e+11,5.9807170574e+10,9.6823107274e+06
1121,4.0356000000e+06,2,1.3615180361e+11,5.9414679616e+10,-1.5455622402e+07
1122,4.0392000000e+06,0,-1.7045663357e+08,-7.6371417530e+08,1.3836918256e+07
1122,4.0392000000e+06,1,1.3601278207e+11,5.9904748329e+10,9.6731777519e+06
1122,4.0392000000e+06,2,1.3610982881e+11,5.9513104500e+10,-1.5239897117e+07
1123,4.0428000000e+06,0,-1.7041792512e+08,-7.6369986078e+08,1.3836114014e+07
1123,4.0428000000e+06,1,1.3596736936e+11,6.0002294218e+10,9.6640229767e+06
1123,4.0428000000e+06,2,1.3606777559e+11,5.9611528676e+10,-1.5022208678e+07
1124,4.0464000000e+06,0,-1.7037921647e+08,-7.6368554617e+08,1.3835309772e+07
1124,4.0464000000e+06,1,1.3592188609e+11,6.0099808190e+10,9.6548466166e+06
1124,4.0464000000e+06,2,1.3602564369e+11,5.9709952037e+10,-1.4802574315e+07
1125,4.0500000000e+06,0,-1.7034050759e+08,-7.6367123146e+08,1.3834505530e+07
1125,4.0500000000e+06,1,1.3587633226e+11,6.0197290192e+10,9.6456488883e+06
1125,4.0500000000e+06,2,1.3598343290e+11,5.9808374470e+10,-1.4581011392e+07
1126,4.0536000000e+06,0,-1.7030179851e+08,-7.6365691665e+08,1.3833701289e+07
1126,4.0536000000e+06,1,1.3583070792e+11,6.0294740175e+10,9.6364300100e+06
1126,4.0536000000e+06,2,1.3594114295e+11,5.9906795863e+10,-1.4357537407e+07
1127,4.0572000000e+06,0,-1.7026308921e+08,-7.6364260175e+08,1.3832897047e+07
1127,4.0572000000e+06,1,1.3578501309e+11,6.0392158088e+10,9.6271902015e+06
1127,4.0572000000e+06,2,1.3589877362e+11,6.0005216101e+10,-1.4132169992e+07
1128,4.0608000000e+06,0,-1.7022437969e+08,-7.6362828675e+08,1.3832092805e+07
1128,4.0608000000e+06,1,1.3573924778e+11,6.0489543879e+10,9.6179296843e+06
1128,4.0608000000e+06,2,1.3585632466e+11,6.0103635067e+10,-1.3904926910e+07
1129,4.0644000000e+06,0,-1.7018566996e+08,-7.6361397165e+08,1.3831288563e+07
1129,4.0644000000e+06,1,1.3569341203e+11,6.0586897498e+10,9.6086486817e+06
1129,4.0644000000e+06,2,1.3581379583e+11,6.0202052641e+10,-1.3675826059e+07
1130,4.0680000000e+06,0,-1.7014696002e+08,-7.6359965646e+08,1.3830484321e+07
1130,4.0680000000e+06,1,1.3564750585e+11,6.0684218893e+10,9.5993474184e+06
1130,4.0680000000e+06,2,1.3577118690e+11,6.0300468704e+10,-1.3444885469e+07
1131,4.0716000000e+06,0,-1.7010824986e+08,-7.6358534117e+08,1.3829680079e+07
1131,4.0716000000e+06,1,1.3560152928e+11,6.0781508015e+10,9.5900261207e+06
1131,4.0716000000e+06,2,1.3572849762e+11,6.0398883132e+10,-1.3212123302e+07
1132,4.0752000000e+06,0,-1.7006953948e+08,-7.6357102579e+08,1.3828875837e+07
1132,4.0752000000e+06,1,1.3555548234e+11,6.0878764812e+10,9.5806850168e+06
1132,4.0752000000e+06,2,1.3568572775e+11,6.0497295800e+10,-1.2977557851e+07
1133,4.0788000000e+06,0,-1.7003082890e+08,-7.6355671030e+08,1.3828071595e+07
1133,4.0788000000e+06,1,1.3550936505e+11,6.0975989234e+10,9.5713243361e+06
1133,4.0788000000e+06,2,1.3564287707e+11,6.0595706582e+10,-1.2741207540e+07
1134,4.0824000000e+06,0,-1.6999211810e+08,-7.6354239472e+08,1.3827267353e+07
1134,4.0824000000e+06,1,1.3546317743e+11,6.1073181230e+10,9.5619443101e+06
1134,4.0824000000e+06,2,1.3559994533e+11,6.0694115348e+10,-1.2503090927e+07
1135,4.0860000000e+06,0,-1.6995340708e+08,-7.6352807904e+08,1.3826463111e+07
1135,4.0860000000e+06,1,1.3541691952e+11,6.1170340749e+10,9.5525451714e+06
1135,4.0860000000e+06,2,1.3555693229e+11,6.0792521969e+10,-1.2263226698e+07
1136,4.0896000000e+06,0,-1.6991469585e+08,-7.6351376327e+08,1.3825658869e+07
1136,4.0896000000e+06,1,1.3537059133e+11,6.1267467742e+10,9.5431271546e+06
1136,4.0896000000e+06,2,1.3551383772e+11,6.0890926310e+10,-1.2021633670e+07
1137,4.0932000000e+06,0,-1.6987598441e+08,-7.6349944739e+08,1.3824854628e+07
1137,4.0932000000e+06,1,1.3532419289e+11,6.1364562156e+10,9.5336904957e+06
1137,4.0932000000e+06,2,1.3547066138e+11,6.0989328239e+10,-1.1778330791e+07
1138,4.0968000000e+06,0,-1.6983727275e+08,-7.6348513142e+08,1.3824050386e+07
1138,4.0968000000e+06,1,1.3527772423e+11,6.1461623942e+10,9.5242354324e+06
1138,4.0968000000e+06,2,1.3542740304e+11,6.1087727617e+10,-1.1533337137e+07
1139,4.1004000000e+06,0,-1.6979856088e+08,-7.6347081535e+08,1.3823246144e+07
1139,4.1004000000e+06,1,1.3523118537e+11,6.1558653050e+10,9.5147622039e+06
1139,4.1004000000e+06,2,1.3538406246e+11,6.1186124307e+10,-1.1286671916e+07
1140,4.1040000000e+06,0,-1.6975984879e+08,-7.6345649918e+08,1.3822441902e+07
1140,4.1040000000e+06,1,1.3518457634e+11,6.1655649428e+10,9.5052710510e+06
1140,4.1040000000e+06,2,1.3534063941e+11,6.1284518167e+10,-1.1038354463e+07
1141,4.1076000000e+06,0,-1.6972113649e+08,-7.6344218291e+08,1.3821637660e+07
1141,4.1076000000e+06,1,1.3513789715e+11,6.1752613027e+10,9.4957622162e+06
1141,4.1076000000e+06,2,1.3529713366e+11,6.1382909055e+10,-1.0788404243e+07
1142,4.1112000000e+06,0,-1.6968242398e+08,-7.6342786655e+08,1.3820833418e+07
1142,4.1112000000e+06,1,1.3509114784e+11,6.1849543795e+10,9.4862359434e+06
1142,4.1112000000e+06,2,1.3525354496e+11,6.1481296827e+10,-1.0536840849e+07
1143,4.1148000000e+06,0,-1.6964371125e+08,-7.6341355008e+08,1.3820029176e+07
1143,4.1148000000e+06,1,1.3504432843e+11,6.1946441684e+10,9.4766924782e+06
1143,4.1148000000e+06,2,1.3520987309e+11,6.1579681336e+10,-1.0283684003e+07
1144,4.1184000000e+06,0,-1.6960499831e+08,-7.6339923352e+08,1.3819224934e+07
1144,4.1184000000e+06,1,1.3499743895e+11,6.2043306642e+10,9.4671320678e+06
1144,4.1184000000e+06,2,1.3516611782e+11,6.1678062433e+10,-1.0028953555e+07
1145,4.1220000000e+06,0,-1.6956628516e+08,-7.6338491685e+08,1.3818420692e+07
1145,4.1220000000e+06,1,1.3495047941e+11,6.2140138619e+10,9.4575549609e+06
1145,4.1220000000e+06,2,1.3512227891e+11,6.1776439967e+10,-9.7726694822e+06
1146,4.1256000000e+06,0,-1.6952757179e+08,-7.6337060009e+08,1.3817616450e+07
1146,4.1256000000e+06,1,1.3490344985e+11,6.2236937566e+10,9.4479614077e+06
1146,4.1256000000e+06,2,1.3507835613e+11,6.1874813787e+10,-9.5148518886e+06
1147,4.1292000000e+06,0,-1.6948885821e+08,-7.6335628323e+08,1.3816812208e+07
1147,4.1292000000e+06,1,1.3485635029e+11,6.2333703431e+10,9.4383516601e+06
1147,4.1292000000e+06,2,1.3503434925e+11,6.1973183738e+10,-9.2555210062e+06
1148,4.1328000000e+06,0,-1.6945014442e+08,-7.6334196627e+08,1.3816007966e+07
1148,4.1328000000e+06,1,1.3480918076e+11,6.2430436165e+10,9.4287259715e+06
1148,4.1328000000e+06,2,1.3499025805e+11,6.2071549663e+10,-8.9946971937e+06
1149,4.1364000000e+06,0,-1.6941143041e+08,-7.6332764921e+08,1.3815203724e+07
1149,4.1364000000e+06,1,1.3476194127e+11,6.2527135717e+10,9.4190845968e+06
1149,4.1364000000e+06,2,1.3494608228e+11,6.2169911403e+10,-8.7324009359e+06
1150,4.1400000000e+06,0,-1.6937271619e+08,-7.6331333204e+08,1.3814399482e+07
1150,4.1400000000e+06,1,1.3471463187e+11,6.2623802039e+10,9.4094277926e+06
1150,4.1400000000e+06,2,1.3490182173e+11,6.2268268798e+10,-8.4686528441e+06
1151,4.1436000000e+06,0,-1.6933400175e+08,-7.6329901478e+08,1.3813595240e+07
1151,4.1436000000e+06,1,1.3466725256e+11,6.2720435078e+10,9.3997558169e+06
1151,4.1436000000e+06,2,1.3485747616e+11,6.2366621685e+10,-8.2034736554e+06
1152,4.1472000000e+06,0,-1.6929528711e+08,-7.6328469742e+08,1.3812790997e+07
1152,4.1472000000e+06,1,1.3461980338e+11,6.2817034787e+10,9.3900689293e+06
1152,4.1472000000e+06,2,1.3481304535e+11,6.2464969900e+10,-7.9368842323e+06
1153,4.1508000000e+06,0,-1.6925657225e+08,-7.6327037996e+08,1.3811986755e+07
1153,4.1508000000e+06,1,1.3457228435e+11,6.2913601114e+10,9.3803673910e+06
1153,4.1508000000e+06,2,1.3476852907e+11,6.2563313276e+10,-7.6689055628e+06
1154,4.1544000000e+06,0,-1.6921785718e+08,-7.6325606239e+08,1.3811182513e+07
1154,4.1544000000e+06,1,1.3452469549e+11,6.3010134009e+10,9.3706514646e+06
1154,4.1544000000e+06,2,1.3472392709e+11,6.2661651644e+10,-7.3995587598e+06
1155,4.1580000000e+06,0,-1.6917914189e+08,-7.6324174473e+08,1.3810378271e+07
1155,4.1580000000e+06,1,1.3447703684e+11,6.3106633424e+10,9.3609214143e+06
1155,4.1580000000e+06,2,1.3467923919e+11,6.2759984834e+10,-7.1288650607e+06
1156,4.1616000000e+06,0,-1.6914042639e+08,-7.6322742696e+08,1.3809574029e+07
1156,4.1616000000e+06,1,1.3442930842e+11,6.3203099308e+10,9.3511775058e+06
1156,4.1616000000e+06,2,1.3463446514e+11,6.2858312673e+10,-6.8568458274e+06
1157,4.1652000000e+06,0,-1.6910171068e+08,-7.6321310910e+08,1.3808769787e+07
1157,4.1652000000e+06,1,1.3438151025e+11,6.3299531611e+10,9.3414200065e+06
1157,4.1652000000e+06,2,1.3458960471e+11,6.2956634987e+10,-6.5835225457e+06
1158,4.1688000000e+06,0,-1.6906299476e+08,-7.6319879113e+08,1.3807965545e+07
1158,4.1688000000e+06,1,1.3433364235e+11,6.3395930283e+10,9.3316491851e+06
1158,4.1688000000e+06,2,1.3454465770e+11,6.3054951597e+10,-6.3089168251e+06
1159,4.1724000000e+06,0,-1.6902427863e+08,-7.6318447306e+08,1.3807161303e+07
1159,4.1724000000e+06,1,1.3428570476e+11,6.3492295276e+10,9.3218653118e+06
1159,4.1724000000e+06,2,1.3449962386e+11,6.3153262327e+10,-6.0330503984e+06
1160,4.1760000000e+06,0,-1.6898556228e+08,-7.6317015489e+08,1.3806357061e+07
1160,4.1760000000e+06,1,1.3423769750e+11,6.3588626538e+10,9.3120686586e+06
1160,4.1760000000e+06,2,1.3445450298e+11,6.3251566994e+10,-5.7559451216e+06
1161,4.1796000000e+06,0,-1.6894684572e+08,-7.6315583662e+08,1.3805552819e+07
1161,4.1796000000e+06,1,1.3418962059e+11,6.3684924021e+10,9.3022594987e+06
1161,4.1796000000e+06,2,1.3440929484e+11,6.3349865416e+10,-5.4776229731e+06
1162,4.1832000000e+06,0,-1.6890812894e+08,-7.6314151825e+08,1.3804748577e+07
1162,4.1832000000e+06,1,1.3414147407e+11,6.3781187675e+10,9.2924381069e+06
1162,4.1832000000e+06,2,1.3436399921e+11,6.3448157408e+10,-5.1981060538e+06
1163,4.1868000000e+06,0,-1.6886941196e+08,-7.6312719977e+08,1.3803944334e+07
1163,4.1868000000e+06,1,1.3409325795e+11,6.3877417451e+10,9.2826047596e+06
1163,4.1868000000e+06,2,1.3431861588e+11,6.3546442782e+10,-4.9174165866e+06
1164,4.1904000000e+06,0,-1.6883069476e+08,-7.6311288119e+08,1.3803140092e+07
1164,4.1904000000e+06,1,1.3404497226e+11,6.3973613298e+10,9.2727597345e+06
1164,4.1904000000e+06,2,1.3427314462e+11,6.3644721351e+10,-4.6355769159e+06
1165,4.1940000000e+06,0,-1.6879197735e+08,-7.6309856251e+08,1.3802335850e+07
1165,4.1940000000e+06,1,1.3399661702e+11,6.4069775168e+10,9.2629033111e+06
1165,4.1940000000e+06,2,1.3422758522e+11,6.3742992921e+10,-4.3526095072e+06
1166,4.1976000000e+06,0,-1.6875325973e+08,-7.6308424373e+08,1.3801531608e+07
1166,4.1976000000e+06,1,1.3394819227e+11,6.4165903011e+10,9.2530357699e+06
1166,4.1976000000e+06,2,1.3418193746e+11,6.3841257302e+10,-4.0685369472e+06
1167,4.2012000000e+06,0,-1.6871454190e+08,-7.6306992485e+08,1.3800727366e+07
1167,4.2012000000e+06,1,1.3389969803e+11,6.4261996778e+10,9.2431573935e+06
1167,4.2012000000e+06,2,1.3413620113e+11,6.3939514296e+10,-3.7833819426e+06
1168,4.2048000000e+06,0,-1.6867582385e+08,-7.6305560586e+08,1.3799923124e+07
1168,4.2048000000e+06,1,1.3385113432e+11,6.4358056418e+10,9.2332684654e+06
1168,4.2048000000e+06,2,1.3409037600e+11,6.4037763707e+10,-3.4971673207e+06
1169,4.2084000000e+06,0,-1.6863710560e+08,-7.6304128677e+08,1.3799118881e+07
1169,4.2084000000e+06,1,1.3380250117e+11,6.4454081884e+10,9.2233692708e+06
1169,4.2084000000e+06,2,1.3404446186e+11,6.4136005335e+10,-3.2099160279e+06
1170,4.2120000000e+06,0,-1.6859838713e+08,-7.6302696757e+08,1.3798314639e+07
1170,4.2120000000e+06,1,1.3375379861e+11,6.4550073126e+10,9.2134600966e+06
1170,4.2120000000e+06,2,1.3399845849e+11,6.4234238978e+10,-2.9216511302e+06
1171,4.2156000000e+06,0,-1.6855966845e+08,-7.6301264828e+08,1.3797510397e+07
1171,4.2156000000e+06,1,1.3370502665e+11,6.4646030094e+10,9.2035412308e+06
1171,4.2156000000e+06,2,1.3395236569e+11,6.4332464434e+10,-2.6323958123e+06
1172,4.2192000000e+06,0,-1.6852094955e+08,-7.6299832888e+08,1.3796706155e+07
1172,4.2192000000e+06,1,1.3365618534e+11,6.4741952739e+10,9.1936129630e+06
1172,4.2192000000e+06,2,1.3390618324e+11,6.4430681496e+10,-2.3421733771e+06
1173,4.2228000000e+06,0,-1.6848223045e+08,-7.6298400937e+08,1.3795901913e+07
1173,4.2228000000e+06,1,1.3360727468e+11,6.4837841013e+10,9.1836755843e+06
1173,4.2228000000e+06,2,1.3385991092e+11,6.4528889956e+10,-2.0510072457e+06
1174,4.2264000000e+06,0,-1.6844351114e+08,-7.6296968976e+08,1.3795097670e+07
1174,4.2264000000e+06,1,1.3355829472e+11,6.4933694865e+10,9.1737293871e+06
1174,4.2264000000e+06,2,1.3381354854e+11,6.4627089604e+10,-1.7589209564e+06
1175,4.2300000000e+06,0,-1.6840479161e+08,-7.6295537005e+08,1.3794293428e+07
1175,4.2300000000e+06,1,1.3350924547e+11,6.5029514248e+10,9.1637746654e+06
1175,4.2300000000e+06,2,1.3376709586e+11,6.4725280229e+10,-1.4659381644e+06
1176,4.2336000000e+06,0,-1.6836607187e+08,-7.6294105024e+08,1.3793489186e+07
1176,4.2336000000e+06,1,1.3346012696e+11,6.5125299111e+10,9.1538117146e+06
1176,4.2336000000e+06,2,1.3372055270e+11,6.4823461617e+10,-1.1720826416e+06
1177,4.2372000000e+06,0,-1.6832735192e+08,-7.6292673032e+08,1.3792684944e+07
1177,4.2372000000e+06,1,1.3341093922e+11,6.5221049406e+10,9.1438408314e+06
1177,4.2372000000e+06,2,1.3367391883e+11,6.4921633550e+10,-8.7737827562e+05
1178,4.2408000000e+06,0,-1.6828863176e+08,-7.6291241029e+08,1.3791880701e+07
1178,4.2408000000e+06,1,1.3336168227e+11,6.5316765085e+10,9.1338623140e+06
1178,4.2408000000e+06,2,1.3362719405e+11,6.5019795810e+10,-5.8184906955e+05
1179,4.2444000000e+06,0,-1.6824991139e+08,-7.6289809016e+08,1.3791076459e+07
1179,4.2444000000e+06,1,1.3331235614e+11,6.5412446097e+10,9.1238764621e+06
1179,4.2444000000e+06,2,1.3358037816e+11,6.5117948178e+10,-2.8551914139e+05
1180,4.2480000000e+06,0,-1.6821119081e+08,-7.6288376993e+08,1.3790272217e+07
1180,4.2480000000e+06,1,1.3326296085e+11,6.5508092395e+10,9.1138835766e+06
1180,4.2480000000e+06,2,1.3353347095e+11,6.5216090430e+10,1.1587276570e+04
1181,4.2516000000e+06,0,-1.6817247001e+08,-7.6286944959e+08,1.3789467975e+07
1181,4.2516000000e+06,1,1.3321349643e+11,6.5603703930e+10,9.1038839600e+06
1181,4.2516000000e+06,2,1.3348647222e+11,6.5314222342e+10,3.0944583831e+05
1182,4.2552000000e+06,0,-1.6813374901e+08,-7.6285512915e+08,1.3788663732e+07
1182,4.2552000000e+06,1,1.3316396292e+11,6.5699280652e+10,9.0938779162e+06
1182,4.2552000000e+06,2,1.3343938175e+11,6.5412343686e+10,6.0803208467e+05
1183,4.2588000000e+06,0,-1.6809502779e+08,-7.6284080860e+08,1.3787859490e+07
1183,4.2588000000e+06,1,1.3311436032e+11,6.5794822512e+10,9.0838657502e+06
1183,4.2588000000e+06,2,1.3339219936e+11,6.5510454234e+10,9.0732144393e+05
1184,4.2624000000e+06,0,-1.6805630636e+08,-7.6282648795e+08,1.3787055248e+07
1184,4.2624000000e+06,1,1.3306468867e+11,6.5890329464e+10,9.0738477687e+06
1184,4.2624000000e+06,2,1.3334492483e+11,6.5608553754e+10,1.2072892325e+06
1185,4.2660000000e+06,0,-1.6801758473e+08,-7.6281216719e+08,1.3786251006e+07
1185,4.2660000000e+06,1,1.3301494800e+11,6.5985801456e+10,9.0638242796e+06
1185,4.2660000000e+06,2,1.3329755797e+11,6.5706642014e+10,1.5079106555e+06
1186,4.2696000000e+06,0,-1.6797886288e+08,-7.6279784632e+08,1.3785446763e+07
1186,4.2696000000e+06,1,1.3296513833e+11,6.6081238442e+10,9.0537955921e+06
1186,4.2696000000e+06,2,1.3325009858e+11,6.5804718776e+10,1.8091608075e+06
1187,4.2732000000e+06,0,-1.6794014082e+08,-7.6278352535e+08,1.3784642521e+07
1187,4.2732000000e+06,1,1.3291525968e+11,6.6176640372e+10,9.0437620171e+06
1187,4.2732000000e+06,2,1.3320254646e+11,6.5902783805e+10,2.1110146732e+06
1188,4.2768000000e+06,0,-1.6790141855e+08,-7.6276920428e+08,1.3783838279e+07
1188,4.2768000000e+06,1,1.3286531209e+11,6.6272007198e+10,9.0337238663e+06
1188,4.2768000000e+06,2,1.3315490142e+11,6.6000836860e+10,2.4134471281e+06
1189,4.2804000000e+06,0,-1.6786269607e+08,-7.6275488310e+08,1.3783034036e+07
1189,4.2804000000e+06,1,1.3281529558e+11,6.6367338871e+10,9.0236814532e+06
1189,4.2804000000e+06,2,1.3310716325e+11,6.6098877699e+10,2.7164329391e+06
1190,4.2840000000e+06,0,-1.6782397338e+08,-7.6274056181e+08,1.3782229794e+07
1190,4.2840000000e+06,1,1.3276521018e+11,6.6462635343e+10,9.0136350924e+06
1190,4.2840000000e+06,2,1.3305933177e+11,6.6196906078e+10,3.0199467657e+06
1191,4.2876000000e+06,0,-1.6778525048e+08,-7.6272624041e+08,1.3781425552e+07
1191,4.2876000000e+06,1,1.3271505591e+11,6.6557896566e+10,9.0035850998e+06
1191,4.2876000000e+06,2,1.3301140678e+11,6.6294921750e+10,3.3239631603e+06
1192,4.2912000000e+06,0,-1.6774652737e+08,-7.6271191891e+08,1.3780621309e+07
1192,4.2912000000e+06,1,1.3266483280e+11,6.6653122491e+10,8.9935317928e+06
1192,4.2912000000e+06,2,1.3296338809e+11,6.6392924468e+10,3.6284565692e+06
1193,4.2948000000e+06,0,-1.6770780405e+08,-7.6269759730e+08,1.3779817067e+07
1193,4.2948000000e+06,1,1.3261454087e+11,6.6748313069e+10,8.9834754898e+06
1193,4.2948000000e+06,2,1.3291527550e+11,6.6490913980e+10,3.9334013334e+06
1194,4.2984000000e+06,0,-1.6766908052e+08,-7.6268327559e+08,1.3779012824e+07
1194,4.2984000000e+06,1,1.3256418016e+11,6.6843468253e+10,8.9734165108e+06
1194,4.2984000000e+06,2,1.3286706884e+11,6.6588890034e+10,4.2387716896e+06
1195,4.3020000000e+06,0,-1.6763035678e+08,-7.6266895377e+08,1.3778208582e+07
1195,4.3020000000e+06,1,1.3251375068e+11,6.6938587995e+10,8.9633551768e+06
1195,4.3020000000e+06,2,1.3281876790e+11,6.6686852375e+10,4.5445417708e+06
1196,4.3056000000e+06,0,-1.6759163283e+08,-7.6265463184e+08,1.3777404340e+07
1196,4.3056000000e+06,1,1.3246325247e+11,6.7033672245e+10,8.9532918102e+06
1196,4.3056000000e+06,2,1.3277037251e+11,6.6784800745e+10,4.8506856075e+06
1197,4.3092000000e+06,0,-1.6755290867e+08,-7.6264030980e+08,1.3776600097e+07
1197,4.3092000000e+06,1,1.3241268555e+11,6.7128720957e+10,8.9432267346e+06
1197,4.3092000000e+06,2,1.3272188248e+11,6.6882734886e+10,5.1571771283e+06
1198,4.3128000000e+06,0,-1.6751418430e+08,-7.6262598766e+08,1.3775795855e+07
1198,4.3128000000e+06,1,1.3236204995e+11,6.7223734081e+10,8.9331602749e+06
1198,4.3128000000e+06,2,1.3267329762e+11,6.6980654535e+10,5.4639901613e+06
1199,4.3164000000e+06,0,-1.6747545972e+08,-7.6261166541e+08,1.3774991612e+07
1199,4.3164000000e+06,1,1.3231134569e+11,6.7318711570e+10,8.9230927572e+06
1199,4.3164000000e+06,2,1.3262461775e+11,6.7078559428e+10,5.7710984345e+06
1200,4.3200000000e+06,0,-1.6743673493e+08,-7.6259734305e+08,1.3774187370e+07
1200,4.3200000000e+06,1,1.3226057280e+11,6.7413653376e+10,8.9130245088e+06
1200,4.3200000000e+06,2,1.3257584269e+11,6.7176449301e+10,6.0784755774e+06
1201,4.3236000000e+06,0,-1.6739800993e+08,-7.6258302058e+08,1.3773383128e+07
1201,4.3236000000e+06,1,1.3220973131e+11,6.7508559450e+10,8.9029558582e+06
1201,4.3236000000e+06,2,1.3252697226e+11,6.7274323885e+10,6.3860951218e+06
1202,4.3272000000e+06,0,-1.6735928472e+08,-7.6256869801e+08,1.3772578885e+07
1202,4.3272000000e+06,1,1.3215882124e+11,6.7603429746e+10,8.8928871351e+06
1202,4.3272000000e+06,2,1.3247800628e+11,6.7372182909e+10,6.6939305028e+06
1203,4.3308000000e+06,0,-1.6732055931e+08,-7.6255437533e+08,1.3771774643e+07
1203,4.3308000000e+06,1,1.3210784262e+11,6.7698264214e+10,8.8828186703e+06
1203,4.3308000000e+06,2,1.3242894457e+11,6.7470026101e+10,7.0019550599e+06
1204,4.3344000000e+06,0,-1.6728183368e+08,-7.6254005254e+08,1.3770970400e+07
1204,4.3344000000e+06,1,1.3205679548e+11,6.7793062807e+10,8.8727507959e+06
1204,4.3344000000e+06,2,1.3237978696e+11,6.7567853186e+10,7.3101420384e+06
1205,4.3380000000e+06,0,-1.6724310784e+08,-7.6252572964e+08,1.3770166158e+07
1205,4.3380000000e+06,1,1.3200567985e+11,6.7887825478e+10,8.8626838451e+06
1205,4.3380000000e+06,2,1.3233053328e+11,6.7665663888e+10,7.6184645903e+06
1206,4.3416000000e+06,0,-1.6720438180e+08,-7.6251140663e+08,1.3769361915e+07
1206,4.3416000000e+06,1,1.3195449574e+11,6.7982552178e+10,8.8526181521e+06
1206,4.3416000000e+06,2,1.3228118334e+11,6.7763457927e+10,7.9268957755e+06
1207,4.3452000000e+06,0,-1.6716565554e+08,-7.6249708351e+08,1.3768557673e+07
1207,4.3452000000e+06,1,1.3190324319e+11,6.8077242859e+10,8.8425540524e+06
1207,4.3452000000e+06,2,1.3223173698e+11,6.7861235023e+10,8.2354085633e+06
1208,4.3488000000e+06,0,-1.6712692908e+08,-7.6248276029e+08,1.3767753430e+07
1208,4.3488000000e+06,1,1.3185192223e+11,6.8171897475e+10,8.8324918825e+06
1208,4.3488000000e+06,2,1.3218219404e+11,6.7958994891e+10,8.5439758334e+06
1209,4.3524000000e+06,0,-1.6708820240e+08,-7.6246843695e+08,1.3766949188e+07
1209,4.3524000000e+06,1,1.3180053287e+11,6.8266515977e+10,8.8224319800e+06
1209,4.3524000000e+06,2,1.3213255433e+11,6.8056737245e+10,8.8525703774e+06
1210,4.3560000000e+06,0,-1.6704947552e+08,-7.6245411351e+08,1.3766144945e+07
1210,4.3560000000e+06,1,1.3174907515e+11,6.8361098318e+10,8.8123746836e+06
1210,4.3560000000e+06,2,1.3208281770e+11,6.8154461799e+10,9.1611648999e+06
1211,4.3596000000e+06,0,-1.6701074843e+08,-7.6243978995e+08,1.3765340703e+07
1211,4.3596000000e+06,1,1.3169754910e+11,6.8455644450e+10,8.8023203329e+06
1211,4.3596000000e+06,2,1.3203298398e+11,6.8252168262e+10,9.4697320202e+06
1212,4.3632000000e+06,0,-1.6697202113e+08,-7.6242546629e+08,1.3764536460e+07
1212,4.3632000000e+06,1,1.3164595473e+11,6.8550154326e+10,8.7922692688e+06
1212,4.3632000000e+06,2,1.3198305301e+11,6.8349856342e+10,9.7782442734e+06
1213,4.3668000000e+06,0,-1.6693329362e+08,-7.6241114252e+08,1.3763732218e+07
1213,4.3668000000e+06,1,1.3159429208e+11,6.8644627898e+10,8.7822218330e+06
1213,4.3668000000e+06,2,1.3193302463e+11,6.8447525745e+10,1.0086674112e+07
1214,4.3704000000e+06,0,-1.6689456591e+08,-7.6239681863e+08,1.3762927975e+07
1214,4.3704000000e+06,1,1.3154256118e+11,6.8739065118e+10,8.7721783682e+06
1214,4.3704000000e+06,2,1.3188289867e+11,6.8545176173e+10,1.0394993908e+07
1215,4.3740000000e+06,0,-1.6685583798e+08,-7.6238249464e+08,1.3762123733e+07
1215,4.3740000000e+06,1,1.3149076205e+11,6.8833465940e+10,8.7621392183e+06
1215,4.3740000000e+06,2,1.3183267499e+11,6.8642807328e+10,1.0703175952e+07
1216,4.3776000000e+06,0,-1.6681710985e+08,-7.6236817054e+08,1.3761319490e+07
1216,4.3776000000e+06,1,1.3143889471e+11,6.8927830316e+10,8.7521047279e+06
1216,4.3776000000e+06,2,1.3178235341e+11,6.8740418909e+10,1.1011192459e+07
1217,4.3812000000e+06,0,-1.6677838151e+08,-7.6235384632e+08,1.3760515248e+07
1217,4.3812000000e+06,1,1.3138695920e+11,6.9022158199e+10,8.7420752426e+06
1217,4.3812000000e+06,2,1.3173193380e+11,6.8838010613e+10,1.1319015566e+07
1218,4.3848000000e+06,0,-1.6673965295e+08,-7.6233952200e+08,1.3759711005e+07
1218,4.3848000000e+06,1,1.3133495554e+11,6.9116449542e+10,8.7320511090e+06
1218,4.3848000000e+06,2,1.3168141599e+11,6.8935582134e+10,1.1626617335e+07
1219,4.3884000000e+06,0,-1.6670092420e+08,-7.6232519756e+08,1.3758906763e+07
1219,4.3884000000e+06,1,1.3128288376e+11,6.9210704296e+10,8.7220326746e+06
1219,4.3884000000e+06,2,1.3163079984e+11,6.9033133166e+10,1.1933969757e+07
1220,4.3920000000e+06,0,-1.6666219523e+08,-7.6231087302e+08,1.3758102520e+07
1220,4.3920000000e+06,1,1.3123074388e+11,6.9304922416e+10,8.7120202877e+06
1220,4.3920000000e+06,2,1.3158008520e+11,6.9130663398e+10,1.2241044749e+07
1221,4.3956000000e+06,0,-1.6662346605e+08,-7.6229654836e+08,1.3757298278e+07
1221,4.3956000000e+06,1,1.3117853594e+11,6.9399103854e+10,8.7020142975e+06
1221,4.3956000000e+06,2,1.3152927192e+11,6.9228172518e+10,1.2547814160e+07
1222,4.3992000000e+06,0,-1.6658473667e+08,-7.6228222359e+08,1.3756494035e+07
1222,4.3992000000e+06,1,1.3112625995e+11,6.9493248562e+10,8.6920150541e+06
1222,4.3992000000e+06,2,1.3147835986e+11,6.9325660213e+10,1.2854249771e+07
1223,4.4028000000e+06,0,-1.6654600708e+08,-7.6226789872e+08,1.3755689792e+07
1223,4.4028000000e+06,1,1.3107391595e+11,6.9587356494e+10,8.6820229081e+06
1223,4.4028000000e+06,2,1.3142734887e+11,6.9423126167e+10,1.3160323296e+07
1224,4.4064000000e+06,0,-1.6650727728e+08,-7.6225357373e+08,1.3754885550e+07
1224,4.4064000000e+06,1,1.3102150396e+11,6.9681427603e+10,8.6720382114e+06
1224,4.4064000000e+06,2,1.3137623881e+11,6.9520570060e+10,1.3466006386e+07
1225,4.4100000000e+06,0,-1.6646854727e+08,-7.6223924862e+08,1.3754081307e+07
1225,4.4100000000e+06,1,1.3096902402e+11,6.9775461842e+10,8.6620613161e+06
1225,4.4100000000e+06,2,1.3132502955e+11,6.9617991573e+10,1.3771270631e+07
1226,4.4136000000e+06,0,-1.6642981706e+08,-7.6222492341e+08,1.3753277065e+07
1226,4.4136000000e+06,1,1.3091647614e+11,6.9869459164e+10,8.6520925756e+06
1226,4.4136000000e+06,2,1.3127372095e+11,6.9715390384e+10,1.4076087558e+07
1227,4.4172000000e+06,0,-1.6639108664e+08,-7.6221059809e+08,1.3752472822e+07
1227,4.4172000000e+06,1,1.3086386035e+11,6.9963419522e+10,8.6421323435e+06
1227,4.4172000000e+06,2,1.3122231287e+11,6.9812766166e+10,1.4380428639e+07
1228,4.4208000000e+06,0,-1.6635235601e+08,-7.6219627265e+08,1.3751668579e+07
1228,4.4208000000e+06,1,1.3081117668e+11,7.0057342869e+10,8.6321809744e+06
1228,4.4208000000e+06,2,1.3117080519e+11,6.9910118595e+10,1.4684265288e+07
1229,4.4244000000e+06,0,-1.6631362517e+08,-7.6218194710e+08,1.3750864337e+07
1229,4.4244000000e+06,1,1.3075842516e+11,7.0151229158e+10,8.6222388236e+06
1229,4.4244000000e+06,2,1.3111919777e+11,7.0007447340e+10,1.4987568865e+07
1230,4.4280000000e+06,0,-1.6627489413e+08,-7.6216762144e+08,1.3750060094e+07
1230,4.4280000000e+06,1,1.3070560582e+11,7.0245078343e+10,8.6123062467e+06
1230,4.4280000000e+06,2,1.3106749048e+11,7.0104752070e+10,1.5290310679e+07
1231,4.4316000000e+06,0,-1.6623616288e+08,-7.6215329566e+08,1.3749255851e+07
1231,4.4316000000e+06,1,1.3065271868e+11,7.0338890377e+10,8.6023836003e+06
1231,4.4316000000e+06,2,1.3101568320e+11,7.0202032453e+10,1.5592461991e+07
1232,4.4352000000e+06,0,-1.6619743142e+08,-7.6213896978e+08,1.3748451609e+07
1232,4.4352000000e+06,1,1.3059976376e+11,7.0432665213e+10,8.5924712413e+06
1232,4.4352000000e+06,2,1.3096377581e+11,7.0299288154e+10,1.5893994012e+07
1233,4.4388000000e+06,0,-1.6615869975e+08,-7.6212464378e+08,1.3747647366e+07
1233,4.4388000000e+06,1,1.3054674110e+11,7.0526402805e+10,8.5825695274e+06
1233,4.4388000000e+06,2,1.3091176818e+11,7.0396518834e+10,1.6194877910e+07
1234,4.4424000000e+06,0,-1.6611996788e+08,-7.6211031766e+08,1.3746843123e+07
1234,4.4424000000e+06,1,1.3049365073e+11,7.0620103105e+10,8.5726788165e+06
1234,4.4424000000e+06,2,1.3085966020e+11,7.0493724155e+10,1.6495084809e+07
1235,4.4460000000e+06,0,-1.6608123580e+08,-7.6209599144e+08,1.3746038881e+07
1235,4.4460000000e+06,1,1.3044049266e+11,7.0713766069e+10,8.5627994672e+06
1235,4.4460000000e+06,2,1.3080745175e+11,7.0590903775e+10,1.6794585793e+07
1236,4.4496000000e+06,0,-1.6604250351e+08,-7.6208166510e+08,1.3745234638e+07
1236,4.4496000000e+06,1,1.3038726693e+11,7.0807391648e+10,8.5529318387e+06
1236,4.4496000000e+06,2,1.3075514271e+11,7.0688057350e+10,1.7093351910e+07
1237,4.4532000000e+06,0,-1.6600377102e+08,-7.6206733865e+08,1.3744430395e+07
1237,4.4532000000e+06,1,1.3033397357e+11,7.0900979797e+10,8.5430762903e+06
1237,4.4532000000e+06,2,1.3070273298e+11,7.0785184536e+10,1.7391354172e+07
1238,4.4568000000e+06,0,-1.6596503832e+08,-7.6205301208e+08,1.3743626152e+07
1238,4.4568000000e+06,1,1.3028061259e+11,7.0994530469e+10,8.5332331819e+06
1238,4.4568000000e+06,2,1.3065022244e+11,7.0882284985e+10,1.7688563556e+07
1239,4.4604000000e+06,0,-1.6592630541e+08,-7.6203868540e+08,1.3742821910e+07
1239,4.4604000000e+06,1,1.3022718404e+11,7.1088043617e+10,8.5234028738e+06
1239,4.4604000000e+06,2,1.3059761099e+11,7.0979358347e+10,1.7984951013e+07
1240,4.4640000000e+06,0,-1.6588757229e+08,-7.6202435861e+08,1.3742017667e+07
1240,4.4640000000e+06,1,1.3017368793e+11,7.1181519196e+10,8.5135857265e+06
1240,4.4640000000e+06,2,1.3054489852e+11,7.1076404270e+10,1.8280487463e+07
1241,4.4676000000e+06,0,-1.6584883897e+08,-7.6201003170e+08,1.3741213424e+07
1241,4.4676000000e+06,1,1.3012012429e+11,7.1274957159e+10,8.5037821009e+06
1241,4.4676000000e+06,2,1.3049208494e+11,7.1173422402e+10,1.8575143802e+07
1242,4.4712000000e+06,0,-1.6581010545e+08,-7.6199570468e+08,1.3740409181e+07
1242,4.4712000000e+06,1,1.3006649315e+11,7.1368357460e+10,8.4939923582e+06
1242,4.4712000000e+06,2,1.3043917014e+11,7.1270412386e+10,1.8868890907e+07
1243,4.4748000000e+06,0,-1.6577137171e+08,-7.6198137754e+08,1.3739604939e+07
1243,4.4748000000e+06,1,1.3001279454e+11,7.1461720052e+10,8.4842168596e+06
1243,4.4748000000e+06,2,1.3038615403e+11,7.1367373865e+10,1.9161699632e+07
1244,4.4784000000e+06,0,-1.6573263777e+08,-7.6196705029e+08,1.3738800696e+07
1244,4.4784000000e+06,1,1.2995902848e+11,7.1555044890e+10,8.4744559670e+06
1244,4.4784000000e+06,2,1.3033303652e+11,7.1464306481e+10,1.9453540816e+07
1245,4.4820000000e+06,0,-1.6569390363e+08,-7.6195272292e+08,1.3737996453e+07
1245,4.4820000000e+06,1,1.2990519500e+11,7.1648331927e+10,8.4647100418e+06
1245,4.4820000000e+06,2,1.3027981751e+11,7.1561209871e+10,1.9744385285e+07
1246,4.4856000000e+06,0,-1.6565516927e+08,-7.6193839544e+08,1.3737192210e+07
1246,4.4856000000e+06,1,1.2985129413e+11,7.1741581118e+10,8.4549794461e+06
1246,4.4856000000e+06,2,1.3022649691e+11,7.1658083672e+10,2.0034203855e+07
1247,4.4892000000e+06,0,-1.6561643472e+08,-7.6192406785e+08,1.3736387968e+07
1247,4.4892000000e+06,1,1.2979732590e+11,7.1834792415e+10,8.4452645418e+06
1247,4.4892000000e+06,2,1.3017307464e+11,7.1754927520e+10,2.0322967332e+07
1248,4.4928000000e+06,0,-1.6557769995e+08,-7.6190974014e+08,1.3735583725e+07
1248,4.4928000000e+06,1,1.2974329033e+11,7.1927965774e+10,8.4355656909e+06
1248,4.4928000000e+06,2,1.3011955062e+11,7.1851741047e+10,2.0610646521e+07
1249,4.4964000000e+06,0,-1.6553896498e+08,-7.6189541232e+08,1.3734779482e+07
1249,4.4964000000e+06,1,1.2968918745e+11,7.2021101148e+10,8.4258832555e+06
1249,4.4964000000e+06,2,1.3006592477e+11,7.1948523885e+10,2.0897212222e+07
1250,4.5000000000e+06,0,-1.6550022981e+08,-7.6188108437e+08,1.3733975239e+07
1250,4.5000000000e+06,1,1.2963501728e+11,7.2114198491e+10,8.4162175975e+06
1250,4.5000000000e+06,2,1.3001219701e+11,7.2045275663e+10,2.1182635240e+07
1251,4.5036000000e+06,0,-1.6546149442e+08,-7.6186675632e+08,1.3733170996e+07
1251,4.5036000000e+06,1,1.2958077986e+11,7.2207257757e+10,8.4065690789e+06
1251,4.5036000000e+06,2,1.2995836726e+11,7.2141996009e+10,2.1466886384e+07
1252,4.5072000000e+06,0,-1.6542275884e+08,-7.6185242815e+08,1.3732366754e+07
1252,4.5072000000e+06,1,1.2952647521e+11,7.2300278901e+10,8.3969380616e+06
1252,4.5072000000e+06,2,1.2990443546e+11,7.2238684548e+10,2.1749936470e+07
1253,4.5108000000e+06,0,-1.6538402304e+08,-7.6183809986e+08,1.3731562511e+07
1253,4.5108000000e+06,1,1.2947210335e+11,7.2393261876e+10,8.3873249072e+06
1253,4.5108000000e+06,2,1.2985040154e+11,7.2335340905e+10,2.2031756326e+07
1254,4.5144000000e+06,0,-1.6534528704e+08,-7.6182377146e+08,1.3730758268e+07
1254,4.5144000000e+06,1,1.2941766432e+11,7.2486206638e+10,8.3777299773e+06
1254,4.5144000000e+06,2,1.2979626543e+11,7.2431964702e+10,2.2312316796e+07
1255,4.5180000000e+06,0,-1.6530655084e+08,-7.6180944294e+08,1.3729954025e+07
1255,4.5180000000e+06,1,1.2936315815e+11,7.2579113139e+10,8.3681536331e+06
1255,4.5180000000e+06,2,1.2974202707e+11,7.2528555559e+10,2.2591588742e+07
1256,4.5216000000e+06,0,-1.6526781443e+08,-7.6179511430e+08,1.3729149782e+07
1256,4.5216000000e+06,1,1.2930858485e+11,7.2671981335e+10,8.3585962357e+06
1256,4.5216000000e+06,2,1.2968768640e+11,7.2625113096e+10,2.2869543046e+07
1257,4.5252000000e+06,0,-1.6522907782e+08,-7.6178078555e+08,1.3728345539e+07
1257,4.5252000000e+06,1,1.2925394446e+11,7.2764811179e+10,8.3490581459e+06
1257,4.5252000000e+06,2,1.2963324336e+11,7.2721636929e+10,2.3146150618e+07
1258,4.5288000000e+06,0,-1.6519034100e+08,-7.6176645668e+08,1.3727541296e+07
1258,4.5288000000e+06,1,1.2919923701e+11,7.2857602627e+10,8.3395397238e+06
1258,4.5288000000e+06,2,1.2957869791e+11,7.2818126675e+10,2.3421382394e+07
1259,4.5324000000e+06,0,-1.6515160397e+08,-7.6175212769e+08,1.3726737054e+07
1259,4.5324000000e+06,1,1.2914446251e+11,7.2950355632e+10,8.3300413296e+06
1259,4.5324000000e+06,2,1.2952404999e+11,7.2914581946e+10,2.3695209344e+07
1260,4.5360000000e+06,0,-1.6511286674e+08,-7.6173779859e+08,1.3725932811e+07
1260,4.5360000000e+06,1,1.2908962101e+11,7.3043070149e+10,8.3205633227e+06
1260,4.5360000000e+06,2,1.2946929955e+11,7.3011002357e+10,2.3967602475e+07
1261,4.5396000000e+06,0,-1.6507412930e+08,-7.6172346937e+08,1.3725128568e+07
1261,4.5396000000e+06,1,1.2903471252e+11,7.3135746133e+10,8.3111060622e+06
1261,4.5396000000e+06,2,1.2941444656e+11,7.3107387516e+10,2.4238532830e+07
1262,4.5432000000e+06,0,-1.6503539166e+08,-7.6170914003e+08,1.3724324325e+07
1262,4.5432000000e+06,1,1.2897973707e+11,7.3228383537e+10,8.3016699065e+06
1262,4.5432000000e+06,2,1.2935949097e+11,7.3203737035e+10,2.4507971499e+07
1263,4.5468000000e+06,0,-1.6499665382e+08,-7.6169481058e+08,1.3723520082e+07
1263,4.5468000000e+06,1,1.2892469469e+11,7.3320982317e+10,8.2922552135e+06
1263,4.5468000000e+06,2,1.2930443274e+11,7.3300050520e+10,2.4775889619e+07
1264,4.5504000000e+06,0,-1.6495791577e+08,-7.6168048101e+08,1.3722715839e+07
1264,4.5504000000e+06,1,1.2886958541e+11,7.3413542428e+10,8.2828623406e+06
1264,4.5504000000e+06,2,1.2924927185e+11,7.3396327577e+10,2.5042258375e+07
1265,4.5540000000e+06,0,-1.6491917752e+08,-7.6166615132e+08,1.3721911596e+07
1265,4.5540000000e+06,1,1.2881440925e+11,7.3506063822e+10,8.2734916443e+06
1265,4.5540000000e+06,2,1.2919400826e+11,7.3492567812e+10,2.5307049010e+07
1266,4.5576000000e+06,0,-1.6488043906e+08,-7.6165182151e+08,1.3721107353e+07
1266,4.5576000000e+06,1,1.2875916624e+11,7.3598546456e+10,8.2641434805e+06
1266,4.5576000000e+06,2,1.2913864195e+11,7.3588770828e+10,2.5570232826e+07
1267,4.5612000000e+06,0,-1.6484170039e+08,-7.6163749159e+08,1.3720303110e+07
1267,4.5612000000e+06,1,1.2870385641e+11,7.3690990285e+10,8.2548182043e+06
1267,4.5612000000e+06,2,1.2908317289e+11,7.3684936227e+10,2.5831781184e+07
1268,4.5648000000e+06,0,-1.6480296153e+08,-7.6162316154e+08,1.3719498867e+07
1268,4.5648000000e+06,1,1.2864847979e+11,7.3783395262e+10,8.2455161699e+06
1268,4.5648000000e+06,2,1.2902760107e+11,7.3781063610e+10,2.6091665517e+07
1269,4.5684000000e+06,0,-1.6476422245e+08,-7.6160883138e+08,1.3718694624e+07
1269,4.5684000000e+06,1,1.2859303640e+11,7.3875761342e+10,8.2362377308e+06
1269,4.5684000000e+06,2,1.2897192646e+11,7.3877152576e+10,2.6349857326e+07
1270,4.5720000000e+06,0,-1.6472548318e+08,-7.6159450110e+08,1.3717890381e+07
1270,4.5720000000e+06,1,1.2853752626e+11,7.3968088481e+10,8.2269832395e+06
1270,4.5720000000e+06,2,1.2891614905e+11,7.3973202723e+10,2.6606328186e+07
1271,4.5756000000e+06,0,-1.6468674370e+08,-7.6158017071e+08,1.3717086138e+07
1271,4.5756000000e+06,1,1.2848194942e+11,7.4060376633e+10,8.2177530475e+06
1271,4.5756000000e+06,2,1.2886026884e+11,7.4069213648e+10,2.6861049754e+07
1272,4.5792000000e+06,0,-1.6464800401e+08,-7.6156584019e+08,1.3716281895e+07
1272,4.5792000000e+06,1,1.2842630589e+11,7.4152625753e+10,8.2085475052e+06
1272,4.5792000000e+06,2,1.2880428582e+11,7.4165184947e+10,2.7113993768e+07
1273,4.5828000000e+06,0,-1.6460926412e+08,-7.6155150955e+08,1.3715477652e+07
1273,4.5828000000e+06,1,1.2837059570e+11,7.4244835796e+10,8.1993669621e+06
1273,4.5828000000e+06,2,1.2874819999e+11,7.4261116213e+10,2.7365132054e+07
1274,4.5864000000e+06,0,-1.6457052403e+08,-7.6153717880e+08,1.3714673409e+07
1274,4.5864000000e+06,1,1.2831481887e+11,7.4337006716e+10,8.1902117663e+06
1274,4.5864000000e+06,2,1.2869201135e+11,7.4357007041e+10,2.7614436531e+07
1275,4.5900000000e+06,0,-1.6453178373e+08,-7.6152284792e+08,1.3713869166e+07
1275,4.5900000000e+06,1,1.2825897545e+11,7.4429138470e+10,8.1810822651e+06
1275,4.5900000000e+06,2,1.2863571990e+11,7.4452857022e+10,2.7861879214e+07
1276,4.5936000000e+06,0,-1.6449304323e+08,-7.6150851693e+08,1.3713064923e+07
1276,4.5936000000e+06,1,1.2820306544e+11,7.4521231011e+10,8.1719788043e+06
1276,4.5936000000e+06,2,1.2857932565e+11,7.4548665748e+10,2.8107432215e+07
1277,4.5972000000e+06,0,-1.6445430253e+08,-7.6149418582e+08,1.3712260680e+07
1277,4.5972000000e+06,1,1.2814708888e+11,7.4613284295e+10,8.1629017283e+06
1277,4.5972000000e+06,2,1.2852282862e+11,7.4644432808e+10,2.8351067757e+07
1278,4.6008000000e+06,0,-1.6441556162e+08,-7.6147985459e+08,1.3711456437e+07
1278,4.6008000000e+06,1,1.2809104580e+11,7.4705298277e+10,8.1538513805e+06
1278,4.6008000000e+06,2,1.2846622883e+11,7.4740157792e+10,2.8592758166e+07
1279,4.6044000000e+06,0,-1.6437682051e+08,-7.6146552323e+08,1.3710652194e+07
1279,4.6044000000e+06,1,1.2803493623e+11,7.4797272911e+10,8.1448281027e+06
1279,4.6044000000e+06,2,1.2840952629e+11,7.4835840288e+10,2.8832475885e+07
1280,4.6080000000e+06,0,-1.6433807920e+08,-7.6145119176e+08,1.3709847951e+07
1280,4.6080000000e+06,1,1.2797876018e+11,7.4889208154e+10,8.1358322352e+06
1280,4.6080000000e+06,2,1.2835272103e+11,7.4931479883e+10,2.9070193475e+07
1281,4.6116000000e+06,0,-1.6429933768e+08,-7.6143686017e+08,1.3709043708e+07
1281,4.6116000000e+06,1,1.2792251769e+11,7.4981103960e+10,8.1268641168e+06
1281,4.6116000000e+06,2,1.2829581307e+11,7.5027076164e+10,2.9305883618e+07
1282,4.6152000000e+06,0,-1.6426059596e+08,-7.6142252846e+08,1.3708239465e+07
1282,4.6152000000e+06,1,1.2786620879e+11,7.5072960283e+10,8.1179240849e+06
1282,4.6152000000e+06,2,1.2823880245e+11,7.5122628716e+10,2.9539519126e+07
1283,4.6188000000e+06,0,-1.6422185403e+08,-7.6140819663e+08,1.3707435222e+07
1283,4.6188000000e+06,1,1.2780983350e+11,7.5164777081e+10,8.1090124752e+06
1283,4.6188000000e+06,2,1.2818168921e+11,7.5218137123e+10,2.9771072941e+07
1284,4.6224000000e+06,0,-1.6418311191e+08,-7.6139386467e+08,1.3706630979e+07
1284,4.6224000000e+06,1,1.2775339184e+11,7.5256554307e+10,8.1001296215e+06
1284,4.6224000000e+06,2,1.2812447337e+11,7.5313600970e+10,3.0000518139e+07
1285,4.6260000000e+06,0,-1.6414436957e+08,-7.6137953260e+08,1.3705826735e+07
1285,4.6260000000e+06,1,1.2769688385e+11,7.5348291917e+10,8.0912758562e+06
1285,4.6260000000e+06,2,1.2806715500e+11,7.5409019840e+10,3.0227827942e+07
1286,4.6296000000e+06,0,-1.6410562704e+08,-7.6136520040e+08,1.3705022492e+07
1286,4.6296000000e+06,1,1.2764030956e+11,7.5439989866e+10,8.0824515097e+06
1286,4.6296000000e+06,2,1.2800973413e+11,7.5504393316e+10,3.0452975714e+07
1287,4.6332000000e+06,0,-1.6406688431e+08,-7.6135086809e+08,1.3704218249e+07
1287,4.6332000000e+06,1,1.2758366898e+11,7.5531648109e+10,8.0736569107e+06
1287,4.6332000000e+06,2,1.2795221082e+11,7.5599720980e+10,3.0675934970e+07
1288,4.6368000000e+06,0,-1.6402814137e+08,-7.6133653565e+08,1.3703414006e+07
1288,4.6368000000e+06,1,1.2752696215e+11,7.5623266603e+10,8.0648923858e+06
1288,4.6368000000e+06,2,1.2789458512e+11,7.5695002414e+10,3.0896679380e+07
1289,4.6404000000e+06,0,-1.6398939822e+08,-7.6132220309e+08,1.3702609763e+07
1289,4.6404000000e+06,1,1.2747018909e+11,7.5714845301e+10,8.0561582597e+06
1289,4.6404000000e+06,2,1.2783685709e+11,7.5790237198e+10,3.1115182775e+07
1290,4.6440000000e+06,0,-1.6395065488e+08,-7.6130787042e+08,1.3701805520e+07
1290,4.6440000000e+06,1,1.2741334983e+11,7.5806384160e+10,8.0474548553e+06
1290,4.6440000000e+06,2,1.2777902680e+11,7.5885424913e+10,3.1331419149e+07
1291,4.6476000000e+06,0,-1.6391191133e+08,-7.6129353761e+08,1.3701001277e+07
1291,4.6476000000e+06,1,1.2735644440e+11,7.5897883134e+10,8.0387824930e+06
1291,4.6476000000e+06,2,1.2772109431e+11,7.5980565139e+10,3.1545362665e+07
1292,4.6512000000e+06,0,-1.6387316758e+08,-7.6127920469e+08,1.3700197034e+07
1292,4.6512000000e+06,1,1.2729947283e+11,7.5989342180e+10,8.0301414915e+06
1292,4.6512000000e+06,2,1.2766305970e+11,7.6075657457e+10,3.1756987662e+07
1293,4.6548000000e+06,0,-1.6383442363e+08,-7.6126487165e+08,1.3699392790e+07
1293,4.6548000000e+06,1,1.2724243513e+11,7.6080761253e+10,8.0215321669e+06
1293,4.6548000000e+06,2,1.2760492304e+11,7.6170701445e+10,3.1966268654e+07
1294,4.6584000000e+06,0,-1.6379567948e+08,-7.6125053848e+08,1.3698588547e+07
1294,4.6584000000e+06,1,1.2718533134e+11,7.6172140307e+10,8.0129548334e+06
1294,4.6584000000e+06,2,1.2754668441e+11,7.6265696683e+10,3.2173180343e+07
1295,4.6620000000e+06,0,-1.6375693512e+08,-7.6123620519e+08,1.3697784304e+07
1295,4.6620000000e+06,1,1.2712816149e+11,7.6263479300e+10,8.0044098026e+06
1295,4.6620000000e+06,2,1.2748834390e+11,7.6360642751e+10,3.2377697615e+07
1296,4.6656000000e+06,0,-1.6371819056e+08,-7.6122187178e+08,1.3696980061e+07
1296,4.6656000000e+06,1,1.2707092560e+11,7.6354778185e+10,7.9958973838e+06
1296,4.6656000000e+06,2,1.2742990159e+11,7.6455539226e+10,3.2579795554e+07
1297,4.6692000000e+06,0,-1.6367944580e+08,-7.6120753825e+08,1.3696175818e+07
1297,4.6692000000e+06,1,1.2701362370e+11,7.6446036919e+10,7.9874178840e+06
1297,4.6692000000e+06,2,1.2737135759e+11,7.6550385688e+10,3.2779449437e+07
1298,4.6728000000e+06,0,-1.6364070084e+08,-7.6119320459e+08,1.3695371574e+07
1298,4.6728000000e+06,1,1.2695625581e+11,7.6537255457e+10,7.9789716076e+06
1298,4.6728000000e+06,2,1.2731271198e+11,7.6645181715e+10,3.2976634747e+07
1299,4.6764000000e+06,0,-1.6360195568e+08,-7.6117887082e+08,1.3694567331e+07
1299,4.6764000000e+06,1,1.2689882197e+11,7.6628433755e+10,7.9705588563e+06
1299,4.6764000000e+06,2,1.2725396487e+11,7.6739926887e+10,3.3171327175e+07
1300,4.6800000000e+06,0,-1.6356321031e+08,-7.6116453691e+08,1.3693763088e+07
1300,4.6800000000e+06,1,1.2684132219e+11,7.6719571768e+10,7.9621799295e+06
1300,4.6800000000e+06,2,1.2719511636e+11,7.6834620782e+10,3.3363502621e+07
1301,4.6836000000e+06,0,-1.6352446474e+08,-7.6115020289e+08,1.3692958845e+07
1301,4.6836000000e+06,1,1.2678375651e+11,7.6810669451e+10,7.9538351237e+06
1301,4.6836000000e+06,2,1.2713616656e+11,7.6929262979e+10,3.3553137206e+07
1302,4.6872000000e+06,0,-1.6348571898e+08,-7.6113586874e+08,1.3692154601e+07
1302,4.6872000000e+06,1,1.2672612495e+11,7.6901726762e+10,7.9455247326e+06
1302,4.6872000000e+06,2,1.2707711559e+11,7.7023853057e+10,3.3740207272e+07
1303,4.6908000000e+06,0,-1.6344697301e+08,-7.6112153447e+08,1.3691350358e+07
1303,4.6908000000e+06,1,1.2666842754e+11,7.6992743654e+10,7.9372490475e+06
1303,4.6908000000e+06,2,1.2701796357e+11,7.7118390596e+10,3.3924689388e+07
1304,4.6944000000e+06,0,-1.6340822683e+08,-7.6110720008e+08,1.3690546115e+07
1304,4.6944000000e+06,1,1.2661066431e+11,7.7083720084e+10,7.9290083563e+06
1304,4.6944000000e+06,2,1.2695871062e+11,7.7212875175e+10,3.4106560354e+07
1305,4.6980000000e+06,0,-1.6336948046e+08,-7.6109286556e+08,1.3689741872e+07
1305,4.6980000000e+06,1,1.2655283528e+11,7.7174656007e+10,7.9208029443e+06
1305,4.6980000000e+06,2,1.2689935686e+11,7.7307306375e+10,3.4285797207e+07
1306,4.7016000000e+06,0,-1.6333073389e+08,-7.6107853092e+08,1.3688937628e+07
1306,4.7016000000e+06,1,1.2649494048e+11,7.7265551379e+10,7.9126330940e+06
1306,4.7016000000e+06,2,1.2683990243e+11,7.7401683775e+10,3.4462377227e+07
1307,4.7052000000e+06,0,-1.6329198711e+08,-7.6106419615e+08,1.3688133385e+07
1307,4.7052000000e+06,1,1.2643697993e+11,7.7356406155e+10,7.9044990844e+06
1307,4.7052000000e+06,2,1.2678034746e+11,7.7496006957e+10,3.4636277939e+07
1308,4.7088000000e+06,0,-1.6325324013e+08,-7.6104986126e+08,1.3687329142e+07
1308,4.7088000000e+06,1,1.2637895367e+11,7.7447220292e+10,7.8964011919e+06
1308,4.7088000000e+06,2,1.2672069209e+11,7.7590275502e+10,3.4807477118e+07
1309,4.7124000000e+06,0,-1.6321449295e+08,-7.6103552625e+08,1.3686524898e+07
1309,4.7124000000e+06,1,1.2632086171e+11,7.7537993745e+10,7.8883396893e+06
1309,4.7124000000e+06,2,1.2666093648e+11,7.7684488992e+10,3.4975952797e+07
1310,4.7160000000e+06,0,-1.6317574558e+08,-7.6102119111e+08,1.3685720655e+07
1310,4.7160000000e+06,1,1.2626270410e+11,7.7628726470e+10,7.8803148466e+06
1310,4.7160000000e+06,2,1.2660108075e+11,7.7778647009e+10,3.5141683268e+07
1311,4.7196000000e+06,0,-1.6313699800e+08,-7.6100685585e+08,1.3684916412e+07
1311,4.7196000000e+06,1,1.2620448084e+11,7.7719418422e+10,7.8723269302e+06
1311,4.7196000000e+06,2,1.2654112508e+11,7.7872749138e+10,3.5304647088e+07
1312,4.7232000000e+06,0,-1.6309825022e+08,-7.6099252046e+08,1.3684112168e+07
1312,4.7232000000e+06,1,1.2614619198e+11,7.7810069557e+10,7.8643762034e+06
1312,4.7232000000e+06,2,1.2648106962e+11,7.7966794961e+10,3.5464823087e+07
1313,4.7268000000e+06,0,-1.6305950223e+08,-7.6097818495e+08,1.3683307925e+07
1313,4.7268000000e+06,1,1.2608783753e+11,7.7900679831e+10,7.8564629261e+06
1313,4.7268000000e+06,2,1.2642091453e+11,7.8060784065e+10,3.5622190366e+07
1314,4.7304000000e+06,0,-1.6302075405e+08,-7.6096384931e+08,1.3682503682e+07
1314,4.7304000000e+06,1,1.2602941752e+11,7.7991249200e+10,7.8485873546e+06
1314,4.7304000000e+06,2,1.2636065997e+11,7.8154716034e+10,3.5776728308e+07
1315,4.7340000000e+06,0,-1.6298200567e+08,-7.6094951355e+08,1.3681699438e+07
1315,4.7340000000e+06,1,1.2597093198e+11,7.8081777619e+10,7.8407497419e+06
1315,4.7340000000e+06,2,1.2630030612e+11,7.8248590455e+10,3.5928416577e+07
1316,4.7376000000e+06,0,-1.6294325709e+08,-7.6093517766e+08,1.3680895195e+07
1316,4.7376000000e+06,1,1.2591238094e+11,7.8172265044e+10,7.8329503373e+06
1316,4.7376000000e+06,2,1.2623985315e+11,7.8342406917e+10,3.6077235130e+07
1317,4.7412000000e+06,0,-1.6290450831e+08,-7.6092084165e+08,1.3680090952e+07
1317,4.7412000000e+06,1,1.2585376442e+11,7.8262711430e+10,7.8251893865e+06
1317,4.7412000000e+06,2,1.2617930125e+11,7.8436165007e+10,3.6223164213e+07
1318,4.7448000000e+06,0,-1.6286575932e+08,-7.6090650551e+08,1.3679286708e+07
1318,4.7448000000e+06,1,1.2579508245e+11,7.8353116735e+10,7.8174671318e+06
1318,4.7448000000e+06,2,1.2611865058e+11,7.8529864317e+10,3.6366184372e+07
1319,4.7484000000e+06,0,-1.6282701014e+08,-7.6089216924e+08,1.3678482465e+07
1319,4.7484000000e+06,1,1.2573633505e+11,7.8443480913e+10,7.8097838114e+06
1319,4.7484000000e+06,2,1.2605790136e+11,7.8623504436e+10,3.6506276454e+07
1320,4.7520000000e+06,0,-1.6278826076e+08,-7.6087783285e+08,1.3677678221e+07
1320,4.7520000000e+06,1,1.2567752225e+11,7.8533803920e+10,7.8021396599e+06
1320,4.7520000000e+06,2,1.2599705375e+11,7.8717084957e+10,3.6643421613e+07
1321,4.7556000000e+06,0,-1.6274951117e+08,-7.6086349634e+08,1.3676873978e+07
1321,4.7556000000e+06,1,1.2561864409e+11,7.8624085712e+10,7.7945349082e+06
1321,4.7556000000e+06,2,1.2593610798e+11,7.8810605474e+10,3.6777601316e+07
1322,4.7592000000e+06,0,-1.6271076139e+08,-7.6084915969e+08,1.3676069735e+07
1322,4.7592000000e+06,1,1.2555970057e+11,7.8714326244e+10,7.7869697831e+06
1322,4.7592000000e+06,2,1.2587506422e+11,7.8904065583e+10,3.6908797342e+07
1323,4.7628000000e+06,0,-1.6267201141e+08,-7.6083482292e+08,1.3675265491e+07
1323,4.7628000000e+06,1,1.2550069174e+11,7.8804525473e+10,7.7794445075e+06
1323,4.7628000000e+06,2,1.2581392270e+11,7.8997464878e+10,3.7036991792e+07
1324,4.7664000000e+06,0,-1.6263326122e+08,-7.6082048603e+08,1.3674461248e+07
1324,4.7664000000e+06,1,1.2544161761e+11,7.8894683355e+10,7.7719593005e+06
1324,4.7664000000e+06,2,1.2575268362e+11,7.9090802959e+10,3.7162167090e+07
1325,4.7700000000e+06,0,-1.6259451084e+08,-7.6080614901e+08,1.3673657004e+07
1325,4.7700000000e+06,1,1.2538247822e+11,7.8984799844e+10,7.7645143769e+06
1325,4.7700000000e+06,2,1.2569134719e+11,7.9184079425e+10,3.7284305989e+07
1326,4.7736000000e+06,0,-1.6255576026e+08,-7.6079181186e+08,1.3672852761e+07
1326,4.7736000000e+06,1,1.2532327359e+11,7.9074874897e+10,7.7571099476e+06
1326,4.7736000000e+06,2,1.2562991364e+11,7.9277293878e+10,3.7403391575e+07
1327,4.7772000000e+06,0,-1.6251700948e+08,-7.6077747458e+08,1.3672048517e+07
1327,4.7772000000e+06,1,1.2526400375e+11,7.9164908470e+10,7.7497462194e+06
1327,4.7772000000e+06,2,1.2556838318e+11,7.9370445919e+10,3.7519407268e+07
1328,4.7808000000e+06,0,-1.6247825850e+08,-7.6076313718e+08,1.3671244274e+07
1328,4.7808000000e+06,1,1.2520466871e+11,7.9254900518e+10,7.7424233946e+06
1328,4.7808000000e+06,2,1.2550675605e+11,7.9463535153e+10,3.7632336832e+07
1329,4.7844000000e+06,0,-1.6243950732e+08,-7.6074879965e+08,1.3670440030e+07
1329,4.7844000000e+06,1,1.2514526852e+11,7.9344850997e+10,7.7351416716e+06
1329,4.7844000000e+06,2,1.2544503247e+11,7.9556561188e+10,3.7742164373e+07
1330,4.7880000000e+06,0,-1.6240075594e+08,-7.6073446199e+08,1.3669635787e+07
1330,4.7880000000e+06,1,1.2508580319e+11,7.9434759863e+10,7.7279012444e+06
1330,4.7880000000e+06,2,1.2538321268e+11,7.9649523631e+10,3.7848874347e+07
1331,4.7916000000e+06,0,-1.6236200436e+08,-7.6072012421e+08,1.3668831543e+07
1331,4.7916000000e+06,1,1.2502627275e+11,7.9524627072e+10,7.7207023026e+06
1331,4.7916000000e+06,2,1.2532129693e+11,7.9742422093e+10,3.7952451562e+07
1332,4.7952000000e+06,0,-1.6232325258e+08,-7.6070578630e+08,1.3668027300e+07
1332,4.7952000000e+06,1,1.2496667724e+11,7.9614452579e+10,7.7135450314e+06
1332,4.7952000000e+06,2,1.2525928545e+11,7.9835256185e+10,3.8052881181e+07
1333,4.7988000000e+06,0,-1.6228450061e+08,-7.6069144826e+08,1.3667223056e+07
1333,4.7988000000e+06,1,1.2490701666e+11,7.9704236341e+10,7.7064296116e+06
1333,4.7988000000e+06,2,1.2519717849e+11,7.9928025523e+10,3.8150148729e+07
1334,4.8024000000e+06,0,-1.6224574843e+08,-7.6067711009e+08,1.3666418813e+07
1334,4.8024000000e+06,1,1.2484729106e+11,7.9793978312e+10,7.6993562197e+06
1334,4.8024000000e+06,2,1.2513497632e+11,8.0020729723e+10,3.8244240095e+07
1335,4.8060000000e+06,0,-1.6220699606e+08,-7.6066277179e+08,1.3665614569e+07
1335,4.8060000000e+06,1,1.2478750045e+11,7.9883678449e+10,7.6923250275e+06
1335,4.8060000000e+06,2,1.2507267917e+11,8.0113368402e+10,3.8335141532e+07
1336,4.8096000000e+06,0,-1.6216824349e+08,-7.6064843337e+08,1.3664810326e+07
1336,4.8096000000e+06,1,1.2472764487e+11,7.9973336707e+10,7.6853362022e+06
1336,4.8096000000e+06,2,1.2501028732e+11,8.0205941183e+10,3.8422839668e+07
1337,4.8132000000e+06,0,-1.6212949072e+08,-7.6063409482e+08,1.3664006082e+07
1337,4.8132000000e+06,1,1.2466772433e+11,8.0062953042e+10,7.6783899065e+06
1337,4.8132000000e+06,2,1.2494780103e+11,8.0298447688e+10,3.8507321503e+07
1338,4.8168000000e+06,0,-1.6209073775e+08,-7.6061975614e+08,1.3663201839e+07
1338,4.8168000000e+06,1,1.2460773887e+11,8.0152527410e+10,7.6714862984e+06
1338,4.8168000000e+06,2,1.2488522058e+11,8.0390887544e+10,3.8588574414e+07
1339,4.8204000000e+06,0,-1.6205198458e+08,-7.6060541733e+08,1.3662397595e+07
1339,4.8204000000e+06,1,1.2454768852e+11,8.0242059767e+10,7.6646255312e+06
1339,4.8204000000e+06,2,1.2482254622e+11,8.0483260377e+10,3.8666586161e+07
1340,4.8240000000e+06,0,-1.6201323121e+08,-7.6059107839e+08,1.3661593351e+07
1340,4.8240000000e+06,1,1.2448757329e+11,8.0331550067e+10,7.6578077536e+06
1340,4.8240000000e+06,2,1.2475977824e+11,8.0575565819e+10,3.8741344888e+07
1341,4.8276000000e+06,0,-1.6197447765e+08,-7.6057673932e+08,1.3660789108e+07
1341,4.8276000000e+06,1,1.2442739321e+11,8.0420998268e+10,7.6510331093e+06
1341,4.8276000000e+06,2,1.2469691693e+11,8.0667803503e+10,3.8812839124e+07
1342,4.8312000000e+06,0,-1.6193572389e+08,-7.6056240012e+08,1.3659984864e+07
1342,4.8312000000e+06,1,1.2436714832e+11,8.0510404324e+10,7.6443017374e+06
1342,4.8312000000e+06,2,1.2463396256e+11,8.0759973064e+10,3.8881057792e+07
1343,4.8348000000e+06,0,-1.6189696993e+08,-7.6054806080e+08,1.3659180621e+07
1343,4.8348000000e+06,1,1.2430683863e+11,8.0599768191e+10,7.6376137721e+06
1343,4.8348000000e+06,2,1.2457091543e+11,8.0852074141e+10,3.8945990205e+07
1344,4.8384000000e+06,0,-1.6185821577e+08,-7.6053372134e+08,1.3658376377e+07
1344,4.8384000000e+06,1,1.2424646417e+11,8.0689089825e+10,7.6309693427e+06
1344,4.8384000000e+06,2,1.2450777582e+11,8.0944106376e+10,3.9007626075e+07
1345,4.8420000000e+06,0,-1.6181946141e+08,-7.6051938176e+08,1.3657572133e+07
1345,4.8420000000e+06,1,1.2418602497e+11,8.0778369181e+10,7.6243685737e+06
1345,4.8420000000e+06,2,1.2444454405e+11,8.1036069410e+10,3.9065955512e+07
1346,4.8456000000e+06,0,-1.6178070686e+08,-7.6050504204e+08,1.3656767890e+07
1346,4.8456000000e+06,1,1.2412552106e+11,8.0867606216e+10,7.6178115843e+06
1346,4.8456000000e+06,2,1.2438122040e+11,8.1127962893e+10,3.9120969027e+07
1347,4.8492000000e+06,0,-1.6174195211e+08,-7.6049070220e+08,1.3655963646e+07
1347,4.8492000000e+06,1,1.2406495246e+11,8.0956800884e+10,7.6112984892e+06
1347,4.8492000000e+06,2,1.2431780518e+11,8.1219786473e+10,3.9172657538e+07
1348,4.8528000000e+06,0,-1.6170319716e+08,-7.6047636223e+08,1.3655159402e+07
1348,4.8528000000e+06,1,1.2400431919e+11,8.1045953141e+10,7.6048293978e+06
1348,4.8528000000e+06,2,1.2425429871e+11,8.1311539804e+10,3.9221012368e+07
1349,4.8564000000e+06,0,-1.6166444201e+08,-7.6046202212e+08,1.3654355159e+07
1349,4.8564000000e+06,1,1.2394362129e+11,8.1135062943e+10,7.5984044145e+06
1349,4.8564000000e+06,2,1.2419070129e+11,8.1403222540e+10,3.9266025250e+07
1350,4.8600000000e+06,0,-1.6162568667e+08,-7.6044768189e+08,1.3653550915e+07
1350,4.8600000000e+06,1,1.2388285877e+11,8.1224130245e+10,7.5920236387e+06
1350,4.8600000000e+06,2,1.2412701324e+11,8.1494834341e+10,3.9307688328e+07
1351,4.8636000000e+06,0,-1.6158693112e+08,-7.6043334152e+08,1.3652746671e+07
1351,4.8636000000e+06,1,1.2382203167e+11,8.1313155002e+10,7.5856871647e+06
1351,4.8636000000e+06,2,1.2406323487e+11,8.1586374868e+10,3.9345994162e+07
1352,4.8672000000e+06,0,-1.6154817539e+08,-7.6041900103e+08,1.3651942428e+07
1352,4.8672000000e+06,1,1.2376114002e+11,8.1402137171e+10,7.5793950816e+06
1352,4.8672000000e+06,2,1.2399936652e+11,8.1677843788e+10,3.9380935727e+07
1353,4.8708000000e+06,0,-1.6150941945e+08,-7.6040466040e+08,1.3651138184e+07
1353,4.8708000000e+06,1,1.2370018383e+11,8.1491076707e+10,7.5731474734e+06
1353,4.8708000000e+06,2,1.2393540851e+11,8.1769240767e+10,3.9412506416e+07
1354,4.8744000000e+06,0,-1.6147066332e+08,-7.6039031964e+08,1.3650333940e+07
1354,4.8744000000e+06,1,1.2363916313e+11,8.1579973565e+10,7.5669444189e+06
1354,4.8744000000e+06,2,1.2387136118e+11,8.1860565479e+10,3.9440700043e+07
1355,4.8780000000e+06,0,-1.6143190699e+08,-7.6037597876e+08,1.3649529697e+07
1355,4.8780000000e+06,1,1.2357807795e+11,8.1668827701e+10,7.5607859919e+06
1355,4.8780000000e+06,2,1.2380722484e+11,8.1951817597e+10,3.9465510843e+07
1356,4.8816000000e+06,0,-1.6139315046e+08,-7.6036163774e+08,1.3648725453e+07
1356,4.8816000000e+06,1,1.2351692832e+11,8.1757639069e+10,7.5546722606e+06
1356,4.8816000000e+06,2,1.2374299985e+11,8.2042996801e+10,3.9486933477e+07
1357,4.8852000000e+06,0,-1.6135439374e+08,-7.6034729659e+08,1.3647921209e+07
1357,4.8852000000e+06,1,1.2345571426e+11,8.1846407626e+10,7.5486032884e+06
1357,4.8852000000e+06,2,1.2367868654e+11,8.2134102772e+10,3.9504963029e+07
1358,4.8888000000e+06,0,-1.6131563682e+08,-7.6033295530e+08,1.3647116965e+07
1358,4.8888000000e+06,1,1.2339443579e+11,8.1935133327e+10,7.5425791330e+06
1358,4.8888000000e+06,2,1.2361428526e+11,8.2225135196e+10,3.9519595011e+07
1359,4.8924000000e+06,0,-1.6127687970e+08,-7.6031861389e+08,1.3646312722e+07
1359,4.8924000000e+06,1,1.2333309295e+11,8.2023816127e+10,7.5365998473e+06
1359,4.8924000000e+06,2,1.2354979635e+11,8.2316093762e+10,3.9530825365e+07
1360,4.8960000000e+06,0,-1.6123812239e+08,-7.6030427234e+08,1.3645508478e+07
1360,4.8960000000e+06,1,1.2327168576e+11,8.2112455981e+10,7.5306654784e+06
1360,4.8960000000e+06,2,1.2348522017e+11,8.2406978162e+10,3.9538650461e+07
1361,4.8996000000e+06,0,-1.6119936488e+08,-7.6028993067e+08,1.3644704234e+07
1361,4.8996000000e+06,1,1.2321021424e+11,8.2201052846e+10,7.5247760687e+06
1361,4.8996000000e+06,2,1.2342055706e+11,8.2497788093e+10,3.9543067100e+07
1362,4.9032000000e+06,0,-1.6116060717e+08,-7.6027558886e+08,1.3643899990e+07
1362,4.9032000000e+06,1,1.2314867843e+11,8.2289606675e+10,7.5189316546e+06
1362,4.9032000000e+06,2,1.2335580740e+11,8.2588523255e+10,3.9544072517e+07
1363,4.9068000000e+06,0,-1.6112184927e+08,-7.6026124692e+08,1.3643095746e+07
1363,4.9068000000e+06,1,1.2308707834e+11,8.2378117424e+10,7.5131322678e+06
1363,4.9068000000e+06,2,1.2329097153e+11,8.2679183352e+10,3.9541664378e+07
1364,4.9104000000e+06,0,-1.6108309117e+08,-7.6024690484e+08,1.3642291503e+07
1364,4.9104000000e+06,1,1.2302541401e+11,8.2466585049e+10,7.5073779342e+06
1364,4.9104000000e+06,2,1.2322604983e+11,8.2769768091e+10,3.9535840785e+07
1365,4.9140000000e+06,0,-1.6104433288e+08,-7.6023256264e+08,1.3641487259e+07
1365,4.9140000000e+06,1,1.2296368546e+11,8.2555009505e+10,7.5016686746e+06
1365,4.9140000000e+06,2,1.2316104265e+11,8.2860277183e+10,3.9526600274e+07
1366,4.9176000000e+06,0,-1.6100557439e+08,-7.6021822030e+08,1.3640683015e+07
1366,4.9176000000e+06,1,1.2290189271e+11,8.2643390746e+10,7.4960045044e+06
1366,4.9176000000e+06,2,1.2309595037e+11,8.2950710344e+10,3.9513941818e+07
1367,4.9212000000e+06,0,-1.6096681570e+08,-7.6020387783e+08,1.3639878771e+07
1367,4.9212000000e+06,1,1.2284003579e+11,8.2731728728e+10,7.4903854335e+06
1367,4.9212000000e+06,2,1.2303077336e+11,8.3041067293e+10,3.9497864824e+07
1368,4.9248000000e+06,0,-1.6092805682e+08,-7.6018953522e+08,1.3639074527e+07
1368,4.9248000000e+06,1,1.2277811473e+11,8.2820023407e+10,7.4848114665e+06
1368,4.9248000000e+06,2,1.2296551200e+11,8.3131347754e+10,3.9478369137e+07
1369,4.9284000000e+06,0,-1.6088929774e+08,-7.6017519249e+08,1.3638270283e+07
1369,4.9284000000e+06,1,1.2271612956e+11,8.2908274736e+10,7.4792826028e+06
1369,4.9284000000e+06,2,1.2290016666e+11,8.3221551453e+10,3.9455455040e+07
1370,4.9320000000e+06,0,-1.6085053847e+08,-7.6016084962e+08,1.3637466040e+07
1370,4.9320000000e+06,1,1.2265408029e+11,8.2996482672e+10,7.4737988361e+06
1370,4.9320000000e+06,2,1.2283473772e+11,8.3311678122e+10,3.9429123253e+07
1371,4.9356000000e+06,0,-1.6081177900e+08,-7.6014650661e+08,1.3636661796e+07
1371,4.9356000000e+06,1,1.2259196696e+11,8.3084647169e+10,7.4683601550e+06
1371,4.9356000000e+06,2,1.2276922557e+11,8.3401727497e+10,3.9399374932e+07
1372,4.9392000000e+06,0,-1.6077301933e+08,-7.6013216347e+08,1.3635857552e+07
1372,4.9392000000e+06,1,1.2252978959e+11,8.3172768182e+10,7.4629665425e+06
1372,4.9392000000e+06,2,1.2270363060e+11,8.3491699316e+10,3.9366211673e+07
1373,4.9428000000e+06,0,-1.6073425947e+08,-7.6011782020e+08,1.3635053308e+07
1373,4.9428000000e+06,1,1.2246754821e+11,8.3260845666e+10,7.4576179763e+06
1373,4.9428000000e+06,2,1.2263795319e+11,8.3581593324e+10,3.9329635508e+07
1374,4.9464000000e+06,0,-1.6069549942e+08,-7.6010347680e+08,1.3634249064e+07
1374,4.9464000000e+06,1,1.2240524284e+11,8.3348879576e+10,7.4523144288e+06
1374,4.9464000000e+06,2,1.2257219373e+11,8.3671409269e+10,3.9289648906e+07
1375,4.9500000000e+06,0,-1.6065673917e+08,-7.6008913326e+08,1.3633444820e+07
1375,4.9500000000e+06,1,1.2234287351e+11,8.3436869867e+10,7.4470558669e+06
1375,4.9500000000e+06,2,1.2250635262e+11,8.3761146902e+10,3.9246254776e+07
1376,4.9536000000e+06,0,-1.6061797873e+08,-7.6007478959e+08,1.3632640576e+07
1376,4.9536000000e+06,1,1.2228044025e+11,8.3524816494e+10,7.4418422521e+06
1376,4.9536000000e+06,2,1.2244043026e+11,8.3850805980e+10,3.9199456461e+07
1377,4.9572000000e+06,0,-1.6057921809e+08,-7.6006044578e+08,1.3631836332e+07
1377,4.9572000000e+06,1,1.2221794308e+11,8.3612719412e+10,7.4366735408e+06
1377,4.9572000000e+06,2,1.2237442704e+11,8.3940386265e+10,3.9149257741e+07
1378,4.9608000000e+06,0,-1.6054045725e+08,-7.6004610184e+08,1.3631032088e+07
1378,4.9608000000e+06,1,1.2215538203e+11,8.3700578574e+10,7.4315496836e+06
1378,4.9608000000e+06,2,1.2230834336e+11,8.4029887520e+10,3.9095662832e+07
1379,4.9644000000e+06,0,-1.6050169622e+08,-7.6003175776e+08,1.3630227844e+07
1379,4.9644000000e+06,1,1.2209275712e+11,8.3788393938e+10,7.4264706262e+06
1379,4.9644000000e+06,2,1.2224217963e+11,8.4119309516e+10,3.9038676386e+07
1380,4.9680000000e+06,0,-1.6046293500e+08,-7.6001741355e+08,1.3629423601e+07
1380,4.9680000000e+06,1,1.2203006838e+11,8.3876165456e+10,7.4214363086e+06
1380,4.9680000000e+06,2,1.2217593625e+11,8.4208652027e+10,3.8978303488e+07
1381,4.9716000000e+06,0,-1.6042417358e+08,-7.6000306921e+08,1.3628619357e+07
1381,4.9716000000e+06,1,1.2196731584e+11,8.3963893083e+10,7.4164466657e+06
1381,4.9716000000e+06,2,1.2210961364e+11,8.4297914830e+10,3.8914549657e+07
1382,4.9752000000e+06,0,-1.6038541197e+08,-7.5998872473e+08,1.3627815113e+07
1382,4.9752000000e+06,1,1.2190449952e+11,8.4051576775e+10,7.4115016269e+06
1382,4.9752000000e+06,2,1.2204321219e+11,8.4387097709e+10,3.8847420843e+07
1383,4.9788000000e+06,0,-1.6034665016e+08,-7.5997438011e+08,1.3627010869e+07
1383,4.9788000000e+06,1,1.2184161944e+11,8.4139216486e+10,7.4066011164e+06
1383,4.9788000000e+06,2,1.2197673232e+11,8.4476200451e+10,3.8776923430e+07
1384,4.9824000000e+06,0,-1.6030788816e+08,-7.5996003536e+08,1.3626206625e+07
1384,4.9824000000e+06,1,1.2177867565e+11,8.4226812170e+10,7.4017450532e+06
1384,4.9824000000e+06,2,1.2191017445e+11,8.4565222848e+10,3.8703064229e+07
1385,4.9860000000e+06,0,-1.6026912596e+08,-7.5994569048e+08,1.3625402381e+07
1385,4.9860000000e+06,1,1.2171566815e+11,8.4314363783e+10,7.3969333508e+06
1385,4.9860000000e+06,2,1.2184353898e+11,8.4654164696e+10,3.8625850482e+07
1386,4.9896000000e+06,0,-1.6023036357e+08,-7.5993134546e+08,1.3624598137e+07
1386,4.9896000000e+06,1,1.2165259698e+11,8.4401871277e+10,7.3921659176e+06
1386,4.9896000000e+06,2,1.2177682634e+11,8.4743025796e+10,3.8545289858e+07
1387,4.9932000000e+06,0,-1.6019160099e+08,-7.5991700030e+08,1.3623793893e+07
1387,4.9932000000e+06,1,1.2158946216e+11,8.4489334609e+10,7.3874426568e+06
1387,4.9932000000e+06,2,1.2171003695e+11,8.4831805953e+10,3.8461390450e+07
1388,4.9968000000e+06,0,-1.6015283821e+08,-7.5990265501e+08,1.3622989649e+07
1388,4.9968000000e+06,1,1.2152626373e+11,8.4576753733e+10,7.3827634662e+06
1388,4.9968000000e+06,2,1.2164317122e+11,8.4920504979e+10,3.8374160778e+07
1389,5.0004000000e+06,0,-1.6011407524e+08,-7.5988830958e+08,1.3622185405e+07
1389,5.0004000000e+06,1,1.2146300169e+11,8.4664128602e+10,7.3781282385e+06
1389,5.0004000000e+06,2,1.2157622957e+11,8.5009122687e+10,3.8283609782e+07
1390,5.0040000000e+06,0,-1.6007531207e+08,-7.5987396401e+08,1.3621381161e+07
1390,5.0040000000e+06,1,1.2139967609e+11,8.4751459171e+10,7.3735368613e+06
1390,5.0040000000e+06,2,1.2150921244e+11,8.5097658896e+10,3.8189746825e+07
1391,5.0076000000e+06,0,-1.6003654871e+08,-7.5985961831e+08,1.3620576916e+07
1391,5.0076000000e+06,1,1.2133628695e+11,8.4838745395e+10,7.3689892169e+06
1391,5.0076000000e+06,2,1.2144212024e+11,8.5186113432e+10,3.8092581687e+07
1392,5.0112000000e+06,0,-1.5999778516e+08,-7.5984527248e+08,1.3619772672e+07
1392,5.0112000000e+06,1,1.2127283429e+11,8.4925987228e+10,7.3644851826e+06
1392,5.0112000000e+06,2,1.2137495340e+11,8.5274486123e+10,3.7992124566e+07
1393,5.0148000000e+06,0,-1.5995902142e+08,-7.5983092650e+08,1.3618968428e+07
1393,5.0148000000e+06,1,1.2120931814e+11,8.5013184624e+10,7.3600246305e+06
1393,5.0148000000e+06,2,1.2130771235e+11,8.5362776801e+10,3.7888386074e+07
1394,5.0184000000e+06,0,-1.5992025748e+08,-7.5981658039e+08,1.3618164184e+07
1394,5.0184000000e+06,1,1.2114573853e+11,8.5100337538e+10,7.3556074277e+06
1394,5.0184000000e+06,2,1.2124039752e+11,8.5450985306e+10,3.7781377236e+07
1395,5.0220000000e+06,0,-1.5988149334e+08,-7.5980223415e+08,1.3617359940e+07
1395,5.0220000000e+06,1,1.2108209548e+11,8.5187445923e+10,7.3512334361e+06
1395,5.0220000000e+06,2,1.2117300934e+11,8.5539111480e+10,3.7671109487e+07
1396,5.0256000000e+06,0,-1.5984272902e+08,-7.5978788776e+08,1.3616555696e+07
1396,5.0256000000e+06,1,1.2101838903e+11,8.5274509734e+10,7.3469025129e+06
1396,5.0256000000e+06,2,1.2110554823e+11,8.5627155171e+10,3.7557594670e+07
1397,5.0292000000e+06,0,-1.5980396450e+08,-7.5977354124e+08,1.3615751452e+07
1397,5.0292000000e+06,1,1.2095461918e+11,8.5361528925e+10,7.3426145100e+06
1397,5.0292000000e+06,2,1.2103801464e+11,8.5715116232e+10,3.7440845035e+07
1398,5.0328000000e+06,0,-1.5976519979e+08,-7.5975919458e+08,1.3614947208e+07
1398,5.0328000000e+06,1,1.2089078598e+11,8.5448503450e+10,7.3383692744e+06
1398,5.0328000000e+06,2,1.2097040899e+11,8.5802994518e+10,3.7320873232e+07
1399,5.0364000000e+06,0,-1.5972643488e+08,-7.5974484779e+08,1.3614142964e+07
1399,5.0364000000e+06,1,1.2082688945e+11,8.5535433262e+10,7.3341666482e+06
1399,5.0364000000e+06,2,1.2090273172e+11,8.5890789893e+10,3.7197692314e+07
1400,5.0400000000e+06,0,-1.5968766979e+08,-7.5973050086e+08,1.3613338720e+07
1400,5.0400000000e+06,1,1.2076292961e+11,8.5622318317e+10,7.3300064688e+06
1400,5.0400000000e+06,2,1.2083498326e+11,8.5978502222e+10,3.7071315731e+07
1401,5.0436000000e+06,0,-1.5964890450e+08,-7.5971615378e+08,1.3612534475e+07
1401,5.0436000000e+06,1,1.2069890650e+11,8.5709158568e+10,7.3258885684e+06
1401,5.0436000000e+06,2,1.2076716405e+11,8.6066131378e+10,3.6941757327e+07
1402,5.0472000000e+06,0,-1.5961013901e+08,-7.5970180658e+08,1.3611730231e+07
1402,5.0472000000e+06,1,1.2063482013e+11,8.5795953968e+10,7.3218127746e+06
1402,5.0472000000e+06,2,1.2069927453e+11,8.6153677236e+10,3.6809031340e+07
1403,5.0508000000e+06,0,-1.5957137334e+08,-7.5968745923e+08,1.3610925987e+07
1403,5.0508000000e+06,1,1.2057067054e+11,8.5882704473e+10,7.3177789102e+06
1403,5.0508000000e+06,2,1.2063131514e+11,8.6241139678e+10,3.6673152395e+07
1404,5.0544000000e+06,0,-1.5953260747e+08,-7.5967311175e+08,1.3610121743e+07
1404,5.0544000000e+06,1,1.2050645774e+11,8.5969410035e+10,7.3137867932e+06
1404,5.0544000000e+06,2,1.2056328630e+11,8.6328518589e+10,3.6534135504e+07
1405,5.0580000000e+06,0,-1.5949384141e+08,-7.5965876412e+08,1.3609317499e+07
1405,5.0580000000e+06,1,1.2044218178e+11,8.6056070608e+10,7.3098362368e+06
1405,5.0580000000e+06,2,1.2049518846e+11,8.6415813860e+10,3.6391996063e+07
1406,5.0616000000e+06,0,-1.5945507516e+08,-7.5964441636e+08,1.3608513255e+07
1406,5.0616000000e+06,1,1.2037784267e+11,8.6142686147e+10,7.3059270497e+06
1406,5.0616000000e+06,2,1.2042702207e+11,8.6503025386e+10,3.6246749847e+07
1407,5.0652000000e+06,0,-1.5941630872e+08,-7.5963006846e+08,1.3607709010e+07
1407,5.0652000000e+06,1,1.2031344044e+11,8.6229256604e+10,7.3020590358e+06
1407,5.0652000000e+06,2,1.2035878755e+11,8.6590153067e+10,3.6098413007e+07
1408,5.0688000000e+06,0,-1.5937754208e+08,-7.5961572042e+08,1.3606904766e+07
1408,5.0688000000e+06,1,1.2024897512e+11,8.6315781935e+10,7.2982319946e+06
1408,5.0688000000e+06,2,1.2029048534e+11,8.6677196809e+10,3.5947002068e+07
1409,5.0724000000e+06,0,-1.5933877525e+08,-7.5960137225e+08,1.3606100522e+07
1409,5.0724000000e+06,1,1.2018444673e+11,8.6402262092e+10,7.2944457209e+06
1409,5.0724000000e+06,2,1.2022211590e+11,8.6764156521e+10,3.5792533927e+07
1410,5.0760000000e+06,0,-1.5930000823e+08,-7.5958702393e+08,1.3605296278e+07
1410,5.0760000000e+06,1,1.2011985531e+11,8.6488697028e+10,7.2907000049e+06
1410,5.0760000000e+06,2,1.2015367965e+11,8.6851032118e+10,3.5635025844e+07
1411,5.0796000000e+06,0,-1.5926124102e+08,-7.5957267548e+08,1.3604492033e+07
1411,5.0796000000e+06,1,1.2005520087e+11,8.6575086699e+10,7.2869946326e+06
1411,5.0796000000e+06,2,1.2008517705e+11,8.6937823519e+10,3.5474495444e+07
1412,5.0832000000e+06,0,-1.5922247362e+08,-7.5955832688e+08,1.3603687789e+07
1412,5.0832000000e+06,1,1.1999048345e+11,8.6661431056e+10,7.2833293855e+06
1412,5.0832000000e+06,2,1.2001660852e+11,8.7024530648e+10,3.5310960712e+07
1413,5.0868000000e+06,0,-1.5918370602e+08,-7.5954397815e+08,1.3602883545e+07
1413,5.0868000000e+06,1,1.1992570307e+11,8.6747730054e+10,7.2797040404e+06
1413,5.0868000000e+06,2,1.1994797451e+11,8.7111153434e+10,3.5144439987e+07
1414,5.0904000000e+06,0,-1.5914493824e+08,-7.5952962928e+08,1.3602079301e+07
1414,5.0904000000e+06,1,1.1986085976e+11,8.6833983647e+10,7.2761183703e+06
1414,5.0904000000e+06,2,1.1987927546e+11,8.7197691811e+10,3.4974951963e+07
1415,5.0940000000e+06,0,-1.5910617026e+08,-7.5951528026e+08,1.3601275056e+07
1415,5.0940000000e+06,1,1.1979595354e+11,8.6920191786e+10,7.2725721434e+06
1415,5.0940000000e+06,2,1.1981051180e+11,8.7284145717e+10,3.4802515680e+07
1416,5.0976000000e+06,0,-1.5906740209e+08,-7.5950093111e+08,1.3600470812e+07
1416,5.0976000000e+06,1,1.1973098444e+11,8.7006354427e+10,7.2690651240e+06
1416,5.0976000000e+06,2,1.1974168399e+11,8.7370515095e+10,3.4627150525e+07
1417,5.1012000000e+06,0,-1.5902863373e+08,-7.5948658182e+08,1.3599666568e+07
1417,5.1012000000e+06,1,1.1966595250e+11,8.7092471523e+10,7.2655970722e+06
1417,5.1012000000e+06,2,1.1967279246e+11,8.7456799893e+10,3.4448876222e+07
1418,5.1048000000e+06,0,-1.5898986518e+08,-7.5947223239e+08,1.3598862323e+07
1418,5.1048000000e+06,1,1.1960085773e+11,8.7178543026e+10,7.2621677436e+06
1418,5.1048000000e+06,2,1.1960383765e+11,8.7543000063e+10,3.4267712836e+07
1419,5.1084000000e+06,0,-1.5895109644e+08,-7.5945788281e+08,1.3598058079e+07
1419,5.1084000000e+06,1,1.1953570017e+11,8.7264568890e+10,7.2587768902e+06
1419,5.1084000000e+06,2,1.1953482000e+11,8.7629115564e+10,3.4083680764e+07
1420,5.1120000000e+06,0,-1.5891232751e+08,-7.5944353310e+08,1.3597253835e+07
1420,5.1120000000e+06,1,1.1947047983e+11,8.7350549068e+10,7.2554242595e+06
1420,5.1120000000e+06,2,1.1946573995e+11,8.7715146357e+10,3.3896800730e+07
1421,5.1156000000e+06,0,-1.5887355838e+08,-7.5942918325e+08,1.3596449591e+07
1421,5.1156000000e+06,1,1.1940519676e+11,8.7436483514e+10,7.2521095954e+06
1421,5.1156000000e+06,2,1.1939659793e+11,8.7801092408e+10,3.3707093785e+07
1422,5.1192000000e+06,0,-1.5883478907e+08,-7.5941483325e+08,1.3595645346e+07
1422,5.1192000000e+06,1,1.1933985096e+11,8.7522372180e+10,7.2488326375e+06
1422,5.1192000000e+06,2,1.1932739438e+11,8.7886953689e+10,3.3514581301e+07
1423,5.1228000000e+06,0,-1.5879601957e+08,-7.5940048312e+08,1.3594841102e+07
1423,5.1228000000e+06,1,1.1927444249e+11,8.7608215021e+10,7.2455931218e+06
1423,5.1228000000e+06,2,1.1925812975e+11,8.7972730177e+10,3.3319284965e+07
1424,5.1264000000e+06,0,-1.5875724987e+08,-7.5938613284e+08,1.3594036857e+07
1424,5.1264000000e+06,1,1.1920897135e+11,8.7694011988e+10,7.2423907802e+06
1424,5.1264000000e+06,2,1.1918880447e+11,8.8058421851e+10,3.3121226778e+07
1425,5.1300000000e+06,0,-1.5871847999e+08,-7.5937178243e+08,1.3593232613e+07
1425,5.1300000000e+06,1,1.1914343757e+11,8.7779763035e+10,7.2392253409e+06
1425,5.1300000000e+06,2,1.1911941897e+11,8.8144028697e+10,3.2920429049e+07
1426,5.1336000000e+06,0,-1.5867970991e+08,-7.5935743187e+08,1.3592428369e+07
1426,5.1336000000e+06,1,1.1907784120e+11,8.7865468116e+10,7.2360965285e+06
1426,5.1336000000e+06,2,1.1904997369e+11,8.8229550704e+10,3.2716914391e+07
1427,5.1372000000e+06,0,-1.5864093965e+08,-7.5934308117e+08,1.3591624124e+07
1427,5.1372000000e+06,1,1.1901218224e+11,8.7951127183e+10,7.2330040637e+06
1427,5.1372000000e+06,2,1.1898046906e+11,8.8314987868e+10,3.2510705717e+07
1428,5.1408000000e+06,0,-1.5860216919e+08,-7.5932873033e+08,1.3590819880e+07
1428,5.1408000000e+06,1,1.1894646074e+11,8.8036740188e+10,7.2299476637e+06
1428,5.1408000000e+06,2,1.1891090552e+11,8.8400340187e+10,3.2301826236e+07
1429,5.1444000000e+06,0,-1.5856339854e+08,-7.5931437935e+08,1.3590015635e+07
1429,5.1444000000e+06,1,1.1888067671e+11,8.8122307086e+10,7.2269270420e+06
1429,5.1444000000e+06,2,1.1884128350e+11,8.8485607665e+10,3.2090299446e+07
1430,5.1480000000e+06,0,-1.5852462771e+08,-7.5930002822e+08,1.3589211391e+07
1430,5.1480000000e+06,1,1.1881483018e+11,8.8207827829e+10,7.2239419088e+06
1430,5.1480000000e+06,2,1.1877160343e+11,8.8570790310e+10,3.1876149134e+07
1431,5.1516000000e+06,0,-1.5848585668e+08,-7.5928567696e+08,1.3588407147e+07
1431,5.1516000000e+06,1,1.1874892119e+11,8.8293302370e+10,7.2209919705e+06
1431,5.1516000000e+06,2,1.1870186575e+11,8.8655888135e+10,3.1659399370e+07
1432,5.1552000000e+06,0,-1.5844708547e+08,-7.5927132555e+08,1.3587602902e+07
1432,5.1552000000e+06,1,1.1868294975e+11,8.8378730662e+10,7.2180769302e+06
1432,5.1552000000e+06,2,1.1863207087e+11,8.8740901155e+10,3.1440074499e+07
1433,5.1588000000e+06,0,-1.5840831407e+08,-7.5925697400e+08,1.3586798658e+07
1433,5.1588000000e+06,1,1.1861691591e+11,8.8464112657e+10,7.2151964879e+06
1433,5.1588000000e+06,2,1.1856221924e+11,8.8825829394e+10,3.1218199141e+07
1434,5.1624000000e+06,0,-1.5836954247e+08,-7.5924262231e+08,1.3585994413e+07
1434,5.1624000000e+06,1,1.1855081968e+11,8.8549448308e+10,7.2123503399e+06
1434,5.1624000000e+06,2,1.1849231127e+11,8.8910672876e+10,3.0993798187e+07
1435,5.1660000000e+06,0,-1.5833077069e+08,-7.5922827047e+08,1.3585190169e+07
1435,5.1660000000e+06,1,1.1848466109e+11,8.8634737569e+10,7.2095381795e+06
1435,5.1660000000e+06,2,1.1842234739e+11,8.8995431633e+10,3.0766896788e+07
1436,5.1696000000e+06,0,-1.5829199872e+08,-7.5921391849e+08,1.3584385924e+07
1436,5.1696000000e+06,1,1.1841844017e+11,8.8719980391e+10,7.2067596967e+06
1436,5.1696000000e+06,2,1.1835232803e+11,8.9080105699e+10,3.0537520360e+07
1437,5.1732000000e+06,0,-1.5825322655e+08,-7.5919956637e+08,1.3583581680e+07
1437,5.1732000000e+06,1,1.1835215696e+11,8.8805176728e+10,7.2040145784e+06
1437,5.1732000000e+06,2,1.1828225362e+11,8.9164695112e+10,3.0305694570e+07
1438,5.1768000000e+06,0,-1.5821445420e+08,-7.5918521411e+08,1.3582777435e+07
1438,5.1768000000e+06,1,1.1828581147e+11,8.8890326532e+10,7.2013025083e+06
1438,5.1768000000e+06,2,1.1821212456e+11,8.9249199917e+10,3.0071445338e+07
1439,5.1804000000e+06,0,-1.5817568166e+08,-7.5917086170e+08,1.3581973191e+07
1439,5.1804000000e+06,1,1.1821940373e+11,8.8975429756e+10,7.1986231672e+06
1439,5.1804000000e+06,2,1.1814194129e+11,8.9333620160e+10,2.9834798830e+07
1440,5.1840000000e+06,0,-1.5813690894e+08,-7.5915650915e+08,1.3581168946e+07
1440,5.1840000000e+06,1,1.1815293378e+11,8.9060486353e+10,7.1959762329e+06
1440,5.1840000000e+06,2,1.1807170421e+11,8.9417955894e+10,2.9595781454e+07
1441,5.1876000000e+06,0,-1.5809813602e+08,-7.5914215646e+08,1.3580364702e+07
1441,5.1876000000e+06,1,1.1808640164e+11,8.9145496274e+10,7.1933613802e+06
1441,5.1876000000e+06,2,1.1800141376e+11,8.9502207175e+10,2.9354419855e+07
1442,5.1912000000e+06,0,-1.5805936291e+08,-7.5912780362e+08,1.3579560457e+07
1442,5.1912000000e+06,1,1.1801980734e+11,8.9230459473e+10,7.1907782813e+06
1442,5.1912000000e+06,2,1.1793107034e+11,8.9586374063e+10,2.9110740909e+07
1443,5.1948000000e+06,0,-1.5802058962e+08,-7.5911345065e+08,1.3578756213e+07
1443,5.1948000000e+06,1,1.1795315090e+11,8.9315375902e+10,7.1882266052e+06
1443,5.1948000000e+06,2,1.1786067437e+11,8.9670456624e+10,2.8864771722e+07
1444,5.1984000000e+06,0,-1.5798181614e+08,-7.5909909752e+08,1.3577951968e+07
1444,5.1984000000e+06,1,1.1788643236e+11,8.9400245513e+10,7.1857060184e+06
1444,5.1984000000e+06,2,1.1779022626e+11,8.9754454924e+10,2.8616539621e+07
1445,5.2020000000e+06,0,-1.5794304247e+08,-7.5908474425e+08,1.3577147724e+07
1445,5.2020000000e+06,1,1.1781965175e+11,8.9485068260e+10,7.1832161847e+06
1445,5.2020000000e+06,2,1.1771972642e+11,8.9838369038e+10,2.8366072153e+07
1446,5.2056000000e+06,0,-1.5790426861e+08,-7.5907039084e+08,1.3576343479e+07
1446,5.2056000000e+06,1,1.1775280909e+11,8.9569844094e+10,7.1807567653e+06
1446,5.2056000000e+06,2,1.1764917526e+11,8.9922199041e+10,2.8113397079e+07
1447,5.2092000000e+06,0,-1.5786549456e+08,-7.5905603729e+08,1.3575539234e+07
1447,5.2092000000e+06,1,1.1768590441e+11,8.9654572968e+10,7.1783274186e+06
1447,5.2092000000e+06,2,1.1757857318e+11,9.0005945016e+10,2.7858542368e+07
1448,5.2128000000e+06,0,-1.5782672032e+08,-7.5904168359e+08,1.3574734990e+07
1448,5.2128000000e+06,1,1.1761893774e+11,8.9739254834e+10,7.1759278008e+06
1448,5.2128000000e+06,2,1.1750792060e+11,9.0089607046e+10,2.7601536194e+07
1449,5.2164000000e+06,0,-1.5778794590e+08,-7.5902732974e+08,1.3573930745e+07
1449,5.2164000000e+06,1,1.1755190911e+11,8.9823889644e+10,7.1735575654e+06
1449,5.2164000000e+06,2,1.1743721791e+11,9.0173185222e+10,2.7342406932e+07
1450,5.2200000000e+06,0,-1.5774917129e+08,-7.5901297575e+08,1.3573126501e+07
1450,5.2200000000e+06,1,1.1748481855e+11,8.9908477352e+10,7.1712163636e+06
1450,5.2200000000e+06,2,1.1736646552e+11,9.0256679635e+10,2.7081183151e+07
1451,5.2236000000e+06,0,-1.5771039649e+08,-7.5899862162e+08,1.3572322256e+07
1451,5.2236000000e+06,1,1.1741766608e+11,8.9993017908e+10,7.1689038443e+06
1451,5.2236000000e+06,2,1.1729566382e+11,9.0340090382e+10,2.6817893611e+07
1452,5.2272000000e+06,0,-1.5767162150e+08,-7.5898426734e+08,1.3571518011e+07
1452,5.2272000000e+06,1,1.1735045173e+11,9.0077511267e+10,7.1666196539e+06
1452,5.2272000000e+06,2,1.1722481321e+11,9.0423417564e+10,2.6552567257e+07
1453,5.2308000000e+06,0,-1.5763284633e+08,-7.5896991292e+08,1.3570713767e+07
1453,5.2308000000e+06,1,1.1728317554e+11,9.0161957378e+10,7.1643634368e+06
1453,5.2308000000e+06,2,1.1715391409e+11,9.0506661286e+10,2.6285233218e+07
1454,5.2344000000e+06,0,-1.5759407097e+08,-7.5895555835e+08,1.3569909522e+07
1454,5.2344000000e+06,1,1.1721583754e+11,9.0246356196e+10,7.1621348351e+06
1454,5.2344000000e+06,2,1.1708296685e+11,9.0589821656e+10,2.6015920798e+07
1455,5.2380000000e+06,0,-1.5755529542e+08,-7.5894120364e+08,1.3569105277e+07
1455,5.2380000000e+06,1,1.1714843774e+11,9.0330707672e+10,7.1599334889e+06
1455,5.2380000000e+06,2,1.1701197188e+11,9.0672898786e+10,2.5744659471e+07
1456,5.2416000000e+06,0,-1.5751651968e+08,-7.5892684878e+08,1.3568301033e+07
1456,5.2416000000e+06,1,1.1708097619e+11,9.0415011758e+10,7.1577590360e+06
1456,5.2416000000e+06,2,1.1694092957e+11,9.0755892791e+10,2.5471478882e+07
1457,5.2452000000e+06,0,-1.5747774376e+08,-7.5891249377e+08,1.3567496788e+07
1457,5.2452000000e+06,1,1.1701345290e+11,9.0499268407e+10,7.1556111126e+06
1457,5.2452000000e+06,2,1.1686984030e+11,9.0838803792e+10,2.5196408837e+07
1458,5.2488000000e+06,0,-1.5743896765e+08,-7.5889813862e+08,1.3566692543e+07
1458,5.2488000000e+06,1,1.1694586791e+11,9.0583477570e+10,7.1534893525e+06
1458,5.2488000000e+06,2,1.1679870446e+11,9.0921631911e+10,2.4919479300e+07
1459,5.2524000000e+06,0,-1.5740019135e+08,-7.5888378333e+08,1.3565888299e+07
1459,5.2524000000e+06,1,1.1687822125e+11,9.0667639200e+10,7.1513933879e+06
1459,5.2524000000e+06,2,1.1672752243e+11,9.1004377276e+10,2.4640720389e+07
1460,5.2560000000e+06,0,-1.5736141486e+08,-7.5886942788e+08,1.3565084054e+07
1460,5.2560000000e+06,1,1.1681051295e+11,9.0751753249e+10,7.1493228491e+06
1460,5.2560000000e+06,2,1.1665629459e+11,9.1087040016e+10,2.4360162371e+07
1461,5.2596000000e+06,0,-1.5732263819e+08,-7.5885507230e+08,1.3564279809e+07
1461,5.2596000000e+06,1,1.1674274304e+11,9.0835819669e+10,7.1472773646e+06
1461,5.2596000000e+06,2,1.1658502131e+11,9.1169620266e+10,2.4077835657e+07
1462,5.2632000000e+06,0,-1.5728386134e+08,-7.5884071656e+08,1.3563475564e+07
1462,5.2632000000e+06,1,1.1667491154e+11,9.0919838412e+10,7.1452565612e+06
1462,5.2632000000e+06,2,1.1651370298e+11,9.1252118163e+10,2.3793770799e+07
1463,5.2668000000e+06,0,-1.5724508429e+08,-7.5882636068e+08,1.3562671320e+07
1463,5.2668000000e+06,1,1.1660701849e+11,9.1003809430e+10,7.1432600639e+06
1463,5.2668000000e+06,2,1.1644233995e+11,9.1334533848e+10,2.3507998483e+07
1464,5.2704000000e+06,0,-1.5720630706e+08,-7.5881200465e+08,1.3561867075e+07
1464,5.2704000000e+06,1,1.1653906391e+11,9.1087732674e+10,7.1412874964e+06
1464,5.2704000000e+06,2,1.1637093261e+11,9.1416867466e+10,2.3220549526e+07
1465,5.2740000000e+06,0,-1.5716752964e+08,-7.5879764848e+08,1.3561062830e+07
1465,5.2740000000e+06,1,1.1647104784e+11,9.1171608098e+10,7.1393384806e+06
1465,5.2740000000e+06,2,1.1629948131e+11,9.1499119164e+10,2.2931454872e+07
1466,5.2776000000e+06,0,-1.5712875204e+08,-7.5878329216e+08,1.3560258585e+07
1466,5.2776000000e+06,1,1.1640297030e+11,9.1255435652e+10,7.1374126368e+06
1466,5.2776000000e+06,2,1.1622798643e+11,9.1581289094e+10,2.2640745585e+07
1467,5.2812000000e+06,0,-1.5708997425e+08,-7.5876893569e+08,1.3559454341e+07
1467,5.2812000000e+06,1,1.1633483132e+11,9.1339215290e+10,7.1355095842e+06
1467,5.2812000000e+06,2,1.1615644832e+11,9.1663377409e+10,2.2348452849e+07
1468,5.2848000000e+06,0,-1.5705119628e+08,-7.5875457908e+08,1.3558650096e+07
1468,5.2848000000e+06,1,1.1626663094e+11,9.1422946962e+10,7.1336289404e+06
1468,5.2848000000e+06,2,1.1608486735e+11,9.1745384268e+10,2.2054607959e+07
1469,5.2884000000e+06,0,-1.5701241812e+08,-7.5874022231e+08,1.3557845851e+07
1469,5.2884000000e+06,1,1.1619836919e+11,9.1506630622e+10,7.1317703216e+06
1469,5.2884000000e+06,2,1.1601324386e+11,9.1827309832e+10,2.1759242318e+07
1470,5.2920000000e+06,0,-1.5697363977e+08,-7.5872586540e+08,1.3557041606e+07
1470,5.2920000000e+06,1,1.1613004609e+11,9.1590266219e+10,7.1299333430e+06
1470,5.2920000000e+06,2,1.1594157822e+11,9.1909154266e+10,2.1462387433e+07
1471,5.2956000000e+06,0,-1.5693486124e+08,-7.5871150835e+08,1.3556237361e+07
1471,5.2956000000e+06,1,1.1606166167e+11,9.1673853708e+10,7.1281176181e+06
1471,5.2956000000e+06,2,1.1586987077e+11,9.1990917735e+10,2.1164074913e+07
1472,5.2992000000e+06,0,-1.5689608252e+08,-7.5869715114e+08,1.3555433116e+07
1472,5.2992000000e+06,1,1.1599321596e+11,9.1757393039e+10,7.1263227597e+06
1472,5.2992000000e+06,2,1.1579812186e+11,9.2072600412e+10,2.0864336459e+07
1473,5.3028000000e+06,0,-1.5685730361e+08,-7.5868279379e+08,1.3554628872e+07
1473,5.3028000000e+06,1,1.1592470900e+11,9.1840884164e+10,7.1245483793e+06
1473,5.3028000000e+06,2,1.1572633184e+11,9.2154202469e+10,2.0563203864e+07
1474,5.3064000000e+06,0,-1.5681852452e+08,-7.5866843629e+08,1.3553824627e+07
1474,5.3064000000e+06,1,1.1585614082e+11,9.1924327035e+10,7.1227940873e+06
1474,5.3064000000e+06,2,1.1565450105e+11,9.2235724083e+10,2.0260709008e+07
1475,5.3100000000e+06,0,-1.5677974525e+08,-7.5865407864e+08,1.3553020382e+07
1475,5.3100000000e+06,1,1.1578751144e+11,9.2007721605e+10,7.1210594931e+06
1475,5.3100000000e+06,2,1.1558262983e+11,9.2317165434e+10,1.9956883852e+07
1476,5.3136000000e+06,0,-1.5674096579e+08,-7.5863972084e+08,1.3552216137e+07
1476,5.3136000000e+06,1,1.1571882089e+11,9.2091067824e+10,7.1193442052e+06
1476,5.3136000000e+06,2,1.1551071852e+11,9.2398526704e+10,1.9651760436e+07
1477,5.3172000000e+06,0,-1.5670218615e+08,-7.5862536290e+08,1.3551411892e+07
1477,5.3172000000e+06,1,1.1565006922e+11,9.2174365645e+10,7.1176478312e+06
1477,5.3172000000e+06,2,1.1543876746e+11,9.2479808080e+10,1.9345370873e+07
1478,5.3208000000e+06,0,-1.5666340632e+08,-7.5861100481e+08,1.3550607647e+07
1478,5.3208000000e+06,1,1.1558125643e+11,9.2257615019e+10,7.1159699776e+06
1478,5.3208000000e+06,2,1.1536677696e+11,9.2561009749e+10,1.9037747345e+07
1479,5.3244000000e+06,0,-1.5662462630e+08,-7.5859664656e+08,1.3549803402e+07
1479,5.3244000000e+06,1,1.1551238258e+11,9.2340815899e+10,7.1143102505e+06
1479,5.3244000000e+06,2,1.1529474736e+11,9.2642131903e+10,1.8728922099e+07
1480,5.3280000000e+06,0,-1.5658584610e+08,-7.5858228817e+08,1.3548999157e+07
1480,5.3280000000e+06,1,1.1544344768e+11,9.2423968235e+10,7.1126682550e+06
1480,5.3280000000e+06,2,1.1522267900e+11,9.2723174735e+10,1.8418927444e+07
1481,5.3316000000e+06,0,-1.5654706572e+08,-7.5856792963e+08,1.3548194912e+07
1481,5.3316000000e+06,1,1.1537445177e+11,9.2507071980e+10,7.1110435956e+06
1481,5.3316000000e+06,2,1.1515057218e+11,9.2804138444e+10,1.8107795746e+07
1482,5.3352000000e+06,0,-1.5650828515e+08,-7.5855357095e+08,1.3547390668e+07
1482,5.3352000000e+06,1,1.1530539488e+11,9.2590127086e+10,7.1094358759e+06
1482,5.3352000000e+06,2,1.1507842723e+11,9.2885023227e+10,1.7795559421e+07
1483,5.3388000000e+06,0,-1.5646950440e+08,-7.5853921211e+08,1.3546586423e+07
1483,5.3388000000e+06,1,1.1523627704e+11,9.2673133504e+10,7.1078446993e+06
1483,5.3388000000e+06,2,1.1500624446e+11,9.2965829289e+10,1.7482250937e+07
1484,5.3424000000e+06,0,-1.5643072346e+08,-7.5852485312e+08,1.3545782178e+07
1484,5.3424000000e+06,1,1.1516709828e+11,9.2756091186e+10,7.1062696684e+06
1484,5.3424000000e+06,2,1.1493402419e+11,9.3046556832e+10,1.7167902803e+07
1485,5.3460000000e+06,0,-1.5639194234e+08,-7.5851049399e+08,1.3544977933e+07
1485,5.3460000000e+06,1,1.1509785863e+11,9.2839000084e+10,7.1047103853e+06
1485,5.3460000000e+06,2,1.1486176673e+11,9.3127206066e+10,1.6852547571e+07
1486,5.3496000000e+06,0,-1.5635316103e+08,-7.5849613470e+08,1.3544173688e+07
1486,5.3496000000e+06,1,1.1502855812e+11,9.2921860149e+10,7.1031664518e+06
1486,5.3496000000e+06,2,1.1478947239e+11,9.3207777199e+10,1.6536217829e+07
1487,5.3532000000e+06,0,-1.5631437954e+08,-7.5848177526e+08,1.3543369443e+07
1487,5.3532000000e+06,1,1.1495919679e+11,9.3004671334e+10,7.1016374692e+06
1487,5.3532000000e+06,2,1.1471714147e+11,9.3288270445e+10,1.6218946195e+07
1488,5.3568000000e+06,0,-1.5627559787e+08,-7.5846741568e+08,1.3542565198e+07
1488,5.3568000000e+06,1,1.1488977467e+11,9.3087433589e+10,7.1001230384e+06
1488,5.3568000000e+06,2,1.1464477427e+11,9.3368686019e+10,1.5900765319e+07
1489,5.3604000000e+06,0,-1.5623681601e+08,-7.5845305594e+08,1.3541760953e+07
1489,5.3604000000e+06,1,1.1482029178e+11,9.3170146867e+10,7.0986227600e+06
1489,5.3604000000e+06,2,1.1457237108e+11,9.3449024138e+10,1.5581707872e+07
1490,5.3640000000e+06,0,-1.5619803397e+08,-7.5843869606e+08,1.3540956708e+07
1490,5.3640000000e+06,1,1.1475074816e+11,9.3252811119e+10,7.0971362345e+06
1490,5.3640000000e+06,2,1.1449993222e+11,9.3529285022e+10,1.5261806547e+07
1491,5.3676000000e+06,0,-1.5615925174e+08,-7.5842433602e+08,1.3540152463e+07
1491,5.3676000000e+06,1,1.1468114384e+11,9.3335426297e+10,7.0956630622e+06
1491,5.3676000000e+06,2,1.1442745796e+11,9.3609468893e+10,1.4941094055e+07
1492,5.3712000000e+06,0,-1.5612046933e+08,-7.5840997584e+08,1.3539348218e+07
1492,5.3712000000e+06,1,1.1461147885e+11,9.3417992353e+10,7.0942028429e+06
1492,5.3712000000e+06,2,1.1435494859e+11,9.3689575975e+10,1.4619603118e+07
1493,5.3748000000e+06,0,-1.5608168674e+08,-7.5839561550e+08,1.3538543973e+07
1493,5.3748000000e+06,1,1.1454175322e+11,9.3500509238e+10,7.0927551767e+06
1493,5.3748000000e+06,2,1.1428240440e+11,9.3769606497e+10,1.4297366467e+07
1494,5.3784000000e+06,0,-1.5604290397e+08,-7.5838125501e+08,1.3537739727e+07
1494,5.3784000000e+06,1,1.1447196699e+11,9.3582976904e+10,7.0913196634e+06
1494,5.3784000000e+06,2,1.1420982568e+11,9.3849560686e+10,1.3974416838e+07
1495,5.3820000000e+06,0,-1.5600412101e+08,-7.5836689438e+08,1.3536935482e+07
1495,5.3820000000e+06,1,1.1440212019e+11,9.3665395302e+10,7.0898959029e+06
1495,5.3820000000e+06,2,1.1413721270e+11,9.3929438774e+10,1.3650786970e+07
1496,5.3856000000e+06,0,-1.5596533787e+08,-7.5835253359e+08,1.3536131237e+07
1496,5.3856000000e+06,1,1.1433221284e+11,9.3747764386e+10,7.0884834949e+06
1496,5.3856000000e+06,2,1.1406456573e+11,9.4009240995e+10,1.3326509598e+07
1497,5.3892000000e+06,0,-1.5592655454e+08,-7.5833817265e+08,1.3535326992e+07
1497,5.3892000000e+06,1,1.1426224498e+11,9.3830084105e+10,7.0870820396e+06
1497,5.3892000000e+06,2,1.1399188505e+11,9.4088967583e+10,1.3001617452e+07
1498,5.3928000000e+06,0,-1.5588777103e+08,-7.5832381156e+08,1.3534522747e+07
1498,5.3928000000e+06,1,1.1419221665e+11,9.3912354412e+10,7.0856911369e+06
1498,5.3928000000e+06,2,1.1391917094e+11,9.4168618778e+10,1.2676143251e+07
1499,5.3964000000e+06,0,-1.5584898734e+08,-7.5830945031e+08,1.3533718502e+07
1499,5.3964000000e+06,1,1.1412212787e+11,9.3994575258e+10,7.0843103870e+06
1499,5.3964000000e+06,2,1.1384642364e+11,9.4248194817e+10,1.2350119702e+07
1500,5.4000000000e+06,0,-1.5581020347e+08,-7.5829508892e+08,1.3532914257e+07
1500,5.4000000000e+06,1,1.1405197867e+11,9.4076746595e+10,7.0829393905e+06
1500,5.4000000000e+06,2,1.1377364344e+11,9.4327695943e+10,1.2023579494e+07
1501,5.4036000000e+06,0,-1.5577141942e+08,-7.5828072737e+08,1.3532110012e+07
1501,5.4036000000e+06,1,1.1398176910e+11,9.4158868375e+10,7.0815777479e+06
1501,5.4036000000e+06,2,1.1370083058e+11,9.4407122399e+10,1.1696555297e+07
1502,5.4072000000e+06,0,-1.5573263518e+08,-7.5826636568e+08,1.3531305767e+07
1502,5.4072000000e+06,1,1.1391149917e+11,9.4240940549e+10,7.0802250603e+06
1502,5.4072000000e+06,2,1.1362798532e+11,9.4486474432e+10,1.1369079755e+07
1503,5.4108000000e+06,0,-1.5569385076e+08,-7.5825200383e+08,1.3530501522e+07
1503,5.4108000000e+06,1,1.1384116893e+11,9.4322963070e+10,7.0788809290e+06
1503,5.4108000000e+06,2,1.1355510792e+11,9.4565752287e+10,1.1041185485e+07
1504,5.4144000000e+06,0,-1.5565506616e+08,-7.5823764183e+08,1.3529697276e+07
1504,5.4144000000e+06,1,1.1377077840e+11,9.4404935888e+10,7.0775449556e+06
1504,5.4144000000e+06,2,1.1348219863e+11,9.4644956215e+10,1.0712905074e+07
1505,5.4180000000e+06,0,-1.5561628137e+08,-7.5822327967e+08,1.3528893031e+07
1505,5.4180000000e+06,1,1.1370032763e+11,9.4486858955e+10,7.0762167424e+06
1505,5.4180000000e+06,2,1.1340925768e+11,9.4724086466e+10,1.0384271073e+07
1506,5.4216000000e+06,0,-1.5557749640e+08,-7.5820891737e+08,1.3528088786e+07
1506,5.4216000000e+06,1,1.1362981663e+11,9.4568732224e+10,7.0748958918e+06
1506,5.4216000000e+06,2,1.1333628534e+11,9.4803143294e+10,1.0055315995e+07
1507,5.4252000000e+06,0,-1.5553871126e+08,-7.5819455491e+08,1.3527284541e+07
1507,5.4252000000e+06,1,1.1355924545e+11,9.4650555645e+10,7.0735820070e+06
1507,5.4252000000e+06,2,1.1326328182e+11,9.4882126952e+10,9.7260723125e+06
1508,5.4288000000e+06,0,-1.5549992593e+08,-7.5818019230e+08,1.3526480296e+07
1508,5.4288000000e+06,1,1.1348861411e+11,9.4732329171e+10,7.0722746917e+06
1508,5.4288000000e+06,2,1.1319024738e+11,9.4961037697e+10,9.3965724533e+06
1509,5.4324000000e+06,0,-1.5546114041e+08,-7.5816582954e+08,1.3525676050e+07
1509,5.4324000000e+06,1,1.1341792265e+11,9.4814052753e+10,7.0709735500e+06
1509,5.4324000000e+06,2,1.1311718224e+11,9.5039875786e+10,9.0668487964e+06
1510,5.4360000000e+06,0,-1.5542235472e+08,-7.5815146662e+08,1.3524871805e+07
1510,5.4360000000e+06,1,1.1334717111e+11,9.4895726343e+10,7.0696781869e+06
1510,5.4360000000e+06,2,1.1304408663e+11,9.5118641479e+10,8.7369336697e+06
1511,5.4396000000e+06,0,-1.5538356884e+08,-7.5813710355e+08,1.3524067560e+07
1511,5.4396000000e+06,1,1.1327635950e+11,9.4977349892e+10,7.0683882078e+06
1511,5.4396000000e+06,2,1.1297096078e+11,9.5197335037e+10,8.4068593466e+06
1512,5.4432000000e+06,0,-1.5534478279e+08,-7.5812274033e+08,1.3523263315e+07
1512,5.4432000000e+06,1,1.1320548788e+11,9.5058923352e+10,7.0671032191e+06
1512,5.4432000000e+06,2,1.1289780491e+11,9.5275956722e+10,8.0766580424e+06
1513,5.4468000000e+06,0,-1.5530599655e+08,-7.5810837695e+08,1.3522459069e+07
1513,5.4468000000e+06,1,1.1313455627e+11,9.5140446676e+10,7.0658228277e+06
1513,5.4468000000e+06,2,1.1282461925e+11,9.5354506799e+10,7.7463619114e+06
1514,5.4504000000e+06,0,-1.5526721013e+08,-7.5809401342e+08,1.3521654824e+07
1514,5.4504000000e+06,1,1.1306356470e+11,9.5221919814e+10,7.0645466413e+06
1514,5.4504000000e+06,2,1.1275140399e+11,9.5432985531e+10,7.4160030436e+06
1515,5.4540000000e+06,0,-1.5522842353e+08,-7.5807964974e+08,1.3520850579e+07
1515,5.4540000000e+06,1,1.1299251321e+11,9.5303342718e+10,7.0632742688e+06
1515,5.4540000000e+06,2,1.1267815937e+11,9.5511393187e+10,7.0856134616e+06
1516,5.4576000000e+06,0,-1.5518963675e+08,-7.5806528591e+08,1.3520046334e+07
1516,5.4576000000e+06,1,1.1292140183e+11,9.5384715341e+10,7.0620053194e+06
1516,5.4576000000e+06,2,1.1260488559e+11,9.5589730035e+10,6.7552251174e+06
1517,5.4612000000e+06,0,-1.5515084979e+08,-7.5805092192e+08,1.3519242088e+07
1517,5.4612000000e+06,1,1.1285023060e+11,9.5466037634e+10,7.0607394036e+06
1517,5.4612000000e+06,2,1.1253158285e+11,9.5667996343e+10,6.4248698895e+06
1518,5.4648000000e+06,0,-1.5511206265e+08,-7.5803655777e+08,1.3518437843e+07
1518,5.4648000000e+06,1,1.1277899954e+11,9.5547309548e+10,7.0594761327e+06
1518,5.4648000000e+06,2,1.1245825136e+11,9.5746192382e+10,6.0945795796e+06
1519,5.4684000000e+06,0,-1.5507327532e+08,-7.5802219348e+08,1.3517633598e+07
1519,5.4684000000e+06,1,1.1270770870e+11,9.5628531035e+10,7.0582151191e+06
1519,5.4684000000e+06,2,1.1238489131e+11,9.5824318425e+10,5.7643859097e+06
1520,5.4720000000e+06,0,-1.5503448782e+08,-7.5800782902e+08,1.3516829352e+07
1520,5.4720000000e+06,1,1.1263635810e+11,9.5709702048e+10,7.0569559760e+06
1520,5.4720000000e+06,2,1.1231150291e+11,9.5902374745e+10,5.4343205191e+06
1521,5.4756000000e+06,0,-1.5499570014e+08,-7.5799346442e+08,1.3516025107e+07
1521,5.4756000000e+06,1,1.1256494778e+11,9.5790822537e+10,7.0556983178e+06
1521,5.4756000000e+06,2,1.1223808634e+11,9.5980361616e+10,5.1044149617e+06
1522,5.4792000000e+06,0,-1.5495691227e+08,-7.5797909966e+08,1.3515220862e+07
1522,5.4792000000e+06,1,1.1249347777e+11,9.5871892456e+10,7.0544417601e+06
1522,5.4792000000e+06,2,1.1216464179e+11,9.6058279313e+10,4.7747007023e+06
1523,5.4828000000e+06,0,-1.5491812423e+08,-7.5796473474e+08,1.3514416616e+07
1523,5.4828000000e+06,1,1.1242194811e+11,9.5952911755e+10,7.0531859193e+06
1523,5.4828000000e+06,2,1.1209116944e+11,9.6136128113e+10,4.4452091148e+06
1524,5.4864000000e+06,0,-1.5487933600e+08,-7.5795036967e+08,1.3513612371e+07
1524,5.4864000000e+06,1,1.1235035882e+11,9.6033880386e+10,7.0519304132e+06
1524,5.4864000000e+06,2,1.1201766949e+11,9.6213908295e+10,4.1159714782e+06
1525,5.4900000000e+06,0,-1.5484054760e+08,-7.5793600445e+08,1.3512808126e+07
1525,5.4900000000e+06,1,1.1227870996e+11,9.6114798301e+10,7.0506748607e+06
1525,5.4900000000e+06,2,1.1194414211e+11,9.6291620135e+10,3.7870189747e+06
1526,5.4936000000e+06,0,-1.5480175901e+08,-7.5792163907e+08,1.3512003880e+07
1526,5.4936000000e+06,1,1.1220700154e+11,9.6195665453e+10,7.0494188821e+06
1526,5.4936000000e+06,2,1.1187058746e+11,9.6369263915e+10,3.4583826862e+06
1527,5.4972000000e+06,0,-1.5476297025e+08,-7.5790727353e+08,1.3511199635e+07
1527,5.4972000000e+06,1,1.1213523361e+11,9.6276481792e+10,7.0481620988e+06
1527,5.4972000000e+06,2,1.1179700574e+11,9.6446839914e+10,3.1300935920e+06
1528,5.5008000000e+06,0,-1.5472418130e+08,-7.5789290784e+08,1.3510395389e+07
1528,5.5008000000e+06,1,1.1206340619e+11,9.6357247271e+10,7.0469041335e+06
1528,5.5008000000e+06,2,1.1172339709e+11,9.6524348415e+10,2.8021825657e+06
1529,5.5044000000e+06,0,-1.5468539218e+08,-7.5787854200e+08,1.3509591144e+07
1529,5.5044000000e+06,1,1.1199151933e+11,9.6437961841e+10,7.0456446102e+06
1529,5.5044000000e+06,2,1.1164976169e+11,9.6601789700e+10,2.4746803728e+06
1530,5.5080000000e+06,0,-1.5464660288e+08,-7.5786417600e+08,1.3508786899e+07
1530,5.5080000000e+06,1,1.1191957305e+11,9.6518625455e+10,7.0443831543e+06
1530,5.5080000000e+06,2,1.1157609971e+11,9.6679164051e+10,2.1476176677e+06
1531,5.5116000000e+06,0,-1.5460781339e+08,-7.5784980984e+08,1.3507982653e+07
1531,5.5116000000e+06,1,1.1184756739e+11,9.6599238065e+10,7.0431193928e+06
1531,5.5116000000e+06,2,1.1150241129e+11,9.6756471754e+10,1.8210249912e+06
1532,5.5152000000e+06,0,-1.5456902373e+08,-7.5783544353e+08,1.3507178408e+07
1532,5.5152000000e+06,1,1.1177550239e+11,9.6679799622e+10,7.0418529538e+06
1532,5.5152000000e+06,2,1.1142869659e+11,9.6833713092e+10,1.4949327679e+06
1533,5.5188000000e+06,0,-1.5453023389e+08,-7.5782107706e+08,1.3506374162e+07
1533,5.5188000000e+06,1,1.1170337807e+11,9.6760310078e+10,7.0405834670e+06
1533,5.5188000000e+06,2,1.1135495576e+11,9.6910888352e+10,1.1693713034e+06
1534,5.5224000000e+06,0,-1.5449144387e+08,-7.5780671044e+08,1.3505569917e+07
1534,5.5224000000e+06,1,1.1163119448e+11,9.6840769385e+10,7.0393105637e+06
1534,5.5224000000e+06,2,1.1128118895e+11,9.6987997819e+10,8.4437078192e+05
1535,5.5260000000e+06,0,-1.5445265367e+08,-7.5779234365e+08,1.3504765671e+07
1535,5.5260000000e+06,1,1.1155895166e+11,9.6921177496e+10,7.0380338765e+06
1535,5.5260000000e+06,2,1.1120739631e+11,9.7065041781e+10,5.1996126379e+05
1536,5.5296000000e+06,0,-1.5441386330e+08,-7.5777797672e+08,1.3503961426e+07
1536,5.5296000000e+06,1,1.1148664962e+11,9.7001534362e+10,7.0367530398e+06
1536,5.5296000000e+06,2,1.1113357798e+11,9.7142020525e+10,1.9617268274e+05
1537,5.5332000000e+06,0,-1.5437507274e+08,-7.5776360962e+08,1.3503157180e+07
1537,5.5332000000e+06,1,1.1141428842e+11,9.7081839935e+10,7.0354676894e+06
1537,5.5332000000e+06,2,1.1105973409e+11,9.7218934340e+10,-1.2696515648e+05
1538,5.5368000000e+06,0,-1.5433628201e+08,-7.5774924237e+08,1.3502352935e+07
1538,5.5368000000e+06,1,1.1134186807e+11,9.7162094167e+10,7.0341774628e+06
1538,5.5368000000e+06,2,1.1098586477e+11,9.7295783513e+10,-4.4942258057e+05
1539,5.5404000000e+06,0,-1.5429749109e+08,-7.5773487497e+08,1.3501548689e+07
1539,5.5404000000e+06,1,1.1126938863e+11,9.7242297011e+10,7.0328819991e+06
1539,5.5404000000e+06,2,1.1091197017e+11,9.7372568335e+10,-7.7117005011e+05
1540,5.5440000000e+06,0,-1.5425870000e+08,-7.5772050740e+08,1.3500744444e+07
1540,5.5440000000e+06,1,1.1119685013e+11,9.7322448418e+10,7.0315809391e+06
1540,5.5440000000e+06,2,1.1083805040e+11,9.7449289095e+10,-1.0921781620e+06
1541,5.5476000000e+06,0,-1.5421990873e+08,-7.5770613968e+08,1.3499940198e+07
1541,5.5476000000e+06,1,1.1112425259e+11,9.7402548340e+10,7.0302739253e+06
1541,5.5476000000e+06,2,1.1076410559e+11,9.7525946083e+10,-1.4124176517e+06
1542,5.5512000000e+06,0,-1.5418111729e+08,-7.5769177181e+08,1.3499135953e+07
1542,5.5512000000e+06,1,1.1105159606e+11,9.7482596730e+10,7.0289606020e+06
1542,5.5512000000e+06,2,1.1069013587e+11,9.7602539590e+10,-1.7318593957e+06
1543,5.5548000000e+06,0,-1.5414232566e+08,-7.5767740377e+08,1.3498331707e+07
1543,5.5548000000e+06,1,1.1097888057e+11,9.7562593540e+10,7.0276406151e+06
1543,5.5548000000e+06,2,1.1061614134e+11,9.7679069906e+10,-2.0504744141e+06
1544,5.5584000000e+06,0,-1.5410353386e+08,-7.5766303558e+08,1.3497527461e+07
1544,5.5584000000e+06,1,1.1090610615e+11,9.7642538722e+10,7.0263136124e+06
1544,5.5584000000e+06,2,1.1054212212e+11,9.7755537324e+10,-2.3682338721e+06
1545,5.5620000000e+06,0,-1.5406474188e+08,-7.5764866723e+08,1.3496723216e+07
1545,5.5620000000e+06,1,1.1083327285e+11,9.7722432227e+10,7.0249792436e+06
1545,5.5620000000e+06,2,1.1046807832e+11,9.7831942134e+10,-2.6851090831e+06
1546,5.5656000000e+06,0,-1.5402594972e+08,-7.5763429872e+08,1.3495918970e+07
1546,5.5656000000e+06,1,1.1076038070e+11,9.7802274009e+10,7.0236371601e+06
1546,5.5656000000e+06,2,1.1039401006e+11,9.7908284629e+10,-3.0010715107e+06
1547,5.5692000000e+06,0,-1.5398715738e+08,-7.5761993006e+08,1.3495114725e+07
1547,5.5692000000e+06,1,1.1068742972e+11,9.7882064019e+10,7.0222870151e+06
1547,5.5692000000e+06,2,1.1031991742e+11,9.7984565101e+10,-3.3160927705e+06
1548,5.5728000000e+06,0,-1.5394836487e+08,-7.5760556123e+08,1.3494310479e+07
1548,5.5728000000e+06,1,1.1061441997e+11,9.7961802210e+10,7.0209284640e+06
1548,5.5728000000e+06,2,1.1024580053e+11,9.8060783842e+10,-3.6301446329e+06
1549,5.5764000000e+06,0,-1.5390957218e+08,-7.5759119225e+08,1.3493506233e+07
1549,5.5764000000e+06,1,1.1054135147e+11,9.8041488534e+10,7.0195611639e+06
1549,5.5764000000e+06,2,1.1017165946e+11,9.8136941145e+10,-3.9431990246e+06
1550,5.5800000000e+06,0,-1.5387077931e+08,-7.5757682311e+08,1.3492701988e+07
1550,5.5800000000e+06,1,1.1046822427e+11,9.8121122943e+10,7.0181847738e+06
1550,5.5800000000e+06,2,1.1009749432e+11,9.8213037303e+10,-4.2552280314e+06
1551,5.5836000000e+06,0,-1.5383198626e+08,-7.5756245382e+08,1.3491897742e+07
1551,5.5836000000e+06,1,1.1039503839e+11,9.8200705390e+10,7.0167989548e+06
1551,5.5836000000e+06,2,1.1002330519e+11,9.8289072608e+10,-4.5662038998e+06
1552,5.5872000000e+06,0,-1.5379319304e+08,-7.5754808436e+08,1.3491093496e+07
1552,5.5872000000e+06,1,1.1032179387e+11,9.8280235827e+10,7.0154033701e+06
1552,5.5872000000e+06,2,1.0994909217e+11,9.8365047354e+10,-4.8760990391e+06
1553,5.5908000000e+06,0,-1.5375439964e+08,-7.5753371475e+08,1.3490289251e+07
1553,5.5908000000e+06,1,1.1024849075e+11,9.8359714206e+10,7.0139976847e+06
1553,5.5908000000e+06,2,1.0987485533e+11,9.8440961833e+10,-5.1848860239e+06
1554,5.5944000000e+06,0,-1.5371560606e+08,-7.5751934497e+08,1.3489485005e+07
1554,5.5944000000e+06,1,1.1017512907e+11,9.8439140479e+10,7.0125815657e+06
1554,5.5944000000e+06,2,1.0980059476e+11,9.8516816339e+10,-5.4925375955e+06
1555,5.5980000000e+06,0,-1.5367681231e+08,-7.5750497504e+08,1.3488680759e+07
1555,5.5980000000e+06,1,1.1010170886e+11,9.8518514599e+10,7.0111546824e+06
1555,5.5980000000e+06,2,1.0972631053e+11,9.8592611164e+10,-5.7990266642e+06
1556,5.6016000000e+06,0,-1.5363801838e+08,-7.5749060495e+08,1.3487876514e+07
1556,5.6016000000e+06,1,1.1002823015e+11,9.8597836519e+10,7.0097167062e+06
1556,5.6016000000e+06,2,1.0965200273e+11,9.8668346602e+10,-6.1043263112e+06
1557,5.6052000000e+06,0,-1.5359922428e+08,-7.5747623470e+08,1.3487072268e+07
1557,5.6052000000e+06,1,1.0995469300e+11,9.8677106191e+10,7.0082673104e+06
1557,5.6052000000e+06,2,1.0957767141e+11,9.8744022946e+10,-6.4084097907e+06
1558,5.6088000000e+06,0,-1.5356042999e+08,-7.5746186429e+08,1.3486268022e+07
1558,5.6088000000e+06,1,1.0988109742e+11,9.8756323567e+10,7.0068061708e+06
1558,5.6088000000e+06,2,1.0950331665e+11,9.8819640488e+10,-6.7112505316e+06
1559,5.6124000000e+06,0,-1.5352163553e+08,-7.5744749372e+08,1.3485463777e+07
1559,5.6124000000e+06,1,1.0980744346e+11,9.8835488601e+10,7.0053329650e+06
1559,5.6124000000e+06,2,1.0942893851e+11,9.8895199521e+10,-7.0128221393e+06
1560,5.6160000000e+06,0,-1.5348284090e+08,-7.5743312299e+08,1.3484659531e+07
1560,5.6160000000e+06,1,1.0973373116e+11,9.8914601243e+10,7.0038473731e+06
1560,5.6160000000e+06,2,1.0935453705e+11,9.8970700338e+10,-7.3130983979e+06
1561,5.6196000000e+06,0,-1.5344404609e+08,-7.5741875210e+08,1.3483855285e+07
1561,5.6196000000e+06,1,1.0965996054e+11,9.8993661448e+10,7.0023490771e+06
1561,5.6196000000e+06,2,1.0928011234e+11,9.9046143230e+10,-7.6120532715e+06
1562,5.6232000000e+06,0,-1.5340525110e+08,-7.5740438106e+08,1.3483051039e+07
1562,5.6232000000e+06,1,1.0958613166e+11,9.9072669167e+10,7.0008377616e+06
1562,5.6232000000e+06,2,1.0920566441e+11,9.9121528491e+10,-7.9096609066e+06
1563,5.6268000000e+06,0,-1.5336645594e+08,-7.5739000985e+08,1.3482246793e+07
1563,5.6268000000e+06,1,1.0951224454e+11,9.9151624354e+10,6.9993131133e+06
1563,5.6268000000e+06,2,1.0913119334e+11,9.9196856412e+10,-8.2058956335e+06
1564,5.6304000000e+06,0,-1.5332766060e+08,-7.5737563848e+08,1.3481442548e+07
1564,5.6304000000e+06,1,1.0943829922e+11,9.9230526961e+10,6.9977748210e+06
1564,5.6304000000e+06,2,1.0905669915e+11,9.9272127284e+10,-8.5007319679e+06
1565,5.6340000000e+06,0,-1.5328886509e+08,-7.5736126695e+08,1.3480638302e+07
1565,5.6340000000e+06,1,1.0936429574e+11,9.9309376940e+10,6.9962225761e+06
1565,5.6340000000e+06,2,1.0898218191e+11,9.9347341399e+10,-8.7941446131e+06
1566,5.6376000000e+06,0,-1.5325006940e+08,-7.5734689526e+08,1.3479834056e+07
1566,5.6376000000e+06,1,1.0929023414e+11,9.9388174245e+10,6.9946560721e+06
1566,5.6376000000e+06,2,1.0890764164e+11,9.9422499048e+10,-9.0861084614e+06
1567,5.6412000000e+06,0,-1.5321127354e+08,-7.5733252341e+08,1.3479029810e+07
1567,5.6412000000e+06,1,1.0921611445e+11,9.9466918828e+10,6.9930750051e+06
1567,5.6412000000e+06,2,1.0883307840e+11,9.9497600521e+10,-9.3765985956e+06
1568,5.6448000000e+06,0,-1.5317247750e+08,-7.5731815141e+08,1.3478225564e+07
1568,5.6448000000e+06,1,1.0914193671e+11,9.9545610641e+10,6.9914790732e+06
1568,5.6448000000e+06,2,1.0875849221e+11,9.9572646109e+10,-9.6655902909e+06
1569,5.6484000000e+06,0,-1.5313368128e+08,-7.5730377924e+08,1.3477421319e+07
1569,5.6484000000e+06,1,1.0906770096e+11,9.9624249639e+10,6.9898679771e+06
1569,5.6484000000e+06,2,1.0868388311e+11,9.9647636100e+10,-9.9530590165e+06
1570,5.6520000000e+06,0,-1.5309488489e+08,-7.5728940690e+08,1.3476617073e+07
1570,5.6520000000e+06,1,1.0899340724e+11,9.9702835773e+10,6.9882414201e+06
1570,5.6520000000e+06,2,1.0860925112e+11,9.9722570786e+10,-1.0238980437e+07
1571,5.6556000000e+06,0,-1.5305608833e+08,-7.5727503441e+08,1.3475812827e+07
1571,5.6556000000e+06,1,1.0891905558e+11,9.9781368996e+10,6.9865991074e+06
1571,5.6556000000e+06,2,1.0853459628e+11,9.9797450453e+10,-1.0523330414e+07
1572,5.6592000000e+06,0,-1.5301729159e+08,-7.5726066176e+08,1.3475008581e+07
1572,5.6592000000e+06,1,1.0884464601e+11,9.9859849262e+10,6.9849407472e+06
1572,5.6592000000e+06,2,1.0845991860e+11,9.9872275391e+10,-1.0806085009e+07
1573,5.6628000000e+06,0,-1.5297849468e+08,-7.5724628895e+08,1.3474204335e+07
1573,5.6628000000e+06,1,1.0877017859e+11,9.9938276523e+10,6.9832660498e+06
1573,5.6628000000e+06,2,1.0838521810e+11,9.9947045887e+10,-1.1087220481e+07
1574,5.6664000000e+06,0,-1.5293969759e+08,-7.5723191597e+08,1.3473400089e+07
1574,5.6664000000e+06,1,1.0869565334e+11,1.0001665073e+11,6.9815747281e+06
1574,5.6664000000e+06,2,1.0831049481e+11,1.0002176223e+11,-1.1366713292e+07
1575,5.6700000000e+06,0,-1.5290090033e+08,-7.5721754283e+08,1.3472595843e+07
1575,5.6700000000e+06,1,1.0862107031e+11,1.0009497184e+11,6.9798664975e+06
1575,5.6700000000e+06,2,1.0823574873e+11,1.0009642470e+11,-1.1644540108e+07
1576,5.6736000000e+06,0,-1.5286210289e+08,-7.5720316954e+08,1.3471791597e+07
1576,5.6736000000e+06,1,1.0854642953e+11,1.0017323981e+11,6.9781410758e+06
1576,5.6736000000e+06,2,1.0816097988e+11,1.0017103359e+11,-1.1920677798e+07
1577,5.6772000000e+06,0,-1.5282330528e+08,-7.5718879608e+08,1.3470987351e+07
1577,5.6772000000e+06,1,1.0847173104e+11,1.0025145458e+11,6.9763981836e+06
1577,5.6772000000e+06,2,1.0808618826e+11,1.0024558918e+11,-1.2195103437e+07
1578,5.6808000000e+06,0,-1.5278450749e+08,-7.5717442245e+08,1.3470183106e+07
1578,5.6808000000e+06,1,1.0839697488e+11,1.0032961611e+11,6.9746375437e+06
1578,5.6808000000e+06,2,1.0801137388e+11,1.0032009177e+11,-1.2467794309e+07
1579,5.6844000000e+06,0,-1.5274570954e+08,-7.5716004867e+08,1.3469378860e+07
1579,5.6844000000e+06,1,1.0832216108e+11,1.0040772436e+11,6.9728588818e+06
1579,5.6844000000e+06,2,1.0793653674e+11,1.0039454162e+11,-1.2738727904e+07
1580,5.6880000000e+06,0,-1.5270691140e+08,-7.5714567472e+08,1.3468574614e+07
1580,5.6880000000e+06,1,1.0824728968e+11,1.0048577927e+11,6.9710619258e+06
1580,5.6880000000e+06,2,1.0786167684e+11,1.0046893903e+11,-1.3007881923e+07
1581,5.6916000000e+06,0,-1.5266811310e+08,-7.5713130062e+08,1.3467770368e+07
1581,5.6916000000e+06,1,1.0817236073e+11,1.0056378081e+11,6.9692464066e+06
1581,5.6916000000e+06,2,1.0778679417e+11,1.0054328427e+11,-1.3275234279e+07
1582,5.6952000000e+06,0,-1.5262931462e+08,-7.5711692634e+08,1.3466966122e+07
1582,5.6952000000e+06,1,1.0809737426e+11,1.0064172892e+11,6.9674120575e+06
1582,5.6952000000e+06,2,1.0771188873e+11,1.0061757763e+11,-1.3540763097e+07
1583,5.6988000000e+06,0,-1.5259051596e+08,-7.5710255191e+08,1.3466161876e+07
1583,5.6988000000e+06,1,1.0802233030e+11,1.0071962355e+11,6.9655586143e+06
1583,5.6988000000e+06,2,1.0763696050e+11,1.0069181939e+11,-1.3804446715e+07
1584,5.7024000000e+06,0,-1.5255171714e+08,-7.5708817732e+08,1.3465357630e+07
1584,5.7024000000e+06,1,1.0794722891e+11,1.0079746466e+11,6.9636858158e+06
1584,5.7024000000e+06,2,1.0756200947e+11,1.0076600983e+11,-1.4066263686e+07
1585,5.7060000000e+06,0,-1.5251291814e+08,-7.5707380256e+08,1.3464553384e+07
1585,5.7060000000e+06,1,1.0787207011e+11,1.0087525221e+11,6.9617934031e+06
1585,5.7060000000e+06,2,1.0748703564e+11,1.0084014923e+11,-1.4326192780e+07
1586,5.7096000000e+06,0,-1.5247411896e+08,-7.5705942764e+08,1.3463749138e+07
1586,5.7096000000e+06,1,1.0779685394e+11,1.0095298614e+11,6.9598811202e+06
1586,5.7096000000e+06,2,1.0741203897e+11,1.0091423786e+11,-1.4584212983e+07
1587,5.7132000000e+06,0,-1.5243531962e+08,-7.5704505255e+08,1.3462944892e+07
1587,5.7132000000e+06,1,1.0772158045e+11,1.0103066642e+11,6.9579487137e+06
1587,5.7132000000e+06,2,1.0733701944e+11,1.0098827601e+11,-1.4840303502e+07
1588,5.7168000000e+06,0,-1.5239652010e+08,-7.5703067730e+08,1.3462140646e+07
1588,5.7168000000e+06,1,1.0764624966e+11,1.0110829299e+11,6.9559959328e+06
1588,5.7168000000e+06,2,1.0726197704e+11,1.0106226395e+11,-1.5094443760e+07
1589,5.7204000000e+06,0,-1.5235772040e+08,-7.5701630189e+08,1.3461336400e+07
1589,5.7204000000e+06,1,1.0757086163e+11,1.0118586580e+11,6.9540225297e+06
1589,5.7204000000e+06,2,1.0718691172e+11,1.0113620195e+11,-1.5346613403e+07
1590,5.7240000000e+06,0,-1.5231892054e+08,-7.5700192632e+08,1.3460532153e+07
1590,5.7240000000e+06,1,1.0749541639e+11,1.0126338482e+11,6.9520282589e+06
1590,5.7240000000e+06,2,1.0711182347e+11,1.0121009029e+11,-1.5596792298e+07
1591,5.7276000000e+06,0,-1.5228012050e+08,-7.5698755058e+08,1.3459727907e+07
1591,5.7276000000e+06,1,1.0741991397e+11,1.0134084999e+11,6.9500128781e+06
1591,5.7276000000e+06,2,1.0703671225e+11,1.0128392924e+11,-1.5844960534e+07
1592,5.7312000000e+06,0,-1.5224132029e+08,-7.5697317468e+08,1.3458923661e+07
1592,5.7312000000e+06,1,1.0734435443e+11,1.0141826127e+11,6.9479761474e+06
1592,5.7312000000e+06,2,1.0696157802e+11,1.0135771908e+11,-1.6091098426e+07
1593,5.7348000000e+06,0,-1.5220251991e+08,-7.5695879861e+08,1.3458119415e+07
1593,5.7348000000e+06,1,1.0726873778e+11,1.0149561861e+11,6.9459178299e+06
1593,5.7348000000e+06,2,1.0688642074e+11,1.0143146007e+11,-1.6335186511e+07
1594,5.7384000000e+06,0,-1.5216371936e+08,-7.5694442238e+08,1.3457315169e+07
1594,5.7384000000e+06,1,1.0719306409e+11,1.0157292196e+11,6.9438376912e+06
1594,5.7384000000e+06,2,1.0681124038e+11,1.0150515249e+11,-1.6577205553e+07
1595,5.7420000000e+06,0,-1.5212491863e+08,-7.5693004599e+08,1.3456510923e+07
1595,5.7420000000e+06,1,1.0711733337e+11,1.0165017129e+11,6.9417354999e+06
1595,5.7420000000e+06,2,1.0673603688e+11,1.0157879661e+11,-1.6817136543e+07
1596,5.7456000000e+06,0,-1.5208611773e+08,-7.5691566943e+08,1.3455706677e+07
1596,5.7456000000e+06,1,1.0704154568e+11,1.0172736653e+11,6.9396110274e+06
1596,5.7456000000e+06,2,1.0666081020e+11,1.0165239268e+11,-1.7054960697e+07
1597,5.7492000000e+06,0,-1.5204731666e+08,-7.5690129271e+08,1.3454902431e+07
1597,5.7492000000e+06,1,1.0696570106e+11,1.0180450766e+11,6.9374640479e+06
1597,5.7492000000e+06,2,1.0658556029e+11,1.0172594099e+11,-1.7290659464e+07
1598,5.7528000000e+06,0,-1.5200851542e+08,-7.5688691582e+08,1.3454098185e+07
1598,5.7528000000e+06,1,1.0688979954e+11,1.0188159461e+11,6.9352943382e+06
1598,5.7528000000e+06,2,1.0651028709e+11,1.0179944179e+11,-1.7524214517e+07
1599,5.7564000000e+06,0,-1.5196971401e+08,-7.5687253877e+08,1.3453293938e+07
1599,5.7564000000e+06,1,1.0681384115e+11,1.0195862735e+11,6.9331016783e+06
1599,5.7564000000e+06,2,1.0643499056e+11,1.0187289535e+11,-1.7755607762e+07
1600,5.7600000000e+06,0,-1.5193091242e+08,-7.5685816156e+08,1.3452489692e+07
1600,5.7600000000e+06,1,1.0673782595e+11,1.0203560583e+11,6.9308858506e+06
1600,5.7600000000e+06,2,1.0635967063e+11,1.0194630193e+11,-1.7984821337e+07
1601,5.7636000000e+06,0,-1.5189211066e+08,-7.5684378418e+08,1.3451685446e+07
1601,5.7636000000e+06,1,1.0666175397e+11,1.0211253000e+11,6.9286466408e+06
1601,5.7636000000e+06,2,1.0628432723e+11,1.0201966179e+11,-1.8211837607e+07
1602,5.7672000000e+06,0,-1.5185330874e+08,-7.5682940663e+08,1.3450881200e+07
1602,5.7672000000e+06,1,1.0658562525e+11,1.0218939982e+11,6.9263838371e+06
1602,5.7672000000e+06,2,1.0620896032e+11,1.0209297520e+11,-1.8436639175e+07
1603,5.7708000000e+06,0,-1.5181450664e+08,-7.5681502892e+08,1.3450076954e+07
1603,5.7708000000e+06,1,1.0650943983e+11,1.0226621524e+11,6.9240972307e+06
1603,5.7708000000e+06,2,1.0613356982e+11,1.0216624242e+11,-1.8659208873e+07
1604,5.7744000000e+06,0,-1.5177570437e+08,-7.5680065104e+08,1.3449272707e+07
1604,5.7744000000e+06,1,1.0643319775e+11,1.0234297621e+11,6.9217866157e+06
1604,5.7744000000e+06,2,1.0605815567e+11,1.0223946369e+11,-1.8879529769e+07
1605,5.7780000000e+06,0,-1.5173690193e+08,-7.5678627300e+08,1.3448468461e+07
1605,5.7780000000e+06,1,1.0635689905e+11,1.0241968269e+11,6.9194517891e+06
1605,5.7780000000e+06,2,1.0598271778e+11,1.0231263928e+11,-1.9097585164e+07
1606,5.7816000000e+06,0,-1.5169809931e+08,-7.5677189480e+08,1.3447664215e+07
1606,5.7816000000e+06,1,1.0628054377e+11,1.0249633464e+11,6.9170925508e+06
1606,5.7816000000e+06,2,1.0590725609e+11,1.0238576945e+11,-1.9313358594e+07
1607,5.7852000000e+06,0,-1.5165929653e+08,-7.5675751642e+08,1.3446859969e+07
1607,5.7852000000e+06,1,1.0620413195e+11,1.0257293200e+11,6.9147087034e+06
1607,5.7852000000e+06,2,1.0583177053e+11,1.0245885444e+11,-1.9526833833e+07
1608,5.7888000000e+06,0,-1.5162049358e+08,-7.5674313789e+08,1.3446055722e+07
1608,5.7888000000e+06,1,1.0612766363e+11,1.0264947474e+11,6.9123000526e+06
1608,5.7888000000e+06,2,1.0575626101e+11,1.0253189451e+11,-1.9737994889e+07
1609,5.7924000000e+06,0,-1.5158169045e+08,-7.5672875918e+08,1.3445251476e+07
1609,5.7924000000e+06,1,1.0605113885e+11,1.0272596280e+11,6.9098664070e+06
1609,5.7924000000e+06,2,1.0568072745e+11,1.0260488991e+11,-1.9946826009e+07
1610,5.7960000000e+06,0,-1.5154288716e+08,-7.5671438031e+08,1.3444447230e+07
1610,5.7960000000e+06,1,1.0597455765e+11,1.0280239614e+11,6.9074075780e+06
1610,5.7960000000e+06,2,1.0560516977e+11,1.0267784089e+11,-2.0153311674e+07
1611,5.7996000000e+06,0,-1.5150408370e+08,-7.5670000128e+08,1.3443642983e+07
1611,5.7996000000e+06,1,1.0589792007e+11,1.0287877472e+11,6.9049233801e+06
1611,5.7996000000e+06,2,1.0552958787e+11,1.0275074770e+11,-2.0357436606e+07
1612,5.8032000000e+06,0,-1.5146528006e+08,-7.5668562207e+08,1.3442838737e+07
1612,5.8032000000e+06,1,1.0582122615e+11,1.0295509849e+11,6.9024136305e+06
1612,5.8032000000e+06,2,1.0545398169e+11,1.0282361058e+11,-2.0559185765e+07
1613,5.8068000000e+06,0,-1.5142647626e+08,-7.5667124270e+08,1.3442034491e+07
1613,5.8068000000e+06,1,1.0574447593e+11,1.0303136740e+11,6.8998781497e+06
1613,5.8068000000e+06,2,1.0537835111e+11,1.0289642978e+11,-2.0758544349e+07
1614,5.8104000000e+06,0,-1.5138767228e+08,-7.5665686317e+08,1.3441230245e+07
1614,5.8104000000e+06,1,1.0566766946e+11,1.0310758141e+11,6.8973167607e+06
1614,5.8104000000e+06,2,1.0530269605e+11,1.0296920554e+11,-2.0955497796e+07
1615,5.8140000000e+06,0,-1.5134886814e+08,-7.5664248347e+08,1.3440425998e+07
1615,5.8140000000e+06,1,1.0559080676e+11,1.0318374047e+11,6.8947292898e+06
1615,5.8140000000e+06,2,1.0522701641e+11,1.0304193811e+11,-2.1150031783e+07
1616,5.8176000000e+06,0,-1.5131006383e+08,-7.5662810360e+08,1.3439621752e+07
1616,5.8176000000e+06,1,1.0551388789e+11,1.0325984454e+11,6.8921155660e+06
1616,5.8176000000e+06,2,1.0515131209e+11,1.0311462773e+11,-2.1342132229e+07
1617,5.8212000000e+06,0,-1.5127125934e+08,-7.5661372356e+08,1.3438817505e+07
1617,5.8212000000e+06,1,1.0543691287e+11,1.0333589358e+11,6.8894754214e+06
1617,5.8212000000e+06,2,1.0507558300e+11,1.0318727462e+11,-2.1531785292e+07
1618,5.8248000000e+06,0,-1.5123245469e+08,-7.5659934336e+08,1.3438013259e+07
1618,5.8248000000e+06,1,1.0535988177e+11,1.0341188753e+11,6.8868086911e+06
1618,5.8248000000e+06,2,1.0499982902e+11,1.0325987904e+11,-2.1718977370e+07
1619,5.8284000000e+06,0,-1.5119364987e+08,-7.5658496299e+08,1.3437209013e+07
1619,5.8284000000e+06,1,1.0528279460e+11,1.0348782635e+11,6.8841152131e+06
1619,5.8284000000e+06,2,1.0492405006e+11,1.0333244122e+11,-2.1903695105e+07
1620,5.8320000000e+06,0,-1.5115484488e+08,-7.5657058246e+08,1.3436404766e+07
1620,5.8320000000e+06,1,1.0520565143e+11,1.0356371000e+11,6.8813948283e+06
1620,5.8320000000e+06,2,1.0484824600e+11,1.0340496139e+11,-2.2085925377e+07
1621,5.8356000000e+06,0,-1.5111603972e+08,-7.5655620175e+08,1.3435600520e+07
1621,5.8356000000e+06,1,1.0512845227e+11,1.0363953844e+11,6.8786473806e+06
1621,5.8356000000e+06,2,1.0477241674e+11,1.0347743978e+11,-2.2265655312e+07
1622,5.8392000000e+06,0,-1.5107723439e+08,-7.5654182088e+08,1.3434796273e+07
1622,5.8392000000e+06,1,1.0505119719e+11,1.0371531161e+11,6.8758727170e+06
1622,5.8392000000e+06,2,1.0469656217e+11,1.0354987663e+11,-2.2442872274e+07
1623,5.8428000000e+06,0,-1.5103842889e+08,-7.5652743984e+08,1.3433992027e+07
1623,5.8428000000e+06,1,1.0497388621e+11,1.0379102947e+11,6.8730706873e+06
1623,5.8428000000e+06,2,1.0462068216e+11,1.0362227216e+11,-2.2617563872e+07
1624,5.8464000000e+06,0,-1.5099962323e+08,-7.5651305863e+08,1.3433187781e+07
1624,5.8464000000e+06,1,1.0489651938e+11,1.0386669198e+11,6.8702411445e+06
1624,5.8464000000e+06,2,1.0454477661e+11,1.0369462660e+11,-2.2789717955e+07
1625,5.8500000000e+06,0,-1.5096081739e+08,-7.5649867726e+08,1.3432383534e+07
1625,5.8500000000e+06,1,1.0481909674e+11,1.0394229909e+11,6.8673839444e+06
1625,5.8500000000e+06,2,1.0446884539e+11,1.0376694018e+11,-2.2959322617e+07
1626,5.8536000000e+06,0,-1.5092201139e+08,-7.5648429571e+08,1.3431579288e+07
1626,5.8536000000e+06,1,1.0474161833e+11,1.0401785076e+11,6.8644989457e+06
1626,5.8536000000e+06,2,1.0439288838e+11,1.0383921312e+11,-2.3126366194e+07
1627,5.8572000000e+06,0,-1.5088320522e+08,-7.5646991400e+08,1.3430775041e+07
1627,5.8572000000e+06,1,1.0466408420e+11,1.0409334695e+11,6.8615860104e+06
1627,5.8572000000e+06,2,1.0431690546e+11,1.0391144564e+11,-2.3290837263e+07
1628,5.8608000000e+06,0,-1.5084439888e+08,-7.5645553212e+08,1.3429970795e+07
1628,5.8608000000e+06,1,1.0458649438e+11,1.0416878760e+11,6.8586450032e+06
1628,5.8608000000e+06,2,1.0424089651e+11,1.0398363796e+11,-2.3452724647e+07
1629,5.8644000000e+06,0,-1.5080559237e+08,-7.5644115008e+08,1.3429166548e+07
1629,5.8644000000e+06,1,1.0450884891e+11,1.0424417267e+11,6.8556757920e+06
1629,5.8644000000e+06,2,1.0416486139e+11,1.0405579030e+11,-2.3612017411e+07
1630,5.8680000000e+06,0,-1.5076678569e+08,-7.5642676786e+08,1.3428362302e+07
1630,5.8680000000e+06,1,1.0443114784e+11,1.0431950212e+11,6.8526782474e+06
1630,5.8680000000e+06,2,1.0408879998e+11,1.0412790288e+11,-2.3768704860e+07
1631,5.8716000000e+06,0,-1.5072797885e+08,-7.5641238547e+08,1.3427558055e+07
1631,5.8716000000e+06,1,1.0435339120e+11,1.0439477591e+11,6.8496522434e+06
1631,5.8716000000e+06,2,1.0401271215e+11,1.0419997592e+11,-2.3922776548e+07
1632,5.8752000000e+06,0,-1.5068917184e+08,-7.5639800292e+08,1.3426753809e+07
1632,5.8752000000e+06,1,1.0427557905e+11,1.0446999399e+11,6.8465976566e+06
1632,5.8752000000e+06,2,1.0393659776e+11,1.0427200962e+11,-2.4074222266e+07
1633,5.8788000000e+06,0,-1.5065036466e+08,-7.5638362020e+08,1.3425949562e+07
1633,5.8788000000e+06,1,1.0419771142e+11,1.0454515631e+11,6.8435143667e+06
1633,5.8788000000e+06,2,1.0386045668e+11,1.0434400420e+11,-2.4223032053e+07
1634,5.8824000000e+06,0,-1.5061155731e+08,-7.5636923731e+08,1.3425145316e+07
1634,5.8824000000e+06,1,1.0411978834e+11,1.0462026283e+11,6.8404022566e+06
1634,5.8824000000e+06,2,1.0378428876e+11,1.0441595987e+11,-2.4369196189e+07
1635,5.8860000000e+06,0,-1.5057274980e+08,-7.5635485425e+08,1.3424341069e+07
1635,5.8860000000e+06,1,1.0404180988e+11,1.0469531351e+11,6.8372612119e+06
1635,5.8860000000e+06,2,1.0370809388e+11,1.0448787683e+11,-2.4512705196e+07
1636,5.8896000000e+06,0,-1.5053394211e+08,-7.5634047102e+08,1.3423536822e+07
1636,5.8896000000e+06,1,1.0396377606e+11,1.0477030830e+11,6.8340911213e+06
1636,5.8896000000e+06,2,1.0363187189e+11,1.0455975530e+11,-2.4653549841e+07
1637,5.8932000000e+06,0,-1.5049513427e+08,-7.5632608762e+08,1.3422732576e+07
1637,5.8932000000e+06,1,1.0388568692e+11,1.0484524716e+11,6.8308918766e+06
1637,5.8932000000e+06,2,1.0355562264e+11,1.0463159546e+11,-2.4791721131e+07
1638,5.8968000000e+06,0,-1.5045632625e+08,-7.5631170405e+08,1.3421928329e+07
1638,5.8968000000e+06,1,1.0380754252e+11,1.0492013004e+11,6.8276633724e+06
1638,5.8968000000e+06,2,1.0347934599e+11,1.0470339754e+11,-2.4927210320e+07
1639,5.9004000000e+06,0,-1.5041751807e+08,-7.5629732031e+08,1.3421124083e+07
1639,5.9004000000e+06,1,1.0372934288e+11,1.0499495690e+11,6.8244055064e+06
1639,5.9004000000e+06,2,1.0340304180e+11,1.0477516172e+11,-2.5060008900e+07
1640,5.9040000000e+06,0,-1.5037870972e+08,-7.5628293640e+08,1.3420319836e+07
1640,5.9040000000e+06,1,1.0365108806e+11,1.0506972769e+11,6.8211181791e+06
1640,5.9040000000e+06,2,1.0332670991e+11,1.0484688821e+11,-2.5190108609e+07
1641,5.9076000000e+06,0,-1.5033990120e+08,-7.5626855232e+08,1.3419515589e+07
1641,5.9076000000e+06,1,1.0357277810e+11,1.0514444238e+11,6.8178012943e+06
1641,5.9076000000e+06,2,1.0325035017e+11,1.0491857719e+11,-2.5317501424e+07
1642,5.9112000000e+06,0,-1.5030109252e+08,-7.5625416807e+08,1.3418711343e+07
1642,5.9112000000e+06,1,1.0349441303e+11,1.0521910091e+11,6.8144547584e+06
1642,5.9112000000e+06,2,1.0317396243e+11,1.0499022888e+11,-2.5442179565e+07
1643,5.9148000000e+06,0,-1.5026228367e+08,-7.5623978365e+08,1.3417907096e+07
1643,5.9148000000e+06,1,1.0341599290e+11,1.0529370325e+11,6.8110784811e+06
1643,5.9148000000e+06,2,1.0309754654e+11,1.0506184345e+11,-2.5564135496e+07
1644,5.9184000000e+06,0,-1.5022347466e+08,-7.5622539906e+08,1.3417102849e+07
1644,5.9184000000e+06,1,1.0333751775e+11,1.0536824934e+11,6.8076723748e+06
1644,5.9184000000e+06,2,1.0302110234e+11,1.0513342109e+11,-2.5683361919e+07
1645,5.9220000000e+06,0,-1.5018466547e+08,-7.5621101431e+08,1.3416298603e+07
1645,5.9220000000e+06,1,1.0325898763e+11,1.0544273915e+11,6.8042363551e+06
1645,5.9220000000e+06,2,1.0294462968e+11,1.0520496201e+11,-2.5799851778e+07
1646,5.9256000000e+06,0,-1.5014585613e+08,-7.5619662938e+08,1.3415494356e+07
1646,5.9256000000e+06,1,1.0318040257e+11,1.0551717264e+11,6.8007703403e+06
1646,5.9256000000e+06,2,1.0286812838e+11,1.0527646637e+11,-2.5913598260e+07
1647,5.9292000000e+06,0,-1.5010704661e+08,-7.5618224427e+08,1.3414690109e+07
1647,5.9292000000e+06,1,1.0310176262e+11,1.0559154975e+11,6.7972742519e+06
1647,5.9292000000e+06,2,1.0279159830e+11,1.0534793438e+11,-2.6024594790e+07
1648,5.9328000000e+06,0,-1.5006823694e+08,-7.5616785900e+08,1.3413885863e+07
1648,5.9328000000e+06,1,1.0302306783e+11,1.0566587044e+11,6.7937480143e+06
1648,5.9328000000e+06,2,1.0271503927e+11,1.0541936620e+11,-2.6132835034e+07
1649,5.9364000000e+06,0,-1.5002942709e+08,-7.5615347356e+08,1.3413081616e+07
1649,5.9364000000e+06,1,1.0294431822e+11,1.0574013467e+11,6.7901915547e+06
1649,5.9364000000e+06,2,1.0263845111e+11,1.0549076202e+11,-2.6238312898e+07
1650,5.9400000000e+06,0,-1.4999061708e+08,-7.5613908795e+08,1.3412277369e+07
1650,5.9400000000e+06,1,1.0286551385e+11,1.0581434240e+11,6.7866048034e+06
1650,5.9400000000e+06,2,1.0256183368e+11,1.0556212202e+11,-2.6341022527e+07
1651,5.9436000000e+06,0,-1.4995180690e+08,-7.5612470216e+08,1.3411473122e+07
1651,5.9436000000e+06,1,1.0278665476e+11,1.0588849359e+11,6.7829876936e+06
1651,5.9436000000e+06,2,1.0248518680e+11,1.0563344637e+11,-2.6440958306e+07
1652,5.9472000000e+06,0,-1.4991299656e+08,-7.5611031621e+08,1.3410668876e+07
1652,5.9472000000e+06,1,1.0270774099e+11,1.0596258818e+11,6.7793401613e+06
1652,5.9472000000e+06,2,1.0240851029e+11,1.0570473525e+11,-2.6538114856e+07
1653,5.9508000000e+06,0,-1.4987418606e+08,-7.5609593008e+08,1.3409864629e+07
1653,5.9508000000e+06,1,1.0262877258e+11,1.0603662614e+11,6.7756621456e+06
1653,5.9508000000e+06,2,1.0233180400e+11,1.0577598883e+11,-2.6632487039e+07
1654,5.9544000000e+06,0,-1.4983537539e+08,-7.5608154378e+08,1.3409060382e+07
1654,5.9544000000e+06,1,1.0254974958e+11,1.0611060742e+11,6.7719535884e+06
1654,5.9544000000e+06,2,1.0225506774e+11,1.0584720728e+11,-2.6724069953e+07
1655,5.9580000000e+06,0,-1.4979656455e+08,-7.5606715731e+08,1.3408256135e+07
1655,5.9580000000e+06,1,1.0247067203e+11,1.0618453198e+11,6.7682144347e+06
1655,5.9580000000e+06,2,1.0217830135e+11,1.0591839076e+11,-2.6812858933e+07
1656,5.9616000000e+06,0,-1.4975775355e+08,-7.5605277067e+08,1.3407451889e+07
1656,5.9616000000e+06,1,1.0239153997e+11,1.0625839978e+11,6.7644446322e+06
1656,5.9616000000e+06,2,1.0210150464e+11,1.0598953945e+11,-2.6898849553e+07
1657,5.9652000000e+06,0,-1.4971894238e+08,-7.5603838386e+08,1.3406647642e+07
1657,5.9652000000e+06,1,1.0231235344e+11,1.0633221077e+11,6.7606441316e+06
1657,5.9652000000e+06,2,1.0202467744e+11,1.0606065351e+11,-2.6982037619e+07
1658,5.9688000000e+06,0,-1.4968013105e+08,-7.5602399687e+08,1.3405843395e+07
1658,5.9688000000e+06,1,1.0223311249e+11,1.0640596491e+11,6.7568128865e+06
1658,5.9688000000e+06,2,1.0194781957e+11,1.0613173309e+11,-2.7062419177e+07
1659,5.9724000000e+06,0,-1.4964131956e+08,-7.5600960971e+08,1.3405039148e+07
1659,5.9724000000e+06,1,1.0215381717e+11,1.0647966216e+11,6.7529508533e+06
1659,5.9724000000e+06,2,1.0187093086e+11,1.0620277837e+11,-2.7139990505e+07
1660,5.9760000000e+06,0,-1.4960250790e+08,-7.5599522238e+08,1.3404234901e+07
1660,5.9760000000e+06,1,1.0207446750e+11,1.0655330247e+11,6.7490579913e+06
1660,5.9760000000e+06,2,1.0179401111e+11,1.0627378949e+11,-2.7214748116e+07
1661,5.9796000000e+06,0,-1.4956369607e+08,-7.5598083488e+08,1.3403430654e+07
1661,5.9796000000e+06,1,1.0199506354e+11,1.0662688580e+11,6.7451342629e+06
1661,5.9796000000e+06,2,1.0171706015e+11,1.0634476661e+11,-2.7286688757e+07
1662,5.9832000000e+06,0,-1.4952488409e+08,-7.5596644720e+08,1.3402626408e+07
1662,5.9832000000e+06,1,1.0191560533e+11,1.0670041211e+11,6.7411796331e+06
1662,5.9832000000e+06,2,1.0164007779e+11,1.0641570988e+11,-2.7355809409e+07
1663,5.9868000000e+06,0,-1.4948607193e+08,-7.5595205935e+08,1.3401822161e+07
1663,5.9868000000e+06,1,1.0183609292e+11,1.0677388135e+11,6.7371940698e+06
1663,5.9868000000e+06,2,1.0156306386e+11,1.0648661946e+11,-2.7422107286e+07
1664,5.9904000000e+06,0,-1.4944725962e+08,-7.5593767133e+08,1.3401017914e+07
1664,5.9904000000e+06,1,1.0175652634e+11,1.0684729349e+11,6.7331775438e+06
1664,5.9904000000e+06,2,1.0148601815e+11,1.0655749549e+11,-2.7485579831e+07
1665,5.9940000000e+06,0,-1.4940844714e+08,-7.5592328314e+08,1.3400213667e+07
1665,5.9940000000e+06,1,1.0167690564e+11,1.0692064847e+11,6.7291300288e+06
1665,5.9940000000e+06,2,1.0140894048e+11,1.0662833812e+11,-2.7546224721e+07
1666,5.9976000000e+06,0,-1.4936963450e+08,-7.5590889477e+08,1.3399409420e+07
1666,5.9976000000e+06,1,1.0159723086e+11,1.0699394626e+11,6.7250515013e+06
1666,5.9976000000e+06,2,1.0133183067e+11,1.0669914749e+11,-2.7604039863e+07
1667,6.0012000000e+06,0,-1.4933082169e+08,-7.5589450623e+08,1.3398605173e+07
1667,6.0012000000e+06,1,1.0151750205e+11,1.0706718682e+11,6.7209419405e+06
1667,6.0012000000e+06,2,1.0125468852e+11,1.0676992376e+11,-2.7659023395e+07
1668,6.0048000000e+06,0,-1.4929200872e+08,-7.5588011752e+08,1.3397800926e+07
1668,6.0048000000e+06,1,1.0143771924e+11,1.0714037009e+11,6.7168013286e+06
1668,6.0048000000e+06,2,1.0117751384e+11,1.0684066704e+11,-2.7711173681e+07
1669,6.0084000000e+06,0,-1.4925319559e+08,-7.5586572863e+08,1.3396996679e+07
1669,6.0084000000e+06,1,1.0135788249e+11,1.0721349605e+11,6.7126296505e+06
1669,6.0084000000e+06,2,1.0110030644e+11,1.0691137750e+11,-2.7760489316e+07
1670,6.0120000000e+06,0,-1.4921438229e+08,-7.5585133957e+08,1.3396192432e+07
1670,6.0120000000e+06,1,1.0127799183e+11,1.0728656464e+11,6.7084268939e+06
1670,6.0120000000e+06,2,1.0102306613e+11,1.0698205525e+11,-2.7806969123e+07
1671,6.0156000000e+06,0,-1.4917556883e+08,-7.5583695034e+08,1.3395388185e+07
1671,6.0156000000e+06,1,1.0119804732e+11,1.0735957582e+11,6.7041930494e+06
1671,6.0156000000e+06,2,1.0094579270e+11,1.0705270044e+11,-2.7850612151e+07
1672,6.0192000000e+06,0,-1.4913675521e+08,-7.5582256093e+08,1.3394583938e+07
1672,6.0192000000e+06,1,1.0111804898e+11,1.0743252956e+11,6.6999281102e+06
1672,6.0192000000e+06,2,1.0086848596e+11,1.0712331319e+11,-2.7891417675e+07
1673,6.0228000000e+06,0,-1.4909794143e+08,-7.5580817135e+08,1.3393779691e+07
1673,6.0228000000e+06,1,1.0103799688e+11,1.0750542580e+11,6.6956320723e+06
1673,6.0228000000e+06,2,1.0079114572e+11,1.0719389364e+11,-2.7929385196e+07
1674,6.0264000000e+06,0,-1.4905912748e+08,-7.5579378160e+08,1.3392975444e+07
1674,6.0264000000e+06,1,1.0095789104e+11,1.0757826451e+11,6.6913049347e+06
1674,6.0264000000e+06,2,1.0071377178e+11,1.0726444191e+11,-2.7964514439e+07
1675,6.0300000000e+06,0,-1.4902031337e+08,-7.5577939167e+08,1.3392171197e+07
1675,6.0300000000e+06,1,1.0087773152e+11,1.0765104565e+11,6.6869466989e+06
1675,6.0300000000e+06,2,1.0063636392e+11,1.0733495813e+11,-2.7996805355e+07
1676,6.0336000000e+06,0,-1.4898149910e+08,-7.5576500157e+08,1.3391366950e+07
1676,6.0336000000e+06,1,1.0079751836e+11,1.0772376916e+11,6.6825573693e+06
1676,6.0336000000e+06,2,1.0055892197e+11,1.0740544242e+11,-2.8026258115e+07
1677,6.0372000000e+06,0,-1.4894268466e+08,-7.5575061129e+08,1.3390562703e+07
1677,6.0372000000e+06,1,1.0071725159e+11,1.0779643502e+11,6.6781369527e+06
1677,6.0372000000e+06,2,1.0048144571e+11,1.0747589489e+11,-2.8052873113e+07
1678,6.0408000000e+06,0,-1.4890387007e+08,-7.5573622084e+08,1.3389758456e+07
1678,6.0408000000e+06,1,1.0063693128e+11,1.0786904318e+11,6.6736854592e+06
1678,6.0408000000e+06,2,1.0040393493e+11,1.0754631567e+11,-2.8076650967e+07
1679,6.0444000000e+06,0,-1.4886505531e+08,-7.5572183021e+08,1.3388954209e+07
1679,6.0444000000e+06,1,1.0055655745e+11,1.0794159359e+11,6.6692029010e+06
1679,6.0444000000e+06,2,1.0032638945e+11,1.0761670488e+11,-2.8097592511e+07
1680,6.0480000000e+06,0,-1.4882624039e+08,-7.5570743941e+08,1.3388149962e+07
1680,6.0480000000e+06,1,1.0047613015e+11,1.0801408621e+11,6.6646892934e+06
1680,6.0480000000e+06,2,1.0024880904e+11,1.0768706262e+11,-2.8115698802e+07
1681,6.0516000000e+06,0,-1.4878742531e+08,-7.5569304843e+08,1.3387345715e+07
1681,6.0516000000e+06,1,1.0039564944e+11,1.0808652101e+11,6.6601446543e+06
1681,6.0516000000e+06,2,1.0017119351e+11,1.0775738901e+11,-2.8130971114e+07
1682,6.0552000000e+06,0,-1.4874861006e+08,-7.5567865728e+08,1.3386541468e+07
1682,6.0552000000e+06,1,1.0031511534e+11,1.0815889794e+11,6.6555690042e+06
1682,6.0552000000e+06,2,1.0009354265e+11,1.0782768416e+11,-2.8143410939e+07
1683,6.0588000000e+06,0,-1.4870979466e+08,-7.5566426595e+08,1.3385737221e+07
1683,6.0588000000e+06,1,1.0023452791e+11,1.0823121695e+11,6.6509623663e+06
1683,6.0588000000e+06,2,1.0001585625e+11,1.0789794818e+11,-2.8153019988e+07
1684,6.0624000000e+06,0,-1.4867097909e+08,-7.5564987445e+08,1.3384932973e+07
1684,6.0624000000e+06,1,1.0015388719e+11,1.0830347802e+11,6.6463247664e+06
1684,6.0624000000e+06,2,9.9938134099e+10,1.0796818116e+11,-2.8159800185e+07
1685,6.0660000000e+06,0,-1.4863216336e+08,-7.5563548277e+08,1.3384128726e+07
1685,6.0660000000e+06,1,1.0007319322e+11,1.0837568109e+11,6.6416562331e+06
1685,6.0660000000e+06,2,9.9860375993e+10,1.0803838322e+11,-2.8163753670e+07
1686,6.0696000000e+06,0,-1.4859334747e+08,-7.5562109092e+08,1.3383324479e+07
1686,6.0696000000e+06,1,9.9992446048e+10,1.0844782612e+11,6.6369567975e+06
1686,6.0696000000e+06,2,9.9782581721e+10,1.0810855444e+11,-2.8164882798e+07
1687,6.0732000000e+06,0,-1.4855453142e+08,-7.5560669889e+08,1.3382520232e+07
1687,6.0732000000e+06,1,9.9911645720e+10,1.0851991307e+11,6.6322264934e+06
1687,6.0732000000e+06,2,9.9704751070e+10,1.0817869494e+11,-2.8163190136e+07
1688,6.0768000000e+06,0,-1.4851571521e+08,-7.5559230669e+08,1.3381715985e+07
1688,6.0768000000e+06,1,9.9830792277e+10,1.0859194191e+11,6.6274653571e+06
1688,6.0768000000e+06,2,9.9626883829e+10,1.0824880481e+11,-2.8158678464e+07
1689,6.0804000000e+06,0,-1.4847689884e+08,-7.5557791431e+08,1.3380911738e+07
1689,6.0804000000e+06,1,9.9749885766e+10,1.0866391258e+11,6.6226734276e+06
1689,6.0804000000e+06,2,9.9548979785e+10,1.0831888414e+11,-2.8151350773e+07
1690,6.0840000000e+06,0,-1.4843808231e+08,-7.5556352175e+08,1.3380107491e+07
1690,6.0840000000e+06,1,9.9668926229e+10,1.0873582505e+11,6.6178507464e+06
1690,6.0840000000e+06,2,9.9471038724e+10,1.0838893302e+11,-2.8141210265e+07
1691,6.0876000000e+06,0,-1.4839926562e+08,-7.5554912902e+08,1.3379303243e+07
1691,6.0876000000e+06,1,9.9587913711e+10,1.0880767928e+11,6.6129973576e+06
1691,6.0876000000e+06,2,9.9393060433e+10,1.0845895154e+11,-2.8128260349e+07
1692,6.0912000000e+06,0,-1.4836044876e+08,-7.5553473611e+08,1.3378498996e+07
1692,6.0912000000e+06,1,9.9506848257e+10,1.0887947522e+11,6.6081133079e+06
1692,6.0912000000e+06,2,9.9315044697e+10,1.0852893978e+11,-2.8112504644e+07
1693,6.0948000000e+06,0,-1.4832163175e+08,-7.5552034303e+08,1.3377694749e+07
1693,6.0948000000e+06,1,9.9425729911e+10,1.0895121284e+11,6.6031986466e+06
1693,6.0948000000e+06,2,9.9236991300e+10,1.0859889784e+11,-2.8093946978e+07
1694,6.0984000000e+06,0,-1.4828281458e+08,-7.5550594977e+08,1.3376890502e+07
1694,6.0984000000e+06,1,9.9344558717e+10,1.0902289209e+11,6.5982534253e+06
1694,6.0984000000e+06,2,9.9158900026e+10,1.0866882580e+11,-2.8072591381e+07
1695,6.1020000000e+06,0,-1.4824399724e+08,-7.5549155633e+08,1.3376086254e+07
1695,6.1020000000e+06,1,9.9263334721e+10,1.0909451293e+11,6.5932776984e+06
1695,6.1020000000e+06,2,9.9080770657e+10,1.0873872373e+11,-2.8048442092e+07
1696,6.1056000000e+06,0,-1.4820517975e+08,-7.5547716272e+08,1.3375282007e+07
1696,6.1056000000e+06,1,9.9182057966e+10,1.0916607532e+11,6.5882715227e+06
1696,6.1056000000e+06,2,9.9002602977e+10,1.0880859171e+11,-2.8021503552e+07
1697,6.1092000000e+06,0,-1.4816636210e+08,-7.5546276893e+08,1.3374477760e+07
1697,6.1092000000e+06,1,9.9100728498e+10,1.0923757922e+11,6.5832349574e+06
1697,6.1092000000e+06,2,9.8924396766e+10,1.0887842983e+11,-2.7991780406e+07
1698,6.1128000000e+06,0,-1.4812754428e+08,-7.5544837496e+08,1.3373673513e+07
1698,6.1128000000e+06,1,9.9019346361e+10,1.0930902460e+11,6.5781680643e+06
1698,6.1128000000e+06,2,9.8846151807e+10,1.0894823814e+11,-2.7959277503e+07
1699,6.1164000000e+06,0,-1.4808872631e+08,-7.5543398082e+08,1.3372869265e+07
1699,6.1164000000e+06,1,9.8937911600e+10,1.0938041139e+11,6.5730709077e+06
1699,6.1164000000e+06,2,9.8767867880e+10,1.0901801673e+11,-2.7923999890e+07
1700,6.1200000000e+06,0,-1.4804990818e+08,-7.5541958650e+08,1.3372065018e+07
1700,6.1200000000e+06,1,9.8856424259e+10,1.0945173958e+11,6.5679435542e+06
1700,6.1200000000e+06,2,9.8689544764e+10,1.0908776567e+11,-2.7885952815e+07
1701,6.1236000000e+06,0,-1.4801108989e+08,-7.5540519200e+08,1.3371260771e+07
1701,6.1236000000e+06,1,9.8774884384e+10,1.0952300911e+11,6.5627860730e+06
1701,6.1236000000e+06,2,9.8611182240e+10,1.0915748501e+11,-2.7845141727e+07
1702,6.1272000000e+06,0,-1.4797227144e+08,-7.5539079732e+08,1.3370456523e+07
1702,6.1272000000e+06,1,9.8693292019e+10,1.0959421995e+11,6.5575985357e+06
1702,6.1272000000e+06,2,9.8532780086e+10,1.0922717483e+11,-2.7801572270e+07
1703,6.1308000000e+06,0,-1.4793345283e+08,-7.5537640247e+08,1.3369652276e+07
1703,6.1308000000e+06,1,9.8611647208e+10,1.0966537205e+11,6.5523810163e+06
1703,6.1308000000e+06,2,9.8454338080e+10,1.0929683518e+11,-2.7755250288e+07
1704,6.1344000000e+06,0,-1.4789463406e+08,-7.5536200744e+08,1.3368848029e+07
1704,6.1344000000e+06,1,9.8529949998e+10,1.0973646538e+11,6.5471335912e+06
1704,6.1344000000e+06,2,9.8375856001e+10,1.0936646614e+11,-2.7706181818e+07
1705,6.1380000000e+06,0,-1.4785581514e+08,-7.5534761223e+08,1.3368043781e+07
1705,6.1380000000e+06,1,9.8448200432e+10,1.0980749989e+11,6.5418563392e+06
1705,6.1380000000e+06,2,9.8297333626e+10,1.0943606775e+11,-2.7654373094e+07
1706,6.1416000000e+06,0,-1.4781699605e+08,-7.5533321684e+08,1.3367239534e+07
1706,6.1416000000e+06,1,9.8366398556e+10,1.0987847555e+11,6.5365493414e+06
1706,6.1416000000e+06,2,9.8218770733e+10,1.0950564006e+11,-2.7599830542e+07
1707,6.1452000000e+06,0,-1.4777817681e+08,-7.5531882128e+08,1.3366435287e+07
1707,6.1452000000e+06,1,9.8284544415e+10,1.0994939230e+11,6.5312126815e+06
1707,6.1452000000e+06,2,9.8140167097e+10,1.0957518315e+11,-2.7542560783e+07
1708,6.1488000000e+06,0,-1.4773935740e+08,-7.5530442553e+08,1.3365631039e+07
1708,6.1488000000e+06,1,9.8202638054e+10,1.1002025012e+11,6.5258464453e+06
1708,6.1488000000e+06,2,9.8061522495e+10,1.0964469705e+11,-2.7482570627e+07
1709,6.1524000000e+06,0,-1.4770053784e+08,-7.5529002961e+08,1.3364826792e+07
1709,6.1524000000e+06,1,9.8120679517e+10,1.1009104897e+11,6.5204507211e+06
1709,6.1524000000e+06,2,9.7982836702e+10,1.0971418181e+11,-2.7419867076e+07
1710,6.1560000000e+06,0,-1.4766171813e+08,-7.5527563351e+08,1.3364022544e+07
1710,6.1560000000e+06,1,9.8038668851e+10,1.1016178879e+11,6.5150255994e+06
1710,6.1560000000e+06,2,9.7904109494e+10,1.0978363749e+11,-2.7354457320e+07
1711,6.1596000000e+06,0,-1.4762289825e+08,-7.5526123723e+08,1.3363218297e+07
1711,6.1596000000e+06,1,9.7956606100e+10,1.1023246956e+11,6.5095711732e+06
1711,6.1596000000e+06,2,9.7825340646e+10,1.0985306412e+11,-2.7286348740e+07
1712,6.1632000000e+06,0,-1.4758407822e+08,-7.5524684078e+08,1.3362414049e+07
1712,6.1632000000e+06,1,9.7874491309e+10,1.1030309123e+11,6.5040875376e+06
1712,6.1632000000e+06,2,9.7746529933e+10,1.0992246175e+11,-2.7215548902e+07
1713,6.1668000000e+06,0,-1.4754525802e+08,-7.5523244414e+08,1.3361609802e+07
1713,6.1668000000e+06,1,9.7792324523e+10,1.1037365376e+11,6.4985747901e+06
1713,6.1668000000e+06,2,9.7667677129e+10,1.0999183042e+11,-2.7142065559e+07
1714,6.1704000000e+06,0,-1.4750643767e+08,-7.5521804733e+08,1.3360805554e+07
1714,6.1704000000e+06,1,9.7710105789e+10,1.1044415711e+11,6.4930330304e+06
1714,6.1704000000e+06,2,9.7588782007e+10,1.1006117017e+11,-2.7065906648e+07
1715,6.1740000000e+06,0,-1.4746761717e+08,-7.5520365034e+08,1.3360001307e+07
1715,6.1740000000e+06,1,9.7627835150e+10,1.1051460125e+11,6.4874623606e+06
1715,6.1740000000e+06,2,9.7509844342e+10,1.1013048103e+11,-2.6987080291e+07
1716,6.1776000000e+06,0,-1.4742879650e+08,-7.5518925316e+08,1.3359197059e+07
1716,6.1776000000e+06,1,9.7545512653e+10,1.1058498612e+11,6.4818628849e+06
1716,6.1776000000e+06,2,9.7430863907e+10,1.1019976304e+11,-2.6905594793e+07
1717,6.1812000000e+06,0,-1.4738997568e+08,-7.5517485581e+08,1.3358392812e+07
1717,6.1812000000e+06,1,9.7463138343e+10,1.1065531170e+11,6.4762347098e+06
1717,6.1812000000e+06,2,9.7351840475e+10,1.1026901622e+11,-2.6821458640e+07
1718,6.1848000000e+06,0,-1.4735115470e+08,-7.5516045828e+08,1.3357588564e+07
1718,6.1848000000e+06,1,9.7380712265e+10,1.1072557794e+11,6.4705779440e+06
1718,6.1848000000e+06,2,9.7272773819e+10,1.1033824062e+11,-2.6734680500e+07
1719,6.1884000000e+06,0,-1.4731233357e+08,-7.5514606057e+08,1.3356784317e+07
1719,6.1884000000e+06,1,9.7298234465e+10,1.1079578481e+11,6.4648926985e+06
1719,6.1884000000e+06,2,9.7193663712e+10,1.1040743624e+11,-2.6645269220e+07
1720,6.1920000000e+06,0,-1.4727351227e+08,-7.5513166268e+08,1.3355980069e+07
1720,6.1920000000e+06,1,9.7215704987e+10,1.1086593225e+11,6.4591790863e+06
1720,6.1920000000e+06,2,9.7114509926e+10,1.1047660313e+11,-2.6553233824e+07
1721,6.1956000000e+06,0,-1.4723469083e+08,-7.5511726461e+08,1.3355175822e+07
1721,6.1956000000e+06,1,9.7133123878e+10,1.1093602024e+11,6.4534372228e+06
1721,6.1956000000e+06,2,9.7035312233e+10,1.1054574130e+11,-2.6458583516e+07
1722,6.1992000000e+06,0,-1.4719586922e+08,-7.5510286637e+08,1.3354371574e+07
1722,6.1992000000e+06,1,9.7050491184e+10,1.1100604874e+11,6.4476672253e+06
1722,6.1992000000e+06,2,9.6956070406e+10,1.1061485077e+11,-2.6361327674e+07
1723,6.2028000000e+06,0,-1.4715704746e+08,-7.5508846794e+08,1.3353567327e+07
1723,6.2028000000e+06,1,9.6967806949e+10,1.1107601770e+11,6.4418692136e+06
1723,6.2028000000e+06,2,9.6876784216e+10,1.1068393157e+11,-2.6261475853e+07
1724,6.2064000000e+06,0,-1.4711822554e+08,-7.5507406933e+08,1.3352763079e+07
1724,6.2064000000e+06,1,9.6885071219e+10,1.1114592708e+11,6.4360433093e+06
1724,6.2064000000e+06,2,9.6797453435e+10,1.1075298370e+11,-2.6159037781e+07
1725,6.2100000000e+06,0,-1.4707940346e+08,-7.5505967054e+08,1.3351958832e+07
1725,6.2100000000e+06,1,9.6802284040e+10,1.1121577685e+11,6.4301896363e+06
1725,6.2100000000e+06,2,9.6718077834e+10,1.1082200719e+11,-2.6054023360e+07
1726,6.2136000000e+06,0,-1.4704058123e+08,-7.5504527157e+08,1.3351154584e+07
1726,6.2136000000e+06,1,9.6719445458e+10,1.1128556696e+11,6.4243083207e+06
1726,6.2136000000e+06,2,9.6638657186e+10,1.1089100203e+11,-2.5946442664e+07
1727,6.2172000000e+06,0,-1.4700175885e+08,-7.5503087242e+08,1.3350350336e+07
1727,6.2172000000e+06,1,9.6636555517e+10,1.1135529739e+11,6.4183994906e+06
1727,6.2172000000e+06,2,9.6559191261e+10,1.1095996825e+11,-2.5836305937e+07
1728,6.2208000000e+06,0,-1.4696293631e+08,-7.5501647309e+08,1.3349546089e+07
1728,6.2208000000e+06,1,9.6553614265e+10,1.1142496808e+11,6.4124632760e+06
1728,6.2208000000e+06,2,9.6479679831e+10,1.1102890586e+11,-2.5723623593e+07
1729,6.2244000000e+06,0,-1.4692411361e+08,-7.5500207358e+08,1.3348741841e+07
1729,6.2244000000e+06,1,9.6470621747e+10,1.1149457900e+11,6.4064998093e+06
1729,6.2244000000e+06,2,9.6400122667e+10,1.1109781484e+11,-2.5608406216e+07
1730,6.2280000000e+06,0,-1.4688529075e+08,-7.5498767389e+08,1.3347937593e+07
1730,6.2280000000e+06,1,9.6387578008e+10,1.1156413010e+11,6.4005092248e+06
1730,6.2280000000e+06,2,9.6320519540e+10,1.1116669522e+11,-2.5490664556e+07
1731,6.2316000000e+06,0,-1.4684646774e+08,-7.5497327402e+08,1.3347133346e+07
1731,6.2316000000e+06,1,9.6304483094e+10,1.1163362136e+11,6.3944916588e+06
1731,6.2316000000e+06,2,9.6240870221e+10,1.1123554699e+11,-2.5370409530e+07
1732,6.2352000000e+06,0,-1.4680764458e+08,-7.5495887397e+08,1.3346329098e+07
1732,6.2352000000e+06,1,9.6221337051e+10,1.1170305273e+11,6.3884472497e+06
1732,6.2352000000e+06,2,9.6161174481e+10,1.1130437015e+11,-2.5247652222e+07
1733,6.2388000000e+06,0,-1.4676882126e+08,-7.5494447373e+08,1.3345524850e+07
1733,6.2388000000e+06,1,9.6138139926e+10,1.1177242418e+11,6.3823761380e+06
1733,6.2388000000e+06,2,9.6081432091e+10,1.1137316470e+11,-2.5122403879e+07
1734,6.2424000000e+06,0,-1.4672999779e+08,-7.5493007332e+08,1.3344720603e+07
1734,6.2424000000e+06,1,9.6054891763e+10,1.1184173565e+11,6.3762784661e+06
1734,6.2424000000e+06,2,9.6001642823e+10,1.1144193062e+11,-2.4994675912e+07
1735,6.2460000000e+06,0,-1.4669117416e+08,-7.5491567272e+08,1.3343916355e+07
1735,6.2460000000e+06,1,9.5971592609e+10,1.1191098712e+11,6.3701543783e+06
1735,6.2460000000e+06,2,9.5921806446e+10,1.1151066793e+11,-2.4864479895e+07
1736,6.2496000000e+06,0,-1.4665235037e+08,-7.5490127194e+08,1.3343112107e+07
1736,6.2496000000e+06,1,9.5888242511e+10,1.1198017855e+11,6.3640040212e+06
1736,6.2496000000e+06,2,9.5841922733e+10,1.1157937660e+11,-2.4731827561e+07
1737,6.2532000000e+06,0,-1.4661352643e+08,-7.5488687098e+08,1.3342307859e+07
1737,6.2532000000e+06,1,9.5804841513e+10,1.1204930990e+11,6.3578275430e+06
1737,6.2532000000e+06,2,9.5761991454e+10,1.1164805662e+11,-2.4596730806e+07
1738,6.2568000000e+06,0,-1.4657470234e+08,-7.5487246984e+08,1.3341503612e+07
1738,6.2568000000e+06,1,9.5721389661e+10,1.1211838112e+11,6.3516250941e+06
1738,6.2568000000e+06,2,9.5682012380e+10,1.1171670798e+11,-2.4459201684e+07
1739,6.2604000000e+06,0,-1.4653587809e+08,-7.5485806852e+08,1.3340699364e+07
1739,6.2604000000e+06,1,9.5637887003e+10,1.1218739218e+11,6.3453968267e+06
1739,6.2604000000e+06,2,9.5601985283e+10,1.1178533067e+11,-2.4319252408e+07
1740,6.2640000000e+06,0,-1.4649705369e+08,-7.5484366702e+08,1.3339895116e+07
1740,6.2640000000e+06,1,9.5554333584e+10,1.1225634305e+11,6.3391428952e+06
1740,6.2640000000e+06,2,9.5521909934e+10,1.1185392466e+11,-2.4176895346e+07
1741,6.2676000000e+06,0,-1.4645822914e+08,-7.5482926533e+08,1.3339090868e+07
1741,6.2676000000e+06,1,9.5470729450e+10,1.1232523368e+11,6.3328634555e+06
1741,6.2676000000e+06,2,9.5441786103e+10,1.1192248994e+11,-2.4032143024e+07
1742,6.2712000000e+06,0,-1.4641940443e+08,-7.5481486346e+08,1.3338286621e+07
1742,6.2712000000e+06,1,9.5387074648e+10,1.1239406403e+11,6.3265586657e+06
1742,6.2712000000e+06,2,9.5361613564e+10,1.1199102648e+11,-2.3885008124e+07
1743,6.2748000000e+06,0,-1.4638057956e+08,-7.5480046141e+08,1.3337482373e+07
1743,6.2748000000e+06,1,9.5303369222e+10,1.1246283407e+11,6.3202286858e+06
1743,6.2748000000e+06,2,9.5281392086e+10,1.1205953427e+11,-2.3735503481e+07
1744,6.2784000000e+06,0,-1.4634175455e+08,-7.5478605918e+08,1.3336678125e+07
1744,6.2784000000e+06,1,9.5219613221e+10,1.1253154376e+11,6.3138736775e+06
1744,6.2784000000e+06,2,9.5201121442e+10,1.1212801326e+11,-2.3583642081e+07
1745,6.2820000000e+06,0,-1.4630292937e+08,-7.5477165676e+08,1.3335873877e+07
1745,6.2820000000e+06,1,9.5135806689e+10,1.1260019306e+11,6.3074938045e+06
1745,6.2820000000e+06,2,9.5120801404e+10,1.1219646345e+11,-2.3429437067e+07
1746,6.2856000000e+06,0,-1.4626410405e+08,-7.5475725416e+08,1.3335069629e+07
1746,6.2856000000e+06,1,9.5051949674e+10,1.1266878193e+11,6.3010892323e+06
1746,6.2856000000e+06,2,9.5040431743e+10,1.1226488479e+11,-2.3272901727e+07
1747,6.2892000000e+06,0,-1.4622527857e+08,-7.5474285138e+08,1.3334265381e+07
1747,6.2892000000e+06,1,9.4968042221e+10,1.1273731033e+11,6.2946601284e+06
1747,6.2892000000e+06,2,9.4960012231e+10,1.1233327725e+11,-2.3114049505e+07
1748,6.2928000000e+06,0,-1.4618645294e+08,-7.5472844842e+08,1.3333461133e+07
1748,6.2928000000e+06,1,9.4884084377e+10,1.1280577823e+11,6.2882066618e+06
1748,6.2928000000e+06,2,9.4879542642e+10,1.1240164081e+11,-2.2952893991e+07
1749,6.2964000000e+06,0,-1.4614762716e+08,-7.5471404527e+08,1.3332656886e+07
1749,6.2964000000e+06,1,9.4800076188e+10,1.1287418559e+11,6.2817290037e+06
1749,6.2964000000e+06,2,9.4799022747e+10,1.1246997541e+11,-2.2789448923e+07
1750,6.3000000000e+06,0,-1.4610880122e+08,-7.5469964194e+08,1.3331852638e+07
1750,6.3000000000e+06,1,9.4716017701e+10,1.1294253237e+11,6.2752273268e+06
1750,6.3000000000e+06,2,9.4718452319e+10,1.1253828103e+11,-2.2623728187e+07
1751,6.3036000000e+06,0,-1.4606997513e+08,-7.5468523843e+08,1.3331048390e+07
1751,6.3036000000e+06,1,9.4631908962e+10,1.1301081853e+11,6.2687018059e+06
1751,6.3036000000e+06,2,9.4637831130e+10,1.1260655762e+11,-2.2455745815e+07
1752,6.3072000000e+06,0,-1.4603114889e+08,-7.5467083474e+08,1.3330244142e+07
1752,6.3072000000e+06,1,9.4547750017e+10,1.1307904403e+11,6.2621526172e+06
1752,6.3072000000e+06,2,9.4557158955e+10,1.1267480515e+11,-2.2285515985e+07
1753,6.3108000000e+06,0,-1.4599232249e+08,-7.5465643086e+08,1.3329439894e+07
1753,6.3108000000e+06,1,9.4463540913e+10,1.1314720884e+11,6.2555799390e+06
1753,6.3108000000e+06,2,9.4476435566e+10,1.1274302356e+11,-2.2113053018e+07
1754,6.3144000000e+06,0,-1.4595349594e+08,-7.5464202679e+08,1.3328635646e+07
1754,6.3144000000e+06,1,9.4379281696e+10,1.1321531291e+11,6.2489839513e+06
1754,6.3144000000e+06,2,9.4395660737e+10,1.1281121281e+11,-2.1938371379e+07
1755,6.3180000000e+06,0,-1.4591466924e+08,-7.5462762255e+08,1.3327831398e+07
1755,6.3180000000e+06,1,9.4294972413e+10,1.1328335622e+11,6.2423648357e+06
1755,6.3180000000e+06,2,9.4314834242e+10,1.1287937285e+11,-2.1761485675e+07
1756,6.3216000000e+06,0,-1.4587584239e+08,-7.5461321812e+08,1.3327027150e+07
1756,6.3216000000e+06,1,9.4210613111e+10,1.1335133872e+11,6.2357227756e+06
1756,6.3216000000e+06,2,9.4233955854e+10,1.1294750363e+11,-2.1582410656e+07
1757,6.3252000000e+06,0,-1.4583701539e+08,-7.5459881350e+08,1.3326222902e+07
1757,6.3252000000e+06,1,9.4126203835e+10,1.1341926037e+11,6.2290579563e+06
1757,6.3252000000e+06,2,9.4153025349e+10,1.1301560510e+11,-2.1401161211e+07
1758,6.3288000000e+06,0,-1.4579818823e+08,-7.5458440871e+08,1.3325418654e+07
1758,6.3288000000e+06,1,9.4041744633e+10,1.1348712115e+11,6.2223705646e+06
1758,6.3288000000e+06,2,9.4072042500e+10,1.1308367720e+11,-2.1217752369e+07
1759,6.3324000000e+06,0,-1.4575936093e+08,-7.5457000372e+08,1.3324614406e+07
1759,6.3324000000e+06,1,9.3957235551e+10,1.1355492100e+11,6.2156607891e+06
1759,6.3324000000e+06,2,9.3991007083e+10,1.1315171987e+11,-2.1032199298e+07
1760,6.3360000000e+06,0,-1.4572053347e+08,-7.5455559856e+08,1.3323810158e+07
1760,6.3360000000e+06,1,9.3872676636e+10,1.1362265990e+11,6.2089288200e+06
1760,6.3360000000e+06,2,9.3909918874e+10,1.1321973307e+11,-2.0844517303e+07
1761,6.3396000000e+06,0,-1.4568170586e+08,-7.5454119321e+08,1.3323005910e+07
1761,6.3396000000e+06,1,9.3788067935e+10,1.1369033780e+11,6.2021748494e+06
1761,6.3396000000e+06,2,9.3828777646e+10,1.1328771672e+11,-2.0654721828e+07
1762,6.3432000000e+06,0,-1.4564287809e+08,-7.5452678767e+08,1.3322201662e+07
1762,6.3432000000e+06,1,9.3703409494e+10,1.1375795467e+11,6.1953990708e+06
1762,6.3432000000e+06,2,9.3747583178e+10,1.1335567076e+11,-2.0462828451e+07
1763,6.3468000000e+06,0,-1.4560405018e+08,-7.5451238195e+08,1.3321397414e+07
1763,6.3468000000e+06,1,9.3618701359e+10,1.1382551047e+11,6.1886016795e+06
1763,6.3468000000e+06,2,9.3666335244e+10,1.1342359513e+11,-2.0268852886e+07
1764,6.3504000000e+06,0,-1.4556522212e+08,-7.5449797605e+08,1.3320593166e+07
1764,6.3504000000e+06,1,9.3533943579e+10,1.1389300517e+11,6.1817828725e+06
1764,6.3504000000e+06,2,9.3585033621e+10,1.1349148977e+11,-2.0072810982e+07
1765,6.3540000000e+06,0,-1.4552639390e+08,-7.5448356996e+08,1.3319788918e+07
1765,6.3540000000e+06,1,9.3449136198e+10,1.1396043872e+11,6.1749428484e+06
1765,6.3540000000e+06,2,9.3503678087e+10,1.1355935460e+11,-1.9874718720e+07
1766,6.3576000000e+06,0,-1.4548756553e+08,-7.5446916369e+08,1.3318984670e+07
1766,6.3576000000e+06,1,9.3364279266e+10,1.1402781109e+11,6.1680818074e+06
1766,6.3576000000e+06,2,9.3422268418e+10,1.1362718955e+11,-1.9674592214e+07
1767,6.3612000000e+06,0,-1.4544873702e+08,-7.5445475723e+08,1.3318180422e+07
1767,6.3612000000e+06,1,9.3279372827e+10,1.1409512225e+11,6.1611999512e+06
1767,6.3612000000e+06,2,9.3340804393e+10,1.1369499455e+11,-1.9472447711e+07
1768,6.3648000000e+06,0,-1.4540990835e+08,-7.5444035059e+08,1.3317376174e+07
1768,6.3648000000e+06,1,9.3194416929e+10,1.1416237215e+11,6.1542974834e+06
1768,6.3648000000e+06,2,9.3259285789e+10,1.1376276953e+11,-1.9268301588e+07
1769,6.3684000000e+06,0,-1.4537107953e+08,-7.5442594376e+08,1.3316571925e+07
1769,6.3684000000e+06,1,9.3109411619e+10,1.1422956076e+11,6.1473746090e+06
1769,6.3684000000e+06,2,9.3177712385e+10,1.1383051440e+11,-1.9062170352e+07
1770,6.3720000000e+06,0,-1.4533225056e+08,-7.5441153674e+08,1.3315767677e+07
1770,6.3720000000e+06,1,9.3024356944e+10,1.1429668804e+11,6.1404315345e+06
1770,6.3720000000e+06,2,9.3096083960e+10,1.1389822910e+11,-1.8854070640e+07
1771,6.3756000000e+06,0,-1.4529342145e+08,-7.5439712954e+08,1.3314963429e+07
1771,6.3756000000e+06,1,9.2939252950e+10,1.1436375396e+11,6.1334684682e+06
1771,6.3756000000e+06,2,9.3014400293e+10,1.1396591354e+11,-1.8644019216e+07
1772,6.3792000000e+06,0,-1.4525459218e+08,-7.5438272216e+08,1.3314159181e+07
1772,6.3792000000e+06,1,9.2854099685e+10,1.1443075848e+11,6.1264856199e+06
1772,6.3792000000e+06,2,9.2932661164e+10,1.1403356763e+11,-1.8432032973e+07
1773,6.3828000000e+06,0,-1.4521576276e+08,-7.5436831459e+08,1.3313354933e+07
1773,6.3828000000e+06,1,9.2768897196e+10,1.1449770156e+11,6.1194832009e+06
1773,6.3828000000e+06,2,9.2850866353e+10,1.1410119130e+11,-1.8218128931e+07
1774,6.3864000000e+06,0,-1.4517693319e+08,-7.5435390683e+08,1.3312550685e+07
1774,6.3864000000e+06,1,9.2683645529e+10,1.1456458316e+11,6.1124614240e+06
1774,6.3864000000e+06,2,9.2769015641e+10,1.1416878445e+11,-1.8002324235e+07
1775,6.3900000000e+06,0,-1.4513810347e+08,-7.5433949889e+08,1.3311746436e+07
1775,6.3900000000e+06,1,9.2598344732e+10,1.1463140325e+11,6.1054205038e+06
1775,6.3900000000e+06,2,9.2687108808e+10,1.1423634700e+11,-1.7784636156e+07
1776,6.3936000000e+06,0,-1.4509927361e+08,-7.5432509076e+08,1.3310942188e+07
1776,6.3936000000e+06,1,9.2512994851e+10,1.1469816180e+11,6.0983606560e+06
1776,6.3936000000e+06,2,9.2605145637e+10,1.1430387886e+11,-1.7565082090e+07
1777,6.3972000000e+06,0,-1.4506044359e+08,-7.5431068245e+08,1.3310137940e+07
1777,6.3972000000e+06,1,9.2427595934e+10,1.1476485876e+11,6.0912820982e+06
1777,6.3972000000e+06,2,9.2523125910e+10,1.1437137994e+11,-1.7343679555e+07
1778,6.4008000000e+06,0,-1.4502161342e+08,-7.5429627395e+08,1.3309333692e+07
1778,6.4008000000e+06,1,9.2342148028e+10,1.1483149410e+11,6.0841850494e+06
1778,6.4008000000e+06,2,9.2441049408e+10,1.1443885014e+11,-1.7120446194e+07
1779,6.4044000000e+06,0,-1.4498278311e+08,-7.5428186526e+08,1.3308529444e+07
1779,6.4044000000e+06,1,9.2256651180e+10,1.1489806778e+11,6.0770697301e+06
1779,6.4044000000e+06,2,9.2358915915e+10,1.1450628937e+11,-1.6895399772e+07
1780,6.4080000000e+06,0,-1.4494395264e+08,-7.5426745639e+08,1.3307725195e+07
1780,6.4080000000e+06,1,9.2171105438e+10,1.1496457977e+11,6.0699363621e+06
1780,6.4080000000e+06,2,9.2276725215e+10,1.1457369752e+11,-1.6668558173e+07
1781,6.4116000000e+06,0,-1.4490512203e+08,-7.5425304733e+08,1.3306920947e+07
1781,6.4116000000e+06,1,9.2085510847e+10,1.1503103003e+11,6.0627851690e+06
1781,6.4116000000e+06,2,9.2194477091e+10,1.1464107450e+11,-1.6439939406e+07
1782,6.4152000000e+06,0,-1.4486629127e+08,-7.5423863808e+08,1.3306116699e+07
1782,6.4152000000e+06,1,9.1999867456e+10,1.1509741852e+11,6.0556163758e+06
1782,6.4152000000e+06,2,9.2112171328e+10,1.1470842021e+11,-1.6209561596e+07
1783,6.4188000000e+06,0,-1.4482746036e+08,-7.5422422865e+08,1.3305312450e+07
1783,6.4188000000e+06,1,9.1914175312e+10,1.1516374522e+11,6.0484302087e+06
1783,6.4188000000e+06,2,9.2029807712e+10,1.1477573454e+11,-1.5977442990e+07
1784,6.4224000000e+06,0,-1.4478862930e+08,-7.5420981903e+08,1.3304508202e+07
1784,6.4224000000e+06,1,9.1828434461e+10,1.1523001007e+11,6.0412268956e+06
1784,6.4224000000e+06,2,9.1947386027e+10,1.1484301738e+11,-1.5743601953e+07
1785,6.4260000000e+06,0,-1.4474979810e+08,-7.5419540922e+08,1.3303703954e+07
1785,6.4260000000e+06,1,9.1742644952e+10,1.1529621305e+11,6.0340066659e+06
1785,6.4260000000e+06,2,9.1864906060e+10,1.1491026864e+11,-1.5508056967e+07
1786,6.4296000000e+06,0,-1.4471096674e+08,-7.5418099923e+08,1.3302899705e+07
1786,6.4296000000e+06,1,9.1656806831e+10,1.1536235412e+11,6.0267697503e+06
1786,6.4296000000e+06,2,9.1782367597e+10,1.1497748820e+11,-1.5270826633e+07
1787,6.4332000000e+06,0,-1.4467213524e+08,-7.5416658904e+08,1.3302095457e+07
1787,6.4332000000e+06,1,9.1570920146e+10,1.1542843325e+11,6.0195163809e+06
1787,6.4332000000e+06,2,9.1699770426e+10,1.1504467594e+11,-1.5031929666e+07
1788,6.4368000000e+06,0,-1.4463330359e+08,-7.5415217867e+08,1.3301291209e+07
1788,6.4368000000e+06,1,9.1484984944e+10,1.1549445039e+11,6.0122467914e+06
1788,6.4368000000e+06,2,9.1617114335e+10,1.1511183176e+11,-1.4791384899e+07
1789,6.4404000000e+06,0,-1.4459447179e+08,-7.5413776812e+08,1.3300486960e+07
1789,6.4404000000e+06,1,9.1399001273e+10,1.1556040552e+11,6.0049612167e+06
1789,6.4404000000e+06,2,9.1534399112e+10,1.1517895554e+11,-1.4549211280e+07
1790,6.4440000000e+06,0,-1.4455563984e+08,-7.5412335737e+08,1.3299682712e+07
1790,6.4440000000e+06,1,9.1312969179e+10,1.1562629859e+11,5.9976598933e+06
1790,6.4440000000e+06,2,9.1451624547e+10,1.1524604717e+11,-1.4305427870e+07
1791,6.4476000000e+06,0,-1.4451680775e+08,-7.5410894644e+08,1.3298878464e+07
1791,6.4476000000e+06,1,9.1226888710e+10,1.1569212957e+11,5.9903430590e+06
1791,6.4476000000e+06,2,9.1368790428e+10,1.1531310652e+11,-1.4060053846e+07
1792,6.4512000000e+06,0,-1.4447797551e+08,-7.5409453532e+08,1.3298074215e+07
1792,6.4512000000e+06,1,9.1140759915e+10,1.1575789843e+11,5.9830109530e+06
1792,6.4512000000e+06,2,9.1285896546e+10,1.1538013347e+11,-1.3813108496e+07
1793,6.4548000000e+06,0,-1.4443914312e+08,-7.5408012402e+08,1.3297269967e+07
1793,6.4548000000e+06,1,9.1054582839e+10,1.1582360513e+11,5.9756638159e+06
1793,6.4548000000e+06,2,9.1202942691e+10,1.1544712791e+11,-1.3564611223e+07
1794,6.4584000000e+06,0,-1.4440031058e+08,-7.5406571252e+08,1.3296465718e+07
1794,6.4584000000e+06,1,9.0968357531e+10,1.1588924964e+11,5.9683018896e+06
1794,6.4584000000e+06,2,9.1119928656e+10,1.1551408970e+11,-1.3314581539e+07
1795,6.4620000000e+06,0,-1.4436147790e+08,-7.5405130084e+08,1.3295661470e+07
1795,6.4620000000e+06,1,9.0882084038e+10,1.1595483191e+11,5.9609254175e+06
1795,6.4620000000e+06,2,9.1036854233e+10,1.1558101872e+11,-1.3063039071e+07
1796,6.4656000000e+06,0,-1.4432264507e+08,-7.5403688897e+08,1.3294857222e+07
1796,6.4656000000e+06,1,9.0795762407e+10,1.1602035192e+11,5.9535346443e+06
1796,6.4656000000e+06,2,9.0953719213e+10,1.1564791484e+11,-1.2810003553e+07
1797,6.4692000000e+06,0,-1.4428381210e+08,-7.5402247691e+08,1.3294052973e+07
1797,6.4692000000e+06,1,9.0709392687e+10,1.1608580963e+11,5.9461298159e+06
1797,6.4692000000e+06,2,9.0870523391e+10,1.1571477793e+11,-1.2555494830e+07
1798,6.4728000000e+06,0,-1.4424497897e+08,-7.5400806466e+08,1.3293248725e+07
1798,6.4728000000e+06,1,9.0622974924e+10,1.1615120499e+11,5.9387111798e+06
1798,6.4728000000e+06,2,9.0787266561e+10,1.1578160787e+11,-1.2299532859e+07
1799,6.4764000000e+06,0,-1.4420614571e+08,-7.5399365222e+08,1.3292444476e+07
1799,6.4764000000e+06,1,9.0536509166e+10,1.1621653799e+11,5.9312789848e+06
1799,6.4764000000e+06,2,9.0703948517e+10,1.1584840450e+11,-1.2042137702e+07
1800,6.4800000000e+06,0,-1.4416731229e+08,-7.5397923959e+08,1.3291640228e+07
1800,6.4800000000e+06,1,9.0449995461e+10,1.1628180858e+11,5.9238334808e+06
1800,6.4800000000e+06,2,9.0620569054e+10,1.1591516771e+11,-1.1783329533e+07
1801,6.4836000000e+06,0,-1.4412847873e+08,-7.5396482678e+08,1.3290835979e+07
1801,6.4836000000e+06,1,9.0363433856e+10,1.1634701673e+11,5.9163749192e+06
1801,6.4836000000e+06,2,9.0537127969e+10,1.1598189735e+11,-1.1523128630e+07
1802,6.4872000000e+06,0,-1.4408964502e+08,-7.5395041378e+08,1.3290031731e+07
1802,6.4872000000e+06,1,9.0276824400e+10,1.1641216240e+11,5.9089035527e+06
1802,6.4872000000e+06,2,9.0453625059e+10,1.1604859328e+11,-1.1261555380e+07
1803,6.4908000000e+06,0,-1.4405081117e+08,-7.5393600058e+08,1.3289227482e+07
1803,6.4908000000e+06,1,9.0190167139e+10,1.1647724555e+11,5.9014196354e+06
1803,6.4908000000e+06,2,9.0370060121e+10,1.1611525536e+11,-1.0998630277e+07
1804,6.4944000000e+06,0,-1.4401197717e+08,-7.5392158720e+08,1.3288423234e+07
1804,6.4944000000e+06,1,9.0103462121e+10,1.1654226616e+11,5.8939234224e+06
1804,6.4944000000e+06,2,9.0286432952e+10,1.1618188345e+11,-1.0734373919e+07
1805,6.4980000000e+06,0,-1.4397314303e+08,-7.5390717363e+08,1.3287618985e+07
1805,6.4980000000e+06,1,9.0016709394e+10,1.1660722419e+11,5.8864151704e+06
1805,6.4980000000e+06,2,9.0202743353e+10,1.1624847741e+11,-1.0468807010e+07
1806,6.5016000000e+06,0,-1.4393430874e+08,-7.5389275987e+08,1.3286814736e+07
1806,6.5016000000e+06,1,8.9929909006e+10,1.1667211960e+11,5.8788951373e+06
1806,6.5016000000e+06,2,9.0118991123e+10,1.1631503707e+11,-1.0201950360e+07
1807,6.5052000000e+06,0,-1.4389547430e+08,-7.5387834592e+08,1.3286010488e+07
1807,6.5052000000e+06,1,8.9843061005e+10,1.1673695235e+11,5.8713635822e+06
1807,6.5052000000e+06,2,9.0035176061e+10,1.1638156230e+11,-9.9338248822e+06
1808,6.5088000000e+06,0,-1.4385663972e+08,-7.5386393178e+08,1.3285206239e+07
1808,6.5088000000e+06,1,8.9756165437e+10,1.1680172242e+11,5.8638207655e+06
1808,6.5088000000e+06,2,8.9951297970e+10,1.1644805295e+11,-9.6644515923e+06
1809,6.5124000000e+06,0,-1.4381780499e+08,-7.5384951745e+08,1.3284401991e+07
1809,6.5124000000e+06,1,8.9669222352e+10,1.1686642977e+11,5.8562669489e+06
1809,6.5124000000e+06,2,8.9867356650e+10,1.1651450886e+11,-9.3938516103e+06
1810,6.5160000000e+06,0,-1.4377897012e+08,-7.5383510294e+08,1.3283597742e+07
1810,6.5160000000e+06,1,8.9582231796e+10,1.1693107437e+11,5.8487023954e+06
1810,6.5160000000e+06,2,8.9783351906e+10,1.1658092988e+11,-9.1220461583e+06
1811,6.5196000000e+06,0,-1.4374013511e+08,-7.5382068823e+08,1.3282793493e+07
1811,6.5196000000e+06,1,8.9495193818e+10,1.1699565617e+11,5.8411273691e+06
1811,6.5196000000e+06,2,8.9699283539e+10,1.1664731585e+11,-8.8490565602e+06
1812,6.5232000000e+06,0,-1.4370129995e+08,-7.5380627333e+08,1.3281989245e+07
1812,6.5232000000e+06,1,8.9408108466e+10,1.1706017514e+11,5.8335421355e+06
1812,6.5232000000e+06,2,8.9615151355e+10,1.1671366661e+11,-8.5749042414e+06
1813,6.5268000000e+06,0,-1.4366246465e+08,-7.5379185824e+08,1.3281184996e+07
1813,6.5268000000e+06,1,8.9320975786e+10,1.1712463126e+11,5.8259469613e+06
1813,6.5268000000e+06,2,8.9530955157e+10,1.1677998201e+11,-8.2996107278e+06
1814,6.5304000000e+06,0,-1.4362362920e+08,-7.5377744296e+08,1.3280380747e+07
1814,6.5304000000e+06,1,8.9233795828e+10,1.1718902448e+11,5.8183421143e+06
1814,6.5304000000e+06,2,8.9446694753e+10,1.1684626187e+11,-8.0231976457e+06
1815,6.5340000000e+06,0,-1.4358479360e+08,-7.5376302749e+08,1.3279576499e+07
1815,6.5340000000e+06,1,8.9146568639e+10,1.1725335478e+11,5.8107278638e+06
1815,6.5340000000e+06,2,8.9362369949e+10,1.1691250605e+11,-7.7456867212e+06
1816,6.5376000000e+06,0,-1.4354595787e+08,-7.5374861183e+08,1.3278772250e+07
1816,6.5376000000e+06,1,8.9059294266e+10,1.1731762211e+11,5.8031044800e+06
1816,6.5376000000e+06,2,8.9277980551e+10,1.1697871436e+11,-7.4670997792e+06
1817,6.5412000000e+06,0,-1.4350712199e+08,-7.5373419598e+08,1.3277968001e+07
1817,6.5412000000e+06,1,8.8971972759e+10,1.1738182645e+11,5.7954722346e+06
1817,6.5412000000e+06,2,8.9193526368e+10,1.1704488665e+11,-7.1874587436e+06
1818,6.5448000000e+06,0,-1.4346828596e+08,-7.5371977994e+08,1.3277163753e+07
1818,6.5448000000e+06,1,8.8884604164e+10,1.1744596775e+11,5.7878314002e+06
1818,6.5448000000e+06,2,8.9109007210e+10,1.1711102274e+11,-6.9067856360e+06
1819,6.5484000000e+06,0,-1.4342944979e+08,-7.5370536371e+08,1.3276359504e+07
1819,6.5484000000e+06,1,8.8797188530e+10,1.1751004599e+11,5.7801822509e+06
1819,6.5484000000e+06,2,8.9024422887e+10,1.1717712247e+11,-6.6251025758e+06
1820,6.5520000000e+06,0,-1.4339061348e+08,-7.5369094729e+08,1.3275555255e+07
1820,6.5520000000e+06,1,8.8709725905e+10,1.1757406113e+11,5.7725250618e+06
1820,6.5520000000e+06,2,8.8939773208e+10,1.1724318566e+11,-6.3424317790e+06
1821,6.5556000000e+06,0,-1.4335177702e+08,-7.5367653068e+08,1.3274751006e+07
1821,6.5556000000e+06,1,8.8622216336e+10,1.1763801313e+11,5.7648601093e+06
1821,6.5556000000e+06,2,8.8855057986e+10,1.1730921213e+11,-6.0587955585e+06
1822,6.5592000000e+06,0,-1.4331294043e+08,-7.5366211387e+08,1.3273946758e+07
1822,6.5592000000e+06,1,8.8534659872e+10,1.1770190197e+11,5.7571876708e+06
1822,6.5592000000e+06,2,8.8770277033e+10,1.1737520171e+11,-5.7742163227e+06
1823,6.5628000000e+06,0,-1.4327410368e+08,-7.5364769688e+08,1.3273142509e+07
1823,6.5628000000e+06,1,8.8447056561e+10,1.1776572761e+11,5.7495080250e+06
1823,6.5628000000e+06,2,8.8685430162e+10,1.1744115421e+11,-5.4887165756e+06
1824,6.5664000000e+06,0,-1.4323526680e+08,-7.5363327969e+08,1.3272338260e+07
1824,6.5664000000e+06,1,8.8359406451e+10,1.1782949001e+11,5.7418214519e+06
1824,6.5664000000e+06,2,8.8600517189e+10,1.1750706947e+11,-5.2023189158e+06
1825,6.5700000000e+06,0,-1.4319642977e+08,-7.5361886231e+08,1.3271534011e+07
1825,6.5700000000e+06,1,8.8271709589e+10,1.1789318915e+11,5.7341282323e+06
1825,6.5700000000e+06,2,8.8515537928e+10,1.1757294729e+11,-4.9150460364e+06
1826,6.5736000000e+06,0,-1.4315759260e+08,-7.5360444474e+08,1.3270729762e+07
1826,6.5736000000e+06,1,8.8183966024e+10,1.1795682498e+11,5.7264286485e+06
1826,6.5736000000e+06,2,8.8430492195e+10,1.1763878750e+11,-4.6269207240e+06
1827,6.5772000000e+06,0,-1.4311875529e+08,-7.5359002698e+08,1.3269925513e+07
1827,6.5772000000e+06,1,8.8096175805e+10,1.1802039747e+11,5.7187229837e+06
1827,6.5772000000e+06,2,8.8345379808e+10,1.1770458989e+11,-4.3379658586e+06
1828,6.5808000000e+06,0,-1.4307991783e+08,-7.5357560903e+08,1.3269121265e+07
1828,6.5808000000e+06,1,8.8008338979e+10,1.1808390660e+11,5.7110115225e+06
1828,6.5808000000e+06,2,8.8260200584e+10,1.1777035430e+11,-4.0482044126e+06
1829,6.5844000000e+06,0,-1.4304108023e+08,-7.5356119088e+08,1.3268317016e+07
1829,6.5844000000e+06,1,8.7920455594e+10,1.1814735232e+11,5.7032945503e+06
1829,6.5844000000e+06,2,8.8174954343e+10,1.1783608052e+11,-3.7576594507e+06
1830,6.5880000000e+06,0,-1.4300224249e+08,-7.5354677254e+08,1.3267512767e+07
1830,6.5880000000e+06,1,8.7832525698e+10,1.1821073461e+11,5.6955723539e+06
1830,6.5880000000e+06,2,8.8089640904e+10,1.1790176837e+11,-3.4663541289e+06
1831,6.5916000000e+06,0,-1.4296340461e+08,-7.5353235402e+08,1.3266708518e+07
1831,6.5916000000e+06,1,8.7744549340e+10,1.1827405342e+11,5.6878452211e+06
1831,6.5916000000e+06,2,8.8004260088e+10,1.1796741765e+11,-3.1743116944e+06
1832,6.5952000000e+06,0,-1.4292456659e+08,-7.5351793529e+08,1.3265904269e+07
1832,6.5952000000e+06,1,8.7656526568e+10,1.1833730873e+11,5.6801134408e+06
1832,6.5952000000e+06,2,8.7918811717e+10,1.1803302817e+11,-2.8815554847e+06
1833,6.5988000000e+06,0,-1.4288572842e+08,-7.5350351638e+08,1.3265100020e+07
1833,6.5988000000e+06,1,8.7568457430e+10,1.1840050050e+11,5.6723773030e+06
1833,6.5988000000e+06,2,8.7833295615e+10,1.1809859972e+11,-2.5881089272e+06
1834,6.6024000000e+06,0,-1.4284689012e+08,-7.5348909727e+08,1.3264295771e+07
1834,6.6024000000e+06,1,8.7480341974e+10,1.1846362871e+11,5.6646370989e+06
1834,6.6024000000e+06,2,8.7747711604e+10,1.1816413211e+11,-2.2939955384e+06
1835,6.6060000000e+06,0,-1.4280805167e+08,-7.5347467798e+08,1.3263491522e+07
1835,6.6060000000e+06,1,8.7392180249e+10,1.1852669331e+11,5.6568931206e+06
1835,6.6060000000e+06,2,8.7662059510e+10,1.1822962514e+11,-1.9992389238e+06
1836,6.6096000000e+06,0,-1.4276921308e+08,-7.5346025849e+08,1.3262687273e+07
1836,6.6096000000e+06,1,8.7303972302e+10,1.1858969427e+11,5.6491456614e+06
1836,6.6096000000e+06,2,8.7576339159e+10,1.1829507861e+11,-1.7038627767e+06
1837,6.6132000000e+06,0,-1.4273037434e+08,-7.5344583880e+08,1.3261883025e+07
1837,6.6132000000e+06,1,8.7215718182e+10,1.1865263156e+11,5.6413950158e+06
1837,6.6132000000e+06,2,8.7490550378e+10,1.1836049231e+11,-1.4078908783e+06
1838,6.6168000000e+06,0,-1.4269153547e+08,-7.5343141893e+08,1.3261078776e+07
1838,6.6168000000e+06,1,8.7127417938e+10,1.1871550515e+11,5.6336414791e+06
1838,6.6168000000e+06,2,8.7404692995e+10,1.1842586602e+11,-1.1113470965e+06
1839,6.6204000000e+06,0,-1.4265269646e+08,-7.5341699886e+08,1.3260274527e+07
1839,6.6204000000e+06,1,8.7039071617e+10,1.1877831501e+11,5.6258853479e+06
1839,6.6204000000e+06,2,8.7318766839e+10,1.1849119956e+11,-8.1425538556e+05
1840,6.6240000000e+06,0,-1.4261385730e+08,-7.5340257859e+08,1.3259470278e+07
1840,6.6240000000e+06,1,8.6950679268e+10,1.1884106109e+11,5.6181269197e+06
1840,6.6240000000e+06,2,8.7232771741e+10,1.1855649269e+11,-5.1663978564e+05
1841,6.6276000000e+06,0,-1.4257501801e+08,-7.5338815814e+08,1.3258666029e+07
1841,6.6276000000e+06,1,8.6862240939e+10,1.1890374338e+11,5.6103664931e+06
1841,6.6276000000e+06,2,8.7146707530e+10,1.1862174522e+11,-2.1852442194e+05
1842,6.6312000000e+06,0,-1.4253617857e+08,-7.5337373749e+08,1.3257861780e+07
1842,6.6312000000e+06,1,8.6773756679e+10,1.1896636182e+11,5.6026043677e+06
1842,6.6312000000e+06,2,8.7060574041e+10,1.1868695692e+11,8.0066495809e+04
1843,6.6348000000e+06,0,-1.4249733900e+08,-7.5335931665e+08,1.3257057531e+07
1843,6.6348000000e+06,1,8.6685226535e+10,1.1902891641e+11,5.5948408441e+06
1843,6.6348000000e+06,2,8.6974371106e+10,1.1875212759e+11,3.7910867398e+05
1844,6.6384000000e+06,0,-1.4245849928e+08,-7.5334489561e+08,1.3256253281e+07
1844,6.6384000000e+06,1,8.6596650557e+10,1.1909140709e+11,5.5870762242e+06
1844,6.6384000000e+06,2,8.6888098560e+10,1.1881725699e+11,6.7857773570e+05
1845,6.6420000000e+06,0,-1.4241965943e+08,-7.5333047438e+08,1.3255449032e+07
1845,6.6420000000e+06,1,8.6508028793e+10,1.1915383383e+11,5.5793108105e+06
1845,6.6420000000e+06,2,8.6801756240e+10,1.1888234492e+11,9.7844922147e+05
1846,6.6456000000e+06,0,-1.4238081943e+08,-7.5331605296e+08,1.3254644783e+07
1846,6.6456000000e+06,1,8.6419361290e+10,1.1921619662e+11,5.5715449067e+06
1846,6.6456000000e+06,2,8.6715343981e+10,1.1894739115e+11,1.2786985899e+06
1847,6.6492000000e+06,0,-1.4234197930e+08,-7.5330163134e+08,1.3253840534e+07
1847,6.6492000000e+06,1,8.6330648098e+10,1.1927849540e+11,5.5637788176e+06
1847,6.6492000000e+06,2,8.6628861622e+10,1.1901239545e+11,1.5793012181e+06
1848,6.6528000000e+06,0,-1.4230313902e+08,-7.5328720953e+08,1.3253036285e+07
1848,6.6528000000e+06,1,8.6241889265e+10,1.1934073016e+11,5.5560128489e+06
1848,6.6528000000e+06,2,8.6542309003e+10,1.1907735761e+11,1.8802324030e+06
1849,6.6564000000e+06,0,-1.4226429860e+08,-7.5327278753e+08,1.3252232036e+07
1849,6.6564000000e+06,1,8.6153084839e+10,1.1940290085e+11,5.5482473072e+06
1849,6.6564000000e+06,2,8.6455685964e+10,1.1914227739e+11,2.1814673612e+06
1850,6.6600000000e+06,0,-1.4222545805e+08,-7.5325836533e+08,1.3251427787e+07
1850,6.6600000000e+06,1,8.6064234869e+10,1.1946500744e+11,5.5404825002e+06
1850,6.6600000000e+06,2,8.6368992346e+10,1.1920715456e+11,2.4829812303e+06
1851,6.6636000000e+06,0,-1.4218661736e+08,-7.5324394294e+08,1.3250623538e+07
1851,6.6636000000e+06,1,8.5975339403e+10,1.1952704991e+11,5.5327187365e+06
1851,6.6636000000e+06,2,8.6282227993e+10,1.1927198889e+11,2.7847490693e+06
1852,6.6672000000e+06,0,-1.4214777652e+08,-7.5322952035e+08,1.3249819289e+07
1852,6.6672000000e+06,1,8.5886398490e+10,1.1958902822e+11,5.5249563256e+06
1852,6.6672000000e+06,2,8.6195392749e+10,1.1933678015e+11,3.0867458596e+06
1853,6.6708000000e+06,0,-1.4210893555e+08,-7.5321509757e+08,1.3249015040e+07
1853,6.6708000000e+06,1,8.5797412178e+10,1.1965094234e+11,5.5171955780e+06
1853,6.6708000000e+06,2,8.6108486460e+10,1.1940152811e+11,3.3889465053e+06
1854,6.6744000000e+06,0,-1.4207009444e+08,-7.5320067459e+08,1.3248210790e+07
1854,6.6744000000e+06,1,8.5708380515e+10,1.1971279223e+11,5.5094368053e+06
1854,6.6744000000e+06,2,8.6021508972e+10,1.1946623252e+11,3.6913258345e+06
1855,6.6780000000e+06,0,-1.4203125319e+08,-7.5318625142e+08,1.3247406541e+07
1855,6.6780000000e+06,1,8.5619303551e+10,1.1977457787e+11,5.5016803197e+06
1855,6.6780000000e+06,2,8.5934460133e+10,1.1953089315e+11,3.9938585996e+06
1856,6.6816000000e+06,0,-1.4199241180e+08,-7.5317182806e+08,1.3246602292e+07
1856,6.6816000000e+06,1,8.5530181333e+10,1.1983629922e+11,5.4939264346e+06
1856,6.6816000000e+06,2,8.5847339793e+10,1.1959550975e+11,4.2965194784e+06
1857,6.6852000000e+06,0,-1.4195357028e+08,-7.5315740450e+08,1.3245798043e+07
1857,6.6852000000e+06,1,8.5441013911e+10,1.1989795624e+11,5.4861754641e+06
1857,6.6852000000e+06,2,8.5760147802e+10,1.1966008209e+11,4.5992830747e+06
1858,6.6888000000e+06,0,-1.4191472861e+08,-7.5314298074e+08,1.3244993794e+07
1858,6.6888000000e+06,1,8.5351801333e+10,1.1995954892e+11,5.4784277233e+06
1858,6.6888000000e+06,2,8.5672884013e+10,1.1972460992e+11,4.9021239192e+06
1859,6.6924000000e+06,0,-1.4187588681e+08,-7.5312855679e+08,1.3244189544e+07
1859,6.6924000000e+06,1,8.5262543646e+10,1.2002107721e+11,5.4706835283e+06
1859,6.6924000000e+06,2,8.5585548279e+10,1.1978909299e+11,5.2050164704e+06
1860,6.6960000000e+06,0,-1.4183704487e+08,-7.5311413265e+08,1.3243385295e+07
1860,6.6960000000e+06,1,8.5173240901e+10,1.2008254108e+11,5.4629431958e+06
1860,6.6960000000e+06,2,8.5498140455e+10,1.1985353105e+11,5.5079351154e+06
1861,6.6996000000e+06,0,-1.4179820279e+08,-7.5309970831e+08,1.3242581046e+07
1861,6.6996000000e+06,1,8.5083893145e+10,1.2014394051e+11,5.4552070437e+06
1861,6.6996000000e+06,2,8.5410660397e+10,1.1991792385e+11,5.8108541705e+06
1862,6.7032000000e+06,0,-1.4175936057e+08,-7.5308528377e+08,1.3241776797e+07
1862,6.7032000000e+06,1,8.4994500428e+10,1.2020527546e+11,5.4474753904e+06
1862,6.7032000000e+06,2,8.5323107962e+10,1.1998227115e+11,6.1137478827e+06
1863,6.7068000000e+06,0,-1.4172051822e+08,-7.5307085904e+08,1.3240972547e+07
1863,6.7068000000e+06,1,8.4905062797e+10,1.2026654590e+11,5.4397485554e+06
1863,6.7068000000e+06,2,8.5235483010e+10,1.2004657268e+11,6.4165904300e+06
1864,6.7104000000e+06,0,-1.4168167573e+08,-7.5305643412e+08,1.3240168298e+07
1864,6.7104000000e+06,1,8.4815580301e+10,1.2032775179e+11,5.4320268590e+06
1864,6.7104000000e+06,2,8.5147785401e+10,1.2011082819e+11,6.7193559228e+06
1865,6.7140000000e+06,0,-1.4164283310e+08,-7.5304200899e+08,1.3239364049e+07
1865,6.7140000000e+06,1,8.4726052989e+10,1.2038889311e+11,5.4243106221e+06
1865,6.7140000000e+06,2,8.5060014997e+10,1.2017503743e+11,7.0220184042e+06
1866,6.7176000000e+06,0,-1.4160399034e+08,-7.5302758367e+08,1.3238559799e+07
1866,6.7176000000e+06,1,8.4636480910e+10,1.2044996983e+11,5.4166001668e+06
1866,6.7176000000e+06,2,8.4972171661e+10,1.2023920012e+11,7.3245518519e+06
1867,6.7212000000e+06,0,-1.4156514743e+08,-7.5301315816e+08,1.3237755550e+07
1867,6.7212000000e+06,1,8.4546864112e+10,1.2051098191e+11,5.4088958157e+06
1867,6.7212000000e+06,2,8.4884255259e+10,1.2030331602e+11,7.6269301784e+06
1868,6.7248000000e+06,0,-1.4152630439e+08,-7.5299873245e+08,1.3236951301e+07
1868,6.7248000000e+06,1,8.4457202643e+10,1.2057192932e+11,5.4011978922e+06
1868,6.7248000000e+06,2,8.4796265657e+10,1.2036738485e+11,7.9291272322e+06
1869,6.7284000000e+06,0,-1.4148746122e+08,-7.5298430655e+08,1.3236147051e+07
1869,6.7284000000e+06,1,8.4367496554e+10,1.2063281203e+11,5.3935067206e+06
1869,6.7284000000e+06,2,8.4708202723e+10,1.2043140635e+11,8.2311167993e+06
1870,6.7320000000e+06,0,-1.4144861790e+08,-7.5296988044e+08,1.3235342802e+07
1870,6.7320000000e+06,1,8.4277745891e+10,1.2069363000e+11,5.3858226258e+06
1870,6.7320000000e+06,2,8.4620066327e+10,1.2049538025e+11,8.5328726034e+06
1871,6.7356000000e+06,0,-1.4140977445e+08,-7.5295545414e+08,1.3234538553e+07
1871,6.7356000000e+06,1,8.4187950704e+10,1.2075438322e+11,5.3781459337e+06
1871,6.7356000000e+06,2,8.4531856339e+10,1.2055930628e+11,8.8343683079e+06
1872,6.7392000000e+06,0,-1.4137093087e+08,-7.5294102765e+08,1.3233734303e+07
1872,6.7392000000e+06,1,8.4098111042e+10,1.2081507165e+11,5.3704769706e+06
1872,6.7392000000e+06,2,8.4443572633e+10,1.2062318418e+11,9.1355775164e+06
1873,6.7428000000e+06,0,-1.4133208715e+08,-7.5292660096e+08,1.3232930054e+07
1873,6.7428000000e+06,1,8.4008226952e+10,1.2087569525e+11,5.3628160638e+06
1873,6.7428000000e+06,2,8.4355215082e+10,1.2068701366e+11,9.4364737740e+06
1874,6.7464000000e+06,0,-1.4129324329e+08,-7.5291217407e+08,1.3232125804e+07
1874,6.7464000000e+06,1,8.3918298485e+10,1.2093625399e+11,5.3551635411e+06
1874,6.7464000000e+06,2,8.4266783563e+10,1.2075079446e+11,9.7370305684e+06
1875,6.7500000000e+06,0,-1.4125439929e+08,-7.5289774699e+08,1.3231321555e+07
1875,6.7500000000e+06,1,8.3828325688e+10,1.2099674785e+11,5.3475197312e+06
1875,6.7500000000e+06,2,8.4178277954e+10,1.2081452629e+11,1.0037221331e+07
1876,6.7536000000e+06,0,-1.4121555517e+08,-7.5288331970e+08,1.3230517305e+07
1876,6.7536000000e+06,1,8.3738308611e+10,1.2105717679e+11,5.3398849633e+06
1876,6.7536000000e+06,2,8.4089698134e+10,1.2087820888e+11,1.0337019440e+07
1877,6.7572000000e+06,0,-1.4117671090e+08,-7.5286889223e+08,1.3229713056e+07
1877,6.7572000000e+06,1,8.3648247301e+10,1.2111754078e+11,5.3322595672e+06
1877,6.7572000000e+06,2,8.4001043984e+10,1.2094184194e+11,1.0636398216e+07
1878,6.7608000000e+06,0,-1.4113786650e+08,-7.5285446455e+08,1.3228908807e+07
1878,6.7608000000e+06,1,8.3558141808e+10,1.2117783980e+11,5.3246438736e+06
1878,6.7608000000e+06,2,8.3912315386e+10,1.2100542519e+11,1.0935330931e+07
1879,6.7644000000e+06,0,-1.4109902196e+08,-7.5284003668e+08,1.3228104557e+07
1879,6.7644000000e+06,1,8.3467992181e+10,1.2123807380e+11,5.3170382136e+06
1879,6.7644000000e+06,2,8.3823512226e+10,1.2106895835e+11,1.1233790805e+07
1880,6.7680000000e+06,0,-1.4106017729e+08,-7.5282560861e+08,1.3227300308e+07
1880,6.7680000000e+06,1,8.3377798468e+10,1.2129824277e+11,5.3094429191e+06
1880,6.7680000000e+06,2,8.3734634390e+10,1.2113244112e+11,1.1531751007e+07
1881,6.7716000000e+06,0,-1.4102133249e+08,-7.5281118034e+08,1.3226496058e+07
1881,6.7716000000e+06,1,8.3287560717e+10,1.2135834666e+11,5.3018583223e+06
1881,6.7716000000e+06,2,8.3645681765e+10,1.2119587323e+11,1.1829184658e+07
1882,6.7752000000e+06,0,-1.4098248755e+08,-7.5279675188e+08,1.3225691809e+07
1882,6.7752000000e+06,1,8.3197278979e+10,1.2141838546e+11,5.2942847563e+06
1882,6.7752000000e+06,2,8.3556654243e+10,1.2125925438e+11,1.2126064833e+07
1883,6.7788000000e+06,0,-1.4094364247e+08,-7.5278232322e+08,1.3224887559e+07
1883,6.7788000000e+06,1,8.3106953300e+10,1.2147835912e+11,5.2867225546e+06
1883,6.7788000000e+06,2,8.3467551714e+10,1.2132258428e+11,1.2422364560e+07
1884,6.7824000000e+06,0,-1.4090479726e+08,-7.5276789436e+08,1.3224083309e+07
1884,6.7824000000e+06,1,8.3016583731e+10,1.2153826762e+11,5.2791720512e+06
1884,6.7824000000e+06,2,8.3378374072e+10,1.2138586262e+11,1.2718056824e+07
1885,6.7860000000e+06,0,-1.4086595191e+08,-7.5275346530e+08,1.3223279060e+07
1885,6.7860000000e+06,1,8.2926170320e+10,1.2159811093e+11,5.2716335807e+06
1885,6.7860000000e+06,2,8.3289121213e+10,1.2144908913e+11,1.3013114566e+07
1886,6.7896000000e+06,0,-1.4082710644e+08,-7.5273903604e+08,1.3222474810e+07
1886,6.7896000000e+06,1,8.2835713115e+10,1.2165788901e+11,5.2641074782e+06
1886,6.7896000000e+06,2,8.3199793034e+10,1.2151226349e+11,1.3307510688e+07
1887,6.7932000000e+06,0,-1.4078826082e+08,-7.5272460659e+08,1.3221670561e+07
1887,6.7932000000e+06,1,8.2745212166e+10,1.2171760184e+11,5.2565940794e+06
1887,6.7932000000e+06,2,8.3110389435e+10,1.2157538541e+11,1.3601218049e+07
1888,6.7968000000e+06,0,-1.4074941508e+08,-7.5271017694e+08,1.3220866311e+07
1888,6.7968000000e+06,1,8.2654667521e+10,1.2177724939e+11,5.2490937201e+06
1888,6.7968000000e+06,2,8.3020910318e+10,1.2163845459e+11,1.3894209474e+07
1889,6.8004000000e+06,0,-1.4071056919e+08,-7.5269574709e+08,1.3220062062e+07
1889,6.8004000000e+06,1,8.2564079229e+10,1.2183683163e+11,5.2416067370e+06
1889,6.8004000000e+06,2,8.2931355584e+10,1.2170147072e+11,1.4186457748e+07
1890,6.8040000000e+06,0,-1.4067172318e+08,-7.5268131704e+08,1.3219257812e+07
1890,6.8040000000e+06,1,8.2473447338e+10,1.2189634852e+11,5.2341334668e+06
1890,6.8040000000e+06,2,8.2841725141e+10,1.2176443349e+11,1.4477935624e+07
1891,6.8076000000e+06,0,-1.4063287703e+08,-7.5266688680e+08,1.3218453562e+07
1891,6.8076000000e+06,1,8.2382771898e+10,1.2195580004e+11,5.2266742470e+06
1891,6.8076000000e+06,2,8.2752018895e+10,1.2182734261e+11,1.4768615821e+07
1892,6.8112000000e+06,0,-1.4059403075e+08,-7.5265245636e+08,1.3217649313e+07
1892,6.8112000000e+06,1,8.2292052957e+10,1.2201518615e+11,5.2192294152e+06
1892,6.8112000000e+06,2,8.2662236755e+10,1.2189019775e+11,1.5058471027e+07
1893,6.8148000000e+06,0,-1.4055518433e+08,-7.5263802571e+08,1.3216845063e+07
1893,6.8148000000e+06,1,8.2201290565e+10,1.2207450684e+11,5.2117993095e+06
1893,6.8148000000e+06,2,8.2572378634e+10,1.2195299861e+11,1.5347473898e+07
1894,6.8184000000e+06,0,-1.4051633778e+08,-7.5262359487e+08,1.3216040813e+07
1894,6.8184000000e+06,1,8.2110484769e+10,1.2213376206e+11,5.2043842683e+06
1894,6.8184000000e+06,2,8.2482444445e+10,1.2201574487e+11,1.5635597067e+07
1895,6.8220000000e+06,0,-1.4047749110e+08,-7.5260916383e+08,1.3215236564e+07
1895,6.8220000000e+06,1,8.2019635618e+10,1.2219295178e+11,5.1969846302e+06
1895,6.8220000000e+06,2,8.2392434104e+10,1.2207843622e+11,1.5922813137e+07
1896,6.8256000000e+06,0,-1.4043864429e+08,-7.5259473259e+08,1.3214432314e+07
1896,6.8256000000e+06,1,8.1928743162e+10,1.2225207598e+11,5.1896007344e+06
1896,6.8256000000e+06,2,8.2302347529e+10,1.2214107235e+11,1.6209094690e+07
1897,6.8292000000e+06,0,-1.4039979734e+08,-7.5258030115e+08,1.3213628064e+07
1897,6.8292000000e+06,1,8.1837807450e+10,1.2231113464e+11,5.1822329200e+06
1897,6.8292000000e+06,2,8.2212184640e+10,1.2220365292e+11,1.6494414283e+07
1898,6.8328000000e+06,0,-1.4036095026e+08,-7.5256586952e+08,1.3212823814e+07
1898,6.8328000000e+06,1,8.1746828529e+10,1.2237012770e+11,5.1748815265e+06
1898,6.8328000000e+06,2,8.2121945359e+10,1.2226617763e+11,1.6778744455e+07
1899,6.8364000000e+06,0,-1.4032210305e+08,-7.5255143768e+08,1.3212019565e+07
1899,6.8364000000e+06,1,8.1655806448e+10,1.2242905516e+11,5.1675468938e+06
1899,6.8364000000e+06,2,8.2031629612e+10,1.2232864615e+11,1.7062057728e+07
1900,6.8400000000e+06,0,-1.4028325571e+08,-7.5253700565e+08,1.3211215315e+07
1900,6.8400000000e+06,1,8.1564741257e+10,1.2248791698e+11,5.1602293617e+06
1900,6.8400000000e+06,2,8.1941237325e+10,1.2239105815e+11,1.7344326606e+07
1901,6.8436000000e+06,0,-1.4024440823e+08,-7.5252257341e+08,1.3210411065e+07
1901,6.8436000000e+06,1,8.1473633005e+10,1.2254671312e+11,5.1529292704e+06
1901,6.8436000000e+06,2,8.1850768428e+10,1.2245341332e+11,1.7625523579e+07
1902,6.8472000000e+06,0,-1.4020556062e+08,-7.5250814098e+08,1.3209606815e+07
1902,6.8472000000e+06,1,8.1382481739e+10,1.2260544357e+11,5.1456469600e+06
1902,6.8472000000e+06,2,8.1760222852e+10,1.2251571131e+11,1.7905621127e+07
1903,6.8508000000e+06,0,-1.4016671288e+08,-7.5249370835e+08,1.3208802566e+07
1903,6.8508000000e+06,1,8.1291287509e+10,1.2266410829e+11,5.1383827710e+06
1903,6.8508000000e+06,2,8.1669600531e+10,1.2257795180e+11,1.8184591719e+07
1904,6.8544000000e+06,0,-1.4012786501e+08,-7.5247927551e+08,1.3207998316e+07
1904,6.8544000000e+06,1,8.1200050363e+10,1.2272270725e+11,5.1311370438e+06
1904,6.8544000000e+06,2,8.1578901402e+10,1.2264013447e+11,1.8462407818e+07
1905,6.8580000000e+06,0,-1.4008901700e+08,-7.5246484248e+08,1.3207194066e+07
1905,6.8580000000e+06,1,8.1108770351e+10,1.2278124042e+11,5.1239101188e+06
1905,6.8580000000e+06,2,8.1488125404e+10,1.2270225897e+11,1.8739041881e+07
1906,6.8616000000e+06,0,-1.4005016887e+08,-7.5245040925e+08,1.3206389816e+07
1906,6.8616000000e+06,1,8.1017447521e+10,1.2283970777e+11,5.1167023367e+06
1906,6.8616000000e+06,2,8.1397272477e+10,1.2276432497e+11,1.9014466362e+07
1907,6.8652000000e+06,0,-1.4001132060e+08,-7.5243597581e+08,1.3205585566e+07
1907,6.8652000000e+06,1,8.0926081922e+10,1.2289810928e+11,5.1095140379e+06
1907,6.8652000000e+06,2,8.1306342566e+10,1.2282633214e+11,1.9288653715e+07
1908,6.8688000000e+06,0,-1.3997247220e+08,-7.5242154218e+08,1.3204781317e+07
1908,6.8688000000e+06,1,8.0834673602e+10,1.2295644491e+11,5.1023455629e+06
1908,6.8688000000e+06,2,8.1215335617e+10,1.2288828013e+11,1.9561576398e+07
1909,6.8724000000e+06,0,-1.3993362368e+08,-7.5240710835e+08,1.3203977067e+07
1909,6.8724000000e+06,1,8.0743222610e+10,1.2301471464e+11,5.0951972523e+06
1909,6.8724000000e+06,2,8.1124251579e+10,1.2295016860e+11,1.9833206871e+07
1910,6.8760000000e+06,0,-1.3989477502e+08,-7.5239267432e+08,1.3203172817e+07
1910,6.8760000000e+06,1,8.0651728995e+10,1.2307291844e+11,5.0880694463e+06
1910,6.8760000000e+06,2,8.1033090403e+10,1.2301199722e+11,2.0103517602e+07
1911,6.8796000000e+06,0,-1.3985592623e+08,-7.5237824008e+08,1.3202368567e+07
1911,6.8796000000e+06,1,8.0560192806e+10,1.2313105627e+11,5.0809624852e+06
1911,6.8796000000e+06,2,8.0941852043e+10,1.2307376564e+11,2.0372481069e+07
1912,6.8832000000e+06,0,-1.3981707730e+08,-7.5236380565e+08,1.3201564317e+07
1912,6.8832000000e+06,1,8.0468614092e+10,1.2318912811e+11,5.0738767092e+06
1912,6.8832000000e+06,2,8.0850536456e+10,1.2313547352e+11,2.0640069761e+07
1913,6.8868000000e+06,0,-1.3977822825e+08,-7.5234937101e+08,1.3200760067e+07
1913,6.8868000000e+06,1,8.0376992901e+10,1.2324713394e+11,5.0668124580e+06
1913,6.8868000000e+06,2,8.0759143601e+10,1.2319712049e+11,2.0906256184e+07
1914,6.8904000000e+06,0,-1.3973937907e+08,-7.5233493618e+08,1.3199955817e+07
1914,6.8904000000e+06,1,8.0285329281e+10,1.2330507371e+11,5.0597700714e+06
1914,6.8904000000e+06,2,8.0667673441e+10,1.2325870623e+11,2.1171012860e+07
1915,6.8940000000e+06,0,-1.3970052976e+08,-7.5232050114e+08,1.3199151567e+07
1915,6.8940000000e+06,1,8.0193623283e+10,1.2336294741e+11,5.0527498888e+06
1915,6.8940000000e+06,2,8.0576125940e+10,1.2332023038e+11,2.1434312331e+07
1916,6.8976000000e+06,0,-1.3966168032e+08,-7.5230606591e+08,1.3198347317e+07
1916,6.8976000000e+06,1,8.0101874953e+10,1.2342075501e+11,5.0457522493e+06
1916,6.8976000000e+06,2,8.0484501066e+10,1.2338169258e+11,2.1696127164e+07
1917,6.9012000000e+06,0,-1.3962283075e+08,-7.5229163047e+08,1.3197543067e+07
1917,6.9012000000e+06,1,8.0010084342e+10,1.2347849646e+11,5.0387774918e+06
1917,6.9012000000e+06,2,8.0392798790e+10,1.2344309248e+11,2.1956429950e+07
1918,6.9048000000e+06,0,-1.3958398104e+08,-7.5227719483e+08,1.3196738817e+07
1918,6.9048000000e+06,1,7.9918251497e+10,1.2353617176e+11,5.0318259548e+06
1918,6.9048000000e+06,2,8.0301019083e+10,1.2350442973e+11,2.2215193311e+07
1919,6.9084000000e+06,0,-1.3954513121e+08,-7.5226275899e+08,1.3195934567e+07
1919,6.9084000000e+06,1,7.9826376467e+10,1.2359378087e+11,5.0248979762e+06
1919,6.9084000000e+06,2,8.0209161923e+10,1.2356570396e+11,2.2472389898e+07
1920,6.9120000000e+06,0,-1.3950628125e+08,-7.5224832295e+08,1.3195130317e+07
1920,6.9120000000e+06,1,7.9734459302e+10,1.2365132376e+11,5.0179938938e+06
1920,6.9120000000e+06,2,8.0117227288e+10,1.2362691483e+11,2.2727992400e+07
1921,6.9156000000e+06,0,-1.3946743116e+08,-7.5223388671e+08,1.3194326067e+07
1921,6.9156000000e+06,1,7.9642500049e+10,1.2370880039e+11,5.0111140447e+06
1921,6.9156000000e+06,2,8.0025215161e+10,1.2368806197e+11,2.2981973542e+07
1922,6.9192000000e+06,0,-1.3942858094e+08,-7.5221945026e+08,1.3193521817e+07
1922,6.9192000000e+06,1,7.9550498757e+10,1.2376621076e+11,5.0042587656e+06
1922,6.9192000000e+06,2,7.9933125525e+10,1.2374914502e+11,2.3234306090e+07
1923,6.9228000000e+06,0,-1.3938973060e+08,-7.5220501362e+08,1.3192717567e+07
1923,6.9228000000e+06,1,7.9458455475e+10,1.2382355482e+11,4.9974283926e+06
1923,6.9228000000e+06,2,7.9840958370e+10,1.2381016361e+11,2.3484962856e+07
1924,6.9264000000e+06,0,-1.3935088012e+08,-7.5219057677e+08,1.3191913317e+07
1924,6.9264000000e+06,1,7.9366370252e+10,1.2388083255e+11,4.9906232611e+06
1924,6.9264000000e+06,2,7.9748713685e+10,1.2387111739e+11,2.3733916697e+07
1925,6.9300000000e+06,0,-1.3931202952e+08,-7.5217613972e+08,1.3191109067e+07
1925,6.9300000000e+06,1,7.9274243136e+10,1.2393804391e+11,4.9838437063e+06
1925,6.9300000000e+06,2,7.9656391465e+10,1.2393200597e+11,2.3981140521e+07
1926,6.9336000000e+06,0,-1.3927317878e+08,-7.5216170247e+08,1.3190304817e+07
1926,6.9336000000e+06,1,7.9182074176e+10,1.2399518889e+11,4.9770900622e+06
1926,6.9336000000e+06,2,7.9563991707e+10,1.2399282901e+11,2.4226607292e+07
1927,6.9372000000e+06,0,-1.3923432792e+08,-7.5214726502e+08,1.3189500567e+07
1927,6.9372000000e+06,1,7.9089863420e+10,1.2405226745e+11,4.9703626624e+06
1927,6.9372000000e+06,2,7.9471514410e+10,1.2405358613e+11,2.4470290030e+07
1928,6.9408000000e+06,0,-1.3919547693e+08,-7.5213282737e+08,1.3188696317e+07
1928,6.9408000000e+06,1,7.8997610918e+10,1.2410927957e+11,4.9636618397e+06
1928,6.9408000000e+06,2,7.9378959579e+10,1.2411427695e+11,2.4712161816e+07
1929,6.9444000000e+06,0,-1.3915662581e+08,-7.5211838951e+08,1.3187892067e+07
1929,6.9444000000e+06,1,7.8905316716e+10,1.2416622521e+11,4.9569879260e+06
1929,6.9444000000e+06,2,7.9286327220e+10,1.2417490111e+11,2.4952195793e+07
1930,6.9480000000e+06,0,-1.3911777456e+08,-7.5210395145e+08,1.3187087817e+07
1930,6.9480000000e+06,1,7.8812980865e+10,1.2422310436e+11,4.9503412527e+06
1930,6.9480000000e+06,2,7.9193617341e+10,1.2423545824e+11,2.5190365176e+07
1931,6.9516000000e+06,0,-1.3907892319e+08,-7.5208951319e+08,1.3186283566e+07
1931,6.9516000000e+06,1,7.8720603412e+10,1.2427991698e+11,4.9437221498e+06
1931,6.9516000000e+06,2,7.9100829957e+10,1.2429594795e+11,2.5426643247e+07
1932,6.9552000000e+06,0,-1.3904007169e+08,-7.5207507473e+08,1.3185479316e+07
1932,6.9552000000e+06,1,7.8628184406e+10,1.2433666304e+11,4.9371309468e+06
1932,6.9552000000e+06,2,7.9007965084e+10,1.2435636988e+11,2.5661003366e+07
1933,6.9588000000e+06,0,-1.3900122006e+08,-7.5206063606e+08,1.3184675066e+07
1933,6.9588000000e+06,1,7.8535723896e+10,1.2439334252e+11,4.9305679721e+06
1933,6.9588000000e+06,2,7.8915022741e+10,1.2441672364e+11,2.5893418970e+07
1934,6.9624000000e+06,0,-1.3896236830e+08,-7.5204619719e+08,1.3183870816e+07
1934,6.9624000000e+06,1,7.8443221930e+10,1.2444995538e+11,4.9240335530e+06
1934,6.9624000000e+06,2,7.8822002950e+10,1.2447700886e+11,2.6123863580e+07
1935,6.9660000000e+06,0,-1.3892351642e+08,-7.5203175812e+08,1.3183066566e+07
1935,6.9660000000e+06,1,7.8350678556e+10,1.2450650161e+11,4.9175280159e+06
1935,6.9660000000e+06,2,7.8728905739e+10,1.2453722516e+11,2.6352310800e+07
1936,6.9696000000e+06,0,-1.3888466441e+08,-7.5201731885e+08,1.3182262315e+07
1936,6.9696000000e+06,1,7.8258093824e+10,1.2456298117e+11,4.9110516859e+06
1936,6.9696000000e+06,2,7.8635731137e+10,1.2459737216e+11,2.6578734326e+07
1937,6.9732000000e+06,0,-1.3884581227e+08,-7.5200287937e+08,1.3181458065e+07
1937,6.9732000000e+06,1,7.8165467780e+10,1.2461939404e+11,4.9046048871e+06
1937,6.9732000000e+06,2,7.8542479178e+10,1.2465744947e+11,2.6803107949e+07
1938,6.9768000000e+06,0,-1.3880696000e+08,-7.5198843969e+08,1.3180653815e+07
1938,6.9768000000e+06,1,7.8072800475e+10,1.2467574019e+11,4.8981879423e+06
1938,6.9768000000e+06,2,7.8449149897e+10,1.2471745672e+11,2.7025405554e+07
1939,6.9804000000e+06,0,-1.3876810761e+08,-7.5197399981e+08,1.3179849565e+07
1939,6.9804000000e+06,1,7.7980091956e+10,1.2473201959e+11,4.8918011732e+06
1939,6.9804000000e+06,2,7.8355743335e+10,1.2477739352e+11,2.7245601131e+07
1940,6.9840000000e+06,0,-1.3872925509e+08,-7.5195955972e+08,1.3179045314e+07
1940,6.9840000000e+06,1,7.7887342272e+10,1.2478823221e+11,4.8854449000e+06
1940,6.9840000000e+06,2,7.8262259536e+10,1.2483725948e+11,2.7463668775e+07
1941,6.9876000000e+06,0,-1.3869040245e+08,-7.5194511943e+08,1.3178241064e+07
1941,6.9876000000e+06,1,7.7794551470e+10,1.2484437803e+11,4.8791194417e+06
1941,6.9876000000e+06,2,7.8168698547e+10,1.2489705421e+11,2.7679582689e+07
1942,6.9912000000e+06,0,-1.3865154968e+08,-7.5193067894e+08,1.3177436814e+07
1942,6.9912000000e+06,1,7.7701719600e+10,1.2490045702e+11,4.8728251157e+06
1942,6.9912000000e+06,2,7.8075060419e+10,1.2495677734e+11,2.7893317192e+07
1943,6.9948000000e+06,0,-1.3861269678e+08,-7.5191623824e+08,1.3176632564e+07
1943,6.9948000000e+06,1,7.7608846710e+10,1.2495646915e+11,4.8665622382e+06
1943,6.9948000000e+06,2,7.7981345206e+10,1.2501642847e+11,2.8104846719e+07
1944,6.9984000000e+06,0,-1.3857384376e+08,-7.5190179734e+08,1.3175828313e+07
1944,6.9984000000e+06,1,7.7515932848e+10,1.2501241440e+11,4.8603311238e+06
1944,6.9984000000e+06,2,7.7887552968e+10,1.2507600721e+11,2.8314145830e+07
1945,7.0020000000e+06,0,-1.3853499061e+08,-7.5188735624e+08,1.3175024063e+07
1945,7.0020000000e+06,1,7.7422978062e+10,1.2506829273e+11,4.8541320854e+06
1945,7.0020000000e+06,2,7.7793683765e+10,1.2513551318e+11,2.8521189208e+07
1946,7.0056000000e+06,0,-1.3849613734e+08,-7.5187291493e+08,1.3174219813e+07
1946,7.0056000000e+06,1,7.7329982400e+10,1.2512410413e+11,4.8479654345e+06
1946,7.0056000000e+06,2,7.7699737663e+10,1.2519494598e+11,2.8725951670e+07
1947,7.0092000000e+06,0,-1.3845728394e+08,-7.5185847342e+08,1.3173415562e+07
1947,7.0092000000e+06,1,7.7236945912e+10,1.2517984856e+11,4.8418314808e+06
1947,7.0092000000e+06,2,7.7605714733e+10,1.2525430522e+11,2.8928408166e+07
1948,7.0128000000e+06,0,-1.3841843041e+08,-7.5184403171e+08,1.3172611312e+07
1948,7.0128000000e+06,1,7.7143868644e+10,1.2523552599e+11,4.8357305324e+06
1948,7.0128000000e+06,2,7.7511615046e+10,1.2531359051e+11,2.9128533787e+07
1949,7.0164000000e+06,0,-1.3837957676e+08,-7.5182958979e+08,1.3171807061e+07
1949,7.0164000000e+06,1,7.7050750646e+10,1.2529113641e+11,4.8296628954e+06
1949,7.0164000000e+06,2,7.7417438681e+10,1.2537280145e+11,2.9326303766e+07
1950,7.0200000000e+06,0,-1.3834072299e+08,-7.5181514767e+08,1.3171002811e+07
1950,7.0200000000e+06,1,7.6957591965e+10,1.2534667978e+11,4.8236288743e+06
1950,7.0200000000e+06,2,7.7323185718e+10,1.2543193765e+11,2.9521693487e+07
1951,7.0236000000e+06,0,-1.3830186909e+08,-7.5180070534e+08,1.3170198561e+07
1951,7.0236000000e+06,1,7.6864392650e+10,1.2540215608e+11,4.8176287717e+06
1951,7.0236000000e+06,2,7.7228856241e+10,1.2549099872e+11,2.9714678484e+07
1952,7.0272000000e+06,0,-1.3826301506e+08,-7.5178626281e+08,1.3169394310e+07
1952,7.0272000000e+06,1,7.6771152748e+10,1.2545756527e+11,4.8116628881e+06
1952,7.0272000000e+06,2,7.7134450341e+10,1.2554998426e+11,2.9905234452e+07
1953,7.0308000000e+06,0,-1.3822416091e+08,-7.5177182007e+08,1.3168590060e+07
1953,7.0308000000e+06,1,7.6677872309e+10,1.2551290734e+11,4.8057315221e+06
1953,7.0308000000e+06,2,7.7039968108e+10,1.2560889388e+11,3.0093337245e+07
1954,7.0344000000e+06,0,-1.3818530664e+08,-7.5175737713e+08,1.3167785809e+07
1954,7.0344000000e+06,1,7.6584551379e+10,1.2556818225e+11,4.7998349703e+06
1954,7.0344000000e+06,2,7.6945409641e+10,1.2566772718e+11,3.0278962885e+07
1955,7.0380000000e+06,0,-1.3814645224e+08,-7.5174293399e+08,1.3166981559e+07
1955,7.0380000000e+06,1,7.6491190007e+10,1.2562338999e+11,4.7939735272e+06
1955,7.0380000000e+06,2,7.6850775040e+10,1.2572648376e+11,3.0462087565e+07
1956,7.0416000000e+06,0,-1.3810759772e+08,-7.5172849064e+08,1.3166177308e+07
1956,7.0416000000e+06,1,7.6397788242e+10,1.2567853052e+11,4.7881474850e+06
1956,7.0416000000e+06,2,7.6756064408e+10,1.2578516322e+11,3.0642687655e+07
1957,7.0452000000e+06,0,-1.3806874308e+08,-7.5171404708e+08,1.3165373058e+07
1957,7.0452000000e+06,1,7.6304346130e+10,1.2573360381e+11,4.7823571337e+06
1957,7.0452000000e+06,2,7.6661277856e+10,1.2584376517e+11,3.0820739705e+07
1958,7.0488000000e+06,0,-1.3802988831e+08,-7.5169960332e+08,1.3164568807e+07
1958,7.0488000000e+06,1,7.6210863721e+10,1.2578860984e+11,4.7766027611e+06
1958,7.0488000000e+06,2,7.6566415496e+10,1.2590228921e+11,3.0996220450e+07
1959,7.0524000000e+06,0,-1.3799103341e+08,-7.5168515936e+08,1.3163764557e+07
1959,7.0524000000e+06,1,7.6117341061e+10,1.2584354859e+11,4.7708846526e+06
1959,7.0524000000e+06,2,7.6471477445e+10,1.2596073494e+11,3.1169106817e+07
1960,7.0560000000e+06,0,-1.3795217840e+08,-7.5167071519e+08,1.3162960306e+07
1960,7.0560000000e+06,1,7.6023778200e+10,1.2589842002e+11,4.7652030913e+06
1960,7.0560000000e+06,2,7.6376463823e+10,1.2601910197e+11,3.1339375927e+07
1961,7.0596000000e+06,0,-1.3791332326e+08,-7.5165627081e+08,1.3162156056e+07
1961,7.0596000000e+06,1,7.5930175185e+10,1.2595322412e+11,4.7595583576e+06
1961,7.0596000000e+06,2,7.6281374757e+10,1.2607738989e+11,3.1507005102e+07
1962,7.0632000000e+06,0,-1.3787446799e+08,-7.5164182623e+08,1.3161351805e+07
1962,7.0632000000e+06,1,7.5836532063e+10,1.2600796084e+11,4.7539507296e+06
1962,7.0632000000e+06,2,7.6186210375e+10,1.2613559830e+11,3.1671971867e+07
1963,7.0668000000e+06,0,-1.3783561261e+08,-7.5162738145e+08,1.3160547555e+07
1963,7.0668000000e+06,1,7.5742848883e+10,1.2606263018e+11,4.7483804828e+06
1963,7.0668000000e+06,2,7.6090970812e+10,1.2619372681e+11,3.1834253959e+07
1964,7.0704000000e+06,0,-1.3779675710e+08,-7.5161293646e+08,1.3159743304e+07
1964,7.0704000000e+06,1,7.5649125693e+10,1.2611723209e+11,4.7428478900e+06
1964,7.0704000000e+06,2,7.5995656204e+10,1.2625177502e+11,3.1993829329e+07
1965,7.0740000000e+06,0,-1.3775790146e+08,-7.5159849126e+08,1.3158939054e+07
1965,7.0740000000e+06,1,7.5555362540e+10,1.2617176656e+11,4.7373532212e+06
1965,7.0740000000e+06,2,7.5900266695e+10,1.2630974252e+11,3.2150676148e+07
1966,7.0776000000e+06,0,-1.3771904571e+08,-7.5158404586e+08,1.3158134803e+07
1966,7.0776000000e+06,1,7.5461559472e+10,1.2622623356e+11,4.7318967437e+06
1966,7.0776000000e+06,2,7.5804802430e+10,1.2636762892e+11,3.2304772811e+07
1967,7.0812000000e+06,0,-1.3768018983e+08,-7.5156960025e+08,1.3157330552e+07
1967,7.0812000000e+06,1,7.5367716537e+10,1.2628063307e+11,4.7264787221e+06
1967,7.0812000000e+06,2,7.5709263560e+10,1.2642543382e+11,3.2456097943e+07
1968,7.0848000000e+06,0,-1.3764133383e+08,-7.5155515444e+08,1.3156526302e+07
1968,7.0848000000e+06,1,7.5273833782e+10,1.2633496505e+11,4.7210994180e+06
1968,7.0848000000e+06,2,7.5613650240e+10,1.2648315683e+11,3.2604630405e+07
1969,7.0884000000e+06,0,-1.3760247771e+08,-7.5154070842e+08,1.3155722051e+07
1969,7.0884000000e+06,1,7.5179911256e+10,1.2638922947e+11,4.7157590899e+06
1969,7.0884000000e+06,2,7.5517962629e+10,1.2654079753e+11,3.2750349296e+07
1970,7.0920000000e+06,0,-1.3756362146e+08,-7.5152626219e+08,1.3154917800e+07
1970,7.0920000000e+06,1,7.5085949006e+10,1.2644342633e+11,4.7104579937e+06
1970,7.0920000000e+06,2,7.5422200891e+10,1.2659835554e+11,3.2893233960e+07
1971,7.0956000000e+06,0,-1.3752476510e+08,-7.5151181576e+08,1.3154113550e+07
1971,7.0956000000e+06,1,7.4991947080e+10,1.2649755558e+11,4.7051963818e+06
1971,7.0956000000e+06,2,7.5326365194e+10,1.2665583045e+11,3.3033263992e+07
1972,7.0992000000e+06,0,-1.3748590861e+08,-7.5149736912e+08,1.3153309299e+07
1972,7.0992000000e+06,1,7.4897905525e+10,1.2655161720e+11,4.6999745036e+06
1972,7.0992000000e+06,2,7.5230455710e+10,1.2671322188e+11,3.3170419241e+07
1973,7.1028000000e+06,0,-1.3744705200e+08,-7.5148292228e+08,1.3152505048e+07
1973,7.1028000000e+06,1,7.4803824388e+10,1.2660561117e+11,4.6947926054e+06
1973,7.1028000000e+06,2,7.5134472617e+10,1.2677052941e+11,3.3304679817e+07
1974,7.1064000000e+06,0,-1.3740819527e+08,-7.5146847523e+08,1.3151700798e+07
1974,7.1064000000e+06,1,7.4709703718e+10,1.2665953746e+11,4.6896509302e+06
1974,7.1064000000e+06,2,7.5038416094e+10,1.2682775266e+11,3.3436026092e+07
1975,7.1100000000e+06,0,-1.3736933842e+08,-7.5145402797e+08,1.3150896547e+07
1975,7.1100000000e+06,1,7.4615543562e+10,1.2671339604e+11,4.6845497177e+06
1975,7.1100000000e+06,2,7.4942286329e+10,1.2688489123e+11,3.3564438712e+07
1976,7.1136000000e+06,0,-1.3733048145e+08,-7.5143958051e+08,1.3150092296e+07
1976,7.1136000000e+06,1,7.4521343967e+10,1.2676718689e+11,4.6794892039e+06
1976,7.1136000000e+06,2,7.4846083510e+10,1.2694194472e+11,3.3689898595e+07
1977,7.1172000000e+06,0,-1.3729162435e+08,-7.5142513284e+08,1.3149288045e+07
1977,7.1172000000e+06,1,7.4427104981e+10,1.2682090999e+11,4.6744696218e+06
1977,7.1172000000e+06,2,7.4749807833e+10,1.2699891273e+11,3.3812386942e+07
1978,7.1208000000e+06,0,-1.3725276714e+08,-7.5141068496e+08,1.3148483795e+07
1978,7.1208000000e+06,1,7.4332826652e+10,1.2687456530e+11,4.6694912007e+06
1978,7.1208000000e+06,2,7.4653459496e+10,1.2705579489e+11,3.3931885237e+07
1979,7.1244000000e+06,0,-1.3721390980e+08,-7.5139623687e+08,1.3147679544e+07
1979,7.1244000000e+06,1,7.4238509026e+10,1.2692815280e+11,4.6645541663e+06
1979,7.1244000000e+06,2,7.4557038703e+10,1.2711259078e+11,3.4048375255e+07
1980,7.1280000000e+06,0,-1.3717505234e+08,-7.5138178858e+08,1.3146875293e+07
1980,7.1280000000e+06,1,7.4144152151e+10,1.2698167246e+11,4.6596587407e+06
1980,7.1280000000e+06,2,7.4460545661e+10,1.2716930002e+11,3.4161839067e+07
1981,7.1316000000e+06,0,-1.3713619477e+08,-7.5136734009e+08,1.3146071042e+07
1981,7.1316000000e+06,1,7.4049756075e+10,1.2703512426e+11,4.6548051422e+06
1981,7.1316000000e+06,2,7.4363980584e+10,1.2722592222e+11,3.4272259044e+07
1982,7.1352000000e+06,0,-1.3709733707e+08,-7.5135289138e+08,1.3145266791e+07
1982,7.1352000000e+06,1,7.3955320845e+10,1.2708850818e+11,4.6499935855e+06
1982,7.1352000000e+06,2,7.4267343688e+10,1.2728245699e+11,3.4379617861e+07
1983,7.1388000000e+06,0,-1.3705847925e+08,-7.5133844247e+08,1.3144462541e+07
1983,7.1388000000e+06,1,7.3860846507e+10,1.2714182419e+11,4.6452242815e+06
1983,7.1388000000e+06,2,7.4170635194e+10,1.2733890394e+11,3.4483898507e+07
1984,7.1424000000e+06,0,-1.3701962132e+08,-7.5132399335e+08,1.3143658290e+07
1984,7.1424000000e+06,1,7.3766333110e+10,1.2719507225e+11,4.6404974369e+06
1984,7.1424000000e+06,2,7.4073855328e+10,1.2739526267e+11,3.4585084283e+07
1985,7.1460000000e+06,0,-1.3698076326e+08,-7.5130954402e+08,1.3142854039e+07
1985,7.1460000000e+06,1,7.3671780700e+10,1.2724825235e+11,4.6358132549e+06
1985,7.1460000000e+06,2,7.3977004321e+10,1.2745153281e+11,3.4683158810e+07
1986,7.1496000000e+06,0,-1.3694190508e+08,-7.5129509449e+08,1.3142049788e+07
1986,7.1496000000e+06,1,7.3577189325e+10,1.2730136447e+11,4.6311719344e+06
1986,7.1496000000e+06,2,7.3880082408e+10,1.2750771396e+11,3.4778106038e+07
1987,7.1532000000e+06,0,-1.3690304679e+08,-7.5128064474e+08,1.3141245537e+07
1987,7.1532000000e+06,1,7.3482559032e+10,1.2735440856e+11,4.6265736703e+06
1987,7.1532000000e+06,2,7.3783089828e+10,1.2756380574e+11,3.4869910244e+07
1988,7.1568000000e+06,0,-1.3686418837e+08,-7.5126619479e+08,1.3140441286e+07
1988,7.1568000000e+06,1,7.3387889868e+10,1.2740738462e+11,4.6220186534e+06
1988,7.1568000000e+06,2,7.3686026825e+10,1.2761980778e+11,3.4958556040e+07
1989,7.1604000000e+06,0,-1.3682532984e+08,-7.5125174464e+08,1.3139637035e+07
1989,7.1604000000e+06,1,7.3293181880e+10,1.2746029261e+11,4.6175070704e+06
1989,7.1604000000e+06,2,7.3588893648e+10,1.2767571968e+11,3.5044028381e+07
1990,7.1640000000e+06,0,-1.3678647118e+08,-7.5123729427e+08,1.3138832784e+07
1990,7.1640000000e+06,1,7.3198435115e+10,1.2751313251e+11,4.6130391036e+06
1990,7.1640000000e+06,2,7.3491690549e+10,1.2773154107e+11,3.5126312562e+07
1991,7.1676000000e+06,0,-1.3674761241e+08,-7.5122284370e+08,1.3138028534e+07
1991,7.1676000000e+06,1,7.3103649621e+10,1.2756590429e+11,4.6086149310e+06
1991,7.1676000000e+06,2,7.3394417786e+10,1.2778727157e+11,3.5205394232e+07
1992,7.1712000000e+06,0,-1.3670875352e+08,-7.5120839292e+08,1.3137224283e+07
1992,7.1712000000e+06,1,7.3008825443e+10,1.2761860792e+11,4.6042347264e+06
1992,7.1712000000e+06,2,7.3297075621e+10,1.2784291080e+11,3.5281259391e+07
1993,7.1748000000e+06,0,-1.3666989451e+08,-7.5119394193e+08,1.3136420032e+07
1993,7.1748000000e+06,1,7.2913962630e+10,1.2767124339e+11,4.5998986590e+06
1993,7.1748000000e+06,2,7.3199664321e+10,1.2789845839e+11,3.5353894399e+07
1994,7.1784000000e+06,0,-1.3663103538e+08,-7.5117949073e+08,1.3135615781e+07
1994,7.1784000000e+06,1,7.2819061228e+10,1.2772381066e+11,4.5956068938e+06
1994,7.1784000000e+06,2,7.3102184156e+10,1.2795391397e+11,3.5423285980e+07
1995,7.1820000000e+06,0,-1.3659217613e+08,-7.5116503932e+08,1.3134811530e+07
1995,7.1820000000e+06,1,7.2724121284e+10,1.2777630971e+11,4.5913595909e+06
1995,7.1820000000e+06,2,7.3004635403e+10,1.2800927716e+11,3.5489421225e+07
1996,7.1856000000e+06,0,-1.3655331677e+08,-7.5115058771e+08,1.3134007279e+07
1996,7.1856000000e+06,1,7.2629142845e+10,1.2782874052e+11,4.5871569061e+06
1996,7.1856000000e+06,2,7.2907018340e+10,1.2806454759e+11,3.5552287598e+07
1997,7.1892000000e+06,0,-1.3651445729e+08,-7.5113613589e+08,1.3133203028e+07
1997,7.1892000000e+06,1,7.2534125957e+10,1.2788110306e+11,4.5829989905e+06
1997,7.1892000000e+06,2,7.2809333253e+10,1.2811972490e+11,3.5611872941e+07
1998,7.1928000000e+06,0,-1.3647559769e+08,-7.5112168385e+08,1.3132398777e+07
1998,7.1928000000e+06,1,7.2439070669e+10,1.2793339730e+11,4.5788859904e+06
1998,7.1928000000e+06,2,7.2711580429e+10,1.2817480872e+11,3.5668165477e+07
1999,7.1964000000e+06,0,-1.3643673797e+08,-7.5110723161e+08,1.3131594526e+07
1999,7.1964000000e+06,1,7.2343977025e+10,1.2798562322e+11,4.5748180474e+06
1999,7.1964000000e+06,2,7.2613760163e+10,1.2822979869e+11,3.5721153813e+07
2000,7.2000000000e+06,0,-1.3639787813e+08,-7.5109277917e+08,1.3130790275e+07
2000,7.2000000000e+06,1,7.2248845074e+10,1.2803778079e+11,4.5707952984e+06
2000,7.2000000000e+06,2,7.2515872752e+10,1.2828469444e+11,3.5770826949e+07
2001,7.2036000000e+06,0,-1.3635901818e+08,-7.5107832651e+08,1.3129986023e+07
2001,7.2036000000e+06,1,7.2153674862e+10,1.2808986998e+11,4.5668178753e+06
2001,7.2036000000e+06,2,7.2417918499e+10,1.2833949563e+11,3.5817174277e+07
2002,7.2072000000e+06,0,-1.3632015811e+08,-7.5106387364e+08,1.3129181772e+07
2002,7.2072000000e+06,1,7.2058466435e+10,1.2814189078e+11,4.5628859052e+06
2002,7.2072000000e+06,2,7.2319897709e+10,1.2839420189e+11,3.5860185590e+07
2003,7.2108000000e+06,0,-1.3628129792e+08,-7.5104942057e+08,1.3128377521e+07
2003,7.2108000000e+06,1,7.1963219840e+10,1.2819384316e+11,4.5589995102e+06
2003,7.2108000000e+06,2,7.2221810693e+10,1.2844881287e+11,3.5899851080e+07
2004,7.2144000000e+06,0,-1.3624243762e+08,-7.5103496728e+08,1.3127573270e+07
2004,7.2144000000e+06,1,7.1867935124e+10,1.2824572708e+11,4.5551588073e+06
2004,7.2144000000e+06,2,7.2123657767e+10,1.2850332821e+11,3.5936161349e+07
2005,7.2180000000e+06,0,-1.3620357719e+08,-7.5102051379e+08,1.3126769019e+07
2005,7.2180000000e+06,1,7.1772612334e+10,1.2829754254e+11,4.5513639087e+06
2005,7.2180000000e+06,2,7.2025439250e+10,1.2855774758e+11,3.5969107408e+07
2006,7.2216000000e+06,0,-1.3616471666e+08,-7.5100606008e+08,1.3125964768e+07
2006,7.2216000000e+06,1,7.1677251516e+10,1.2834928949e+11,4.5476149214e+06
2006,7.2216000000e+06,2,7.1927155466e+10,1.2861207062e+11,3.5998680682e+07
2007,7.2252000000e+06,0,-1.3612585600e+08,-7.5099160617e+08,1.3125160517e+07
2007,7.2252000000e+06,1,7.1581852716e+10,1.2840096791e+11,4.5439119470e+06
2007,7.2252000000e+06,2,7.1828806743e+10,1.2866629699e+11,3.6024873015e+07
2008,7.2288000000e+06,0,-1.3608699523e+08,-7.5097715205e+08,1.3124356266e+07
2008,7.2288000000e+06,1,7.1486415982e+10,1.2845257779e+11,4.5402550823e+06
2008,7.2288000000e+06,2,7.1730393413e+10,1.2872042635e+11,3.6047676672e+07
2009,7.2324000000e+06,0,-1.3604813434e+08,-7.5096269772e+08,1.3123552014e+07
2009,7.2324000000e+06,1,7.1390941359e+10,1.2850411909e+11,4.5366444185e+06
2009,7.2324000000e+06,2,7.1631915813e+10,1.2877445836e+11,3.6067084345e+07
2010,7.2360000000e+06,0,-1.3600927334e+08,-7.5094824317e+08,1.3122747763e+07
2010,7.2360000000e+06,1,7.1295428895e+10,1.2855559179e+11,4.5330800419e+06
2010,7.2360000000e+06,2,7.1533374283e+10,1.2882839269e+11,3.6083089153e+07
2011,7.2396000000e+06,0,-1.3597041222e+08,-7.5093378842e+08,1.3121943512e+07
2011,7.2396000000e+06,1,7.1199878635e+10,1.2860699586e+11,4.5295620332e+06
2011,7.2396000000e+06,2,7.1434769168e+10,1.2888222901e+11,3.6095684647e+07
2012,7.2432000000e+06,0,-1.3593155099e+08,-7.5091933346e+08,1.3121139261e+07
2012,7.2432000000e+06,1,7.1104290626e+10,1.2865833127e+11,4.5260904678e+06
2012,7.2432000000e+06,2,7.1336100817e+10,1.2893596699e+11,3.6104864815e+07
2013,7.2468000000e+06,0,-1.3589268964e+08,-7.5090487829e+08,1.3120335010e+07
2013,7.2468000000e+06,1,7.1008664914e+10,1.2870959801e+11,4.5226654157e+06
2013,7.2468000000e+06,2,7.1237369584e+10,1.2898960630e+11,3.6110624084e+07
2014,7.2504000000e+06,0,-1.3585382817e+08,-7.5089042291e+08,1.3119530758e+07
2014,7.2504000000e+06,1,7.0913001546e+10,1.2876079605e+11,4.5192869416e+06
2014,7.2504000000e+06,2,7.1138575824e+10,1.2904314662e+11,3.6112957322e+07
2015,7.2540000000e+06,0,-1.3581496659e+08,-7.5087596732e+08,1.3118726507e+07
2015,7.2540000000e+06,1,7.0817300569e+10,1.2881192536e+11,4.5159551045e+06
2015,7.2540000000e+06,2,7.1039719900e+10,1.2909658763e+11,3.6111859841e+07
2016,7.2576000000e+06,0,-1.3577610490e+08,-7.5086151152e+08,1.3117922256e+07
2016,7.2576000000e+06,1,7.0721562027e+10,1.2886298591e+11,4.5126699581e+06
2016,7.2576000000e+06,2,7.0940802177e+10,1.2914992901e+11,3.6107327401e+07
2017,7.2612000000e+06,0,-1.3573724309e+08,-7.5084705551e+08,1.3117118005e+07
2017,7.2612000000e+06,1,7.0625785969e+10,1.2891397768e+11,4.5094315504e+06
2017,7.2612000000e+06,2,7.0841823022e+10,1.2920317047e+11,3.6099356216e+07
2018,7.2648000000e+06,0,-1.3569838116e+08,-7.5083259928e+08,1.3116313753e+07
2018,7.2648000000e+06,1,7.0529972439e+10,1.2896490065e+11,4.5062399238e+06
2018,7.2648000000e+06,2,7.0742782810e+10,1.2925631167e+11,3.6087942948e+07
2019,7.2684000000e+06,0,-1.3565951912e+08,-7.5081814285e+08,1.3115509502e+07
2019,7.2684000000e+06,1,7.0434121484e+10,1.2901575479e+11,4.5030951154e+06
2019,7.2684000000e+06,2,7.0643681917e+10,1.2930935233e+11,3.6073084717e+07
2020,7.2720000000e+06,0,-1.3562065697e+08,-7.5080368621e+08,1.3114705251e+07
2020,7.2720000000e+06,1,7.0338233151e+10,1.2906654007e+11,4.4999971562e+06
2020,7.2720000000e+06,2,7.0544520724e+10,1.2936229214e+11,3.6054779103e+07
2021,7.2756000000e+06,0,-1.3558179470e+08,-7.5078922936e+08,1.3113900999e+07
2021,7.2756000000e+06,1,7.0242307486e+10,1.2911725647e+11,4.4969460720e+06
2021,7.2756000000e+06,2,7.0445299614e+10,1.2941513080e+11,3.6033024143e+07
2022,7.2792000000e+06,0,-1.3554293231e+08,-7.5077477229e+08,1.3113096748e+07
2022,7.2792000000e+06,1,7.0146344534e+10,1.2916790396e+11,4.4939418825e+06
2022,7.2792000000e+06,2,7.0346018977e+10,1.2946786802e+11,3.6007818339e+07
2023,7.2828000000e+06,0,-1.3550406982e+08,-7.5076031502e+08,1.3112292497e+07
2023,7.2828000000e+06,1,7.0050344342e+10,1.2921848252e+11,4.4909846018e+06
2023,7.2828000000e+06,2,7.0246679203e+10,1.2952050350e+11,3.5979160658e+07
2024,7.2864000000e+06,0,-1.3546520721e+08,-7.5074585753e+08,1.3111488245e+07
2024,7.2864000000e+06,1,6.9954306957e+10,1.2926899213e+11,4.4880742386e+06
2024,7.2864000000e+06,2,7.0147280688e+10,1.2957303697e+11,3.5947050532e+07
2025,7.2900000000e+06,0,-1.3542634448e+08,-7.5073139983e+08,1.3110683994e+07
2025,7.2900000000e+06,1,6.9858232423e+10,1.2931943274e+11,4.4852107952e+06
2025,7.2900000000e+06,2,7.0047823830e+10,1.2962546814e+11,3.5911487862e+07
2026,7.2936000000e+06,0,-1.3538748164e+08,-7.5071694193e+08,1.3109879742e+07
2026,7.2936000000e+06,1,6.9762120788e+10,1.2936980435e+11,4.4823942688e+06
2026,7.2936000000e+06,2,6.9948309033e+10,1.2967779672e+11,3.5872473020e+07
2027,7.2972000000e+06,0,-1.3534861869e+08,-7.5070248381e+08,1.3109075491e+07
2027,7.2972000000e+06,1,6.9665972097e+10,1.2942010693e+11,4.4796246502e+06
2027,7.2972000000e+06,2,6.9848736702e+10,1.2973002245e+11,3.5830006849e+07
2028,7.3008000000e+06,0,-1.3530975562e+08,-7.5068802548e+08,1.3108271240e+07
2028,7.3008000000e+06,1,6.9569786396e+10,1.2947034045e+11,4.4769019247e+06
2028,7.3008000000e+06,2,6.9749107246e+10,1.2978214506e+11,3.5784090666e+07
2029,7.3044000000e+06,0,-1.3527089245e+08,-7.5067356694e+08,1.3107466988e+07
2029,7.3044000000e+06,1,6.9473563732e+10,1.2952050488e+11,4.4742260718e+06
2029,7.3044000000e+06,2,6.9649421078e+10,1.2983416428e+11,3.5734726261e+07
2030,7.3080000000e+06,0,-1.3523202916e+08,-7.5065910818e+08,1.3106662737e+07
2030,7.3080000000e+06,1,6.9377304151e+10,1.2957060019e+11,4.4715970649e+06
2030,7.3080000000e+06,2,6.9549678614e+10,1.2988607985e+11,3.5681915902e+07
2031,7.3116000000e+06,0,-1.3519316575e+08,-7.5064464922e+08,1.3105858485e+07
2031,7.3116000000e+06,1,6.9281007697e+10,1.2962062638e+11,4.4690148718e+06
2031,7.3116000000e+06,2,6.9449880272e+10,1.2993789151e+11,3.5625662332e+07
2032,7.3152000000e+06,0,-1.3515430223e+08,-7.5063019004e+08,1.3105054234e+07
2032,7.3152000000e+06,1,6.9184674419e+10,1.2967058340e+11,4.4664794542e+06
2032,7.3152000000e+06,2,6.9350026476e+10,1.2998959901e+11,3.5565968771e+07
2033,7.3188000000e+06,0,-1.3511543861e+08,-7.5061573065e+08,1.3104249982e+07
2033,7.3188000000e+06,1,6.9088304360e+10,1.2972047123e+11,4.4639907680e+06
2033,7.3188000000e+06,2,6.9250117650e+10,1.3004120209e+11,3.5502838918e+07
2034,7.3224000000e+06,0,-1.3507657486e+08,-7.5060127105e+08,1.3103445731e+07
2034,7.3224000000e+06,1,6.8991897568e+10,1.2977028985e+11,4.4615487634e+06
2034,7.3224000000e+06,2,6.9150154223e+10,1.3009270053e+11,3.5436276953e+07
2035,7.3260000000e+06,0,-1.3503771101e+08,-7.5058681124e+08,1.3102641479e+07
2035,7.3260000000e+06,1,6.8895454088e+10,1.2982003923e+11,4.4591533843e+06
2035,7.3260000000e+06,2,6.9050136627e+10,1.3014409406e+11,3.5366287532e+07
2036,7.3296000000e+06,0,-1.3499884704e+08,-7.5057235122e+08,1.3101837228e+07
2036,7.3296000000e+06,1,6.8798973967e+10,1.2986971934e+11,4.4568045691e+06
2036,7.3296000000e+06,2,6.8950065295e+10,1.3019538247e+11,3.5292875793e+07
2037,7.3332000000e+06,0,-1.3495998297e+08,-7.5055789099e+08,1.3101032976e+07
2037,7.3332000000e+06,1,6.8702457250e+10,1.2991933016e+11,4.4545022499e+06
2037,7.3332000000e+06,2,6.8849940665e+10,1.3024656552e+11,3.5216047352e+07
2038,7.3368000000e+06,0,-1.3492111878e+08,-7.5054343054e+08,1.3100228725e+07
2038,7.3368000000e+06,1,6.8605903982e+10,1.2996887167e+11,4.4522463533e+06
2038,7.3368000000e+06,2,6.8749763178e+10,1.3029764298e+11,3.5135808308e+07
2039,7.3404000000e+06,0,-1.3488225448e+08,-7.5052896988e+08,1.3099424473e+07
2039,7.3404000000e+06,1,6.8509314211e+10,1.3001834384e+11,4.4500367997e+06
2039,7.3404000000e+06,2,6.8649533275e+10,1.3034861464e+11,3.5052165236e+07
2040,7.3440000000e+06,0,-1.3484339006e+08,-7.5051450901e+08,1.3098620221e+07
2040,7.3440000000e+06,1,6.8412687982e+10,1.3006774663e+11,4.4478735038e+06
2040,7.3440000000e+06,2,6.8549251401e+10,1.3039948027e+11,3.4965125195e+07
2041,7.3476000000e+06,0,-1.3480452554e+08,-7.5050004792e+08,1.3097815970e+07
2041,7.3476000000e+06,1,6.8316025340e+10,1.3011708004e+11,4.4457563741e+06
2041,7.3476000000e+06,2,6.8448918006e+10,1.3045023967e+11,3.4874695719e+07
2042,7.3512000000e+06,0,-1.3476566091e+08,-7.5048558663e+08,1.3097011718e+07
2042,7.3512000000e+06,1,6.8219326332e+10,1.3016634402e+11,4.4436853136e+06
2042,7.3512000000e+06,2,6.8348533540e+10,1.3050089262e+11,3.4780884823e+07
2043,7.3548000000e+06,0,-1.3472679616e+08,-7.5047112512e+08,1.3096207467e+07
2043,7.3548000000e+06,1,6.8122591003e+10,1.3021553856e+11,4.4416602192e+06
2043,7.3548000000e+06,2,6.8248098455e+10,1.3055143893e+11,3.4683701000e+07
2044,7.3584000000e+06,0,-1.3468793130e+08,-7.5045666340e+08,1.3095403215e+07
2044,7.3584000000e+06,1,6.8025819399e+10,1.3026466363e+11,4.4396809818e+06
2044,7.3584000000e+06,2,6.8147613206e+10,1.3060187841e+11,3.4583153221e+07
2045,7.3620000000e+06,0,-1.3464906634e+08,-7.5044220146e+08,1.3094598963e+07
2045,7.3620000000e+06,1,6.7929011567e+10,1.3031371920e+11,4.4377474868e+06
2045,7.3620000000e+06,2,6.8047078251e+10,1.3065221084e+11,3.4479250930e+07
2046,7.3656000000e+06,0,-1.3461020126e+08,-7.5042773931e+08,1.3093794712e+07
2046,7.3656000000e+06,1,6.7832167552e+10,1.3036270525e+11,4.4358596135e+06
2046,7.3656000000e+06,2,6.7946494051e+10,1.3070243606e+11,3.4372004050e+07
2047,7.3692000000e+06,0,-1.3457133607e+08,-7.5041327695e+08,1.3092990460e+07
2047,7.3692000000e+06,1,6.7735287399e+10,1.3041162175e+11,4.4340172352e+06
2047,7.3692000000e+06,2,6.7845861066e+10,1.3075255388e+11,3.4261422975e+07
2048,7.3728000000e+06,0,-1.3453247077e+08,-7.5039881438e+08,1.3092186208e+07
2048,7.3728000000e+06,1,6.7638371156e+10,1.3046046868e+11,4.4322202199e+06
2048,7.3728000000e+06,2,6.7745179761e+10,1.3080256412e+11,3.4147518573e+07
2049,7.3764000000e+06,0,-1.3449360536e+08,-7.5038435159e+08,1.3091381957e+07
2049,7.3764000000e+06,1,6.7541418867e+10,1.3050924600e+11,4.4304684293e+06
2049,7.3764000000e+06,2,6.7644450602e+10,1.3085246661e+11,3.4030302183e+07
2050,7.3800000000e+06,0,-1.3445473985e+08,-7.5036988860e+08,1.3090577705e+07
2050,7.3800000000e+06,1,6.7444430578e+10,1.3055795370e+11,4.4287617197e+06
2050,7.3800000000e+06,2,6.7543674056e+10,1.3090226118e+11,3.3909785613e+07
2051,7.3836000000e+06,0,-1.3441587422e+08,-7.5035542538e+08,1.3089773453e+07
2051,7.3836000000e+06,1,6.7347406335e+10,1.3060659175e+11,4.4270999413e+06
2051,7.3836000000e+06,2,6.7442850594e+10,1.3095194768e+11,3.3785981138e+07
2052,7.3872000000e+06,0,-1.3437700848e+08,-7.5034096196e+08,1.3088969201e+07
2052,7.3872000000e+06,1,6.7250346185e+10,1.3065516011e+11,4.4254829389e+06
2052,7.3872000000e+06,2,6.7341980686e+10,1.3100152594e+11,3.3658901498e+07
2053,7.3908000000e+06,0,-1.3433814264e+08,-7.5032649832e+08,1.3088164950e+07
2053,7.3908000000e+06,1,6.7153250172e+10,1.3070365878e+11,4.4239105513e+06
2053,7.3908000000e+06,2,6.7241064807e+10,1.3105099582e+11,3.3528559899e+07
2054,7.3944000000e+06,0,-1.3429927668e+08,-7.5031203447e+08,1.3087360698e+07
2054,7.3944000000e+06,1,6.7056118343e+10,1.3075208771e+11,4.4223826119e+06
2054,7.3944000000e+06,2,6.7140103430e+10,1.3110035717e+11,3.3394970005e+07
2055,7.3980000000e+06,0,-1.3426041061e+08,-7.5029757040e+08,1.3086556446e+07
2055,7.3980000000e+06,1,6.6958950744e+10,1.3080044689e+11,4.4208989482e+06
2055,7.3980000000e+06,2,6.7039097032e+10,1.3114960984e+11,3.3258145941e+07
2056,7.4016000000e+06,0,-1.3422154444e+08,-7.5028310612e+08,1.3085752194e+07
2056,7.4016000000e+06,1,6.6861747420e+10,1.3084873628e+11,4.4194593824e+06
2056,7.4016000000e+06,2,6.6938046091e+10,1.3119875371e+11,3.3118102286e+07
2057,7.4052000000e+06,0,-1.3418267816e+08,-7.5026864163e+08,1.3084947942e+07
2057,7.4052000000e+06,1,6.6764508417e+10,1.3089695586e+11,4.4180637308e+06
2057,7.4052000000e+06,2,6.6836951086e+10,1.3124778865e+11,3.2974854075e+07
2058,7.4088000000e+06,0,-1.3414381177e+08,-7.5025417692e+08,1.3084143691e+07
2058,7.4088000000e+06,1,6.6667233782e+10,1.3094510561e+11,4.4167118043e+06
2058,7.4088000000e+06,2,6.6735812496e+10,1.3129671452e+11,3.2828416791e+07
2059,7.4124000000e+06,0,-1.3410494527e+08,-7.5023971200e+08,1.3083339439e+07
2059,7.4124000000e+06,1,6.6569923559e+10,1.3099318550e+11,4.4154034083e+06
2059,7.4124000000e+06,2,6.6634630805e+10,1.3134553122e+11,3.2678806368e+07
2060,7.4160000000e+06,0,-1.3406607866e+08,-7.5022524687e+08,1.3082535187e+07
2060,7.4160000000e+06,1,6.6472577796e+10,1.3104119550e+11,4.4141383426e+06
2060,7.4160000000e+06,2,6.6533406493e+10,1.3139423862e+11,3.2526039183e+07
2061,7.4196000000e+06,0,-1.3402721194e+08,-7.5021078152e+08,1.3081730935e+07
2061,7.4196000000e+06,1,6.6375196537e+10,1.3108913558e+11,4.4129164019e+06
2061,7.4196000000e+06,2,6.6432140045e+10,1.3144283663e+11,3.2370132053e+07
2062,7.4232000000e+06,0,-1.3398834512e+08,-7.5019631595e+08,1.3080926683e+07
2062,7.4232000000e+06,1,6.6277779829e+10,1.3113700573e+11,4.4117373750e+06
2062,7.4232000000e+06,2,6.6330831946e+10,1.3149132513e+11,3.2211102237e+07
2063,7.4268000000e+06,0,-1.3394947818e+08,-7.5018185018e+08,1.3080122431e+07
2063,7.4268000000e+06,1,6.6180327718e+10,1.3118480591e+11,4.4106010459e+06
2063,7.4268000000e+06,2,6.6229482680e+10,1.3153970403e+11,3.2048967426e+07
2064,7.4304000000e+06,0,-1.3391061114e+08,-7.5016738419e+08,1.3079318179e+07
2064,7.4304000000e+06,1,6.6082840249e+10,1.3123253609e+11,4.4095071927e+06
2064,7.4304000000e+06,2,6.6128092734e+10,1.3158797324e+11,3.1883745743e+07
2065,7.4340000000e+06,0,-1.3387174400e+08,-7.5015291798e+08,1.3078513927e+07
2065,7.4340000000e+06,1,6.5985317469e+10,1.3128019626e+11,4.4084555889e+06
2065,7.4340000000e+06,2,6.6026662596e+10,1.3163613266e+11,3.1715455738e+07
2066,7.4376000000e+06,0,-1.3383287674e+08,-7.5013845156e+08,1.3077709675e+07
2066,7.4376000000e+06,1,6.5887759423e+10,1.3132778638e+11,4.4074460021e+06
2066,7.4376000000e+06,2,6.5925192752e+10,1.3168418223e+11,3.1544116387e+07
2067,7.4412000000e+06,0,-1.3379400938e+08,-7.5012398493e+08,1.3076905424e+07
2067,7.4412000000e+06,1,6.5790166158e+10,1.3137530643e+11,4.4064781954e+06
2067,7.4412000000e+06,2,6.5823683690e+10,1.3173212187e+11,3.1369747082e+07
2068,7.4448000000e+06,0,-1.3375514191e+08,-7.5010951808e+08,1.3076101172e+07
2068,7.4448000000e+06,1,6.5692537719e+10,1.3142275638e+11,4.4055519262e+06
2068,7.4448000000e+06,2,6.5722135900e+10,1.3177995150e+11,3.1192367634e+07
2069,7.4484000000e+06,0,-1.3371627433e+08,-7.5009505101e+08,1.3075296920e+07
2069,7.4484000000e+06,1,6.5594874152e+10,1.3147013620e+11,4.4046669472e+06
2069,7.4484000000e+06,2,6.5620549870e+10,1.3182767105e+11,3.1011998265e+07
2070,7.4520000000e+06,0,-1.3367740665e+08,-7.5008058373e+08,1.3074492668e+07
2070,7.4520000000e+06,1,6.5497175504e+10,1.3151744587e+11,4.4038230060e+06
2070,7.4520000000e+06,2,6.5518926088e+10,1.3187528048e+11,3.0828659603e+07
2071,7.4556000000e+06,0,-1.3363853886e+08,-7.5006611624e+08,1.3073688416e+07
2071,7.4556000000e+06,1,6.5399441821e+10,1.3156468536e+11,4.4030198451e+06
2071,7.4556000000e+06,2,6.5417265046e+10,1.3192277973e+11,3.0642372680e+07
2072,7.4592000000e+06,0,-1.3359967097e+08,-7.5005164853e+08,1.3072884164e+07
2072,7.4592000000e+06,1,6.5301673148e+10,1.3161185465e+11,4.4022572024e+06
2072,7.4592000000e+06,2,6.5315567231e+10,1.3197016875e+11,3.0453158926e+07
2073,7.4628000000e+06,0,-1.3356080296e+08,-7.5003718061e+08,1.3072079912e+07
2073,7.4628000000e+06,1,6.5203869531e+10,1.3165895371e+11,4.4015348107e+06
2073,7.4628000000e+06,2,6.5213833133e+10,1.3201744749e+11,3.0261040165e+07
2074,7.4664000000e+06,0,-1.3352193485e+08,-7.5002271247e+08,1.3071275659e+07
2074,7.4664000000e+06,1,6.5106031018e+10,1.3170598251e+11,4.4008523980e+06
2074,7.4664000000e+06,2,6.5112063243e+10,1.3206461593e+11,3.0066038611e+07
2075,7.4700000000e+06,0,-1.3348306664e+08,-7.5000824412e+08,1.3070471407e+07
2075,7.4700000000e+06,1,6.5008157653e+10,1.3175294102e+11,4.4002096877e+06
2075,7.4700000000e+06,2,6.5010258048e+10,1.3211167402e+11,2.9868176861e+07
2076,7.4736000000e+06,0,-1.3344419832e+08,-7.4999377555e+08,1.3069667155e+07
2076,7.4736000000e+06,1,6.4910249483e+10,1.3179982922e+11,4.3996063985e+06
2076,7.4736000000e+06,2,6.4908418039e+10,1.3215862175e+11,2.9667477893e+07
2077,7.4772000000e+06,0,-1.3340532989e+08,-7.4997930676e+08,1.3068862903e+07
2077,7.4772000000e+06,1,6.4812306555e+10,1.3184664709e+11,4.3990422444e+06
2077,7.4772000000e+06,2,6.4806543704e+10,1.3220545908e+11,2.9463965058e+07
2078,7.4808000000e+06,0,-1.3336646136e+08,-7.4996483776e+08,1.3068058651e+07
2078,7.4808000000e+06,1,6.4714328914e+10,1.3189339459e+11,4.3985169351e+06
2078,7.4808000000e+06,2,6.4704635531e+10,1.3225218601e+11,2.9257662077e+07
2079,7.4844000000e+06,0,-1.3332759273e+08,-7.4995036855e+08,1.3067254399e+07
2079,7.4844000000e+06,1,6.4616316607e+10,1.3194007169e+11,4.3980301754e+06
2079,7.4844000000e+06,2,6.4602694009e+10,1.3229880253e+11,2.9048593035e+07
2080,7.4880000000e+06,0,-1.3328872398e+08,-7.4993589912e+08,1.3066450147e+07
2080,7.4880000000e+06,1,6.4518269680e+10,1.3198667838e+11,4.3975816661e+06
2080,7.4880000000e+06,2,6.4500719624e+10,1.3234530863e+11,2.8836782378e+07
2081,7.4916000000e+06,0,-1.3324985514e+08,-7.4992142947e+08,1.3065645895e+07
2081,7.4916000000e+06,1,6.4420188179e+10,1.3203321462e+11,4.3971711034e+06
2081,7.4916000000e+06,2,6.4398712864e+10,1.3239170431e+11,2.8622254903e+07
2082,7.4952000000e+06,0,-1.3321098619e+08,-7.4990695961e+08,1.3064841643e+07
2082,7.4952000000e+06,1,6.4322072150e+10,1.3207968039e+11,4.3967981793e+06
2082,7.4952000000e+06,2,6.4296674214e+10,1.3243798958e+11,2.8405035757e+07
2083,7.4988000000e+06,0,-1.3317211713e+08,-7.4989248953e+08,1.3064037390e+07
2083,7.4988000000e+06,1,6.4223921641e+10,1.3212607566e+11,4.3964625815e+06
2083,7.4988000000e+06,2,6.4194604161e+10,1.3248416445e+11,2.8185150429e+07
2084,7.5024000000e+06,0,-1.3313324797e+08,-7.4987801923e+08,1.3063233138e+07
2084,7.5024000000e+06,1,6.4125736697e+10,1.3217240040e+11,4.3961639936e+06
2084,7.5024000000e+06,2,6.4092503188e+10,1.3253022893e+11,2.7962624746e+07
2085,7.5060000000e+06,0,-1.3309437870e+08,-7.4986354872e+08,1.3062428886e+07
2085,7.5060000000e+06,1,6.4027517364e+10,1.3221865459e+11,4.3959020953e+06
2085,7.5060000000e+06,2,6.3990371778e+10,1.3257618306e+11,2.7737484866e+07
2086,7.5096000000e+06,0,-1.3305550933e+08,-7.4984907800e+08,1.3061624634e+07
2086,7.5096000000e+06,1,6.3929263690e+10,1.3226483820e+11,4.3956765619e+06
2086,7.5096000000e+06,2,6.3888210415e+10,1.3262202685e+11,2.7509757274e+07
2087,7.5132000000e+06,0,-1.3301663986e+08,-7.4983460706e+08,1.3060820382e+07
2087,7.5132000000e+06,1,6.3830975721e+10,1.3231095121e+11,4.3954870651e+06
2087,7.5132000000e+06,2,6.3786019581e+10,1.3266776034e+11,2.7279468774e+07
2088,7.5168000000e+06,0,-1.3297777028e+08,-7.4982013590e+08,1.3060016129e+07
2088,7.5168000000e+06,1,6.3732653503e+10,1.3235699358e+11,4.3953332726e+06
2088,7.5168000000e+06,2,6.3683799754e+10,1.3271338357e+11,2.7046646485e+07
2089,7.5204000000e+06,0,-1.3293890060e+08,-7.4980566452e+08,1.3059211877e+07
2089,7.5204000000e+06,1,6.3634297082e+10,1.3240296528e+11,4.3952148483e+06
2089,7.5204000000e+06,2,6.3581551414e+10,1.3275889658e+11,2.6811317835e+07
2090,7.5240000000e+06,0,-1.3290003081e+08,-7.4979119293e+08,1.3058407625e+07
2090,7.5240000000e+06,1,6.3535906506e+10,1.3244886630e+11,4.3951314523e+06
2090,7.5240000000e+06,2,6.3479275039e+10,1.3280429942e+11,2.6573510554e+07
2091,7.5276000000e+06,0,-1.3286116093e+08,-7.4977672112e+08,1.3057603373e+07
2091,7.5276000000e+06,1,6.3437481821e+10,1.3249469660e+11,4.3950827412e+06
2091,7.5276000000e+06,2,6.3376971105e+10,1.3284959214e+11,2.6333252669e+07
2092,7.5312000000e+06,0,-1.3282229093e+08,-7.4976224910e+08,1.3056799120e+07
2092,7.5312000000e+06,1,6.3339023074e+10,1.3254045616e+11,4.3950683680e+06
2092,7.5312000000e+06,2,6.3274640088e+10,1.3289477480e+11,2.6090572498e+07
2093,7.5348000000e+06,0,-1.3278342084e+08,-7.4974777686e+08,1.3055994868e+07
2093,7.5348000000e+06,1,6.3240530311e+10,1.3258614496e+11,4.3950879820e+06
2093,7.5348000000e+06,2,6.3172282460e+10,1.3293984747e+11,2.5845498643e+07
2094,7.5384000000e+06,0,-1.3274455064e+08,-7.4973330440e+08,1.3055190616e+07
2094,7.5384000000e+06,1,6.3142003580e+10,1.3263176295e+11,4.3951412293e+06
2094,7.5384000000e+06,2,6.3069898693e+10,1.3298481021e+11,2.5598059984e+07
2095,7.5420000000e+06,0,-1.3270568034e+08,-7.4971883173e+08,1.3054386363e+07
2095,7.5420000000e+06,1,6.3043442926e+10,1.3267731012e+11,4.3952277526e+06
2095,7.5420000000e+06,2,6.2967489257e+10,1.3302966309e+11,2.5348285675e+07
2096,7.5456000000e+06,0,-1.3266680994e+08,-7.4970435884e+08,1.3053582111e+07
2096,7.5456000000e+06,1,6.2944848398e+10,1.3272278643e+11,4.3953471912e+06
2096,7.5456000000e+06,2,6.2865054621e+10,1.3307440621e+11,2.5096205136e+07
2097,7.5492000000e+06,0,-1.3262793943e+08,-7.4968988573e+08,1.3052777859e+07
2097,7.5492000000e+06,1,6.2846220041e+10,1.3276819187e+11,4.3954991814e+06
2097,7.5492000000e+06,2,6.2762595252e+10,1.3311903963e+11,2.4841848044e+07
2098,7.5528000000e+06,0,-1.3258906882e+08,-7.4967541240e+08,1.3051973606e+07
2098,7.5528000000e+06,1,6.2747557903e+10,1.3281352641e+11,4.3956833562e+06
2098,7.5528000000e+06,2,6.2660111613e+10,1.3316356345e+11,2.4585244334e+07
2099,7.5564000000e+06,0,-1.3255019811e+08,-7.4966093886e+08,1.3051169354e+07
2099,7.5564000000e+06,1,6.2648862030e+10,1.3285879001e+11,4.3958993456e+06
2099,7.5564000000e+06,2,6.2557604168e+10,1.3320797777e+11,2.4326424186e+07
2100,7.5600000000e+06,0,-1.3251132730e+08,-7.4964646510e+08,1.3050365101e+07
2100,7.5600000000e+06,1,6.2550132470e+10,1.3290398264e+11,4.3961467767e+06
2100,7.5600000000e+06,2,6.2455073377e+10,1.3325228267e+11,2.4065418021e+07
2101,7.5636000000e+06,0,-1.3247245638e+08,-7.4963199113e+08,1.3049560849e+07
2101,7.5636000000e+06,1,6.2451369270e+10,1.3294910429e+11,4.3964252737e+06
2101,7.5636000000e+06,2,6.2352519699e+10,1.3329647827e+11,2.3802256497e+07
2102,7.5672000000e+06,0,-1.3243358537e+08,-7.4961751693e+08,1.3048756597e+07
2102,7.5672000000e+06,1,6.2352572477e+10,1.3299415493e+11,4.3967344578e+06
2102,7.5672000000e+06,2,6.2249943591e+10,1.3334056467e+11,2.3536970499e+07
2103,7.5708000000e+06,0,-1.3239471425e+08,-7.4960304252e+08,1.3047952344e+07
2103,7.5708000000e+06,1,6.2253742138e+10,1.3303913452e+11,4.3970739477e+06
2103,7.5708000000e+06,2,6.2147345507e+10,1.3338454198e+11,2.3269591133e+07
2104,7.5744000000e+06,0,-1.3235584303e+08,-7.4958856789e+08,1.3047148092e+07
2104,7.5744000000e+06,1,6.2154878300e+10,1.3308404304e+11,4.3974433593e+06
2104,7.5744000000e+06,2,6.2044725899e+10,1.3342841033e+11,2.3000149724e+07
2105,7.5780000000e+06,0,-1.3231697171e+08,-7.4957409305e+08,1.3046343839e+07
2105,7.5780000000e+06,1,6.2055981011e+10,1.3312888047e+11,4.3978423061e+06
2105,7.5780000000e+06,2,6.1942085217e+10,1.3347216983e+11,2.2728677804e+07
2106,7.5816000000e+06,0,-1.3227810029e+08,-7.4955961798e+08,1.3045539587e+07
2106,7.5816000000e+06,1,6.1957050318e+10,1.3317364677e+11,4.3982703988e+06
2106,7.5816000000e+06,2,6.1839423908e+10,1.3351582061e+11,2.2455207109e+07
2107,7.5852000000e+06,0,-1.3223922876e+08,-7.4954514270e+08,1.3044735334e+07
2107,7.5852000000e+06,1,6.1858086267e+10,1.3321834192e+11,4.3987272459e+06
2107,7.5852000000e+06,2,6.1736742418e+10,1.3355936280e+11,2.2179769573e+07
2108,7.5888000000e+06,0,-1.3220035714e+08,-7.4953066720e+08,1.3043931082e+07
2108,7.5888000000e+06,1,6.1759088908e+10,1.3326296589e+11,4.3992124536e+06
2108,7.5888000000e+06,2,6.1634041188e+10,1.3360279654e+11,2.1902397318e+07
2109,7.5924000000e+06,0,-1.3216148542e+08,-7.4951619148e+08,1.3043126829e+07
2109,7.5924000000e+06,1,6.1660058287e+10,1.3330751865e+11,4.3997256255e+06
2109,7.5924000000e+06,2,6.1531320659e+10,1.3364612196e+11,2.1623122653e+07
2110,7.5960000000e+06,0,-1.3212261359e+08,-7.4950171555e+08,1.3042322577e+07
2110,7.5960000000e+06,1,6.1560994451e+10,1.3335200017e+11,4.4002663635e+06
2110,7.5960000000e+06,2,6.1428581269e+10,1.3368933921e+11,2.1341978063e+07
2111,7.5996000000e+06,0,-1.3208374167e+08,-7.4948723939e+08,1.3041518324e+07
2111,7.5996000000e+06,1,6.1461897448e+10,1.3339641044e+11,4.4008342670e+06
2111,7.5996000000e+06,2,6.1325823452e+10,1.3373244845e+11,2.1058996204e+07
2112,7.6032000000e+06,0,-1.3204486964e+08,-7.4947276302e+08,1.3040714072e+07
2112,7.6032000000e+06,1,6.1362767327e+10,1.3344074941e+11,4.4014289336e+06
2112,7.6032000000e+06,2,6.1223047640e+10,1.3377544981e+11,2.0774209898e+07
2113,7.6068000000e+06,0,-1.3200599752e+08,-7.4945828643e+08,1.3039909819e+07
2113,7.6068000000e+06,1,6.1263604134e+10,1.3348501707e+11,4.4020499587e+06
2113,7.6068000000e+06,2,6.1120254262e+10,1.3381834346e+11,2.0487652126e+07
2114,7.6104000000e+06,0,-1.3196712529e+08,-7.4944380963e+08,1.3039105566e+07
2114,7.6104000000e+06,1,6.1164407917e+10,1.3352921338e+11,4.4026969360e+06
2114,7.6104000000e+06,2,6.1017443746e+10,1.3386112957e+11,2.0199356021e+07
2115,7.6140000000e+06,0,-1.3192825297e+08,-7.4942933260e+08,1.3038301314e+07
2115,7.6140000000e+06,1,6.1065178724e+10,1.3357333832e+11,4.4033694574e+06
2115,7.6140000000e+06,2,6.0914616514e+10,1.3390380829e+11,1.9909354862e+07
2116,7.6176000000e+06,0,-1.3188938055e+08,-7.4941485535e+08,1.3037497061e+07
2116,7.6176000000e+06,1,6.0965916603e+10,1.3361739186e+11,4.4040671131e+06
2116,7.6176000000e+06,2,6.0811772987e+10,1.3394637979e+11,1.9617682069e+07
2117,7.6212000000e+06,0,-1.3185050802e+08,-7.4940037789e+08,1.3036692809e+07
2117,7.6212000000e+06,1,6.0866621603e+10,1.3366137397e+11,4.4047894915e+06
2117,7.6212000000e+06,2,6.0708913584e+10,1.3398884426e+11,1.9324371194e+07
2118,7.6248000000e+06,0,-1.3181163540e+08,-7.4938590021e+08,1.3035888556e+07
2118,7.6248000000e+06,1,6.0767293769e+10,1.3370528463e+11,4.4055361795e+06
2118,7.6248000000e+06,2,6.0606038719e+10,1.3403120186e+11,1.9029455918e+07
2119,7.6284000000e+06,0,-1.3177276268e+08,-7.4937142231e+08,1.3035084303e+07
2119,7.6284000000e+06,1,6.0667933152e+10,1.3374912380e+11,4.4063067626e+06
2119,7.6284000000e+06,2,6.0503148803e+10,1.3407345278e+11,1.8732970043e+07
2120,7.6320000000e+06,0,-1.3173388986e+08,-7.4935694419e+08,1.3034280051e+07
2120,7.6320000000e+06,1,6.0568539799e+10,1.3379289146e+11,4.4071008249e+06
2120,7.6320000000e+06,2,6.0400244247e+10,1.3411559720e+11,1.8434947485e+07
2121,7.6356000000e+06,0,-1.3169501694e+08,-7.4934246585e+08,1.3033475798e+07
2121,7.6356000000e+06,1,6.0469113758e+10,1.3383658759e+11,4.4079179489e+06
2121,7.6356000000e+06,2,6.0297325455e+10,1.3415763532e+11,1.8135422271e+07
2122,7.6392000000e+06,0,-1.3165614392e+08,-7.4932798730e+08,1.3032671545e+07
2122,7.6392000000e+06,1,6.0369655077e+10,1.3388021215e+11,4.4087577160e+06
2122,7.6392000000e+06,2,6.0194392830e+10,1.3419956732e+11,1.7834428529e+07
2123,7.6428000000e+06,0,-1.3161727081e+08,-7.4931350852e+08,1.3031867292e+07
2123,7.6428000000e+06,1,6.0270163804e+10,1.3392376512e+11,4.4096197065e+06
2123,7.6428000000e+06,2,6.0091446771e+10,1.3424139340e+11,1.7532000485e+07
2124,7.6464000000e+06,0,-1.3157839759e+08,-7.4929902953e+08,1.3031063040e+07
2124,7.6464000000e+06,1,6.0170639989e+10,1.3396724646e+11,4.4105034994e+06
2124,7.6464000000e+06,2,5.9988487674e+10,1.3428311376e+11,1.7228172456e+07
2125,7.6500000000e+06,0,-1.3153952428e+08,-7.4928455031e+08,1.3030258787e+07
2125,7.6500000000e+06,1,6.0071083679e+10,1.3401065616e+11,4.4114086729e+06
2125,7.6500000000e+06,2,5.9885515933e+10,1.3432472861e+11,1.6922978843e+07
2126,7.6536000000e+06,0,-1.3150065087e+08,-7.4927007088e+08,1.3029454534e+07
2126,7.6536000000e+06,1,5.9971494922e+10,1.3405399418e+11,4.4123348039e+06
2126,7.6536000000e+06,2,5.9782531936e+10,1.3436623816e+11,1.6616454126e+07
2127,7.6572000000e+06,0,-1.3146177736e+08,-7.4925559123e+08,1.3028650281e+07
2127,7.6572000000e+06,1,5.9871873768e+10,1.3409726050e+11,4.4132814686e+06
2127,7.6572000000e+06,2,5.9679536071e+10,1.3440764260e+11,1.6308632860e+07
2128,7.6608000000e+06,0,-1.3142290376e+08,-7.4924111136e+08,1.3027846029e+07
2128,7.6608000000e+06,1,5.9772220264e+10,1.3414045509e+11,4.4142482423e+06
2128,7.6608000000e+06,2,5.9576528719e+10,1.3444894217e+11,1.5999549665e+07
2129,7.6644000000e+06,0,-1.3138403005e+08,-7.4922663126e+08,1.3027041776e+07
2129,7.6644000000e+06,1,5.9672534460e+10,1.3418357792e+11,4.4152346997e+06
2129,7.6644000000e+06,2,5.9473510260e+10,1.3449013707e+11,1.5689239223e+07
2130,7.6680000000e+06,0,-1.3134515625e+08,-7.4921215095e+08,1.3026237523e+07
2130,7.6680000000e+06,1,5.9572816404e+10,1.3422662896e+11,4.4162404146e+06
2130,7.6680000000e+06,2,5.9370481070e+10,1.3453122753e+11,1.5377736272e+07
2131,7.6716000000e+06,0,-1.3130628236e+08,-7.4919767042e+08,1.3025433270e+07
2131,7.6716000000e+06,1,5.9473066145e+10,1.3426960819e+11,4.4172649602e+06
2131,7.6716000000e+06,2,5.9267441523e+10,1.3457221376e+11,1.5065075601e+07
2132,7.6752000000e+06,0,-1.3126740836e+08,-7.4918318967e+08,1.3024629017e+07
2132,7.6752000000e+06,1,5.9373283731e+10,1.3431251557e+11,4.4183079094e+06
2132,7.6752000000e+06,2,5.9164391986e+10,1.3461309601e+11,1.4751292041e+07
2133,7.6788000000e+06,0,-1.3122853427e+08,-7.4916870871e+08,1.3023824765e+07
2133,7.6788000000e+06,1,5.9273469212e+10,1.3435535109e+11,4.4193688343e+06
2133,7.6788000000e+06,2,5.9061332825e+10,1.3465387449e+11,1.4436420463e+07
2134,7.6824000000e+06,0,-1.3118966008e+08,-7.4915422752e+08,1.3023020512e+07
2134,7.6824000000e+06,1,5.9173622637e+10,1.3439811471e+11,4.4204473068e+06
2134,7.6824000000e+06,2,5.8958264403e+10,1.3469454945e+11,1.4120495772e+07
2135,7.6860000000e+06,0,-1.3115078580e+08,-7.4913974611e+08,1.3022216259e+07
2135,7.6860000000e+06,1,5.9073744054e+10,1.3444080640e+11,4.4215428983e+06
2135,7.6860000000e+06,2,5.8855187077e+10,1.3473512111e+11,1.3803552900e+07
2136,7.6896000000e+06,0,-1.3111191142e+08,-7.4912526448e+08,1.3021412006e+07
2136,7.6896000000e+06,1,5.8973833512e+10,1.3448342614e+11,4.4226551802e+06
2136,7.6896000000e+06,2,5.8752101204e+10,1.3477558973e+11,1.3485626800e+07
2137,7.6932000000e+06,0,-1.3107303694e+08,-7.4911078263e+08,1.3020607753e+07
2137,7.6932000000e+06,1,5.8873891062e+10,1.3452597391e+11,4.4237837233e+06
2137,7.6932000000e+06,2,5.8649007133e+10,1.3481595553e+11,1.3166752444e+07
2138,7.6968000000e+06,0,-1.3103416237e+08,-7.4909630056e+08,1.3019803500e+07
2138,7.6968000000e+06,1,5.8773916751e+10,1.3456844966e+11,4.4249280986e+06
2138,7.6968000000e+06,2,5.8545905212e+10,1.3485621877e+11,1.2846964815e+07
2139,7.7004000000e+06,0,-1.3099528770e+08,-7.4908181827e+08,1.3018999247e+07
2139,7.7004000000e+06,1,5.8673910629e+10,1.3461085338e+11,4.4260878768e+06
2139,7.7004000000e+06,2,5.8442795786e+10,1.3489637969e+11,1.2526298901e+07
2140,7.7040000000e+06,0,-1.3095641294e+08,-7.4906733576e+08,1.3018194994e+07
2140,7.7040000000e+06,1,5.8573872747e+10,1.3465318504e+11,4.4272626287e+06
2140,7.7040000000e+06,2,5.8339679195e+10,1.3493643855e+11,1.2204789692e+07
2141,7.7076000000e+06,0,-1.3091753808e+08,-7.4905285303e+08,1.3017390741e+07
2141,7.7076000000e+06,1,5.8473803151e+10,1.3469544460e+11,4.4284519251e+06
2141,7.7076000000e+06,2,5.8236555775e+10,1.3497639559e+11,1.1882472175e+07
2142,7.7112000000e+06,0,-1.3087866312e+08,-7.4903837008e+08,1.3016586488e+07
2142,7.7112000000e+06,1,5.8373701894e+10,1.3473763205e+11,4.4296553370e+06
2142,7.7112000000e+06,2,5.8133425860e+10,1.3501625108e+11,1.1559381327e+07
2143,7.7148000000e+06,0,-1.3083978807e+08,-7.4902388691e+08,1.3015782235e+07
2143,7.7148000000e+06,1,5.8273569023e+10,1.3477974735e+11,4.4308724353e+06
2143,7.7148000000e+06,2,5.8030289777e+10,1.3505600527e+11,1.1235552110e+07
2144,7.7184000000e+06,0,-1.3080091293e+08,-7.4900940352e+08,1.3014977982e+07
2144,7.7184000000e+06,1,5.8173404589e+10,1.3482179048e+11,4.4321027915e+06
2144,7.7184000000e+06,2,5.7927147854e+10,1.3509565842e+11,1.0911019469e+07
2145,7.7220000000e+06,0,-1.3076203769e+08,-7.4899491991e+08,1.3014173729e+07
2145,7.7220000000e+06,1,5.8073208641e+10,1.3486376141e+11,4.4333459772e+06
2145,7.7220000000e+06,2,5.7824000410e+10,1.3513521080e+11,1.0585818323e+07
2146,7.7256000000e+06,0,-1.3072316235e+08,-7.4898043608e+08,1.3013369476e+07
2146,7.7256000000e+06,1,5.7972981229e+10,1.3490566011e+11,4.4346015642e+06
2146,7.7256000000e+06,2,5.7720847765e+10,1.3517466268e+11,1.0259983564e+07
2147,7.7292000000e+06,0,-1.3068428693e+08,-7.4896595203e+08,1.3012565223e+07
2147,7.7292000000e+06,1,5.7872722403e+10,1.3494748655e+11,4.4358691251e+06
2147,7.7292000000e+06,2,5.7617690232e+10,1.3521401431e+11,9.9335500483e+06
2148,7.7328000000e+06,0,-1.3064541140e+08,-7.4895146775e+08,1.3011760970e+07
2148,7.7328000000e+06,1,5.7772432212e+10,1.3498924071e+11,4.4371482326e+06
2148,7.7328000000e+06,2,5.7514528122e+10,1.3525326598e+11,9.6065525966e+06
2149,7.7364000000e+06,0,-1.3060653578e+08,-7.4893698326e+08,1.3010956717e+07
2149,7.7364000000e+06,1,5.7672110707e+10,1.3503092256e+11,4.4384384601e+06
2149,7.7364000000e+06,2,5.7411361741e+10,1.3529241795e+11,9.2790259851e+06
2150,7.7400000000e+06,0,-1.3056766007e+08,-7.4892249855e+08,1.3010152464e+07
2150,7.7400000000e+06,1,5.7571757937e+10,1.3507253207e+11,4.4397393815e+06
2150,7.7400000000e+06,2,5.7308191391e+10,1.3533147050e+11,8.9510049428e+06
2151,7.7436000000e+06,0,-1.3052878427e+08,-7.4890801361e+08,1.3009348211e+07
2151,7.7436000000e+06,1,5.7471373953e+10,1.3511406921e+11,4.4410505715e+06
2151,7.7436000000e+06,2,5.7205017372e+10,1.3537042391e+11,8.6225241471e+06
2152,7.7472000000e+06,0,-1.3048990837e+08,-7.4889352845e+08,1.3008543958e+07
2152,7.7472000000e+06,1,5.7370958805e+10,1.3515553397e+11,4.4423716054e+06
2152,7.7472000000e+06,2,5.7101839978e+10,1.3540927845e+11,8.2936182191e+06
2153,7.7508000000e+06,0,-1.3045103237e+08,-7.4887904307e+08,1.3007739705e+07
2153,7.7508000000e+06,1,5.7270512542e+10,1.3519692630e+11,4.4437020590e+06
2153,7.7508000000e+06,2,5.6998659501e+10,1.3544803441e+11,7.9643217188e+06
2154,7.7544000000e+06,0,-1.3041215629e+08,-7.4886455747e+08,1.3006935451e+07
2154,7.7544000000e+06,1,5.7170035216e+10,1.3523824618e+11,4.4450415094e+06
2154,7.7544000000e+06,2,5.6895476227e+10,1.3548669207e+11,7.6346691418e+06
2155,7.7580000000e+06,0,-1.3037328011e+08,-7.4885007165e+08,1.3006131198e+07
2155,7.7580000000e+06,1,5.7069526876e+10,1.3527949358e+11,4.4463895340e+06
2155,7.7580000000e+06,2,5.6792290441e+10,1.3552525171e+11,7.3046949139e+06
2156,7.7616000000e+06,0,-1.3033440384e+08,-7.4883558561e+08,1.3005326945e+07
2156,7.7616000000e+06,1,5.6968987573e+10,1.3532066849e+11,4.4477457116e+06
2156,7.7616000000e+06,2,5.6689102422e+10,1.3556371362e+11,6.9744333881e+06
2157,7.7652000000e+06,0,-1.3029552747e+08,-7.4882109935e+08,1.3004522692e+07
2157,7.7652000000e+06,1,5.6868417358e+10,1.3536177086e+11,4.4491096215e+06
2157,7.7652000000e+06,2,5.6585912445e+10,1.3560207810e+11,6.6439188395e+06
2158,7.7688000000e+06,0,-1.3025665101e+08,-7.4880661286e+08,1.3003718439e+07
2158,7.7688000000e+06,1,5.6767816280e+10,1.3540280067e+11,4.4504808444e+06
2158,7.7688000000e+06,2,5.6482720783e+10,1.3564034542e+11,6.3131854619e+06
2159,7.7724000000e+06,0,-1.3021777446e+08,-7.4879212615e+08,1.3002914185e+07
2159,7.7724000000e+06,1,5.6667184391e+10,1.3544375790e+11,4.4518589618e+06
2159,7.7724000000e+06,2,5.6379527703e+10,1.3567851589e+11,5.9822673637e+06
2160,7.7760000000e+06,0,-1.3017889782e+08,-7.4877763923e+08,1.3002109932e+07
2160,7.7760000000e+06,1,5.6566521741e+10,1.3548464252e+11,4.4532435563e+06
2160,7.7760000000e+06,2,5.6276333469e+10,1.3571658979e+11,5.6511985638e+06
