step,time_internal,Epot_internal,Ekin_internal,Etot_internal,T_internal,T_CH3_K,T_CH2_K
10,0.00911836751892933,719785.286195707,893811.000679257,1613596.28687496,298.086043248043,298.743612163557,297.399258934994
20,0.0182367350378587,726018.500428475,887580.500656615,1613599.00108509,296.008170971024,293.719035103588,297.287588073505
30,0.027355102556788,736379.444099027,877224.918895364,1613604.36299439,292.55458359025,287.586839111323,295.622617756542
40,0.0364734700757173,742950.805565216,870654.217661948,1613605.02322716,290.363254181073,283.975697425258,294.379655973132
50,0.0455918375946467,743727.251657393,869876.350952309,1613603.6026097,290.103835568554,283.052611252948,294.562898582649
60,0.054710205113576,740356.329899716,873246.724370297,1613603.05427001,291.227855384458,283.369407557895,296.22413072268
70,0.0638285726325054,734952.621152943,878645.840142439,1613598.46129538,293.028460944619,284.366891040933,298.558650496288
80,0.0729469401514348,733842.102430393,879753.703951007,1613595.8063814,293.397933617144,284.592689072138,299.023598369135
90,0.0820653076703641,740591.494547884,873006.725988722,1613598.22053661,291.147815904193,284.327615356467,295.451993089422
100,0.0911836751892935,750660.563529084,862944.777499559,1613605.34102864,287.792155244142,286.395653376438,288.483329693241
110,0.100302042708223,754042.179961945,859564.133378168,1613606.31334011,286.664710147797,292.193983067873,282.739640942622
120,0.109420410227152,748458.282255627,865144.069552651,1613602.35180828,288.525619327214,298.6848158787,281.512383610118
130,0.118538777746082,739074.509745372,874526.357504944,1613600.86725032,291.654613141552,302.769966833362,284.00133183606
140,0.127657145265011,729387.741777335,884211.508816706,1613599.25059404,294.884611911524,304.778238909564,288.043123402905
150,0.13677551278394,722780.823532729,890816.332419681,1613597.15595241,297.087321133794,304.706532745356,291.760273958475
160,0.14589388030287,722690.779018255,890906.181583718,1613596.96060197,297.117285837491,301.205290456543,294.144351686592
170,0.155012247821799,729130.820840824,884468.457180914,1613599.27802174,294.970304212411,294.561604493943,294.996962104547
180,0.164130615340728,737718.01525083,875885.096853457,1613603.11210429,292.107752827566,286.816148580434,295.392065864963
190,0.173248982859658,741948.003733156,871656.914351601,1613604.91808476,290.697653610672,280.767676352901,297.075390404513
200,0.182367350378587,739121.546657048,874480.087131562,1613601.63378861,291.639181968171,278.213611020502,300.346529948311
210,0.191485717897516,733691.764599672,879907.507922044,1613599.27252172,293.449227254308,279.596530836166,302.439817177024
220,0.200604085416446,729931.772283804,883667.35159782,1613599.12388162,294.703135433657,284.522227938325,301.244821151015
230,0.209722452935375,728896.103250559,884703.87582001,1613599.97907057,295.048816348177,290.091554700294,298.107783433142
240,0.218840820454305,729360.706645478,884241.627950261,1613602.33459574,294.894656645076,292.941028586213,295.951329803781
250,0.227959187973234,728426.835789171,885174.868764991,1613601.70455416,295.205892534598,292.683594892493,296.641419385555
260,0.237077555492163,726931.391889725,886667.444536707,1613598.83642643,295.703666678908,290.517257337969,298.914853183968
270,0.246195923011093,728135.560960357,885463.98152633,1613599.54248669,295.302311664609,286.974560610981,300.608060440641
280,0.255314290530022,730308.656413528,883294.03547375,1613602.69188728,294.578634475154,283.677541937169,301.600547305082
290,0.264432658048951,729026.634161246,884574.748207909,1613601.38236916,295.005752278776,283.793417356919,302.234804099781
300,0.273551025567881,725566.748203423,888031.436582971,1613598.18478639,296.158558140061,287.833762900927,301.461622834365
310,0.28266939308681,724356.311301915,889240.557745853,1613596.86904777,296.561800148692,293.695304217981,298.225662602376
320,0.291787760605739,727046.291751318,886551.655669708,1613597.94742103,295.66505108211,298.218887698029,293.716105795596
330,0.300906128124669,732635.39227394,880962.317391256,1613597.7096652,293.801006300235,299.150739554202,289.98968329234
340,0.310024495643598,740479.885616435,873122.565074956,1613602.45069139,291.18644824911,296.931682583299,287.113636652776
350,0.319142863162527,744358.643927142,869247.826463482,1613606.47039062,289.894222599127,294.420349995012,286.635225816372
360,0.328261230681457,739125.654133418,874478.130995863,1613603.78512928,291.638529596753,293.89459235987,289.891455646677
370,0.337379598200386,728512.356440543,885086.413836708,1613598.77027725,295.17639280864,294.10152949897,295.646988021079
380,0.346497965719316,720563.318602382,893031.241560444,1613594.56016283,297.825993516906,293.523930847006,300.445846968909
390,0.355616333238245,721061.094380182,892536.520302861,1613597.61468304,297.661003936255,291.860337754972,301.280063887163
400,0.364734700757174,726671.063792769,886929.978550501,1613601.04234327,295.791221794398,289.61718575264,299.660753137407
410,0.373853068276104,732201.029697809,881401.481604583,1613602.51130239,293.947467601995,287.971894426412,297.686226829383
420,0.382971435795033,735198.238302216,878404.678697179,1613602.9169994,292.948033582518,288.240389670226,295.842339496061
430,0.392089803313962,735097.842562508,878504.628900644,1613602.47146315,292.981366983707,290.558327415309,294.352575556818
440,0.401208170832892,733456.923526224,880141.543791507,1613598.46731773,293.527278236287,294.086479629068,292.90987124257
450,0.410326538351821,735712.636772832,877884.4892226,1613597.12599543,292.774550349375,296.071115116913,290.33286171239
460,0.41944490587075,743509.544303696,870091.451281335,1613600.99558503,290.175571546218,295.214528027067,286.574454249364
470,0.42856327338968,751284.374956028,862320.520826958,1613604.89578299,287.583965591782,293.300254368519,283.533453102631
480,0.437681640908609,753380.204517159,860225.398522818,1613605.60303998,286.88524212867,292.022309392874,283.221459584095
490,0.446800008427538,749023.927695497,864579.652505537,1613603.58020103,288.337386194943,291.57556491133,285.938319228856
500,0.455918375946468,741823.880259992,871776.901522755,1613600.78178275,290.737669342256,291.301058760253,290.119795005806
510,0.465036743465397,735810.879279158,877790.319491236,1613601.19877039,292.743144736113,290.99574232727,293.664127054729
520,0.474155110984327,730450.471213028,883152.589843983,1613603.06105701,294.531462345834,291.580942513564,296.253032682059
530,0.483273478503256,723251.837660666,890350.435967819,1613602.27362848,296.931944628254,293.712759813395,298.83062455097
540,0.492391846022185,715634.947943446,897963.413436483,1613598.36137993,299.470873248785,296.054142384511,301.499134763927
550,0.501510213541115,713160.236388345,900436.920218702,1613597.15660705,300.295787966884,295.960200490148,302.935933128069
560,0.510628581060043,716964.813124349,896637.801758595,1613602.61488294,299.028781643687,293.145567991037,302.701733427415
570,0.519746948578972,720563.75573033,893038.272639275,1613602.02836961,297.828338382283,290.891489192449,302.204714226853
580,0.528865316097901,723802.625712377,889795.98246979,1613598.60818217,296.747034340434,290.470732217818,300.683946560228
590,0.53798368361683,730338.666714845,883261.049379303,1613599.71609415,294.567633609906,290.105873354818,297.296667418622
600,0.547102051135759,737596.633968006,876006.474012527,1613603.10798053,292.148232120236,289.985390522981,293.346669658305
610,0.556220418654687,740578.705421466,873024.234197099,1613602.93961857,291.153654893146,292.287848716516,290.154897631822
620,0.565338786173616,738348.34639038,875255.76305899,1613604.10944937,291.89786995464,296.492535593038,288.59151130408
630,0.574457153692545,731784.223883719,881813.048599386,1613597.27248311,294.084725229077,301.137401099186,289.137870711313
640,0.583575521211474,730665.719881444,882929.157288577,1613594.87717002,294.456947569977,303.352860099951,288.28095842702
650,0.592693888730403,739076.314294574,874525.273504686,1613601.58779926,291.654251627376,301.331409849348,284.959767603038
660,0.601812256249331,748290.194168281,865317.645319715,1613607.839488,288.583506860002,297.253938499252,282.562732844785
670,0.61093062376826,749240.863950951,864366.210746223,1613607.07469717,288.266203350416,294.433320013595,283.914570405504
680,0.620048991287189,742552.108643957,871049.509246124,1613601.61789008,290.495083957353,294.296459168751,287.71875457979
690,0.629167358806118,735466.273376804,878133.854209024,1613600.12758583,292.857713593138,295.350894445463,290.95154493026
700,0.638285726325047,730701.773893712,882899.804349493,1613601.5782432,294.447158362345,296.385442142462,292.909596543632
710,0.647404093843975,727517.288918725,886081.830430556,1613599.11934928,295.508364325681,297.360014857835,294.027673667308
720,0.656522461362904,728721.665890312,884877.989994436,1613599.65588475,295.106883439865,297.559983879639,293.225560743817
730,0.665640828881833,732886.107670924,880719.048820597,1613605.15649152,293.719876211638,297.548163549243,290.922918089725
740,0.674759196400762,732950.601976607,880652.632626643,1613603.23460325,293.697726405417,298.79571387583,290.054319986469
750,0.683877563919691,731225.177870222,882370.932131869,1613596.11000209,294.270779433673,299.593666057182,290.476962701805
760,0.692995931438619,736891.016963741,876704.731179565,1613595.74814331,292.38110094366,295.677885537152,289.939593630546
770,0.702114298957548,749772.915090115,863831.034063569,1613603.94915368,288.087721882131,286.629275110968,288.819946628005
780,0.711232666476477,758276.576198403,855331.495304479,1613608.07150288,285.253124997325,278.14045656162,289.757193016963
790,0.720351033995406,756327.71540412,857275.894456408,1613603.60986053,285.901582276608,276.017937117724,292.252427730633
800,0.729469401514335,749097.614910431,864504.925575256,1613602.54048569,288.312464757464,280.368345025148,293.368284191711
810,0.738587769033264,739774.455740266,873826.030494086,1613600.48623435,291.421054025041,287.04490475888,294.095635990795
820,0.747706136552192,732019.059486771,881578.747246941,1613597.80673371,294.006585708501,291.60328395689,295.363781388152
830,0.756824504071121,729700.968398526,883897.262217819,1613598.23061635,294.779810644595,292.30253652005,296.185676885422
840,0.76594287159005,731912.627529459,881688.4504718,1613601.07800126,294.043171743138,290.859114949192,295.920840295982
850,0.775061239108979,733785.765796708,879817.385415346,1613603.15121205,293.419171390811,291.472464916637,294.472459730768
860,0.784179606627908,731827.125667573,881775.378008975,1613602.50367655,294.072162084034,294.460226048452,293.568392639351
870,0.793297974146836,726784.121797902,886817.262615439,1613601.38441334,295.753631020657,295.80326349683,295.474081344024
880,0.802416341665765,720889.767305666,892709.816513553,1613599.58381922,297.71879823697,295.514372673161,298.940316280979
890,0.811534709184694,717393.649781051,896203.384116813,1613597.03389786,298.883903323933,295.766498904294,300.713103017588
900,0.820653076703623,719447.450227087,894150.967520455,1613598.41774754,298.199422217927,295.76589363539,299.573275087771
910,0.829771444222552,724747.808961975,888854.165477562,1613601.97443954,296.432938295002,295.737358463243,296.649630734262
920,0.83888981174148,728444.089667061,885156.876122509,1613600.96578957,295.19989198683,296.681791179301,293.96595928186
930,0.848008179260409,731023.44812577,882577.292855797,1613600.74098157,294.339600752309,297.617644097356,291.90895552165
940,0.857126546779338,732847.485181308,880755.248345148,1613602.73352646,293.731948756094,298.313325506156,290.432920965423
950,0.866244914298267,731853.201655045,881749.508253733,1613602.70990878,294.063534518503,298.963543926014,290.551808634732
960,0.875363281817196,728759.496086713,884839.371234393,1613598.86732111,295.094004080171,298.548608437276,292.545022838701
970,0.884481649336124,728894.466915018,884701.780620622,1613596.24753564,295.048117599007,295.697788275696,294.369130383215
980,0.893600016855053,735458.118827249,878140.401636924,1613598.52046417,292.859897160889,290.506982448761,294.184457054673
990,0.902718384373982,745353.187005598,868247.656017927,1613600.84302353,289.560665672145,285.570060160432,291.979768791894
1000,0.911836751892911,754523.910009788,859079.279987584,1613603.18999737,286.503011501612,282.879170345533,288.68015309608
1010,0.92095511941184,759083.653580453,854521.773116228,1613605.42669668,284.983082580033,283.399011896523,285.801643800222
1020,0.930073486930768,755833.319359059,857772.945737827,1613606.26509689,286.067348920402,287.375280070436,284.957005362947
1030,0.939191854449697,744262.310440112,869341.755583889,1613604.066024,289.925547968614,293.035769381204,287.61046240358
1040,0.948310221968626,729069.315872719,884529.242309264,1613598.55818198,294.990576057784,297.795779328329,292.874615064039
1050,0.957428589487555,719122.386462171,894473.781196257,1613596.16765843,298.307080605722,300.259839399684,296.75665217591
1060,0.966546957006484,718764.447713737,894833.916003057,1613598.36371679,298.427185593816,300.448897858323,296.83068809615
1070,0.975665324525412,725174.80125114,888426.392084923,1613601.19333606,296.290275832891,298.9546266772,294.267133373491
1080,0.984783692044341,733462.915461457,880140.587335232,1613603.50279669,293.52695925804,296.922572345472,291.01861140037
1090,0.99390205956327,739078.570337513,874527.666010192,1613606.23634771,291.655049528161,295.664509251004,288.739030504993
1100,1.0030204270822,737921.593731038,875683.752697152,1613605.34642819,292.040604534651,295.318612478562,289.611898734932
1110,1.01213879460113,731366.090915944,882234.183698149,1613600.27461409,294.225173819626,295.010966419238,293.456124441702
1120,1.02125716212006,726274.821223583,887323.104249761,1613597.92547334,295.922329247878,293.885555419462,297.033576525781
1130,1.03037552963899,726736.919692027,886861.000877138,1613597.92056917,295.76821773458,291.326078398361,298.483170443947
1140,1.03949389715792,732357.654286414,881242.980928755,1613600.63521517,293.894607613392,288.096685389789,297.514976922782
1150,1.04861226467685,738396.806053286,875206.871928999,1613603.67798229,291.881564758712,286.278638350188,295.373614393764
1160,1.05773063219578,739712.7371807,873889.561245116,1613602.29842582,291.442241535806,286.622881141576,294.41227993068
1170,1.06684899971471,736953.838906208,876645.687533873,1613599.52644008,292.361409882899,287.787685209045,295.166925157233
1180,1.07596736723364,733734.844195247,879862.827656521,1613597.67185177,293.434326382031,288.35536814672,296.575769933588
1190,1.08508573475257,733064.905914907,880534.031918285,1613598.93783319,293.658173059291,288.291392276333,296.991311770381
1200,1.0942041022715,733875.888146358,879727.628536274,1613603.51668263,293.389237464157,288.851158799448,296.17013220941
1210,1.10332246979043,731399.950734035,882203.473680809,1613603.42441484,294.214932026283,291.693466411632,295.650729992695
1220,1.11244083730936,726494.191764875,887105.311767955,1613599.50353283,295.849695437037,295.914718722421,295.559805167251
1230,1.12155920482829,725025.955308813,888571.516581749,1613597.47189056,296.338674864682,298.969769642728,294.337662783597
1240,1.13067757234722,729284.620754181,884317.314529388,1613601.93528357,294.919898125526,300.257071282723,291.116016105623
1250,1.13979593986615,733087.810042995,880516.521377852,1613604.33142085,293.652333292597,301.432866631582,288.220600788861
1260,1.14891430738508,732498.577025063,881103.326050402,1613601.90307547,293.848032699817,302.4745040559,287.852178435178
1270,1.15803267490401,729666.223160535,883935.838881382,1613602.06204192,294.79267596511,301.580632694596,290.02171091548
1280,1.16715104242294,725489.332598957,888111.216783731,1613600.54938269,296.185164843665,299.178659330784,293.94268088155
1290,1.17626940994187,722723.071339368,890874.377266154,1613597.44860552,297.106679094932,297.105173095197,296.86009419551
1300,1.1853877774608,725892.464559517,887703.141242928,1613595.60580245,296.049071616785,294.914272946313,296.558896504085
1310,1.19450614497973,736162.761893142,877436.649990615,1613599.41188376,292.625195928169,290.724412382169,293.648530628896
1320,1.20362451249866,747420.124334632,866182.672502482,1613602.79683711,288.871993497576,285.206383869646,291.075006588281
1330,1.21274288001759,752993.805004765,860611.880326464,1613605.68533123,287.014133842409,280.985675656277,290.793927521629
1340,1.22186124753652,748801.345177768,864802.488272937,1613603.8334507,288.41170194195,281.134978842008,293.022507590293
1350,1.23097961505545,738096.667329023,875501.809109646,1613598.47643867,291.979926333049,286.837173129638,295.165111863378
1360,1.24009798257438,729665.482577494,883929.757556865,1613595.24013436,294.790647842877,294.424353508868,294.789185192345
1370,1.24921635009331,729203.261459195,884394.544161546,1613597.80562074,294.945654214289,299.550803755984,291.629766474646
1380,1.25833471761224,733617.809760027,879985.046368934,1613602.85612896,293.475086332811,301.556355219842,287.843011169513
1390,1.26745308513117,736429.814593907,877173.035225266,1613602.84981917,292.537280381946,302.029111376942,285.965611984964
1400,1.2765714526501,736804.594848559,876798.390507751,1613602.98535631,292.412336337419,302.053312044672,285.741342252301
1410,1.28568982016903,734725.724556421,878877.4024422,1613603.12699862,293.105686990895,302.737189750298,286.440430412136
1420,1.29480818768796,730844.223544674,882754.881606123,1613599.1051508,294.398826615349,303.956591507724,287.781650998253
1430,1.30392655520689,730311.263782694,883286.560488242,1613597.82427094,294.576141566864,303.000147743602,288.714657331067
1440,1.31304492272582,734120.285868692,879481.892542284,1613602.17841098,293.307284489673,298.807016647927,289.396373647095
1450,1.32216329024475,736253.134785067,877350.770032535,1613603.9048176,292.596554954989,294.977840168896,290.765201016588
1460,1.33128165776368,733646.424375978,879957.101981283,1613603.52635726,293.4657668772,294.639477900031,292.438738056248
1470,1.34040002528261,728040.268816931,885559.606752732,1613599.87556966,295.334202685587,297.129971957704,293.890911335271
1480,1.34951839280154,725179.966578062,888419.265067201,1613599.23164526,296.287898971886,299.850240751782,293.66609786948
1490,1.35863676032047,727119.250562242,886481.074510743,1613600.32507299,295.641512259711,299.307543561677,292.951123464851
1500,1.3677551278394,732142.660027856,881458.938993096,1613601.59902095,293.966629645855,293.795143578929,293.835981499102
1510,1.37687349535833,737233.397108019,876369.580644255,1613602.97775227,292.269328212191,286.713135324112,295.729899030734
1520,1.38599186287726,739879.523439762,873723.196243519,1613602.71968328,291.386758793903,281.741406386967,297.574171432866
1530,1.39511023039619,740037.607070065,873566.612774443,1613604.21984451,291.334538193911,278.941157040485,299.354013514367
1540,1.40422859791512,736625.751571048,876979.583845727,1613605.33541677,292.472764330741,279.05483512008,301.174323167572
1550,1.41334696543405,729229.862280439,884373.952681683,1613603.81496212,294.938786954038,282.478419066336,302.999916556711
1560,1.42246533295298,721095.820827879,892503.254843028,1613599.07567091,297.649909902627,287.629812313973,304.081933370144
1570,1.43158370047191,719156.157376968,894439.680850836,1613595.8382278,298.295708137681,291.140843641693,302.817038044892
1580,1.44070206799084,727711.326625465,885885.845378838,1613597.1720043,295.443003294593,290.078121437768,298.773388696397
1590,1.44982043550977,743367.767611522,870235.923105571,1613603.69071709,290.223752911646,285.627374523289,293.046152043126
1600,1.45893880302869,755092.12540908,858517.811757583,1613609.93716666,286.315761800094,283.10597188049,288.21702527833
1610,1.46805717054762,753285.225267607,860322.063477456,1613607.28874506,286.917479899102,285.257332309981,287.785147058599
1620,1.47717553806655,741878.578548218,871719.472651293,1613598.05119951,290.718516808835,289.478119735308,291.303182760513
1630,1.48629390558548,734038.529070219,879556.769404496,1613595.29847472,293.332255929463,292.455830807037,293.672095797808
1640,1.49541227310441,735056.948193766,878541.337927563,1613598.28612133,292.993609447245,293.39788617537,292.479930287288
1650,1.50453064062334,740789.493655599,872813.419599127,1613602.91325473,291.083348207146,293.826566739009,289.011966395731
1660,1.51364900814227,744479.492038177,869123.496229754,1613602.98826793,289.852758455813,295.110216247233,286.106242629486
1670,1.5227673756612,744323.715850632,869279.077892564,1613602.7937432,289.904644953331,296.308756926918,285.393649766813
1680,1.53188574318013,740360.306117066,873241.197620252,1613601.50373732,291.226012212857,296.455989355452,287.49667244095
1690,1.54100411069906,735111.200391319,878487.019884914,1613598.22027623,292.975494375493,295.750733482344,290.881188725611
1700,1.55012247821799,733681.041975484,879916.255412706,1613597.29738819,293.452144543174,294.471573921175,292.527981504052
1710,1.55924084573692,737866.539084244,875732.702472304,1613599.24155655,292.056929288746,292.827952016318,291.299533362624
1720,1.56835921325585,744634.461594977,868968.950860044,1613603.41245502,289.801217562129,291.738353606783,288.268292517724
1730,1.57747758077478,747442.666560156,866164.488294341,1613607.1548545,288.865929062645,292.587161219122,286.144386017442
1740,1.58659594829371,741318.329016526,872286.593722686,1613604.92273921,290.907651733429,296.235156442254,287.113558884434
1750,1.59571431581264,729224.438337399,884376.603454009,1613601.04179141,294.93967098683,301.326432163194,290.436047143431
1760,1.60483268333157,717280.91578246,896318.14378422,1613599.05956668,298.922175682581,305.129840367078,294.534630746515
1770,1.6139510508505,709484.357017503,904113.431817027,1613597.78883453,301.521904891455,305.860386669872,298.378315451767
1780,1.62306941836943,708718.311979026,904878.001727622,1613596.31370665,301.776889020384,303.780434900406,300.189711026186
1790,1.63218778588836,716515.218923088,897083.871468672,1613599.09039176,299.177545929189,299.461501664683,298.738927483918
1800,1.64130615340729,728561.324659595,885041.281380819,1613602.60604041,295.161341130838,294.620991591091,295.275606373061
1810,1.65042452092622,738565.708101813,875038.645511414,1613604.35361323,291.825461234422,292.012229020628,291.45776149259
1820,1.65954288844515,742637.471849787,870966.913386476,1613604.38523626,290.467538231274,293.158725651609,288.431357002525
1830,1.66866125596408,740002.53851039,873600.071154001,1613602.60966439,291.345696566283,297.163392860332,287.22444428978
1840,1.67777962348301,733631.189044652,879968.166773734,1613599.35581839,293.469456986405,300.322973258851,288.655888257285
1850,1.68689799100194,728611.356103786,884987.154029968,1613598.51013375,295.143289654817,299.863686168073,291.750405904599
1860,1.69601635852087,727432.844765175,886165.192595892,1613598.03736107,295.536165614771,297.006898784828,294.30939669672
1870,1.7051347260398,731205.289728016,882392.594570405,1613597.88429842,294.278003858731,293.349034219873,294.652085281421
1880,1.71425309355873,739676.55636297,873923.933472968,1613600.48983594,291.453704676661,288.44340568975,293.217692580705
1890,1.72337146107766,748616.088370042,864987.92662953,1613604.01499957,288.473545649335,282.999089422874,291.882788512268
1900,1.73248982859659,752772.610303929,860831.62981284,1613604.24011677,287.087420314437,279.123596303364,292.157396804889
1910,1.74160819611552,751624.303695343,861977.390781421,1613601.69447676,287.469531692987,277.34962177341,293.976580362961
1920,1.75072656363445,748629.902387634,864970.808379104,1613600.71076674,288.46783671139,276.993565552051,295.87696095369
1930,1.75984493115338,745097.59846151,868505.418228826,1613603.01669034,289.646629390971,277.546428972017,297.472057479115
1940,1.76896329867231,738476.718208539,875126.188422371,1613602.90663091,291.854656802525,280.243602995237,299.352147126716
1950,1.77808166619124,729169.829544908,884430.192656233,1613600.02220114,294.957542990239,286.082199046506,300.628641000236
1960,1.78720003371017,721270.423332787,892328.638899521,1613599.06223231,297.591675470909,293.364758142537,300.161627293598
1970,1.7963184012291,716122.932541059,897478.559495271,1613601.49203633,299.309174418967,299.748013142577,298.767190957877
1980,1.80543676874803,712209.957179965,901387.486470836,1613597.4436508,300.612801891224,303.79358557272,298.241768768651
1990,1.81455513626696,714677.150704271,898919.01719654,1613596.16790081,299.789567182438,303.080081871808,297.346066083539
2000,1.82367350378589,725316.593784267,888284.343259617,1613600.93704388,296.242902537808,297.628064054916,295.072592440954
2010,1.83279187130482,737024.571218642,876581.095523378,1613605.66674202,292.339868442014,290.777596081718,293.137766791842
2020,1.84191023882375,742447.324621769,871156.735083165,1613604.05970493,290.530843782947,285.438120944186,293.683883305634
2030,1.85102860634268,741930.531403721,871671.449095784,1613601.98049951,290.702500949069,281.774794546025,296.412053133641
2040,1.86014697386161,738141.516435709,875458.25140221,1613599.76783792,291.965399833987,280.691742144522,299.237867127102
2050,1.86926534138054,734373.818653908,879224.350682851,1613598.16933676,293.221394258079,282.268198098597,300.279173869185
2060,1.87838370889947,732672.569428467,880925.712402746,1613598.28183121,293.788798533515,286.73991207176,298.243232175909
2070,1.8875020764184,734186.197402373,879409.74658832,1613595.94399069,293.283223808011,293.189369605022,293.101390590163
2080,1.89662044393733,740750.377877665,872852.31085333,1613602.688731,291.096318443665,296.22285835993,287.436044900786
2090,1.90573881145626,744343.476288227,869262.224536413,1613605.70082464,289.89902435765,297.313942669587,284.714162962726
2100,1.91485717897519,740969.083897109,872632.587525034,1613601.67142214,291.023040695359,298.53473211713,285.772727213598
2110,1.92397554649412,735460.789699703,878140.979372937,1613601.76907264,292.860089835897,299.340992956204,288.295437680828
2120,1.93309391401305,729075.932354192,884526.758162888,1613602.69051708,294.98974759476,300.998660810326,290.737980661387
2130,1.94221228153198,721693.30586948,891907.145860171,1613600.45172965,297.451107507144,303.75977076303,292.997456080297
2140,1.95133064905091,716388.915275648,897211.403589176,1613600.31886482,299.22007790201,305.544417823021,294.754501223085
2150,1.96044901656984,714256.991880199,899343.401730492,1613600.39361069,299.931099459894,305.406014399653,296.031213583839
2160,1.96956738408877,715374.442580427,898226.137372653,1613600.57995308,299.558491703403,303.426797346088,296.729989198525
2170,1.9786857516077,719655.475139676,893944.23456776,1613599.70970744,298.130476760967,300.604856231782,296.232448383125
2180,1.98780411912663,727862.355009007,885737.369378141,1613599.72438715,295.393486535982,297.307739915666,293.871156377412
2190,1.99692248664556,738915.413064335,874688.214339582,1613603.62740392,291.708592409399,293.026347405034,290.5869985853
2200,2.00604085416449,746823.284878911,866783.442817202,1613606.72769611,289.072350447625,288.833618216549,288.990611642969
2210,2.01515922168342,747286.113465396,866318.173785547,1613604.28725094,288.917183186776,287.155670701938,289.850760524012
2220,2.02427758920235,743188.696936925,870413.444327846,1613602.14126477,290.282956254076,288.355733737949,291.325868801281
2230,2.03339595672128,738369.951129696,875229.77196384,1613599.72309354,291.889201922241,290.148440398329,292.806468603246
2240,2.04251432424021,736506.500500187,877093.09726193,1613599.59776212,292.510621064509,290.120599956819,293.860209618749
2250,2.05163269175914,737889.870299998,875712.905715121,1613602.77601512,292.050327068575,288.802426949251,293.972218542235
2260,2.06075105927807,738243.825096346,875360.356902676,1613604.18199902,291.932752010231,288.51995382384,293.964673507816
2270,2.069869426797,735948.57694162,877651.174504585,1613599.75144621,292.696739871464,289.549489875954,294.550992585244
2280,2.07898779431593,736808.838580677,876787.460695884,1613596.29927656,292.40869124425,289.351281369745,294.20329058455
2290,2.08810616183486,745209.158484348,868390.485203284,1613599.64368763,289.60829921737,287.672211649905,290.657684012999
2300,2.09722452935379,756223.894034346,857380.786916131,1613604.68095048,285.936563920671,287.572341571967,284.607765016538
2310,2.10634289687272,761694.291076016,851913.208367642,1613607.49944366,284.11312601889,290.092040712921,279.890421951188
2320,2.11546126439165,756990.218765606,856615.141563228,1613605.36032883,285.681221131642,293.640646374721,280.13686995198
2330,2.12457963191058,745495.979755373,868103.27201362,1613599.25176899,289.512513594671,296.089765846202,284.886418332321
2340,2.13369799942951,735442.423773967,878158.123005322,1613600.54677929,292.865807238727,296.566667637083,290.154512133791
2350,2.14281636694844,726860.02760062,886743.25553426,1613603.28313488,295.728949652913,296.786591188813,294.777414504269
2360,2.15193473446737,717713.005023087,895886.545441001,1613599.55046409,298.778237599133,297.361510894594,299.473740204161
2370,2.1610531019863,712971.227441408,900625.757605371,1613596.98504678,300.358765251083,296.478165582344,302.695532725866
2380,2.17017146950523,716374.711339434,897223.127094756,1613597.83843419,299.223987692098,293.055622074633,303.086878113997
2390,2.17928983702416,726305.27572873,887295.181921056,1613600.45764979,295.913017148926,287.653550753661,301.172733898146
2400,2.18840820454309,737672.825682528,875930.472075428,1613603.29775796,292.122885467877,282.925639623056,298.010946959867
2410,2.19752657206202,745322.821693508,868280.586246138,1613603.40793965,289.571647905999,282.531752824132,294.023601587322
2420,2.20664493958095,747401.807121172,866202.676407736,1613604.48352891,288.878664801646,286.760229481843,290.05022279418
2430,2.21576330709988,742893.291543344,870708.709173509,1613602.00071685,290.381427104722,293.094428614082,288.330774909229
2440,2.22488167461881,735829.252644555,877768.793319475,1613598.04596403,292.735965756036,297.912449418278,289.041030009745
2450,2.23400004213774,732245.979681143,881352.077295475,1613598.05697662,293.930991260789,298.678410857446,290.521102370299
2460,2.24311840965667,733300.717742757,880297.427099966,1613598.14484272,293.579265332655,296.082521922794,291.665778218118
2470,2.2522367771756,738556.306583522,875042.802438151,1613599.10902167,291.826847569835,292.155653907567,291.36445430504
2480,2.26135514469453,746148.352306364,867453.770414854,1613602.12272122,289.29590475733,289.187411513627,289.127153665834
2490,2.27047351221346,751347.248746652,862258.105457902,1613605.35420455,287.563150060998,288.911497971483,286.424615495623
2500,2.27959187973239,749900.807064238,863704.108224217,1613604.91528846,288.045392104124,292.682121045789,284.714201649594
2510,2.28871024725132,742919.247118134,870682.375047645,1613601.62216578,290.372644671551,299.175188661281,284.262304807837
2520,2.29782861477025,735723.133597059,877875.718499888,1613598.85209695,292.771625312619,303.7624579521,285.200427198538
2530,2.30694698228918,732744.688211014,880855.670627812,1613600.35883883,293.765439595735,302.853647904335,287.461829523672
2540,2.31606534980811,732271.494808221,881332.676071665,1613604.17087989,293.924520951031,299.434756551747,290.006093449762
2550,2.32518371732704,729477.944935726,884125.202232285,1613603.14716801,294.855828658424,299.049451130465,291.814367153181
2560,2.33430208484597,725201.317523923,888398.639344594,1613599.95686852,296.281020291677,302.021161330564,292.207358748843
2570,2.3434204523649,723304.368592547,890295.279337301,1613599.64792985,296.913549887377,304.986591358263,291.28409428188
2580,2.35253881988383,724482.472573462,889117.520890519,1613599.99346398,296.52076734718,305.898453498497,290.02187594018
2590,2.36165718740276,727571.775048662,886030.178137895,1613601.95318656,295.491138281773,305.211753252419,288.764485686107
2600,2.37077555492169,729251.134852667,884351.619140767,1613602.75399343,294.93133871628,303.659203125754,288.866986327702
2610,2.37989392244062,728480.265119448,885118.142600259,1613598.40771971,295.18697435393,301.056366960278,291.028056804403
2620,2.38901228995955,729933.693153664,883665.643393616,1613599.33654728,294.702565747412,297.540126720314,292.565272960689
2630,2.39813065747848,732755.984695933,880847.148455528,1613603.13315146,293.762597450568,294.930799046344,292.738994222175
2640,2.40724902499741,732173.55927693,881430.434406398,1613603.99368333,293.957123363814,294.819016523918,293.137563654276
2650,2.41636739251634,727959.457195101,885639.524424387,1613598.98161949,295.360855235747,295.872298428742,294.773759061054
2660,2.42548576003527,727224.566137077,886370.861806614,1613595.42794369,295.604756313695,294.956127539339,295.790838199671
2670,2.4346041275542,734463.078576043,879136.881844138,1613599.96042018,293.192223393076,290.803646780015,294.540280948955
2680,2.44372249507313,743204.207450731,870400.828694494,1613605.03614522,290.278748939301,286.086038942644,292.831989979624
2690,2.45284086259206,745767.102948328,867837.049305891,1613604.15225422,289.423728299447,283.669358114084,293.018788649441
2700,2.46195923011099,742282.338918104,871320.949190157,1613603.28810826,290.58560920132,283.214039877113,295.257834076456
2710,2.47107759762992,734207.493396097,879397.581581616,1613605.07497771,293.279166777261,284.25289957316,299.052278941013
2720,2.48019596514885,720609.826410535,892992.500491784,1613602.32690232,297.813073367278,287.581894637526,304.385681625974
2730,2.48931433266778,707559.589883193,906032.30361668,1613591.89349987,302.161848796625,290.931022539122,309.397264760964
2740,2.49843270018671,709175.331471332,904416.386117336,1613591.71758867,301.622940175867,289.406504203826,309.515878373746
2750,2.50755106770564,725672.540384048,887929.461779808,1613602.00216386,296.124549534703,284.37527371607,303.710629622513
2760,2.51666943522457,742018.645540128,871590.227460206,1613608.87300033,290.675413526832,281.360865868957,296.642882454143
2770,2.5257878027435,746916.531711673,866691.509218929,1613608.0409306,289.041690584936,283.676838599616,292.377390499661
2780,2.53490617026242,741090.504112655,872511.111079345,1613601.615192,290.982528290594,289.33347171035,291.839413903847
2790,2.54402453778135,734189.595724399,879405.946739381,1613595.54246378,293.281956558073,292.234551893579,293.735824703938
2800,2.55314290530028,734960.611918211,878637.482805421,1613598.09472363,293.025673772026,289.179411875767,295.345660308056
2810,2.56226127281921,739981.536252484,873624.4452877,1613605.98154018,291.353825341904,283.456102590275,296.37617898854
2820,2.57137964033814,738943.375590632,874661.207811265,1613604.5834019,291.699585729953,280.742089553002,298.761500193145
2830,2.58049800785707,733095.684405106,880502.973853908,1613598.65825901,293.647815192232,282.007932713713,301.163030331918
2840,2.589616375376,730016.636279448,883583.672040374,1613600.30831982,294.675228294272,285.716148999831,300.402385133654
2850,2.59873474289493,729128.568909897,884473.451304446,1613602.02021434,294.971969753025,290.965645286081,297.397042756194
2860,2.60785311041386,728612.387471216,884988.186093151,1613600.57356437,295.143633847974,296.223073691818,294.178054257206
2870,2.61697147793279,730127.421262579,883472.414043437,1613599.83530602,294.638123743017,299.661020984559,291.043993812201
2880,2.62608984545172,733685.339485256,879917.420833134,1613602.76031839,293.452533210984,300.680984749134,288.389021741208
2890,2.63520821297065,735063.262788977,878540.362445008,1613603.62523398,292.993284123731,299.980162453321,288.091204167234
2900,2.64432658048958,732602.428527122,880999.575556938,1613602.00408406,293.813431901597,297.95766179336,290.80576744717
2910,2.65344494800851,729097.280691371,884500.374255795,1613597.65494717,294.980948559545,296.059612824587,294.016021592382
2920,2.66256331552744,730389.784323758,883207.767642418,1613597.55196618,294.549864146212,294.668118970552,294.225569376529
2930,2.67168168304637,736105.638580951,877497.405537337,1613603.04411829,292.645457908066,293.532147710634,291.810460158098
2940,2.6808000505653,738647.727550268,874956.213083572,1613603.94063384,291.797970012864,293.247756988967,290.588280387116
2950,2.68991841808423,736506.010060646,877093.850998416,1613599.86105906,292.51087243569,294.360051755995,291.034327161789
2960,2.69903678560316,734983.37564334,878616.714503848,1613600.09014719,293.01874754172,296.744225468724,290.290913300766
2970,2.70815515312209,735132.930814142,878469.058526172,1613601.98934031,292.969504260855,300.388077026244,287.779647830378
2980,2.71727352064102,734768.174254652,878835.577718666,1613603.75197332,293.09173844211,303.446700508985,285.944187282158
2990,2.72639188815995,731645.076691861,881958.095654179,1613603.17234604,294.133098433943,303.954473652049,287.340404039844
3000,2.73551025567888,727023.785656836,886574.879990731,1613598.66564757,295.672796395108,301.674957852792,291.424961426323
3010,2.74462862319781,726589.92136984,887007.854916703,1613597.77628654,295.817193569019,297.307651191726,294.577040825907
3020,2.75374699071674,731464.296921043,882136.309282567,1613600.60620361,294.192532693869,292.936977591853,294.784408984634
3030,2.76286535823567,737990.752690771,875612.113211861,1613602.86590263,292.016712760334,289.812875414574,293.242590396874
3040,2.7719837257546,742469.703277479,871136.653399918,1613606.3566774,290.524146539909,287.579368713285,292.24522830221
3050,2.78110209327353,740887.599406057,872718.16829197,1613605.76769803,291.051581888267,286.525665822693,293.82631628041
3060,2.79022046079246,734854.366612256,878747.26190214,1613601.6285144,293.062285109935,286.371139537067,297.278830254255
3070,2.79933882831139,730731.912144189,882867.156257248,1613599.06840144,294.43627022086,285.814674760086,299.938636969523
3080,2.80845719583032,732197.752162335,881403.075867468,1613600.8280298,293.9479992888,285.189679445869,299.541922518014
3090,2.81757556334925,736464.491470419,877138.640158532,1613603.13162895,292.525809624323,286.378131730342,296.380490045622
3100,2.82669393086818,739469.177907075,874134.021255782,1613603.19916286,291.523768969745,289.488381630383,292.637757388511
3110,2.83581229838711,740136.857607753,873465.967249437,1613602.82485719,291.30097290293,292.996077122888,289.928152612206
3120,2.84493066590604,739219.251062538,874381.420484295,1613600.67154683,291.606276633082,295.958109244966,288.462049661298
3130,2.85404903342497,739382.861434468,874217.968043276,1613600.82947774,291.551765230374,298.013858491441,287.000743251971
3140,2.8631674009439,740381.305599516,873221.375638178,1613602.68123769,291.219401580183,298.619554858372,286.04328322674
3150,2.87228576846283,740030.927385447,873570.530229908,1613601.45761536,291.335844665636,296.464853598301,287.673725506637
3160,2.88140413598176,739329.247327495,874272.130141045,1613601.37746854,291.569828294496,290.807187617067,291.835280555869
3170,2.89052250350069,737899.10662083,875703.767958923,1613602.87457975,292.047279626121,284.838221942059,296.609945349142
3180,2.89964087101962,734499.30703977,879099.998906306,1613599.30594608,293.179922930234,282.851064567208,299.821511903142
3190,2.90875923853855,733091.749163931,880507.271763739,1613599.02092767,293.649248545519,283.547732136387,300.138885111154
3200,2.91787760605748,734943.305179653,878655.62739247,1613598.93257212,293.03172499332,285.593011225707,297.746674400902
3210,2.92699597357641,739522.879271499,874078.002696252,1613600.88196775,291.505086775472,287.454591578295,293.962496001275
3220,2.93611434109534,743243.928352086,870360.77878489,1613604.70713698,290.265392291109,288.517246336363,291.188935100698
3230,2.94523270861427,740892.001201179,872711.256995164,1613603.25819634,291.049276970206,290.376656173985,291.255149770212
3240,2.9543510761332,733754.203863058,879846.796560977,1613601.00042403,293.428980010331,293.749807543458,292.970570838237
3250,2.96346944365213,726033.787054971,887563.987689932,1613597.7747449,296.002663895258,296.994635857786,295.094680366993
3260,2.97258781117106,722661.936533617,890936.600235951,1613598.53676957,297.127430460547,297.362156869422,296.723339995914
3270,2.98170617868999,723186.473974907,890415.90998081,1613602.38395572,296.953780217045,295.665898575938,297.564906494269
3280,2.99082454620892,723351.424922673,890250.483497322,1613601.90842,296.89861047101,295.822963015305,297.368293266087
3290,2.99994291372785,723277.77846633,890324.693218908,1613602.47168524,296.923359419346,299.53487246129,294.934914591867
3300,3.00906128124678,722336.94606698,891266.829329001,1613603.77539598,297.237561890612,305.214290897886,291.672044584187
3310,3.01817964876571,719477.973086565,894122.236217509,1613600.20930407,298.189840325999,310.619244127873,289.655079591145
3320,3.02729801628464,719254.834038572,894342.413196675,1613597.24723525,298.263269366909,313.281207811749,288.002757679208
3330,3.03641638380357,725624.31159026,887973.940023282,1613598.25161354,296.13938303261,311.661042024802,285.544827551954
3340,3.0455347513225,737021.448440901,876579.012541429,1613600.46098233,292.33917376736,306.23798599767,282.829682969013
3350,3.05465311884143,749038.292728721,864566.145405011,1613604.43813373,288.332881575792,299.583284956841,280.592335253779
3360,3.06377148636036,755233.9905998,858373.224533092,1613607.21513289,286.267541948672,294.963995391568,280.231350035118
3370,3.07288985387929,751481.297064636,862123.663068948,1613604.96013358,287.518313513073,294.321741926434,282.743095976238
3380,3.08200822139822,741414.53429633,872184.15769621,1613598.69199254,290.873489310058,296.33677734497,286.988902712359
3390,3.09112658891715,734002.774369187,879594.352546178,1613597.12691536,293.344789910348,298.347387150589,289.765271091928
3400,3.10024495643608,731936.715610973,881664.356903101,1613601.07251407,294.035136535968,299.747191643167,289.98207051739
3410,3.10936332395501,730248.07497867,883355.042843925,1613603.1178226,294.598980438194,301.36343527084,289.843844732731
3420,3.11848169147394,725895.668185831,887704.887829646,1613600.55601548,296.0496541036,302.559230408963,291.463228521605
3430,3.12760005899287,722358.210379505,891237.690527394,1613595.9009069,297.227844097847,301.193226102087,294.336566224939
3440,3.1367184265118,725272.944362496,888324.61970088,1613597.56406338,296.256334734327,296.778311286754,295.661470087098
3450,3.14583679403073,731996.902574769,881607.253626121,1613604.15620089,294.016092588334,292.08658088255,295.057420315033
3460,3.15495516154966,734079.939768797,879524.017895065,1613603.95766386,293.321333298337,290.580926916884,294.903836441559
3470,3.16407352906859,732089.595077715,881507.851772743,1613597.44685046,293.982942061945,291.784791807498,295.203389779858
3480,3.17319189658752,734593.68597693,879002.332026521,1613596.01800345,293.147351017683,293.044587280359,292.971570716716
3490,3.18231026410645,743745.775435067,869853.726112505,1613599.50154757,290.096290182593,293.893032694393,287.323381599575
3500,3.19142863162538,753950.571366309,859653.387311865,1613603.95867817,286.694476342126,294.286080341912,281.394494945317
3510,3.20054699914431,758034.103895378,855572.376521064,1613606.48041644,285.33345890314,294.115539680501,279.24096050248
3520,3.20966536666324,752321.749045367,861282.596136097,1613604.34518146,287.237817620843,294.313594567617,282.281268141641
3530,3.21878373418217,741085.539025977,872512.286623168,1613597.82564915,290.982920334557,295.458671590744,287.756600396819
3540,3.2279021017011,734152.829220266,879443.29195927,1613596.12117954,293.294411192019,296.246782301543,291.081751776344
3550,3.23702046922003,734693.395794586,878906.453593905,1613599.84938849,293.115375552411,295.690461260178,291.154388934273
3560,3.24613883673896,736858.128420349,876746.177664006,1613604.30608435,292.394923349677,293.916128665465,291.137124036361
3570,3.25525720425789,734628.730767139,878972.169752614,1613600.90051975,293.13729189682,292.072928907154,293.602586146682
3580,3.26437557177682,731453.122921153,882145.809030868,1613598.93195202,294.19570086072,289.984403915617,296.758069073404
3590,3.27349393929575,729991.520890228,883610.48589047,1613602.0067807,294.684170715514,289.081068838371,298.17400182468
3600,3.28261230681468,726983.372398578,886618.303316228,1613601.67571481,295.687278077781,290.84989379679,298.665794866711
3610,3.29173067433361,723270.591822058,890328.378150439,1613598.9699725,296.924588344319,293.714684004517,298.817087413899
3620,3.30084904185254,722201.983041556,891399.756126517,1613601.73916807,297.281892988667,296.307196711725,297.683955595804
3630,3.30996740937147,721370.718758914,892230.343621952,1613601.06238087,297.558893987645,299.251602364773,296.182455991235
3640,3.3190857768904,721507.804694214,892091.065629944,1613598.87032416,297.512444765697,301.506801295122,294.601613375442
3650,3.32820414440933,725416.695823338,888183.124580932,1613599.82040427,296.209146100027,301.061900835245,292.727135321466
3660,3.33732251192826,731396.3988219,882208.216241949,1613604.61506385,294.216513670818,298.35680399684,291.211139692078
3670,3.34644087944719,733481.335426207,880122.249409672,1613603.58483588,293.520843558336,294.756908757075,292.452199389545
3680,3.35555924696612,732984.266903569,880613.703591292,1613597.97049486,293.684743568882,289.359457272242,296.323530480335
3690,3.36467761448505,736661.436504909,876937.2831737,1613598.71967861,292.458657053093,281.867954617326,299.275409796059
3700,3.37379598200398,742808.952858893,870796.647860911,1613605.6007198,290.410754664302,275.906796133362,299.838051389376
3710,3.38291434952291,742237.024411726,871368.526853365,1613605.55126509,290.601476355966,277.195871807163,299.296378158205
3720,3.39203271704184,735402.490534808,878194.330757339,1613596.82129215,292.877882527043,285.267858390148,297.707167049535
3730,3.40115108456077,733991.294133304,879603.148329185,1613594.44246249,293.347723304714,293.05912413212,293.295666317023
3740,3.4102694520797,741515.084760864,872085.493567007,1613600.57832787,290.840584814743,296.467943391978,286.846645275906
3750,3.41938781959863,749228.194191051,864377.716975074,1613605.91116613,288.270040678697,296.999403734643,282.210240274168
3760,3.42850618711756,749144.513609644,864458.879171951,1613603.3927816,288.297108278123,297.707418137603,281.783320781571
3770,3.43762455463649,743771.948887678,869827.212480867,1613599.16136854,290.087447884231,299.250014129596,283.737330847418
3780,3.44674292215542,739187.862019242,874410.299125281,1613598.16114452,291.615907662258,300.179152673892,285.664064398118
3790,3.45586128967435,737182.9841721,876417.360680056,1613600.34485216,292.285262858114,300.246652374308,286.734098794937
3800,3.46497965719328,735299.804054765,878302.161374421,1613601.96542919,292.91384404683,301.217087815202,287.134253331212
3810,3.47409802471221,731969.770694842,881631.078648855,1613600.8493437,294.024038235403,303.339286978716,287.568852374664
3820,3.48321639223114,729582.214432411,884016.478819253,1613598.69325166,294.819569391113,304.877576669917,287.86854823075
3830,3.49233475975007,731757.336776969,881841.116435712,1613598.45321268,294.094085854831,304.946109341294,286.614325125645
3840,3.501453127269,738186.705847734,875416.077164055,1613602.78301179,291.951334722046,303.991791563805,283.681070715272
3850,3.51057149478793,742104.503900658,871499.824537908,1613604.32843857,290.645264144708,303.038750410207,282.14073558092
3860,3.51968986230686,740384.084581878,873217.577842822,1613601.6624247,291.218135015115,301.894810220545,283.857669765648
3870,3.52880822982579,736783.75135613,876814.744920563,1613598.49627669,292.417790535455,298.53428113332,288.096448644765
3880,3.53792659734472,735415.006538786,878186.19440996,1613601.20094875,292.875169054514,292.950914867431,292.580609205025
3890,3.54704496486365,732686.82223409,880918.520131724,1613605.34236581,293.78639991053,290.708452953013,295.59354254895
3900,3.55616333238258,724192.060271739,889408.784299644,1613600.84457138,296.617903718407,295.16929125781,297.336463772373
3910,3.56528169990151,716447.768573548,897147.933455475,1613595.70202902,299.198910607128,302.231039667235,296.928158808218
3920,3.57440006742044,717072.202181752,896525.441038706,1613597.64322046,298.991309334236,306.145361529088,293.97278177989
3930,3.58351843493937,723980.425291683,889621.61742217,1613602.04271385,296.688883582515,305.210537220728,290.760540420719
3940,3.5926368024583,731224.589208288,882375.961998544,1613600.55120683,294.272456894629,301.464771569149,289.232353397536
3950,3.60175516997723,738385.629005506,875217.018244533,1613602.64725004,291.884948555789,296.979554779694,288.24530694939
3960,3.61087353749615,741941.027353634,871662.747345493,1613603.77469913,290.699598914622,294.540825571952,287.896531477305
3970,3.61999190501508,739772.350441115,873829.371472525,1613601.72191364,291.422168241629,295.973497999392,288.145096596253
3980,3.62911027253401,733784.786695983,879818.515046964,1613603.30174295,293.41954812305,300.227002355878,288.636729011061
3990,3.63822864005294,723471.959781848,890128.103598435,1613600.06338028,296.857796764527,305.720464986565,290.701969785866
4000,3.64734700757187,714211.789311904,899382.351451216,1613594.14076312,299.944089195003,309.596075799884,293.259478050754
4010,3.6564653750908,714494.656649283,899099.310351757,1613593.96700104,299.849694964735,309.020628222211,293.485864713946
4020,3.66558374260973,724684.491947127,888914.136347738,1613598.62829486,296.452938585205,303.867188309397,291.263061320256
4030,3.67470211012866,736974.444238883,876629.401410145,1613603.84564903,292.355978459278,295.986757078116,289.691829398003
4040,3.68382047764759,742686.672413235,870917.456802624,1613604.12921586,290.451044456436,289.399813261152,290.909822716246
4050,3.69293884516652,740343.480617441,873256.974938515,1613600.45555596,291.231273949813,288.322071064465,292.928049811754
4060,3.70205721268545,735143.90743473,878453.179344514,1613597.08677924,292.964208552448,293.127794739017,292.611014254274
4070,3.71117558020438,732233.726849941,881364.702404689,1613598.42925463,293.935201735764,299.394788043574,290.05053152911
4080,3.72029394772331,731242.682360317,882356.794927121,1613599.47728744,294.266064674711,302.527587879444,288.513160817659
4090,3.72941231524224,731608.696514124,881989.104872274,1613597.8013864,294.143440010763,301.257842409334,289.155385545041
4100,3.73853068276117,735350.407971459,878249.305496683,1613599.71346814,292.896216607198,297.775414320346,289.399337951259
4110,3.7476490502801,739984.900896456,873619.536696545,1613604.437593,291.352188326345,294.688056747489,288.88548255531
4120,3.75676741779903,739852.153059707,873751.801760614,1613603.95482032,291.396298736239,293.06027205433,290.044152941898
4130,3.76588578531796,735616.012746693,877984.017848854,1613600.03059555,292.807743154529,292.697201963438,292.637430829294
4140,3.77500415283689,732086.763478478,881514.041006246,1613600.80448472,293.985006171835,293.609937187646,293.990064656151
4150,3.78412252035582,728606.982599725,884994.754359186,1613601.73695891,295.145824365244,298.023440333368,292.981458866192
4160,3.79324088787475,724688.712947515,888907.77232381,1613596.48527132,296.450816182695,305.845790010523,289.940457950658
4170,3.80235925539368,726144.303766039,887452.87374969,1613597.17751573,295.965607386923,310.419227344282,286.08322274253
4180,3.81147762291261,732710.245137954,880889.630193604,1613599.87533156,293.776765113758,307.353968196223,284.480482421187
4190,3.82059599043154,740306.000440874,873296.669596469,1613602.67003734,291.24451212155,299.073900066584,285.782216398093
4200,3.82971435795047,744965.69476951,868638.485239533,1613604.18000904,289.691007250136,291.232411967903,288.42199493225
4210,3.8388327254694,744255.193412272,869350.019446775,1613605.21285905,289.928303967575,288.042983658831,290.943577253433
4220,3.84795109298833,737301.909944656,876301.38618157,1613603.29612623,292.2465853532,289.602205342919,293.765966538926
4230,3.85706946050726,727391.528795477,886208.064009323,1613599.5928048,295.550463234725,293.345849074483,296.773913955524
4240,3.86618782802619,720369.819697742,893227.180075382,1613596.99977312,297.891339027975,296.444718932599,298.607509642367
4250,3.87530619554512,720148.705013517,893448.272558391,1613596.97757191,297.965073389492,296.434164460971,298.737375114014
4260,3.88442456306405,726093.930391417,887506.247218244,1613600.17760966,295.983407443136,294.126236167305,296.974868787487
4270,3.89354293058298,733175.47870851,880426.435992844,1613601.91470135,293.622289809186,292.699491282358,293.992803585563
4280,3.90266129810191,738121.76308991,875480.090313053,1613601.85340296,291.972683112574,292.452891056763,291.409233913855
4290,3.91177966562084,740631.015989812,872970.297631425,1613601.31362124,291.135667043997,291.153084847395,290.881442119195
4300,3.92089803313977,741356.104340635,872243.992759017,1613600.09709965,290.893444308493,288.181527385592,292.458977720171
4310,3.9300164006587,741411.546650668,872188.653733668,1613600.20038434,290.874988738926,285.503669667033,294.213472296238
4320,3.93913476817763,739859.672819852,873742.204901366,1613601.87772122,291.39309818288,286.122082672034,294.664280941626
4330,3.94825313569656,734874.749674237,878725.211111095,1613599.96078533,293.054931169283,290.754081909889,294.344618232905
4340,3.95737150321549,729163.765113933,884433.944606494,1613597.70972043,294.958794265964,295.859577384079,294.112473192
4350,3.96648987073442,726574.827879006,887022.107293974,1613596.93517298,295.821946738027,298.345363595297,293.893150544231
4360,3.97560823825335,728443.334395383,885155.561909945,1613598.89630533,295.19945369683,297.903559874719,293.150716700156
4370,3.98472660577228,732423.167967516,881177.373065213,1613600.54103273,293.87272738543,296.726448127362,291.725352951322
4380,3.99384497329121,736586.723204232,877012.734155152,1613599.45735938,292.483819961698,295.751929598189,290.061343687403
4390,4.00296334081014,741986.746325407,871614.078378798,1613600.82470421,290.683367810171,293.371479534307,288.649057187572
4400,4.01208170832907,746180.614790727,867425.189588836,1613605.80437956,289.28637304947,290.583156483005,288.180778782904
4410,4.021200075848,743137.430413717,870466.929534044,1613604.35994776,290.300793574802,290.848449689296,289.693772170493
4420,4.03031844336693,734887.682572008,878712.340639961,1613600.02321197,293.050638866087,292.446658562263,293.209083536249
4430,4.03943681088586,728441.959447239,885155.029639631,1613596.98908687,295.199276184636,291.569175979691,297.373343591112
4440,4.04855517840479,728855.287386949,884741.368637867,1613596.65602482,295.061320206059,287.838935144272,299.630359147079
4450,4.05767354592372,736529.464528086,877069.978045528,1613599.44257361,292.502910803911,282.85031872417,298.694219764736
4460,4.06679191344265,746739.950745587,866863.727522909,1613603.6782685,289.099125403672,277.783868076408,296.401714350677
4470,4.07591028096158,752816.805224546,860788.217185621,1613605.02241017,287.07294219964,273.857992128789,295.643681461708
4480,4.08502864848051,752192.361535207,861411.833866757,1613604.19540196,287.280918414793,272.62151240573,296.814454988822
4490,4.09414701599944,745939.500876509,867664.629799348,1613604.13067586,289.366226379639,275.030565155571,298.682195340368
4500,4.10326538351837,734898.796838941,878705.16029204,1613603.95713098,293.048244219457,281.080743366149,300.78237125148
4510,4.1123837510373,720667.170616515,892933.57975521,1613600.75037173,297.793423296719,289.168156186492,303.295440184122
4520,4.12150211855623,709050.860866905,904544.471085414,1613595.33195232,301.6656565234,295.87812184826,305.272624926389
4530,4.13062048607516,707919.95540422,905674.714841512,1613594.67024573,302.042592910292,297.701392870996,304.685024109066
4540,4.13973885359409,717309.712061786,896292.667684418,1613602.3797462,298.913679401173,294.456246075147,301.63620688569
4550,4.14885722111302,725891.530070124,887716.194930551,1613607.72500068,296.053425022695,291.264485368027,298.999340271622
4560,4.15797558863195,726015.515761667,887587.079386197,1613602.59514786,296.010364977888,291.406559616167,298.83289324822
4570,4.16709395615088,724137.711004792,889459.943001161,1613597.65400595,296.634965149628,292.058108039706,299.439007418618
4580,4.17621232366981,727537.849951252,886061.196740985,1613599.04669224,295.501482988489,290.751633272366,298.421798230083
4590,4.18533069118874,735045.639562817,878556.507944015,1613602.14750683,292.998668648996,288.398154492216,295.821512529642
4600,4.19444905870767,741715.731989551,871889.181985802,1613604.91397535,290.775114886044,287.296276315227,292.852028004184
4610,4.2035674262266,743539.517743299,870064.711402305,1613604.2291456,290.166653794332,289.234969822605,290.54597089732
4620,4.21268579374553,741543.308564281,872059.184137463,1613602.49270174,290.831810617797,292.394078457148,289.547938882714
4630,4.22180416126446,738817.371976503,874785.208832348,1613602.58080885,291.740940080823,294.361861292618,289.750541822893
4640,4.23092252878339,736252.899875336,877350.079143744,1613602.97901908,292.59632454352,294.58281851085,291.028164961513
4650,4.24004089630232,733486.89840781,880116.473871995,1613603.3722798,293.51891741604,292.746084351665,293.789540361109
4660,4.24915926382125,730189.896190647,883411.813955539,1613601.71014619,294.617913608651,289.630896466646,297.697076775314
4670,4.25827763134018,728166.58113873,885434.641958396,1613601.22309713,295.292526916257,287.003317444194,300.572589458536
4680,4.26739599885911,727907.151521349,885694.908603281,1613602.06012463,295.379325864026,286.590354187812,300.992490876615
4690,4.27651436637804,728459.355833976,885140.356366572,1613599.71220055,295.194382646847,289.326468998201,298.860329760406
4700,4.28563273389697,731930.777320027,881668.076809953,1613598.85412998,294.036377125214,294.329410352384,293.595991326161
4710,4.2947511014159,738305.239147773,875297.325964797,1613602.56511257,291.911731187193,299.355844494708,286.705729206192
4720,4.30386946893483,742077.430657985,871527.699183158,1613605.12984114,290.654560341223,303.232747090509,282.026890374749
4730,4.31298783645376,739570.797316831,874032.020893432,1613602.81821026,291.489751840398,305.992742700707,281.578183140323
4740,4.32210620397269,733534.879517679,880065.667615809,1613600.54713349,293.501973525366,306.90574884385,284.321538335105
4750,4.33122457149162,727487.232747818,886112.401310575,1613599.63405839,295.518559716717,305.844691998124,288.388206062682
4760,4.34034293901055,723479.073551678,890118.558294775,1613597.63184645,296.854613404961,303.905766651991,291.906465729102
4770,4.34946130652948,724431.859055025,889164.993417983,1613596.85247301,296.536599439047,300.989541354989,293.320857662219
4780,4.35857967404841,730861.000706394,882739.374233633,1613600.37494003,294.39365490533,297.171291100101,292.296569396396
4790,4.36769804156734,737894.476761666,875707.980760876,1613602.45752254,292.048684595923,294.581501221362,290.116766275134
4800,4.37681640908627,742152.762635378,871449.350206876,1613602.11284225,290.628430951101,293.545477083564,288.441543170332
4810,4.3859347766052,743723.722493499,869878.743822399,1613602.4663159,290.104633590928,292.786813702674,288.074759655107
4820,4.39505314412413,742594.96815237,871007.570538835,1613602.5386912,290.481097394976,291.613107764868,289.484356233884
4830,4.40417151164306,738901.890897033,874700.215699894,1613602.10659693,291.712594864063,289.556384639624,292.90697451797
4840,4.41328987916199,733954.348725556,879644.894227605,1613599.24295316,293.361645565318,287.639262892894,296.932099308962
4850,4.42240824668092,732636.060023419,880959.149468828,1613595.20949225,293.799949797842,286.834313616786,298.198873960381
4860,4.43152661419985,740294.846481411,873302.875444995,1613597.72192641,291.246581772551,285.383716398657,294.91245320367
4870,4.44064498171878,753355.700362624,860248.704284351,1613604.40464697,286.893014602085,283.406292486835,288.978418500084
4880,4.44976334923771,761457.001406906,852152.664226448,1613609.66563335,284.192984567767,282.460679040521,285.111027432124
4890,4.45888171675664,757377.007265147,856229.708102962,1613606.71536811,285.552679040508,283.39818392105,286.751048554279
4900,4.46800008427557,744955.151777604,868647.381069402,1613602.53284701,289.693974010139,285.866809332838,292.004005483331
4910,4.4771184517945,731430.562088878,882168.43624276,1613598.99833164,294.203247037772,288.86001683209,297.520231135696
4920,4.48623681931343,723036.358309634,890560.128479473,1613596.48678911,297.001877098374,291.001290071412,300.754766885432
4930,4.49535518683236,723139.094908433,890460.636671619,1613599.73158005,296.968696572159,291.427073303422,300.41563817084
4940,4.50447355435129,726899.405817622,886706.697363898,1613606.10318152,295.716757500049,290.802285587434,298.746641477209
4950,4.51359192187022,725672.746691972,887933.268157998,1613606.01484997,296.125818962147,290.980377974834,299.309341437888
4960,4.52271028938915,719314.579106627,894285.573150317,1613600.15225694,298.244313206709,293.201849090769,301.357419022998
4970,4.53182865690808,715328.045142614,898268.919404289,1613596.9645469,299.57275951452,295.867235714201,301.793464748471
4980,4.54094702442701,717753.169650105,895844.810130837,1613597.97978094,298.764318869714,295.307312463335,300.820019541575
4990,4.55006539194594,724096.334731056,889505.248558151,1613601.58328921,296.650074556662,290.830832266066,300.282361021596
5000,4.55918375946487,728646.276473473,884956.595051059,1613602.87152453,295.133098232803,286.277456753161,300.790914970703
5010,4.5683021269838,729046.973019582,884553.359602279,1613600.33262186,294.998619177015,284.323088198606,301.86980764664
5020,4.57742049450273,728997.009819848,884600.19810914,1613597.20792899,295.014239822958,283.589498294494,302.384888975415
5030,4.58653886202166,732707.678624601,880892.468293048,1613600.14691765,293.777711620159,282.919228193139,300.771885811821
5040,4.59565722954059,736955.297152491,876648.602633906,1613603.8997864,292.362382069003,283.148887110512,298.26107672294
5050,4.60477559705952,736735.339988159,876868.646258655,1613603.98624681,292.435766636203,285.424242598344,296.866419522579
5060,4.61389396457845,732075.947952287,881525.404568081,1613601.35252037,293.988795920654,289.086539776441,297.011976020196
5070,4.62301233209738,727515.281730431,886083.365961988,1613598.64769242,295.508876425542,291.099784084055,298.202013922845
5080,4.63213069961631,727833.928110775,885764.738751197,1613598.66686197,295.402614224178,289.382394390187,299.169925268319
5090,4.64124906713524,733341.69274421,880259.893421235,1613601.58616545,293.566747847669,285.683384331724,298.577684568426
5100,4.65036743465417,739631.015729524,873972.75576659,1613603.77149611,291.469986915654,283.237713176396,296.715277752731
5110,4.6594858021731,742658.614085767,870944.040576097,1613602.65466186,290.459910147106,283.216056719245,295.047095840557
5120,4.66860416969203,743007.654255567,870592.585407507,1613600.23966307,290.342699819079,284.540166193861,293.969103319375
5130,4.67772253721095,743170.525911817,870431.068119848,1613601.59403167,290.288833790178,286.05077277668,292.872300437685
5140,4.68684090472988,741357.411278488,872247.119218555,1613604.53049704,290.89448698301,289.412186380754,291.640275312028
5150,4.69595927224881,734318.913860268,879284.483145442,1613603.39700571,293.241448439367,295.314769215669,291.614866714799
5160,4.70507763976774,725072.15899288,888524.340708982,1613596.49970186,296.322941707181,300.96686289938,292.980058460959
5170,4.71419600728667,723754.653286275,889838.252337596,1613592.90562387,296.761131344871,302.249745527876,292.85475428008
5180,4.7233143748056,735458.744547459,878139.192344382,1613597.93689184,292.859493861725,298.292560213756,288.993400048819
5190,4.73243274232453,751923.308762756,861684.659698508,1613607.96846126,287.371905852429,292.705890610215,283.576439425694
5200,4.74155110984346,758598.322080807,855011.318697195,1613609.640778,285.146346072101,290.744438200196,281.176662698312
5210,4.75066947736239,752226.303652703,861378.359466741,1613604.66311944,287.269754699597,294.060298462141,282.503334062318
5220,4.75978784488132,740590.533815373,873007.937083931,1613598.4708993,291.148219804546,298.704187985615,285.868284167329
5230,4.76890621240025,733367.496508038,880228.880632025,1613596.37714006,293.556405079882,299.001249037645,289.681878770472
5240,4.77802457991918,733619.69058479,879980.918081202,1613600.60866599,293.473709548508,294.253702599917,292.709152756279
5250,4.78714294743811,735239.399112469,878366.102940887,1613605.50205336,292.935168564578,289.78010674846,294.794430468186
5260,4.79626131495704,730921.397645863,882684.357646369,1613605.75529223,294.375306868891,290.707685147102,296.575075261026
5270,4.80537968247597,721174.267476972,892424.774887802,1613599.04236477,297.623736831016,295.995044215226,298.461512127518
5280,4.8144980499949,715564.144535231,898031.919846129,1613596.06438136,299.493720142114,299.469192841271,299.260493575891
5290,4.82361641751383,718908.940145899,894690.824519048,1613599.76466495,298.379464571969,298.058237724941,298.344966249511
5300,4.83273478503276,726428.872556345,887174.462610098,1613603.33516644,295.872757248657,293.501942799543,297.206739583693
5310,4.84185315255169,732422.443325651,881180.813638041,1613603.25696369,293.873874816755,288.923946006801,296.928932461045
5320,4.85097152007062,735671.803413947,877930.482447891,1613602.28586184,292.789889093844,285.806250968422,297.20165626988
5330,4.86008988758955,736981.17784379,876619.608698939,1613600.78654273,292.352712589274,284.051306150372,297.643356288051
5340,4.86920825510848,738200.69638151,875398.956757607,1613599.65313912,291.945625065068,282.676962176289,297.8814456367
5350,4.87832662262741,740494.504471066,873107.012627365,1613601.51709843,291.181261506542,280.570856230942,298.012213972352
5360,4.88744499014634,741082.00358989,872522.396497686,1613604.40008758,290.986291978551,278.668134609574,298.955908314553
5370,4.89656335766527,736749.831101327,876852.692839973,1613602.5239413,292.430446169742,279.515409961999,300.796778269765
5380,4.9056817251842,730234.114765359,883366.430398562,1613600.54516392,294.602778188615,282.23940754857,302.599522966821
5390,4.91480009270313,725399.731345415,888199.006843155,1613598.73818857,296.214442835803,285.193209754091,303.315086187914
5400,4.92391846022206,725095.932579194,888503.762141172,1613599.69472037,296.316078753101,287.767722479491,301.76805286988
5410,4.93303682774099,728073.996800697,885528.444963481,1613602.44176418,295.323810226273,289.696345263948,298.8293503593
5420,4.94215519525992,730665.988316061,882935.782834779,1613601.77115084,294.459157190188,290.410564506497,296.912836348324
5430,4.95127356277885,732554.467602511,881047.435386002,1613601.90298851,293.82939315858,289.764874486882,296.294214445413
5440,4.96039193029778,733378.144824151,880224.069431409,1613602.21425556,293.554800544075,289.029437175318,296.327080456126
5450,4.96951029781671,732749.043051726,880852.901786596,1613601.94483832,293.764516186959,288.659342356644,296.92316164368
5460,4.97862866533564,731267.716293864,882333.949003877,1613601.66529774,294.258445557405,288.358232930801,297.94670527051
5470,4.98774703285457,729092.440183226,884511.718183939,1613604.15836716,294.984731760527,287.772648560045,299.546966617714
5480,4.9968654003735,723615.49287962,889988.410684695,1613603.90356432,296.811209166148,288.098085192387,302.372615807684
5490,5.00598376789243,716033.106779348,897566.726731778,1613599.83351113,299.338578199693,290.295401813383,305.117913642066
5500,5.01510213541136,712848.1940008,900747.441531853,1613595.63553265,300.39934685071,292.423472312225,305.466263753989
5510,5.02422050293029,719894.826633973,893702.243872713,1613597.07050669,298.049772843993,291.160683550585,302.394124228895
5520,5.03333887044922,734317.106775453,879286.135156319,1613603.24193177,293.241999385132,286.327818065468,297.607085265422
5530,5.04245723796815,746652.635112675,866953.29295048,1613605.92806315,289.128995481234,281.766630583779,293.796297916635
5540,5.05157560548708,751090.76074609,862516.427624309,1613607.1883704,287.649300525032,280.760413188787,292.00218433209
5550,5.06069397300601,746050.166422156,867552.493223299,1613602.65964545,289.328828822177,283.637536790112,292.881916152869
5560,5.06981234052494,738060.023748483,875535.629214295,1613595.65296278,291.991205340769,287.122371664634,294.993768453741
5570,5.07893070804387,736184.417758968,877412.286920475,1613596.70467944,292.617070842246,287.963172477649,295.475822192942
5580,5.0880490755628,738875.93928428,874726.467268025,1613602.40655231,291.721349764224,286.612569114344,294.884102406007
5590,5.09716744308173,739310.168274635,874289.461809896,1613599.63008453,291.575608407503,286.364283873779,294.806845089644
5600,5.10628581060066,740367.44513104,873230.780953551,1613598.22608459,291.222538253644,287.996027865146,293.130859730765
5610,5.11540417811959,743633.028166317,869970.647663186,1613603.6758295,290.135283529493,289.364748780696,290.407193959083
5620,5.12452254563852,743120.768882175,870482.520825034,1613603.28970721,290.305993271647,289.287041433071,290.743372836305
5630,5.13364091315745,738721.876951198,874880.446851213,1613602.32380241,291.772701968055,287.118957073159,294.632054646345
5640,5.14275928067638,732497.990926623,881103.40727807,1613601.39820469,293.848059789251,284.224870092585,300.018646203871
5650,5.15187764819531,726706.113783807,886893.084834395,1613599.1986182,295.778917737,282.807334826901,304.180157245619
5660,5.16099601571424,724394.707810628,889204.933832645,1613599.64164327,296.549919570667,283.406196068301,305.0652769726
5670,5.17011438323317,725635.980383495,887964.064750624,1613600.04513412,296.136089628356,285.622817972259,302.898157324397
5680,5.1792327507521,729724.743053856,883875.993338515,1613600.73639237,294.772717471574,287.750810377968,299.208344936086
5690,5.18835111827103,735236.649486379,878365.571671818,1613602.2211582,292.934991386299,288.596908431044,295.582934196981
5700,5.19746948578996,739686.327618074,873917.374841212,1613603.70245929,291.451517372424,288.953183750713,292.874196855755
5710,5.20658785330889,741223.242424613,872379.193277505,1613602.43570212,290.938533692681,290.655027715666,290.885088899282
5720,5.21570622082782,741561.288643607,872039.271113765,1613600.55975737,290.825169622733,294.131981064589,288.378274353477
5730,5.22482458834675,742805.773248993,870796.158241365,1613601.93149036,290.410591376143,297.441455453467,285.48133983178
5740,5.23394295586568,743051.790961464,870550.813570958,1613602.60453242,290.328768908107,299.122902186855,284.224072748185
5750,5.24306132338461,741176.922552769,872423.081584748,1613600.00413752,290.953170446806,299.257255997432,285.174652437683
5760,5.25217969090354,740130.033850801,873468.143511378,1613598.17736218,291.301698686469,297.779663336122,286.740304171128
5770,5.26129805842247,741779.782930443,871820.175293441,1613599.95822388,290.752101148388,295.84514972861,287.114442010616
5780,5.2704164259414,743470.976448732,870130.996242022,1613601.97269075,290.188759793904,294.518426270515,287.06049150967
5790,5.27953479346033,741814.526283075,871789.484164472,1613604.01044755,290.741865654318,294.164054904676,288.218121266034
5800,5.28865316097926,734411.137594028,879193.007749831,1613604.14534386,293.210941387304,295.741176359776,291.279775621165
5810,5.29777152849819,722492.143402406,891106.681667068,1613598.82506947,297.184152632005,299.384605145992,295.469530828821
5820,5.30688989601712,714165.67243843,899428.465949201,1613594.13838763,299.959468383926,303.161663266294,297.574705572026
5830,5.31600826353605,716162.008768604,897433.998861343,1613596.00762995,299.294313443836,304.19321155958,295.778969438804
5840,5.32512663105498,726103.521448715,887497.119795555,1613600.64124427,295.980363446909,301.91742400011,291.775672775235
5850,5.33424499857391,736511.886436151,877093.506528203,1613605.39296435,292.510757554845,298.44113489745,288.313413695147
5860,5.34336336609284,740496.851799135,873107.323261925,1613604.17506106,291.181365103193,296.839050859518,287.16692346139
5870,5.35248173361177,739037.766784087,874564.631100527,1613602.39788461,291.66737738887,297.467870834744,287.557325610463
5880,5.3616001011307,735068.179656585,878533.993866142,1613602.17352273,292.991160202148,299.12977051271,288.654594028273
5890,5.37071846864963,730748.630407571,882848.444429131,1613597.0748367,294.430029824623,299.826205010451,290.587221342551
5900,5.37983683616856,733140.234298224,880453.68793874,1613593.92223696,293.631378335414,296.023537725846,291.791912593181
5910,5.38895520368749,746090.830439179,867506.604761219,1613597.4352004,289.313525016248,287.436148120695,290.324015009103
5920,5.39807357120642,763006.587896029,850599.702296274,1613606.2901923,283.675071634575,278.594519161552,286.825710723561
5930,5.40719193872535,770666.870844968,842942.581342784,1613609.45218775,281.121421158174,275.192761600862,284.839593012084
5940,5.41631030624428,763542.161644949,850063.988482338,1613606.15012729,283.496411032962,278.099184048346,286.858315346845
5950,5.42542867376321,746494.100388731,867107.67976167,1613601.7801504,289.180483495638,284.760807469025,291.885950443799
5960,5.43454704128214,727152.732411166,886446.604593135,1613599.3370043,295.630016539315,292.464256136242,297.494165127581
5970,5.44366540880107,711168.314865145,902427.790074431,1613596.10493958,300.959743229759,298.515119671066,302.338692482861
5980,5.45278377632,704739.981405158,908851.752711956,1613591.73411711,303.102135304971,300.302823025724,304.715758378383
5990,5.46190214383893,713352.573297609,900242.108680537,1613594.68197815,300.230818302664,296.52034790302,302.454272887174
6000,5.47102051135786,731476.08233725,882129.045106014,1613605.12744326,294.190110090383,289.266972415186,297.227043448773
6010,5.48013887887679,743045.594713828,870566.468154512,1613612.06286834,290.333989713027,284.198681137164,294.182250438841
6020,5.48925724639572,738121.170017632,875484.703727893,1613605.87374552,291.974221686808,283.672712626612,297.265249208866
6030,5.49837561391465,724249.383624161,889349.602160601,1613598.98578476,296.598166470102,284.677064951537,304.298402343753
6040,5.50749398143358,712944.415263986,900649.012181275,1613593.42744526,300.366520654085,284.733304799546,310.538359123233
6050,5.51661234895251,712894.419342698,900699.765124399,1613594.1844671,300.383446764849,282.155568592612,312.285046007368
6060,5.52573071647144,723237.865284454,890362.976115654,1613600.84140011,296.936126768602,277.98212996049,309.32467786837
6070,5.53484908399037,734822.690315216,878781.128193761,1613603.81850898,293.073579521014,274.271068703012,305.364358750082
6080,5.5439674515093,741784.048205679,871821.416935654,1613605.46514133,290.75251523617,271.186556290605,303.554194103849
6090,5.55308581902823,741890.249757604,871712.60122987,1613602.85098747,290.716225189218,270.159347286146,304.178546936941
6100,5.56220418654716,738911.657783588,874687.274721305,1613598.93250489,291.708279046625,272.081174755798,304.549925007971
6110,5.57132255406609,738727.132174345,874871.862547693,1613598.99472204,291.769839102115,275.597403983406,302.308320982004
6120,5.58044092158502,742359.941121656,871240.798140844,1613600.7392625,290.558878819691,279.65885661442,297.583427890855
6130,5.58955928910395,747333.770639284,866270.937770645,1613604.70840993,288.901429971867,283.661652657349,292.15386365657
6140,5.59867765662288,748128.23406967,865478.841722393,1613607.07579206,288.637265873735,287.443613749107,289.192502901924
6150,5.60779602414181,742352.871568833,871249.071435974,1613601.94300481,290.561637964307,290.524501841503,290.344260681205
6160,5.61691439166074,736780.602399407,876818.112016441,1613598.71441585,292.418913462211,291.556200444326,292.750373046251
6170,5.62603275917967,736541.289217964,877057.551985319,1613598.84120328,292.498766711796,290.492149412555,293.592762605697
6180,5.6351511266986,740732.259919629,872871.54254732,1613603.80246695,291.102732215214,288.888092827655,292.336572863408
6190,5.64426949421753,742043.624898899,871563.262990308,1613606.88788921,290.666420873873,288.611926871635,291.793861524637
6200,5.65338786173646,736817.820458616,876781.586110563,1613599.40656918,292.406732069556,290.016215130839,293.756737751976
6210,5.66250622925539,734026.201864391,879569.922939254,1613596.12480365,293.336642634402,290.989213401102,294.657148254406
6220,5.67162459677432,736982.965071479,876620.977284945,1613603.94235642,292.353169012821,291.013203728405,293.002851561588
6230,5.68074296429325,735634.573139727,877970.619740769,1613605.1928805,292.803274884365,292.346966958026,292.863477439522
6240,5.68986133181218,727974.462248866,885623.463322516,1613597.92557138,295.355498856934,294.785401292528,295.48943431749
6250,5.69897969933111,723772.724195067,889821.71911736,1613594.44331243,296.755617514544,295.498201081433,297.346598788689
6260,5.70809806685004,728246.662494629,885352.045027452,1613598.70752208,295.2649808329,294.239539907686,295.702553965681
6270,5.71721643436897,734786.276488321,878820.852843707,1613607.12933203,293.086827695083,294.270376040426,292.053556441775
6280,5.7263348018879,731921.544522019,881684.140526542,1613605.68504856,294.041734376035,298.639687828604,290.731397295676
6290,5.73545316940683,721736.504234602,891859.422947272,1613595.92718187,297.435191911713,304.741910499119,292.316183526851
6300,5.74457153692576,717583.428920198,896010.395091271,1613593.82401147,298.819541467824,306.466168603774,293.4727737593
6310,5.75368990444468,723459.30665237,890139.210442285,1613598.51709466,296.861500897877,302.141824674819,293.093900462502
6320,5.76280827196361,732862.388096982,880739.935369099,1613602.32346608,293.726841877305,295.672780541398,292.184777066346
6330,5.77192663948254,739467.545883648,874135.239565874,1613602.78544952,291.524175276263,290.995912250134,291.633413814285
6340,5.78104500700147,741522.615029382,872080.431326856,1613603.04635624,290.838896557231,289.984864244461,291.165885685278
6350,5.7901633745204,738260.576521791,875343.125202258,1613603.70172405,291.927005236704,293.996565365219,290.304025979996
6360,5.79928174203933,729668.360117827,883932.297196967,1613600.65731479,294.791494813062,301.917435999154,289.795207776657
6370,5.80840010955826,720514.649568537,893083.344790818,1613597.99435935,297.84336994858,309.366447622576,289.913115357625
6380,5.81751847707719,715530.408602002,898067.868558925,1613598.27716093,299.505709040829,312.405566802211,290.656215775708
6390,5.82663684459612,715752.612081993,897845.262841713,1613597.87492371,299.431470015579,311.106228670193,291.398771354156
6400,5.83575521211505,722061.436053943,891536.744683969,1613598.18073791,297.327578683998,307.314599436173,290.421791866978
6410,5.84487357963398,733729.128912064,879871.111379134,1613600.2402912,293.437089004213,302.026069927678,287.4665708144
6420,5.85399194715291,747361.447665552,866240.472035043,1613601.9197006,288.891269646504,296.094900122669,283.848106604355
6430,5.86311031467184,758916.729251979,854690.003528258,1613606.73278024,285.039187436471,291.169199100604,280.714980337519
6440,5.87222868219077,761886.484137154,851722.183333535,1613608.66747069,284.049419154089,290.486947050204,279.521026040717
6450,5.8813470497097,753922.153200606,859683.295758476,1613605.44895908,286.704450811564,294.67853940755,281.149471371898
6460,5.89046541722863,740830.39262374,872768.068697748,1613598.46132149,291.068223677755,299.951674418776,284.903366330677
6470,5.89958378474756,733086.107158464,880509.987661005,1613596.09481947,293.650154297484,301.232581413722,288.350494424744
6480,5.90870215226649,734319.865086679,879280.99919887,1613600.86428555,293.240286542895,297.238506929562,290.330439379664
6490,5.91782051978542,738075.736841899,875529.657492814,1613605.39433471,291.989213771157,292.195075785717,291.608648083308
6500,5.92693888730435,737799.469206244,875805.066885752,1613604.536092,292.081062826664,291.433415438437,292.269426866461
6510,5.93605725482328,734029.368966239,879573.469583814,1613602.83855005,293.337825440658,295.057116025695,291.947183529433
6520,5.94517562234221,729319.532014047,884282.679413767,1613602.21142781,294.908347311578,299.392700587839,291.673021504645
6530,5.95429398986114,725371.49474367,888227.871645653,1613599.36638932,296.224069249843,301.727666711032,292.308150884676
6540,5.96341235738007,725802.493974914,887796.486137274,1613598.98011219,296.080202146831,301.058722868848,292.514454830366
6550,5.972530724899,730197.603992476,883406.471350407,1613604.07534288,294.616131849394,298.356419036776,291.877093614597
6560,5.98164909241793,731916.326030585,881687.279015894,1613603.60504648,294.042781062496,295.904274648145,292.556749687845
6570,5.99076745993686,730304.664816021,883296.857895292,1613601.52271131,294.579575752974,293.911573281745,294.779427753998
6580,5.99988582745579,728047.652743709,885552.314342954,1613599.96708666,295.331770666318,292.130853353553,297.219605732605
6590,6.00900419497472,727933.199945555,885664.726871207,1613597.92681676,295.369260253863,290.141889767618,298.608032861147
6600,6.01812256249365,732445.128260769,881155.562145582,1613600.69040635,293.865453441915,286.691173022715,298.403419176847
6610,6.02724093001258,737914.317681334,875690.818114187,1613605.13579552,292.042960851822,282.3261585646,298.27745990926
6620,6.03635929753151,738384.970196278,875219.85440493,1613604.82460121,291.885894415518,279.855233355646,299.663096876753
6630,6.04547766505044,734589.754623066,879009.750214603,1613599.50483767,293.149824984026,280.478388205873,301.353157981974
6640,6.05459603256937,733770.90488065,879827.39325234,1613598.29813299,293.422509005283,282.155562014355,300.689288241729
6650,6.0637144000883,737569.591068619,876033.594042102,1613603.18511072,292.15727665236,283.470597864179,297.704931447271
6660,6.07283276760723,740231.143840405,873371.92165173,1613603.06549213,291.269608688254,284.532472940866,295.518307845939
6670,6.08195113512616,741087.613120793,872514.242254642,1613601.85537543,290.983572537816,285.305786772552,294.526276737545
6680,6.09106950264509,741561.373996174,872041.922249487,1613603.29624566,290.826053776717,285.775483905486,293.950745312725
6690,6.10018787016402,740663.345613576,872938.979844957,1613602.32545853,291.125222559599,286.546518538532,293.935087554843
6700,6.10930623768295,739703.290315709,873898.878580413,1613602.16889612,291.445348867905,286.342517786041,294.604365131758
6710,6.11842460520188,739215.678687944,874387.427051097,1613603.10573904,291.608279823611,284.563142441866,296.062031178253
6720,6.12754297272081,737840.329575901,875763.233148172,1613603.56272407,292.067111271693,283.138946616648,297.775831782329
6730,6.13666134023974,734789.413632125,878812.778300312,1613602.19193244,293.084134834188,284.215436632075,298.752363523234
6740,6.14577970775867,731748.872909316,881851.354232513,1613600.22714183,294.097500160918,287.978770399693,297.931572084935
6750,6.1548980752776,730995.317438121,882604.851813567,1613600.16925169,294.348791667022,292.754885701797,295.166104984116
6760,6.16401644279653,732591.256204665,881008.67115713,1613599.9273618,293.816465285019,296.170255014972,292.002425077313
6770,6.17313481031546,735921.794769556,877679.884475969,1613601.67924553,292.706314649314,296.451772291547,289.965420958951
6780,6.18225317783439,739026.770096931,874574.374566992,1613601.14466392,291.670626835748,294.258833412092,289.702096929157
6790,6.19137154535332,742467.139420472,871133.492555283,1613600.63197576,290.52309239796,290.800948684366,290.095752296691
6800,6.20048991287225,747047.90866296,866554.423652448,1613602.33231541,288.995972537085,286.872870916462,290.170543640385
6810,6.20960828039118,750659.020158041,862945.082722108,1613604.10288015,287.792257035887,283.897893518088,290.148672500224
6820,6.21872664791011,751048.96054926,862553.988566646,1613602.94911591,287.661827102433,283.278080563945,290.344606605506
6830,6.22784501542904,748938.90993135,864664.730170966,1613603.64010232,288.365759603457,285.527014417664,290.017951594316
6840,6.23696338294797,743184.291301194,870420.266095978,1613604.55739717,290.285231314316,291.059676186204,289.52703037363
6850,6.2460817504669,732966.796840723,880633.603346517,1613600.40018724,293.691380138909,298.546719891759,290.20974415356
6860,6.25520011798583,723885.132166213,889712.541497051,1613597.67366326,296.719206769068,303.921369887986,291.670498684148
6870,6.26431848550476,719983.998559901,893618.073205554,1613602.07176545,298.021701919478,305.492920082506,292.792538392525
6880,6.27343685302369,717103.205454704,896500.234520345,1613603.43997505,298.982902958261,304.167365626446,295.277442093673
6890,6.28255522054262,714342.131505837,899257.396698865,1613599.5282047,299.902416774676,300.692762367854,299.125601031911
6900,6.29167358806155,716783.3138636,896816.262281057,1613599.57614466,299.088298242807,295.704160219011,301.095150010136
6910,6.30079195558048,724552.643555913,889049.875088253,1613602.51864417,296.498207466484,291.29280581447,299.721393394937
6920,6.30991032309941,732886.859463058,880717.355413277,1613604.21487634,293.719311460156,289.487554424309,296.295716724503
6930,6.31902869061834,738685.53734625,874916.0128914,1613601.55023765,291.784563245423,290.662834738276,292.289228447482
6940,6.32814705813727,744889.453566488,868708.204152062,1613597.65771855,289.714258513277,291.897741355574,288.01717473632
6950,6.3372654256562,755319.936472808,858281.472944454,1613601.40941726,286.236942786211,289.196921713482,284.025092715708
6960,6.34638379317513,763342.220804623,850267.597387962,1613609.81819259,283.564314619964,284.173882098895,282.92163270516
6970,6.35550216069406,758052.210077795,855554.015669573,1613606.22574737,285.327335557637,282.029386316522,287.288195605415
6980,6.36462052821299,744118.955488964,869479.979366093,1613598.93485506,289.971645611503,283.991042218905,293.717071501893
6990,6.37373889573192,732657.918240311,880940.868330305,1613598.78657062,293.79385303662,288.409316526797,297.138715832306
7000,6.38285726325085,726076.350386283,887523.964000768,1613600.31438705,295.989315991585,294.389231511896,296.809381214717
7010,6.39197563076978,723244.491235109,890354.6345359,1613599.12577101,296.933344851059,301.041672955691,293.947014993929
7020,6.40109399828871,725543.699830817,888055.334410611,1613599.03424143,296.166528067571,305.811323773488,289.489858823569
7030,6.41021236580764,732361.625509995,881241.970654706,1613603.5961647,293.894270686912,306.562590465524,285.203812275599
7040,6.41933073332657,737532.783667494,876073.415906662,1613606.19957416,292.170557247511,303.805353632626,284.170550859728
7050,6.4284491008455,737514.685573168,876089.883014009,1613604.56858718,292.176049029184,299.386075326861,287.125884789875
7060,6.43756746836443,734247.441299545,879356.996551341,1613604.43785089,293.26563166628,295.613829687038,291.45577829272
7070,6.44668583588336,728485.45199222,885118.998219939,1613604.45021216,295.187259703165,295.119408292765,294.986504593678
7080,6.45580420340229,720957.915999233,892644.318917284,1613602.23491652,297.696954783153,298.860492084322,296.673182453387
7090,6.46492257092122,714702.71969784,898898.909205723,1613601.62890356,299.782861165824,304.304756828058,296.518445006696
7100,6.47404093844015,711505.63071035,902093.035433642,1613598.66614399,300.848102529145,308.15542716599,295.725846019141
7110,6.48315930595908,715369.729545697,898225.70863094,1613595.43817664,299.558348718006,307.277194698643,294.162819440316
7120,6.49227767347801,729067.626314201,884532.165157834,1613599.79147203,294.991550828025,300.334893224952,291.183496271051
7130,6.50139604099694,745238.145346931,868368.091459415,1613606.23680635,289.600830901923,290.386996003545,288.835386808422
7140,6.51051440851587,753825.85228887,859780.130975771,1613605.98326464,286.736745364606,282.260888200643,289.481702852777
7150,6.5196327760348,753928.305247792,859674.077896192,1613602.38314398,286.701376653724,279.487092538226,291.271981583512
7160,6.52875114355373,750427.198299799,863172.787916136,1613599.98621593,287.86819673708,282.692871813625,291.07852318877
7170,6.53786951107266,747230.44272093,866368.201280493,1613598.64400142,288.933867360511,288.778972269904,288.79635253145
7180,6.54698787859159,746945.379524709,866653.605619249,1613598.98514396,289.029049731282,293.09267095581,286.079111373486
7190,6.55610624611052,748901.865827055,864702.538599826,1613604.40442688,288.378368717634,293.560107509571,284.683560882411
7200,6.56522461362945,747184.498211766,866419.73491017,1613604.23312194,288.951053830305,292.276670516197,286.493183494852
7210,6.57434298114838,742418.022931863,871181.635940664,1613599.65887253,290.539148220999,290.975245275484,290.006300894492
7220,6.58346134866731,740657.69000685,872942.010167637,1613599.70017449,291.126233172465,290.131131211972,291.54702928515
7230,6.59257971618624,742223.784459225,871378.736202042,1613602.52066127,290.604881174601,290.363113408192,290.523888951228
7240,6.60169808370517,742855.61709299,870749.091901244,1613604.70899423,290.394894747789,291.786950541928,289.224861806072
7250,6.6108164512241,739432.974807621,874171.048405148,1613604.02321277,291.536117527146,294.138678399132,289.558130181217
7260,6.61993481874303,732778.870165398,880823.738231206,1613602.6083966,293.754790138805,297.358098760045,291.107788732863
7270,6.62905318626196,725628.565495065,887970.911495211,1613599.47699028,296.138373018246,299.941306943144,293.356301757465
7280,6.63817155378089,722120.019927573,891479.050529539,1613599.07045711,297.308337678686,299.798578229654,295.400420363307
7290,6.64728992129982,722683.307512208,890918.084118086,1613601.39163029,297.121255333696,298.524335092964,295.938267781404
7300,6.65640828881875,723899.593136181,889702.10450445,1613601.69764063,296.715726031166,298.738807531979,295.119741925597
7310,6.66552665633768,724616.294509558,888983.674317474,1613599.96882703,296.47612950391,299.194219502824,294.417006063381
7320,6.67464502385661,726246.690034081,887353.625166675,1613600.31520076,295.932507976213,297.524410577531,294.624629152021
7330,6.68376339137554,728444.64517175,885155.143281491,1613599.78845324,295.199314084206,293.456335012476,296.115300703623
7340,6.69288175889447,731270.393276401,882329.941702335,1613600.33497874,294.257109122006,288.20926596179,298.043790304548
7350,6.7020001264134,733365.000534006,880237.66114753,1613602.66168154,293.559333382535,284.689665440449,299.227812566107
7360,6.71111849393233,732725.658245926,880873.24829379,1613598.90653972,293.771301748804,284.488664795111,299.714916966475
7370,6.72023686145126,734715.092715721,878881.579042385,1613596.67175811,293.107079887405,284.920289838166,298.320684020325
7380,6.72935522897019,742384.247001584,871218.299990688,1613602.54699227,290.551375684738,283.925808010037,294.726294654802
7390,6.73847359648912,748307.180131428,865299.082248477,1613606.2623799,288.577316074196,283.368047701651,291.809680559164
7400,6.74759196400805,747269.092629692,866334.83961127,1613603.93224096,288.922741241044,284.603627017829,291.561381772152
7410,6.75671033152698,741350.314090004,872255.236201162,1613605.55029117,290.897193997386,287.833814707478,292.697032528994
7420,6.76582869904591,730141.556074767,883460.704712496,1613602.26078726,294.634218680172,293.638907622927,295.052230869435
7430,6.77494706656484,719511.606435854,894083.401355588,1613595.00779144,298.176888896311,299.687959321913,296.92102787183
7440,6.78406543408377,719451.358052848,894145.71640793,1613597.07446078,298.197670971463,302.399888712858,295.147694418057
7450,6.7931838016027,727950.853962473,885651.715629468,1613602.56959194,295.364921003658,301.790129917885,290.835310960003
7460,6.80230216912163,736724.715836972,876880.279458322,1613604.99529529,292.439646309262,300.226451517875,287.004743131596
7470,6.81142053664056,740973.032536715,872630.928874271,1613603.96141099,291.022487535191,299.746414720081,284.964017338986
7480,6.82053890415949,741323.651021506,872278.390939967,1613602.04196147,290.904916104708,299.450811266216,284.965231900282
7490,6.82965727167841,739990.795970361,873612.251602144,1613603.0475725,291.349758746755,297.429361548763,287.05389874646
7500,6.83877563919734,736401.559019515,877200.703932659,1613602.26295217,292.546507898169,294.460133011688,291.026969065906
7510,6.84789400671627,732410.762037107,881188.103907155,1613598.86594426,293.876306122113,291.162080869333,295.440892702197
7520,6.8570123742352,732355.821575518,881245.13242266,1613600.95399818,293.895325136788,286.055999832075,298.87662923565
7530,6.86613074175413,734086.363969775,879518.113178873,1613604.47714865,293.319364074995,279.903095452986,302.01911035294
7540,6.87524910927306,733049.814041681,880553.6816383,1613603.49567998,293.664726242555,276.203137336895,305.061064907792
7550,6.88436747679199,730719.51186027,882879.282568681,1613598.79442895,294.440314346734,275.948702802125,306.52268844785
7560,6.89348584431092,732516.442109908,881084.67220087,1613601.11431078,293.841811639443,276.957176759965,304.853366716062
7570,6.90260421182985,734977.666531147,878628.591889073,1613606.25842022,293.022708650683,279.942096284076,301.498931304546
7580,6.91172257934878,731847.070069284,881754.442218763,1613601.51228805,294.065179996252,286.202378864871,299.06199310051
7590,6.92084094686771,727826.833629927,885772.833748271,1613599.6673782,295.405313906377,291.744157514068,297.599913739661
7600,6.92995931438664,726453.549324983,887146.282289493,1613599.83161448,295.863359109386,294.199549956805,296.726012411848
7610,6.93907768190557,727616.126388363,885985.364860495,1613601.49124886,295.476193050023,293.715278468343,296.403905943601
7620,6.9481960494245,729313.458160498,884288.301114365,1613601.75927486,294.910222149196,291.010847278486,297.264046877878
7630,6.95731441694343,730956.027345355,882645.532315634,1613601.55966099,294.362358617854,287.444519125419,298.728949647296
7640,6.96643278446236,732597.683219999,881004.057469741,1613601.74068974,293.81492661989,284.665215022444,299.669888579339
7650,6.97555115198129,733658.146073821,879944.032597945,1613602.17867177,293.461408236767,283.300421836979,299.990847996427
7660,6.98466951950022,732953.744121782,880648.94972073,1613602.69384251,293.696498155988,284.399844879994,299.649519924854
7670,6.99378788701915,729801.53689569,883798.197844637,1613599.73474033,294.74677266788,287.8449866639,299.102341026642
7680,7.00290625453808,728828.605445089,884766.88056554,1613595.48601063,295.069828436065,290.439180870225,297.911035289596
7690,7.01202462205701,735392.734349853,878206.805567508,1613599.53991736,292.882042877275,289.865005501695,294.649332758596
7700,7.02114298957594,744646.887099464,868957.653653587,1613604.54075305,289.797449942834,288.183946723518,290.631620880759
7710,7.03026135709487,749266.029629167,864339.316137227,1613605.34576639,288.257233996074,287.61395883854,288.445869739432
7720,7.0393797246138,747929.274832838,865672.181157124,1613601.45598996,288.701744591337,287.613508495549,289.186650534704
7730,7.04849809213273,745465.633697912,868133.737497153,1613599.37119507,289.522673835969,286.797691871803,291.098059583883
7740,7.05761645965166,744948.061238144,868653.121479472,1613601.18271762,289.695888437376,286.301117290286,291.717655961739
7750,7.06673482717059,744679.725875581,868922.550044774,1613602.27592035,289.785742886368,288.781227200574,290.213931891159
7760,7.07585319468952,743748.937591358,869853.210877551,1613602.14846891,290.096118351693,293.279053782063,287.732414632819
7770,7.08497156220845,742696.329649121,870906.640656637,1613602.97030576,290.447437270848,296.405594318661,286.233293041247
7780,7.09408992972738,741128.491276951,872473.754950116,1613602.24622707,290.970070018381,295.991276166054,287.380124194916
7790,7.10320829724631,739638.247248718,873964.810733363,1613603.05798208,291.467337246411,292.776209059564,290.351866589936
7800,7.11232666476524,736895.156897029,876709.173052903,1613604.32994993,292.382582308789,290.394399898991,293.46438509673
7810,7.12144503228417,731519.092549795,882083.035102929,1613602.12765272,294.174765750518,291.084681692608,295.989676151001
7820,7.1305633998031,726706.872355018,886892.771119412,1613599.64347443,295.778813113027,293.706511324782,296.913865294263
7830,7.13968176732203,726439.82214562,887160.677529793,1613600.49967541,295.868159923226,296.593202137925,295.138241646824
7840,7.14880013484096,730243.575009596,883359.316088284,1613602.89109788,294.600405565544,298.656024262404,291.651159429665
7850,7.15791850235989,735169.961833602,878434.371602727,1613604.33343633,292.957936168993,300.00955348498,288.012726344861
7860,7.16703686987882,739352.698376376,874251.520823482,1613604.21919986,291.56295508537,301.890855102287,284.434719278188
7870,7.17615523739775,742528.811156929,871076.220403283,1613605.03156021,290.503992130493,303.638267728846,281.505721738149
7880,7.18527360491668,742869.427626849,870738.454810984,1613607.88243783,290.3913472773,303.187080271186,281.618865825312
7890,7.19439197243561,737106.183703905,876497.839316071,1613604.02301998,292.312102489935,300.935735875466,286.319420147507
7900,7.20351033995454,730224.495769591,883373.668498309,1613598.1642679,294.605192095484,297.979240888676,292.11032190661
7910,7.21262870747347,730006.726937331,883592.174348404,1613598.90128573,294.678063814709,294.418263249953,294.605699138032
7920,7.2217470749924,735840.729598903,877762.048192623,1613602.77779153,292.733716255669,291.037029809595,293.620895789507
7930,7.23086544251133,742044.893873135,871558.62595759,1613603.51983072,290.664874423075,290.030685144811,290.845446546565
7940,7.23998381003026,745837.923208929,867765.517556356,1613603.44076529,289.399872455013,292.046172519939,287.39450585135
7950,7.24910217754919,745109.615928903,868496.560090394,1613606.1760193,289.643675201065,295.898295452936,285.232558637151
7960,7.25822054506812,736226.940063771,877375.623251576,1613602.56331535,292.604843505611,301.039388647666,286.73797604132
7970,7.26733891258705,723952.213009993,889644.766684208,1613596.9796942,296.696603863334,305.504976563153,290.577108226903
7980,7.27645728010598,717094.234833877,896500.925160592,1613595.15999447,298.983133286841,307.726624649298,292.90498643413
7990,7.28557564762491,719121.284830901,894476.977734545,1613598.26256545,298.308146651508,307.846161329227,291.700880077485
8000,7.29469401514384,726215.680623031,887386.728715508,1613602.40933854,295.943548012509,306.983021984062,288.337279074796
8010,7.30381238266277,732188.632346163,881417.101740354,1613605.73408652,293.952676918577,306.223540083723,285.527140911048
8020,7.3129307501817,732520.846057866,881084.158222039,1613605.00427991,293.84164022746,306.720346901702,285.010967744443
8030,7.32204911770063,728406.71835404,885195.041247646,1613601.75960169,295.212620059245,308.901502713476,285.84068777304
8040,7.33116748521956,724407.518651169,889193.178261104,1613600.69691227,296.545999086578,311.286225290365,286.472059951482
8050,7.34028585273849,722728.875904903,890871.388549844,1613600.26445475,297.105682357793,311.29544336099,287.398253620364
8060,7.34940422025742,723621.872813512,889979.285228916,1613601.15804243,296.808165825885,308.297458365257,288.901297328117
8070,7.35852258777635,726317.835137345,887282.595636632,1613600.43077398,295.908819622022,303.676777049328,290.483590654133
8080,7.36764095529528,731321.05257766,882280.428014734,1613601.48059239,294.240596303063,298.311648577459,291.281360956546
8090,7.37675932281421,737370.302525799,876231.896792366,1613602.19931816,292.223410636107,294.188991312786,290.669504009457
8100,7.38587769033314,742979.968833025,870623.41161673,1613603.38044976,290.352980362425,291.664706047522,289.236535755392
8110,7.39499605785207,746166.66945739,867438.6444439,1613605.31390129,289.290860244756,290.636150175136,288.152924574299
8120,7.404114425371,744635.624689649,868969.08717775,1613604.7118674,289.801263024095,291.472517255222,288.445592484156
8130,7.41323279288993,740080.174679848,873519.829337621,1613600.00401747,291.318935913831,293.274475121873,289.772477328541
8140,7.42235116040886,738728.293090385,874870.895718126,1613599.18880851,291.769516664374,294.042634607159,290.010963438631
8150,7.43146952792779,741654.530755275,871947.008211762,1613601.53896704,290.794399937223,293.312585474648,288.873280912325
8160,7.44058789544672,745178.713517751,868424.42051671,1613603.13403446,289.619616647227,291.830902158842,287.904076625611
8170,7.44970626296565,746558.54594573,867044.850908999,1613603.39685473,289.159530068034,289.25153234723,288.85722894018
8180,7.45882463048458,745234.535186786,868368.032251801,1613602.56743859,289.600811156178,285.533008163147,292.071345808902
8190,7.46794299800351,742602.201921235,870999.712697276,1613601.91461851,290.478476804161,282.575274898792,295.50521267707
8200,7.47706136552244,739911.148392021,873691.620290514,1613602.76868253,291.376228210944,281.871338812393,297.470007619802
8210,7.48617973304137,736904.185688983,876698.386330119,1613602.5720191,292.378984935841,282.643896844099,298.625394509556
8220,7.4952981005603,734719.764578026,878881.421089261,1613601.18566729,293.107027210025,283.517869680808,299.255543040162
8230,7.50441646807923,735367.913143402,878234.973261867,1613602.88640527,292.891436805692,284.536989885585,298.216991888426
8240,7.51353483559816,736743.796193907,876861.425682352,1613605.22187626,292.433358573404,286.560136729784,296.105145337006
8250,7.52265320311709,735702.286689094,877901.367101331,1613603.65379042,292.780179123339,289.226596984942,294.905250399667
8260,7.53177157063602,733860.458584534,879740.626691456,1613601.08527599,293.393572349994,291.12625901286,294.660619931124
8270,7.54088993815495,733912.0329282,879691.029014663,1613603.06194286,293.377031520648,291.706108735571,294.246499184433
8280,7.55000830567388,732959.498365965,880646.384574782,1613605.88294075,293.695642679601,291.66216725323,294.806546594949
8290,7.55912667319281,727015.909839988,886588.409938388,1613604.31977838,295.677308633779,292.537337635708,297.524224875299
8300,7.56824504071174,718643.360532753,894955.597351333,1613598.95788409,298.467766333611,294.653214352424,300.762077849125
8310,7.57736340823067,715287.996962004,898308.57572523,1613596.57268723,299.585984900861,295.82193565924,301.845696074522
8320,7.5864817757496,720420.364017546,893177.180755087,1613597.54477263,297.874664250487,294.293519117955,300.013865451967
8330,7.59560014326853,731228.635520683,882373.384975236,1613602.02049592,294.271597457141,290.860132580561,296.300681043646
8340,7.60471851078746,740998.277970633,872604.136655661,1613602.41462629,291.013552328051,288.16660976569,292.669002742685
8350,7.61383687830639,748151.178139651,865450.411056856,1613601.58919651,288.627784244407,286.99082577302,289.478566738462
8360,7.62295524582532,753272.806265951,860331.544665669,1613604.35093162,286.920641876161,286.806842766367,286.757407414461
8370,7.63207361334425,752326.488297022,861281.917450492,1613608.40574751,287.237591279137,288.501005588252,286.155950413661
8380,7.64119198086318,740619.54412433,872985.060141589,1613604.60426592,291.140590342368,292.298597651527,290.125968310975
8390,7.65031034838211,724461.657757453,889133.978247337,1613595.63600479,296.526255877051,295.238191730279,297.137860095003
8400,7.65942871590104,717060.38788659,896534.075120554,1613594.46300714,298.994188801252,294.73395049136,301.585185850513
8410,7.66854708341997,721633.112082755,891965.918468417,1613599.03055117,297.470708176894,291.97685577767,300.885384186229
8420,7.6776654509389,732203.455448088,881399.678577615,1613603.1340257,293.946866292351,289.1551798924,296.896368170408
8430,7.68678381845783,741911.785695319,871694.738318454,1613606.52401377,290.710267906771,288.02834708744,292.25595656307
8440,7.69590218597676,745451.239685315,868154.408080142,1613605.64776546,289.529567477119,290.640515122464,288.547661073991
8450,7.70502055349569,743704.955062882,869896.602841984,1613601.55790487,290.110589575449,296.551796055853,285.5746930972
8460,7.71413892101462,741549.092346556,872053.106461083,1613602.19880764,290.829783712217,302.092964184741,283.078638577441
8470,7.72325728853355,739008.753409529,874593.929290447,1613602.68269998,291.677148337651,305.709419812304,282.079236397602
8480,7.73237565605248,735710.40387376,877890.139194242,1613600.543068,292.776434615388,307.393046115528,282.78804658645
8490,7.74149402357141,734276.465507429,879323.954475473,1613600.4199829,293.254612131223,307.072923088155,283.798025983159
8500,7.75061239109034,734713.450318704,878889.757884033,1613603.20820274,293.109807531777,305.182908948316,284.816815081142
8510,7.75973075860927,733672.466475992,879930.835962728,1613603.30243872,293.457007157821,302.433033965739,287.22844177991
8520,7.7688491261282,730947.427242319,882654.275044037,1613601.70228636,294.365274318505,299.862195361316,290.455355894698
8530,7.77796749364713,728986.359971624,884613.239182943,1613599.59915457,295.018589022159,297.878530509563,292.866112539704
8540,7.78708586116606,729692.40073757,883909.809244107,1613602.20998168,294.783995078908,296.017151179756,293.716237682445
8550,7.79620422868499,729238.734464069,884365.313182302,1613604.04764637,294.935905680274,295.166690436527,294.536269254705
8560,7.80532259620392,725922.284055534,887675.67395796,1613597.95801349,296.039911274958,295.637934363506,296.061195956529
8570,7.81444096372285,727659.356388942,885935.588814956,1613594.9452039,295.459592734686,294.555456786242,295.816133706369
8580,7.82355933124178,738378.980881418,875220.586075412,1613599.56695683,291.886138427685,290.413651287401,292.624558072517
8590,7.83267769876071,750893.331202393,862713.196193185,1613606.52739558,287.714922859158,285.848901134667,288.719174906435
8600,7.84179606627964,754403.345528008,859205.076989893,1613608.4225179,286.54496481237,285.292613234447,287.141078393643
8610,7.85091443379857,746058.824874687,867544.473497032,1613603.29837172,289.326154242799,290.35541958519,288.398872219336
8620,7.8600328013175,733106.822219075,880493.315323879,1613600.13754295,293.644594071662,297.697318449538,290.698073991352
8630,7.86915116883643,722035.492556287,891563.282807532,1613598.77536382,297.336429150419,303.231311869083,293.158726980351
8640,7.87826953635536,716900.065156436,896695.669823446,1613595.73497988,299.048080648139,305.006833191709,294.826372218553
8650,7.88738790387429,722015.3111497,891580.891813653,1613596.20296335,297.342301755429,302.131379279941,293.901798154291
8660,7.89650627139322,735878.717250751,877723.408622221,1613602.12587297,292.720829955718,295.550637548827,290.590357535349
8670,7.90562463891214,749529.731640413,864076.302178302,1613606.03381871,288.169518818843,289.090360519171,287.315483086276
8680,7.91474300643107,756523.492715674,857080.955834614,1613604.44855029,285.836570229986,286.095290094467,285.425893178474
8690,7.92386137395,757852.862146384,855749.848293441,1613602.71043982,285.392645754024,286.263048738965,284.574549892601
8700,7.93297974146893,755397.143907791,858205.530847908,1613602.6747557,286.211616090682,287.847096447426,284.882786172776
8710,7.94209810898786,749332.458464205,864268.348355013,1613600.80681922,288.233566234789,290.791309516495,286.288209408456
8720,7.95121647650679,742591.486867074,871006.776146194,1613598.26301327,290.480832464964,295.672244693174,286.777823619103
8730,7.96033484402572,738570.966641637,875031.349030537,1613602.31567217,291.823027857441,300.800271831558,285.595012684816
8740,7.96945321154465,733165.038762806,880440.329785319,1613605.36854813,293.626923390135,305.081133740561,285.746094053692
8750,7.97857157906358,723350.13464105,890251.341453809,1613601.47609486,296.898896599569,307.566724330755,289.53959569828
8760,7.98768994658251,714421.590886246,899176.811629561,1613598.40251581,299.875541647344,307.185926333608,294.752055571796
8770,7.99680831410144,711320.310576284,902277.266876662,1613597.57745295,300.909543730753,304.403153321536,298.329712717123
8780,8.00592668162037,714827.239394101,898773.543404085,1613600.78279819,299.741051660525,299.446798434758,299.687436267986
8790,8.0150450491393,721090.703116324,892510.559669075,1613601.2627854,297.652346062723,293.728143325394,300.020437599223
8800,8.02416341665823,728853.579731575,884746.356410742,1613599.93614232,295.062983628728,288.728731696291,299.039932430663
8810,8.03328178417716,737966.295776356,875638.21814002,1613604.51391638,292.025418756051,285.212431129604,296.324055991386
8820,8.04240015169609,742205.256513272,871398.90256857,1613604.15908184,290.61160665952,285.489846235007,293.783937270312
8830,8.05151851921502,740920.894917991,872680.239314224,1613601.13423222,291.038932571027,288.82563604235,292.271931146336
8840,8.06063688673395,737645.629596698,875955.362556402,1613600.9921531,292.131186445357,292.063054760462,291.933164913249
8850,8.06975525425288,733790.682856316,879807.592820866,1613598.27567718,293.415905559735,293.918646658235,292.83623157277
8860,8.07887362177181,732228.62273187,881371.993229935,1613600.6159618,293.937633226592,293.216665563839,294.173330307404
8870,8.08799198929074,730971.917002159,882628.807828457,1613600.72483062,294.356780999986,291.550249430754,295.982504728639
8880,8.09711035680967,729731.52443544,883869.021199041,1613600.54563448,294.770392262478,291.434315232436,296.748801622287
8890,8.1062287243286,728678.918194846,884923.830051366,1613602.74824621,295.122171102673,293.692781291028,295.829162501184
8900,8.11534709184753,725606.094168292,887994.782363768,1613600.87653206,296.1463339549,296.329516394826,295.777423716654
8910,8.12446545936646,722834.701849728,890763.766202591,1613598.46805232,297.069790296012,295.903675437781,297.599642042919
8920,8.13358382688539,723422.091336565,890177.367850921,1613599.45918749,296.874226396839,291.640298407516,300.116116534391
8930,8.14270219440432,725712.495230474,887890.322704858,1613602.81793533,296.111496649944,286.88803109326,302.013714107192
8940,8.15182056192325,725072.133030711,888531.57133506,1613603.70436577,296.325353121581,285.906247767932,303.024485563078
8950,8.16093892944218,720845.43950732,892753.370680985,1613598.8101883,297.733323555439,288.883942495382,303.384799825847
8960,8.17005729696111,720261.655082731,893333.229860592,1613594.88494332,297.926706640184,292.834948960918,301.072939504162
8970,8.17917566448004,729027.619513506,884570.837671828,1613598.45718533,295.004448114667,295.411222686706,294.487428026545
8980,8.18829403199897,741897.366584861,871708.75315183,1613606.11973669,290.714941854871,295.297260065454,287.41780059627
8990,8.1974123995179,748045.083306345,865562.670800367,1613607.75410671,288.665222878228,292.620703793025,285.787681249298
9000,8.20653076703683,744680.420307321,868923.299177232,1613603.71948455,289.785992722105,289.770676203031,289.554715407552
9010,8.21564913455576,737651.218610683,875948.780372656,1613599.99898334,292.128991286529,288.54057564086,294.277827557569
9020,8.22476750207469,733348.327412377,880249.033785406,1613597.36119778,293.563126158214,288.088565326702,296.968197440757
9030,8.23388586959362,735747.193758987,877850.20003077,1613597.39378976,292.763114901041,286.434707571151,296.73808385855
9040,8.24300423711255,744005.67716325,869595.564990795,1613601.24215404,290.010193426979,283.137301663696,294.350446107978
9050,8.25212260463148,751842.447530192,861762.620850117,1613605.06838031,287.39790590299,280.502429436468,291.755391959088
9060,8.26124097215041,753312.549484616,860290.820335428,1613603.36982004,286.90706030863,280.354582711512,291.036289489785
9070,8.27035933966934,749975.673651036,863625.200543405,1613600.87419444,288.019076385995,281.944175305381,291.828994542748
9080,8.27947770718827,744768.378699634,868834.812068331,1613603.19076796,289.756482263909,284.691253170671,292.891837924182
9090,8.2885960747072,736023.553000523,877577.049022076,1613600.6020226,292.672019016867,288.899318861704,294.943259104462
9100,8.29771444222613,727625.646893296,885970.978710966,1613596.62560426,295.471395267956,293.5117590559,296.531593246602
9110,8.30683280974506,725707.458302974,887888.419786348,1613595.87808932,296.110862026462,297.421586883074,294.990286403699
9120,8.31595117726399,731820.47146475,881776.995864995,1613597.46732974,294.072701639151,298.388594143096,290.950379385155
9130,8.32506954478292,742441.408835514,871162.006334863,1613603.41517038,290.532601745827,295.224688899161,287.16243314215
9140,8.33418791230185,748167.754091552,865440.004037286,1613607.75812884,288.624313502513,291.729071178973,286.313954790287
9150,8.34330627982078,742521.232211798,871083.248570237,1613604.48078203,290.506336024758,291.549490692934,289.568810965953
9160,8.35242464733971,729481.219732341,884119.131312217,1613600.35104456,294.853804006075,294.720128972339,294.697209191895
9170,8.36154301485864,716387.835015891,897209.315960368,1613597.15097626,299.219381677628,299.875237685463,298.53279485434
9180,8.37066138237757,709486.609537762,904109.039056295,1613595.64859406,301.520439905384,304.213283807601,299.473943603984
9190,8.3797797498965,711894.322674613,901702.796565973,1613597.11924059,300.717957834241,305.02695785153,297.594692857853
9200,8.38889811741543,721430.996024054,892170.431737141,1613601.4277612,297.538913369065,302.224409227248,294.167300369136
9210,8.39801648493436,731529.160237274,882075.433996321,1613604.59423359,294.172230780831,298.259880998845,291.201987109837
9220,8.40713485245329,737510.670460031,876092.055717389,1613602.72617742,292.176773625942,295.997372411361,289.38622712431
9230,8.41625321997222,741023.691540651,872577.661011228,1613601.35255188,291.004722698425,296.120681606966,287.351579490482
9240,8.42537158749115,744380.658890571,869219.226072142,1613599.88496271,289.88468436623,297.614106042965,284.490166011436
9250,8.43448995501008,748856.031861815,864746.234957274,1613602.26681909,288.392941456486,298.446438566448,281.450282598632
9260,8.44360832252901,750903.435743163,862700.711083907,1613604.14682707,287.710759074173,298.270970591778,280.430859096541
9270,8.45272669004794,747842.255596986,865759.15230336,1613601.40790035,288.730749475858,297.495259813011,282.647133626527
9280,8.46184505756687,743062.976463067,870535.962277183,1613598.93874025,290.323816000395,295.833919335961,286.408477263349
9290,8.4709634250858,739871.492827665,873729.161828195,1613600.65465586,291.38874831689,292.698315856607,290.272879333481
9300,8.48008179260473,736652.861212861,876949.51929079,1613602.38050365,292.462737799163,288.606552385108,294.789809127033
9310,8.48920016012366,732075.818426321,881524.260461085,1613600.07888741,293.988414360875,286.02519618418,299.052236133371
9320,8.49831852764259,729503.547670161,884096.186165217,1613599.73383538,294.846151797638,285.473048073384,300.84918248731
9330,8.50743689516152,729973.931271299,883627.121636723,1613601.05290802,294.689718738277,286.878521846521,299.651608567165
9340,8.51655526268045,731844.462215482,881756.151471003,1613600.61368649,294.065750032017,289.210538701945,297.057502793704
9350,8.52567363019938,734990.556059956,878608.938139551,1613599.49419951,293.016154123579,289.607649592634,295.044310349105
9360,8.53479199771831,740277.612650511,873321.909224838,1613599.52187535,291.252929539716,286.644422638572,294.082556699194
9370,8.54391036523724,746992.57538101,866609.170828557,1613601.74620957,289.014230724881,281.858066429386,293.544161729607
9380,8.55302873275617,751258.528977305,862347.205593575,1613605.73457088,287.592864963673,279.109086181663,293.009056764211
9390,8.5621471002751,747714.104937694,865890.869944023,1613604.97488172,288.774677320001,282.198931560199,292.917862262101
9400,8.57126546779403,737899.947658003,875699.444932947,1613599.39259095,292.045837896597,289.517223673153,293.488209180647
9410,8.58038383531296,730016.185599309,883580.977196502,1613597.16279581,294.674329563616,295.575275355336,293.828137094499
9420,8.58950220283189,728378.667859462,885219.56475502,1613598.23261448,295.220798650999,298.574905528804,292.73871006692
9430,8.59862057035082,731866.143751495,881734.244228931,1613600.38798043,294.058443964959,299.502537199035,290.183999772271
9440,8.60773893786975,736802.136953681,876801.400181339,1613603.53713502,292.413340063812,299.719975444934,287.298572026344
9450,8.61685730538868,739102.242576955,874501.5371901,1613603.77976705,291.646335564482,300.025717136879,285.817042569914
9460,8.62597567290761,738551.039795001,875051.404264707,1613602.44405971,291.829716279709,299.968962010081,286.160361029229
9470,8.63509404042654,737566.424022014,876034.740408626,1613601.16443064,292.157658965691,298.51891539301,287.673356631675
9480,8.64421240794547,737366.177912276,876237.419027146,1613603.59693942,292.225252301866,295.794622923424,289.60215084391
9490,8.6533307754644,734517.301398853,879087.442638455,1613604.74403731,293.175735413859,293.782955885298,292.526608653387
9500,8.66244914298333,727424.28213203,886176.804472707,1613601.08660474,295.540038176657,293.819627982958,296.440694940643
9510,8.67156751050226,721077.808924481,892520.202474672,1613598.01139915,297.655561939194,295.1466463245,299.080126047375
9520,8.68068587802119,720215.95783306,893383.120350609,1613599.07818367,297.943345122764,295.598347192368,299.258390955426
9530,8.68980424554012,723535.123646929,890067.401042293,1613602.52468922,296.837552456993,294.702076643948,298.013838371976
9540,8.69892261305905,725720.038668593,887883.264970147,1613603.30363874,296.10914289483,295.784011069605,296.079139825901
9550,8.70804098057798,725901.65192721,887696.528789917,1613598.18071713,296.046866363154,300.265115115513,292.987994806278
9560,8.71715934809691,730154.162092784,883444.906796776,1613599.06888956,294.628950073962,304.791978385609,287.608073741138
9570,8.72627771561584,737502.223544536,876100.486005914,1613602.70955045,292.179585127869,307.476403142456,281.738223463871
9580,8.73539608313477,743292.514005596,870309.441957278,1613601.95596287,290.24827145482,307.3928891879,278.576652739888
9590,8.7445144506537,747902.103683383,865698.630482052,1613600.73416543,288.710565443406,303.891203656783,278.349547829952
9600,8.75363281817263,752632.233000187,860969.905292747,1613602.13829293,287.133535198515,298.305565439807,279.446237091655
9610,8.76275118569156,755234.25522014,858371.352262308,1613605.60748245,286.266917546209,292.09517495852,282.142856840045
9620,8.77186955321049,751318.536176403,862286.806398104,1613605.34257451,287.572721826948,287.551649577315,287.347126058515
9630,8.78098792072942,741363.255258483,872239.607563929,1613602.86282241,290.891981845566,286.436606455558,293.619822120701
9640,8.79010628824835,729579.154829385,884021.462624367,1613600.61745375,294.821231490534,288.976629540448,298.471948431017
9650,8.79922465576728,720379.174679665,893218.874027989,1613598.04870765,297.888568960477,293.767215073187,300.387897744537
9660,8.80834302328621,718347.600232902,895248.120980808,1613595.72121371,298.56532298843,296.665369049013,299.583154512218
9670,8.81746139080514,726386.187497755,887211.804079257,1613597.99157701,295.885210631735,294.130762343084,296.808271815309
9680,8.82657975832407,739949.658056768,873655.812882401,1613605.47093917,291.364286437352,288.158409944714,293.258733860414
9690,8.835698125843,747114.785595477,866495.220566915,1613610.00616239,288.976228303123,285.182969124,291.264254232286
9700,8.84481649336193,741213.513727469,872390.05723142,1613603.57095889,290.942156822218,288.47372300184,292.345327571785
9710,8.85393486088086,729735.517296991,883864.647876007,1613600.165173,294.768933758882,293.839096032298,295.143184798472
9720,8.86305322839979,719140.374844244,894458.163221476,1613598.53806572,298.30187200983,297.538526441148,298.562184162276
9730,8.87217159591872,713488.531569566,900107.621534164,1613596.15310373,300.185966828136,299.69262285332,300.264707838988
9740,8.88128996343764,716494.410452925,897102.960241863,1613597.37069479,299.183912036639,300.362905556556,298.148596429999
9750,8.89040833095657,726392.607298568,887208.193396132,1613600.8006947,295.884006468612,298.368147494123,293.981342446214
9760,8.8995266984755,737201.489890635,876403.886323589,1613605.37621422,292.280769159109,294.266204812525,290.713578082533
9770,8.90864506599443,742403.308789153,871201.294333156,1613604.60312231,290.545704296534,290.614378399705,290.257800140838
9780,8.91776343351336,742365.89713112,871236.975624338,1613602.87275546,290.557604010118,288.817855341552,291.475305119153
9790,8.92688180103229,739678.670714086,873924.098795492,1613602.76950958,291.453759811737,288.743483929588,293.017732266658
9800,8.93600016855122,734947.877080616,878655.373565963,1613603.25064658,293.031640342159,288.841144570737,295.581111156156
9810,8.94511853607015,728003.202643942,885600.212803014,1613603.41544696,295.347744806741,288.055064076422,299.963408839615
9820,8.95423690358908,720096.536226267,893502.614220861,1613599.15044713,297.983196338456,286.066790608438,305.679147494853
9830,8.96335527110801,718038.743137155,895556.416115831,1613595.15925299,298.668139441664,282.176881120607,309.413421539501
9840,8.97247363862694,727235.068152792,886363.45177683,1613598.51992962,295.602285068144,277.301372256281,307.556558371829
9850,8.98159200614587,743005.681233816,870597.421460197,1613603.10269401,290.344312643054,274.885344738758,300.408337652048
9860,8.9907103736648,756921.880420126,856685.698504127,1613607.57892425,285.704751877314,277.277466744765,291.08485467245
9870,8.99982874118373,761564.325482467,852043.718373256,1613608.04385572,284.156651116644,284.798427321582,283.492003104088
9880,9.00894710870266,756289.392076096,857313.062039286,1613602.45411538,285.913977668596,294.696845498553,279.820470800569
9890,9.01806547622159,748749.227182826,864849.317687597,1613598.54487042,288.427319555643,301.355322607648,279.568294754677
9900,9.02718384374052,744676.079854823,868923.263084785,1613599.34293961,289.785980685271,301.768629314957,281.556059948244
9910,9.03630221125945,743371.149281798,870229.32483357,1613600.47411537,290.221552387384,297.705423474251,284.990453702483
9920,9.04542057877838,742420.881327687,871182.515512738,1613603.39684042,290.539441558359,293.007457828328,288.651981177082
9930,9.05453894629731,738128.970006834,875474.192549685,1613603.16255652,291.970716207999,292.404597562474,291.438153041509
9940,9.06365731381624,730812.061149604,882787.934975813,1613599.99612542,294.409849916896,297.158010417538,292.33240137487
9950,9.07277568133517,725331.056985091,888266.321011238,1613597.37799633,296.236892116471,303.522118782403,291.133210262419
9960,9.0818940488541,726083.049139778,887514.581212388,1613597.63035217,295.986186830878,306.232311539897,288.908781869171
9970,9.09101241637303,733423.300259455,880175.760134016,1613599.06039347,293.538689389367,303.437272632682,286.695018319331
9980,9.10013078389196,744252.793588774,869349.820751233,1613602.61434001,289.928237702596,297.214943157433,284.828827201285
9990,9.10924915141089,752326.418469984,861280.240256593,1613606.65872658,287.237031934832,291.196796210645,284.357824891012
10000,9.11836751892982,751014.543453869,862593.952604538,1613608.49605841,287.675155112402,289.907763259039,285.947020385383
10010,9.12748588644875,739120.538523757,874480.56181561,1613601.10033937,291.639340275341,294.869026641139,289.243183247912
10020,9.13660425396768,727747.631823173,885847.676486961,1613595.30831013,295.43027396597,300.283779089009,291.948411988972
10030,9.14572262148661,726103.152080614,887495.897616577,1613599.04969719,295.979955850117,300.809951711233,292.513308646165
10040,9.15484098900554,730544.858557705,883057.482183424,1613602.34074113,294.499743933108,297.180015005116,292.467480098492
10050,9.16395935652447,736300.830540788,877300.632285931,1613601.46282672,292.579834012316,292.002139342859,292.721147263611
10060,9.1730777240434,742542.667876215,871061.829936017,1613604.49781223,290.49919290846,287.09239701212,292.52830751193
10070,9.18219609156233,744561.678891241,869045.368045851,1613607.04693709,289.826702699967,284.726666906082,292.985204310307
10080,9.19131445908126,738274.026885191,875332.232070982,1613606.25895617,291.923372376516,286.349041807754,295.396323278709
10090,9.20043282660019,725722.233741694,887877.929956355,1613600.16369805,296.107363667285,290.943392576877,299.303254924503
10100,9.20955119411912,716493.895418712,897101.173355003,1613595.06877371,299.183316109722,295.44102652495,301.428856402813
10110,9.21866956163805,718446.786977716,895151.549172142,1613598.33614986,298.533116282189,297.707931315211,298.834461996605
10120,9.22778792915698,727742.44108885,885861.610702027,1613604.05179088,295.434921027856,298.540853808755,293.118103406401
10130,9.23690629667591,736209.950323517,877395.213125542,1613605.16344906,292.611376730212,298.859600506521,288.20205139873
10140,9.24602466419484,740967.072205329,872638.105036919,1613605.17724225,291.024880786033,297.744720425465,286.302466959088
10150,9.25514303171377,741694.57365704,871909.99578094,1613604.56943798,290.782056288458,294.38105889041,288.140402840249
10160,9.2642613992327,738963.619484307,874640.297111497,1613603.9165958,291.692612009837,290.164166767417,292.468498328109
10170,9.27337976675163,733631.222914769,879972.249155039,1613603.47206981,293.47081846091,287.449076898423,297.240753820518
10180,9.28249813427056,726589.961231929,887011.751261396,1613601.71249333,295.818493000299,288.019714029298,300.771163570133
10190,9.29161650178949,721534.963147697,892061.032143299,1613595.995291,297.502428595397,291.424918395633,301.30618337141
10200,9.30073486930842,725762.044160206,887834.772954297,1613596.8171145,296.092970803501,293.754731177429,297.405053078545
10210,9.30985323682735,737608.337296509,875995.543237672,1613603.88053418,292.14458670591,292.605311950481,291.593982720609
10220,9.31897160434628,746843.716854339,866762.968604557,1613606.6854589,289.065522296,289.229706403924,288.715178288804
10230,9.32808997186521,748775.093800791,864828.421123394,1613603.51492418,288.42035054974,285.896587818546,289.862508745076
10240,9.33720833938414,747139.865451293,866463.055615201,1613602.92106649,288.965501289045,283.855902102352,292.131096162432
10250,9.34632670690307,743640.065142719,869964.019052722,1613604.08419544,290.133072887351,284.859642005614,293.406915914435
10260,9.355445074422,738120.867037613,875479.587756826,1613600.45479444,291.97251551003,289.571514839375,293.32987219421
10270,9.36456344194093,735032.848175609,878567.00693813,1613599.85511374,293.002170064409,294.76635275352,291.581879796614
10280,9.37368180945986,734985.412405976,878617.413799469,1613602.82620544,293.018980756868,297.529636029706,289.767694757678
10290,9.38280017697879,733866.095394137,879737.139707289,1613603.23510143,293.392409440483,298.542583920657,289.7144661125
10300,9.39191854449772,730868.264998762,882732.207326791,1613600.47232555,294.391264741301,299.341786959077,290.845590542166
10310,9.40103691201665,729573.330884626,884026.191438704,1613599.52232333,294.82280855051,299.637645181537,291.367231789366
10320,9.41015527953558,731272.015852116,882329.142898884,1613601.158751,294.256842720988,298.789379864168,290.989937256602
10330,9.41927364705451,733981.98287512,879618.165490381,1613600.1483655,293.352731529225,296.516124395426,290.999342342149
10340,9.42839201457344,737728.717882602,875871.877660278,1613600.59554288,292.103344225539,292.463257547709,291.619982557236
10350,9.43751038209237,741189.484065366,872412.032402901,1613601.51646827,290.949485543739,287.900992122255,292.739356586774
10360,9.4466287496113,742115.40056418,871487.035462409,1613602.43602659,290.640998986963,284.200519838121,294.692450920368
10370,9.45574711713023,739303.809744416,874297.746853174,1613601.55659759,291.578371470127,282.00234968739,297.719404015726
10380,9.46486548464916,734083.264821654,879518.255205279,1613601.52002693,293.319411440813,282.429788886984,300.334726967166
10390,9.47398385216809,727138.061547537,886464.095363207,1613602.15691074,295.635849712592,286.073267004545,301.764541643197
10400,9.48310221968702,719135.415400638,894461.400701854,1613596.81610249,298.302951709806,291.7803907717,302.402739875452
10410,9.49222058720595,717169.859335517,896424.801414916,1613594.66075043,298.957746011311,295.602871039509,300.945197870836
10420,9.50133895472488,723926.186863976,889674.579738562,1613600.76660254,296.706546519447,295.461391843679,297.289394181194
10430,9.51045732224381,730940.831874292,882663.801164087,1613604.63303838,294.368451280336,294.531627092978,294.014360362509
10440,9.51957568976274,732333.535991604,881269.176102296,1613602.7120939,293.903343705951,295.126081108653,292.843265984396
10450,9.52869405728167,730111.63172463,883489.824735323,1613601.45645995,294.643930210213,295.213020221544,294.019000260817
10460,9.5378124248006,727020.051054233,886579.56292748,1613599.61398171,295.674358154904,294.359335321498,296.30464474538
10470,9.54693079231953,726154.091240718,887444.347687891,1613598.43892861,295.962763944603,293.0530276939,297.655952475117
10480,9.55604915983846,729720.895746454,883876.670320344,1613597.5660668,294.772943245071,290.751522755505,297.208246118743
10490,9.56516752735739,738538.678347045,875060.952593772,1613599.63094082,291.832900648248,286.476114403607,295.160897394135
10500,9.57428589487632,748453.201246761,865152.311997364,1613605.51324413,288.528368183213,282.470600350414,292.326439764927
10510,9.58340426239525,751139.526826971,862466.385382081,1613605.91220905,287.632611433077,282.911739802713,290.540165343791
10520,9.59252262991418,745094.107874072,868509.016027047,1613603.12390112,289.647829256978,287.531761544047,290.817167874551
10530,9.60164099743311,734549.968999862,879050.06670965,1613600.03570951,293.163270538486,292.739410386757,293.201541247523
10540,9.61075936495204,725085.76996847,888511.133090949,1613596.90305942,296.318536965466,295.30629228051,296.746434641298
10550,9.61987773247097,721933.680207316,891663.100963732,1613596.78117105,297.369718513834,293.931093609543,299.414327017934
10560,9.6289960999899,725242.888753108,888358.506151859,1613601.39490497,296.267635868554,289.851234003908,300.298347415094
10570,9.63811446750883,728466.136019696,885138.466969034,1613604.60298873,295.193752532611,286.772124729197,300.562176274443
10580,9.64723283502776,726271.917991879,887332.122401968,1613604.04039385,295.92533680239,288.268097394154,300.783558627214
10590,9.65635120254669,719128.757085873,894471.738145647,1613600.49523152,298.306399248173,293.782401542595,301.073809052519
10600,9.66546957006562,712625.723135356,900970.723885776,1613596.44702113,300.473811534359,299.57012129282,300.82587685244
10610,9.67458793758455,713272.476267032,900322.871455892,1613595.34772292,300.257752694978,303.146955745867,298.081402533806
10620,9.68370630510348,722911.551201991,890687.028463371,1613598.57966536,297.044198253584,302.410833477977,293.218904605444
10630,9.69282467262241,736615.427246887,876988.223660182,1613603.65090707,292.475645709582,297.258938905262,289.043053874372
10640,9.70194304014134,746590.210236324,867015.668591019,1613605.87882734,289.149797762554,290.867449763016,287.763738264111
10650,9.71106140766027,748722.610008244,864882.405774731,1613605.01578298,288.438354435461,286.901373810394,289.222642890144
10660,9.7201797751792,744429.014040505,869172.160788923,1613601.17482943,289.868988090353,286.530556499992,291.853051660519
10670,9.72929814269813,739118.011694455,874482.418720241,1613600.4304147,291.63995955319,288.084189735233,293.767439465535
10680,9.73841651021706,735024.061459354,878576.577781695,1613600.63924105,293.005361941536,289.863864618523,294.85552235526
10690,9.74753487773599,732569.795327532,881029.956684352,1613599.75201188,293.823564010122,290.113303645939,296.05221794957
10700,9.75665324525492,733135.780230368,880463.360795254,1613599.14102562,293.634604233868,288.525631139104,296.795890793515
10710,9.76577161277385,736868.374680108,876733.765959061,1613602.14063917,292.390784045043,286.983014309357,295.752304882129
10720,9.77488998029278,739509.03731673,874094.712805394,1613603.75012212,291.510659598264,287.043235647577,294.246016682389
10730,9.78400834781171,738106.76668164,875496.330239811,1613603.09692145,291.978099129502,288.746836078026,293.888959414544
10740,9.79312671533064,733174.043998724,880428.37502773,1613602.41902645,293.622936477482,291.901698285388,294.525742825149
10750,9.80224508284957,726238.12039431,887361.930679885,1613600.05107419,295.935277865561,296.397235107394,295.380693639451
10760,9.8113634503685,720846.253896557,892752.341762046,1613598.5956586,297.732980410887,300.135086133804,295.883465778601
10770,9.82048181788743,719177.589727522,894421.711387874,1613599.3011154,298.289715320285,300.983000655367,296.245617000797
10780,9.82960018540636,720374.201325323,893224.928371523,1613599.12969685,297.89058808455,299.369923324783,296.656122434325
10790,9.83871855292529,724220.358736003,889377.947927337,1613598.30666334,296.607619785672,296.24893283196,296.599571404993
10800,9.84783692044422,730878.261548594,882721.616666015,1613599.87821461,294.387732755049,292.721271337661,295.25338392268
10810,9.85695528796315,737660.515716487,875940.387838694,1613600.90355518,292.126192375753,291.638681106177,292.207761395155
10820,9.86607365548208,742687.780924227,870912.407566288,1613600.18849051,290.449360535697,293.652736105548,288.071735688683
10830,9.87519202300101,746335.931467375,867265.070647246,1613601.00211462,289.2329733691,295.551778314761,284.779409260852
10840,9.88431039051994,747677.122025072,865924.58016736,1613601.70219243,288.785919682294,295.499849662206,284.069311429285
10850,9.89342875803887,745783.777446146,867818.090983383,1613601.86842953,289.41740569731,294.089435289394,286.061538131172
10860,9.9025471255578,740863.527660479,872737.093018141,1613600.62067862,291.057893286023,293.696065914894,289.056563289038
10870,9.91166549307673,735021.549211583,878577.817317839,1613599.36652942,293.005775326943,295.043209548817,291.403314366255
10880,9.92078386059566,730188.783487016,883411.025116285,1613599.8086033,294.617650530694,296.27490317879,293.267300723188
10890,9.92990222811459,725777.526266101,887824.405398841,1613601.93166494,296.089513222892,296.221980889594,295.754460184073
10900,9.93902059563352,719705.666513684,893894.938185678,1613600.60469936,298.114036413433,295.874660572731,299.35852527689
10910,9.94813896315245,714751.983897455,898843.841962682,1613595.82586014,299.764496235678,296.737023086695,301.533007921471
10920,9.95725733067137,717844.369154923,895751.559303423,1613595.92845835,298.733219710997,298.307661923429,298.76798055295
10930,9.9663756981903,728696.968064514,884905.660999825,1613602.62906434,295.11611172247,298.775415666958,292.430645666373
10940,9.97549406570923,738743.153977423,874861.141759032,1613604.29573645,291.766263718203,297.986504747546,287.376297812209
10950,9.98461243322816,744813.405701277,868789.492104849,1613602.89780613,289.741368052309,295.869879026782,285.414242929284
10960,9.99373080074709,748236.8159416,865365.836138114,1613602.65207971,288.599578501956,292.901309978862,285.4912578686
10970,10.002849168266,748957.920191566,864645.005218128,1613602.92540969,288.359181330041,289.895440409289,287.094709292768
10980,10.011967535785,745675.905963711,867927.628733759,1613603.53469747,289.453936546193,288.427637114766,289.896924553355
10990,10.0210859033039,737107.936208342,876495.013047301,1613602.94925564,292.311159929065,290.089276856998,293.548822677168
11000,10.0302042708228,724639.160458431,888960.018891081,1613599.17934951,296.468240417236,293.86953183359,297.953655939318
11010,10.0393226383417,715163.084877978,898430.32537716,1613593.41025514,299.62658841993,296.623694906103,301.378828605465
11020,10.0484410058607,717683.023519538,895910.642048038,1613593.66556758,298.786273819589,296.362879909884,300.152881197876
11030,10.0575593733796,732316.788135641,881283.072610998,1613599.86074664,293.907978192762,293.366170316681,294.024260128323
11040,10.0666777408985,749496.453305954,864109.951719669,1613606.40502562,288.180740943695,288.549048191924,287.695052160756
11050,10.0757961084175,759188.040537679,854417.664521791,1613605.70505947,284.948362355108,283.567623954929,285.631397653265
11060,10.0849144759364,760680.683013818,852922.408108179,1613603.091122,284.449694216501,280.17109053606,287.065055258281
11070,10.0940328434553,757197.219044202,856405.091128921,1613602.31017312,285.611169294288,280.087702932861,289.055470894159
11080,10.1031512109743,750393.646358254,863208.044703311,1613601.69106156,287.879954878543,283.54010859316,290.533285773067
11090,10.1122695784932,741828.884681371,871771.510779483,1613600.39546085,290.735871528925,289.16445340433,291.541203719048
11100,10.1213879460121,734015.893816899,879582.948782076,1613598.84259898,293.340986754069,295.622297869835,291.575661854597
11110,10.130506313531,729742.859563184,883855.553271995,1613598.41283518,294.765900707686,300.018296418603,291.018665316484
11120,10.13962468105,730270.157807855,883328.836364433,1613598.99417229,294.590240575098,300.157248791472,290.633409897036
11130,10.1487430485689,734618.7490664,878983.110321385,1613601.85938778,293.140940577417,297.377406675435,290.072345728258
11140,10.1578614160878,738239.42497548,875366.335897383,1613605.76087286,291.934746005464,294.741098724642,289.820565237674
11150,10.1669797836068,735730.707450317,877874.917643947,1613605.62509426,292.771358227096,294.864135351083,291.132197345916
11160,10.1760981511257,727606.637572272,885995.07010708,1613601.70767935,295.479429750569,298.205292337943,293.415955167528
11170,10.1852165186446,720041.599682192,893556.541411343,1613598.14109354,298.001181060978,302.318912876107,294.874358866676
11180,10.1943348861636,718928.047971337,894669.243387908,1613597.29135924,298.372267262934,303.594329356181,294.64224897805
11190,10.2034532536825,725212.31827571,888389.517973094,1613601.8362488,296.277978313521,299.576030327111,293.832378655866
11200,10.2125716212014,732733.634959267,880871.14257666,1613604.77753593,293.770599491966,292.767776911919,294.194339045754
11210,10.2216899887203,737264.066875881,876337.938660876,1613602.00553676,292.258775608096,287.67852239875,295.068728767987
11220,10.2308083562393,741697.253793445,871903.517372601,1613600.77116605,290.779895738736,285.760510120205,293.883836237975
11230,10.2399267237582,747397.344330639,866204.988967751,1613602.33329839,288.879436040604,285.799085074716,290.69227048783
11240,10.2490450912771,752176.085329113,861426.792105601,1613602.87743471,287.285906988695,286.395251413502,287.640272449665
11250,10.2581634587961,754046.154905179,859559.086794026,1613605.24169921,286.663027111565,287.198531083698,286.067138607549
11260,10.267281826315,749822.53374928,863782.973386862,1613605.50713614,288.071693642442,289.312216748471,287.004618493721
11270,10.2764001938339,739071.266460971,874532.564836068,1613603.83129704,291.656683287,293.252218236461,290.349946084621
11280,10.2855185613529,725198.973430663,888399.848358163,1613598.82178883,296.281423497803,298.580185014042,294.502014634063
11290,10.2946369288718,715877.865185964,897716.866695912,1613594.73188188,299.388649890249,303.644853971997,296.30168996084
11300,10.3037552963907,716901.585790862,896694.88904814,1613596.474839,299.04782025951,305.798933246278,294.297871751449
11310,10.3128736639096,725628.018240131,887973.015697563,1613601.03393769,296.139074769906,304.49126076081,290.324168213662
11320,10.3219920314286,734602.296117351,879003.298966855,1613605.59508421,293.147673492365,302.264902333572,286.825231203651
11330,10.3311103989475,736731.179491981,876875.263575611,1613606.44306759,292.43797351196,301.327017059705,286.268246168869
11340,10.3402287664664,730632.95270432,882969.927819642,1613602.88052396,294.470544545487,300.952626747587,289.903764290299
11350,10.3493471339854,721395.932387124,892203.382929432,1613599.31531656,297.549902594441,301.037785504004,294.976689069237
11360,10.3584655015043,714915.752804572,898681.273459282,1613597.02626385,299.710279626241,302.383609849583,297.67830091099
11370,10.3675838690232,714974.109127224,898623.330519477,1613597.4396467,299.690955650984,304.082667550289,296.513405255073
11380,10.3767022365422,721033.452286467,892568.491239598,1613601.94352606,297.671666246322,304.454722153316,292.901569253121
11390,10.3858206040611,727171.493555628,886433.630896503,1613605.12445213,295.625689810406,302.113168222407,291.054349460897
11400,10.39493897158,729037.684296631,884565.38476225,1613603.06905888,295.002629568868,296.91783308653,293.47999169912
11410,10.4040573390989,729322.118358472,884277.469426275,1613599.58778475,294.906609780315,290.219187983659,297.785802136603
11420,10.4131757066179,733010.39747388,880587.525682806,1613597.92315669,293.676013234219,283.584557677437,300.158920261046
11430,10.4222940741368,741917.972269651,871682.583760119,1613600.55602977,290.706214360553,278.166637783122,298.823676900206
11440,10.4314124416557,751403.846902876,862201.514142069,1613605.36104495,287.544276852449,275.450305317331,295.367304311817
11450,10.4405308091747,754100.972710134,859505.159347401,1613606.13205753,286.645042303619,275.993157970696,293.507427656981
11460,10.4496491766936,748528.255748335,865074.359723116,1613602.61547145,288.502371093252,278.248750772511,295.097699331168
11470,10.4587675442125,740188.883040585,873408.334754786,1613597.21779537,291.281752461159,280.139379761193,298.467266134086
11480,10.4678859117315,736589.031133825,877007.912027593,1613596.94316142,292.482211781755,280.096370076233,300.495704408952
11490,10.4770042792504,737711.827801105,875890.254203688,1613602.08200479,292.109472804298,278.689582358085,300.812641874436
11500,10.4861226467693,736504.186561189,877099.6513976,1613603.83795879,292.512806869301,277.56794452712,302.232287758365
11510,10.4952410142882,730576.312516676,883025.149388458,1613601.46190513,294.488960943291,277.483024963737,305.580844128874
11520,10.5043593818072,724547.810800103,889050.013337059,1613597.82413716,296.498253572472,278.107323575795,308.51179169228
11530,10.5134777493261,724933.830229247,888662.435223105,1613596.26545235,296.368996239154,277.796582487379,308.503631243472
11540,10.522596116845,733804.41086707,879795.990499091,1613600.40136616,293.412036184456,275.958673682623,304.803101155524
11550,10.531714484364,743772.916069743,869836.289808697,1613609.20587844,290.090475173819,275.605216257961,299.505572388412
11560,10.5408328518829,742283.388575844,871325.085163644,1613608.47373949,290.586988548823,280.978699670356,296.75035864401
11570,10.5499512194018,729903.966064767,883696.157013905,1613600.12307867,294.712742042323,289.954723263712,297.639160609695
11580,10.5590695869207,718559.001271621,895037.570242157,1613596.57151378,298.495104299536,296.84126289247,299.348919317329
11590,10.5681879544397,714707.685497151,898890.111530786,1613597.79702794,299.779927140499,299.195715976686,299.919584643756
11600,10.5773063219586,717623.602275434,895975.249479969,1613598.8517554,298.807820403525,297.618623575045,299.351611772176
11610,10.5864246894775,725202.353082467,888397.800992985,1613600.15407545,296.280740701346,293.773497574577,297.705335501939
11620,10.5955430569965,734852.591153156,878748.925934451,1613601.51708761,293.06284006485,289.490943801011,295.199885207354
11630,10.6046614245154,743368.145841632,870236.457895669,1613604.6037373,290.223931264188,286.776014326836,292.280689279702
11640,10.6137797920343,746198.525831995,867407.125761725,1613605.65159372,289.280348761623,287.674393528421,290.109918626457
11650,10.6228981595533,741773.980457482,871830.141578283,1613604.12203577,290.755424905214,291.287796179308,290.158214535063
11660,10.6320165270722,732902.840121427,880698.847761584,1613601.68788301,293.713139156773,295.746862700118,292.112562511912
11670,10.6411348945911,724854.080590007,888742.737232876,1613596.81782288,296.395776966108,300.685397943572,293.289033166996
11680,10.65025326211,725032.427654189,888563.225300111,1613595.6529543,296.335909721564,304.098527304419,290.91388474156
11690,10.659371629629,734816.872767114,878784.165399314,1613601.03816643,293.074592429319,304.041138444322,285.519332925628
11700,10.6684899971479,746350.406031618,867254.683135631,1613605.08916725,289.22950913311,300.739695542209,281.3150269361
11710,10.6776083646668,752599.209274742,861005.770613703,1613604.97988845,287.145496286044,296.029645524099,280.98344221377
11720,10.6867267321858,752467.033583697,861136.615407873,1613603.64899157,287.189133035809,292.526360546023,283.391657084803
11730,10.6958450997047,747073.067916289,866531.605720781,1613604.67363707,288.988362754971,291.781994587779,286.88511789747
11740,10.7049634672236,735963.10630851,877639.785372479,1613602.89168099,292.692941594957,294.607560822842,291.172617991705
11750,10.7140818347426,722906.166152164,890691.971094985,1613598.13724715,297.045846621639,299.240316531872,295.335328475966
11760,10.7232002022615,715064.969445479,898533.661789383,1613598.63123486,299.661051122022,301.235873019372,298.361452314519
11770,10.7323185697804,713872.481811228,899726.005182242,1613598.48699347,300.058697742952,299.787055269429,299.989743810515
11780,10.7414369372993,719603.174695739,893994.806189085,1613597.98088482,298.147342400895,296.450504521023,299.030111535476
11790,10.7505553048183,731741.327990519,881859.552307439,1613600.88029796,294.100234219589,292.199844754737,295.122077000976
11800,10.7596736723372,744338.140141926,869268.506896395,1613606.64703832,289.901119525228,288.098033557634,290.861592570686
11810,10.7687920398561,748511.160815989,865095.463600734,1613606.62441672,288.509409238197,286.453672640956,289.639475795326
11820,10.7779104073751,744005.576925313,869594.837332556,1613600.41425787,290.009950752895,288.122923562425,291.026293920916
11830,10.787028774894,739102.503235831,874496.889261864,1613599.3924977,291.644785480028,291.005404790908,291.828001951541
11840,10.7961471424129,736525.098253626,877076.51939512,1613601.61764875,292.505092344546,293.368363719977,291.685823850637
11850,10.8052655099319,733855.504061406,879747.354236201,1613602.85829761,293.395815986727,294.292896575512,292.553265747548
11860,10.8143838774508,729802.126951011,883799.526674933,1613601.65362594,294.747215832894,293.560747787752,295.292571849794
11870,10.8235022449697,726521.046574443,887077.953396441,1613598.99997088,295.840571417856,291.617192130706,298.409623799774
11880,10.8326206124886,728022.2995807,885575.800364889,1613598.09994559,295.339603256591,287.972969052783,300.004576389749
11890,10.8417389800076,734967.522455402,878634.0740486,1613601.596504,293.024536951342,282.303123166853,299.927959026875
11900,10.8508573475265,742305.156896908,871298.726890279,1613603.88378719,290.578198062458,276.900228995379,299.454695608791
11910,10.8599757150454,745859.748499141,867745.293815541,1613605.04231468,289.393127835765,274.958264199314,298.775209320202
11920,10.8690940825644,743783.825760232,869820.290533777,1613604.11629401,290.0851394143,278.76190667435,297.392223624753
11930,10.8782124500833,737577.141299981,876023.632616915,1613600.7739169,292.15395451623,286.824781628254,295.463274812784
11940,10.8873308176022,731310.479089784,882289.491266965,1613599.97035675,294.243618898438,293.891055682712,294.233458026505
11950,10.8964491851212,727094.187777327,886504.898655112,1613599.08643244,295.649457613844,296.701921286184,294.701440617607
11960,10.9055675526401,726176.585343965,887423.406863907,1613599.99220787,295.955780178058,295.826119553418,295.79559077767
11970,10.914685920159,727891.640961353,885707.046334502,1613598.68729586,295.3833737984,292.992251521141,296.731302505074
11980,10.9238042876779,733069.506531779,880530.038051226,1613599.54458301,293.656841104294,288.818127571296,296.63793609204
11990,10.9329226551969,740092.163014547,873509.190625921,1613601.35364047,291.315387902592,282.942948671638,296.654251233309
12000,10.9420410227158,746128.795491235,867473.206995486,1613602.00248672,289.302386858591,276.647933339143,297.497603882508
12010,10.9511593902347,749701.101353155,863900.546802789,1613601.64815594,288.110904386456,273.184535021209,297.821724876299
12020,10.9602777577537,751147.386647583,862452.44561814,1613599.83226572,287.62796252064,274.20917133948,296.334133339314
12030,10.9693961252726,752046.754994192,861554.644471047,1613601.39946524,287.328545763231,277.438858878931,293.68222989796
12040,10.9785144927915,750413.957659736,863189.803434051,1613603.76109379,287.873871413724,281.930127261404,291.596472622426
12050,10.9876328603105,743684.743386023,869917.677555795,1613602.42094182,290.117617994262,288.44432235657,290.991383737728
12060,10.9967512278294,734194.102302058,879405.445593403,1613599.54789546,293.281789425847,294.521703378164,292.210778633114
12070,11.0058695953483,726082.496404682,887518.802214244,1613601.29861893,295.987594535349,297.411658920798,294.791561949604
12080,11.0149879628672,718441.384841933,895161.066747489,1613602.45158942,298.53629039436,298.25587089464,298.474456485512
12090,11.0241063303862,710863.22178815,902737.294377096,1613600.51616525,301.062962940502,298.431130119679,302.566632351934
12100,11.0332246979051,706613.890114603,906985.357433963,1613599.24754857,302.47969232415,298.2565970648,305.043022753447
12110,11.042343065424,708094.721001908,905504.574624956,1613599.29562686,301.985851133886,298.109875417962,304.318180068558
12120,11.051461432943,715173.71744475,898426.125243871,1613599.84268862,299.625187675128,297.66851925832,300.679945629937
12130,11.0605798004619,726085.481022422,887515.766565888,1613601.24758831,295.986582146369,296.367952309206,295.485679886021
12140,11.0696981679808,737242.812603793,876360.955096953,1613603.76770075,292.266451591447,294.317706095841,290.655393212191
12150,11.0788165354998,744227.123249715,869375.435225,1613602.55847471,289.936780131732,291.412620936127,288.711272278694
12160,11.0879349030187,747774.650435844,865826.090325309,1613600.74076115,288.753073311759,286.991024938985,289.687144665848
12170,11.0970532705376,749997.027681437,863605.706329061,1613602.7340105,288.012575063885,282.096221369143,291.71680038116
12180,11.1061716380565,749585.213179584,864016.277188728,1613601.49036831,288.149500479816,279.709972188821,293.535728090079
12190,11.1152900055755,748280.942236679,865319.820822309,1613600.76305899,288.584232390298,281.201680855874,293.265446552922
12200,11.1244083730944,747357.654336737,866244.630278543,1613602.28461528,288.892656421058,286.446972995457,290.282368157775
12210,11.1335267406133,745768.458985467,867832.846539632,1613601.3055251,289.422326676549,293.095902818241,286.73209064319
12220,11.1426451081323,744790.359158749,868810.625220651,1613600.9843794,289.748415948191,297.516268610902,284.328390493093
12230,11.1517634756512,744964.530146855,868637.595521012,1613602.12566787,289.690710528935,298.323441958356,283.694147317213
12240,11.1608818431701,744451.736430471,869151.832012578,1613603.56844305,289.862208441747,296.99230294804,284.86726026385
12250,11.1700002106891,740954.65757347,872649.84513269,1613604.50270616,291.028796108951,296.468034948715,287.160112885685
12260,11.179118578208,732737.3095006,880869.311190957,1613606.62069156,293.769988724681,298.749722979856,290.20535756396
12270,11.1882369457269,718201.18603041,895401.830319612,1613603.01635002,298.616585065737,304.279884367963,294.592205043365
12280,11.1973553132458,703475.197008487,910119.303702047,1613594.50071053,303.524863665848,310.187305308056,298.830298517989
12290,11.2064736807648,700456.925349746,913135.320164947,1613592.24551469,304.530705407686,311.469860311341,299.650826550743
12300,11.2155920482837,712247.843328107,901349.629231252,1613597.47255936,300.600176498667,306.844695576373,296.186663633114
12310,11.2247104158026,730719.123607946,882884.344642968,1613603.46825091,294.44200254893,299.953205603352,290.522498843857
12320,11.2338287833216,745130.382997193,868477.754279674,1613608.13727687,289.637403461622,295.173866089488,285.705063873494
12330,11.2429471508405,748229.341734509,865376.547473495,1613605.889208,288.603150733198,293.483994765951,285.108752085753
12340,11.2520655183594,742616.895307638,870985.235899397,1613602.13120703,290.473648790861,293.067783986356,288.502163953205
12350,11.2611838858784,734816.237411346,878782.621802932,1613598.85921428,293.074077639797,292.82226800933,292.997722328744
12360,11.2703022533973,730285.621955694,883312.567115802,1613598.1890715,294.584814779324,292.521348257632,295.714971781469
12370,11.2794206209162,730748.494812859,882849.986908789,1613598.48172165,294.430544241717,292.573209401646,295.423408681562
12380,11.2885389884351,735759.624816102,877838.334238333,1613597.95905443,292.759157658273,292.305897577346,292.817365080844
12390,11.2976573559541,744834.517313564,868765.299191843,1613599.81650541,289.733299713805,290.194229587866,289.18456871467
12400,11.306775723473,753927.857486115,859676.908133309,1613604.76561942,286.702320538039,286.642951495036,286.502981299592
12410,11.3158940909919,755672.62570375,857932.982995998,1613605.60869975,286.120721359346,284.407051130753,287.024734243942
12420,11.3250124585109,749315.798852443,864282.721976031,1613598.52082847,288.238359838596,284.370472300791,290.576752897266
12430,11.3341308260298,744345.265077405,869251.111700612,1613596.37677802,289.895318225984,284.025725910811,293.566800337577
12440,11.3432491935487,744452.982652174,869148.725813703,1613601.70846588,289.861172524163,283.651108942307,293.759663934964
12450,11.3523675610677,743417.524301056,870187.118717666,1613604.64301872,290.207476644211,286.927801844725,292.152086946664
12460,11.3614859285866,737454.081116326,876148.404243289,1613602.48535962,292.195565864028,294.122788647574,290.667254370112
12470,11.3706042961055,729852.780329818,883746.664708298,1613599.44503812,294.729586362614,300.871734547045,290.389212917691
12480,11.3797226636244,725353.183514763,888246.097024679,1613599.28053944,296.230147415267,302.829461955144,291.583745932504
12490,11.3888410311434,724384.808292922,889216.43420633,1613601.24249925,296.55375494625,299.899771895208,294.075948851156
12500,11.3979593986623,724380.899221108,889220.63876676,1613601.53798787,296.555157167504,296.211452025699,296.537164631068
12510,11.4070777661812,724380.432961839,889221.418842773,1613601.85180461,296.555417322919,296.109047141986,296.605867929108
12520,11.4161961337002,724161.377795989,889439.000859599,1613600.37865559,296.627980943671,300.843896644221,293.570180492519
12530,11.4253145012191,725858.312022918,887740.198313573,1613598.51033649,296.061430152934,307.025560883494,288.505291807432
12540,11.434432868738,731096.089482955,882506.903373418,1613602.99285637,294.316125854067,310.438644147304,283.32251688703
12550,11.443551236257,733996.151216851,879609.756682807,1613605.90789966,293.349927191198,311.175643859376,281.22165780642
12560,11.4526696037759,730588.819135063,883014.417694496,1613603.23682956,294.48538192246,311.343582719577,283.001176906114
12570,11.4617879712948,724687.094153271,888912.694893839,1613599.78904711,296.45245786021,312.108150817937,285.768285506841
12580,11.4709063388137,721963.5395887,891635.157963653,1613598.69755235,297.360399520978,312.584941472395,286.962904553767
12590,11.4800247063327,724167.964417176,889433.41159726,1613601.37601444,296.626116924216,312.184842265405,286.006444932654
12600,11.4891430738516,728303.991552399,885295.956684746,1613599.94823714,295.246275365932,310.742469360276,284.669440806898
12610,11.4982614413705,735471.573267895,878126.002873227,1613597.57614112,292.855095171995,305.156443948718,284.41015007487
12620,11.5073798088895,747117.13076737,866485.277227995,1613602.40799537,288.972912198765,294.458473803237,285.075060368951
12630,11.5164981764084,756036.293322549,857570.512180198,1613606.80550275,285.999837312055,285.459744495236,286.121565992175
12640,11.5256165439273,755622.41302791,857983.766976988,1613606.1800049,286.13765782124,284.206568598802,287.186602588014
12650,11.5347349114463,747089.558682351,866512.326763632,1613601.88544598,288.981933221155,288.898276363652,288.796886181807
12660,11.5438532789652,737733.974712474,875863.441479148,1613597.41619162,292.100530758428,294.569058334427,290.211428598796
12670,11.5529716464841,734502.015072576,879095.914419472,1613597.92949205,293.178560753534,297.618270180509,289.97443900159
12680,11.562090014003,737187.799682804,876412.197358227,1613599.99704103,292.283540889854,297.696483332183,288.431342977561
12690,11.571208381522,741969.983749717,871633.139809518,1613603.12355923,290.689724798905,296.737115069478,286.415889847859
12700,11.5803267490409,743433.65055379,870172.97604187,1613606.62659566,290.202760060654,297.634567757903,285.006385962437
12710,11.5894451165598,736785.383507346,876821.230273722,1613606.61378107,292.419953401275,302.003903275784,285.786970190434
12720,11.5985634840788,722780.471879128,890822.722036296,1613603.19391542,297.089452071468,308.337047613396,289.343480500123
12730,11.6076818515977,708219.77199189,905377.308690039,1613597.08068193,301.94340793398,313.878702523861,293.734925367447
12740,11.6168002191166,702773.968014986,910821.699565936,1613595.66758092,303.759112745018,316.375129500852,295.09530231384
12750,11.6259185866355,709344.647157787,904254.64725462,1613599.29441241,301.569000251666,315.092194396654,292.302229988131
12760,11.6350369541545,722919.953985068,890682.427349137,1613602.38133421,297.042663781603,310.479430898763,287.837283483679
12770,11.6441553216734,737930.506799049,875673.397768277,1613603.90456733,292.037151165008,303.113519166679,284.409541537923
12780,11.6532736891923,750539.730469587,863064.729645499,1613604.46011509,287.832159294814,294.816710952288,282.935931390417
12790,11.6623920567113,758338.349966995,855265.945600203,1613604.2955672,285.231264165484,288.618027682385,282.735729100744
12800,11.6715104242302,759821.287187549,853783.890300768,1613605.17748832,284.736998599556,285.753412866255,283.822108256258
12810,11.6806287917491,753776.464485638,859826.678656976,1613603.14314261,286.752269020169,286.218200761648,286.869354301666
12820,11.6897471592681,743317.187103297,870283.907332942,1613601.09443624,290.239755655475,288.693960673825,291.028419180195
12830,11.698865526787,732227.07102773,881373.988252335,1613601.05928006,293.938298566728,292.049426524877,294.95259801249
12840,11.7079838943059,722324.688952426,891275.022567273,1613599.7115197,297.240294336259,296.122652755738,297.737688477993
12850,11.7171022618248,716337.039448686,897262.022697242,1613599.06214593,299.23695937877,299.818170038878,298.600121472548
12860,11.7262206293438,715647.53727179,897953.163238282,1613600.70051007,299.467454806831,302.079417556475,297.476590094729
12870,11.7353389968627,718228.994952365,895373.022526685,1613602.01747905,298.606977664394,302.867379901382,295.517870358348
12880,11.7444573643816,722606.954265499,890991.211779541,1613598.16604504,297.145643414888,302.244802876638,293.49858240421
12890,11.7535757319006,732712.220902749,880884.788534072,1613597.00943682,293.775150419901,298.748792902817,290.214576139273
12900,11.7626940994195,748417.276496128,865185.488111858,1613602.76460799,288.539432420163,292.966899937553,285.347337881552
12910,11.7718124669384,760797.030566929,852809.164389574,1613606.1949565,284.411927426905,288.221250031806,281.635369084115
12920,11.7809308344574,763668.890712697,849935.355932237,1613604.24664493,283.453512066779,286.389513468787,281.259966538717
12930,11.7900492019763,759336.190857148,854264.457368446,1613600.64822559,284.897267756694,286.938595526161,283.298968187251
12940,11.7991675694952,753295.21402103,860305.045834801,1613600.25985583,286.911804513857,287.579445051266,286.227617651823
12950,11.8082859370141,747516.828757262,866083.678053135,1613600.5068104,288.838978840465,287.148418418966,289.725319972431
12960,11.8174043045331,742269.007665761,871332.278353126,1613601.28601889,290.589387478115,286.815201230162,292.863353820518
12970,11.826522672052,736329.507477045,877274.118217953,1613603.625695,292.570991568435,288.065393491236,295.330914460261
12980,11.8356410395709,726828.361211504,886774.910949598,1613603.2721611,295.739506736568,291.543274488504,298.290545312996
12990,11.8447594070899,714411.552353515,899189.059184311,1613600.61153783,299.879626207874,296.21427865207,302.073291556569
13000,11.8538777746088,703988.459621704,909607.504553392,1613595.9641751,303.354178607101,300.508532120945,304.998481115699
13010,11.8629961421277,702796.861148321,910798.097769757,1613594.95891808,303.751241544024,302.333527789005,304.44325801275
13020,11.8721145096467,712128.306351421,901472.233940812,1613600.54029223,300.641065179527,300.927854020109,300.199338398156
13030,11.8812328771656,724308.373633358,889295.15644325,1613603.53007661,296.580008818826,298.328330779576,295.167310837644
13040,11.8903512446845,733428.236530517,880176.966779523,1613605.20331004,293.539091805744,296.263926185381,291.477919642814
13050,11.8994696122034,735712.842337487,877894.671819536,1613607.51415702,292.777946246302,295.77205385996,290.537892881991
13060,11.9085879797224,728417.712880263,885186.676517791,1613604.38939805,295.209830421141,297.833719275086,293.21456299316
13070,11.9177063472413,716560.503295818,897038.033952338,1613598.53724816,299.162259113669,300.652577155977,297.919411869536
13080,11.9268247147602,709982.331939651,903611.722895189,1613594.05483484,301.354584924192,300.853678546392,301.437393688622
13090,11.9359430822792,715956.384776324,897639.721221799,1613596.10599812,299.3629218682,295.948993011874,301.389405337529
13100,11.9450614497981,732098.682678367,881502.735879785,1613601.41855815,293.981235911217,286.7152898356,298.58021559837
13110,11.954179817317,750194.750655688,863409.139407874,1613603.89006356,287.947019979281,277.265953460216,294.827775142008
13120,11.963298184836,764219.849573791,849386.98798055,1613606.83755434,283.270631309171,271.721913567345,290.733717610964
13130,11.9724165523549,768164.201441865,845445.660739473,1613609.86218134,281.956198345664,272.47744003259,288.040407055757
13140,11.9815349198738,758356.007528294,855248.184541036,1613604.19206933,285.225340850771,278.771147571911,289.290448585969
13150,11.9906532873927,743189.370132452,870406.313826016,1613595.68395847,290.280578231121,286.362009542426,292.651056875058
13160,11.9997716549117,735095.268444937,878499.037590139,1613594.30603508,292.979502281187,290.517217966325,294.376875572527
13170,12.0088900224306,736649.502931787,876948.669161342,1613598.17209313,292.462454280921,288.99276980364,294.531858553874
13180,12.0180083899495,741798.12681364,871805.049871361,1613603.176685,290.747056818863,284.29668969768,294.805012352304
13190,12.0271267574685,742719.670851704,870884.863002794,1613604.5338545,290.440174421475,283.095340276416,295.094697039497
13200,12.0362451249874,738021.485033175,875578.024009544,1613599.50904272,292.005344008519,287.37432716469,294.849350784397
13210,12.0453634925063,734466.552838499,879131.765444875,1613598.31828337,293.190517073495,292.55339457582,293.370939974384
13220,12.0544818600253,734727.425500152,878872.661916496,1613600.08741665,293.104106025178,296.830540485085,290.375562963551
13230,12.0636002275442,736607.461646436,876992.956779479,1613600.41842592,292.477224205262,299.569731332691,287.505155100139
13240,12.0727185950631,738975.653767847,874623.766194112,1613599.41996196,291.687098947511,298.962645466043,286.593662019367
13250,12.081836962582,741454.825418231,872147.276689338,1613602.10210757,290.861189491192,296.014010433973,287.183591204762
13260,12.090955330101,740981.04842171,872619.796202991,1613600.8446247,291.018774788391,294.173956115185,288.672804924872
13270,12.1000736976199,738899.05269226,874701.416482403,1613600.46917466,291.71299532513,293.646691602892,290.180770310518
13280,12.1091920651388,736750.988984379,876849.776875708,1613600.76586009,292.429473695417,293.372727730756,291.556946443777
13290,12.1183104326578,733911.836063979,879691.126306534,1613602.96237051,293.377063967495,292.917702281811,293.438824204645
13300,12.1274288001767,727734.568256021,885867.340288535,1613601.90854456,295.436831845434,292.476679531756,297.16406936135
13310,12.1365471676956,719618.353569647,893980.572010122,1613598.92557977,298.142595301025,291.748565909557,302.156829399251
13320,12.1456655352146,714031.512115646,899565.919331784,1613597.43144743,300.005309098477,289.80970213205,306.552375985181
13330,12.1547839027335,713622.281809433,899975.467429156,1613597.74923859,300.141893423097,286.305785898194,309.115846861846
13340,12.1639022702524,717921.260578264,895678.591428967,1613599.85200723,298.708884918782,282.489951568117,309.272583081793
13350,12.1730206377713,724131.423025417,889468.315080184,1613599.7381056,296.637757238681,281.159344360762,306.709501026261
13360,12.1821390052903,731299.530786542,882300.44149254,1613599.97227908,294.24727079958,282.196885062441,302.035655232006
13370,12.1912573728092,738171.875181263,875428.377172775,1613600.25235404,291.95543677598,283.675932063423,297.231810387037
13380,12.2003757403281,742548.502558834,871054.7519752,1613603.25453403,290.496832407937,285.021699942772,293.904840024374
13390,12.2094941078471,739689.092150341,873915.794229838,1613604.88638018,291.450990238398,287.125478744603,294.091788742397
13400,12.218612475366,728277.03046618,885322.694938788,1613599.72540497,295.255192575884,290.257778482334,298.340755977772
13410,12.2277308428849,716342.410680507,897252.043097637,1613594.45377814,299.23363118147,293.042505798107,303.111686744395
13420,12.2368492104039,712596.808480071,900997.217961214,1613594.02644129,300.482647310727,293.835713292662,304.663534450011
13430,12.2459675779228,718476.882688012,895121.351722976,1613598.23441099,298.523045430374,292.873514159796,302.040630406235
13440,12.2550859454417,728334.530665925,885268.702761217,1613603.23342714,295.237186180162,291.99404557463,297.1532489287
13450,12.2642043129606,734931.481062699,878673.49173683,1613604.97279953,293.037682753653,292.488057413504,293.159901578126
13460,12.2733226804796,736222.420825033,877377.779270581,1613600.20009561,292.605562538129,292.748724258507,292.266283422429
13470,12.2824410479985,738045.867268484,875552.523074615,1613598.3903431,291.996839444594,289.389006821225,293.492063827302
13480,12.2915594155174,742584.260161215,871017.799003286,1613602.0591645,290.484508588723,283.84129288233,294.67124863583
13490,12.3006777830364,744054.553317369,869553.220573884,1613607.77389125,289.996071560408,280.280901296185,296.231188343591
13500,12.3097961505553,734864.79242299,878741.657194303,1613606.44961729,293.060415939404,281.276062794712,300.672434355915
13510,12.3189145180742,718002.535604227,895594.985723562,1613597.52132779,298.681002409058,284.822120297415,307.671356314814
13520,12.3280328855932,706897.180728446,906695.596578598,1613592.77730704,302.383057054727,286.884432642461,312.46348744869
13530,12.3371512531121,709860.684992124,903733.729803793,1613594.41479592,301.395274238384,286.628610771018,310.988553821428
13540,12.346269620631,725136.468129211,888462.573459481,1613599.04158869,296.302342324322,285.718508544029,303.111312892581
13550,12.3553879881499,744639.859756584,868965.700951268,1613605.56070785,289.800133717281,285.402576963124,292.490338108621
13560,12.3645063556689,756890.877133822,856719.722851623,1613610.59998545,285.716099000041,286.191459648397,285.161095151971
13570,12.3736247231878,753568.787219057,860038.704747725,1613607.49196678,286.822979739111,289.24506656599,284.969236038077
13580,12.3827430907067,738580.400188058,875019.155019309,1613599.55520737,291.81896115368,293.637474004188,290.363436785713
13590,12.3918614582257,723845.622696176,889748.888210376,1613594.51090655,296.731328400992,296.054786745371,296.935080064406
13600,12.4009798257446,718088.301840356,895505.943341975,1613594.24518233,298.651306767375,295.032007330547,300.815296969622
13610,12.4100981932635,722601.740508363,890995.160772109,1613596.90128047,297.146960404239,292.471553412226,300.016275931911
13620,12.4192165607825,732707.006532391,880895.546273454,1613602.55280585,293.778738126882,291.245449460509,295.22278162269
13630,12.4283349283014,739471.805257978,874134.303458497,1613606.10871648,291.523863084375,293.4280961052,290.011437851254
13640,12.4374532958203,737560.551788336,876042.346597627,1613602.89838596,292.160195630357,298.15150799607,287.922520556856
13650,12.4465716633392,731329.365691571,882268.605776637,1613597.97146821,294.236653585672,301.192358854043,289.354319528769
13660,12.4556900308582,728454.455085862,885141.678068034,1613596.1331539,295.194823434395,298.922108276405,292.463971186861
13670,12.4648083983771,732205.985517314,881392.317412133,1613598.30292945,293.944411343049,291.245147579318,295.498966842752
13680,12.473926765896,739734.69362149,873866.259923778,1613600.95354527,291.434470543198,282.087908739467,297.422649686898
13690,12.483045133415,746526.283510808,867076.4079577,1613602.69146851,289.170054346406,275.719865375093,297.895871948659
13700,12.4921635009339,749318.798965211,864283.962432235,1613602.76139745,288.238773530844,274.60492680478,297.087805703611
13710,12.5012818684528,747216.800327017,866385.413509379,1613602.2138364,288.93960764028,279.130099536019,295.238496703419
13720,12.5104002359718,740931.884292065,872669.886707552,1613601.77099962,291.035479975838,286.324084985908,293.933880402478
13730,12.5195186034907,732581.394567022,881017.387708963,1613598.78227599,293.819372255782,293.255133597704,293.950681884289
13740,12.5286369710096,727977.206711732,885618.916173437,1613596.12288517,295.353982382337,297.914157382819,293.401070730031
13750,12.5377553385285,731422.534910133,882177.596864908,1613600.13177504,294.206302106022,298.417612457336,291.153589953392
13760,12.5468737060475,737835.360804747,875770.471288908,1613605.83209366,292.069525192232,295.641237167316,289.444992604517
13770,12.5559920735664,739371.328439998,874232.996971449,1613604.32541145,291.556777379173,292.679163854319,290.565555747925
13780,12.5651104410853,737499.433275021,876099.913596601,1613599.34687162,292.179394229315,290.93750646821,292.763836574861
13790,12.5742288086043,738071.265026586,875529.251675452,1613600.51670204,291.989078431033,289.703930404923,293.269186216414
13800,12.5833471761232,739754.955852324,873847.273431649,1613602.22928397,291.428138546489,289.680299152463,292.350508027052
13810,12.5924655436421,739879.130927852,873722.179663169,1613601.31059102,291.386419764272,291.658107556188,290.962472553191
13820,12.6015839111611,738862.40038031,874739.25111306,1613601.65149337,291.725613177609,294.474936948731,289.64962598588
13830,12.61070227868,735647.462486899,877956.402734105,1613603.865221,292.798533511457,297.2310219297,289.599542454703
13840,12.6198206461989,727727.578396741,885872.945666779,1613600.52406352,295.438701239546,300.763569500384,291.642590147955
13850,12.6289390137178,720045.894425827,893549.603986218,1613595.49841205,297.998867429121,304.484187622653,293.426988243908
13860,12.6380573812368,719104.298544918,894495.347373504,1613599.64591842,298.314272927632,306.5880819224,292.549805037013
13870,12.6471757487557,721153.802436151,892446.434760704,1613600.23719685,297.630960400435,308.390594292664,290.209845338615
13880,12.6562941162746,725273.286036843,888323.728898965,1613597.01493581,296.256037651814,309.554499945573,287.143516091266
13890,12.6654124837936,734458.575255238,879140.367145661,1613598.9424009,293.193385741425,308.18389331835,282.955386202023
13900,12.6745308513125,745903.106397401,867699.848404382,1613602.95480178,289.377971787354,303.75286310773,279.553562597279
13910,12.6836492188314,753507.797064196,860097.770870272,1613605.56793447,286.842678295905,296.472470043208,280.18378156579
13920,12.6927675863503,752972.399741481,860633.595913644,1613605.99565513,287.021375992544,288.544361794589,285.766867644521
13930,12.7018859538693,743987.94585225,869615.621971975,1613603.56782422,290.016882431874,283.462745534975,294.144626294448
13940,12.7110043213882,731310.799321314,882288.400570394,1613599.19989171,294.24325515104,282.694510923296,301.69721525691
13950,12.7201226889071,721952.47133034,891647.079405643,1613599.55073598,297.364375322876,283.441967372568,306.398176976978
13960,12.7292410564261,717256.864055802,896343.448167871,1613600.31222367,298.930614696639,283.840310303882,308.741708779563
13970,12.738359423945,716500.257382444,897101.021365792,1613601.27874824,299.183265421308,284.930310707567,308.435915842617
13980,12.7474777914639,718446.430814073,895155.025237714,1613601.45605179,298.534275550346,287.844082806179,305.412292150166
13990,12.7565961589829,722438.99703545,891162.147443899,1613601.14447935,297.202650473203,290.977644017348,301.104985901712
14000,12.7657145265018,727620.244195049,885983.478165416,1613603.72236046,295.475563837057,292.48465739713,297.223271827143
14010,12.7748328940207,730210.94953288,883391.98078082,1613602.9303137,294.611299243228,293.878754617543,294.854152910982
14020,12.7839512615396,730716.209202059,882883.035693749,1613599.24489581,294.441566014257,295.969350140075,293.177675292032
14030,12.7930696290586,733604.127064331,879994.618328413,1613598.74539274,293.478278582095,296.79117102042,291.025118391061
14040,12.8021879965775,739694.608285581,873905.878510967,1613600.48679655,291.447683345328,294.655712307233,289.06612430127
14050,12.8113063640964,746153.273847963,867449.71897474,1613602.9928227,289.294553601714,289.288036685314,289.057819417979
14060,12.8204247316154,748756.547419504,864847.811376423,1613604.35879593,288.426817200741,281.9795310662,292.484652276102
14070,12.8295430991343,745181.794460442,868420.437092241,1613602.23155268,289.618288174835,275.256774815151,298.951281841145
14080,12.8386614666532,737730.045567188,875869.988471396,1613600.03403858,292.102714180889,271.778646597567,305.408673641287
14090,12.8477798341722,730082.421916155,883514.914551846,1613597.336468,294.652297666115,273.504947773887,308.504987346211
14100,12.8568982016911,726490.532717074,887106.256725273,1613596.78944235,295.850010580381,279.471069136838,306.522763200592
14110,12.86601656921,728324.09346592,885274.213594053,1613598.30705997,295.239024043373,286.887994234754,300.560344729082
14120,12.8751349367289,733770.954782362,879828.951584801,1613599.90636716,293.423028709288,292.081255046558,294.073025293851
14130,12.8842533042479,739889.867858503,873713.567189121,1613603.43504762,291.383547503459,292.130124938962,290.643009590205
14140,12.8933716717668,741898.309664117,871706.083958923,1613604.39362304,290.714051678814,289.581871236067,291.226576930912
14150,12.9024900392857,738483.598729909,875118.164153674,1613601.76288358,291.851980708245,289.180265593335,293.389914134262
14160,12.9116084068047,733536.41070216,880062.241859102,1613598.65256126,293.500831035218,291.761926081685,294.415516978378
14170,12.9207267743236,731693.678160949,881903.792031176,1613597.47019212,294.114988171144,294.532777520232,293.591366114943
14180,12.9298451418425,734642.332371926,878956.230489565,1613598.56286149,293.131976151264,295.246277022807,291.478165590109
14190,12.9389635093615,740142.33605642,873460.059521349,1613602.39557777,291.299002675121,293.524854517861,289.572352277731
14200,12.9480818768804,742698.111093348,870905.885863574,1613603.99695692,290.447185547298,291.026480095466,289.818949860564
14210,12.9572002443993,739864.368465551,873738.428689494,1613602.79715504,291.391838815906,288.915215934566,292.800094204452
14220,12.9663186119182,733231.771672,880370.904701247,1613602.67637325,293.603770118808,288.402940210671,296.826320249135
14230,12.9754369794372,723529.269904476,890073.082444934,1613602.35234941,296.839447205247,291.00310788354,300.482973880381
14240,12.9845553469561,712508.957466844,901087.99700339,1613596.95447023,300.512922128861,296.238846265764,303.111878602486
14250,12.993673714475,707509.453767342,906086.478875116,1613595.93264246,302.17991624983,300.474867761102,303.06479864544
14260,13.002792081994,710650.252280059,902949.969783746,1613600.22206381,301.133890206352,302.142509565483,300.210532391759
14270,13.0119104495129,716987.503737479,896614.581742861,1613602.08548034,299.021037766503,301.99877909564,296.786692682274
14280,13.0210288170318,723457.607888823,890144.395106014,1613602.00299484,296.863229983663,299.94659821672,294.560265136639
14290,13.0301471845508,729999.871688809,883599.55339152,1613599.42508033,294.680524726203,295.81236599064,293.680396779306
14300,13.0392655520697,739277.039908705,874322.241349391,1613599.2812581,291.586540386657,290.123204612574,292.319108785723
14310,13.0483839195886,750399.371043409,863204.338077249,1613603.70912066,287.878718718442,285.171086901605,289.443907664067
14320,13.0575022871075,756887.133499682,856718.651840998,1613605.78534068,285.715741817908,284.221765826465,286.473629360689
14330,13.0666206546265,755061.266588129,858543.991799932,1613605.25838806,286.324492846401,288.76101622434,284.461540183737
14340,13.0757390221454,746166.647558961,867434.207463986,1613600.85502295,289.289380511584,297.717393105921,283.429630964934
14350,13.0848573896643,737173.132884104,876422.081451216,1613595.21433532,292.28683723569,306.51510132901,282.55775547578
14360,13.0939757571833,735268.318620922,878329.873991634,1613598.19261256,292.923086206982,310.2170575234,281.149669424197
14370,13.1030941247022,736425.507668137,877176.408102844,1613601.91577098,292.5384052369,308.784012914417,281.464218114191
14380,13.1122124922211,735841.749356842,877756.70837339,1613598.45773023,292.731935425509,303.914239811727,285.033122555176
14390,13.1213308597401,736173.215744053,877429.455918742,1613602.67166279,292.6227967046,297.618318717382,289.048596365491
14400,13.130449227259,733258.29427383,880345.794657267,1613604.0889311,293.595395917048,293.379119043624,293.4949176694
14410,13.1395675947779,726096.198372451,887505.115044025,1613601.31341648,295.98302986294,293.076757991594,297.673891918952
14420,13.1486859622968,719192.150347348,894409.015603227,1613601.16595057,298.285481275047,296.11189974334,299.485964395122
14430,13.1578043298158,715214.226504924,898383.20826936,1613597.43477428,299.61087486055,300.014497077009,299.092117653861
14440,13.1669226973347,719120.542823303,894476.510910007,1613597.05373331,298.307990965485,301.168540760815,296.152367776127
14450,13.1760410648536,730547.744216356,883054.377796429,1613602.12201278,294.498708619786,298.284995227334,291.729101957571
14460,13.1851594323726,741128.444877197,872478.420014428,1613606.86489162,290.971625817718,292.749028969338,289.544214028457
14470,13.1942777998915,743083.394563881,870522.84378162,1613606.2383455,290.319440981031,287.669240497467,291.844308435922
14480,13.2033961674104,737092.000332246,876508.23165408,1613600.23198633,292.315568335528,285.143293218218,296.853488773454
14490,13.2125145349294,731801.375860476,881795.239805595,1613596.61566607,294.078785994863,284.189491031449,300.426583648808
14500,13.2216329024483,732695.560296224,880904.661640644,1613600.22193687,293.781778102599,283.99471296243,300.061670047628
14510,13.2307512699672,735366.444264868,878238.057820608,1613604.50208548,292.892465506289,284.51162651274,298.2356144474
14520,13.2398696374861,734055.675743602,879547.139007584,1613602.81475119,293.32904419129,285.267555410175,298.458929175208
14530,13.2489880050051,730446.34787506,883153.870556605,1613600.21843167,294.5318894636,286.589162908075,299.581597259398
14540,13.258106372524,728273.954032404,885325.501662536,1613599.45569494,295.256128618488,290.01351426947,298.505158077318
14550,13.2672247400429,729249.355972619,884349.280017399,1613598.63599002,294.930558618442,294.170945718271,295.191191753041
14560,13.2763431075619,734432.192833879,879167.768078578,1613599.96091246,293.202523954837,296.098163504088,291.027762152041
14570,13.2854614750808,740912.356476248,872692.456938844,1613604.81341509,291.043007149856,295.25624358461,287.991647020729
14580,13.2945798425997,742058.737667683,871545.380913626,1613604.11858131,290.660457199808,294.819442682055,287.645583163979
14590,13.3036982101187,737581.061419348,876021.348790355,1613602.4102097,292.153192859882,295.430427463144,289.72490879699
14600,13.3128165776376,731198.228983866,882399.055732119,1613597.28471599,294.280158656701,296.658879276726,292.449111444471
14610,13.3219349451565,730175.939391639,883421.078274257,1613597.0176659,294.621003259715,296.054414497831,293.419878264921
14620,13.3310533126754,735112.166069932,878491.067103668,1613603.2331736,292.976844123284,292.3278663725,293.165348587038
14630,13.3401716801944,738267.202825188,875336.475180126,1613603.67800531,291.924787453769,288.462694227337,293.989578948512
14640,13.3492900477133,738282.291892579,875318.865763761,1613601.15765634,291.918914711943,287.74127098055,294.460744770612
14650,13.3584084152322,739081.849368497,874516.4232431,1613598.2726116,291.651300064399,290.447385950663,292.210866723502
14660,13.3675267827512,744100.598032775,869499.30514066,1613599.90317344,289.978090758933,293.081737574067,287.667344473211
14670,13.3766451502701,750208.2288717,863396.549370839,1613604.77824254,287.94282120088,293.832698913598,283.776283708068
14680,13.385763517789,750191.492216967,863414.645132259,1613606.13734923,287.948856138822,294.172096061448,283.560072143623
14690,13.394881885308,741950.638751599,871652.254247588,1613602.89299919,290.696099465595,295.61841941337,287.172306084191
14700,13.4040002528269,731293.206788697,882302.703618475,1613595.91040717,294.248025218768,297.476378316844,291.850583132367
14710,13.4131186203458,728045.199113437,885551.64762702,1613596.84674046,295.331548316498,296.918211225354,294.02766342033
14720,13.4222369878647,731562.503465453,882041.002651617,1613603.50611707,294.160747924501,294.710010040504,293.549439223897
14730,13.4313553553837,733046.638474692,880558.552115595,1613605.19059029,293.666350547139,294.06470048235,293.156061964875
14740,13.4404737229026,729498.193118511,884103.528557776,1613601.72167629,294.848600486169,294.66118581678,294.727836432021
14750,13.4495920904215,726109.049120225,887486.639203696,1613595.68832392,295.97686816865,293.699830738073,297.248245732227
14760,13.4587104579405,730703.426521079,882892.892173957,1613596.31869504,294.444853151228,289.930135948836,297.20929390853
14770,13.4678288254594,742072.617378231,871529.126230968,1613601.7436092,290.655036261787,285.410241411356,293.909353631856
14780,13.4769471929783,751440.297962608,862166.145565448,1613606.44352806,287.532481429197,283.400946095279,290.047227917284
14790,13.4860655604973,751045.471221649,862560.589241066,1613606.06046272,287.664028427903,285.588028371929,288.808308441528
14800,13.4951839280162,741647.117498538,871952.00266725,1613599.12016579,290.796065588544,290.615975106401,290.673795855315
14810,13.5043022955351,733655.042272838,879938.982979674,1613594.02525251,293.459724188652,295.27341089065,292.006049950496
14820,13.513420663054,734577.423445624,879021.304973487,1613598.72841911,293.153678497077,298.122637950815,289.596744129172
14830,13.522539030573,738792.916606379,874811.472336223,1613604.3889426,291.749698961555,300.370786839131,285.759182294037
14840,13.5316573980919,738374.221021748,875229.456907801,1613603.67792955,291.889096851026,302.413954765599,284.629283993935
14850,13.5407757656108,733806.643138766,879793.883666039,1613600.52680481,293.411333555458,303.220192120719,286.62758506732
14860,13.5498941331298,729749.077294945,883850.469413387,1613599.54670833,294.764205240416,301.840728205649,289.800886425894
14870,13.5590125006487,728244.899086892,885355.400771338,1613600.29985823,295.266099973766,299.848615878093,291.96503428757
14880,13.5681308681676,728444.465771914,885155.452181952,1613599.91795387,295.199417102535,299.178244506077,292.300865985922
14890,13.5772492356866,730075.798304181,883522.960904603,1613598.75920878,294.654981125431,299.225867019512,291.362178045105
14900,13.5863676032055,732840.358282167,880760.960009093,1613601.31829126,293.733853596496,298.469160912913,290.332203840887
14910,13.5954859707244,732428.409703663,881174.409641946,1613602.81934561,293.871739083524,297.309608217612,291.334933211563
14920,13.6046043382433,726480.860005254,887119.972855942,1613600.8328612,295.854584911103,296.328814398588,295.291886432019
14930,13.6137227057623,718500.835294693,895096.417778875,1613597.25307357,298.514729957937,295.322528203655,300.394102185827
14940,13.6228410732812,714457.808829815,899138.871532298,1613596.68036211,299.862888621743,293.897644199358,303.58983249615
14950,13.6319594408001,716152.307996928,897447.852185707,1613600.16018264,299.298933528667,292.458223827721,303.60999088469
14960,13.6410778083191,720276.292451442,893323.936690146,1613600.22914159,297.923607367065,292.376998357221,301.373077034155
14970,13.650196175838,726953.987773525,886643.616489317,1613597.60426284,295.695720023117,292.559835815209,297.539896395036
14980,13.6593145433569,738960.458210021,874638.672224868,1613599.13043489,291.692070110011,290.277010195128,292.392366661508
14990,13.6684329108759,753039.267013834,860564.559841188,1613603.82685502,286.998352456624,286.857197987451,286.853290142359
15000,13.6775512783948,762479.507922416,851122.252815839,1613601.76073826,283.849342276418,286.3870323346,281.921007785732
15010,13.6866696459137,768376.400588629,845224.735632283,1613601.13622091,281.882519803996,287.419548842101,277.95626501209
15020,13.6957880134326,770478.680163251,843127.972686321,1613606.65284957,281.1832491867,287.511755016205,276.729925926042
15030,13.7049063809516,762631.942937662,850973.221027905,1613605.16396557,283.799640162716,288.610144564877,280.356137527806
15040,13.7140247484705,747182.53474754,866418.412264647,1613600.94701219,288.950612727913,291.960895689561,286.702965242875
15050,13.7231431159894,731111.687882086,882488.156266948,1613599.84414903,294.309873692496,296.800091979131,292.404469939994
15060,13.7322614835084,718194.95552674,895403.593833953,1613598.54936069,298.617173197917,302.223114098654,295.964364953093
15070,13.7413798510273,711356.367473634,902241.986519499,1613598.35399313,300.897777728697,306.960540143949,296.605187970422
15080,13.7504982185462,711593.938456513,902006.053348979,1613599.99180549,300.819093996658,309.482991925403,294.79247946583
15090,13.7596165860651,716660.450034129,896942.047812162,1613602.49784629,299.130247727918,309.380432719209,292.047515860618
15100,13.7687349535841,723203.938042066,890398.432555656,1613602.37059772,296.947951494299,307.620207516836,289.585657519696
15110,13.777853321103,730612.826931773,882989.662730856,1613602.48966263,294.477126140022,304.44057935713,287.589426390166
15120,13.7869716886219,738131.682328308,875472.377722419,1613604.06005073,291.970110962955,300.170156420501,286.260105565456
15130,13.7960900561409,743099.515968136,870506.468669809,1613605.98463794,290.313979879876,297.038747561533,285.588873108871
15140,13.8052084236598,743058.630155881,870545.409630388,1613604.03978627,290.326966693476,297.332039756577,285.414978845831
15150,13.8143267911787,740540.512312768,873060.376655921,1613600.88896869,291.165708406177,299.329619460149,285.480462946523
15160,13.8234451586977,739366.863823865,874234.57301768,1613601.43684155,291.557302990722,301.145926945968,284.9219226014
15170,13.8325635262166,739141.619251701,874458.743935881,1613600.36318758,291.632064010632,303.075909332305,283.759807076175
15180,13.8416818937355,740500.478607018,873099.515849607,1613599.99445663,291.178761330534,303.450400005824,282.755019912566
15190,13.8508002612544,743260.975154688,870340.485171256,1613601.46032594,290.25862436927,301.412120309442,282.581078222181
15200,13.8599186287734,745320.859162227,868282.255459496,1613603.11462172,289.572204588793,298.731102942458,283.224962182526
15210,13.8690369962923,744450.613271597,869153.611554264,1613604.22482586,289.862801919048,297.716566499261,284.385406530639
15220,13.8781553638112,739888.634133781,873713.692269959,1613602.32640374,291.383589217929,298.364779275305,286.48664285533
15230,13.8872737313302,734431.888792753,879169.202117259,1613601.09091001,293.203002206856,299.289341274325,288.901106993372
15240,13.8963920988491,730189.449694596,883411.751979267,1613601.20167386,294.617892939559,299.563378689419,291.075387528869
15250,13.905510466368,726856.297033539,886746.330514384,1613602.62754792,295.729975159041,298.618119999702,293.558103619301
15260,13.914628833887,723186.371002933,890413.297722705,1613599.66872564,296.952909028749,296.846457313735,296.776416081235
15270,13.9237472014059,723168.513397029,890428.817524634,1613597.33092166,296.958084883987,294.242458240523,298.521037575558
15280,13.9328655689248,729865.76805078,883735.047109795,1613600.81516058,294.725711892545,292.090817846287,296.236703163472
15290,13.9419839364437,738790.24333008,874813.509381297,1613603.75271138,291.750378316257,292.481466378075,291.019860959783
15300,13.9511023039627,745005.091587526,868598.744927627,1613603.83651515,289.677753852802,294.740839285794,286.060965435929
15310,13.9602206714816,747007.384228578,866596.740688886,1613604.12491746,289.010085272265,296.77015978016,283.595860529275
15320,13.9693390390005,744469.976475617,869132.123485433,1613602.09996105,289.855635646301,297.890133154996,284.257757610799
15330,13.9784574065195,739902.365922126,873699.158010663,1613601.52393279,291.378742041242,299.224992826596,285.90509256597
15340,13.9875757740384,735353.348013639,878246.201282784,1613599.54929642,292.895181351604,301.996487711033,286.583564460858
15350,13.9966941415573,734246.152003356,879351.86524246,1613598.01724582,293.263920374341,304.345774784674,285.631630833806
15360,14.0058125090763,738473.445399355,875129.140134658,1613602.58553401,291.855641198819,305.074368540174,282.799943270249
15370,14.0149308765952,741910.639118749,871696.280512193,1613606.91963094,290.710782228512,305.722327618215,280.460826316852
15380,14.0240492441141,738794.95671976,874809.666580851,1613604.62330061,291.749096741988,306.879224586982,281.419220598041
15390,14.033167611633,731656.375835508,881945.296160567,1613601.67199608,294.128829801757,306.173792323263,285.853747429249
15400,14.042285979152,725038.928433623,888561.618618185,1613600.54705181,296.335373893008,302.747152413224,291.81390873462
15410,14.0514043466709,720979.203806003,892622.088898929,1613601.29270493,297.689541070178,299.606779656938,296.16330739478
15420,14.0605227141898,719180.540022412,894420.133766606,1613600.67378902,298.28918918346,298.52226612942,297.885230228501
15430,14.0696410817088,720039.607287947,893560.906613796,1613600.51390174,298.00263685636,297.700223306558,297.955910358848
15440,14.0787594492277,723068.960333025,890531.97220938,1613600.93254241,296.99248697995,296.510487126473,297.066326476452
15450,14.0878778167466,725946.993054138,887657.15188762,1613604.14494176,296.033734162955,296.840770825252,295.249014942955
15460,14.0969961842656,724724.812440394,888876.303058781,1613601.11549917,296.440321180184,300.628240580692,293.401341312196
15470,14.1061145517845,723362.719130776,890234.249364146,1613596.96849492,296.893196386242,303.695794199511,292.110720180407
15480,14.1152329193034,727490.563465851,886109.269718448,1613599.8331843,295.517515330481,301.852025843192,291.048243725898
15490,14.1243512868223,734269.779965492,879331.848458838,1613601.62842433,293.257244775334,297.697653314465,290.052591378599
15500,14.1334696543413,741615.736348167,871982.662788893,1613598.39913706,290.806290741669,293.819556594288,288.555108264304
15510,14.1425880218602,752439.51244115,861161.777015419,1613601.28945657,287.197524434023,288.207763812877,286.284700244426
15520,14.1517063893791,761858.149321078,851750.461259563,1613608.61058064,284.058849844777,282.143930412633,285.098747091337
15530,14.1608247568981,760490.070110896,853116.080476195,1613606.15058709,284.514283967382,280.478844965034,286.967481398975
15540,14.169943124417,750963.33411113,862639.108049647,1613602.44216078,287.690214457111,283.473298592681,290.261749854682
15550,14.1790614919359,739699.620417147,873901.807968399,1613601.42838555,291.446325819042,289.343385433865,292.605414137646
15560,14.1881798594549,729521.964803961,884080.104955186,1613602.06975915,294.840788712752,295.626400625812,294.071346780118
15570,14.1972982269738,720844.466585723,892756.469564108,1613600.93614983,297.734357033219,299.977275364998,295.990966181173
15580,14.2064165944927,716252.327212332,897344.862468816,1613597.18968115,299.264586449497,301.837986783928,297.299599071168
15590,14.2155349620116,720212.867670549,893386.220241098,1613599.08791165,297.944378936501,302.049729699861,294.959191445148
15600,14.2246533295306,730320.04939447,883281.29333938,1613601.34273385,294.57438497228,302.592990677424,288.983169181373
15610,14.2337716970495,742069.36237508,871535.40456109,1613604.76693617,290.657130085406,302.999369490227,282.18675620712
15620,14.2428900645684,749315.317238744,864293.910657186,1613609.22789593,288.242091264694,301.916798854965,278.885417795127
15630,14.2520084320874,746191.657667747,867414.58323862,1613606.24090637,289.282835830789,299.699145532841,282.097560332894
15640,14.2611267996063,736809.677709086,876791.058631473,1613600.73634056,292.409891156069,297.045234348727,289.075987451667
15650,14.2702451671252,729559.21830835,884040.122259178,1613599.34056753,294.827454480299,295.129765276049,294.380224404399
15660,14.2793635346442,727024.915872073,886577.704501766,1613602.62037384,295.673738369774,294.658335326327,296.104278950097
15670,14.2884819021631,725513.551899002,888088.706058949,1613602.25795795,296.177657515074,296.773371174588,295.533700360802
15680,14.297600269682,725069.270742325,888529.804841736,1613599.07558406,296.32476399591,300.653625229194,293.191919203724
15690,14.3067186372009,728652.759199997,884948.387407118,1613601.14660712,295.130360982864,303.051803699796,289.60345720409
15700,14.3158370047199,732656.826072887,880947.814678574,1613604.64075146,293.796169644347,302.654739968282,287.645625953687
15710,14.3249553722388,732119.166580345,881483.654497677,1613602.82107802,293.974872268693,301.404864164471,288.776565277952
15720,14.3340737397577,729212.221313822,884387.728309414,1613599.94962324,294.943381127035,301.282183774257,290.471726544615
15730,14.3431921072767,728423.572286317,885175.912553655,1613599.48483997,295.206240638204,301.126047123811,291.013697780601
15740,14.3523104747956,730921.170783968,882680.248322307,1613601.41910628,294.373936408973,299.176378945582,290.92699643756
15750,14.3614288423145,734140.149028353,879464.08015692,1613604.22918527,293.301344057669,296.489264452734,290.931646007577
15760,14.3705472098335,734127.006331023,879478.777122242,1613605.78345327,293.306245496829,294.704273499716,292.12980495699
15770,14.3796655773524,729021.765352186,884581.790297408,1613603.55564959,295.008100816211,293.492764076458,295.772485225366
15780,14.3887839448713,722568.699154506,891030.211915858,1613598.91107036,297.158649963601,292.472825381349,300.034900810132
15790,14.3979023123902,721806.236257929,891790.851551728,1613597.08780966,297.412323345582,291.596355955555,301.041791336146
15800,14.4070206799092,729301.045360467,884299.886635876,1613600.93199634,294.914085921586,289.698034284454,298.145691941405
15810,14.4161390474281,739284.512062801,874321.239315584,1613605.75137839,291.586206208299,286.83120798574,294.513216518164
15820,14.425257414947,744323.400216976,869282.304542147,1613605.70475912,289.905721041236,284.819126865367,293.05519572428
15830,14.434375782466,744035.885784263,869565.420503688,1613601.30628795,290.000140238015,284.540296727387,293.398369128235
15840,14.4434941499849,744268.759837285,869330.478121095,1613599.23795838,289.921786933832,285.729656872321,292.474938819061
15850,14.4526125175038,748386.714036372,865213.012344859,1613599.72638123,288.548611754163,287.836314410212,288.783019473669
15860,14.4617308850228,755205.202873999,858398.65158608,1613603.85446008,286.276021872963,289.094330316879,284.158586225458
15870,14.4708492525417,758338.962783965,855269.734745583,1613608.69752955,285.232527845784,288.548434234832,282.784229813213
15880,14.4799676200606,751625.443682675,861980.67682488,1613606.12050756,287.470627588754,287.284919712712,287.354873983126
15890,14.4890859875795,738694.77494966,874906.89013677,1613601.66508643,291.781520805993,286.879666192342,294.806272614422
15900,14.4982043550985,727246.986988207,886351.067014741,1613598.05400295,295.598154748955,288.106345393979,300.346362523315
15910,14.5073227226174,723600.300638542,889996.546373861,1613596.8470124,296.813922419163,290.131332768266,301.021637251079
15920,14.5164410901363,729216.098679454,884384.264546801,1613600.36322626,294.942225961915,292.080652786314,296.604156224014
15930,14.5255594576553,738758.759476702,874845.057897659,1613603.81737436,291.760899749094,293.266927102917,290.513747430088
15940,14.5346778251742,746115.803134966,867489.316738917,1613605.11987388,289.307759459369,292.93679447419,286.647312983271
15950,14.5437961926931,748840.171476117,864762.671212407,1613602.84268852,288.398422948944,290.777884618075,286.571783150397
15960,14.5529145602121,748915.374975808,864688.645338425,1613604.02031423,288.373735313799,286.298162801855,289.517138875667
15970,14.562032927731,745048.917105925,868556.736907176,1613605.6540131,289.663744174479,281.52515864638,294.848081406399
15980,14.5711512952499,735225.436703072,878378.161370872,1613603.59807394,292.939190051983,280.406792069983,301.050006048274
15990,14.5802696627688,722915.455655674,890683.321519302,1613598.77717498,297.042961987428,283.843469144391,305.595088081129
16000,14.5893880302878,715297.311155272,898299.274621302,1613596.58577657,299.582882981925,288.414336951748,306.778927932892
16010,14.5985063978067,715781.568965681,897816.679723691,1613598.24868937,299.421937543335,291.307160738581,304.582270465218
16020,14.6076247653256,721454.283564749,892147.663990612,1613601.94755536,297.531320323699,291.795413885201,301.107315182428
16030,14.6167431328446,725993.465729534,887611.495856447,1613604.96158598,296.018507872752,290.577040020443,299.39947101773
16040,14.6258615003635,725346.581924708,888253.80954591,1613600.39147062,296.232719541741,289.154701914261,300.704537360443
16050,14.6349798678824,725613.705148406,887981.391016881,1613595.09616529,296.141867939597,286.778037853188,302.137636440586
16060,14.6440982354014,733938.356172628,879659.939804409,1613598.29597704,293.366663266436,282.71864914216,300.220867129898
16070,14.6532166029203,746381.561094343,867222.19457569,1613603.75567003,289.218674195661,279.058386823877,295.751183548354
16080,14.6623349704392,755095.41878686,858510.766284072,1613606.18507093,286.313412134091,277.598032015154,291.885071036604
16090,14.6714533379581,756481.94056377,857123.30677346,1613605.24733723,285.850694271623,277.67113001895,291.065528194845
16100,14.6805717054771,752101.333850148,861502.149028842,1613603.48287899,287.311038528878,277.555295448373,293.575441383776
16110,14.689690072996,745204.188925959,868398.083361587,1613602.27228755,289.610833203798,277.001868520189,297.775467298533
16120,14.6988084405149,738758.257063374,874842.300027574,1613600.55709095,291.759979999191,278.004024097824,300.687483950103
16130,14.7079268080339,735809.649175214,877790.057236841,1613599.70641206,292.743057274251,280.694281133366,300.531622153779
16140,14.7170451755528,737324.020171356,876277.555967964,1613601.57613932,292.238637974975,281.929386684621,298.867939970232
16150,14.7261635430717,739457.351288339,874149.239847865,1613606.5911362,291.528844371474,280.942569633378,298.343420159896
16160,14.7352819105907,735320.566886536,878284.820618862,1613605.3875054,292.908060903406,282.116686326489,299.858220570597
16170,14.7444002781096,726221.659062514,887377.940317577,1613599.59938009,295.940617081066,287.63595972023,301.230438140722
16180,14.7535186456285,720579.048725216,893015.966962947,1613595.01568816,297.820899437368,294.137497869205,300.028316399945
16190,14.7626370131474,724059.827120432,889540.116446395,1613599.94356683,296.661703000299,297.906478939026,295.584634288646
16200,14.7717553806664,730435.995397892,883168.749404277,1613604.74480217,294.536851560539,298.798736219716,291.450147744787
16210,14.7808737481853,732756.644119594,880846.48446838,1613603.12858797,293.762376010799,298.173289173078,290.576965255937
16220,14.7899921157042,732352.99498747,881247.791323593,1613600.78631106,293.896211880471,296.876333942982,291.664550328897
16230,14.7991104832232,732576.104791637,881023.778681374,1613599.88347301,293.821503645614,295.199890658266,292.657727717475
16240,14.8082288507421,734970.247017971,878630.623562287,1613600.87058026,293.023386213869,293.560053399333,292.421421935048
16250,14.817347218261,737836.41779095,875767.429617276,1613603.84740823,292.068510794489,293.466175019867,290.893344218575
16260,14.8264655857799,737619.890978174,875982.522272185,1613602.41325036,292.140244212835,295.255682980552,289.819834830846
16270,14.8355839532989,735632.297963607,877968.638628773,1613600.93659238,292.802614183349,296.074376321736,290.377437245938
16280,14.8447023208178,733969.481004064,879631.554616472,1613601.03562054,293.357196803893,294.563281192316,292.308676214274
16290,14.8538206883367,732581.471257153,881019.75501605,1613601.2262732,293.820161752893,292.594315794322,294.392542257146
16300,14.8629390558557,731701.011118761,881897.90419981,1613598.91531857,294.113024578893,291.942278957532,295.315094139317
16310,14.8720574233746,734165.47155147,879434.044348268,1613599.51589974,293.291327112979,291.825330042654,294.024249053936
16320,14.8811757908935,739265.90146451,874337.675109733,1613603.57657424,291.591687547018,291.031152540461,291.722384478433
16330,14.8902941584125,742000.945646526,871604.674343292,1613605.61998982,290.680231563546,290.057147408064,290.853387474231
16340,14.8994125259314,739857.509030427,873747.893013712,1613605.40204414,291.394995168822,290.290095530316,291.888765765185
16350,14.9085308934503,733802.31636159,879801.675837285,1613603.99219888,293.413932245218,292.559371747201,293.739127633691
16360,14.9176492609692,727079.905503821,886520.288959865,1613600.19446369,295.654590281762,296.820045926482,294.631241026715
16370,14.9267676284882,725189.94449494,888409.997945291,1613599.94244023,296.284808385957,301.207389788646,292.756183443843
16380,14.9358859960071,728251.59500198,885354.107887818,1613605.7028898,295.265668797004,304.217086586741,289.052002213183
16390,14.945004363526,729142.815705823,884462.354107725,1613605.16981355,294.968268836993,306.639384393688,286.941718241834
16400,14.954122731045,728102.715635768,885496.457006607,1613599.17264237,295.313142239989,307.256252593934,287.10497438549
16410,14.9632410985639,731826.49928417,881773.503675102,1613600.00295927,294.071536993531,303.820541393008,287.327141113052
16420,14.9723594660828,739083.001056552,874520.571829969,1613603.57288652,291.652683618465,297.795485955917,287.31443815715
16430,14.9814778336018,744843.937682826,868758.900970405,1613602.83865323,289.731165906422,292.21367604231,287.834716510908
16440,14.9905962011207,749150.403400402,864450.329090398,1613600.7324908,288.294256825212,287.984634851394,288.260426260403
16450,14.9997145686396,753909.270935514,859691.972223744,1613601.24315926,286.707344413455,284.904562989982,287.67027590876
16460,15.0088329361585,757370.933663768,856232.247146718,1613603.18081049,285.553525811812,283.292249717587,286.823081936452
16470,15.0179513036775,756054.711638838,857549.475878556,1613604.18751739,285.992821703704,284.931849093745,286.461809425589
16480,15.0270696711964,748265.374684701,865338.247964309,1613603.62264901,288.590377843691,291.757102527645,286.238736072852
16490,15.0361880387153,736078.844862479,877519.661169868,1613598.50603235,292.652880163371,300.797795961787,286.979058897626
16500,15.0453064062343,727438.303572674,886156.997147119,1613595.30071979,295.533432431922,305.253426602051,288.807158458142
16510,15.0544247737532,727295.379318923,886303.287974244,1613598.66729317,295.582220434965,302.887501685242,290.465714417753
16520,15.0635431412721,731394.387191964,882208.839966648,1613603.22715861,294.216721683057,297.566979116987,291.738036125703
16530,15.0726615087911,733572.117242161,880030.656269835,1613602.773512,293.490297238564,293.531931192847,293.217966021343
16540,15.08177987631,733763.964571842,879837.447333061,1613601.4119049,293.425862042041,290.985846579794,294.808017465173
16550,15.0908982438289,733583.836268485,880018.67899379,1613602.51526228,293.486302816005,289.202231672238,296.09777832617
16560,15.1000166113478,731672.357735396,881931.460848814,1613603.81858421,294.124215724133,288.726375603245,297.477672291623
16570,15.1091349788668,726651.044931663,886950.598900448,1613601.64383211,295.798098682824,290.555417250235,299.046721222314
16580,15.1182533463857,721206.350894762,892393.733716607,1613600.08461137,297.613384597835,294.365590791297,299.530569315027
16590,15.1273717139046,717476.389295156,896123.001602886,1613599.39089804,298.857095748836,298.165377495968,299.069193670958
16600,15.1364900814236,717065.772933717,896530.264769072,1613596.03770279,298.992918048715,300.328719189786,297.853223189628
16610,15.1456084489425,723176.423914131,890422.458863956,1613598.88277809,296.95596427012,299.704140903125,294.876383211225
16620,15.1547268164614,732023.972177528,881578.013046447,1613601.98522398,294.006340852575,297.11481483688,291.689019578995
16630,15.1638451839804,738838.078230671,874763.591821506,1613601.67005218,291.733730805905,294.01803792062,289.967747953755
16640,15.1729635514993,743415.520595708,870186.382265905,1613601.90286161,290.207231037487,291.03743788886,289.41192044404
16650,15.1820819190182,745209.155472118,868394.611146845,1613603.76661896,289.609675219892,289.81943615848,289.22849319815
16660,15.1912002865371,742616.985860205,870982.682906332,1613599.66876654,290.472797367461,291.877425519922,289.294317934681
16670,15.2003186540561,740420.418070005,873176.259720209,1613596.67779021,291.204355417779,294.133371663561,289.009007624409
16680,15.209437021575,742135.920354409,871463.044353069,1613598.96470748,290.632997949998,293.063038175096,288.770776968308
16690,15.2185553890939,744147.98039817,869454.389260299,1613602.36965847,289.963111309088,289.898424661175,289.764599814938
16700,15.2276737566129,741747.750878809,871852.930946713,1613600.68182552,290.763025161485,288.762106874235,291.854668165351
16710,15.2367921241318,737012.011421331,876585.826835831,1613597.83825716,292.341446335111,289.673634029934,293.87636999995
16720,15.2459104916507,733991.331951311,879608.884547827,1613600.21649914,293.349636334109,290.265180297058,295.161482328532
16730,15.2550288591697,730825.592348814,882776.770264972,1613602.36261379,294.4061264849,291.82164434814,295.883776137336
16740,15.2641472266886,725450.255082214,888151.162600364,1613601.41768258,296.198486776843,295.53475008256,296.39414583405
16750,15.2732655942075,719193.585895722,894407.399858362,1613600.98575408,298.284942423999,299.966334395724,296.915443657497
16760,15.2823839617264,713149.155947231,900450.623194653,1613599.77914188,300.300357910506,304.337695253581,297.358549383532
16770,15.2915023292454,708959.300775668,904640.142874761,1613599.44365043,301.697563073124,307.169071574844,297.798476102749
16780,15.3006206967643,707092.784450321,906507.90840185,1613600.69285217,302.320463032133,306.680568510616,299.161792327285
16790,15.3097390642832,706948.89998629,906649.492577794,1613598.39256408,302.367681366615,303.002069704074,301.692782740502
16800,15.3188574318022,711232.348729979,902366.918276701,1613599.26700668,300.93944248014,297.422807597933,303.033082866211
16810,15.3279757993211,719013.05917102,894588.49503654,1613601.55420756,298.345337681021,291.861165530379,302.419498000048
16820,15.33709416684,727545.715775211,886052.636029423,1613598.35180463,295.498627990469,286.919897851552,300.971532559756
16830,15.346212534359,740197.752139592,873398.693290746,1613596.44543034,291.278537032098,281.36943257789,297.641874554044
16840,15.3553309018779,757904.027877886,855699.298695652,1613603.32657354,285.375787458947,275.737383915014,291.563576665352
16850,15.3644492693968,770250.446799112,843359.838795795,1613610.28559491,281.260576553542,273.230674878868,286.379460522862
16860,15.3735676369157,766649.378134088,846959.740651995,1613609.11878608,282.461144122726,275.378909318745,286.94724970528
16870,15.3826860044347,748357.940812835,865244.784897417,1613602.72571025,288.559207903091,280.563955276675,293.648910314115
16880,15.3918043719536,725981.962857818,887613.564115106,1613595.52697292,296.019197637187,285.90953524887,302.512289898035
16890,15.4009227394725,711849.011398016,901743.179220509,1613592.19061852,300.731425452896,289.269602886856,308.122030975713
16900,15.4100411069915,711997.23438592,901598.141438741,1613595.37582466,300.683055340584,290.07453918045,307.504830234558
16910,15.4191594745104,722360.473887505,891240.008085672,1613600.48197318,297.228617003726,289.032816309369,302.444793619128
16920,15.4282778420293,735142.692674988,878460.307312411,1613602.9999874,292.966585730336,286.743107625962,296.87143231181
16930,15.4373962095483,745624.180412936,867979.32306715,1613603.50348009,289.471176610689,283.431529424297,293.256382087775
16940,15.4465145770672,752266.737232571,861337.270877001,1613604.00810957,287.256051651493,278.959284415101,292.547849766045
16950,15.4556329445861,754549.924572598,859053.841202881,1613603.76577548,286.494527664793,274.351410890189,294.351193408141
16960,15.464751312105,753539.595841402,860062.231556617,1613601.82739802,286.830825931838,272.28097488284,296.291700942894
16970,15.473869679624,752074.491654656,861527.73402114,1613602.2256758,287.319571125943,272.887446266566,296.701554722922
16980,15.4829880471429,749805.243421874,863799.600350832,1613604.84377271,288.077238736312,275.133059742801,296.466627033039
16990,15.4921064146618,743166.887498753,870437.617837633,1613604.50533639,290.291018121605,279.428288083564,297.290928965198
17000,15.5012247821808,732895.934808861,880703.755038854,1613599.68984771,293.714775734152,285.826174847157,298.729080679038
17010,15.5103431496997,725116.365435409,888482.284350489,1613598.6497859,296.308915908117,293.159718928005,298.161456464935
17020,15.5194615172186,722775.82334607,890820.340645001,1613596.16399107,297.088657877272,299.413074324415,295.291473030946
17030,15.5285798847376,728355.597581351,885243.084216476,1613598.68179783,295.228642393355,300.749645338877,291.301949894346
17040,15.5376982522565,737173.160787409,876433.209008834,1613606.36979624,292.290548277083,298.048117324342,288.208593455346
17050,15.5468166197754,738714.12394239,874892.691780973,1613606.81572336,291.776785653151,296.674194371234,288.268699186384
17060,15.5559349872943,731775.986276067,881826.35376636,1613602.34004243,294.089162503372,298.392903211493,290.974927729204
17070,15.5650533548133,723338.082992759,890259.946681876,1613598.02967463,296.901766443847,301.161690525378,293.814398917457
17080,15.5741717223322,720389.251128283,893208.438696441,1613597.68982472,297.885088776535,302.173581129942,294.777856300283
17090,15.5832900898511,723962.764439079,889638.579812436,1613601.34425151,296.694540541082,300.600283095601,293.843466720954
17100,15.5924084573701,728981.28818387,884623.151659478,1613604.43984335,295.021894833909,299.014409442729,292.114366849
17110,15.601526824889,730698.665984298,882905.052847293,1613603.71883159,294.448908736799,299.971950662058,290.521506696012
17120,15.6106451924079,729877.110653138,883724.110605909,1613601.22125905,294.722064567587,301.804650697303,289.754738760636
17130,15.6197635599269,730119.927999464,883482.103113197,1613602.03111266,294.64135504859,301.535780151261,289.799537184269
17140,15.6288819274458,731164.121422919,882439.517623453,1613603.63904637,294.293652700835,298.789914899371,291.050899857894
17150,15.6380002949647,731403.381600188,882197.830615371,1613601.21221556,294.213050063489,295.054539907341,293.406879292534
17160,15.6471186624836,733631.007466557,879967.936214793,1613598.94368135,293.469380094979,291.270983745173,294.69041984477
17170,15.6562370300026,740280.429139931,873320.899781915,1613601.32892185,291.252592890417,287.331858445939,293.623705359326
17180,15.6653553975215,748092.260386839,865511.406978128,1613603.66736497,288.648126389237,284.8109725776,290.965688825004
17190,15.6744737650404,753230.902639729,860373.557287755,1613604.45992748,286.93465308913,285.514079955575,287.642589633926
17200,15.6835921325594,753727.689154114,859877.804922498,1613605.49407661,286.769319633983,289.399955049785,284.776588257087
17210,15.6927105000783,748735.664698891,864866.783048527,1613602.44774742,288.43314425497,294.392485836349,284.219888913838
17220,15.7018288675972,742460.515319293,871139.77471944,1613600.29003873,290.52518750023,296.801156023585,286.099104161744
17230,15.7109472351162,738001.840816869,875601.307453107,1613603.14826998,292.013109038888,295.17691346,289.66056183395
17240,15.7200656026351,732674.294721408,880928.800688343,1613603.09540975,293.78982847702,291.800814376683,294.87101302018
17250,15.729183970154,727140.320304202,886459.177248037,1613599.49755224,295.634209520773,288.964799922481,299.834120745034
17260,15.7383023376729,726111.8949501,887488.138078196,1613600.0330283,295.97736804342,286.637141333666,301.95753804322
17270,15.7474207051919,729108.236281125,884494.065313954,1613602.30159508,294.978844526915,285.08588288802,301.328336582403
17280,15.7565390727108,732931.107357593,880669.695282993,1613600.80264059,293.703416802733,285.15071505399,299.160465121225
17290,15.7656574402297,737774.04534,875827.402278255,1613601.44761826,292.088511681926,286.391770788429,295.64293185119
17300,15.7747758077487,741279.076977534,872325.251406175,1613604.32838371,290.920544074095,289.635270056723,291.534959632282
17310,15.7838941752676,738778.913925922,874824.284959416,1613603.19888534,291.753971972458,295.524282443378,288.997303348535
17320,15.7930125427865,731667.862405645,881930.67510831,1613598.53751396,294.12395367961,300.467580224705,289.64976602148
17330,15.8021309103055,726303.968131724,887294.870436908,1613598.83856863,295.912913268937,300.71588050013,292.464341020418
17340,15.8112492778244,723611.398596757,889989.926168131,1613601.32476489,296.81171458,297.517088594312,296.094122141644
17350,15.8203676453433,721839.51171813,891758.804190899,1613598.31590903,297.401635548074,293.59739731064,299.689959676741
17360,15.8294860128622,724778.056611751,888820.626459331,1613598.68307108,296.421753029625,287.857651883273,301.884135666334
17370,15.8386043803812,732658.638025421,880943.694272449,1613602.33229787,293.794795488561,281.186487171862,301.955505370119
17380,15.8477227479001,741183.513947627,872420.371889759,1613603.88583739,290.952266763301,277.185546853131,299.887619814445
17390,15.856841115419,748294.414765889,865309.461897766,1613603.87666366,288.580777688099,277.509074921138,295.721428884666
17400,15.865959482938,754367.772103567,859234.708234759,1613602.48033833,286.554846835004,281.226775484456,289.868098696339
17410,15.8750778504569,760793.319401618,852809.931857932,1613603.25125955,284.412183377666,285.032942977604,283.761333491559
17420,15.8841962179758,765930.299288159,847674.876884126,1613605.17617228,282.699642115767,286.939379115679,279.637567747394
17430,15.8933145854947,766086.0834491,847520.595089023,1613606.67853812,282.648189124236,288.430286714715,278.557917239648
17440,15.9024329530137,758983.97680667,854621.186149419,1613605.16295609,285.01623683489,291.967552931438,280.144512573162
17450,15.9115513205326,746591.209878146,867012.331742899,1613603.54162105,289.148684923428,296.601754415737,283.939014691121
17460,15.9206696880515,732607.771085797,880991.788203813,1613599.55928961,293.81083481868,299.921124683529,289.492465879765
17470,15.9297880555705,723491.27330181,890105.113219904,1613596.38652171,296.85012947137,300.494766595582,294.17299628067
17480,15.9389064230894,723893.970429841,889704.445699816,1613598.41612966,296.716506820015,298.244395474367,295.450650628097
17490,15.9480247906083,730846.429695137,882756.669730266,1613603.0994254,294.399422954899,294.872789586847,293.838512347804
17500,15.9571431581273,737083.906888341,876521.468374401,1613605.37526274,292.319982782858,293.041750437034,291.59520436109
17510,15.9662615256462,738225.973054669,875378.292829375,1613604.26588404,291.93873364328,293.437595234967,290.69621030412
17520,15.9753798931651,734615.799161046,878987.137568364,1613602.93672941,293.14228366462,294.861910428264,291.751580585805
17530,15.984498260684,728601.529324955,884997.7420991,1613599.27142405,295.146820776755,296.833890614431,293.776151867657
17540,15.993616628203,725056.804362833,888542.406714647,1613599.21107748,296.328966721576,298.421496044131,294.687006367606
17550,16.0027349957219,723977.075991584,889625.332773457,1613602.40876504,296.690122652479,299.756862571615,294.398387604177
17560,16.0118533632408,722038.119622161,891560.693030922,1613598.81265308,297.335565459704,302.615487473932,293.567837812335
17570,16.0209717307598,722319.663933419,891281.360885973,1613601.02481939,297.242408166074,305.082347977899,291.768079618052
17580,16.0300900982787,722391.979196055,891211.721993857,1613603.70118991,297.219183589747,305.50705831171,291.446251122114
17590,16.0392084657976,719304.126739263,894295.615621745,1613599.74236101,298.247662371768,304.902251461332,293.562729926748
17600,16.0483268333166,717603.439938485,895995.320692333,1613598.76063082,298.814514154522,304.006795830839,295.103980941847
17610,16.0574452008355,718904.145536276,894697.248851141,1613601.39438742,298.381607087257,303.610477319368,294.647042259946
17620,16.0665635683544,720241.983682006,893359.477436333,1613601.46111834,297.935460208882,303.736059540965,293.820114437319
17630,16.0756819358733,721625.202650177,891973.218831457,1613598.42148163,297.473142848577,303.33829655183,293.315146094034
17640,16.0848003033923,726420.21393004,887177.53366281,1613597.74759285,295.873781444992,300.819577580536,292.330022536759
17650,16.0939186709112,734119.46730313,879482.148082341,1613601.61538547,293.307369712303,295.503452112112,291.598891971004
17660,16.1030370384301,738835.680711117,874767.905273588,1613603.58598471,291.735169342534,289.401665211082,293.047726122384
17670,16.1121554059491,737502.911348046,876099.388623256,1613602.2999713,292.179219150661,285.055303128787,296.68501381595
17680,16.121273773468,732913.820082958,880685.049939046,1613598.870022,293.708537581806,283.279976386159,300.416154597587
17690,16.1303921409869,730513.136941379,883084.503311691,1613597.64025307,294.508755481638,282.815802738718,302.058633347349
17700,16.1395105085059,732865.170828386,880732.209032724,1613597.37986111,293.72426514348,282.17412599474,301.179587688352
17710,16.1486288760248,739822.834043821,873778.037767658,1613600.87181148,291.405048446776,280.013463289563,298.756601011213
17720,16.1577472435437,745891.658722105,867714.543097313,1613606.20181942,289.382872468672,277.712798652364,296.92176928582
17730,16.1668656110626,744688.986878777,868913.848761862,1613602.83564064,289.782841007791,278.20510037715,297.259849060711
17740,16.1759839785816,740489.138052779,873109.866624574,1613599.00467735,291.182213314849,280.22161867563,298.246624563232
17750,16.1851023461005,738777.284049035,874824.052177996,1613601.33622703,291.753894339835,281.581734199177,298.292206188323
17760,16.1942207136194,737330.160314611,876272.902977706,1613603.06329232,292.237086202337,283.929149290794,297.532179904864
17770,16.2033390811384,734210.757486363,879389.484040378,1613600.24152674,293.276466246583,288.860858701281,295.975807554912
17780,16.2124574486573,732423.228661547,881176.84626956,1613600.07493111,293.872551699036,294.409801849582,293.269491138924
17790,16.2215758161762,732574.6083933,881024.878417006,1613599.48681031,293.821870407539,298.418373804551,290.512683250859
17800,16.2306941836952,735738.919847446,877857.476473733,1613596.39632118,292.765541595375,298.436555266849,288.74089452973
17810,16.2398125512141,744738.24528751,868861.677011815,1613599.92229932,289.765441724801,292.778955932153,287.514961051795
17820,16.248930918733,753328.066313981,860279.82831938,1613607.89463336,286.903394470362,285.900971920856,287.332590007974
17830,16.2580492862519,750276.796514082,863331.088224035,1613607.88473812,287.920989902963,284.736969689929,289.803735886733
17840,16.2671676537709,734891.533286854,878711.066997864,1613602.60028472,293.050214106341,290.461682440929,294.531693371528
17850,16.2762860212898,716243.829769287,897352.400864823,1613596.23063411,299.267100505194,299.10886811152,299.123199517221
17860,16.2854043888087,705051.478977084,908543.125015986,1613594.60399307,302.999207942633,305.689663481437,300.953071576813
17870,16.2945227563277,705709.75740316,907884.939532632,1613594.69693579,302.779703029059,306.88492518067,299.790571842128
17880,16.3036411238466,718096.706287113,895500.826289963,1613597.53257708,298.649600230103,302.233050255228,296.011758879828
17890,16.3127594913655,736777.440949208,876827.552041674,1613604.99299088,292.422061711414,294.662921261054,290.68447029356
17900,16.3218778588845,750755.816395764,862852.396692327,1613608.21308809,287.761346237228,288.984172914408,286.706327330576
17910,16.3309962264034,754882.157240594,858723.700958993,1613605.85819959,286.384425865931,288.07089331286,285.021460546421
17920,16.3401145939223,752004.531816513,861600.088441297,1613604.62025781,287.343701331098,291.807543785516,284.128353277044
17930,16.3492329614412,745187.168606589,868415.229560798,1613602.39816739,289.616551462664,298.288315776321,283.59402812734
17940,16.3583513289602,738350.712696622,875249.937266777,1613600.6499634,291.895927052452,304.285298979887,283.393099161619
17950,16.3674696964791,734655.884889924,878943.783879546,1613599.66876947,293.127825205785,306.560745873261,283.928271573128
17960,16.376588063998,735806.448428513,877792.531193033,1613598.97962155,292.743882338847,304.042342367865,284.967622417551
17970,16.385706431517,741550.327553991,872052.858926542,1613603.18648053,290.829701159427,298.940975004073,285.179827178697
17980,16.3948247990359,744872.08843706,868737.185987343,1613609.2744244,289.72392395776,295.455399665085,285.661503549577
17990,16.4039431665548,736997.294176999,876611.323064768,1613608.61724177,292.349949329587,296.411463328354,289.398648372635
18000,16.4130615340738,719618.079993474,893980.457586545,1613598.53758002,298.142557140752,299.814863828046,296.77923388494
18010,16.4221799015927,707737.410370781,905852.734476383,1613590.14484716,302.101962473364,301.132819640653,302.496306059777
18020,16.4312982691116,713344.265727679,900250.059991186,1613594.32571887,300.233470065428,298.453659422635,301.169815935569
18030,16.4404166366305,731328.118855629,882271.838787856,1613599.95764348,294.237731795183,294.561850439677,293.776454589025
18040,16.4495350041495,752040.159024504,861564.272876765,1613604.43190127,287.33175683734,290.824305418816,284.763947985658
18050,16.4586533716684,766914.757920136,846695.264977781,1613610.02289792,282.372941463325,286.901782357995,279.118403415659
18060,16.4677717391873,767744.591551814,845864.506664087,1613609.0982159,282.095883496444,284.047661396956,280.559618326522
18070,16.4768901067063,755713.154820339,857890.008759364,1613603.1635797,286.106389447845,283.660773105803,287.498378351334
18080,16.4860084742252,739605.475031785,873993.694969192,1613599.17000098,291.476970141468,285.943400697997,294.923118961998
18090,16.4951268417441,726722.581497814,886874.395338802,1613596.97683662,295.772684788662,289.437526947896,299.749646111847
18100,16.5042452092631,721002.084777636,892595.051861584,1613597.13663922,297.680524215969,291.718968926436,301.406827305478
18110,16.513363576782,722695.069803126,890903.31433051,1613598.38413364,297.116329608308,291.743004705846,300.450949268608
18120,16.5224819443009,729681.839582856,883918.32832705,1613600.16790991,294.78683619378,289.749059505258,297.899698289302
18130,16.5316003118198,738712.50864784,874890.155424706,1613602.66407255,291.775939778124,286.10511012097,295.313346266412
18140,16.5407186793388,745197.446954623,868409.175396312,1613606.62235094,289.614532398303,282.406071373026,294.178827638157
18150,16.5498370468577,743640.616453741,869965.94366623,1613606.56011997,290.133714746116,282.242454414311,295.152776871699
18160,16.5589554143766,734253.06146271,879348.949631801,1613602.01109451,293.262948017943,286.301694688264,297.659397781046
18170,16.5680737818956,724044.879638047,889551.833860492,1613596.71349854,296.665610758877,291.481702320191,299.874328375702
18180,16.5771921494145,720533.290075257,893063.801698638,1613597.0917739,297.836852325709,295.529846717355,299.126658687674
18190,16.5863105169334,723345.912753024,890255.864060899,1613601.77681392,296.900404889411,298.838556176974,295.360887026961
18200,16.5954288844524,726516.095748606,887087.309668521,1613603.40541713,295.843691735375,301.833300421274,291.604082868329
18210,16.6045472519713,728003.909471511,885597.102815327,1613601.01228684,295.346707625588,303.415132576953,289.721635401656
18220,16.6136656194902,731538.678205842,882059.879274247,1613598.55748009,294.167043279722,301.900851394819,288.766032000258
18230,16.6227839870091,740336.703932888,873264.719936582,1613601.42386947,291.233856907314,297.192465108732,287.018756558948
18240,16.6319023545281,749978.953986667,863628.148412735,1613607.1023994,288.020059500662,291.817225140949,285.248599024221
18250,16.641020722047,752077.122819455,861531.993655146,1613609.1164746,287.320991714239,288.41214506419,286.354121987842
18260,16.6501390895659,743556.672993576,870048.90301192,1613605.5760055,290.161381694821,287.518537768144,291.681476494526
18270,16.6592574570849,729985.231983888,883614.106500128,1613599.33848402,294.685378189137,288.180859787393,298.776152641808
18280,16.6683758246038,720927.978722275,892667.84464576,1613595.82336804,297.704800615561,288.850078755001,303.359861188756
18290,16.6774941921227,721577.468514298,892020.567254536,1613598.03576883,297.488933551621,288.448351598665,303.268080742299
18300,16.6866125596417,728371.636135447,885230.510468067,1613602.14660351,295.224449047212,287.737197583798,299.969929648616
18310,16.6957309271606,734563.507610426,879039.754519172,1613603.2621296,293.159831422102,287.116053625589,296.944716760258
18320,16.7048492946795,737058.555856253,876544.680655629,1613603.23651188,292.327724080583,285.59812123721,296.570519539431
18330,16.7139676621984,735360.163867322,878241.510061052,1613601.67392837,292.893616828765,284.429620123638,298.292203284826
18340,16.7230860297174,732201.223870664,881396.902159469,1613598.12603013,293.945940356668,286.276180482445,298.814158655852
18350,16.7322043972363,732393.869959959,881205.416622931,1613599.28658289,293.882079914268,290.454944745525,295.921934960168
18360,16.7413227647552,735427.528821961,878173.529011608,1613601.05783357,292.870945143107,293.58544324505,292.150553954192
18370,16.7504411322742,739461.291636557,874138.870157699,1613600.16179426,291.525386078939,293.314564420019,290.089662696486
18380,16.7595594997931,745187.320522922,868414.057116963,1613601.37763988,289.616160452547,289.42268174034,289.503799460308
18390,16.768677867312,750894.553680407,862708.557410383,1613603.11109079,287.713375824707,284.26653939609,289.771505630598
18400,16.777796234831,753561.328194244,860042.771357718,1613604.09955196,286.824335953883,281.163632423008,290.359118027838
18410,16.7869146023499,751676.081216034,861925.897580096,1613601.97879613,287.452358706052,282.43538116193,290.557466769878
18420,16.7960329698688,747774.134447048,865826.444639351,1613600.5790864,288.753191475521,286.768288801004,289.835832265638
18430,16.8051513373877,744035.239110976,869566.126944282,1613601.36605526,290.000375836012,291.19993961584,288.958999669597
18440,16.8142697049067,740207.952298925,873392.788817778,1613600.7411167,291.276567889871,294.005761183621,289.214375220796
18450,16.8233880724256,737106.018292807,876495.140482685,1613601.15877549,292.311202428776,294.468373323594,290.629495830207
18460,16.8325064399445,733661.352460945,879943.223486789,1613604.57594773,293.461138398129,294.323394294876,292.641750184965
18470,16.8416248074635,726112.473786845,887489.895314109,1613602.36910095,295.977954081744,295.487720390565,296.058128247462
18480,16.8507431749824,717909.34138518,895686.908215025,1613596.2496002,298.711658567625,296.881667103645,299.682726494806
18490,16.8598615425013,717295.556729757,896300.682157065,1613596.23888682,298.916352228469,296.82018259197,300.064701692613
18500,16.8689799100203,724552.132980693,889048.410825665,1613600.54380636,296.497719134789,296.362995502562,296.340453456994
18510,16.8780982775392,732571.789777482,881033.915057922,1613605.7048354,293.824884128038,296.927507472152,291.511614495188
18520,16.8872166450581,732760.848451417,880846.981221469,1613607.82967289,293.762541677995,298.570655070276,290.312330631744
18530,16.896335012577,722630.4745596,890971.538482915,1613602.01304251,297.139082368823,301.704763421994,293.847679098069
18540,16.905453380096,711251.105930783,902344.739362831,1613595.84529361,300.932045810515,305.690048790849,297.509267118783
18550,16.9145717476149,709105.965447257,904488.740707459,1613594.70615472,301.647070437705,307.071964234014,297.779102014801
18560,16.9236901151338,718303.611401051,895296.82345137,1613600.43485242,298.581565266423,303.760328654786,294.880238369794
18570,16.9328084826528,730566.165363672,883039.733706424,1613605.8990701,294.493824814548,298.303783014768,291.70844116039
18580,16.9419268501717,737640.374427132,875963.482047161,1613603.85647429,292.133894296202,294.320636353142,290.432621346328
18590,16.9510452176906,740653.079827908,872947.776714606,1613600.85654251,291.12815631636,292.685933897229,289.847031132184
18600,16.9601635852095,742139.970798829,871463.55830931,1613603.52910814,290.633169354447,292.558552694428,289.107386153333
18610,16.9692819527285,738621.953101034,874980.826691619,1613602.77979265,291.8061786532,294.539048152626,289.741093838038
18620,16.9784003202474,731422.556582353,882174.298668204,1613596.85525056,294.205202157147,298.725184060813,290.946709886238
18630,16.9875186877663,729127.582636509,884466.172255255,1613593.75489176,294.969542189513,302.175990887273,289.919435105849
18640,16.9966370552853,736428.716307519,877168.234476659,1613596.95078418,292.535679331886,301.682589401326,286.193959552816
18650,17.0057554228042,747780.811841767,865824.568231648,1613605.38007342,288.752565693396,297.039913973395,282.987039701986
18660,17.0148737903231,750847.436788313,862760.68018763,1613608.11697594,287.730758775264,291.434141625713,285.022061242652
18670,17.0239921578421,741193.599971232,872410.834599028,1613604.43457026,290.949086076047,288.646128243828,292.241933725795
18680,17.033110525361,725284.905508103,888312.672829976,1613597.57833808,296.252350451885,290.346474596945,299.942724063135
18690,17.0422288928799,714598.749900986,898994.981943992,1613593.73184498,299.814901432047,293.152903869162,304.006387389444
18700,17.0513472603988,715645.166571975,897951.518186749,1613596.68475872,299.466906182007,293.923103370232,302.91321896804
18710,17.0604656279178,725161.132653082,888438.390452085,1613599.52310517,296.29427728934,293.855806752073,297.673012416442
18720,17.0695839954367,737797.340986146,875805.37605578,1613602.71704193,292.081165934894,293.937186449342,290.60041795365
18730,17.0787023629556,747653.546346681,865952.520894695,1613606.06724138,288.79523791719,295.339975143296,284.191417068188
18740,17.0878207304746,748909.522764001,864697.659189241,1613607.18195324,288.376741433797,300.001889775201,280.386328588334
18750,17.0969390979935,740412.195923786,873189.394180704,1613601.59010449,291.208735761449,306.6334058241,280.682948439881
18760,17.1060574655124,730254.081716683,883340.622983832,1613594.70470051,294.594171413651,310.026595974864,284.060393229998
18770,17.1151758330314,728484.787815446,885109.799470045,1613594.58728549,295.184191919308,305.594688544038,287.997874009556
18780,17.1242942005503,735403.185902515,878198.174703707,1613601.36060622,292.879164483477,294.388028792097,291.629188973994
18790,17.1334125680692,741657.521690842,871947.536164093,1613605.05785493,290.794576009369,284.081085294663,295.027907672499
18800,17.1425309355881,741706.248506329,871896.424394825,1613602.67290115,290.777530230057,281.225791181674,296.903041653786
18810,17.1516493031071,738265.72309618,875334.907053692,1613600.63014987,291.924264483472,285.579974226096,295.91052110132
18820,17.160767670626,735135.744822461,878462.75047872,1613598.49530118,292.967400526503,292.017992189775,293.356199917218
18830,17.1698860381449,735419.474524712,878179.744370535,1613599.21889525,292.873017965828,295.951835447665,290.576412129632
18840,17.1790044056639,737851.96416168,875750.965068805,1613602.92923048,292.063019866201,295.285806591291,289.671109532919
18850,17.1881227731828,737325.91761714,876278.184316742,1613604.10193388,292.238847529345,290.499176200686,293.155096042177
18860,17.1972411407017,731597.401370431,882006.055329738,1613603.45670017,294.149092989741,284.884017781591,300.080685551018
18870,17.2063595082207,722132.678538736,891467.379651456,1613600.05819019,297.304445439872,282.644368907223,306.830076090437
18880,17.2154778757396,714244.891091422,899353.081721956,1613597.97281338,299.934327737854,285.007085652664,309.635877188199
18890,17.2245962432585,711558.603021087,902040.65739228,1613599.26041337,300.830634447984,289.949594221169,307.833969070487
18900,17.2337146107774,713671.579946686,899926.335202039,1613597.91514872,300.125507821257,294.839554738541,303.399371953216
18910,17.2428329782964,722538.264500242,891058.120711647,1613596.38521189,297.167957549324,297.236096956802,296.874891313046
18920,17.2519513458153,739131.300810241,874470.098442233,1613601.39925247,291.635850739447,295.99614172675,288.48596020563
18930,17.2610697133342,756096.422213603,857509.585906808,1613606.00812041,285.9795183948,292.604669806428,281.324434521719
18940,17.2701880808532,765850.496957327,847755.279994642,1613605.77695197,282.726456559827,289.580491121506,277.921494804908
18950,17.2793064483721,767021.507295658,846582.812810499,1613604.32010616,282.335438656161,288.472346153638,278.008887458962
18960,17.288424815891,761543.343885191,852057.693012584,1613601.03689778,284.161311660025,289.199554309816,280.56568213378
18970,17.29754318341,754177.704856537,859422.026783639,1613599.73164018,286.617317586673,290.392399122385,283.861748798209
18980,17.3066615509289,747453.065944305,866148.463971442,1613601.52991575,288.860584949622,291.34117665917,286.966139989133
18990,17.3157799184478,739863.418564187,873739.373909078,1613602.79247326,291.392154046716,292.036731201799,290.719609148289
19000,17.3248982859667,730388.68299749,883212.068763468,1613600.75176096,294.551298570441,292.492205554803,295.678567832058
19010,17.3340166534857,722639.311645553,890958.449939669,1613597.76158522,297.134717338559,292.722312184612,299.828708510075
19020,17.3431350210046,720800.488378672,892800.197800752,1613600.68617942,297.748940403786,291.553432874705,301.631154639503
19030,17.3522533885235,722335.227350965,891265.841461509,1613601.06881247,297.237232436721,288.906346716129,302.543458556752
19040,17.3613717560425,726474.28216384,887126.803439689,1613601.08560353,295.856862911352,285.348148948874,302.616124833912
19050,17.3704901235614,732536.87625841,881068.012367807,1613604.88862622,293.836255583728,282.333757183608,301.259724304154
19060,17.3796084910803,735186.713355572,878420.05326466,1613606.76662023,292.953161002055,282.208225261911,299.872323861316
19070,17.3887268585993,732110.625743655,881491.514462246,1613602.1402059,293.977493567532,285.799611371221,299.184433787101
19080,17.3978452261182,729317.793618589,884280.852769965,1613598.64638855,294.907738125718,289.902466254119,297.998829591678
19090,17.4069635936371,731969.605573797,881629.600052161,1613599.20562596,294.023545123282,291.17391052628,295.678281900347
19100,17.416081961156,739183.615407785,874419.444433169,1613603.05984095,291.618957623201,288.50749793372,293.450248284836
19110,17.425200328675,745027.707129105,868580.143295186,1613607.85042429,289.671550206832,283.70646290564,293.406882115787
19120,17.4343186961939,743216.921141404,870389.723135263,1613606.64427667,290.275045234372,281.372248120581,295.968347439203
19130,17.4434370637128,735494.972525561,878107.418620376,1613602.39114594,292.84889732212,283.560554840655,298.797084895329
19140,17.4525554312318,728258.185261167,885342.149228427,1613600.33448959,295.261680583101,287.407512490285,300.25174124449
19150,17.4616737987507,724991.737052416,888609.383243907,1613601.12029632,296.351303399669,289.4661990091,300.694413573881
19160,17.4707921662696,724650.621331698,888952.991916586,1613603.61324828,296.465896920656,288.835013144318,301.306097857448
19170,17.4799105337886,723939.85749718,889663.799437943,1613603.65693512,296.702951288292,286.972815808662,302.942455815304
19180,17.4890289013075,722932.718538296,890667.832792819,1613600.55133111,297.037796495854,286.068268456397,304.103283691746
19190,17.4981472688264,725616.271544663,887982.756150523,1613599.02769519,296.14232321178,286.05282768068,302.621868296504
19200,17.5072656363453,733812.879521752,879786.903358682,1613599.78288043,293.409005622372,285.013673820364,298.761385985691
19210,17.5163840038643,745622.505748891,867979.926342561,1613602.43209145,289.471377803089,282.36273277736,293.969248338739
19220,17.5255023713832,756058.174653757,857547.932727561,1613606.10738132,285.992307062718,279.288023056845,290.223502810748
19230,17.5346207389021,759734.766406106,853871.473600284,1613606.24000639,284.766207637247,277.50194808416,289.371742166273
19240,17.5437391064211,756012.651158804,857592.739487644,1613605.39064645,286.007250120942,277.060605762687,291.733340318011
19250,17.55285747394,747405.517621684,866195.654532202,1613601.17215389,288.87632300557,277.70671562021,296.081997659973
19260,17.5619758414589,740746.552311242,872850.561904161,1613597.1142154,291.095735168971,278.672176452548,299.135527867278
19270,17.5710942089779,741583.285162928,872017.342150869,1613600.6273138,290.817856311779,279.246757571903,298.289573924768
19280,17.5802125764968,745152.329249859,868453.350901922,1613605.68015178,289.629264933107,280.89571039691,295.210276903127
19290,17.5893309440157,744615.239447265,868988.467542247,1613603.70698951,289.807726377271,284.789600747881,292.911637024883
19300,17.5984493115346,741160.851569031,872441.506941316,1613602.35851035,290.959315304758,289.573067645323,291.641014314961
19310,17.6075676790536,737059.792044963,876540.513409532,1613600.30545449,292.326334303662,292.943815243411,291.671075065243
19320,17.6166860465725,734430.70892683,879170.886892525,1613601.59581936,293.203564079548,293.948830606297,292.462383424982
19330,17.6258044140914,732481.674927842,881118.161918044,1613599.83684589,293.852980462913,293.649957802301,293.7434514196
19340,17.6349227816104,732807.333178893,880792.393040503,1613599.7262194,293.744336515092,292.871354626936,294.081537493434
19350,17.6440411491293,735011.934349997,878591.475044377,1613603.40939437,293.010330179882,291.685956735399,293.649070534388
19360,17.6531595166482,734023.273199753,879581.275356781,1613604.54855653,293.340428666593,291.094276854793,294.593412850572
19370,17.6622778841672,728417.701051832,885183.435928701,1613601.13698053,295.208749684409,291.461893490711,297.460646522139
19380,17.6713962516861,722506.466241406,891094.05211293,1613600.51835434,297.179940674647,291.92051148212,300.438576852437
19390,17.680514619205,717943.393494791,895657.630875513,1613601.0243703,298.701894572457,292.274626183616,302.737821919541
19400,17.6896329867239,715040.751701991,898557.794317333,1613598.54601932,299.669099322105,292.320643016642,304.318345942979
19410,17.6987513542429,716252.112176756,897348.584926243,1613600.697103,299.265827889359,291.490914978941,304.199714973064
19420,17.7078697217618,719571.614017964,894028.562541735,1613600.1765597,298.158600147319,290.425138891808,303.065775484204
19430,17.7169880892807,725244.85992309,888354.075095983,1613598.93501907,296.26615811105,288.474501115242,301.213707643164
19440,17.7261064567997,734383.238203457,879218.845546263,1613602.08374972,293.219558294568,284.400418345977,298.85463529505
19450,17.7352248243186,742199.688833075,871406.419850964,1613606.10868404,290.614113673825,280.221818328092,297.30013214292
19460,17.7443431918375,743008.135528758,870596.688436273,1613604.82396503,290.344068179514,279.349828837104,297.431607684304
19470,17.7534615593565,738285.3433297,875315.690421568,1613601.03375127,291.917855735057,282.427993994205,298.001165349179
19480,17.7625799268754,733428.275952774,880171.447666041,1613599.72361881,293.537251180937,287.086298826658,297.593271707806
19490,17.7716982943943,730895.098097065,882705.864002053,1613600.96209912,294.382479240305,290.292089886736,296.864086743316
19500,17.7808166619132,729372.929923133,884229.072686805,1613602.00260994,294.890469463667,291.005814206567,297.234497577181
19510,17.7899350294322,727879.777503096,885721.112121757,1613600.88962485,295.388064739622,290.982300850123,298.079083945337
19520,17.7990533969511,727903.224974699,885697.600728456,1613600.82570315,295.380223687996,291.727768230755,297.569043806418
19530,17.80817176447,729722.998660783,883877.708609968,1613600.70727075,294.773289514747,293.078850980658,295.657270796212
19540,17.817290131989,733073.633687064,880527.08268142,1613600.71636848,293.655855488217,294.387648388607,292.923280341717
19550,17.8264084995079,736137.375219594,877467.539813275,1613604.91503287,292.635497686602,294.939150657667,290.855866124486
19560,17.8355268670268,732902.877192566,880701.594488853,1613604.47168142,293.714055190546,294.570802952913,292.898128302976
19570,17.8446452345458,723759.204557526,889838.194145838,1613597.39870336,296.761111937915,293.157918945715,298.915939672768
19580,17.8537636020647,718460.987433954,895131.875586798,1613592.86302075,298.526555139836,290.288104803546,303.770083234746
19590,17.8628819695836,723781.996283354,889813.610502098,1613595.60678545,296.752913290678,287.117129660594,302.929474949659
19600,17.8720003371025,736531.223102315,877068.511629851,1613599.73473217,292.502421754161,284.845298041177,297.363418878022
19610,17.8811187046215,749803.54056215,863800.521841246,1613604.0624034,288.077546053442,283.746048594389,290.725146404434
19620,17.8902370721404,756553.235585675,857052.29415141,1613605.52973709,285.827011556248,284.242163819105,286.645387538047
19630,17.8993554396593,754856.154555748,858744.533094532,1613600.68765028,286.39137338487,286.174279774266,286.297442980785
19640,17.9084738071783,750471.424235961,863129.185472446,1613600.60970841,287.853655318475,286.982561071886,288.194506770101
19650,17.9175921746972,744568.736367098,869033.819532324,1613602.55589942,289.822851269743,285.430004489339,292.509896747287
19660,17.9267105422161,735459.69288946,878142.602294293,1613602.29518375,292.860631080304,283.173507728163,299.074662789165
19670,17.9358289097351,725318.331176994,888279.475728797,1613597.80690579,296.241279215874,282.605552460451,305.084895986809
19680,17.944947277254,721748.715244559,891845.357003144,1613594.0722477,297.430500918174,283.578562687439,306.417267654566
19690,17.9540656447729,730264.387602683,883333.159428134,1613597.54703082,294.591682317203,285.58592541928,300.350027180556
19700,17.9631840122918,745398.39967983,868206.80581075,1613605.20549058,289.547042124646,289.184883014748,289.547192329474
19710,17.9723023798108,755249.054453402,858359.74094571,1613608.79539911,286.263045171156,293.475867496085,281.215944416893
19720,17.9814207473297,753277.842475496,860328.642086447,1613606.48456194,286.919673865749,296.17560953804,280.509950356
19730,17.9905391148486,742280.332919338,871321.05969346,1613601.3926128,290.58564605418,295.907631062269,286.795501343743
19740,17.9996574823676,730931.841965757,882662.058228241,1613593.900194,294.367870011086,293.595463812,294.637500918801
19750,18.0087758498865,729771.67004004,883823.211969054,1613594.88200909,294.755114880458,288.960318436,298.372683247697
19760,18.0178942174054,737733.649901669,875869.463235072,1613603.11313674,292.102539014531,283.266165651529,297.750035807354
19770,18.0270125849243,742945.022431339,870662.822773159,1613607.8452045,290.366123986379,281.312743198879,296.159739408058
19780,18.0361309524433,738289.436058894,875315.211879805,1613604.6479387,291.917696141339,286.384922894077,295.36294689273
19790,18.0452493199622,727237.571001575,886364.959808591,1613602.53081017,295.602787996862,294.965733227493,295.781155519778
19800,18.0543676874811,715039.802104426,898556.257462582,1613596.05956701,299.668586780918,301.947205326802,297.899783928013
19810,18.0634860550001,711515.019634085,902075.574358084,1613590.59399217,300.842279258991,302.28878009357,299.62724346989
19820,18.072604422519,723356.132810963,890240.363931631,1613596.49674259,296.895235595008,293.769765513248,298.731469619851
19830,18.0817227900379,741437.653487593,872168.226457576,1613605.87994517,290.868176240646,282.363285601144,296.29571318678
19840,18.0908411575569,751031.88543328,862576.816167438,1613608.70160072,287.669440109201,277.021727844652,294.528190418808
19850,18.0999595250758,746643.299366974,866961.942401098,1613605.24176807,289.131880073736,281.459821044752,294.005642859665
19860,18.1090778925947,733483.673425811,880115.467672152,1613599.14109796,293.518581848308,291.692744566271,294.491207884793
19870,18.1181962601136,722007.881159535,891587.536840768,1613595.4180003,297.344517872526,301.189692976959,294.533280704676
19880,18.1273146276326,719559.3767284,894037.648437044,1613597.02516544,298.161630294162,306.228836320658,292.535024917919
19890,18.1364329951515,725259.496523206,888341.67978658,1613601.17630979,296.26202427433,306.315825158003,289.312605331652
19900,18.1455513626704,733684.231454085,879918.997108983,1613603.22856307,293.45305889911,302.314505971591,287.300883301708
19910,18.1546697301894,741320.116253102,872283.885982177,1613604.00223528,290.906748701743,295.905060445484,287.332118581999
19920,18.1637880977083,746366.339167219,867239.495638388,1613605.83480561,289.224444101513,289.119578148489,289.053334366778
19930,18.1729064652272,746668.530712723,866935.837350758,1613604.36806348,289.123174037271,284.692080160134,291.836300643666
19940,18.1820248327462,744298.587960339,869302.836871475,1613601.42483181,289.912568574779,284.852139832856,293.044593928915
19950,18.1911432002651,743177.820131674,870424.328142604,1613602.14827428,290.286586007205,288.819148943801,291.022971894468
19960,18.200261567784,742817.758068332,870785.51168235,1613603.26975068,290.407040747824,294.308076879478,287.564344126098
19970,18.2093799353029,741840.344982243,871761.934111599,1613602.27909384,290.732677709388,298.333417610578,285.423240543836
19980,18.2184983028219,741307.758921414,872294.243973714,1613602.00289513,290.910203092784,297.904336089538,286.005022592373
19990,18.2276166703408,741288.503400805,872315.789385839,1613604.29278664,290.917388489524,293.680123965547,288.833133681769
20000,18.2367350378597,738931.64757263,874673.051421057,1613604.69899369,291.703535574806,290.204587471514,292.459748030691
20010,18.2458534053787,733953.503048397,879647.553126784,1613601.05617518,293.362532308416,290.521590578297,295.012024684906
20020,18.2549717728976,731173.912782688,882425.048046489,1613598.96082918,294.288827095711,293.58744753785,294.511172778372
20030,18.2640901404165,732943.766242507,880659.385092152,1613603.15133466,293.699978353227,297.591258119749,290.861041860253
20040,18.2732085079355,733644.156909441,879962.27446933,1613606.43137877,293.467491902394,301.834788835363,287.64473770383
20050,18.2823268754544,728960.105644801,884642.882906372,1613602.98855117,295.028475206394,305.513800903032,287.79240101263
20060,18.2914452429733,723571.607705436,890026.952539744,1613598.56024518,296.82406287802,306.763010369682,289.950744497847
20070,18.3005636104922,723632.874224769,889966.129688221,1613599.00391299,296.803778451966,304.509306343268,291.419423375721
20080,18.3096819780112,728459.805140693,885142.723523592,1613602.52866428,295.195172093911,300.289424463939,291.55300787048
20090,18.3188003455301,732186.2870535,881419.598979793,1613605.88603329,293.953509748139,296.196765002084,292.213044987384
20100,18.327918713049,729816.640670447,883786.839385642,1613603.48005609,294.742984620858,293.321066090483,295.445311153924
20110,18.337037080568,724249.970795032,889348.410849697,1613598.38164473,296.597769167816,291.500337372862,299.74889222348
20120,18.3461554480869,722114.87430749,891482.700059494,1613597.57436698,297.30955479723,289.658879667607,302.162246921315
20130,18.3552738156058,724334.67670914,889265.835642407,1613600.51235155,296.5702303293,288.26147684586,301.862257459652
20140,18.3643921831248,726464.049193963,887137.88483081,1613601.93402477,295.860558556215,289.849851625574,299.621146044511
20150,18.3735105506437,725810.396011322,887790.246379106,1613600.64239043,296.078121186962,293.433669339903,297.594357317346
20160,18.3826289181626,723520.514285688,890080.064742946,1613600.57902863,296.841775802217,295.724088962037,297.339532215835
20170,18.3917472856815,720198.364541809,893401.144377168,1613599.50891898,297.949356137125,296.384429274198,298.744349582295
20180,18.4008656532005,718237.556990434,895357.92528402,1613595.48227445,298.601942732706,296.033775109199,300.065219529434
20190,18.4099840207194,722856.425007342,890740.447742421,1613596.87274976,297.062013587601,294.151845281486,298.754574113688
20200,18.4191023882383,732482.813493159,881119.085268426,1613601.89876158,293.853288400342,291.923178847388,294.895150361976
20210,18.4282207557573,740090.526949319,873514.888190895,1613605.41514021,291.317288040985,291.501760085583,290.95154227122
20220,18.4373391232762,740924.46236463,872680.138482754,1613604.60084738,291.038898943723,293.600203052713,289.088830455278
20230,18.4464574907951,736292.964680949,877309.38695137,1613602.35163232,292.58275369397,296.872447941098,289.479138567806
20240,18.4555758583141,729896.203496194,883705.076738011,1613601.2802342,294.715716771056,299.528879925874,291.261344903867
20250,18.464694225833,724537.757435191,889060.499274081,1613598.25670927,296.501750633344,300.227609663988,293.770759820719
20260,18.4738125933519,724905.809917828,888689.797888649,1613595.60780648,296.378121690395,298.330019697627,294.829874584164
20270,18.4829309608708,733906.712393861,879693.505924239,1613600.2183181,293.377857570198,294.070642042763,292.671519707179
20280,18.4920493283898,744738.88633445,868867.620294822,1613606.50662927,289.767423810179,289.487546096158,289.712536099684
20290,18.5011676959087,748260.71379881,865345.928148062,1613606.64194687,288.592939185613,285.683138039365,290.292312500458
20300,18.5102860634276,743117.721965541,870487.042979524,1613604.76494507,290.307501410547,282.406915098681,295.332636033947
20310,18.5194044309466,732835.603209009,880763.348389264,1613598.95159827,293.734650121482,281.364388012018,301.736712652691
20320,18.5285227984655,726443.090870513,887150.072441483,1613593.163312,295.86462312539,282.860730703383,304.287330887456
20330,18.5376411659844,731641.668299867,881954.93581336,1613596.60411323,294.132044626767,284.241226133112,300.480813585347
20340,18.5467595335034,743536.878244675,870066.419425462,1613603.29767014,290.167223420197,285.056014422963,293.332890065505
20350,18.5558779010223,751884.612770073,861721.155662828,1613605.7684329,287.384077259572,286.987486115413,287.408984624629
20360,18.5649962685412,752281.670190355,861321.816148235,1613603.48633859,287.250897498161,289.441656021807,285.551016067813
20370,18.5741146360601,748067.97137906,865530.560519877,1613598.53189894,288.654514097008,290.470608762198,287.203238891799
20380,18.5832330035791,747047.675232457,866546.943226098,1613594.61845855,288.993477814273,289.516264965767,288.404125148432
20390,18.592351371098,754092.950770718,859507.265210435,1613600.21598115,286.645744609116,287.360899126019,285.93010347734
20400,18.6014697386169,761099.557339519,852509.46756795,1613609.02490747,284.311978511906,286.362555349725,282.708000637935
20410,18.6105881061359,756191.915247833,857415.10010306,1613607.01535089,285.948007371372,287.552848457524,284.639823307795
20420,18.6197064736548,742111.352131953,871487.824513469,1613599.17664542,290.641262135558,289.566107635421,291.115830750535
20430,18.6288248411737,730269.729570228,883328.188330723,1613597.91790095,294.590024455802,291.229463557446,296.584906700993
20440,18.6379432086927,724130.287240435,889470.11077292,1613600.39801336,296.638356102358,293.36049134993,298.576400640558
20450,18.6470615762116,720783.445269382,892818.726614603,1613602.17188398,297.75511976475,297.269891116496,297.830476263781
20460,18.6561799437305,717068.201524127,896535.784735359,1613603.98625949,298.994758957932,302.655505697773,296.30509883224
20470,18.6652983112494,710325.455819406,903278.629740142,1613604.08555955,301.243498329212,307.945776249392,296.524276800485
20480,18.6744166787684,701078.948783856,912520.736264657,1613599.68504851,304.325741625698,310.753254170536,299.787128477785
20490,18.6835350462873,695979.263175071,917615.548689571,1613594.81186464,306.024861994187,309.093770904007,303.723902002646
20500,18.6926534138062,701762.177881311,911832.816309945,1613594.99419126,304.096320263447,303.031036435762,304.553095881684
20510,18.7017717813252,718251.233394267,895346.921954661,1613598.15534893,298.598273121448,293.352963469819,301.846314328266
20520,18.7108901488441,738980.962402705,874624.809941445,1613605.77234415,291.687447037334,283.071673769803,297.188223009822
20530,18.720008516363,752446.011467305,861163.716646635,1613609.72811394,287.198171301195,278.083879409641,293.035034086148
20540,18.729126883882,752838.269246504,860768.501127701,1613606.77037421,287.06636689268,281.769676556355,290.358271811154
20550,18.7382452514009,745159.146844867,868441.689062599,1613600.83590747,289.625375708721,290.545757233852,288.770433545542
20560,18.7473636189198,738722.783090977,874877.315356478,1613600.09844745,291.7716576143,297.762253864855,287.534783732584
20570,18.7564819864387,735979.947390331,877621.970650759,1613601.91804109,292.687000383778,300.324349685414,287.351528349035
20580,18.7656003539577,735397.782211546,878201.956347025,1613599.73855857,292.880425661839,299.460620864649,288.249561838583
20590,18.7747187214766,738799.276595263,874801.389054401,1613600.66564966,291.746336186227,297.088494246178,287.941775532771
20600,18.7838370889955,744734.445821737,868868.63458566,1613603.0804074,289.767762076258,295.047063101709,286.006754924228
20610,18.7929554565145,749922.127598423,863680.855006814,1613602.98260524,288.037637154182,294.051569314356,283.788317683103
20620,18.8020738240334,753728.670364152,859875.346796347,1613604.0171605,286.768499848707,293.320174233604,282.161743175569
20630,18.8111921915523,754837.999878397,858765.648168158,1613603.64804655,286.398415263684,292.738509134269,281.933020670575
20640,18.8203105590713,753314.213186277,860288.684699327,1613602.8978856,286.906348073812,291.635918369427,283.514212586675
20650,18.8294289265902,749844.071503612,863759.860897703,1613603.93240131,288.06398562538,289.728864305461,286.714013183973
20660,18.8385472941091,742901.89069861,870704.090273284,1613605.98097189,290.379886701112,288.029322294348,291.704946400036
20670,18.847665661628,730614.415885061,882988.413294689,1613602.82917975,294.476709452956,288.95076570054,297.91527469669
20680,18.856784029147,717731.749822462,895866.099093145,1613597.84891561,298.771418740418,293.876686844236,301.78559715559
20690,18.8659023966659,711132.119306524,902466.300256983,1613598.41956351,300.97258637885,300.711393799346,300.895904276537
20700,18.8750207641848,711230.735765039,902367.842088364,1613598.5778534,300.939750571407,305.748699051301,297.483001792668
20710,18.8841391317038,717849.207359739,895748.102771153,1613597.31013089,298.732066957196,306.326594273282,293.420105357341
20720,18.8932574992227,731197.672316894,882403.287011422,1613600.95932832,294.281569788702,302.028880856491,288.871461102018
20730,18.9023758667416,744534.776867852,869073.039279673,1613607.81614753,289.835931058754,295.425392340006,285.868093595371
20740,18.9114942342606,747049.304284758,866560.96515179,1613610.26943655,288.998154127661,290.725409364646,287.605818841231
20750,18.9206126017795,735471.092415083,878132.719614475,1613603.81202956,292.857335205761,290.821846675354,293.970279780027
20760,18.9297309692984,719594.20108864,894002.728036984,1613596.92912562,298.14998433783,294.254008825005,300.4988430261
20770,18.9388493368173,711020.536800549,902574.356697733,1613594.89349828,301.00862321085,297.439465982945,303.137220843444
20780,18.9479677043363,714187.809635673,899409.161175635,1613596.97081131,299.953030240332,298.188076211481,300.879705401031
20790,18.9570860718552,725811.354259898,887791.605706436,1613602.95996633,296.07857452274,295.950175641984,295.917441631142
20800,18.9662044393741,736957.404307465,876649.272430902,1613606.67673837,292.362605446357,291.992438145399,292.365748142458
20810,18.9753228068931,740857.937860635,872750.076369496,1613608.01423013,291.062223234783,288.033216164157,292.839009429171
20820,18.984441174412,736224.040475053,877377.988371672,1613602.02884673,292.605632273361,286.580430058825,296.378595722822
20830,18.9935595419309,731361.333653532,882235.350431196,1613596.68408473,294.225562925195,286.692572019641,299.002368893126
20840,19.0026779094499,733694.714396945,879904.949226697,1613599.66362364,293.448373929197,285.695220730068,298.372602417008
20850,19.0117962769688,739621.955678555,873981.484935494,1613603.44061405,291.472898094212,284.094927494168,296.148651079163
20860,19.0209146444877,742913.495004266,870691.13842138,1613604.63342565,290.375567257422,284.158797933664,294.278100500547
20870,19.0300330120066,740633.951463062,872970.01041487,1613603.96187793,291.135571257252,287.587116346351,293.258594888471
20880,19.0391513795256,733672.864713048,879927.47577107,1613600.34048412,293.455886533623,293.267170943185,293.337150355138
20890,19.0482697470445,727855.147330991,885740.653252385,1613595.80058338,295.394581708316,296.842202138867,294.183339269859
20900,19.0573881145634,729828.430779207,883768.525678926,1613596.95645813,294.736876998141,295.424412802963,294.032905730761
20910,19.0665064820824,738019.005383767,875585.491147089,1613604.49653086,292.007834299513,292.205830360941,291.632497063311
20920,19.0756248496013,742529.733513192,871077.90829829,1613607.64181148,290.504555043618,292.254354748794,289.095934777632
20930,19.0847432171202,739064.341296118,874538.985276947,1613603.32657307,291.658824504568,294.858974517694,289.282342142064
20940,19.0938615846391,733824.9043475,879773.314498376,1613598.21884588,293.404473736327,295.648963471823,291.663643517881
20950,19.1029799521581,734338.690089326,879260.05983687,1613598.7499262,293.233303263922,292.035570186568,293.787430896104
20960,19.112098319677,740302.925532097,873299.997635665,1613602.92316776,291.2456220229,286.500562756275,294.166290182296
20970,19.1212166871959,745968.482225399,867636.387828774,1613604.87005417,289.356807680098,284.24329661232,292.52468438555
20980,19.1303350547149,747916.466563525,865687.819124423,1613604.28568795,288.706959854735,287.001166008286,289.603566619156
20990,19.1394534222338,746418.056863414,867185.157473857,1613603.21433727,289.206322319112,292.838580649376,286.543811497003
21000,19.1485717897527,742748.315961463,870854.444989442,1613602.7609509,290.430030011486,298.361535888247,284.90033440197
21010,19.1576901572717,737888.273083508,875713.264001837,1613601.53708534,292.050446557224,301.038040477803,285.815341904707
21020,19.1668085247906,734158.444765393,879441.334236475,1613599.77900187,293.293758291304,300.657337608313,288.140293948055
21030,19.1759268923095,734152.444093122,879448.051596521,1613600.49568964,293.295998531439,298.763790970742,289.406390239795
21040,19.1850452598284,737199.560514671,876402.50080447,1613602.06131914,292.280307088368,296.793962627755,289.027636472869
21050,19.1941636273474,740259.733094617,873344.843354292,1613604.57644891,291.260578073801,295.03056124341,288.504538812334
21060,19.2032819948663,739416.142673598,874188.055795784,1613604.19846938,291.541789493341,293.943032852674,289.698009095875
21070,19.2124003623852,734409.649889946,879193.225494276,1613602.87538422,293.211014005094,292.723996730987,293.291349676161
21080,19.2215187299042,726995.587732112,886606.341514631,1613601.92924674,295.683288815952,290.838335731666,298.666854798129
21090,19.2306370974231,719534.174751164,894064.136968765,1613598.31171993,298.170464221699,289.606079864989,303.631578405987
21100,19.239755464942,717324.7073118,896272.226793413,1613596.93410521,298.906862362319,289.178447931418,305.143382930951
21110,19.248873832461,722095.075529873,891507.450499311,1613602.52602918,297.317809070972,289.643320685717,302.186369820251
21120,19.2579921999799,727214.232432746,886390.315353349,1613604.54778609,295.611244073153,292.28780910388,297.580524682607
21130,19.2671105674988,729946.129691186,883654.859346824,1613600.98903801,294.698969266908,295.616826866386,293.841481726201
21140,19.2762289350177,733907.116520646,879695.172671665,1613602.28919231,293.378413430604,296.394831974094,291.122985723752
21150,19.2853473025367,737107.524848076,876497.231159488,1613604.75600756,292.311899669664,294.119047807593,290.863540994654
21160,19.2944656700556,736211.715786685,877390.109308001,1613601.82509469,292.609674606637,290.718670986276,293.626502291373
21170,19.3035840375745,734486.267616833,879113.66835906,1613599.93597589,293.184481693867,288.105549847594,296.326115856636
21180,19.3127024050935,735090.41756728,878509.054113112,1613599.47168039,292.982842792434,287.143873110817,296.631336877852
21190,19.3218207726124,738592.220851396,875009.616378041,1613601.83722944,291.815780016022,287.09482538387,294.719903287443
21200,19.3309391401313,740916.958210119,872690.039568041,1613606.99777816,291.042200956492,288.570342782314,292.44757123848
21210,19.3400575076503,735349.449437876,878254.988738037,1613604.43817591,292.898111968663,292.866023180618,292.675422734053
21220,19.3491758751692,725723.586280281,887872.287464794,1613595.87374508,296.105481895879,297.965329983715,294.618828602409
21230,19.3582942426881,723682.590668416,889912.131547699,1613594.72221611,296.7857700676,300.1454661892,294.298651178142
21240,19.367412610207,731548.343802196,882051.892725691,1613600.23652789,294.164379765113,298.906915888854,290.757552032815
21250,19.376530977726,741665.238331034,871940.399759968,1613605.638091,290.792196017998,297.44465713934,286.114895107089
21260,19.3856493452449,746088.020507116,867518.316013885,1613606.336521,289.317430719988,299.462372033293,282.313038652186
21270,19.3947677127638,743389.353744259,870214.160794709,1613603.51453897,290.216495179159,304.88398708972,280.196320159469
21280,19.4038860802828,737090.693263334,876511.736594174,1613602.42985751,292.316737233341,309.267331779546,280.772743588177
21290,19.4130044478017,729496.499560084,884104.506032871,1613601.00559295,294.848926474194,308.899090702998,285.23644288293
21300,19.4221228153206,723801.05967563,889795.816750073,1613596.8764257,296.746979072894,304.701658668208,291.196570193457
21310,19.4312411828396,726226.794331938,887368.254091301,1613595.04842324,295.937386723795,298.047230135772,294.284209960208
21320,19.4403595503585,739179.497653263,874419.796972214,1613599.29462548,291.619075195002,290.162347704306,292.347210959471
21330,19.4494779178774,755639.58667888,857967.393162125,1613606.97984101,286.132197152618,284.445508123398,287.018213007803
21340,19.4585962853963,763747.184149347,849862.472341671,1613609.65649102,283.429205383249,284.260035263072,282.639127792214
21350,19.4677146529153,758717.072095094,854889.410225688,1613606.48232078,285.105689586689,289.589728382786,281.878742314637
21360,19.4768330204342,744719.144250492,868883.75380887,1613602.89805936,289.772804338459,297.278899299843,284.527263693922
21370,19.4859513879531,728733.620123813,884862.928129701,1613596.54825351,295.10186030672,303.955637387575,288.953424035896
21380,19.4950697554721,720376.446209768,893217.852850709,1613594.29906048,297.888228397769,306.184107261207,292.109402298479
21390,19.504188122991,723064.693770873,890534.237011814,1613598.93078269,296.993242291751,303.291122106865,292.547161379765
21400,19.5133064905099,730186.699882518,883417.513804053,1613604.21368657,294.619814508605,298.822696489567,291.572376675872
21410,19.5224248580289,733466.499365306,880138.769482421,1613605.26884773,293.526353003975,296.999711808804,290.966175173254
21420,19.5315432255478,730992.409647881,882609.032751243,1613601.44239912,294.350186010086,298.70497543384,291.201701239242
21430,19.5406615930667,727246.223861694,886354.61884432,1613600.84270601,295.599339284415,301.474615825309,291.436155474416
21440,19.5497799605856,723597.540000151,890004.422739556,1613601.96273971,296.816549187779,303.666267100151,292.002723455208
21450,19.5588983281046,718974.644345975,894626.079301779,1613600.72364775,298.357872036611,304.486190898352,294.023694568753
21460,19.5680166956235,715761.637064928,897835.182410289,1613596.81947522,299.428108190858,303.664779845844,296.354136997377
21470,19.5771350631424,718823.283329605,894774.346415818,1613597.62974542,298.407319131505,302.147930933514,295.664905164223
21480,19.5862534306614,727329.40064966,886269.719709402,1613599.12035906,295.571025415842,301.841375665365,291.144482728313
21490,19.5953717981803,738119.842907625,875481.467378455,1613601.31028608,291.973142364,301.699051210254,285.245892181196
21500,19.6044901656992,746892.893461013,866711.22828781,1613604.12174882,289.048266896051,298.88851671574,282.247226793847
21510,19.6136085332182,749625.569276476,863977.866670946,1613603.43594742,288.136690568933,293.174070206457,284.538323568442
21520,19.6227269007371,747129.623288432,866472.392894081,1613602.01618251,288.96861527233,286.307570741746,290.501837779992
21530,19.631845268256,742262.00005117,871338.628191233,1613600.6282424,290.591505149653,280.88708739016,296.818957401689
21540,19.6409636357749,737805.472424513,875794.933819402,1613600.40624391,292.077683448191,279.272428196764,300.371122212936
21550,19.6500820032939,734943.881801068,878656.968696193,1613600.85049726,293.032172318223,281.289225224254,300.616610237272
21560,19.6592003708128,733319.182934801,880283.294591513,1613602.47752631,293.574552139908,285.282554865812,298.857904862521
21570,19.6683187383317,731214.459178621,882388.443733446,1613602.90291207,294.276619554259,289.986052332898,296.891767185538
21580,19.6774371058507,728068.878604618,885532.899421978,1613601.7780266,295.325295788553,294.23394305751,295.806759862758
21590,19.6865554733696,725719.185317882,887879.722951785,1613598.90826967,296.107961631411,296.037294582594,295.908316362596
21600,19.6956738408885,728029.612038029,885569.007040361,1613598.61907839,295.337337682295,295.194294773188,295.186585173631
21610,19.7047922084075,735109.783329289,878492.991395527,1613602.77472482,292.97748587478,294.508452938477,291.712693260753
21620,19.7139105759264,741329.658140319,872275.738839502,1613605.39697982,290.904031628982,294.966148889323,287.953533429064
21630,19.7230289434453,743129.805946429,870472.910298612,1613602.71624504,290.302788160284,294.421455333395,287.315091054743
21640,19.7321473109642,743698.097280044,869902.303623893,1613600.40090394,290.112490786691,291.137168519142,289.187611889402
21650,19.7412656784832,745913.334837288,867688.706475928,1613602.04131322,289.374255953286,286.730311401408,290.895740441243
21660,19.7503840460021,747889.148320246,865714.251887663,1613603.40020791,288.715775183479,284.165409237285,291.508756001622
21670,19.759502413521,747599.538226773,866003.915962628,1613603.4541894,288.812378176631,284.394196707174,291.517155507789
21680,19.76862078104,745332.215059889,868267.851928021,1613600.06698791,289.567401009845,286.540713025421,291.343886831953
21690,19.7777391485589,745357.912585847,868239.434561809,1613597.34714766,289.557923815844,288.467206952069,290.043770121847
21700,19.7868575160778,750404.098116943,863196.271055473,1613600.36917242,287.876028366008,288.431809513951,287.265610910407
21710,19.7959758835968,755014.152502614,858592.325701391,1613606.478204,286.340612206567,287.671843310869,285.214507626862
21720,19.8050942511157,750690.054418091,862915.12246479,1613605.17688288,287.782265287574,288.646952168587,286.965988812492
21730,19.8142126186346,738847.815189926,874751.79432077,1613599.6095107,291.729796338426,291.207894371942,291.834622819133
21740,19.8233309861535,727910.546534743,885686.326149981,1613596.87268472,295.376463615134,293.413615792741,296.438881777051
21750,19.8324493536725,722294.576259168,891306.443408671,1613601.01966784,297.250773189485,294.113854147545,299.094343573121
21760,19.8415677211914,717386.878712562,896217.135396133,1613604.01410869,298.888489376733,295.664557343191,300.788703657947
21770,19.8506860887103,709437.638002922,904164.177965394,1613601.81596832,301.538828736166,301.133110887252,301.558024944828
21780,19.8598044562293,701802.336283328,911795.417927018,1613597.75421035,304.083847899622,309.930431399084,299.932722360066
21790,19.8689228237482,700884.773459402,912710.696367091,1613595.46982649,304.389093335698,317.704172490695,295.258716321254
21800,19.8780411912671,709595.695508262,904003.662039618,1613599.35754788,301.485296661537,320.419227762173,288.611438180561
21810,19.8871595587861,722508.711636151,891093.50407553,1613602.21571168,297.179757904129,318.530625859798,282.698196135429
21820,19.896277926305,734607.095227516,878995.242082305,1613602.33730982,293.144986520695,313.683203504596,279.208554375994
21830,19.9053962938239,744546.584248112,869056.596981661,1613603.18122977,289.830447550996,305.960450844894,278.83558664877
21840,19.9145146613428,750934.073565878,862668.960521823,1613603.0340877,287.700170259071,297.59922461338,280.861050547648
21850,19.9236330288618,753620.986469532,859981.050163859,1613602.03663339,286.803751930585,291.276501835012,283.582915534358
21860,19.9327513963807,753792.378220426,859809.442336896,1613601.82055732,286.746520705985,288.169886223838,285.558654926827
21870,19.9418697638996,752002.411072986,861600.530396244,1613602.94146923,287.34384872311,287.819734768102,286.787138152513
21880,19.9509881314186,747364.297388011,866237.844136388,1613602.1415244,288.890393242084,288.676162304281,288.792471872917
21890,19.9601064989375,742003.481174954,871594.907743557,1613598.38891851,290.67697440172,289.348299288351,291.320526998631
21900,19.9692248664564,740620.150970585,872979.975748924,1613600.12671951,291.13889469699,288.788234261967,292.463385908091
21910,19.9783432339754,741453.25080011,872149.964253439,1613603.21505355,290.862085794043,287.725725639336,292.710607492353
21920,19.9874616014943,739248.316187635,874357.899135241,1613606.21532288,291.598432261211,288.017592955124,293.742659771718
21930,19.9965799690132,730186.183554665,883416.020866865,1613602.20442153,294.619316613929,291.021151939694,296.772576966241
21940,20.0056983365321,719984.599687935,893611.414461102,1613596.01414904,298.019481227648,294.982823410833,299.795570204501
21950,20.0148167040511,717337.88437238,896258.881495856,1613596.76586824,298.902411704471,296.661356985061,300.147362840991
21960,20.02393507157,722208.563935707,891391.092389682,1613599.65632539,297.27900363171,294.762815116369,298.70873013891
21970,20.0330534390889,729994.430353874,883608.871351485,1613603.30170536,294.683632266628,290.32586849522,297.343238420677
21980,20.0421718066079,735099.75350528,878504.900902693,1613604.65440797,292.981457696412,287.011685025995,296.71715492861
21990,20.0512901741268,735598.755102788,878003.128488251,1613601.88359104,292.814116554361,287.047360295986,296.414608962815
22000,20.0604085416457,735365.483494594,878234.584496396,1613600.06799099,292.891307152375,289.011370562419,295.233855456386
22010,20.0695269091647,737810.125767054,875789.062151579,1613599.18791863,292.075725246483,291.192581180162,292.421091519658
22020,20.0786452766836,743714.107319955,869887.934824939,1613602.04214489,290.107698791042,292.316448848348,288.393442337179
22030,20.0877636442025,748357.948464666,865247.789820785,1613605.73828545,288.560210045284,292.751207008296,285.525745228239
22040,20.0968820117214,746133.295943463,867472.477232843,1613605.77317631,289.302143482689,292.899575659203,286.662770245443
22050,20.1060003792404,737365.847056085,876235.726957264,1613601.57401335,292.224687996419,291.837073632204,292.239576999232
22060,20.1151187467593,728022.066258784,885577.746774995,1613599.81303378,295.340252384524,288.861384288479,299.4133809049
22070,20.1242371142782,721481.319090021,892118.669474955,1613599.98856498,297.52165065031,285.646254835684,305.190646484519
22080,20.1333554817972,718545.449786526,895051.381855842,1613596.83164237,298.499710473851,283.566309433647,308.206561408591
22090,20.1424738493161,723038.65477794,890557.862024708,1613596.51680265,297.00112123552,281.98375898815,306.765195132738
22100,20.151592216835,734311.880967842,879291.58929542,1613603.47026326,293.243818340977,281.101904246772,301.094057888497
22110,20.160710584354,742743.03433647,870863.822648992,1613606.85698546,290.433157461728,281.465413605371,296.169625734748
22120,20.1698289518729,743075.78342206,870528.208595228,1613603.99201729,290.321230146816,281.787485769467,295.768458706594
22130,20.1789473193918,738924.274624434,874677.786323357,1613602.06094779,291.705114665118,281.30011295848,298.398694873989
22140,20.1880656869107,733073.542180255,880530.390828008,1613603.93300826,293.65695875538,281.698464745681,301.384573962883
22150,20.1971840544297,724593.126526689,889008.026919901,1613601.15344659,296.48425109885,284.411217469074,304.285869976117
22160,20.2063024219486,717557.34295616,896041.016947731,1613598.35990389,298.829753859507,287.36037788607,306.226979713581
22170,20.2154207894675,716285.904668418,897313.430610835,1613599.33527925,299.254103922239,288.789019202167,305.98144864902
22180,20.2245391569865,719453.552928695,894148.278425896,1613601.83135459,298.198525404668,288.427499634791,304.464043813415
22190,20.2336575245054,723333.127690286,890268.324876004,1613601.45256629,296.904560572287,286.992839078501,303.264954434333
22200,20.2427758920243,727415.235786671,886186.074223054,1613601.31000972,295.543129639171,285.653481366881,301.889942545997
22210,20.2518942595432,731988.471688439,881612.560821176,1613601.03250962,294.017862538328,285.134871042433,299.694841983475
22220,20.2610126270622,737917.232361021,875682.629554967,1613599.86191599,292.040229966639,284.84609771049,296.5929512791
22230,20.2701309945811,746513.216531811,867088.753309868,1613601.96984168,289.174171522384,283.698269573357,292.583794345467
22240,20.2792493621,755096.148013784,858507.371755389,1613603.51976917,286.312280058492,281.698873130085,289.149291110715
22250,20.288367729619,760902.894326405,852700.811478674,1613603.70580508,284.375791722086,278.642673980138,287.960890390282
22260,20.2974860971379,762765.385531647,850839.443384404,1613604.82891605,283.755025307455,275.558886302374,288.982655456419
22270,20.3066044646568,758877.671104568,854727.839523034,1613605.5106276,285.051805743883,275.78202587206,290.994115820312
22280,20.3157228321758,748981.399796362,864620.998542703,1613602.39833907,288.351175101785,280.286919795616,293.48705265998
22290,20.3248411996947,737753.800474839,875845.913779477,1613599.71425432,292.094685269127,285.30936534982,296.374819644274
22300,20.3339595672136,729519.544325448,884079.962408175,1613599.50673362,294.840741173312,288.171227186746,299.041383213378
22310,20.3430779347325,725275.939384582,888322.763363805,1613598.70274839,296.255715645758,288.731689791799,301.024853118694
22320,20.3521963022515,725632.207352167,887967.013415165,1613599.22076733,296.137073008226,286.786988425547,302.123681835838
22330,20.3613146697704,729071.176100911,884530.373207885,1613601.5493088,294.990953212568,283.648320739854,302.306882400033
22340,20.3704330372893,731666.336139213,881937.300389681,1613603.63652889,294.126163211499,282.925503135317,301.348164792944
22350,20.3795514048083,729957.85272746,883646.879553413,1613604.73228087,294.69630800514,286.76559556893,299.737869372609
22360,20.3886697723272,722929.859400613,890671.59748976,1613601.45689037,297.039052022598,293.234225279837,299.328070641086
22370,20.3977881398461,715734.092272281,897861.368516572,1613595.46078885,299.436841259487,298.103945761889,300.075907556836
22380,20.4069065073651,716292.261886215,897303.146736631,1613595.40862285,299.250674249335,297.244736637834,300.338590428461
22390,20.416024874884,723798.579259127,889803.653712232,1613602.23297136,296.749592700427,291.193343792155,300.206467312024
22400,20.4251432424029,728287.741271761,885316.834953877,1613604.57622564,295.253238270427,286.715861931429,300.698778131201
22410,20.4342616099218,725902.834007281,887696.46037134,1613599.29437862,296.046843545553,288.220681811252,301.017578998798
22420,20.4433799774408,723234.770765739,890362.803971636,1613597.57473738,296.936069358558,292.531484503471,299.625012537485
22430,20.4524983449597,724131.794107811,889465.816300227,1613597.61040804,296.636923895357,294.743492049247,297.652014356182
22440,20.4616167124786,729511.407544796,884086.08925795,1613597.49680275,294.842784478222,292.47917842375,296.172819527472
22450,20.4707350799976,738455.359730879,875148.111983443,1613603.47171432,291.86196831197,288.199669217503,294.060282734688
22460,20.4798534475165,742817.559141704,870789.270168281,1613606.82930999,290.408294203195,286.83775596321,292.546646118016
22470,20.4889718150354,738364.617236549,875236.549745593,1613601.16698214,291.891462313021,288.378451521412,293.990226622166
22480,20.4980901825544,732121.51004482,881477.234398574,1613598.74444339,293.972731165107,289.346927353203,296.811623097072
22490,20.5072085500733,728291.001713038,885309.617396176,1613600.61910921,295.250831214333,289.295939095423,298.97471693426
22500,20.5163269175922,725260.441297791,888340.197416872,1613600.63871466,296.261529903909,289.596322855854,300.458116661026
22510,20.5254452851111,723017.648417851,890582.830449592,1613600.47886744,297.009448207301,289.844785227991,301.538382320002
22520,20.5345636526301,722292.390015176,891308.129911812,1613600.51992699,297.251335638423,289.552244404745,302.136353681176
22530,20.543682020149,723906.981236472,889691.744587323,1613598.72582379,296.71227099794,288.016712973658,302.262049454964
22540,20.5528003876679,730051.00614146,883548.362722713,1613599.36886417,294.663452633888,284.585656832698,301.136430290821
22550,20.5619187551869,739125.151305078,874478.463915052,1613603.61522013,291.63864062533,281.443434702613,298.192412373287
22560,20.5710371227058,744322.931388066,869283.621701543,1613606.55308961,289.906160314005,282.189393040744,294.809083362584
22570,20.5801554902247,741265.778969148,872336.311204493,1613602.09017364,290.924232517756,287.146267680668,293.200438882051
22580,20.5892738577437,735046.425605479,878552.340987837,1613598.76659332,292.997278968763,292.784265460595,292.895123575068
22590,20.5983922252626,730964.670331851,882632.646658437,1613597.31699029,294.358061250104,296.202679060807,292.883017658594
22600,20.6075105927815,731637.160219235,881960.882169376,1613598.04238861,294.134027736994,297.065388641812,291.934675444002
22610,20.6166289603004,736157.020676654,877444.156036238,1613601.17671289,292.62769919501,297.051371484811,289.434727919147
22620,20.6257473278194,740707.299844548,872893.570401706,1613600.87024625,291.110078506489,297.556620634566,286.569792022349
22630,20.6348656953383,745049.978328176,868551.089525647,1613601.06785382,289.661860772268,298.005259649125,283.858209970387
22640,20.6439840628572,748793.139534955,864808.460616817,1613601.60015177,288.413693719132,297.680049189793,281.995778660593
22650,20.6531024303762,750849.314327942,862753.438095759,1613602.7524237,287.728343537022,296.974608980679,281.32439295497
22660,20.6622207978951,749776.535633437,863826.92076314,1613603.45639658,288.086350096095,296.954612359409,281.934103295471
22670,20.671339165414,745199.364600644,868403.787069241,1613603.15166988,289.612735390776,298.407807562096,283.50800999707
22680,20.680457532933,738557.67618658,875043.443197272,1613601.11938385,291.827061263055,300.845668406923,285.571467282758
22690,20.6895759004519,733571.5263508,880026.567994101,1613598.0943449,293.488933798266,302.134776412006,287.48046461094
22700,20.6986942679708,734033.382088015,879566.52003235,1613599.90212036,293.335507764666,300.312761252362,288.439559183063
22710,20.7078126354897,737452.815431214,876149.60298724,1613602.41841845,292.195965645236,296.792183114641,288.888324027594
22720,20.7169310030087,739671.997531044,873930.630032908,1613602.62756395,291.455937979959,294.91720056917,288.905549638835
22730,20.7260493705276,739139.020931312,874464.022833398,1613603.04376471,291.633824523394,295.825960541241,288.596038991061
22740,20.7351677380465,735054.269914561,878546.296120098,1613600.56603466,292.995263004869,298.147216599677,289.316464555826
22750,20.7442861055655,729634.308180931,883966.277840912,1613600.58602184,294.802827360651,300.093195479907,291.030246258346
22760,20.7534044730844,723844.196455053,889753.700941394,1613597.89739645,296.732933447188,302.123562058356,292.891903595204
22770,20.7625228406033,721257.854909175,892340.549002694,1613598.40391187,297.59564749131,302.870759468105,293.830909800538
22780,20.7716412081223,722860.208582581,890738.390781524,1613598.59936411,297.06132759097,300.539258360949,294.495155971325
22790,20.7807595756412,727277.102988684,886324.358389483,1613601.46137817,295.589247420204,295.635513404052,295.312079058124
22800,20.7898779431601,729673.138911027,883929.768505944,1613602.90741697,294.790651494395,290.059356430934,297.699189327124
22810,20.798996310679,728424.645808138,885172.877218376,1613597.52302651,295.205228353636,286.371041183934,300.848682109808
22820,20.808114678198,730383.849388851,883212.97648795,1613596.8258768,294.551601296632,285.276809306113,300.48933628923
22830,20.8172330457169,737325.685582051,876272.894073658,1613598.57965571,292.237083232836,285.873845397953,296.23571088673
22840,20.8263514132358,746711.928150789,866888.762352287,1613600.69050308,289.107474521356,286.807301985975,290.399999982843
22850,20.8354697807548,753716.621557626,859890.46726136,1613607.08881899,286.773542525049,288.136794894169,285.625729660199
22860,20.8445881482737,750329.970631207,863273.909330831,1613603.87996204,287.901920737312,292.626152279329,284.512514775353
22870,20.8537065157926,740446.524886279,873150.784352573,1613597.30923885,291.195859380548,299.346410376408,285.519495500491
22880,20.8628248833116,733210.343498076,880386.753338667,1613597.09683674,293.60905564071,303.453681322564,286.801297639772
22890,20.8719432508305,730059.097790373,883540.712182197,1613599.80997257,294.660901177988,302.313417477395,289.313672894069
22900,20.8810616183494,727376.960115109,886225.299672292,1613602.2597874,295.556211329762,298.232504835894,293.525718816233
22910,20.8901799858683,722532.69795387,891067.087702408,1613599.78565628,297.17094804149,294.409516375312,298.764260028908
22920,20.8992983533873,718975.085270677,894622.835996288,1613597.92126697,298.35679039396,291.201696787872,302.878222139358
22930,20.9084167209062,719634.015037151,893966.462029576,1613600.47706673,298.137889621336,288.92942321365,304.028418985109
22940,20.9175350884251,721939.265359038,891663.085283439,1613602.35064248,297.369713284455,288.940215802797,302.741570177823
22950,20.9266534559441,723356.129619672,890246.495095707,1613602.62471538,296.897280338738,291.307907473922,300.376114515
22960,20.935771823463,723708.683411776,889892.855733384,1613601.53914516,296.779341581919,294.603648073426,297.98248780293
22970,20.9448901909819,724530.548385316,889069.43770968,1613599.986095,296.504731602361,296.888099094616,296.002065997855
22980,20.9540085585009,727824.192933513,885773.007566278,1613597.20049979,295.405371874697,296.481039333222,294.442089092449
22990,20.9631269260198,736087.418449346,877509.721251131,1613597.13970048,292.649565199643,293.168052895449,292.060032098107
23000,20.9722452935387,747644.070389418,865957.314958139,1613601.38534756,288.796836737749,288.532007464522,288.732725555951
23010,20.9813636610576,755027.322371086,858577.472056819,1613604.7944279,286.335658514864,284.559916841567,287.2808732483
23020,20.9904820285766,752575.89744268,861028.550870475,1613604.44831316,287.153093503577,283.258159893579,289.510421665657
23030,20.9996003960955,740872.718939562,872728.398623174,1613601.11756274,291.054993704577,285.808200497353,294.310310014639
23040,21.0087187636144,726984.03108599,886609.951539153,1613593.98262514,295.684492759431,290.264731350083,299.051263288363
23050,21.0178371311334,721991.682840149,891602.026020597,1613593.70886075,297.349350015207,292.725721592163,300.183977838889
23060,21.0269554986523,727754.543448094,885843.728816456,1613598.27226455,295.428957417527,291.811314943887,297.594528268773
23070,21.0360738661712,737433.726000252,876169.88677399,1613603.61277424,292.202730289808,290.093794858728,293.36518496862
23080,21.0451922336902,742662.679841822,870942.290560836,1613604.97040266,290.459326516871,291.445207857045,289.560022851323
23090,21.0543106012091,740764.750203402,872839.53053545,1613604.28073885,291.092056206587,297.014007005977,286.901512293488
23100,21.063428968728,733518.679824422,880083.886984544,1613602.56680897,293.508049686358,305.095686234782,285.538368612669
23110,21.0725473362469,725042.390452482,888556.709181302,1613599.09963378,296.333736595398,312.490414987019,285.315672887155
23120,21.0816657037659,721247.439597014,892350.248345879,1613597.68794289,297.598882223071,315.57028484234,285.369948075039
23130,21.0907840712848,724409.609906982,889191.082535706,1613600.69244269,296.545300161983,313.82714264026,284.776950759664
23140,21.0999024388037,730322.154178159,883281.63629573,1613603.79047389,294.574499348251,309.941512853914,284.084344928352
23150,21.1090208063227,733938.660806846,879665.776083144,1613604.43688999,293.368609665881,305.335810349327,285.146002035528
23160,21.1181391738416,733101.593972889,880503.22813446,1613604.82210735,293.647899994818,299.758764943367,289.329283445789
23170,21.1272575413605,727976.909158439,885623.896613359,1613600.8057718,295.355643359466,294.556841455279,295.642048259459
23180,21.1363759088795,723840.724811764,889758.074531433,1613598.7993432,296.734392039831,291.423012433041,300.028033117657
23190,21.1454942763984,724370.701783363,889226.928247901,1613597.63003126,296.557254709989,290.71897851663,300.202307793303
23200,21.1546126439173,731110.545483955,882488.096636993,1613598.64212095,294.309853805901,290.829777623779,296.384646382476
23210,21.1637310114362,741794.186621313,871809.9684887,1613604.15511001,290.748697178156,290.14908339368,290.906149120157
23220,21.1728493789552,748689.965486448,864918.215945453,1613608.1814319,288.450297130383,290.182639733062,287.05502681432
23230,21.1819677464741,746481.937432274,867123.949925986,1613605.88735826,289.185909596794,292.916850248724,286.457627570842
23240,21.191086113993,739069.999768394,874529.498424079,1613599.49819247,291.655660638345,296.88008730726,287.929663141871
23250,21.200204481512,735604.465444867,877993.67262415,1613598.13806902,292.810963022895,298.906926922544,288.502977953943
23260,21.2093228490309,738076.038811862,875527.656229994,1613603.69504186,291.98854634984,298.677572676111,287.285871677033
23270,21.2184412165498,739370.765693473,874234.439329597,1613605.20502307,291.557258405735,298.217646627052,286.874035209517
23280,21.2275595840688,736659.178340552,876943.209355816,1613602.38769637,292.460633435323,298.406557206935,288.25296705972
23290,21.2366779515877,732741.849438866,880860.513270008,1613602.36270887,293.767054617311,299.360610147964,289.793211718028
23300,21.2457963191066,728352.239095005,885248.22332522,1613600.46242022,295.23035628655,301.403224370941,290.869085600051
23310,21.2549146866255,726106.76264033,887491.714241582,1613598.47688191,295.978560694208,303.348082756921,290.818897185154
23320,21.2640330541445,728017.564058605,885584.162236853,1613601.72629546,295.342391941589,304.178107377757,289.20579632419
23330,21.2731514216634,730143.209257266,883459.073400841,1613602.28265811,294.633674637599,305.086091674781,287.419868550612
23340,21.2822697891823,731594.566898877,882004.854260919,1613599.4211598,294.14869243319,306.075885699611,285.952106345213
23350,21.2913881567013,735928.537855682,877671.117366295,1613599.65522198,292.703390817507,305.303937547167,284.05910683872
23360,21.3005065242202,742912.930706232,870689.722652722,1613602.65335895,290.375095098456,302.394185255275,282.120389081328
23370,21.3096248917391,748061.583535522,865542.839215536,1613604.42275106,288.658609043034,298.55827291993,281.818284284234
23380,21.318743259258,748134.339847469,865469.084135614,1613603.42398308,288.63401171773,295.22531803646,283.999279162146
23390,21.327861626777,744227.63137703,869372.494024508,1613600.12540154,289.935799241123,292.423732471815,288.035563921295
23400,21.3369799942959,741025.723838048,872571.916821454,1613597.6406595,291.002807010657,289.399610748729,291.829102179433
23410,21.3460983618148,741983.91321146,871615.786070031,1613599.69928149,290.68393732534,286.379008614471,293.311653184814
23420,21.3552167293338,744735.542528994,868866.648789361,1613602.19131836,289.767099813027,285.206110162318,292.566286996988
23430,21.3643350968527,745825.515122724,867776.87379209,1613602.38891481,289.403659760577,286.367734829222,291.186439998347
23440,21.3734534643716,744505.783058323,869097.179726155,1613602.96278448,289.843981899668,289.180033683999,290.045077391864
23450,21.3825718318906,740565.22442531,873036.848854818,1613602.07328013,291.157861882547,293.351686716652,289.452680441575
23460,21.3916901994095,735610.196799816,877991.370619764,1613601.56741958,292.81019530424,296.948850621371,289.8070832634
23470,21.4008085669284,731424.840126365,882176.136849008,1613600.97697537,294.205815190598,298.473059914283,291.11581386215
23480,21.4099269344473,729154.450885938,884447.649491126,1613602.10037706,294.963364846132,298.321363706195,292.478896135383
23490,21.4190453019663,727400.685903012,886202.910639584,1613603.5965426,295.548744585487,297.556961178508,293.963642902985
23500,21.4281636694852,724274.677888908,889327.331303484,1613602.00919239,296.590739137397,297.405633736577,295.800317121995
23510,21.4372820370041,721611.731329072,891987.962757842,1613599.69408691,297.478059949255,298.742933071592,296.38691281774
23520,21.4464004045231,721489.523276166,892112.562896367,1613602.08617253,297.519614105842,300.97082862479,294.970871414788
23530,21.455518772042,720680.778481484,892921.41268824,1613602.19116972,297.789365578869,302.49747106712,294.402470782054
23540,21.4646371395609,719276.869054146,894320.005062993,1613596.87411714,298.255796252457,302.776375237071,294.993530432506
23550,21.4737555070799,724327.799878682,889267.031170485,1613594.83104917,296.570629038014,301.821085409807,292.823182599288
23560,21.4828738745988,738578.429396634,875020.127602195,1613598.55699883,291.819285510154,299.039248789025,286.762793919648
23570,21.4919922421177,755747.326788402,857858.237302597,1613605.564091,286.095793664365,294.789767391532,280.0613980182
23580,21.5011106096366,764976.192920909,848632.120251191,1613608.3131721,283.018882858493,291.379055115635,277.209585618016
23590,21.5102289771556,761787.252519267,851817.264078966,1613604.51659823,284.081128590617,291.25695092165,279.06051276277
23600,21.5193473446745,751281.749372533,862319.148461009,1613600.89783354,287.583507907623,294.454228046095,282.763374892053
23610,21.5284657121934,739681.391063189,873918.301010951,1613599.69207414,291.451826250109,298.715023697929,286.366818096353
23620,21.5375840797124,729655.461669905,883943.672734026,1613599.13440393,294.79528855562,300.79946885713,290.546838947483
23630,21.5467024472313,722836.799626312,890760.637663975,1613597.43729029,297.068746928122,300.319742816258,294.653859046926
23640,21.5558208147502,721000.723559393,892599.225077185,1613599.94863658,297.68191598372,299.24740164998,296.390190609561
23650,21.5649391822692,721128.682741666,892472.135191538,1613600.8179332,297.639531496261,299.085183011886,296.427730876265
23660,21.5740575497881,721084.892486094,892516.333472119,1613601.22595821,297.65427162652,299.466527780491,296.198055630852
23670,21.583175917307,719652.987805974,893947.795144294,1613600.78295027,298.131664213538,300.546637153052,296.273239200351
23680,21.5922942848259,717625.506700365,895972.069571733,1613597.5762721,298.806759903863,302.82434841177,295.879361932005
23690,21.6014126523449,718979.50409089,894618.217875156,1613597.72196605,298.355250250177,303.666895351348,294.565524140856
23700,21.6105310198638,723662.564851606,889937.815618281,1613600.38046989,296.794335707281,301.842091756133,293.181836394957
23710,21.6196493873827,727477.243660692,886126.282691326,1613603.52635202,295.523189158354,299.965769503643,292.315199603862
23720,21.6287677549017,726102.737214542,887499.533258768,1613602.27047331,295.981168337091,300.161883976219,292.947373604058
23730,21.6378861224206,722226.616837098,891369.008157596,1613595.62499469,297.271638538468,300.642427665492,294.77671942167
23740,21.6470044899395,725059.375613451,888535.980118335,1613595.35573179,296.326823451171,297.461504635378,295.323430308824
23750,21.6561228574585,735183.049654231,878418.099408447,1613601.14906268,292.952509390844,290.232547007654,294.521690555146
23760,21.6652412249774,744967.439917834,868635.982087635,1613603.42200547,289.690172448769,283.222085140473,293.760822177259
23770,21.6743595924963,750170.816491238,863432.636032047,1613603.45252328,287.954856105402,281.351765398808,292.116954196376
23780,21.6834779600152,750883.645996266,862717.90070589,1613601.54670216,287.716491814537,284.214840789283,289.811162088196
23790,21.6925963275342,749609.194945172,863992.703697088,1613601.89864226,288.141638718389,287.413201471543,288.387145517353
23800,21.7017146950531,747056.525437581,866543.961165005,1613600.48660259,288.99248329665,289.160122463124,288.63989678292
23810,21.710833062572,745099.728610423,868501.887656048,1613601.61626647,289.645451944655,290.471183771186,288.853592850348
23820,21.719951430091,742570.799686872,871032.369343309,1613603.16903018,290.489367798335,292.191593216247,289.112476379897
23830,21.7290697976099,737968.669906168,875631.489041124,1613600.15894729,292.023174601008,293.478898529289,290.809339336654
23840,21.7381881651288,734705.96277016,878893.308164199,1613599.27093436,293.110991550508,292.870353402234,293.027157823067
23850,21.7473065326478,734056.783237283,879543.14490772,1613599.928145,293.327712158653,290.691050423349,294.841046888724
23860,21.7564249001667,734969.996217715,878630.256468229,1613600.25268594,293.02326378797,288.866714669859,295.550110480222
23870,21.7655432676856,736742.347341346,876858.513049006,1613600.86039035,292.43238720994,289.017508011318,294.465279686346
23880,21.7746616352045,738776.900535703,874823.585312216,1613600.48584792,291.753738640059,290.834702979729,292.123300964745
23890,21.7837800027235,741190.748055738,872410.278087139,1613601.02614288,290.948900479286,292.183666783586,289.88326552602
23900,21.7928983702424,742769.506295674,870832.255645832,1613601.76194151,290.422629863543,292.664270004519,288.686184244671
23910,21.8020167377613,741609.016976291,871993.139332971,1613602.15630926,290.809784669992,294.6205289225,288.026947014429
23920,21.8111351052803,737176.417448558,876424.547677335,1613600.96512589,292.287659722306,299.026458443412,287.551554191801
23930,21.8202534727992,731086.038819495,882515.666879756,1613601.70569925,294.319048484161,302.608506029315,288.547477580322
23940,21.8293718403181,723666.288429047,889934.108364573,1613600.39679362,296.79309933786,302.648705774904,292.642034130382
23950,21.8384902078371,717513.12053104,896085.597346379,1613598.71787742,298.844621426173,299.483170643147,298.169884763666
23960,21.847608575356,715485.292010411,898114.273658009,1613599.56566842,299.521185145242,295.05767717496,302.247256137809
23970,21.8567269428749,717326.350935408,896273.427812749,1613599.77874816,298.907262902368,292.251963196935,303.095039986903
23980,21.8658453103938,722290.140252968,891310.667658561,1613600.80791153,297.252181977175,291.6121760236,300.764475794578
23990,21.8749636779128,728532.290378331,885068.761451938,1613601.05183027,295.170505736848,291.505722056408,297.367719435695
24000,21.8840820454317,734870.25531137,878730.519150657,1613600.77446203,293.056701400919,291.364899499051,293.940355417666
24010,21.8932004129506,741027.099886261,872574.680633308,1613601.78051957,291.00372874214,291.571803529466,290.382509109971
24020,21.9023187804696,745389.754295396,868212.642322437,1613602.39661783,289.54898860178,292.084338457852,287.617464540564
24030,21.9114371479885,747125.672489288,866476.076152822,1613601.74864211,288.969843639427,292.169506169278,286.595927083159
24040,21.9205555155074,746763.848865416,866839.5404513,1613603.38931672,289.091059013273,292.302573915438,286.709139862653
24050,21.9296738830264,743024.630597897,870577.252426498,1613601.88302439,290.337586268634,293.888768778596,287.728183273435
24060,21.9387922505453,737772.650075009,875828.363541213,1613601.01361622,292.088832263203,296.715044979803,288.761283091916
24070,21.9479106180642,732660.090929686,880940.838008615,1613600.9289383,293.793842924334,299.172179334407,289.963457115181
24080,21.9570289855831,728083.299395243,885517.496259522,1613600.79565476,295.32015883259,300.701951867581,291.486196676902
24090,21.9661473531021,724984.977994342,888613.486232038,1613598.46422638,296.352671746553,301.637910277871,292.582218832552
24100,21.975265720621,727092.600994122,886503.498678801,1613596.09967292,295.648990721628,300.24922162918,292.335795957658
24110,21.9843840881399,736998.959321727,876601.401105979,1613600.36042771,292.346640355504,295.871518155953,289.753099621576
24120,21.9935024556589,748095.834752955,865511.803950993,1613607.63870395,288.648258779721,291.255513421677,286.669548802766
24130,22.0026208231778,749725.932528218,863883.068200413,1613609.00072863,288.105075271106,289.196099611278,287.137638148266
24140,22.0117391906967,739949.203815552,873653.892160434,1613603.09597599,291.363645876416,289.749735934013,292.196782799787
24150,22.0208575582157,727445.530184826,886152.431384274,1613597.9615691,295.531909749633,290.926730575993,298.355752607268
24160,22.0299759257346,720612.96166245,892983.588084723,1613596.54974717,297.810101078781,291.615105013946,301.691923371104
24170,22.0390942932535,721972.239183278,891625.355123791,1613597.59430707,297.357130273067,292.054109798273,300.644679647701
24180,22.0482126607724,728929.103401658,884672.516071172,1613601.61947283,295.038357869325,292.214796522986,296.674866801994
24190,22.0573310282914,734905.699378894,878698.452539582,1613604.15191848,293.046007183452,292.209006295484,293.359802769444
24200,22.0664493958103,736683.607055604,876915.290544327,1613598.89759993,292.451322509364,292.410261248016,292.23498724817
24210,22.0755677633292,741271.447391778,872323.103470771,1613594.55086255,290.919827737459,291.767507832067,290.112274484607
24220,22.0846861308482,753689.882835626,859912.434232776,1613602.3170684,286.780868511848,289.638173949145,284.637014163223
24230,22.0938044983671,763484.764164808,850123.493204688,1613608.2573695,283.516255862828,288.255944483325,280.12019990261
24240,22.102922865886,762270.672576518,851332.876939442,1613603.54951596,283.9195854392,288.793123819557,280.433960197764
24250,22.112041233405,754838.034241968,858764.402522915,1613602.43676488,286.397999840892,289.599997313058,284.02466985958
24260,22.1211596009239,744353.604315784,869246.746076983,1613600.35039277,289.89386229014,289.57397205652,289.86554422731
24270,22.1302779684428,734624.744958594,878972.672060209,1613597.4170188,293.137459416445,288.195623649812,296.187735378018
24280,22.1393963359617,729381.369303299,884218.853302017,1613600.22260532,294.887061297988,286.357987587304,300.327371220697
24290,22.1485147034807,725568.665667674,888033.289489369,1613601.95515704,296.159176084499,286.77505889176,302.168454899586
24300,22.1576330709996,721408.338191184,892190.553220387,1613598.89141157,297.545623885405,290.392052803163,302.066716586995
24310,22.1667514385185,720876.749495646,892721.966162572,1613598.71565822,297.72285014593,294.377625816035,299.704897324073
24320,22.1758698060375,724147.6134807,889454.592521183,1613602.20600188,296.63318076411,296.940845896106,296.180876358808
24330,22.1849881735564,727062.313795244,886538.398872002,1613600.71266725,295.66062993897,299.314670164333,292.978219263779
24340,22.1941065410753,730194.968265339,883406.919295625,1613601.88756097,294.616281239161,300.663562660427,290.339246723951
24350,22.2032249085943,732190.06861008,881412.638979768,1613602.70758985,293.95118858755,300.381227970904,289.419536341491
24360,22.2123432761132,732067.595325085,881533.424568683,1613601.01989377,293.991470591524,299.193514473028,290.278448445027
24370,22.2214616436321,731801.997909191,881799.109542295,1613601.10745149,294.080076552375,297.080195644254,291.834930427327
24380,22.230580011151,731285.786352401,882316.360708173,1613602.14706057,294.252579859321,294.295437374127,293.978797699567
24390,22.23969837867,728925.157650514,884677.120415581,1613602.27806609,295.03989341857,291.620863528902,297.0733801005
24400,22.2488167461889,724724.317500527,888875.624655847,1613599.94215637,296.440094932749,289.007147783982,301.148359619481
24410,22.2579351137078,721879.842338589,891719.067785364,1613598.91012395,297.388383453515,286.566346756909,304.355250931706
24420,22.2670534812268,721850.63644142,891749.409697349,1613600.04613877,297.398502483692,286.240805230489,304.589135233758
24430,22.2761718487457,723556.101698034,890043.965615186,1613600.06731322,296.829736740099,289.366750796823,301.557702588332
24440,22.2852902162646,726550.695927862,887051.232889995,1613601.92881786,295.831660126728,294.167891025826,296.69431314389
24450,22.2944085837836,728739.951521287,884862.535719965,1613602.48724125,295.101729438041,298.272630866101,292.741877044802
24460,22.3035269513025,729362.557685096,884239.796658531,1613602.35434363,294.894045909132,299.957320554617,291.27278444055
24470,22.3126453188214,728622.459837411,884980.719513602,1613603.17935101,295.141143743072,298.634289713585,292.566428809611
24480,22.3217636863403,726236.466586171,887365.135578562,1613601.60216473,295.936346699537,295.987105737097,295.655893718914
24490,22.3308820538593,724834.84117057,888764.349199149,1613599.19036972,296.402984558662,293.338259616401,298.199132033038
24500,22.3400004213782,727493.159734145,886107.196344095,1613600.35607824,295.516823859962,289.847397886407,299.050177155781
24510,22.3491187888971,732699.11573952,880902.271843147,1613601.38758267,293.780981104935,286.202740209964,298.588324217329
24520,22.3582371564161,738805.465550841,874794.365270372,1613599.83082121,291.743993753667,284.303335506788,296.461312590126
24530,22.367355523935,746796.378261527,866804.537503876,1613600.9157654,289.079385527389,284.157984307832,292.119420185822
24540,22.3764738914539,754882.895093388,858720.219064512,1613603.1141579,286.383264653831,285.425700212852,286.782988227273
24550,22.3855922589728,759859.408394867,853744.235527049,1613603.64392192,284.723773729214,287.853221332106,282.400205515846
24560,22.3947106264918,760403.682092251,853201.906378509,1613605.58847076,284.542906912959,290.69194183683,280.206431207952
24570,22.4038289940107,754386.687909854,859219.909202783,1613606.59711264,286.549911356606,293.889793765257,281.417864824708
24580,22.4129473615296,741364.815843225,872238.829900683,1613603.64574391,290.891722494808,297.532108004916,286.222389052657
24590,22.4220657290486,726210.752169429,887387.796685938,1613598.54885537,295.943904180736,300.361075758496,292.752503208745
24600,22.4311840965675,716847.149375734,896747.443462733,1613594.59283847,299.065347161158,300.320005510308,297.979687139091
24610,22.4403024640864,718381.669045179,895216.246052433,1613597.91509761,298.55469269716,297.089407428521,299.282753965671
24620,22.4494208316054,725853.098026778,887751.316827703,1613604.41485448,296.065138178324,293.205244949949,297.725012715425
24630,22.4585391991243,729997.226035731,883607.9671706,1613605.19320633,294.683330722228,291.910273716647,296.286465950346
24640,22.4676575666432,729132.945658189,884468.746370493,1613601.69202868,294.97040065716,293.370414277689,295.791249576259
24650,22.4767759341621,727584.431172885,886016.600487864,1613601.03166075,295.486610134355,295.363749153753,295.322278612978
24660,22.4858943016811,726961.8081324,886639.780687172,1613601.58881957,295.694440782782,296.43784631259,294.952425062257
24670,22.4950126692,727472.069637614,886127.010408828,1613599.08004644,295.523431852202,296.202007385439,294.824778636834
24680,22.5041310367189,732697.855568981,880899.157447833,1613597.01301681,293.779942453838,293.677558344395,293.603381908088
24690,22.5132494042379,744538.302223044,869063.034613434,1613601.33683648,289.832594501729,288.316847837839,290.60156511557
24700,22.5223677717568,755863.504021391,857743.974401624,1613607.47842301,286.057686977363,283.349216679594,287.62495243673
24710,22.5314861392757,757045.472035299,856563.09291391,1613608.56494921,285.663862902755,282.889004896317,287.275715021293
24720,22.5406045067947,746019.798362308,867584.93264042,1613604.73100273,289.339647370492,286.59577564405,290.92777881531
24730,22.5497228743136,729242.197875619,884356.838326646,1613599.03620227,294.933079315206,291.673756048071,296.860183927201
24740,22.5588412418325,716314.011376909,897282.037391281,1613596.04876819,299.243634280901,295.542105830824,301.46195021905
24750,22.5679596093514,712860.319111604,900735.875724417,1613596.19483602,300.395489652966,296.5857544386,302.684983554498
24760,22.5770779768704,718930.919877948,894667.964332137,1613598.88421009,298.371840697728,294.543717893363,300.675279366723
24770,22.5861963443893,729824.695634266,883778.806946112,1613603.50258038,294.740305801605,290.836439354615,297.097266511429
24780,22.5953147119082,738017.518107477,875588.966770699,1613606.48487818,292.008993420276,287.91674329161,294.49381934487
24790,22.6044330794272,738790.899709463,874813.616544389,1613604.51625385,291.750414055157,287.046478362715,294.643245838406
24800,22.6135514469461,735040.888539029,878559.770498046,1613600.65903707,292.999756711038,287.046266234051,296.724583898436
24810,22.622669814465,732672.803178145,880928.059782531,1613600.86296068,293.78958138487,286.510733494738,298.397321993803
24820,22.631788181984,732490.638478658,881112.456312,1613603.09479066,293.851077642821,286.112519073723,298.765240790852
24830,22.6409065495029,731744.295316385,881859.489388771,1613603.78470516,294.100213236209,287.45421425031,298.285795715777
24840,22.6500249170218,729302.092564593,884299.868347813,1613601.96091241,294.914079822516,291.051898856011,297.243105400333
24850,22.6591432845407,727155.492936481,886444.851751838,1613600.34468832,295.629431966596,296.313564454225,294.926985781537
24860,22.6682616520597,727458.227918532,886141.316768073,1613599.54468661,295.528203024203,301.998298224021,290.968532721803
24870,22.6773800195786,730575.701773014,883026.070847363,1613601.77262038,294.489268249913,305.178957113775,287.117401283798
24880,22.6864983870975,732793.440114658,880810.954088633,1613604.39420329,293.750526626191,303.854648559159,286.769653232023
24890,22.6956167546165,730446.086144164,883156.223303146,1613602.30944731,294.532674104768,299.768743363962,290.796517370217
24900,22.7047351221354,726451.927437515,887145.978480173,1613597.90591769,295.863257788952,294.623686304583,296.443086063707
24910,22.7138534896543,726402.420451524,887196.978558945,1613599.39901047,295.880266319475,288.723857417708,300.40463869872
24920,22.7229718571733,729157.404943019,884442.755073297,1613600.16001632,294.961732557378,284.480492537169,301.703424460386
24930,22.7320902246922,733508.0270305,880090.833882847,1613598.86091335,293.510366477521,282.17223344809,300.824529858411
24940,22.7412085922111,740528.122617399,873072.868823374,1613600.99144077,291.169874545064,280.230426952048,298.220198044955
24950,22.75032695973,747131.185488058,866471.950481027,1613603.13596909,288.968467727539,279.650989554081,294.939312786739
24960,22.759445327249,750534.032763475,863066.942943675,1613600.97570715,287.83289742994,281.1764505119,292.030667960775
24970,22.7685636947679,752162.936051291,861440.601275123,1613603.53732641,287.290512347882,283.384769649969,289.654932052866
24980,22.7776820622868,748835.794147558,864769.197109354,1613604.99125691,288.400599336119,286.187256465146,289.635827417321
24990,22.7868004298058,739332.002185439,874267.741681546,1613599.74386698,291.568364742887,289.52872133577,292.685153377013
25000,22.7959187973247,731402.859870892,882192.802398955,1613595.66226985,294.211373152895,291.791638483391,295.579353454936
25010,22.8050371648436,731111.626661897,882487.081038116,1613598.70770001,294.30951510359,291.79103047337,295.743246927817
25020,22.8141555323626,735085.324080289,878515.580043397,1613600.90412369,292.985019190728,290.350941572529,294.496916753534
25030,22.8232738998815,739284.105571425,874317.852622034,1613601.95819346,291.585076745718,288.102918798289,293.663527813381
25040,22.8323922674004,740839.61992644,872764.585840335,1613604.20576677,291.067062144517,285.630498936929,294.448881731123
25050,22.8415106349193,736611.457793981,876992.686335953,1613604.14412993,292.477134012324,284.147695259068,297.786362236151
25060,22.8506290024383,727295.972814096,886304.439707033,1613600.41252113,295.582604537947,284.430212891355,302.771213465226
25070,22.8597473699572,719257.007232336,894338.703331037,1613595.71056337,298.262032126409,285.103325101172,306.785951783127
25080,22.8688657374761,719328.580596526,894268.445027779,1613597.0256243,298.238600976414,284.359569224859,307.242756643304
25090,22.8779841049951,726719.34701602,886879.122562871,1613598.46957889,295.774261318283,283.035074770814,304.020573798829
25100,22.887102472514,738555.196640904,875046.334039142,1613601.53068005,291.82802535906,281.6943943583,298.340589338435
25110,22.8962208400329,749409.429533395,864197.261881726,1613606.69141512,288.20985889002,280.538353105581,293.084021197239
25120,22.9053392075519,752251.902641301,861354.034759762,1613605.93740106,287.261642407791,280.280850677961,291.676118859006
25130,22.9144575750708,747614.771265937,865988.463893006,1613603.23515894,288.807224910124,281.150429539509,293.671082469776
25140,22.9235759425897,739143.025307036,874461.29703217,1613604.32233921,291.632915468458,284.214518151886,296.33548624995
25150,22.9326943101086,727141.57052594,886460.266702429,1613601.83722837,295.634572853903,290.708577346104,298.672207715057
25160,22.9418126776276,716032.928184884,897564.073270525,1613597.00145541,299.337693270143,297.517747853189,300.301542137054
25170,22.9509310451465,712741.32908193,900855.550205482,1613596.87928741,300.435401102378,300.009143722475,300.46920985473
25180,22.9600494126654,718028.610849795,895570.177953261,1613598.78880306,298.672729015595,298.152619799915,298.77057455187
25190,22.9691677801844,728729.675924757,884870.723168319,1613600.39909308,295.104459952749,294.233768722293,295.439000389759
25200,22.9782861477033,741214.371508045,872388.397080237,1613602.76858828,290.94160316166,290.934394642096,290.703957505402
25210,22.9874045152222,750950.71798739,862654.787716074,1613605.50570346,287.695443627172,290.127781038036,285.83413915024
25220,22.9965228827412,753293.876008829,860312.507330405,1613606.38333923,286.914292923263,291.358065493652,283.712682632235
25230,23.0056412502601,747283.288098319,866318.554007169,1613601.84210549,288.917309990718,292.09961181892,286.555011013593
25240,23.014759617779,738811.499331725,874788.479040484,1613599.97837221,291.742030695509,290.98835655262,292.001361765189
25250,23.0238779852979,731210.210285995,882390.909624595,1613601.11991059,294.277441929163,290.092479413681,296.822185737876
25260,23.0329963528169,723781.940834566,889817.258534567,1613599.19936913,296.754129909811,291.214992284065,300.199593218715
25270,23.0421147203358,719239.851221383,894356.401775034,1613596.25299642,298.267934558958,293.046321274396,301.500453469865
25280,23.0512330878547,721480.878493036,892116.296767994,1613597.17526103,297.520859352341,293.098722615808,300.221016460569
25290,23.0603514553737,728542.84541649,885059.479753471,1613602.32516996,295.167410289635,292.171284837234,296.918854415994
25300,23.0694698228926,732747.522817519,880856.192651229,1613603.71546875,293.765613690588,292.230083369078,294.54449589352
25310,23.0785881904115,731662.280680052,881936.515261451,1613598.7959415,294.125901371169,292.983601955339,294.642329397247
25320,23.0877065579305,731023.195349572,882575.543882335,1613598.73923191,294.339017469513,292.807625636601,295.114662843563
25330,23.0968249254494,731327.536984178,882275.459453445,1613602.99643762,294.238939287459,293.094644651537,294.756603261999
25340,23.1059432929683,727719.012416271,885883.599185163,1613602.61160143,295.442254188816,295.851321824099,294.923340553469
25350,23.1150616604872,720613.829319436,892986.239739987,1613600.06905942,297.810985406032,298.484426989392,297.113848529288
25360,23.1241800280062,714276.29346868,899321.89572178,1613598.18919046,299.923927204195,297.337286782492,301.398417545993
25370,23.1332983955251,712287.625494266,901310.236592602,1613597.86208687,300.587039050393,292.624029346974,305.645222986798
25380,23.142416763044,716017.253042898,897580.169121521,1613597.42216442,299.343061237793,287.460562310209,307.015274638484
25390,23.151535130563,725456.419162371,888143.296901393,1613599.71606376,296.19586356558,283.527120667587,304.394862277939
25400,23.1606534980819,736159.761789855,877443.670002638,1613603.43179249,292.627537102764,281.640336962242,299.708480915527
25410,23.1697718656008,742678.253115533,870923.293136404,1613601.54625194,290.452990874238,282.898999644944,295.246940868039
25420,23.1788902331198,746225.096451364,867375.474566964,1613600.57101833,289.269793085531,286.757031006076,290.703909644263
25430,23.1880086006387,748139.097738727,865462.527899224,1613601.62563795,288.631825212348,292.020750184486,286.132015376577
25440,23.1971269681576,747035.009518835,866568.236066482,1613603.24558532,289.000578978317,297.759669837578,282.920351256325
25450,23.2062453356765,740887.312020201,872716.009463465,1613603.32148367,291.050861918781,303.264567166837,282.665849368479
25460,23.2153637031955,730411.777149847,883187.851483202,1613599.62863305,294.543222105453,307.736991129524,285.501923404317
25470,23.2244820707144,721514.945784554,892080.927693317,1613595.87347787,297.509063762987,308.862282638858,289.692326959271
25480,23.2336004382333,719559.31382068,894038.968392335,1613598.28221302,298.162070499362,305.168252851296,293.242813872656
25490,23.2427188057523,721695.530624401,891906.2988024,1613601.8294268,297.450825013307,299.34183905383,295.942273298779
25500,23.2518371732712,723015.146490134,890585.992504451,1613601.13899458,297.01050275286,295.313096531004,297.894598148471
25510,23.2609555407901,724153.006896633,889446.276711541,1613599.28360817,296.630407440901,294.831585708122,297.582429923221
25520,23.2700739083091,727582.105201036,886018.5111146,1613600.61631564,295.487247328531,296.388846217806,294.639942029573
25530,23.279192275828,731963.785380859,881638.169292542,1613601.9546734,294.026402965663,297.965480345521,291.15532937662
25540,23.2883106433469,735364.634534245,878237.116692659,1613601.7512269,292.89215164004,298.684804428151,288.786306321598
25550,23.2974290108658,737475.364507393,876126.967818887,1613602.33232628,292.188416814703,297.786945328731,288.212574124671
25560,23.3065473783848,737901.857888522,875698.698702259,1613600.55659078,292.045589028601,295.955679324999,289.195490840143
25570,23.3156657459037,739580.859077852,874016.241910628,1613597.10098848,291.484489548317,292.595639408263,290.500819233729
25580,23.3247841134226,746724.340402014,866875.124007067,1613599.46440908,289.102926132088,285.491245314418,291.269794238759
25590,23.3339024809416,755236.431646098,858369.452436921,1613605.88408302,286.266283954284,276.757194935958,292.367121396539
25600,23.3430208484605,756208.066142368,857397.36342192,1613605.42956429,285.942092186733,272.198681658973,294.866080795085
25610,23.3521392159794,748831.90596852,864773.043353268,1613604.94932179,288.401882058785,274.492412965353,297.434526552691
25620,23.3612575834984,734352.967929519,879252.013682048,1613604.98161157,293.230619870618,283.013712502091,299.797532599743
25630,23.3703759510173,715403.219192705,898193.674182513,1613596.89337522,299.547665226784,293.852899488634,303.094552664529
25640,23.3794943185362,703731.767473126,909860.189486976,1613591.9569601,303.438449053519,300.389710249844,305.218076215091
25650,23.3886126860551,706355.351598845,907241.596433049,1613596.94803189,302.565148051709,300.193499988973,303.894109136824
25660,23.3977310535741,716490.314983661,897112.812810209,1613603.12779387,299.187197869004,296.199952185079,300.92937232673
25670,23.406849421093,724860.895738389,888742.275807674,1613603.17154606,296.395623080765,292.46699655759,298.767711076981
25680,23.4159677886119,729795.260991946,883806.285363647,1613601.54635559,294.749469856144,291.251224072743,296.836009153531
25690,23.4250861561309,732579.882807106,881022.28004994,1613602.16285705,293.821003851906,292.766570666255,294.279108472464
25700,23.4342045236498,731968.954864087,881635.606303722,1613604.56116781,294.025548208678,296.027137750428,292.446133890672
25710,23.4433228911687,725713.521195523,887885.839088849,1613599.36028437,296.110001363632,301.124613443901,292.520168308982
25720,23.4524412586876,721857.458530892,891734.299547007,1613591.7580779,297.393463247293,304.64014453883,292.314514500229
25730,23.4615596262066,730501.621081525,883096.009767261,1613597.63084879,294.51259288553,301.790390587604,289.415300590075
25740,23.4706779937255,744230.1188125,869375.081093021,1613605.19990552,289.936662028688,293.423153199247,287.370720696625
25750,23.4797963612444,751700.9878783,861905.198223482,1613606.18610178,287.445455468895,284.13450601771,289.413217223461
25760,23.4889147287634,750128.716227153,863475.909889368,1613604.62611652,287.969287940426,278.902928594574,293.773553097711
25770,23.4980330962823,741769.128811629,871831.583917926,1613600.71272955,290.755905925605,280.909040967817,297.078185975858
25780,23.5071514638012,732013.083333862,881586.127391716,1613599.21072558,294.009046987399,287.991104248021,297.776001274495
25790,23.5162698313202,724199.426207064,889399.093208255,1613598.51941532,296.614671738621,296.157959837468,296.671967446274
25800,23.5253881988391,720338.090649056,893260.021687157,1613598.11233621,297.90229170824,302.25041943999,294.755287977316
25810,23.534506566358,722119.352855613,891477.792035534,1613597.14489115,297.30791797083,303.864036179002,292.689415900407
25820,23.5436249338769,730771.793864806,882826.593772353,1613598.38763716,294.422742628765,299.612164735913,290.717775605143
25830,23.5527433013959,743553.002931897,870050.35715698,1613603.36008888,290.16186665232,290.617018682171,289.616630410208
25840,23.5618616689148,752727.235072579,860879.297860986,1613606.53293357,287.103317612468,282.173865369617,290.150366343025
25850,23.5709800364337,753355.556715246,860247.834572692,1613603.39128794,286.892724553174,279.189021072578,291.78944960311
25860,23.5800984039527,749450.986205552,864148.083167007,1613599.06937256,288.193457784561,279.579843781086,293.69570590539
25870,23.5892167714716,747010.839363912,866589.795485949,1613600.63484986,289.007769046506,279.405998847762,295.168109371464
25880,23.5983351389905,745050.489669347,868552.1976031,1613602.68727245,289.662230316191,279.294080237087,296.332945176997
25890,23.6074535065095,740441.980385305,873162.20185123,1613604.18223654,291.199667117302,281.469000729353,297.444111653337
25900,23.6165718740284,732139.468811663,881460.027597246,1613599.49640891,293.96699269543,285.742292814934,299.205153455179
25910,23.6256902415473,726500.85343902,887095.593799106,1613596.44723813,295.846454493615,289.074385347331,300.114628545727
25920,23.6348086090662,728110.723729338,885487.966875189,1613598.69060453,295.310310780453,290.068411321557,298.558818494067
25930,23.6439269765852,733585.863999173,880017.495579402,1613603.35957858,293.485908147208,290.155329416538,295.461722377532
25940,23.6530453441041,735799.392686497,877806.460363749,1613605.85305025,292.748527718442,290.512320751478,293.995375256652
25950,23.662163711623,731424.259368201,882178.639127955,1613602.89849616,294.206649700835,290.826616204367,296.214833157063
25960,23.671282079142,724875.928845985,888723.410871889,1613599.33971787,296.389331623108,289.907149506654,300.463795257724
25970,23.6804004466609,722334.603594206,891263.405952352,1613598.00954656,297.236420194215,287.351699540132,303.578536946774
25980,23.6895188141798,726265.525942032,887335.231352047,1613600.75729408,295.926373637501,283.549795052955,303.930820715836
25990,23.6986371816988,732808.294867484,880796.196402541,1613604.49127003,293.745604936649,279.353273587258,303.095704498796
26000,23.7077555492177,736389.165288225,877215.379873493,1613604.54516172,292.55140232566,276.31202832544,303.133858823871
26010,23.7168739167366,736544.28914452,877057.232104895,1613601.52124941,292.498660031647,275.683003216379,303.465349025133
26020,23.7259922842555,737091.152715083,876509.7840686,1613600.93678368,292.3160860659,276.899358636447,302.350307613814
26030,23.7351106517745,739469.776848507,874131.460915733,1613601.23776424,291.522915096126,278.650150843874,299.861822168381
26040,23.7442290192934,743190.702042644,870412.272804444,1613602.97484709,290.282565550923,279.581357617511,297.174802035238
26050,23.7533473868123,746020.462511868,867583.80818253,1613604.2706944,289.339272363692,279.655994439521,295.553674919502
26060,23.7624657543313,745961.44764762,867643.381906612,1613604.82955423,289.35914020564,280.320825233186,295.143550903773
26070,23.7715841218502,741817.12042204,871786.944090065,1613604.0645121,290.741018539291,283.082981769731,295.604092203549
26080,23.7807024893691,734670.595055603,878931.174855046,1613601.76991065,293.123620095063,287.674720263429,296.511950299405
26090,23.7898208568881,728492.686403833,885105.744223437,1613598.43062727,295.182839494226,291.680044517797,297.272050445598
26100,23.798939224407,728026.679316442,885570.247803576,1613596.92712002,295.33775147693,292.254448227348,297.147172183754
26110,23.8080575919259,734507.461112474,879093.80818255,1613601.26929502,293.177858323345,288.592586784871,295.990391133724
26120,23.8171759594448,741003.240244449,872603.141699148,1613606.3819436,291.013220509971,283.841175618242,295.552072754032
26130,23.8262943269638,739822.887332696,873781.561369744,1613604.44870244,291.406223568365,282.389019249081,297.174854594914
26140,23.8354126944827,732826.476028702,880772.917056277,1613599.39308498,293.737841272729,285.377727560358,299.066468879914
26150,23.8445310620016,726885.14485252,886711.943412005,1613597.08826452,295.71850705753,289.784301105226,299.428212269853
26160,23.8536494295206,726148.87858138,887449.183557909,1613598.06213929,295.964376707657,291.581220314962,298.639843988863
26170,23.8627677970395,729913.717288511,883687.238166596,1613600.95545511,294.709767606002,289.677399199495,297.819088404
26180,23.8718861645584,734303.851090086,879298.201478289,1613602.05256837,293.246023504515,287.217536670122,297.02064304119
26190,23.8810045320774,737016.304148503,876586.254045855,1613602.55819436,292.34158880969,287.188937569352,295.533071645907
26200,23.8901228995963,737379.466801994,876221.616177041,1613601.08297903,292.219982050039,290.585770464017,293.065939789012
26210,23.8992412671152,736911.574767896,876689.458130517,1613601.03289841,292.376007380529,295.843408106423,289.820760223783
26220,23.9083596346341,735221.973199334,878380.991427418,1613602.96462675,292.940133876077,300.926430683305,287.371819226361
26230,23.9174780021531,729500.301656841,884101.902080235,1613602.20373708,294.848058055773,305.180873190324,287.713807917693
26240,23.926596369672,721299.67905619,892297.436204891,1613597.11526108,297.581269369648,307.404143142051,290.784702463573
26250,23.9357147371909,717373.626497639,896223.729749843,1613597.35624748,298.890688594245,305.846288747098,294.004546251847
26260,23.9448331047099,718540.278422375,895059.154559702,1613599.43298208,298.502302671236,302.169732044217,295.808597837023
26270,23.9539514722288,722425.635618683,891174.280088622,1613599.91570731,297.20669671123,299.234637299435,295.607064071834
26280,23.9630698397477,728125.174970326,885475.760556019,1613600.93552635,295.306239971992,297.41613426423,293.653555243857
26290,23.9721882072667,734489.10532205,879111.137407582,1613600.24272963,293.183637621338,295.822455918494,291.180105725216
26300,23.9813065747856,740853.300208867,872749.121766295,1613602.42197516,291.061904874536,293.352600361031,289.29222296281
26310,23.9904249423045,743146.875110277,870457.294270047,1613604.16938032,290.297580213456,290.66471567014,289.810908592155
26320,23.9995433098234,738011.542200769,875593.066672437,1613604.60887321,292.010360737848,289.251742903831,293.606097326578
26330,24.0086616773424,725879.257846736,887722.093538699,1613601.35138543,296.055392209004,290.093691741664,299.783146360389
26340,24.0177800448613,713111.006169196,900484.490633767,1613595.49680296,300.311652704274,292.995702829047,304.938692910506
26350,24.0268984123802,709584.449330656,904007.724128385,1613592.17345904,301.486651368479,295.086749845801,305.502013507459
26360,24.0360167798992,719965.130451236,893632.98787812,1613598.11832936,298.026675964022,292.575195729711,301.412640556925
26370,24.0451351474181,735995.863029989,877610.422066014,1613606.285096,292.683148929803,287.129454521059,296.141709244857
26380,24.054253514937,745944.625466403,867662.179467812,1613606.80493421,289.365409193868,283.885174935813,292.777760858243
26390,24.063371882456,747947.751118004,865655.897965188,1613603.64908319,288.696314145469,283.787254458247,291.728440341828
26400,24.0724902499749,746416.697252887,867185.140593039,1613601.83784593,289.206316689358,284.452719349952,292.134376318388
26410,24.0816086174938,744883.204108825,868717.910841542,1613601.11495037,289.717495695028,284.667982662536,292.842406470278
26420,24.0907269850127,745095.658190524,868505.377140285,1613601.03533081,289.646615687939,284.181814713242,293.048444157997
26430,24.0998453525317,746883.262009702,866720.017680294,1613603.27969,289.051198159177,282.702730990131,293.042633606742
26440,24.1089637200506,746914.18407343,866691.885002727,1613606.06907616,289.041815908863,281.06170390228,294.121022399995
26450,24.1180820875695,741689.742552069,871914.534767071,1613604.27731914,290.783570040711,281.137738463,296.971804784152
26460,24.1272004550885,734783.972132231,878813.193430689,1613597.16556292,293.084273280203,282.809813667406,299.689676127667
26470,24.1363188226074,735298.571906363,878299.361791182,1613597.93369754,292.912910385587,284.109765645903,298.537579453389
26480,24.1454371901263,742099.098368036,871504.830127288,1613603.92849532,290.646933509184,285.173001285998,294.054015880052
26490,24.1545555576453,746306.042307294,867298.947875975,1613604.99018327,289.244271427706,287.711443224167,290.025120003874
26500,24.1636739251642,745002.15339777,868600.155977429,1613602.3093752,289.678224438029,291.349859288547,288.322402683985
26510,24.1727922926831,740999.571126962,872601.080493393,1613600.65162035,291.01253309768,293.629929278467,289.02509186624
26520,24.181910660202,737193.696662402,876404.678205092,1613598.37486749,292.281033251657,293.487063468516,291.233445579373
26530,24.191029027721,736735.840267347,876862.501896426,1613598.34216377,292.433717490888,291.905734243178,292.542011558118
26540,24.2001473952399,739128.613340412,874473.925848087,1613602.5391885,291.637127179619,290.128918413131,292.399568751295
26550,24.2092657627588,737975.814729913,875630.755277762,1613606.57000767,292.022929890866,288.722748709826,293.979698236651
26560,24.2183841302778,728595.242304015,885006.241171716,1613601.48347573,295.149655218181,287.793568972476,299.807754669302
26570,24.2275024977967,718503.845538812,895091.529631725,1613595.37517054,298.513099760455,287.493009360421,305.611065777344
26580,24.2366208653156,716821.093505405,896775.725502987,1613596.81900839,299.074779223941,288.0804794544,306.155083420948
26590,24.2457392328346,722076.111088149,891525.491204504,1613601.60229265,297.323825647658,289.184412533569,302.502331202345
26600,24.2548576003535,727098.542904147,886505.844793936,1613604.38769808,295.649773151221,289.938415226499,299.210970290075
26610,24.2639759678724,727575.291267785,886027.224908723,1613602.51617651,295.490153379597,290.236837876711,298.746121920373
26620,24.2730943353913,726421.79520776,887175.677540442,1613597.4727482,295.873162428028,289.469679011797,299.895590403492
26630,24.2822127029103,730691.449646005,882904.69014319,1613596.13978919,294.448787774951,286.281737384229,299.648114045619
26640,24.2913310704292,741908.397492643,871693.071358181,1613601.46885082,290.709711975381,281.519705729778,296.59412471247
26650,24.3004494379481,751701.269200649,861908.050580654,1613609.3197813,287.44640673025,278.413771202019,293.228625076795
26660,24.3095678054671,749373.668914412,864233.589498163,1613607.25841257,288.221974153131,279.493049868204,293.801072031288
26670,24.318686172986,738097.666226066,875500.260601357,1613597.92682742,291.979409905405,282.751881904581,297.887779064368
26680,24.3278045405049,731053.924600949,882541.414727525,1613595.33932847,294.327635393538,284.849140992234,300.40135863158
26690,24.3369229080239,732749.532504621,880850.376364564,1613599.90886919,293.763673958501,285.650230706111,298.927833065128
26700,24.3460412755428,737237.474490569,876364.866896899,1613602.34138747,292.267756177055,286.880545356507,295.61567359394
26710,24.3551596430617,740113.488272177,873489.037404829,1613602.52567701,291.308666801677,288.644912277496,292.841745928797
26720,24.3642780105806,740238.482177112,873364.63802151,1613603.12019862,291.267179596968,290.577045442484,291.484546383626
26730,24.3733963780996,737538.013269599,876062.366457059,1613600.37972666,292.166872255147,293.39267059856,291.106200965993
26740,24.3825147456185,735585.577004313,878014.671310629,1613600.24831494,292.817966086586,296.813412357355,289.910320267668
26750,24.3916331131374,735860.07602488,877740.609754313,1613600.68577919,292.726566534705,299.519378284475,287.954086562745
26760,24.4007514806564,737574.93807883,876028.677656342,1613603.61573517,292.155637037299,299.629850868428,286.929364785683
26770,24.4098698481753,737140.725839926,876462.402394854,1613603.12823478,292.300284273755,297.164711027207,288.813749534559
26780,24.4189882156942,734404.131963342,879198.193437955,1613602.3254013,293.212670814726,293.826819831316,292.558894244654
26790,24.4281065832132,730512.781887781,883089.403368788,1613602.18525657,294.510389651088,291.283290090134,296.416364033681
26800,24.4372249507321,726377.398046556,887222.854301598,1613600.25234815,295.888895881807,289.738801458297,299.742384750912
26810,24.446343318251,725215.800207305,888382.881704956,1613598.68191226,296.275765117544,286.87775991967,302.294205445195
26820,24.4554616857699,729239.435821519,884361.719414822,1613601.15523634,294.93470715852,281.401314113434,303.711190265945
26830,24.4645800532889,734565.857886261,879039.563310188,1613605.42119645,293.15976765389,276.458832697953,304.049424484803
26840,24.4736984208078,735035.273512847,878569.141375316,1613604.41488816,293.002881899388,275.955125035447,304.123884073767
26850,24.4828167883267,731824.069935493,881774.499378714,1613598.56931421,294.071869060769,279.773248288239,303.359223018238
26860,24.4919351558457,732459.436106168,881137.007945683,1613596.44405185,293.859265614702,284.530985220418,299.833236489545
26870,24.5010535233646,739159.902415578,874440.788359947,1613600.69077553,291.626075824561,287.238657536916,294.307999619806
26880,24.5101718908835,745549.421061755,868055.268894726,1613604.68995648,289.496504550517,288.132038596937,290.164901432444
26890,24.5192902584024,744963.890847901,868642.578485701,1613606.4693336,289.692372348075,289.426560766247,289.628169759003
26900,24.5284086259214,735720.922164265,877880.350495049,1613601.27265931,292.773170083391,291.891710865565,293.116831920206
26910,24.5375269934403,725497.415520399,888099.760746354,1613597.17626675,296.181344254245,293.41584436374,297.778193061037
26920,24.5466453609592,721007.817433445,892591.157265564,1613598.97469901,297.679225367872,292.598767133342,300.818131503086
26930,24.5557637284782,721241.077863491,892359.374430433,1613600.45229392,297.601925773031,290.82637381286,301.870958808334
26940,24.5648820959971,724139.96403516,889460.973961219,1613600.93799638,296.635308974894,289.507105216339,301.140248723118
26950,24.574000463516,728437.125775188,885165.700979017,1613602.82675421,295.202835077211,288.792038849682,299.230696866333
26960,24.583118831035,730865.558632477,882740.459786956,1613606.01841943,294.394016937454,289.16744943938,297.633066922056
26970,24.5922371985539,728313.98945491,885288.165333149,1613602.15478806,295.243676949524,290.501371613492,298.159177442755
26980,24.6013555660728,725962.71854138,887636.878395021,1613599.5969364,296.026972951483,291.129465948732,299.045288475856
26990,24.6104739335917,727383.50940675,886219.409448004,1613602.91885475,295.554246939471,290.917079716179,298.399396549216
27000,24.6195923011107,728496.708742228,885107.260455401,1613603.96919763,295.183345157712,292.203080667834,296.92420203
27010,24.6287106686296,728026.06474011,885573.396803446,1613599.46154356,295.33880166865,294.541486014716,295.624229769881
27020,24.6378290361485,731326.880371659,882272.130134873,1613599.01050653,294.237828959438,295.148136900961,293.385758807622
27030,24.6469474036675,738869.05234768,874733.208181481,1613602.26052916,291.723597859423,293.762404001798,290.121290766291
27040,24.6560657711864,745836.181212156,867766.480576747,1613602.6617889,289.400193622393,291.827158493554,287.5410502136
27050,24.6651841387053,750035.149120507,863568.317955927,1613603.46707643,288.000106038328,290.157323876565,286.321960724472
27060,24.6743025062243,749952.255099603,863651.276041792,1613603.53114139,288.027772566881,289.445336805645,286.842706597234
27070,24.6834208737432,746145.809191821,867454.952647506,1613600.76183933,289.296299032018,290.520408887008,288.239145546164
27080,24.6925392412621,742188.515790732,871413.017425056,1613601.53321579,290.616313965335,292.738437243418,288.959384851642
27090,24.701657608781,738160.132602655,875441.125496915,1613601.25809957,291.959688343143,294.721674368948,289.875064585653
27100,24.7107759763,734823.256316242,878776.146532769,1613599.40284901,293.071918136658,294.924219325791,291.592824078789
27110,24.7198943438189,735339.930745574,878257.545936994,1613597.47668257,292.898964794729,292.688155442147,292.795421892454
27120,24.7290127113378,741565.162557986,872036.579340654,1613601.74189864,290.824271916176,288.685165140696,292.0079895399
27130,24.7381310788568,746762.384575919,866845.40327303,1613607.78784895,289.093014264809,286.082003342356,290.859444034557
27140,24.7472494463757,742307.602059962,871297.689241994,1613605.29130196,290.577852006668,287.20542350715,292.583989463007
27150,24.7563678138946,730960.501513843,882639.195396075,1613599.69690992,294.360245254652,289.356680069861,297.450655173468
27160,24.7654861814136,721735.057964725,891860.552773936,1613595.61073866,297.435568709,289.297425133752,302.61313478524
27170,24.7746045489325,721134.151469295,892464.610356461,1613598.76182576,297.637021963135,286.615414791211,304.736729226116
27180,24.7837229164514,725739.633995708,887863.91063364,1613603.54462935,296.102688221991,284.411067569908,303.650349749861
27190,24.7928412839703,729266.158882476,884335.156290643,1613601.31517312,294.925848354391,285.461066794116,300.989931187613
27200,24.8019596514893,733260.534206843,880338.744623303,1613599.27883015,293.593044730133,287.618927759707,297.331128506473
27210,24.8110780190082,739379.636529273,874221.717738217,1613601.35426749,291.553015753949,287.523364356603,293.996489172384
27220,24.8201963865271,744317.300846541,869284.854331438,1613602.15517798,289.906571396178,285.690751577833,292.475529132243
27230,24.8293147540461,746081.04549671,867521.424320351,1613602.46981706,289.318467340454,283.958018823258,292.651000962468
27240,24.838433121565,743846.026609989,869757.333549678,1613603.36015967,290.064143254853,283.30550603203,294.328181284025
27250,24.8475514890839,738140.278481759,875457.403854005,1613597.68233576,291.96511717659,284.499693625328,296.69876194645
27260,24.8566698566029,736937.360926429,876658.81384004,1613596.17476647,292.3657875071,285.968670872004,296.386893774242
27270,24.8657882241218,742635.56247929,870967.597788946,1613603.16026824,290.467766479555,285.847647353503,293.305789424857
27280,24.8749065916407,746685.970533224,866920.119671306,1613606.09020453,289.117932189864,283.887580991911,292.36390137834
27290,24.8840249591596,744397.292514745,869207.266368287,1613604.55888303,289.880695803998,280.939721911773,295.599777818978
27300,24.8931433266786,737687.738166865,875914.804794287,1613602.54296115,292.11766042831,279.741335817527,300.125112118477
27310,24.9022616941975,730262.373908547,883337.089154599,1613599.46306315,294.592992881307,282.487351778793,302.417926122249
27320,24.9113800617164,726770.417700582,886827.759025799,1613598.17672638,295.757131574387,288.100503214533,300.615086204644
27330,24.9204984292354,728512.147152976,885089.946928057,1613602.09408103,295.1775710949,293.435637079453,296.092879129284
27340,24.9296167967543,730434.069802801,883169.955682448,1613604.02548525,294.53725385441,296.694406336422,292.85370448819
27350,24.9387351642732,730061.127934734,883540.574576514,1613601.70251125,294.660855286481,297.324968393849,292.639229168831
27360,24.9478535317922,730601.321445295,883000.102748273,1613601.42419357,294.480607886701,295.559899010419,293.515679964317
27370,24.9569718993111,733295.850852481,880307.016335062,1613602.86718754,293.582463343359,293.181299916309,293.605253575274
27380,24.96609026683,736648.691536894,876954.149116513,1613602.84065341,292.464281846427,291.327877740857,292.978164348602
27390,24.9752086343489,739963.384579664,873640.00176599,1613603.38634565,291.359013428711,289.682863056006,292.233647832657
27400,24.9843270018679,741903.791290529,871699.669462269,1613603.4607528,290.711912443645,288.346425020396,292.046644132108
27410,24.9934453693868,742407.633227446,871192.999748719,1613600.63297616,290.542938051932,288.088541197694,291.937083506381
27420,25.0025637369057,744960.748600046,868639.363922912,1613600.11252296,289.691300291116,287.683573704113,290.788375265542
27430,25.0116821044247,750265.573810048,863337.729886896,1613603.30369694,287.923204898081,285.357786811436,289.393547618428
27440,25.0208004719436,753871.510879355,859734.39435829,1613605.90523764,286.721492198863,281.962708752129,289.655079919853
27450,25.0299188394625,752522.881135961,861079.450155274,1613602.33129123,287.170068419301,279.684686201541,291.921014840792
27460,25.0390372069815,750527.867194226,863071.350871504,1613599.21806573,287.834367474238,279.092754800349,293.422247283936
27470,25.0481555745004,751806.784116543,861794.61477993,1613601.39889647,287.408575881251,279.88552882601,292.184433438176
27480,25.0572739420193,753224.445348395,860380.839189867,1613605.28453826,286.937081604091,282.783074119251,289.467305692648
27490,25.0663923095382,749013.238651228,864593.245592769,1613606.484244,288.341919490668,289.073258837114,287.614074993462
27500,25.0755106770572,737679.593828694,875922.958990111,1613602.5528188,292.120379853297,297.726068964943,288.139820128988
27510,25.0846290445761,724675.998288978,888922.958352299,1613598.95664128,296.455880724462,304.565777239464,290.802236480524
27520,25.093747412095,716215.624885284,897380.310661015,1613595.9355463,299.276408424551,306.061922261327,294.503335526346
27530,25.102865779614,716863.850491167,896732.997050952,1613596.84754212,299.060529281625,302.056160231524,296.814224873957
27540,25.1119841471329,725184.619925847,888417.55362321,1613602.17354906,296.287328205173,295.725529449334,296.414954602228
27550,25.1211025146518,733040.431462565,880566.018511764,1613606.44997433,293.668840590883,290.741647236575,295.375578793263
27560,25.1302208821708,733524.017833322,880082.314543552,1613606.33237687,293.507525277156,288.545324482523,296.571069535846
27570,25.1393392496897,726557.62112456,887045.064186924,1613602.68531148,295.82960286374,289.027847412289,300.117581828987
27580,25.1484576172086,717523.053281293,896077.297984924,1613600.35126622,298.841853588436,291.329380257219,303.60113426459
27590,25.1575759847275,710675.237626347,902923.838158887,1613599.07578523,301.125175307283,294.283390332439,305.435427644421
27600,25.1666943522465,708316.730714104,905281.893354955,1613598.62406906,301.911586911774,297.279093642611,304.748322768789
27610,25.1758127197654,710463.060334187,903138.282728419,1613601.34306261,301.196692589101,300.397760096911,301.478317006738
27620,25.1849310872843,713629.230583783,899971.239808401,1613600.47039218,300.140483511222,303.514451080571,297.64105472873
27630,25.1940494548033,718194.708854109,895403.606654437,1613598.31550855,298.617177473549,305.351240538945,293.878954448723
27640,25.2031678223222,726366.955066576,887232.401093709,1613599.35616028,295.892079737772,304.304611188364,290.037148704263
27650,25.2122861898411,735804.743021658,877797.466454092,1613602.20947575,292.745528248822,300.308855519353,287.459355461594
27660,25.2214045573601,742800.132772116,870799.523719873,1613599.65649199,290.411713763506,294.811163850968,287.236737277061
27670,25.230522924879,749042.798320432,864558.713154477,1613601.51147491,288.330402919619,288.60916974125,287.904283036099
27680,25.2396412923979,752479.193626802,861123.064170133,1613602.25779693,287.184613696893,283.74918051248,289.235581975086
27690,25.2487596599168,751780.227430856,861821.253070132,1613601.48050099,287.417459753254,281.714664801213,290.979808504821
27700,25.2578780274358,747791.159196881,865810.205697826,1613601.36489471,288.747775787169,282.000248994598,293.005503835727
27710,25.2669963949547,741909.184440193,871689.771627588,1613598.95606778,290.708611514954,283.332547333312,295.383730459785
27720,25.2761147624736,738056.178714032,875542.526387977,1613598.70510201,291.993505548767,284.685174452017,296.622398358642
27730,25.2852331299926,737314.466975669,876285.541394355,1613600.00837002,292.241301115343,286.438031127073,295.866613356593
27740,25.2943514975115,738125.238058112,875475.781359244,1613601.01941736,291.971246076119,288.789911746993,293.84882625714
27750,25.3034698650304,738556.045410098,875047.612145887,1613603.65755598,291.828451607766,291.367214772592,291.892752454877
27760,25.3125882325494,735096.11020411,878508.557955602,1613604.66815971,292.982677323863,294.991225982421,291.399492653721
27770,25.3217066000683,727486.312966106,886114.547077372,1613600.86004348,295.519275330122,301.05303082712,291.583838936015
27780,25.3308249675872,721064.536410086,892535.29794194,1613599.83435203,297.660596278786,306.355939273623,291.615650451996
27790,25.3399433351061,718733.908237366,894863.806241479,1613597.71447885,298.437153990822,306.93645593424,292.522255066884
27800,25.3490617026251,723293.191390586,890304.684862513,1613597.8762531,296.91668663082,302.047603622418,293.248644730895
27810,25.358180070144,733914.265790641,879688.339578104,1613602.60536874,293.376134593331,294.262975525104,292.540427193322
27820,25.3672984376629,743575.449941297,870030.733137002,1613606.1830783,290.155322040021,287.218993902892,291.87107802974
27830,25.3764168051819,746911.903002441,866692.434536384,1613604.33753883,289.041999178384,282.94534495721,292.865566993184
27840,25.3855351727008,745694.302858103,867908.989701943,1613603.29256005,289.447720427528,281.882210532903,294.250187256922
27850,25.3946535402197,742014.485819041,871589.084244555,1613603.5700636,290.675032264317,284.231070121214,294.728777832832
27860,25.4037719077387,736094.022040854,877509.011625656,1613603.03366651,292.649328539488,288.483713988575,295.182530466315
27870,25.4128902752576,729264.592915745,884335.072232242,1613599.66514799,294.925820320908,291.964108965327,296.654523041028
27880,25.4220086427765,725936.626621583,887660.702119363,1613597.32874095,296.034918165537,291.707953252672,298.672865675643
27890,25.4311270102954,728878.409567603,884720.768712781,1613599.17828038,295.054450129325,287.504247133692,299.84204008464
27900,25.4402453778144,735815.610151077,877784.865242637,1613600.47539371,292.741325743751,281.79794642233,299.792960853246
27910,25.4493637453333,744754.737112543,868845.320712724,1613600.05782527,289.75998689769,276.07763525752,298.640088002053
27920,25.4584821128522,755290.502275268,858311.055989053,1613601.55826432,286.246808734051,271.508478092272,295.83382348796
27930,25.4676004803712,764401.112371946,849203.527570115,1613604.63994206,283.209447246995,269.393506746588,292.184066374561
27940,25.4767188478901,766805.668769826,846800.761918446,1613606.43068827,282.408124701833,270.315986425088,290.234210115744
27950,25.485837215409,759743.753597752,853860.554812865,1613604.30841062,284.762566220732,274.622941251159,291.285014061929
27960,25.494955582928,746551.829575161,867048.192023354,1613600.02159851,289.16064432995,281.95809619373,293.72137588382
27970,25.5040739504469,734029.437195292,879568.768244119,1613598.20543941,293.336257543478,289.67790087899,295.530715105184
27980,25.5131923179658,726107.479966022,887490.763032316,1613598.24299834,295.978243465838,294.852258618469,296.482251494531
27990,25.5223106854847,723915.63259888,889681.559374816,1613597.1919737,296.70887422872,296.504346315994,296.597968775345
28000,25.5314290530037,728234.45667971,885366.144358014,1613600.60103772,295.269682960818,294.828520285553,295.317733341861
28010,25.5405474205226,733747.172492508,879858.964302312,1613606.13679482,293.43303795308,292.026541483109,294.126174734767
28020,25.5496657880415,732687.595334703,880917.968165856,1613605.56350056,293.786215829867,290.846608891616,295.501131942176
28030,25.5587841555605,725798.880209118,887801.058472524,1613599.93868164,296.081727021019,291.542070907578,298.861429657461
28040,25.5679025230794,721180.426971588,892417.356838548,1613597.78381014,297.621262910971,291.433923710671,301.49813799208
28050,25.5770208905983,722987.435658837,890612.117456038,1613599.55311488,297.019215426393,288.798019978104,302.252496379063
28060,25.5861392581172,729809.147994305,883791.319023892,1613600.4670182,294.744478580588,284.810377994127,301.121591906077
28070,25.5952576256362,739113.388690451,874490.940024625,1613604.32871508,291.642801408913,280.981662992542,298.507191351985
28080,25.6043759931551,745900.294615954,867701.53879366,1613601.83340961,289.378535532319,278.725234049493,296.239587741259
28090,25.613494360674,751766.901760928,861834.891103617,1613601.79286455,287.422008038558,278.311881937067,293.25590709952
28100,25.622612728193,755526.618382229,858081.571425923,1613608.18980815,286.170275613114,279.378740983438,290.459490136553
28110,25.6317310957119,749386.626128214,864220.026460464,1613606.65258868,288.217450878927,281.074464409596,292.739260649415
28120,25.6408494632308,735430.650943543,878170.149292816,1613600.80023636,292.869818006609,282.324876988211,299.655720503868
28130,25.6499678307498,723125.368881867,890471.107518258,1613596.47640013,296.972188600386,283.28880779418,305.846965647358
28140,25.6590861982687,719042.360392737,894557.201178971,1613599.56157171,298.334901176912,283.937811975927,307.684348226588
28150,25.6682045657876,718998.147493502,894607.730567558,1613605.87806106,298.351752732219,284.617063822361,307.259585544849
28160,25.6773229333065,714728.904412594,898875.325952859,1613604.23036545,299.774996149028,286.341325679008,308.480963965583
28170,25.6864413008255,708053.959257943,905545.279084443,1613599.23834239,301.999426074518,288.578862360368,310.694802362223
28180,25.6955596683444,706237.945273152,907359.127956719,1613597.07322987,302.604344824652,289.237342466506,311.263509442728
28190,25.7046780358633,713342.902867316,900253.375823674,1613596.27869099,300.234575895839,286.642224849074,309.045947780436
28200,25.7137964033823,729812.650255657,883786.794922295,1613599.44517795,294.742969792328,281.591924231638,303.264714357961
28210,25.7229147709012,749750.294352452,863855.739923897,1613606.03427635,288.09596128861,277.859694974227,294.680058863791
28220,25.7320331384201,762796.912571377,850812.529365048,1613609.44193643,283.746049479756,278.921174661813,286.726177650484
28230,25.7411515059391,762953.661569451,850655.781984008,1613609.44355346,283.69377421511,284.180219177586,283.133066094946
28240,25.750269873458,750079.194372196,863528.390736131,1613607.58510833,287.986790307197,290.837642102796,285.846233451541
28250,25.7593882409769,728897.292702072,884702.633049074,1613599.92575115,295.048401883967,297.352932142522,293.266174710027
28260,25.7685066084958,711855.458303497,901737.035297891,1613592.49360139,300.729376454191,301.253047269791,300.129654763412
28270,25.7776249760148,710445.592910243,903147.151753225,1613592.74466347,301.199650409613,299.912919411116,301.806471366603
28280,25.7867433435337,724503.401851538,889095.177020225,1613598.57887176,296.513315664574,294.408221722582,297.669617196182
28290,25.7958617110526,744340.060072742,869264.069316914,1613604.12938966,289.899639592101,287.494456932358,291.261511665603
28300,25.8049800785716,759853.992005231,853750.980392465,1613604.9723977,284.726023142393,280.90605915739,287.035394113109
28310,25.8140984460905,766639.810765426,846966.80511389,1613606.61587932,282.463500121357,277.555880948605,285.499859986423
28320,25.8232168136094,761448.209074535,852158.949792952,1613607.15886749,284.19508080472,281.977928825493,285.436352890201
28330,25.8323351811284,744755.431022901,868845.768638126,1613601.19966103,289.760136280849,293.933528873996,286.736407771851
28340,25.8414535486473,726322.347151107,887273.969975703,1613596.31712681,295.905942963383,306.492895595193,288.601386256373
28350,25.8505719161662,715181.557668769,898414.649842814,1613596.20751158,299.621360627919,313.762210555069,289.944442875962
28360,25.8596902836851,713845.235198283,899750.662317787,1613595.89751607,300.066920899712,314.1244098766,290.445205814371
28370,25.8688086512041,722332.4589811,891266.927352902,1613599.386334,297.237594581591,308.601306848618,289.414088408087
28380,25.877927018723,734589.433068335,879016.595489023,1613606.02855736,293.152107883616,301.659469451836,287.236240081567
28390,25.8870453862419,740706.060089046,872900.558219012,1613606.61830806,291.112408944143,298.538123923021,285.919338617438
28400,25.8961637537609,739630.536755803,873969.668198655,1613600.20495446,291.468957211491,298.94764898692,286.240271896862
28410,25.9052821212798,739026.95620102,874574.146447691,1613601.10264871,291.670550757942,298.405789684714,286.93733268113
28420,25.9144004887987,739209.146117868,874393.537892579,1613602.68401045,291.610317789755,295.659524124471,288.667838301785
28430,25.9235188563177,738379.908056892,875221.823481344,1613601.73153824,291.886551102666,292.035050784959,291.544312521885
28440,25.9326372238366,737645.182684449,875955.773145503,1613600.95582995,292.131323376856,289.138191803529,293.883301656261
28450,25.9417555913555,738171.631554582,875429.477542541,1613601.10909712,291.955803749388,287.674541571791,294.566682031329
28460,25.9508739588744,739751.908203896,873850.704278475,1613602.61248237,291.429282734192,287.066197896894,294.095148223445
28470,25.9599923263934,740374.821370552,873228.622720507,1613603.44409106,291.221818482744,287.084573119358,293.737297209599
28480,25.9691106939123,738900.744299212,874701.637700645,1613602.38199986,291.713069101432,288.604921780903,293.542073090867
28490,25.9782290614312,736316.53451634,877285.660331363,1613602.1948477,292.57484086422,292.426553137715,292.429886981169
28500,25.9873474289502,732869.557513416,880732.75292904,1613602.31044246,293.724446532947,297.826619616333,290.744894105245
28510,25.9964657964691,729004.776848201,884595.728311663,1613600.50515986,295.012749145127,302.931527327502,289.487719732589
28520,26.005584163988,727153.829210068,886447.228582209,1613601.05779228,295.630224639723,306.464914013498,288.160739870006
28530,26.014702531507,727094.922735842,886506.814214013,1613601.73694985,295.650096452898,307.989610876943,287.177378423155
28540,26.0238208990259,728131.068778625,885469.304362613,1613600.37314124,295.304086830953,306.235781776162,287.770203461789
28550,26.0329392665448,731062.707820334,882539.563310394,1613602.27113073,294.327017945771,300.657290826373,289.861563510415
28560,26.0420576340637,733302.029981183,880301.268631486,1613603.29861267,293.580546483737,293.778186559946,293.204135977528
28570,26.0511760015827,732906.046208581,880696.745582177,1613602.79179076,293.712438079766,288.007160079413,297.271196381602
28580,26.0602943691016,730089.428737287,883513.127504249,1613602.55624154,294.651701685592,283.895591090913,301.576898997307
28590,26.0694127366205,725076.826838554,888525.355113145,1613602.1819517,296.323280011054,282.961615340207,304.984120391609
28600,26.0785311041395,719035.644669741,894563.465805058,1613599.1104748,298.336990430235,286.841639756304,305.751943387495
28610,26.0876494716584,716363.413399286,897234.288589581,1613597.70198887,299.227710051553,292.092413453702,303.735218025077
28620,26.0967678391773,719509.235430168,894088.929425736,1613598.1648559,298.178732508166,294.434398195298,300.426473106322
28630,26.1058862066963,727691.178216101,885908.611331744,1613599.78954785,295.450595741786,293.397691951993,296.572989438529
28640,26.1150045742152,737185.486226777,876420.428103384,1613605.91433016,292.28628584405,290.606972753039,293.162255999854
28650,26.1241229417341,739540.931916713,874065.460918824,1613606.39283554,291.500904091654,289.377528521176,292.67357038523
28660,26.133241309253,734483.212424423,879115.20012512,1613598.41254954,293.184992537976,290.443415323551,294.76838985381
28670,26.142359676772,732886.728797424,880708.639008928,1613595.36780635,293.716404538579,290.156822912385,295.844695285593
28680,26.1514780442909,740232.623940469,873365.357899011,1613597.98183948,291.267419676175,286.935016788608,293.912965418158
28690,26.1605964118098,753082.112254641,860519.952698267,1613602.06495291,286.983475970741,283.15338584401,289.297716491919
28700,26.1697147793288,764606.98627738,848998.748750608,1613605.73502799,283.141153493616,280.401033280666,284.731949341005
28710,26.1788331468477,768692.861043977,844913.89698508,1613606.75802906,281.778855089238,279.138292719336,283.304414289932
28720,26.1879515143666,763231.437740549,850374.188242253,1613605.6259828,283.599862678757,280.340969049269,285.53612521285
28730,26.1970698818856,750586.324386531,863013.967210331,1613600.29159686,287.815230018453,284.589048946238,289.726171374915
28740,26.2061882494045,738354.98667928,875242.102112231,1613597.08879151,291.893314027758,290.880927781475,292.324993763591
28750,26.2153066169234,730663.603595714,882936.74820561,1613600.35180132,294.459479141441,297.440582034838,292.226694313224
28760,26.2244249844423,724562.525664316,889035.484518897,1613598.01018321,296.493408210404,301.710363838529,292.76835995148
28770,26.2335433519613,722549.394538364,891048.132505469,1613597.52704383,297.164626481731,300.930758256325,294.406234776599
28780,26.2426617194802,725129.735802756,888472.993689573,1613602.72949233,296.305817471927,297.740771320176,295.102260058535
28790,26.2517800869991,725715.744024682,887889.277592384,1613605.02161707,296.111148104847,297.609065201756,294.865777416821
28800,26.2608984545181,720775.680992369,892827.518556954,1613603.19954932,297.758051878257,301.111061815196,295.2745802104
28810,26.270016822037,713615.354088436,899981.776686696,1613597.13077513,300.143997561012,304.783251057173,296.801041898937
28820,26.2791351895559,712776.64138255,900817.680767746,1613594.3221503,300.422771641736,305.589870115175,296.727687016409
28830,26.2882535570749,722524.271516922,891073.368578782,1613597.6400957,297.173042714284,302.714747945835,293.230928357656
28840,26.2973719245938,737885.527491982,875718.870036911,1613604.39752889,292.052316170389,297.1043720018,288.440902019306
28850,26.3064902921127,749283.101641784,864323.758232282,1613606.85987407,288.252045433477,291.316906577636,285.968594632843
28860,26.3156086596316,752593.06199647,861012.695624307,1613605.75762078,287.147805777658,287.388450694877,286.748085994698
28870,26.3247270271506,749149.997022435,864454.936840973,1613604.93386341,288.295793510413,285.981497609674,289.598410949647
28880,26.3338453946695,741177.656210755,872424.995885936,1613602.65209669,290.953808866412,287.381050979891,293.093185950036
28890,26.3429637621884,733028.324803262,880570.964229795,1613599.28903306,293.670489988259,289.875566062201,295.955713863973
28900,26.3520821297074,729952.891201896,883646.12642082,1613599.01762272,294.696056835358,290.453714246176,297.278705180783
28910,26.3612004972263,732786.063603324,880814.59527497,1613600.65887829,293.751740962138,289.295555301218,296.477738285283
28920,26.3703188647452,738658.365199801,874943.487773702,1613601.8529735,291.793726120961,288.849341886436,293.513487505543
28930,26.3794372322642,744611.041486613,868991.028834683,1613602.0703213,289.808580568512,289.505655498756,289.769023464542
28940,26.3885555997831,748424.253202492,865179.958527756,1613604.21173025,288.537588303404,289.214400640872,287.845932088173
28950,26.397673967302,746652.254123825,866951.931863233,1613604.18598706,289.128541558524,288.496836135324,289.308738056025
28960,26.4067923348209,739343.311235796,874256.86180866,1613600.17304446,291.564736304372,289.011519747461,293.023910062059
28970,26.4159107023399,731986.633982045,881610.992147836,1613597.62612988,294.017339385638,290.823948460567,295.901252219532
28980,26.4250290698588,728517.467022849,885080.654484199,1613598.12150705,295.174472064098,294.020553581301,295.697772325909
28990,26.4341474373777,728680.701780426,884918.681105494,1613599.38288592,295.120453928796,298.450256436738,292.654651878559
29000,26.4432658048967,730787.526989074,882813.389005618,1613600.91599469,294.418338837958,302.342447145861,288.890251350325
29010,26.4523841724156,732839.672226229,880762.094649246,1613601.76687548,293.734231999082,304.403841302909,286.376380603198
29020,26.4615025399345,733458.097033014,880144.539985041,1613602.63701806,293.528277467081,304.681159111259,285.848416139739
29030,26.4706209074535,731189.735530835,882413.397613865,1613603.1331447,294.284941675459,303.824325366706,287.680115096565
29040,26.4797392749724,726246.618166252,887352.383119203,1613599.00128545,295.932093753278,303.208342210523,290.834651370321
29050,26.4888576424913,724663.542017982,888933.135454781,1613596.67747276,296.459274788988,303.307442153579,291.646780483604
29060,26.4979760100102,730175.202424283,883425.160224919,1613600.3626492,294.622364590602,303.951834805326,288.157199143626
29070,26.5070943775292,738207.87410305,875396.74475204,1613604.61885509,291.944887361027,304.817322674402,283.119976412643
29080,26.5162127450481,742260.228957537,871346.698727895,1613606.92768543,290.594196674302,305.20283917316,280.612939844503
29090,26.525331112567,738845.305673687,874758.976367646,1613604.28204133,291.732191551658,304.649339841812,282.877649198595
29100,26.534449480086,731824.593390037,881775.39108025,1613599.98447029,294.072166443305,302.474293805066,288.225688063428
29110,26.5435678476049,726402.918608083,887200.83749082,1613603.7560989,295.881553273577,299.633189979421,293.133894175285
29120,26.5526862151238,719786.217595367,893815.609270257,1613601.82686562,298.087580213526,299.381857624941,296.976322289071
29130,26.5618045826428,714453.971390183,899145.162098684,1613599.13348887,299.864986526158,300.337086730011,299.30036556815
29140,26.5709229501617,714467.416369203,899131.70434636,1613599.12071556,299.860498364636,299.84877641551,299.618429248749
29150,26.5800413176806,719471.42314356,894129.918369525,1613601.34151308,298.192402324337,297.190437583568,298.61188514958
29160,26.5891596851995,726076.54480799,887524.761538421,1613601.30634641,295.989581970459,293.801538498126,297.201619633705
29170,26.5982780527185,733167.89002288,880433.872048442,1613601.76207132,293.624769734348,291.328405310888,294.910992041877
29180,26.6073964202374,739484.098240579,874119.94475327,1613604.04299385,291.519074454984,290.387651486067,292.030423872215
29190,26.6165147877563,742632.983455285,870968.97663657,1613601.96009186,290.468226325353,290.980478621918,289.884667939038
29200,26.6256331552753,744887.175679796,868714.973434757,1613602.14911455,289.716516069621,291.981110044685,287.965356322854
29210,26.6347515227942,746104.720206978,867500.962010554,1613605.68221753,289.31164315843,293.239086328426,286.452254675802
29220,26.6438698903131,742552.146326572,871052.471118647,1613604.61744522,290.496071742087,295.236680572779,287.093585795174
29230,26.652988257832,735901.378781743,877700.478508481,1613601.85729022,292.713182760874,296.056142481597,290.240615294759
29240,26.662106625351,730691.136838666,882908.463132129,1613599.5999708,294.450046067077,293.729894345627,294.684772176321
29250,26.6712249928699,730663.497776227,882934.715174784,1613598.21295101,294.458801125491,289.072407283769,297.804348019033
29260,26.6803433603888,736838.469123194,876762.68556646,1613601.15468965,292.400428736522,284.330804392064,297.536511275546
29270,26.6894617279078,745101.274558199,868501.083217757,1613602.35777596,289.645183664418,281.84083146808,294.606714142256
29280,26.6985800954267,752210.008787813,861395.158542795,1613605.16733061,287.275357192861,282.599429623408,290.153246108169
29290,26.7076984629456,753613.995758617,859992.404833208,1613606.40059183,286.80753871376,288.02228295961,285.758702934264
29300,26.7168168304646,747937.332380859,865663.333644204,1613600.66602506,288.698793945041,297.913383901536,282.315151645756
29310,26.7259351979835,741113.621811891,872489.184436902,1613602.80624879,290.975215753511,306.218545666223,280.570516465241
29320,26.7350535655024,732031.744752939,881569.876626906,1613601.62137984,294.00362735598,309.981430778432,283.106755384881
29330,26.7441719330213,722953.662122507,890642.884358241,1613596.54648075,297.029476190843,309.097361011362,288.736695080336
29340,26.7532903005403,720759.191241904,892838.928830039,1613598.12007194,297.761857205282,303.370690851673,293.774499893351
29350,26.7624086680592,724490.282335428,889111.04304524,1613601.32538067,296.518606985239,295.616092664012,296.873184360236
29360,26.7715270355781,730144.276442152,883457.744096388,1613602.02053854,294.633231314453,289.318173693572,297.931075368944
29370,26.7806454030971,736721.064109877,876880.682999681,1613601.74710956,292.439780890339,285.048403341281,297.123666105635
29380,26.789763770616,743972.348673761,869632.528979492,1613604.87765325,290.022520920291,282.304937712163,294.925890958276
29390,26.7988821381349,748257.379956529,865347.658573542,1613605.03853007,288.593516282655,282.026029641114,292.731346113448
29400,26.8080005056539,749716.733751829,863884.562309354,1613601.29606118,288.105573556563,284.118922997369,290.523252618062
29410,26.8171188731728,752890.063388732,860711.08911125,1613601.15249998,287.047219980407,286.12833004286,287.420607255455
29420,26.8262372406917,757629.74199284,855974.394309018,1613604.13630186,285.46753186894,286.259527822356,284.701644956773
29430,26.8353556082106,758729.669547431,854877.544974664,1613607.21452209,285.101732524484,284.856816902835,285.027424828478
29440,26.8444739757296,751729.69830173,861875.525486791,1613605.22378852,287.435559608735,284.113868753552,289.410490545848
29450,26.8535923432485,739488.761983479,874111.361757946,1613600.12374142,291.516212025328,285.858872840541,295.044841305165
29460,26.8627107107674,729557.322031604,884041.076298534,1613598.39833014,294.827772652504,289.05245461425,298.432294867463
29470,26.8718290782864,724687.164976164,888915.438696611,1613602.60367278,296.453372918663,291.714664927076,299.36546710229
29480,26.8809474458053,720039.596627251,893565.183590668,1613604.78021792,298.004063228503,294.107305942554,300.353564699779
29490,26.8900658133242,712948.590904022,900653.47314849,1613602.06405251,300.368008387024,296.930679417388,302.409254359793
29500,26.8991841808432,707651.493165063,905945.000756401,1613596.49392146,302.132733285443,299.168525294253,303.857094668499
29510,26.9083025483621,711255.906242648,902340.447680113,1613596.35392276,300.930614533971,298.874682376965,302.050460459865
29520,26.917420915881,722970.95374625,890631.53649273,1613602.49023898,297.025691676748,296.039339089537,297.435738658492
29530,26.9265392833999,733629.025257242,879976.624409449,1613605.64966669,293.472277608621,292.842923355089,293.647286879634
29540,26.9356576509189,738155.84078912,875446.642147239,1613602.48293636,291.961528146486,290.819124769128,292.479829124602
29550,26.9447760184378,739970.641313926,873629.554644911,1613600.19595884,291.35552931296,289.466187711308,292.372294106302
29560,26.9538943859567,742788.017011684,870809.867781472,1613597.88479316,290.415163508912,287.634619053669,292.026847176149
29570,26.9630127534757,748800.544637604,864800.631713757,1613601.17635136,288.411082779309,285.236326472051,290.287244415164
29580,26.9721311209946,753130.31039282,860475.791427122,1613606.10181994,286.968748183132,284.224891534734,288.558845325245
29590,26.9812494885135,749966.317918596,863635.2694789,1613601.5873975,288.022434376822,285.311687082346,289.589580544492
29600,26.9903678560325,744756.704415778,868842.387469185,1613599.09188496,289.759008660725,287.12124000509,291.276055257266
29610,26.9994862235514,741156.390766603,872446.547073094,1613602.9378397,290.960996189126,290.33044293165,291.138897530619
29620,27.0086045910703,735156.046502031,878445.804376089,1613601.85087812,292.961748999863,296.020545909215,290.678416269462
29630,27.0177229585892,727698.281164519,885899.396647207,1613597.67781173,295.447522643724,301.038188365534,291.474205893648
29640,27.0268413261082,722833.065816478,890766.702892571,1613599.76870905,297.070769682365,300.88687593522,294.279139872393
29650,27.0359596936271,717691.619467349,895908.300486947,1613599.9199543,298.78549290877,296.243356812159,300.231262395755
29660,27.045078061146,712679.473122057,900916.077872275,1613595.55099433,300.455587084301,291.171089246294,306.394872653734
29670,27.054196428665,713202.582830729,900397.395791965,1613599.97862269,300.282606567272,286.726131273159,309.070021257875
29680,27.0633147961839,715349.12643698,898252.68847057,1613601.81490755,299.567346496772,283.956998798598,309.724605506808
29690,27.0724331637028,717220.141729794,896377.525382176,1613597.66711197,298.941979450451,283.415845898357,309.043616835638
29700,27.0815515312218,723408.610087659,890189.634854686,1613598.24494235,296.878317443617,283.943859839455,305.253890581857
29710,27.0906698987407,732404.652995344,881198.658986743,1613603.31198209,293.879826242035,285.671919427433,299.106864263236
29720,27.0997882662596,736953.56042615,876651.029764357,1613604.59019051,292.363191517211,289.678072131713,293.909635114612
29730,27.1089066337785,734881.346050707,878721.122042704,1613602.46809341,293.053567464634,295.457546712579,291.206703326451
29740,27.1180250012975,729919.752792479,883679.562309102,1613599.31510158,294.707207706887,300.687954445141,290.474453874963
29750,27.1271433688164,727595.8661832,886000.991757289,1613596.85794049,295.481404621407,302.420254838073,290.609269973112
29760,27.1362617363353,732023.729284038,881573.135273911,1613596.86455795,294.004714115028,298.75255240995,290.594484656651
29770,27.1453801038543,742775.255356358,870826.002549375,1613601.25790573,290.420544455353,290.985837098499,289.801665572876
29780,27.1544984713732,752935.972531942,860670.584096339,1613606.55662828,287.033711554557,283.447228206861,289.185505693394
29790,27.1636168388921,754391.460337153,859215.173589135,1613606.63392629,286.54833202906,279.183108250242,291.219690938247
29800,27.1727352064111,746658.418135142,866942.146794596,1613600.56492974,289.125278237317,277.387988304444,296.709200460701
29810,27.18185357393,737900.895237048,875694.718357373,1613595.61359442,292.044261583249,276.50346421872,302.161422941616
29820,27.1909719414489,735206.125582723,878389.142897201,1613595.26847992,292.94285239193,275.874759772033,304.077461761535
29830,27.2000903089678,739298.164832483,874299.778945687,1613597.94377817,291.579049173149,274.861555673132,302.481062298849
29840,27.2092086764868,745272.828450321,868330.893037068,1613603.72148739,289.588425224969,274.269012437591,299.560043395532
29850,27.2183270440057,745076.267118375,868527.514279423,1613603.7813978,289.653998425687,277.167045021853,297.737255696221
29860,27.2274454115246,737744.530826537,875856.688484272,1613601.21931081,292.098278634074,284.146541765412,297.15602131432
29870,27.2365637790436,727144.213586182,886455.668266668,1613599.88185285,295.633039275194,291.743192297444,297.979909727631
29880,27.2456821465625,716054.923602189,897544.447401557,1613599.37100375,299.331148041206,295.886103401689,301.378401844183
29890,27.2548005140814,706856.66157291,906739.215507963,1613595.87708087,302.397603971307,297.24542497115,305.580391968103
29900,27.2639188816004,704849.130192905,908745.382302358,1613594.51249526,303.066660764502,298.537853008283,305.833310384677
29910,27.2730372491193,712339.339118288,901257.746944593,1613597.08606288,300.569533748405,299.941966512264,300.737437294376
29920,27.2821556166382,725622.507342617,887978.128922735,1613600.63626535,296.140780030927,300.347233117748,293.089693989686
29930,27.2912739841571,738852.864098777,874749.769715131,1613602.63381391,291.729121132277,299.304387067964,286.435836240874
29940,27.3003923516761,748204.749702729,865398.158006183,1613602.90770891,288.610357847651,296.727501026448,282.958420430248
29950,27.309510719195,752041.618521647,861564.062748091,1613605.68126974,287.33168675941,293.822617947797,282.764956228187
29960,27.3186290867139,747134.44262631,866471.552252567,1613605.99487888,288.968334918315,293.734775335715,285.549901027615
29970,27.3277474542329,734721.136079727,878878.146858729,1613599.28293846,293.10593525387,296.94167307882,290.304521757858
29980,27.3368658217518,724538.312415409,889058.223012029,1613596.53542744,296.500991499759,299.65635215585,294.15033356945
29990,27.3459841892707,721510.54145265,892088.344333236,1613598.88578589,297.511537213018,300.336497201836,295.380304272796
30000,27.3551025567897,723325.930897295,890272.271848711,1613598.20274601,296.905876888014,299.829475660273,294.709389475768
30010,27.3642209243086,730303.287755756,883295.375098386,1613598.66285414,294.579081240082,297.546705282115,292.35518264436
30020,27.3733392918275,740507.993813411,873098.074656854,1613606.06847026,291.178280692631,293.976978936994,289.069833295811
30030,27.3824576593464,743922.360117816,869686.263419284,1613608.6235371,290.040441360442,292.812362684653,287.950793443168
30040,27.3915760268654,737400.196916241,876200.541869521,1613600.73878576,292.212953766724,295.085056592421,290.054707754786
30050,27.4006943943843,731412.868623351,882182.224891281,1613595.09351463,294.207845553204,296.533507199021,292.412231251363
30060,27.4098127619032,734356.36022245,879240.571074237,1613596.93129669,293.226803759959,294.005551392465,292.46328300182
30070,27.4189311294222,743542.073830727,870061.578966696,1613603.65279742,290.165609126795,288.936612156717,290.743135765909
30080,27.4280494969411,749460.25771267,864146.148333149,1613606.40604582,288.192812517308,285.093248999845,290.019027518521
30090,27.43716786446,747686.743760309,865916.49394051,1613603.23770082,288.783222924966,284.016131072421,291.720631474223
30100,27.446286231979,742006.591346666,871594.118021065,1613600.70936773,290.676711029203,284.73833493745,294.39339783118
30110,27.4554045994979,736246.595756092,877353.269522649,1613599.86527874,292.59738853515,286.876992328105,296.167154849402
30120,27.4645229670168,732124.608103009,881474.321395563,1613598.92949857,293.97175967836,290.343202272182,296.145821482748
30130,27.4736413345357,730884.087103045,882715.298658548,1613599.38576159,294.385625699032,294.880075201337,293.810671342746
30140,27.4827597020547,732095.562107399,881505.063998082,1613600.62610548,293.982012338863,299.346723416288,290.160553276963
30150,27.4918780695736,733762.956155674,879839.622041847,1613602.57819752,293.426587307603,301.390093383694,287.873061100786
30160,27.5009964370925,732965.854765237,880636.971339554,1613602.82610479,293.692503364867,300.040167694671,289.215983392194
30170,27.5101148046115,728798.605062015,884803.906335063,1613602.51139708,295.082176533288,296.681311529908,293.770184721764
30180,27.5192331721304,722564.496145637,891034.620434313,1613599.11657995,297.160120204874,294.144957383181,298.922595319164
30190,27.5283515396493,719618.654692156,893978.581767688,1613597.23645984,298.141931555007,293.638930357934,300.895480743425
30200,27.5374699071683,722740.944334918,890859.791547241,1613600.73588216,297.101814756459,294.646889456843,298.490846777238
30210,27.5465882746872,727818.913915624,885781.671165769,1613600.58508139,295.408261185849,296.936000150784,294.143594991572
30220,27.5557066422061,733762.837949915,879836.015425339,1613598.85337525,293.425384500697,298.001599669033,290.130053234722
30230,27.564825009725,741724.092634427,871876.325945355,1613600.41857978,290.770827395483,295.635057964295,287.285697993443
30240,27.573943377244,748667.463091053,864936.56680739,1613604.02989844,288.456417144369,292.045245109957,285.823484819689
30250,27.5830617447629,749196.349275658,864408.295265294,1613604.64454095,288.280238541035,291.321208114577,286.012691959891
30260,27.5921801122818,742462.108758516,871140.513833142,1613602.62259166,290.525433994711,293.966625474597,287.989201813127
30270,27.6012984798008,732460.722492251,881138.61238947,1613599.33488172,293.859800696838,297.34652587608,291.290434076764
30280,27.6104168473197,725378.309846499,888218.422066551,1613596.73191305,296.220917814424,298.880489945703,294.201018962059
30290,27.6195352148386,725552.007128592,888045.762440469,1613597.76956906,296.16333581473,297.530378739911,295.005171084763
30300,27.6286535823576,731149.671039185,882452.799171195,1613602.47021038,294.298082098114,294.955434003194,293.61459909298
30310,27.6377719498765,734831.617307099,878774.20846228,1613605.82576938,293.071271789988,293.65913479037,292.435137063242
30320,27.6468903173954,731874.331676265,881727.398000647,1613601.72967691,294.056160747256,294.388542951238,293.589525810644
30330,27.6560086849143,727613.993710991,885983.263849586,1613597.25756058,295.47549236271,294.926817803662,295.595045825107
30340,27.6651270524333,728349.638685646,885249.402050836,1613599.04073648,295.230749391641,293.500450044189,296.138256665449
30350,27.6742454199522,732507.399629829,881094.131414312,1613601.53104414,293.844966287915,291.854593319263,294.92701079511
30360,27.6833637874711,736508.851853572,877093.187104991,1613602.03895856,292.510651027177,291.516948381397,292.929360581841
30370,27.6924821549901,739552.76702642,874048.146521234,1613600.91354765,291.495129738614,291.104014349709,291.512960723102
30380,27.701600522509,742556.310884918,871046.097368759,1613602.40825368,290.493946095968,288.973381641844,291.265577443638
30390,27.7107188900279,743737.142099766,869865.898485127,1613603.04058489,290.100349669877,286.824591569866,292.042438111825
30400,27.7198372575468,742431.673276385,871169.352604069,1613601.02588045,290.53505172722,286.597641725816,292.91787918505
30410,27.7289556250658,740746.87181311,872856.234977216,1613603.10679033,291.097627139308,287.958110369799,292.948056963031
30420,27.7380739925847,736288.865173619,877316.207548141,1613605.07272176,292.585028363562,290.915361256522,293.454318911285
30430,27.7471923601036,727762.732124966,885837.764097232,1613600.4962222,295.426968183169,295.524040108239,295.116064426303
30440,27.7563107276226,722095.306112211,891502.105545389,1613597.4116576,297.316026528394,299.304934280821,295.742324671335
30450,27.7654290951415,724160.79730583,889438.375815282,1613599.17312111,296.627772491339,299.842500267074,294.237430830442
30460,27.7745474626604,731793.088622166,881807.004864575,1613600.09348674,294.082709643013,297.306124774517,291.688697297308
30470,27.7836658301794,741733.115893813,871869.370442986,1613602.4863368,290.768507734863,293.762677660136,288.530087361567
30480,27.7927841976983,748715.537193177,864890.372571767,1613605.90976494,288.441011362937,291.880082199985,285.907929962102
30490,27.8019025652172,747472.081413897,866133.007164572,1613605.08857847,288.855430103242,292.915661276889,285.907896462392
30500,27.8110209327361,739381.940970787,874218.894264791,1613600.83523558,291.552074125326,295.248353410681,288.844927873318
30510,27.8201393002551,730966.062928217,882632.047705768,1613598.11063399,294.357861499339,296.585316036867,292.627593589737
30520,27.829257667774,727267.706344835,886328.904863424,1613596.61120826,295.590763669643,296.491645150774,294.743850379163
30530,27.8383760352929,730799.528892913,882797.930233927,1613597.45912684,294.41318333631,294.783246588576,293.92113018202
30540,27.8474944028119,739655.143899682,873947.502798329,1613602.64669801,291.461565048634,291.754169184728,291.02361098703
30550,27.8566127703308,746275.661188484,867328.32056194,1613603.98175042,289.254067220924,289.17402229209,289.066385450795
30560,27.8657311378497,747811.91666017,865789.276316703,1613601.19297687,288.740795836819,288.777030727976,288.476021912849
30570,27.8748495053687,747165.133377284,866435.139808104,1613600.27318539,288.95619136505,290.673952201335,287.570220648057
30580,27.8839678728876,745587.799432423,868013.595254633,1613601.39468706,289.482606388072,293.082505229862,286.841438321555
30590,27.8930862404065,740825.006104575,872778.877946034,1613603.88405061,291.07182856296,295.41674101251,287.932660406123
30600,27.9022046079254,730808.80102025,882789.778850784,1613598.57987103,294.410464849353,299.748001339273,290.606765135364
30610,27.9113229754444,722357.367217965,891239.034030692,1613596.40124866,297.228292156309,302.800263611232,293.265954276228
30620,27.9204413429633,720812.436074879,892782.791726868,1613595.22780175,297.743135476694,302.2326653472,294.50199628346
30630,27.9295597104822,727541.816105058,886059.108402815,1613600.92450787,295.500786527535,299.598152514145,292.52295854769
30640,27.9386780780012,734475.299015186,879132.227076248,1613607.52609143,293.190671027596,298.493400086226,289.411192762654
30650,27.9477964455201,732386.612660674,881219.461244441,1613606.07390512,293.886763796712,300.682041288631,289.111673165602
30660,27.956914813039,722527.666196199,891073.845110438,1613601.51130664,297.173201637631,304.321837565773,292.159800017505
30670,27.966033180558,712802.574919991,900791.039937524,1613593.61485751,300.413886922636,306.779667820442,295.919688084995
30680,27.9751515480769,714350.274438699,899241.462560121,1613591.73699882,299.897102738076,304.897778211054,296.313404837142
30690,27.9842699155958,728726.783556413,884873.967639583,1613600.751196,295.105541984187,299.168923749241,292.150699522497
30700,27.9933882831147,742161.727244958,871447.197799844,1613608.9250448,290.627713123176,295.046409353591,287.439725875297
30710,28.0025066506337,742296.142682023,871308.679193079,1613604.8218751,290.581517156271,297.189269221125,285.934197848738
30720,28.0116250181526,733745.970399506,879851.420281859,1613597.39068137,293.43052202163,302.484060027564,287.150304582657
30730,28.0207433856715,727719.021305755,885875.494023904,1613594.51532966,295.43955111686,304.851137026283,288.918960884646
30740,28.0298617531905,729640.292230297,883957.321996956,1613597.61422725,294.799840585945,302.640133439277,289.327312149902
30750,28.0389801207094,735644.359802962,877960.893173021,1613605.25297598,292.80003107321,298.237640292398,288.930958234524
30760,28.0480984882283,736279.247707216,877325.728064044,1613604.97577126,292.58820345641,295.368135733728,290.49109176865
30770,28.0572168557473,731578.682131761,882020.800276305,1613599.48240807,294.15401043065,294.521431202757,293.663934907221
30780,28.0663352232662,728977.836212374,884618.588638819,1613596.42485119,295.02037306614,294.445294074004,295.157908750008
30790,28.0754535907851,732792.288411975,880806.795928575,1613599.08434055,293.749139879465,293.818991203247,293.457781380376
30800,28.084571958304,739426.304069825,874177.768936581,1613604.07300641,291.538358824939,292.153535541401,290.885292381611
30810,28.093690325823,742076.175672096,871528.591544345,1613604.76721644,290.654857943754,291.149111523143,290.083143175875
30820,28.1028086933419,739193.301731565,874410.927609299,1613604.22934086,291.61611726173,292.166270552155,291.006334970396
30830,28.1119270608608,732004.895708083,881597.697663976,1613602.59337206,294.012905674163,295.002923443828,293.107883072989
30840,28.1210454283798,724378.257867745,889219.54789339,1613597.80576113,296.554793361144,296.620255687768,296.264022815593
30850,28.1301637958987,723326.586391072,890270.983364111,1613597.56975518,296.905447178293,294.635750920005,298.171156811171
30860,28.1392821634176,730191.220997807,883408.637551448,1613599.85854925,294.616854277621,290.765785549542,296.938719384442
30870,28.1484005309366,740656.658049498,872948.686178965,1613605.34422846,291.1284596228,286.917991713957,293.692831179008
30880,28.1575188984555,746756.645400977,866849.738653506,1613606.38405448,289.094460114559,284.360515398799,292.009511208305
30890,28.1666372659744,746216.87381053,867387.01131287,1613603.8851234,289.273640591252,283.080911969312,293.161064972053
30900,28.1757556334933,742397.158896219,871205.029881342,1613602.18877756,290.546950102165,282.937518032377,295.37778235694
30910,28.1848740010123,738041.59947833,875559.746253279,1613601.34573161,291.999248375281,285.199958022434,296.288775903531
30920,28.1939923685312,734073.877755709,879528.648601246,1613602.52635696,293.322877639235,288.685086624008,296.170302584687
30930,28.2031107360501,729243.234134679,884358.504538866,1613601.73867354,294.93363499712,290.6288798799,297.557693712769
30940,28.2122291035691,724539.328531693,889060.108722352,1613599.43725404,296.50162038431,289.879400559844,300.669348916967
30950,28.221347471088,723435.61738981,890162.233144106,1613597.85053392,296.869178970854,286.206054974526,303.730537319263
30960,28.2304658386069,727720.364001192,885880.430062229,1613600.79406342,295.441197286053,280.880407299138,304.902189612925
30970,28.2395842061259,733677.534027727,879925.207401678,1613602.7414294,293.455130032242,276.720474274266,304.367021262532
30980,28.2487025736448,738156.541070748,875446.237810706,1613602.77888145,291.961393300219,274.545421925833,303.328739722058
30990,28.2578209411637,740690.048504473,872911.86569883,1613601.9142033,291.116179989605,273.861997479653,302.376371512915
31000,28.2669393086826,742436.180261218,871163.849086774,1613600.02934799,290.533216303743,273.785923775216,301.455966975843
31010,28.2760576762016,745399.122401867,868202.20320724,1613601.32560911,289.545507155991,273.269749204258,300.154724534517
31020,28.2851760437205,747621.798374493,865982.217784075,1613604.01615857,288.805141832275,273.300865480548,298.900655115232
31030,28.2942944112394,746029.478885233,867572.198411154,1613601.67729639,289.33540050397,275.600149477992,298.251121687536
31040,28.3034127787584,743065.798122579,870535.154762328,1613600.95288491,290.323546694123,279.774865208058,297.114064729255
31050,28.3125311462773,739558.179393648,874044.542647803,1613602.72204145,291.493927846524,285.539284049645,295.220778771238
31060,28.3216495137962,733121.617077339,880480.196769996,1613601.81384734,293.640219032849,292.80131754769,293.954786507094
31070,28.3307678813152,724430.726010941,889168.548483088,1613599.27449403,296.537785053556,298.671220779119,294.868379748969
31080,28.3398862488341,716841.114023852,896756.957888115,1613598.07191197,299.068520222817,301.233856851663,297.3757387034
31090,28.349004616353,712399.016274885,901199.501617507,1613598.51789239,300.550108926966,301.925311902454,299.3828485192
31100,28.3581229838719,711881.754748844,901714.254764141,1613596.00951299,300.721779144286,301.483983523904,299.963041408585
31110,28.3672413513909,718603.300869546,894993.832261622,1613597.13313117,298.48051767938,299.316477434112,297.674477411494
31120,28.3763597189098,731048.711943422,882552.814513051,1613601.52645647,294.331437222962,296.850319596555,292.406906109547
31130,28.3854780864287,743004.985681154,870598.988164384,1613603.97384554,290.344835139031,295.715886519449,286.52218018947
31140,28.3945964539477,750008.748158477,863597.032410426,1613605.7805689,288.009682311298,295.449993612391,282.809466708644
31150,28.4037148214666,749486.366818759,864118.056208341,1613604.4230271,288.183443791343,296.261399253888,282.55798727982
31160,28.4128331889855,742912.411829784,870690.722409455,1613603.13423924,290.37542851741,298.950185152263,284.416944570411
31170,28.4219515565045,732887.480192328,880710.827541137,1613598.30773347,293.717134414253,302.099929398764,287.8838401459
31180,28.4310699240234,727364.766902081,886226.669991039,1613591.43689312,295.556668331179,302.108775913857,290.942299385785
31190,28.4401882915423,735371.300972922,878224.699736834,1613596.00070976,292.888010584237,298.40773241802,288.964122686227
31200,28.4493066590612,750009.536457152,863597.591544788,1613607.12800194,288.009868782654,295.997757439468,282.444601454126
31210,28.4584250265802,755090.563830576,858520.236883329,1613610.8007139,286.316570579733,299.54687494228,277.257770529217
31220,28.4675433940991,745049.139894373,868556.139729998,1613605.27962437,289.663545015841,306.966211873365,277.887047489978
31230,28.476661761618,729159.66210876,884437.626708449,1613597.28881721,294.960022247273,312.812301440334,282.812702766693
31240,28.485780129137,720518.819863248,893075.759338909,1613594.57920216,297.840840199736,312.880209725942,287.566393148766
31250,28.4948984966559,724264.520498266,889333.162341343,1613597.68283961,296.592683789009,305.949851892722,290.107411150043
31260,28.5040168641748,735502.79579179,878102.202747055,1613604.99853885,292.847157827932,294.491131319172,291.50713620225
31270,28.5131352316938,743259.911225697,870348.732993002,1613608.6442187,290.26137501851,284.225379671991,294.043487437007
31280,28.5222535992127,741836.747247767,871767.645456303,1613604.39270407,290.734582443323,280.339109217633,297.422619108412
31290,28.5313719667316,736519.697901622,877080.329054392,1613600.02695601,292.50636286623,282.673065099855,298.818139408093
31300,28.5404903342505,733831.695322,879768.287327369,1613599.98264937,293.402797174377,288.48552384469,296.436477063188
31310,28.5496087017695,734250.416902878,879352.424207428,1613602.84111031,293.264106789204,294.903197677296,291.926992774818
31320,28.5587270692884,734165.70859391,879437.005080882,1613602.71367479,293.292314517553,299.616629276333,288.831694416267
31330,28.5678454368073,733371.356874814,880228.549982799,1613599.90685761,293.556294808337,301.322729104077,288.134041698837
31340,28.5769638043263,735611.285357367,877986.444723159,1613597.73008053,292.808552517312,299.56666002634,288.059140384195
31350,28.5860821718452,743319.382571629,870281.008536385,1613600.39110801,290.238788906582,294.825849211395,286.938883045951
31360,28.5952005393641,751620.939421644,861986.475506971,1613607.41492862,287.472561449715,290.0383887952,285.522449418183
31370,28.6043189068831,750309.552336676,863298.937114049,1613608.48945073,287.910267505102,288.917579358403,286.998801046648
31380,28.613437274402,737830.194371322,875770.882260364,1613601.07663169,292.069662251247,291.840758683863,291.978873244292
31390,28.6225556419209,724699.859964296,888895.131731838,1613594.99169613,296.446600544218,296.313719295247,296.288149209746
31400,28.6316740094398,720893.405929129,892700.903302509,1613594.30923164,297.715825680343,299.725768909401,296.127767006238
31410,28.6407923769588,727800.66065321,885798.860402413,1613599.52105562,295.413993797703,300.181971896137,291.989163403915
31420,28.6499107444777,738050.75120315,875553.673127737,1613604.42433089,291.997222987406,297.62587508872,288.001457234041
31430,28.6590291119966,743649.024586031,869958.145843959,1613607.17042999,290.131114171739,293.226084390364,287.826024764178
31440,28.6681474795156,740962.177989839,872642.264937717,1613604.44292756,291.026268113296,289.671109029024,291.687185612717
31450,28.6772658470345,733989.001568194,879612.766393236,1613601.76796143,293.350930929877,289.399564399958,295.740716174047
31460,28.6863842145534,727637.979915355,885962.529288047,1613600.5092034,295.468577384708,291.817486101284,297.656414425837
31470,28.6955025820724,724714.402351537,888885.260865191,1613599.66321673,296.443308609368,294.130765713595,297.737967782708
31480,28.7046209495913,726079.619985259,887522.56924824,1613602.1892335,295.988850841501,293.779464188261,297.215117901293
31490,28.7137393171102,727916.694223224,885686.713455716,1613603.40767894,295.37659278163,292.639652587774,296.955072416881
31500,28.7228576846291,728215.522727005,885384.778054761,1613600.30078177,295.275897300237,294.048743968285,295.847936273788
31510,28.7319760521481,730424.635427324,883174.78801567,1613599.42344299,294.538865437942,296.987718973433,292.660847359751
31520,28.741094419667,735386.223515877,878217.327836237,1613603.55135211,292.885552054773,298.851333792354,288.664292936341
31530,28.7502127871859,737147.265662311,876459.962093061,1613607.22775537,292.299470432903,299.030730095186,287.568381099355
31540,28.7593311547049,730560.847792756,883043.370403894,1613604.21819665,294.495037653458,298.886993706826,291.321654419835
31550,28.7684495222238,719908.510989558,893689.028955498,1613597.53994506,298.045365668,299.021823438057,297.146022683239
31560,28.7775678897427,715071.08740466,898523.163778021,1613594.25118268,299.657550034357,298.261227770338,300.338716918674
31570,28.7866862572616,721218.212038577,892378.536965002,1613596.74900358,297.608316479907,295.529719425265,298.746040919269
31580,28.7958046247806,734789.924164717,878812.724568905,1613602.64873362,293.084116914759,292.194077731222,293.433239606355
31590,28.8049229922995,746918.571499936,866688.421909123,1613606.99340906,289.040660966858,291.19521676697,287.363423215977
31600,28.8140413598184,751052.978325023,862552.750087016,1613605.72841204,287.661414069374,292.935232371704,283.905817356096
31610,28.8231597273374,747886.794653836,865717.429493024,1613604.22414686,288.716834915132,294.252003558289,284.786125123931
31620,28.8322780948563,739941.842686932,873660.384860316,1613602.22754725,291.365811192368,293.909221452679,289.427399509502
31630,28.8413964623752,730683.763949224,882916.334146137,1613600.09809536,294.452671050904,294.313052737901,294.300372700364
31640,28.8505148298942,724201.070350867,889397.254659392,1613598.32501026,296.614058582422,297.645998604462,295.678920185578
31650,28.8596331974131,724426.766111468,889170.578252993,1613597.34436446,296.538461981989,300.653737409899,293.547829645063
31660,28.868751564932,733259.917147318,880340.781895146,1613600.69904246,293.593724160462,298.800615548101,289.87780179857
31670,28.8778699324509,746282.372565514,867322.703271552,1613605.07583707,289.252193854111,292.331025831275,286.95859570779
31680,28.8869882999699,755721.447948666,857888.568259979,1613610.01620865,286.10590904118,285.582563739367,286.216384318188
31690,28.8961066674888,754129.334257681,859478.585972062,1613607.92022974,286.636180080728,283.429248823945,288.535270768515
31700,28.9052250350077,744485.583800624,869114.151039437,1613599.73484006,289.849641834063,285.583903357676,292.451926116792
31710,28.9143434025267,738266.503987508,875329.911346845,1613596.41533435,291.922598414822,287.558973216634,294.58841304827
31720,28.9234617700456,740719.530702534,872879.343683432,1613598.87438597,291.105333894758,287.158940121059,293.493675298979
31730,28.9325801375645,748029.242428187,865573.665056461,1613602.90748465,288.668889463552,286.153561204628,290.105217561615
31740,28.9416985050835,753252.309971158,860354.105489378,1613606.41546054,286.928165912749,286.864530854024,286.731482480305
31750,28.9508168726024,750845.231314405,862761.180660958,1613606.41197536,287.730925683161,288.873637536471,286.729342009552
31760,28.9599352401213,741191.052753213,872410.919911065,1613601.97266428,290.949114527619,290.880108129985,290.752661197268
31770,28.9690536076402,730734.95940877,882865.015675033,1613599.9750838,294.435556336512,292.121775431478,295.732713976256
31780,28.9781719751592,723393.158155461,890207.679035934,1613600.83719139,296.884335179568,292.060318239668,299.852942860185
31790,28.9872903426781,719003.129647509,894597.665466517,1613600.79511403,298.348396020183,291.417606249719,302.720298870475
31800,28.996408710197,717998.892620745,895600.893734901,1613599.78635565,298.682972731333,291.099654319034,303.489615862255
31810,29.005527077716,721636.606432507,891964.374752811,1613600.98118532,297.470193347611,290.340690268953,301.975303572259
31820,29.0146454452349,727922.864598683,885681.798649143,1613604.66324783,295.374953693228,288.533331778047,299.68988917527
31830,29.0237638127538,731587.801692388,882018.672906088,1613606.47459848,294.153300952506,287.559927091342,298.30375577582
31840,29.0328821802728,730077.715970547,883526.0032687,1613603.71923925,294.65599575411,288.975183415933,298.197657316434
31850,29.0420005477917,727514.722371063,886083.906227447,1613598.62859851,295.509056604118,291.223948615173,298.119537716243
31860,29.0511189153106,730800.830863695,882798.1261721,1613598.95703579,294.413248681707,292.142988842972,295.681410866964
31870,29.0602372828295,739422.767586862,874181.588752951,1613604.35633981,291.539632734017,292.480869283308,290.669192007211
31880,29.0693556503485,745816.7335126,867789.905214136,1613606.63872674,289.408005740916,294.700100725568,285.638769079698
31890,29.0784740178674,745683.755651687,867922.810926475,1613606.56657816,289.452329807062,299.403240784969,282.577178880284
31900,29.0875923853863,738651.590951073,874953.867621942,1613605.45857301,291.797187801215,306.102154088837,282.0173792863
31910,29.0967107529053,727412.595820652,886186.20009202,1613598.79591267,295.543171616482,312.688078589486,283.866947658131
31920,29.1058291204242,721384.49581809,892209.628258736,1613594.12407683,297.551985412285,313.914757564234,286.395510656476
31930,29.1149474879431,726298.620203874,887301.633051218,1613600.25325509,295.915168601373,307.201606665117,288.144280585043
31940,29.1240658554621,733464.5463702,880143.736740048,1613608.28311025,293.528009584808,297.76595617755,290.458105181659
31950,29.133184222981,731478.992821931,882128.686255119,1613607.67907705,294.18999041358,293.419363141092,294.458583603227
31960,29.1423025904999,721120.441069138,892479.922512458,1613600.3635816,297.642128568437,295.657506516713,298.717174829112
31970,29.1514209580188,713477.729696003,900116.794962403,1613594.52465841,300.189026167218,300.214478246646,299.921900592461
31980,29.1605393255378,717568.946699327,896027.683110127,1613596.62980945,298.825307023554,302.851081857296,295.892436045206
31990,29.1696576930567,731128.711766312,882473.613138699,1613602.32490501,294.305023558012,302.092145036786,288.868355052532
32000,29.1787760605756,745670.612147904,867935.403160077,1613606.01530798,289.456529318018,298.213238453024,283.377509453582
32010,29.1878944280946,754787.847196459,858819.114517589,1613606.96171405,286.416246295677,292.413395766172,282.179466443434
32020,29.1970127956135,756491.388016839,857114.378288392,1613605.76630523,285.847716621108,286.957035821176,284.869964057211
32030,29.2061311631324,752438.336562247,861165.564914558,1613603.90147681,287.198787698702,283.451977501984,289.457328840099
32040,29.2152495306514,745523.512494053,868079.220335523,1613602.73282958,289.50449235802,282.964314910881,293.623356912481
32050,29.2243678981703,738664.279716661,874935.193419436,1613599.4731361,291.790959953122,285.998613667977,295.409365009924
32060,29.2334862656892,736600.54455368,876998.670446476,1613599.21500016,292.479129713682,290.062912646858,293.84620848347
32070,29.2426046332081,739799.300910889,873803.738798495,1613603.03970938,291.413619742703,292.249167141268,290.61374346054
32080,29.2517230007271,742581.409663267,871024.617051879,1613606.02671515,290.486782408497,293.025766531151,288.552054008053
32090,29.260841368246,740323.562001793,873281.223771757,1613604.78577355,291.239360937721,293.204349645036,289.686668998729
32100,29.2699597357649,734512.212647788,879089.266484041,1613601.47913183,293.176343666514,292.582550618287,293.327892078941
32110,29.2790781032839,730096.330540744,883502.911702812,1613599.24224356,294.648294714961,291.891055892802,296.240913684138
32120,29.2881964708028,729837.372572037,883764.524905472,1613601.89747751,294.73554273986,292.156352442954,296.209389985515
32130,29.2973148383217,730067.587212339,883537.317280503,1613604.90449284,294.65976897799,294.487114090767,294.529322428656
32140,29.3064332058407,727067.722407784,886534.414393469,1613602.13680125,295.659301115047,299.213081799676,293.043731241032
32150,29.3155515733596,724233.336669251,889366.269326596,1613599.60599585,296.603724971351,303.332320968809,291.870824535569
32160,29.3246699408785,725307.062536895,888292.636010201,1613599.6985471,296.245668170819,303.922310464713,290.881035251414
32170,29.3337883083974,730204.467677394,883396.75385404,1613601.22153143,294.612891063545,301.370728572924,289.86215531474
32180,29.3429066759164,736485.152653169,877117.88838807,1613603.04104124,292.518888907144,297.867507606535,288.709377366794
32190,29.3520250434353,741420.82285609,872183.593151355,1613604.41600744,290.873301034302,295.384098364587,287.623708396582
32200,29.3611434109542,743747.426894074,869855.011417564,1613602.43831164,290.096718831937,294.628372562195,286.833869079406
32210,29.3702617784732,746339.601095204,867260.983458211,1613600.58455341,289.231610291216,294.109639232446,285.738564655153
32220,29.3793801459921,751023.714920892,862580.911839242,1613604.62676013,287.670806016089,292.655108363287,284.108212112942
32230,29.388498513511,752748.579983832,860856.764427324,1613605.34441116,287.095802710463,292.825971749498,283.036443515514
32240,29.39761688103,749887.590107886,863715.539171472,1613603.12927936,288.049204325987,295.717278189357,282.697114080135
32250,29.4067352485489,744876.5610086,868726.303944637,1613602.86495324,289.72029479561,300.36182772364,282.384505931262
32260,29.4158536160678,738085.246758718,875519.053252376,1613604.30001109,291.985677256087,305.586468334488,282.675161806107
32270,29.4249719835867,728063.529514383,885540.632150582,1613604.16166497,295.327874654188,310.890826445879,284.706466897515
32280,29.4340903511057,715674.049368053,897927.163414446,1613601.2127825,299.458783863414,315.391296582426,288.587559730852
32290,29.4432087186246,705881.660356269,907716.037158643,1613597.69751491,302.723374073251,317.93383733441,292.330795754085
32300,29.4523270861435,704511.360728192,909084.170907473,1613595.53163567,303.179646792554,318.054716726713,293.010283797454
32310,29.4614454536625,714448.20721921,899149.334133032,1613597.54135224,299.86637789996,314.718586343796,289.715016955821
32320,29.4705638211814,731867.588460443,881735.278216991,1613602.86667743,294.058788800064,307.88685122345,284.595031527139
32330,29.4796821887003,747888.834927259,865717.92115376,1613606.75608102,288.716998884029,300.729371037215,280.468153282835
32340,29.4888005562193,755604.231926012,858002.518626472,1613606.75055248,286.143911497906,297.351550853559,278.433698667889
32350,29.4979189237382,754635.799967264,858966.388322423,1613602.18828969,286.465362121868,298.780255785598,278.016711877613
32360,29.5070372912571,750973.657845021,862627.046585584,1613600.7044306,287.68619195784,301.773695898594,278.054784170706
32370,29.516155658776,746877.061063781,866727.976722555,1613605.03778634,289.053852500435,304.307385528927,278.643952271024
32380,29.525274026295,737658.990068095,875944.926884845,1613603.91695294,292.127706148022,307.270533379675,281.789048238464
32390,29.5343923938139,725428.524158579,888167.739571194,1613596.26372977,296.204015197997,310.2249273125,286.609903775664
32400,29.5435107613328,720076.997454751,893518.262761602,1613595.26021635,297.988415128098,311.065898668506,289.021769088552
32410,29.5526291288518,723465.788394619,890132.979301906,1613598.76769652,296.859422812041,309.542149337128,288.156888942974
32420,29.5617474963707,730386.829118047,883213.699665129,1613600.52878318,294.551842476281,307.980292543539,285.354082562711
32430,29.5708658638896,736658.727620168,876943.002460397,1613601.73008056,292.460564435683,307.555883623331,282.153301173556
32440,29.5799842314086,739686.723512099,873913.978260411,1613600.70177251,291.450384612443,306.95880410733,280.868562962008
32450,29.5891025989275,739824.644391781,873776.979337522,1613601.6237293,291.404695460237,304.914440704224,282.155361384695
32460,29.5982209664464,736117.810097732,877484.295344301,1613602.10544203,292.641085657596,302.699518586508,285.691596133606
32470,29.6073393339653,729537.430289485,884058.849839672,1613596.28012916,294.833700129956,301.086380446283,290.41955183563
32480,29.6164577014843,727940.32625819,885655.43089209,1613595.75715028,295.366160044052,298.554794511473,292.994265265735
32490,29.6255760690032,733044.795474384,880554.568415837,1613599.36389022,293.665021982937,295.271072907781,292.349600514721
32500,29.6346944365221,740139.031208245,873462.503066481,1613601.53427473,291.299817597626,293.694114548865,289.460869782134
32510,29.6438128040411,745460.15306768,868142.767076354,1613602.92014403,289.525685201385,295.681588346365,285.180478367064
32520,29.65293117156,746391.047464241,867213.344234106,1613604.39169835,289.215722606005,300.18367390436,281.662741971596
32530,29.6620495390789,741144.702988989,872458.064442688,1613602.76743168,290.964837232846,303.708977365871,282.226273113134
32540,29.6711679065979,732260.22485042,881339.837911562,1613600.06276198,293.926909425233,303.490727439624,287.306091657786
32550,29.6802862741168,724639.972460457,888957.240363001,1613597.21282346,296.467313777889,300.070580004034,293.818080198978
32560,29.6894046416357,723211.723392215,890384.222743735,1613595.94613595,296.943212520839,295.356650958906,297.753467551694
32570,29.6985230091546,729411.536635605,884188.395614829,1613599.93225043,294.876903656772,290.747634287545,297.384019149875
32580,29.7076413766736,737346.343520836,876257.817160191,1613604.16068103,292.232055080938,287.828019818007,294.92455187699
32590,29.7167597441925,740122.056439863,873482.898898392,1613604.95533826,291.306619609269,287.57870090068,293.549143231986
32600,29.7258781117114,736452.009747233,877148.774791689,1613600.78453892,292.529189525326,288.268643357064,295.125779312896
32610,29.7349964792304,731395.070680235,882205.056838782,1613600.12751902,294.215460009599,288.436410821519,297.822979918311
32620,29.7441148467493,726689.571678106,886910.012211319,1613599.58388943,295.784563018616,289.981508646971,299.406778797197
32630,29.7532332142682,724165.66794641,889428.454617937,1613594.12256435,296.624463771198,292.663967267994,299.017607720191
32640,29.7623515817872,729869.452029906,883727.473002167,1613596.92503207,294.723185927019,292.95502884446,295.656354660452
32650,29.7714699493061,739514.191390039,874090.930956384,1613605.12234642,291.509398351304,292.391814741182,290.678196259426
32660,29.780588316825,741694.452333671,871912.772355623,1613607.22468929,290.782982276346,295.442016581285,287.43464025449
32670,29.7897066843439,733937.33993692,879663.29948357,1613600.63942049,293.367783719716,302.51564427284,287.024736864534
32680,29.7988250518629,725861.968305225,887734.797819655,1613596.76612488,296.059629087762,308.519205523395,287.506528439768
32690,29.8079434193818,724315.031188339,889284.487290701,1613599.51847904,296.576450655561,309.908978485565,287.44095172668
32700,29.8170617869007,727145.739292396,886454.612326226,1613600.35161862,295.632687118968,307.592342994344,287.413222629452
32710,29.8261801544197,732577.096837454,881023.794576921,1613600.89141437,293.82150894678,302.570817866758,287.743785076007
32720,29.8352985219386,738249.273321713,875355.803017135,1613605.07633885,291.931233289023,296.788832553287,288.449557751772
32730,29.8444168894575,737698.235694158,875906.398448083,1613604.63414224,292.11485691115,294.107506271607,290.542994956753
32740,29.8535352569764,731615.153668498,881983.834308484,1613598.98797698,294.1416822773,295.095883062593,293.260430351873
32750,29.8626536244954,728353.048864053,885243.838133383,1613596.88699744,295.228893824707,296.142229009367,294.373979623414
32760,29.8717719920143,732030.042269441,881567.741200534,1613597.78346997,294.002915191107,295.0864908795,293.035528969518
32770,29.8808903595332,740931.548501098,872672.430843232,1613603.97934433,291.0363284453,292.933369916983,289.52910385714
32780,29.8900087270522,746280.389810426,867327.986593223,1613608.37640365,289.253955842329,292.973950773032,286.532914258658
32790,29.8991270945711,742138.867873239,871465.968619314,1613604.83649255,290.633973193034,295.694083556679,287.018371306278
32800,29.90824546209,732930.119783979,880671.520933587,1613601.64071757,293.704025657358,296.735508981191,291.438283420089
32810,29.917363829609,724119.82250555,889479.979875035,1613599.80238058,296.641647448736,294.363816349406,297.913000142083
32820,29.9264821971279,719218.784933062,894377.905437809,1613596.69037087,298.275106032286,291.136741209196,302.785453325986
32830,29.9356005646468,722126.171682114,891470.664929755,1613596.83661187,297.305541080459,288.853175511901,302.692696841929
32840,29.9447189321657,731282.450444267,882320.320819803,1613602.77126407,294.253900556879,288.204037489905,298.041931017731
32850,29.9538372996847,738615.042309009,874990.002399577,1613605.04470859,291.809238752568,291.228562540621,291.953181861572
32860,29.9629556672036,740194.63759042,873410.90009943,1613605.53768985,291.282608003812,297.345711442163,286.997803538241
32870,29.9720740347225,736135.578594899,877467.188262292,1613602.76685719,292.635380444319,303.149834703788,285.381881454303
32880,29.9811924022415,731356.261346808,882241.50879582,1613597.77014263,294.22761674031,304.512315853468,287.125960984254
32890,29.9903107697604,732884.666535959,880712.648425742,1613597.3149617,293.71774167942,299.434635374957,289.661714430996
32900,29.9994291372793,740838.128558329,872764.927756893,1613603.05631522,291.067176173718,290.720960382575,291.055430721003
32910,30.0085475047983,746867.173068313,866739.294695711,1613606.46776402,289.057627045426,284.680727545367,291.734678689594
32920,30.0176658723172,745918.509848146,867684.767652033,1613603.27750018,289.372942355188,284.732940087632,292.225133081599
32930,30.0267842398361,741958.001893737,871642.833913942,1613600.83580768,290.692957783539,289.157219013239,291.474539498921
32940,30.035902607355,738955.154047063,874646.905336782,1613602.05938384,291.694815853521,295.736787654349,288.757088973092
32950,30.045020974874,735932.216236907,877671.900918538,1613604.11715545,292.703652132246,302.732360073776,285.773927127782
32960,30.0541393423929,731048.763025577,882552.858543001,1613601.62156858,294.331451906954,307.351568261931,285.406098127046
32970,30.0632577099118,727552.554328784,886047.06996298,1613599.62429176,295.496771706847,306.756468435067,287.744059911612
32980,30.0723760774308,727644.201013382,885958.18774798,1613602.38876136,295.467129480734,302.227211532521,290.714185504976
32990,30.0814944449497,727346.457049068,886257.375642286,1613603.83269135,295.56690866843,297.818219855492,293.819728786499
33000,30.0906128124686,724290.400259329,889309.269359607,1613599.66961894,296.584715477608,295.040768560914,297.366859492506
33010,30.0997311799876,723805.466959051,889789.497648685,1613594.96460774,296.744871652054,292.464381787501,299.351244168713
33020,30.1088495475065,731178.064560345,882421.445720311,1613599.51028066,294.28762571963,288.584246566039,297.844638800592
33030,30.1179679150254,740123.27354341,873482.60984999,1613605.8833934,291.306523211603,284.845735830127,295.370959363244
33040,30.1270862825443,741155.111211652,872451.316605261,1613606.42781691,290.962586828501,284.314687145088,295.152051128419
33050,30.1362046500633,733941.453824485,879657.428040054,1613598.88186454,293.365825592814,287.645454626789,296.934934715503
33060,30.1453230175822,728859.52258517,884735.588393245,1613595.11097842,295.059392493995,292.219283976642,296.706915345152
33070,30.1544413851011,731537.394928029,882061.489728781,1613598.88465681,294.167580366443,296.121212669151,292.620019181
33080,30.1635597526201,737057.639690623,876545.16381543,1613602.80350605,292.327885214417,299.252860217187,287.467628641559
33090,30.172678120139,739031.376684338,874573.453355624,1613604.83003996,291.67031961168,301.881919559916,284.61952771318
33100,30.1817964876579,734274.79029033,879328.076947347,1613602.86723768,293.255986975937,304.059097524021,285.809533288067
33110,30.1909148551769,726393.212335709,887203.309310257,1613596.52164597,295.882377625565,304.451499681527,289.923060940237
33120,30.2000332226958,724154.809896751,889442.340559046,1613597.1504558,296.629094733715,301.329109213575,293.248560834864
33130,30.2091515902147,727919.677693989,885680.39027951,1613600.0679735,295.374484001838,296.141527033767,294.616976577218
33140,30.2182699577336,734060.869984968,879540.589339564,1613601.45932453,293.326859876459,291.378997521318,294.38099572999
33150,30.2273883252526,740254.407790301,873350.078297333,1613604.48608763,291.262323927742,288.265438152523,293.017529174616
33160,30.2365066927715,742521.462340753,871083.808071305,1613605.27041206,290.506522618411,287.741631434385,292.107694638914
33170,30.2456250602904,739617.467899788,873985.893234762,1613603.36113455,291.474368262385,290.427385933037,291.929461175065
33180,30.2547434278094,734633.397940594,878965.428601755,1613598.82654235,293.135043722446,295.459848543891,291.34089463838
33190,30.2638617953283,733333.718804597,880265.135678423,1613598.85448302,293.568496140878,299.991214897471,289.042043223032
33200,30.2729801628472,735472.073423884,878131.175533087,1613603.24895697,292.85682025449,302.331017725481,286.296641256951
33210,30.2820985303662,735694.129270613,877908.813433304,1613602.94270392,292.782662475672,302.579413557246,286.007509535894
33220,30.2912168978851,734498.770317261,879100.843664859,1613599.61398212,293.180204657282,300.508335285264,288.050467401412
33230,30.300335265404,736313.971378136,877285.650726679,1613599.62210481,292.574837661057,295.916141927735,290.103489118555
33240,30.3094536329229,741210.749960066,872390.882426444,1613601.63238651,290.942432024827,290.556056019231,290.95756400187
33250,30.3185720004419,745732.842122255,867870.278649133,1613603.12077139,289.434810288188,287.252626714691,290.648403661946
33260,30.3276903679608,747221.781673797,866380.789144429,1613602.57081823,288.938065414184,286.937364365762,290.031084391952
33270,30.3368087354797,745911.576922157,867690.485360944,1613602.0622831,289.374849211587,287.817787275606,290.171744794565
33280,30.3459271029987,742923.987523033,870676.509130017,1613600.49665305,290.370688387533,289.710464917605,290.568861793828
33290,30.3550454705176,740724.088949418,872876.860896451,1613600.94984587,291.104505885093,292.812791880614,289.723061466508
33300,30.3641638380365,738827.095923516,874777.743456515,1613604.83938003,291.73845037736,296.500503580275,288.320632866769
33310,30.3732822055555,732913.85078727,880690.625279315,1613604.47606658,293.710396958251,301.314223078964,288.396420880311
33320,30.3824005730744,723119.237912608,890483.986676003,1613603.22458861,296.976483800568,305.821244815164,290.832496054336
33330,30.3915189405933,711936.793290387,901663.822084322,1613600.61537471,300.704959841361,308.099794950335,295.524482302178
33340,30.4006373081122,703379.982784696,910218.388363566,1613598.37114826,303.557908408726,307.529015779717,300.65753857106
33350,30.4097556756312,701335.492761523,912261.180409845,1613596.67317137,304.239179726478,304.392902313969,303.883165351712
33360,30.4188740431501,708288.584562529,905308.553145744,1613597.13770827,301.920477954225,299.526928932569,303.264576903701
33370,30.427992410669,722887.505048567,890713.512926082,1613601.01797465,297.053030824106,294.171593796307,298.726444650286
33380,30.437110778188,738271.008096496,875334.851597224,1613605.85969372,291.924245988736,289.778828126966,293.111254358257
33390,30.4462291457069,746858.896589612,866747.062704097,1613605.95929371,289.060217676871,287.188093855381,290.0674167098
33400,30.4553475132258,747648.657125704,865955.599056733,1613604.25618244,288.796264484487,285.752146821706,290.585012705936
33410,30.4644658807448,743949.933419994,869649.83669743,1613599.77011742,290.028293045666,284.469023719616,293.492782352162
33420,30.4735842482637,742880.521017141,870716.048891278,1613596.56990842,290.38387490121,283.116441421046,294.986843992236
33430,30.4827026157826,748066.30330672,865537.297483323,1613603.60079004,288.656760874878,282.229762209244,292.700879351239
33440,30.4918209833015,750316.793297019,863291.198819177,1613607.9921162,287.907686783117,284.281384138379,290.085298807289
33450,30.5009393508205,743362.070675065,870241.078569164,1613603.14924423,290.225472259184,290.524653936083,289.784163247703
33460,30.5100577183394,733537.871464001,880060.695112209,1613598.56657621,293.500315195,297.325696480909,290.7054774084
33470,30.5191760858583,727819.393795279,885779.843317543,1613599.23711282,295.407651598313,300.926928119969,291.481960874211
33480,30.5282944533773,726713.644388024,886885.853177083,1613599.49756511,295.776505978684,301.228192874782,291.895567626303
33490,30.5374128208962,729515.580998233,884085.630358985,1613601.21135722,294.842631435379,299.748184440958,291.326560572131
33500,30.5465311884151,733158.704046325,880446.355144847,1613605.05919117,293.62893284804,298.466464209638,290.159221162933
33510,30.5556495559341,732362.657986771,881241.194054603,1613603.85204137,293.894011690713,299.431664339607,289.957331581708
33520,30.564767923453,728467.839455002,885130.665422506,1613598.50487751,295.191150716194,301.093301237996,291.010391076064
33530,30.5738862909719,727885.030878568,885713.531458387,1613598.56233696,295.385536587756,299.368368383839,292.484160776544
33540,30.5830046584908,730405.360849791,883196.693867716,1613602.05471751,294.546171041426,293.772665274433,294.816386410221
33550,30.5921230260098,731342.203825618,882259.838152359,1613602.04197798,294.233729582244,287.16091692516,298.703743245647
33560,30.6012413935287,730566.185000833,883033.771200342,1613599.95620118,294.491836318273,281.800238570721,302.70749161971
33570,30.6103597610476,730531.769740534,883070.533871008,1613602.30361154,294.504096672005,279.240367125093,304.434496289387
33580,30.6194781285666,728866.434245471,884737.400984403,1613603.83522987,295.059996993298,281.789745323039,303.660948109309
33590,30.6285964960855,724380.591170001,889219.242438665,1613599.83360867,296.554691491968,288.902734249132,301.408867410948
33600,30.6377148636044,722511.480497889,891085.473447185,1613596.95394507,297.177079688906,297.231409241742,296.893212420607
33610,30.6468332311234,727437.470286229,886160.046145284,1613597.51643151,295.534449273064,303.185440904168,290.187509477934
33620,30.6559515986423,737415.211536285,876186.601920871,1613601.81345716,292.208304792687,304.812108695186,283.562261937027
33630,30.6650699661612,745831.069069692,867773.990350445,1613605.05942014,289.402698132548,304.400909608249,279.16272156697
33640,30.6741883336801,747858.949922827,865745.516991617,1613604.46691444,288.726202098255,305.57644585137,277.252101094429
33650,30.6833067011991,744962.747521092,868637.021731758,1613599.76925285,289.690519170171,308.366341632205,276.998562096175
33660,30.692425068718,743734.908567543,869863.473666963,1613598.38223451,290.099540992817,308.943920487807,277.294871711997
33670,30.7015434362369,746074.532295382,867528.267073859,1613602.79936924,289.320749399319,304.701537786736,278.825789849876
33680,30.7106618037559,746476.3260567,867127.665036023,1613603.99109272,289.187148586301,299.118317659774,282.325379913497
33690,30.7197801712748,742705.499293369,870896.749266955,1613602.24856032,290.444138491564,296.931593473221,285.877131721716
33700,30.7288985387937,736999.093412402,876601.882725939,1613600.97613834,292.346800975801,298.759937724358,287.827754142615
33710,30.7380169063127,731585.822496275,882014.891961746,1613600.71445802,294.152040007252,301.079685796284,289.288482781225
33720,30.7471352738316,727075.067753267,886526.381345716,1613601.44909898,295.656622092952,301.075222863307,291.79784106097
33730,30.7562536413505,722780.684887247,890820.03697347,1613600.72186072,297.088556602791,300.164409723183,294.790414058695
33740,30.7653720088694,719687.932724317,893910.909696678,1613598.842421,298.119362913683,301.204994983713,295.813842064567
33750,30.7744903763884,720397.662668506,893200.140842205,1613597.80351071,297.882321441456,304.39091700393,293.295022465271
33760,30.7836087439073,725203.22778998,888399.738519104,1613602.96630908,296.281386866468,306.877955579196,288.970106568926
33770,30.7927271114262,727117.687954994,886486.780759756,1613604.46871475,295.643415294233,308.724492449275,286.676327678126
33780,30.8018454789452,724388.166550295,889210.074406605,1613598.2409569,296.551633952511,310.431103441439,287.051527931599
33790,30.8109638464641,724620.898660827,888977.212271821,1613598.11093265,296.473974411146,309.78107494906,287.355512407194
33800,30.820082213983,729315.887918683,884283.728916127,1613599.61683481,294.908697320703,306.607857145053,286.863500190034
33810,30.829200581502,736009.955811414,877592.532096638,1613602.48790805,292.677182623524,302.252258570766,286.049901006509
33820,30.8383189490209,740595.670063231,873007.998718487,1613603.66878172,291.148240359675,298.362674849829,286.095993832606
33830,30.8474373165398,741147.592049992,872455.056631833,1613602.64868183,290.963834127675,295.878180555591,287.445133313957
33840,30.8565556840587,739540.835269097,874059.616992732,1613600.45226183,291.498955141815,294.2264629024,289.437700838806
33850,30.8656740515777,738771.856978702,874829.960969255,1613601.81794796,291.755864922213,293.082013930075,290.628635696203
33860,30.8747924190966,737644.336117459,875959.123510547,1613603.45962801,292.132440723877,292.903758336035,291.374785281835
33870,30.8839107866155,734372.356839974,879229.295537146,1613601.65237712,293.223043367399,293.76179212909,292.619524990132
33880,30.8930291541345,730835.068696074,882767.39231826,1613602.46101433,294.402998938889,295.030573660303,293.73927995883
33890,30.9021475216534,726483.613186281,887120.131361083,1613603.74454736,295.85463777258,297.186587134614,294.720125999747
33900,30.9112658891723,720795.086138613,892804.233813796,1613599.31995241,297.750286414473,300.083245455468,295.946855148465
33910,30.9203842566912,719747.913630148,893848.676277467,1613596.58990762,298.098608063187,300.633717291044,296.160119737896
33920,30.9295026242102,726435.015407501,887166.364842164,1613601.38024967,295.870056642376,297.358104653965,294.631466254116
33930,30.9386209917291,734730.686161987,878873.027067255,1613603.71322924,293.104227802987,292.939597891634,292.969727554052
33940,30.947739359248,740069.91602836,873534.237146694,1613604.15317505,291.323740919358,289.796727008949,292.098980408864
33950,30.956857726767,741438.912442556,872164.067511268,1613602.97995382,290.866789231705,289.611150072541,291.461493013456
33960,30.9659760942859,740373.629908131,873227.791198169,1613601.4211063,291.221541169975,291.949151596394,290.493782934719
33970,30.9750944618048,739344.615995294,874255.664606297,1613600.28060159,291.564337037284,294.51388723146,289.354999960302
33980,30.9842128293238,740194.652238295,873405.4692015,1613600.1214398,291.280796798899,295.454418963371,288.255648025252
33990,30.9933311968427,743055.045145865,870546.977053602,1613602.02219947,290.327489429249,293.541267634511,287.943031051215
34000,31.0024495643616,745754.143338254,867847.807318742,1613601.950657,289.42731609763,289.921119896768,288.85692413479
34010,31.0115679318805,748255.364901009,865345.591974207,1613600.95687522,288.592827071605,286.872388769055,289.499291917412
34020,31.0206862993995,750899.963621273,862705.575070803,1613605.53869208,287.712381214208,285.82743285308,288.729253137281
34030,31.0298046669184,747438.65276186,866170.052230929,1613608.70499279,288.867784635961,288.822964751858,288.656941404835
34040,31.0389230344373,734883.825692756,878717.363747699,1613601.18944046,293.052314072936,295.859239124296,290.936820443634
34050,31.0480414019563,723473.654100485,890122.269813447,1613595.92391393,296.855851196748,301.282282190768,293.657517324737
34060,31.0571597694752,721375.931789132,892221.298541993,1613597.23033112,297.555877452724,301.510984495438,294.671176193038
34070,31.0662781369941,727485.957326259,886113.710704271,1613599.66803053,295.518996399624,298.504130192707,293.282641373901
34080,31.0753965045131,737032.374314412,876571.732943726,1613604.10725814,292.336746020919,294.741635077907,290.489872694576
34090,31.084514872032,743057.147695463,870548.333200822,1613605.48089629,290.32794170446,292.473073688676,288.655913763561
34100,31.0936332395509,742709.783645542,870894.266039216,1613604.04968476,290.443310334906,293.421730248156,288.21566096746
34110,31.1027516070698,737660.072833295,875943.316664578,1613603.38949787,292.127169139429,296.651310179343,288.867635805204
34120,31.1118699745888,729856.561005969,883745.336471402,1613601.89747737,294.729143395498,299.452488549297,291.334639006803
34130,31.1209883421077,722506.439456414,891092.858286693,1613599.29774311,297.179542533498,300.743008481271,294.556248949537
34140,31.1301067096266,719776.791821177,893822.060017268,1613598.85183845,298.089731538192,301.172439714535,295.786184644346
34150,31.1392250771456,722782.49902037,890818.430340028,1613600.9293604,297.088020790405,300.826124368047,294.348378387985
34160,31.1483434446645,728805.27597786,884797.593721568,1613602.86969943,295.080071276161,298.943303017145,292.258683389442
34170,31.1574618121834,735217.173238392,878384.41684784,1613601.59008623,292.941276254074,295.789325728667,290.798458874134
34180,31.1665801797024,742779.436290687,870822.716300942,1613602.15259163,290.419448491226,291.705011535845,289.320390254404
34190,31.1756985472213,749691.315423751,863915.331512829,1613606.64693658,288.115835088487,287.483506448636,288.297290985813
34200,31.1848169147402,749905.808083651,863699.943767928,1613605.75185158,288.044003257605,284.935068507325,289.876589755076
34210,31.1939352822591,744738.602008397,868860.343799367,1613598.94580776,289.764997098338,284.586222728602,292.976042513914
34220,31.2030536497781,743178.435981787,870418.401532569,1613596.83751436,290.284609482264,285.264024765886,293.389762118614
34230,31.212172017297,748134.58395288,865465.936806072,1613600.52075895,288.632962083066,286.519201363535,289.801608427684
34240,31.2212903848159,753889.667607989,859713.512463714,1613603.1800717,286.714528085281,289.09603767883,284.887926249509
34250,31.2304087523349,755501.550553643,858100.812676653,1613602.3632303,286.176692571837,292.906039943215,281.451980413776
34260,31.2395271198538,752311.357084752,861292.756604735,1613604.11368949,287.241206137981,295.761258341686,281.321803663728
34270,31.2486454873727,742113.90127935,871490.792137841,1613604.69341719,290.642251838533,297.134403595542,286.071948790662
34280,31.2577638548917,725658.540479915,887941.579195372,1613600.11967529,296.128590693804,298.817864324698,294.088967780965
34290,31.2668822224106,710967.917747708,902627.336555335,1613595.25430304,301.026291997777,301.626942020809,300.375003405757
34300,31.2760005899295,706768.428953278,906825.273323423,1613593.7022767,302.426304259938,304.135799656424,301.034618742064
34310,31.2851189574484,715060.132620663,898540.433595311,1613600.56621597,299.663309519864,304.055212251692,296.485654940712
34320,31.2942373249674,725860.545915138,887747.802680876,1613608.34859601,296.063966210064,301.873406003957,291.944286375626
34330,31.3033556924863,728430.836429171,885174.884175933,1613605.7206051,295.205897674148,300.421619798763,291.482744676342
34340,31.3124740600052,725792.79005726,887806.668445453,1613599.45850271,296.083597947458,299.690969507867,293.431947242228
34350,31.3215924275242,726611.078061707,886987.123476962,1613598.20153867,295.810279632137,297.906684676042,294.166167703176
34360,31.3307107950431,733099.456870811,880499.879330929,1613599.33620174,293.646783168561,294.468984201504,292.853943493958
34370,31.339829162562,742412.556601046,871190.169348036,1613602.72594908,290.541994113068,289.836010631461,290.770531439046
34380,31.348947530081,748345.555140433,865260.256465817,1613605.81160625,288.564367672442,286.702326872341,289.565257899448
34390,31.3580658975999,746414.883628301,867188.710694466,1613603.59432277,289.207507318481,287.245066644866,290.274794844791
34400,31.3671842651188,739799.526916743,873800.133165246,1613599.66008199,291.412417263714,290.448102699564,291.812449958761
34410,31.3763026326377,734667.110096612,878931.558133196,1613598.66822981,293.123747918358,294.127956469498,292.210005760999
34420,31.3854210001567,732719.307890868,880882.63439844,1613601.94228931,293.774432015488,296.98533627909,291.389017146407
34430,31.3945393676756,730279.413340922,883322.992803613,1613602.40614454,294.588291747078,299.866511104286,290.82398859915
34440,31.4036577351945,726904.597308345,886695.455197058,1613600.0525054,295.713008236471,302.522704148391,290.926783454993
34450,31.4127761027135,726288.640835501,887310.221220742,1613598.86205624,295.918032756626,302.123627872446,291.534370985449
34460,31.4218944702324,730024.57907233,883577.666183096,1613602.24525543,294.673225340369,297.672785602188,292.427957478038
34470,31.4310128377513,734435.398131607,879166.405771764,1613601.80390337,293.202069625401,292.607801314658,293.353913441209
34480,31.4401312052703,739749.361898868,873850.871647193,1613600.23354606,291.429338551673,289.415663261231,292.528930963174
34490,31.4492495727892,747101.597239569,866503.453719031,1613605.0509586,288.97897406004,288.543530888216,289.028453696207
34500,31.4583679403081,749553.308264251,864057.017591323,1613610.32585557,288.163087407478,291.698363515045,285.566100762927
34510,31.467486307827,740303.857803951,873303.258120471,1613607.11592442,291.246709394854,299.549642698897,285.468714934331
34520,31.476604675346,724451.790959422,889147.476284698,1613599.26724412,296.530757473636,307.843221075689,288.742006107706
34530,31.4857230428649,714045.662471524,899549.144677078,1613594.8071486,299.999714749734,311.454942445692,292.112896523471
34540,31.4948414103838,715759.840130575,897837.185960253,1613597.02609083,299.428776374938,309.156639169418,292.69401053164
34550,31.5039597779028,726046.131301111,887554.740650335,1613600.87195145,295.999580006782,303.079437870003,291.033008447962
34560,31.5130781454217,737706.509877709,875896.720693869,1613603.23057158,292.111629379312,295.559151890876,289.569854680454
34570,31.5221965129406,745720.929491166,867882.768156053,1613603.69764722,289.438975539787,288.368278607467,289.911574348385
34580,31.5313148804596,748683.14398204,864919.7330808,1613602.87706284,288.450803095148,283.739162804521,291.351520952987
34590,31.5404332479785,747623.554881802,865978.672616463,1613602.22749826,288.80395951858,282.970739135453,292.452103141066
34600,31.5495516154974,743889.678969406,869710.864775388,1613600.54374479,290.048645914753,285.453088439366,292.870643693416
34610,31.5586699830163,740426.963030132,873170.297670985,1613597.26070112,291.202367073865,289.228655936439,292.275505859588
34620,31.5677883505353,741180.457744071,872419.839842679,1613600.29758675,290.952089325556,292.036579433263,289.986635845981
34630,31.5769067180542,742001.333392318,871604.415607237,1613605.74899955,290.68014527505,294.438032359792,287.932653764159
34640,31.5860250855731,736059.263635356,877543.855409423,1613603.11904478,292.66094894428,298.069704850389,288.811227549419
34650,31.5951434530921,726440.352563635,887158.658495514,1613599.01105915,295.867486575125,301.488238812302,291.873762178195
34660,31.604261820611,719547.80660298,894049.884767825,1613597.69137081,298.165711111498,302.501971051067,295.026399725859
34670,31.6133801881299,718151.393227901,895447.554795483,1613598.94802338,298.631834182252,300.37584553787,297.220300083356
34680,31.6224985556489,720964.29905266,892637.248892612,1613601.54794527,297.694596929335,296.100573516986,298.509200373461
34690,31.6316169231678,724510.483882723,889092.148397323,1613602.63228005,296.512305618584,291.988030473003,299.281395460956
34700,31.6407352906867,727464.111684478,886136.247832312,1613600.35951679,295.526512533704,289.823584708329,299.08219232351
34710,31.6498536582056,731930.405324866,881670.887364193,1613601.29268906,294.037314445287,290.255436141964,296.313535552131
34720,31.6589720257246,736648.148358846,876953.74198024,1613601.89033909,292.464146066446,293.011576300684,291.855472455233
34730,31.6680903932435,740126.968481037,873475.081114008,1613602.04959504,291.304012377525,296.701569671388,287.462887504636
34740,31.6772087607624,741499.307266358,872103.69137138,1613602.99863774,290.846653784019,299.805944738698,284.631420936077
34750,31.6863271282814,739785.695328054,873815.97509645,1613601.6704245,291.417700549091,301.480695226967,284.466189346716
34760,31.6954454958003,736555.159539513,877046.268903901,1613601.42844341,292.495003803202,300.928814380084,286.628717582112
34770,31.7045638633192,732570.919732752,881031.008725636,1613601.92845839,293.823914865978,298.523673363447,290.445889271945
34780,31.7136822308382,728155.704490609,885444.5324903,1613600.23698091,295.295825409472,295.98593979123,294.589669300457
34790,31.7228005983571,726084.500474208,887515.138396086,1613599.63887029,295.986372651688,293.21938707197,297.58437439429
34800,31.731918965876,727497.957551211,886103.614084199,1613601.57163541,295.515629175988,289.845994323034,299.049122720309
34810,31.7410373333949,729630.309146404,883972.680193599,1613602.98934,294.804962545806,288.24689067941,298.931339654616
34820,31.7501557009139,730447.308816969,883153.574807022,1613600.88362399,294.531790831089,290.331022342966,297.086859997479
34830,31.7592740684328,732124.115430904,881475.523656384,1613599.63908729,293.972160632444,292.56679443409,294.66409463082
34840,31.7683924359517,735646.610668566,877955.087809387,1613601.69847795,292.798094983954,292.773497210458,292.570495087132
34850,31.7775108034707,737422.169411264,876180.994323296,1613603.16373456,292.206434658428,293.351771439479,291.199371442178
34860,31.7866291709896,735159.701479887,878439.731807727,1613599.43328761,292.959723797808,298.474358887353,289.039167301613
34870,31.7957475385085,733765.367817921,879831.513535593,1613596.88135351,293.423883120091,306.585907923384,284.404680015295
34880,31.8048659060275,736957.612092218,876643.106109741,1613600.71820196,292.360548977736,310.960864852546,279.716704603714
34890,31.8139842735464,739973.418602237,873631.335197311,1613604.75379955,291.356123127334,308.826855599671,279.466171376502
34900,31.8231026410653,738085.685746229,875517.071302279,1613602.75704851,291.985016275564,302.112600163617,284.989972836634
34910,31.8322210085842,733981.585016563,879620.595329104,1613602.18034567,293.353541880642,293.54398485997,292.982118609522
34920,31.8413393761032,729735.10380115,883868.240799963,1613603.34460111,294.77013199932,286.209355408771,300.231674616354
34930,31.8504577436221,725277.914638674,888322.269128899,1613600.18376757,296.255550818376,284.000092042924,304.178977042994
34940,31.859576111141,725356.181368546,888240.115502294,1613596.29687084,296.228152577053,286.963536739577,302.157706341556
34950,31.86869447866,734455.031781007,879145.387233336,1613600.41901434,293.195059941082,291.017562120238,294.402395938362
34960,31.8778128461789,745566.480274032,868042.084591311,1613608.56486534,289.492107584229,294.459370162785,285.939355775538
34970,31.8869312136978,746574.915823205,867033.207724295,1613608.1235475,289.155647064964,299.485492762636,282.028120227296
34980,31.8960495812168,736784.979879285,876818.144101519,1613603.1239808,292.418924162588,305.302793087801,283.585995775643
34990,31.9051679487357,723308.667639192,890291.524941903,1613600.1925811,296.912297796199,308.287907712902,289.081130936901
35000,31.9142863162546,712161.854198673,901435.625892638,1613597.48009131,300.628856392409,307.565702976234,295.753767956197
35010,31.9234046837735,707941.430385226,905656.931980458,1613598.36236568,302.036662324648,304.959961087167,299.836099264365
35020,31.9325230512925,710926.207243979,902671.454074951,1613597.66131893,301.041005194248,302.589173886991,299.758025228091
35030,31.9416414188114,721322.247222944,892277.671329142,1613599.91855209,297.574677781938,299.158713303189,296.270675202953
35040,31.9507597863303,735220.521420568,878382.616526051,1613603.13794662,292.940675846607,293.766991668571,292.145681402092
35050,31.9598781538493,747404.547386974,866197.627416061,1613602.17480304,288.876980962502,287.902459781923,289.285930932087
35060,31.9689965213682,756347.701099063,857259.003588387,1613606.70468745,285.895949170714,283.360205828751,287.348198107715
35070,31.9781148888871,755602.173998794,858005.809324389,1613607.98332318,286.145008945936,283.813923907639,287.460611464012
35080,31.987233256406,744531.803463525,869067.105094147,1613598.90855767,289.833952007386,289.707203231327,289.676922898086
35090,31.996351623925,735347.906079202,878247.404829218,1613595.31090842,292.89558273444,294.563851735851,291.539323747888
35100,32.0054699914439,734522.189729097,879075.128267361,1613597.31799646,293.171628570072,294.620076839753,291.961686699809
35110,32.0145883589628,739535.302498776,874066.282278821,1613601.5847776,291.501178015281,291.426860140867,291.307805616544
35120,32.0237067264817,744338.632155366,869265.564433352,1613604.19658872,289.900138213557,288.587269005022,290.533800904069
35130,32.0328250940006,744977.557062917,868627.000165847,1613604.55722876,289.687176977104,288.01338770617,290.561630510247
35140,32.0419434615195,741868.277545296,871732.40586262,1613600.68340792,290.722830035891,289.017735265603,291.61729085772
35150,32.0510618290384,740532.495291351,873065.834602178,1613598.32989353,291.167528631708,288.923779458816,292.420721806444
35160,32.0601801965573,743924.47280182,869677.880282702,1613602.35308452,290.037645583692,286.660139528162,292.047618249392
35170,32.0692985640761,745892.863087203,867715.749651905,1613608.61273911,289.383274854729,284.038345479537,292.705408375811
35180,32.078416931595,738315.627970068,875290.590795575,1613606.21876564,291.909485007696,282.594409982726,297.876277120167
35190,32.0875352991139,724858.919694039,888739.609692197,1613598.52938624,296.394733931031,282.345951591852,305.513593212208
35200,32.0966536666328,716866.91637526,896728.296795775,1613595.21317104,299.058961746131,283.093192004516,309.453592439086
35210,32.1057720341517,719705.175358978,893891.982917554,1613597.15827653,298.113050831267,284.68026872038,306.819811362833
35220,32.1148904016706,730093.223615689,883508.652469391,1613601.87608508,294.650209261094,286.097559637614,300.106433835697
35230,32.1240087691895,740277.546422055,873326.91118896,1613604.45761102,291.254597695168,286.220338114138,294.368058584441
35240,32.1331271367084,745627.796926698,867975.021835876,1613602.81876257,289.4697421497,285.561545466127,291.833981820291
35250,32.1422455042273,746718.057271725,866886.096112389,1613604.15338411,289.106585330128,285.268129417616,291.424633784028
35260,32.1513638717462,742070.410702603,871533.515959209,1613603.92666181,290.656500236521,286.813184123799,292.97649722814
35270,32.1604822392651,732155.884826334,881445.835649214,1613601.72047555,293.962259679578,291.269935570147,295.512173869465
35280,32.169600606784,720968.017497001,892631.432278485,1613599.44977549,297.692657088039,297.34359299992,297.677289265877
35290,32.1787189743029,712969.750251499,900628.433324522,1613598.18357602,300.359657603642,302.126702829411,298.931327738462
35300,32.1878373418218,710884.323698469,902713.761212968,1613598.08491144,301.055114628304,303.206085316263,299.370254907473
35310,32.1969557093407,715328.290485322,898270.176496098,1613598.46698142,299.573178754743,300.333359622179,298.816747194159
35320,32.2060740768596,724803.728635549,888798.129597565,1613601.85823311,296.41425032435,295.416119536984,296.832658973992
35330,32.2151924443785,733758.892090939,879845.349484359,1613604.2415753,293.428497410158,291.790759693074,294.275798807038
35340,32.2243108118974,737361.650225398,876243.54798627,1613605.19821167,292.227296310245,291.857255623199,292.230467354685
35350,32.2334291794162,733397.667370327,880206.943918291,1613604.61128862,293.549089184022,296.551821572933,291.302643350428
35360,32.2425475469351,723355.231206738,890244.520730971,1613599.75193771,296.896621887934,303.335532086903,292.356601237049
35370,32.251665914454,714640.600438683,898955.579436992,1613596.17987567,299.801760692677,307.117019683628,294.675086564799
35380,32.2607842819729,712964.728059612,900632.891724014,1613597.61978363,300.361144480245,306.339375670886,296.125356066083
35390,32.2699026494918,717118.934388465,896481.603930777,1613600.53831924,298.976689655087,302.499329662594,296.379115742035
35400,32.2790210170107,723076.896287117,890523.941373691,1613600.83766081,296.989808695578,297.379702584304,296.482387929182
35410,32.2881393845296,730039.723026903,883558.084844153,1613597.80787106,294.666694962199,291.386175566568,296.608152313483
35420,32.2972577520485,740272.336137729,873328.160138131,1613600.49627586,291.25501421982,284.21014751893,295.708879508565
35430,32.3063761195674,749389.731710757,864214.712405394,1613604.44411615,288.215678641119,278.6375947175,294.360888191329
35440,32.3154944870863,751764.229075521,861837.83605896,1613602.06513448,287.422990181411,278.249021871317,293.299449896321
35450,32.3246128546052,749658.136622476,863942.893051081,1613601.02967356,288.125026863792,281.730150984445,292.148173260969
35460,32.3337312221241,745454.607207676,868147.377296903,1613601.98450458,289.527222710323,285.941458767632,291.67645931986
35470,32.342849589643,740102.176846252,873496.954136803,1613599.13098306,291.311307032451,290.43128621612,291.655228154144
35480,32.3519679571619,738337.570828627,875261.238254641,1613598.80908327,291.899695932847,294.588318269391,289.864031295206
35490,32.3610863246808,741049.086392348,872553.716690862,1613602.80308321,290.996737265587,296.86437394645,286.84248219729
35500,32.3702046921997,743426.963604229,870176.547939035,1613603.51154326,290.203951288656,296.997362479857,285.43317386845
35510,32.3793230597186,743869.510049968,869733.40675602,1613602.91680599,290.056163667174,295.271200751928,286.337758807615
35520,32.3884414272375,742944.095860988,870659.541753979,1613603.63761497,290.365029766209,292.559955516153,288.659775074776
35530,32.3975597947563,740212.981497589,873389.862597229,1613602.84409482,291.275591995074,291.209195646041,291.077126567767
35540,32.4066781622752,737679.930676793,875919.229805691,1613599.16048248,292.119136169982,292.777195748919,291.436997170548
35550,32.4157965297941,740462.582040529,873136.439401764,1613599.02144229,291.191075338257,295.901960355657,287.807826097208
35560,32.424914897313,748420.05056548,865183.708759057,1613603.75932454,288.538839005855,298.245847584416,281.827050920977
35570,32.4340332648319,754444.754702287,859162.34028284,1613607.09498513,286.530712117005,298.010364622146,278.638834853479
35580,32.4431516323508,752642.38335764,860965.236427101,1613607.61978474,287.131978131433,296.018776748163,280.968169071837
35590,32.4522699998697,741890.85182757,871714.59297693,1613605.4448045,290.716889437028,295.495011168177,287.289210875066
35600,32.4613883673886,725918.620904215,887683.016573008,1613601.63747722,296.042360037688,297.027123443442,295.139149133821
35610,32.4705067349075,711524.258452797,902073.81206307,1613598.07051587,300.841691533457,298.657972854155,302.046802576712
35620,32.4796251024264,705072.53433547,908523.919679783,1613596.45401525,302.992802961408,299.548139607162,305.036751195105
35630,32.4887434699453,709333.611250082,904264.555297911,1613598.16654799,301.572304584929,299.640653591698,302.608761659929
35640,32.4978618374642,721367.904843231,892233.875191228,1613601.78003446,297.560071766293,299.512103592781,296.010750488829
35650,32.5069802049831,734859.200737534,878744.648561714,1613603.84929925,293.061413560685,299.485665762288,288.534360914982
35660,32.516098572502,745012.746567145,868592.120117379,1613604.86668452,289.675544478032,297.616480666014,284.140190732312
35670,32.5252169400209,749537.284803702,864066.027022568,1613603.31182627,288.166092053549,293.154340204554,284.600454876168
35680,32.5343353075398,749961.383043625,863640.016175835,1613601.39921946,288.024017400645,287.040985475104,288.439352003172
35690,32.5434536750587,748360.681168055,865241.876268251,1613602.55743631,288.558237875021,280.788062675012,293.497889476798
35700,32.5525720425776,743444.411076122,870158.205493287,1613602.61656941,290.19783408147,277.867288929248,298.176365987883
35710,32.5616904100964,735653.992436147,877945.613015861,1613599.60545201,292.794935139523,280.224428297415,300.931277254979
35720,32.5708087776153,729652.666823976,883944.4264533,1613597.09327728,294.795539921061,285.72359709029,300.597838858307
35730,32.5799271451342,729289.226242592,884309.379910242,1613598.60615283,294.917251929379,289.339661798234,298.389880973535
35740,32.5890455126531,732556.655891366,881045.766549906,1613602.42244127,293.828836601603,288.291530121887,297.275516890913
35750,32.598163880172,734091.433788111,879511.596232548,1613603.03002066,293.317190672852,286.567279255222,297.572700625711
35760,32.6072822476909,732892.363617037,880708.1977532,1613600.56137024,293.716257379757,287.74533151806,297.452111073071
35770,32.6164006152098,732307.310167027,881292.048780523,1613599.35894755,293.910971746047,290.799788893625,295.740167837874
35780,32.6255189827287,734100.545735953,879500.689416895,1613601.23515285,293.313553248923,294.194289681143,292.481967666402
35790,32.6346373502476,735864.777709826,877738.450498019,1613603.22820785,292.725846422551,297.362345867803,289.390908587031
35800,32.6437557177665,734677.104820383,878925.642051326,1613602.74687171,293.121774904561,300.69426734877,287.829178462668
35810,32.6528740852854,731098.285192316,882502.146964535,1613600.43215685,294.314539591307,302.77262068587,288.430556745272
35820,32.6619924528043,728175.610947128,885424.494468718,1613600.10541585,295.289142727603,302.115241937408,290.492335635461
35830,32.6711108203232,727236.741185403,886363.170794258,1613599.91197966,295.602191360433,300.183324081488,292.301767720261
35840,32.6802291878421,729112.723356572,884485.997527609,1613598.72088418,294.976153919496,298.915357445051,292.104204774193
35850,32.689347555361,735083.409289395,878516.234942793,1613599.64423219,292.985237599731,297.901121547583,289.46382726983
35860,32.6984659228799,742897.721528299,870705.606278774,1613603.32780707,290.380392289069,296.897750456028,285.793503184189
35870,32.7075842903988,747114.295076608,866490.145363594,1613604.4404402,288.974535722392,296.343237245121,283.821255927471
35880,32.7167026579177,745374.485186539,868230.795258583,1613605.28044512,289.555042607498,296.522626132446,284.66869105536
35890,32.7258210254365,737725.127976568,875876.569023,1613601.69699957,292.104908795398,298.125734503622,287.847604232585
35900,32.7349393929554,730159.752041737,883436.385836926,1613596.13787866,294.626108333142,299.017223407312,291.453176526751
35910,32.7440577604743,730619.851848084,882977.513450166,1613597.36529825,294.473074353899,295.773370033841,293.360816338642
35920,32.7531761279932,737456.106661546,876148.592870528,1613604.69953207,292.195628771228,289.307122091339,293.877803533844
35930,32.7622944955121,740830.180175102,872777.027749036,1613607.20792414,291.071211522106,284.871290306816,294.961932989366
35940,32.771412863031,736383.806130397,877221.277466281,1613605.08359668,292.553369173347,285.741898309,296.850555275266
35950,32.7805312305499,726797.287642844,886804.980516945,1613602.26815979,295.749534939785,291.270835783971,298.48887643121
35960,32.7896495980688,716661.140897672,896938.8479483,1613599.98884597,299.129180573053,298.180519864614,299.512346728203
35970,32.7987679655877,709953.008314891,903644.562055539,1613597.57037043,301.365536786907,303.296578821001,299.827037483521
35980,32.8078863331066,710876.314123796,902717.754215614,1613594.06833941,301.056446295019,303.831966609825,298.955219046569
35990,32.8170047006255,722916.891422302,890681.689503933,1613598.58092623,297.042417710166,298.369659612097,295.910054427454
36000,32.8261230681444,739030.270885392,874575.324037962,1613605.59492335,291.670943484396,290.430518565948,292.254834310459
36010,32.8352414356633,748234.269831275,865373.644818569,1613607.91464984,288.602182697538,284.609971641532,291.02315491596
36020,32.8443598031822,746019.397597159,867586.727185755,1613606.12478291,289.340245851511,282.939570680221,293.366245760828
36030,32.8534781707011,735114.418753359,878487.274394524,1613601.69314788,292.975579254468,285.3019488473,297.847186543202
36040,32.86259653822,722557.722788613,891040.694127201,1613598.41691581,297.162145781958,289.67050275947,301.908939342131
36050,32.8717149057389,715035.78505003,898559.584886157,1613595.36993619,299.669696476957,293.807751286044,303.327935190503
36060,32.8808332732577,717267.979862813,896330.58358499,1613598.5634478,298.926324357175,296.066554236057,300.583732500957
36070,32.8899516407766,725349.67167106,888254.084143296,1613603.75581436,296.232811119992,296.211389200157,296.000231723949
36080,32.8990700082955,732395.111012518,881206.987638996,1613602.09865151,293.882603848256,294.253137833696,293.390679021424
36090,32.9081883758144,739584.895082526,874014.299377988,1613599.19446051,291.483841713519,289.240430761023,292.736545813755
36100,32.9173067433333,749779.088552279,863823.321920178,1613602.41047246,288.085149881667,282.114648812284,291.825412969688
36110,32.9264251108522,758306.802557013,855299.913071622,1613606.71562863,285.242592320034,276.570490504031,290.786291370436
36120,32.9355434783711,758752.33113506,854854.056017472,1613606.38715253,285.093898955302,275.306849292156,291.381020481602
36130,32.94466184589,751226.830555458,862375.684966977,1613602.51552243,287.602362837077,277.995205568223,293.76746571395
36140,32.9537802134089,741223.109142476,872376.796605921,1613599.9057484,290.937734402508,282.619345535643,296.240878868417
36150,32.9628985809278,733428.726696613,880169.21900333,1613597.94569994,293.536507921738,286.406202810402,298.045430906026
36160,32.9720169484467,730378.255992296,883220.351903912,1613598.60789621,294.55406099847,288.105128942373,298.60788731837
36170,32.9811353159656,730902.681657835,882697.228357724,1613599.91001556,294.379599252201,289.027394083046,297.702419698927
36180,32.9902536834845,732135.989826787,881465.78160541,1613601.7714322,293.968911657632,289.2317308182,296.882058124206
36190,32.9993720510034,731167.969286067,882434.447799396,1613602.41708546,294.291961914089,290.102464266146,296.839717044455
36200,33.0084904185223,726766.211950986,886836.018982898,1613602.23093388,295.759886270768,293.60503849473,296.9499848829
36210,33.0176087860412,720740.159803584,892856.325452199,1613596.48525578,297.767658980223,297.935686812165,297.407500709779
36220,33.0267271535601,721045.322819398,892549.977352173,1613595.30017157,297.665491863323,299.691622107378,296.066683790734
36230,33.035845521079,729292.555919331,884309.430004741,1613601.98592407,294.917268635898,298.92921113617,291.996875911853
36240,33.0449638885978,736732.592316492,876871.996879002,1613604.58919549,292.436884068368,298.043240466726,288.455615732739
36250,33.0540822561167,738916.764481865,874685.999624479,1613602.76410634,291.707853801727,296.778137532875,288.084574769461
36260,33.0632006236356,737653.951391445,875948.381720228,1613602.33311167,292.128858335911,295.403224263305,289.702507002368
36270,33.0723189911545,734318.346612908,879282.221433446,1613600.56804635,293.240694158228,295.126270963901,291.739275709313
36280,33.0814373586734,731538.510243051,882060.983200951,1613599.493444,294.16741143937,295.282979187727,293.178560097598
36290,33.0905557261923,730687.244980225,882914.66791539,1613601.91289562,294.452115362812,295.510316171761,293.501271394044
36300,33.0996740937112,729252.982317115,884349.158713415,1613602.14103053,294.930518163553,296.437325517907,293.680204495514
36310,33.1087924612301,727477.79376874,886121.362339242,1613599.15610798,295.521548220524,297.584979434755,293.899659454187
36320,33.117910828749,729728.418285799,883869.181390885,1613597.59967668,294.770445686471,297.258325046051,292.86621740868
36330,33.1270291962679,738003.164840541,875596.936023182,1613600.10086372,292.011651166644,293.777464080251,290.591099514933
36340,33.1361475637868,747299.420077712,866308.028174781,1613607.44825249,288.913799624739,288.502615771175,288.947160694093
36350,33.1452659313057,746738.669971803,866870.040984237,1613608.71095604,289.101230943551,285.781732801122,291.073312012717
36360,33.1543842988246,734892.755117499,878706.403055473,1613599.15817297,293.048658681165,286.544127769016,297.140805407031
36370,33.1635026663435,724697.302454622,888897.208644091,1613594.51109871,296.447293194628,287.7397652693,302.005272400518
36380,33.1726210338624,723755.430201046,889842.235173172,1613597.66537422,296.762459620868,287.96748744028,302.378472358242
36390,33.1817394013813,728723.732557631,884875.660753747,1613599.39331138,295.106106637901,287.914735776824,299.654432123088
36400,33.1908577689002,736727.918833927,876870.748968736,1613598.66780266,292.436467890191,286.854381124203,295.91416201094
36410,33.1999761364191,747249.485238645,866353.191525794,1613602.67676444,288.928861606068,283.925922059438,292.023380585817
36420,33.2090945039379,754313.74034578,859293.612728182,1613607.35307396,286.574491488472,281.795722679604,289.52152528481
36430,33.2182128714568,751418.525507509,862186.009302427,1613604.53480994,287.539105987136,282.416149210291,290.714794583376
36440,33.2273312389757,742500.27772371,871097.873587506,1613598.15131122,290.511213469237,285.023193473671,293.92780078839
36450,33.2364496064946,736382.123058653,877216.518334557,1613598.64139321,292.55178200252,288.445004915295,295.045840242336
36460,33.2455679740135,734065.271061484,879533.352697831,1613598.62375931,293.324446455838,292.635451578013,293.539339335674
36470,33.2546863415324,735282.77955146,878315.662061517,1613598.44161298,292.918346527102,296.510065217256,290.279768778227
36480,33.2638047090513,739169.917294485,874431.937474158,1613601.85476864,291.623124053413,298.933315862333,286.506643577421
36490,33.2729230765702,741336.600451626,872266.485230271,1613603.0856819,290.900945549532,299.505781312666,284.921970919484
36500,33.2820414440891,739481.455749124,874123.016442921,1613604.47219204,291.520098863739,297.413667175365,287.348119906934
36510,33.291159811608,733130.789902263,880470.168835739,1613600.958738,293.636874715938,294.156667519049,293.045648784934
36520,33.3002781791269,728025.293059212,885570.736978369,1613596.03003758,295.337914616765,290.513443836384,298.308113541505
36530,33.3093965466458,730526.894615921,883073.570918149,1613600.46553407,294.50510952748,285.794363846342,300.066852390299
36540,33.3185149141647,734779.142898713,878828.586597772,1613607.72949649,293.089406902709,282.762820099352,299.729556932528
36550,33.3276332816836,731722.128206254,881882.660171348,1613604.7883776,294.10794069413,284.323262657062,300.385969434931
36560,33.3367516492025,725190.58576281,888408.532815706,1613599.11857852,296.284319765118,287.267727322438,302.048477793767
36570,33.3458700167214,724246.798444537,889348.869191551,1613595.66763609,296.597922024863,287.139876483221,302.65612078427
36580,33.3549883842403,733752.892497552,879846.235457021,1613599.12795457,293.428792882115,283.763494660742,299.627801035627
36590,33.3641067517592,747713.907099718,865893.841008857,1613607.74810858,288.775668170371,279.947926821396,294.420182679545
36600,33.373225119278,753373.34354829,860236.152646722,1613609.49619501,286.888828629889,278.739339380499,292.082747438956
36610,33.3823434867969,747193.56873075,866411.332472349,1613604.9012031,288.948251616591,280.917769140407,294.061116391034
36620,33.3914618543158,735640.508127416,877960.910863619,1613601.41899103,292.800036973026,284.970352130361,297.775826837325
36630,33.4005802218347,725000.924122978,888599.865504808,1613600.78962779,296.348129232886,289.478566324904,300.680881063846
36640,33.4096985893536,717746.721086604,895853.971110987,1613600.69219759,298.767374057358,293.678444700358,301.911020816976
36650,33.4188169568725,714781.016244419,898819.922587106,1613600.93883152,299.75651912193,296.031561168168,301.990027325169
36660,33.4279353243914,715948.615959261,897653.164052592,1613601.78001185,299.367405053391,295.497247049807,301.698037551569
36670,33.4370536919103,720284.634740318,893317.199250166,1613601.83399048,297.921360430271,293.491399774547,300.626399733727
36680,33.4461720594292,727294.039585741,886308.22945928,1613602.26904502,295.583868420637,291.59033118882,297.99990668483
36690,33.4552904269481,735880.932563759,877722.377624778,1613603.31018854,292.720486117985,290.284480628282,294.100556039355
36700,33.464408794467,743308.248826501,870298.730237255,1613606.97906376,290.244699095299,289.880904741944,290.245358081623
36710,33.4735271619859,744489.555533733,869117.657391664,1613607.2129254,289.850811202823,290.898235426248,288.910986044537
36720,33.4826455295048,739193.26325046,874410.267817554,1613603.53106801,291.615897221128,292.597222389622,290.718667194449
36730,33.4917638970237,733455.604958608,880143.637002508,1613599.24196112,293.52797632233,293.813676121797,293.092903142417
36740,33.5008822645426,734008.133656226,879591.484063183,1613599.61771941,293.34383327103,293.731184006935,292.8411462527
36750,33.5100006320615,740775.127553192,872829.009089302,1613604.13664249,291.088547303419,292.3530043258,290.003002165745
36760,33.5191189995804,748160.510952776,865443.768584222,1613604.279537,288.62556897923,290.289892950251,287.275498357733
36770,33.5282373670993,754333.276270452,859272.801901656,1613606.07817211,286.56755107609,286.964748389599,286.063946574521
36780,33.5373557346181,756144.612774575,857464.480137907,1613609.09291248,285.964475617111,282.793359007362,287.840249627262
36790,33.546474102137,750082.154368798,863522.999747062,1613605.15411586,287.984992411893,279.34530995502,293.504793222799
36800,33.5555924696559,741542.14877089,872057.419074528,1613599.56784542,290.831221969161,277.194424903144,299.680060661532
36810,33.5647108371748,737769.793377876,875831.192014455,1613600.98539233,292.089775559265,277.27867758616,301.720432728367
36820,33.5738292046937,737101.05430202,876502.649035857,1613603.70333788,292.313706531885,282.093149928158,298.883816178927
36830,33.5829475722126,735485.396231664,878117.682189605,1613603.07842127,292.852320223313,290.925800059707,293.892623398865
36840,33.5920659397315,733285.951416404,880315.064559535,1613601.01597594,293.585147426892,298.037938888919,290.371965496019
36850,33.6011843072504,733348.803849677,880251.830493105,1613600.63434278,293.564058860465,298.305055752116,290.158757550314
36860,33.6103026747693,735994.914243192,877609.146243672,1613604.06048686,292.682723442945,292.356359394267,292.656397205862
36870,33.6194210422882,736914.160631225,876690.483217604,1613604.64384883,292.376349247158,286.372810750671,296.13506128711
36880,33.6285394098071,735407.599859409,878193.798160457,1613601.39801987,292.877704905939,284.759936332319,298.045485867596
36890,33.637657777326,735272.805071975,878329.280205462,1613602.08527744,292.922888179243,286.325404951875,297.077107924006
36900,33.6467761448449,736110.925605415,877491.976041743,1613602.90164716,292.643647170833,287.808331171248,295.62332146458
36910,33.6558945123638,736645.980208496,876956.341119732,1613602.32132823,292.465012879684,286.845498937335,295.96763466385
36920,33.6650128798827,737024.010176536,876579.160833687,1613603.17101022,292.33922322284,283.305599658722,298.118022912901
36930,33.6741312474016,735888.39470949,877716.254433324,1613604.64914281,292.718444033125,279.806129589654,301.082721625411
36940,33.6832496149205,731963.047478702,881639.004737085,1613602.05221579,294.026681586488,279.770070578356,303.286066690588
36950,33.6923679824394,728879.868755006,884720.314567551,1613600.18332256,295.054298671853,282.100182274826,303.444497687644
36960,33.7014863499582,729340.343704107,884261.491181163,1613601.83488527,294.901281034238,283.917814977538,301.977840671177
36970,33.7106047174771,731669.39833079,881930.972820316,1613600.37115111,294.124052966589,284.871899094805,300.047052170306
36980,33.719723084996,737098.811071319,876499.718389196,1613598.52946052,292.312729160979,283.981095842912,297.623557432056
36990,33.7288414525149,746978.829724626,866622.485148643,1613601.31487327,289.01867105174,280.74819475845,294.291473021391
37000,33.7379598200338,756483.244912752,857123.038810031,1613606.28372278,285.850604905797,277.89472681634,290.916314794679
37010,33.7470781875527,757758.107962508,855850.338658501,1613608.44662101,285.42615929915,278.679719132385,289.685930944244
37020,33.7561965550716,747739.716660236,865865.21329004,1613604.92995028,288.766120823759,284.718306283582,291.224025416524
37030,33.7653149225905,732616.625271552,880981.928674198,1613598.55394575,293.807546664732,294.405018948823,293.16439218645
37040,33.7744332901094,722695.642129164,890901.09943425,1613596.74156341,297.11559094022,302.765437706158,293.10143010381
37050,33.7835516576283,721934.681014978,891663.700323825,1613598.3813388,297.369918400475,305.925865170108,291.418145622053
37060,33.7926700251472,727897.499674408,885703.990061609,1613601.48973602,295.382354531135,303.753895449032,289.555175290428
37070,33.8017883926661,735116.762075488,878487.42584375,1613604.18791924,292.975629762798,299.542529454977,288.353550276545
37080,33.810906760185,738810.326287883,874794.207694966,1613604.53398285,291.743941202257,295.911833113927,288.722226643475
37090,33.8200251277039,737494.055857623,876110.862019777,1613604.9178774,292.183045529357,293.757081559432,290.8902023047
37100,33.8291434952228,731788.229826665,881812.642891132,1613600.8727178,294.08458992534,293.292199658238,294.367779611803
37110,33.8382618627417,728131.569870093,885466.118747846,1613597.68861794,295.303024428163,292.191408515525,297.131349182898
37120,33.8473802302606,732134.713517093,881464.567720252,1613599.28123735,293.968506826831,288.755295991276,297.199006961512
37130,33.8564985977794,741868.600172069,871736.311738703,1613604.91191077,290.724132645891,284.857777546807,294.392765934741
37140,33.8656169652983,749033.258207232,864575.115010443,1613608.37321768,288.335872939951,284.485980166236,290.662188228312
37150,33.8747353328172,748606.386423283,864997.161231884,1613603.54765517,288.47662538999,289.281525315838,287.6996282516
37160,33.8838537003361,745573.562000296,868029.860589608,1613603.4225899,289.488030878642,295.601840836123,285.170917547923
37170,33.892972067855,740977.931428475,872627.41373336,1613605.34516184,291.021315235404,300.531781727264,284.438486478135
37180,33.9020904353739,733900.151335191,879701.660561677,1613601.81189687,293.380577142463,302.750479058676,286.889492050702
37190,33.9112088028928,729660.078055641,883939.042991966,1613599.12104761,294.793744536257,300.927716506913,290.458768435373
37200,33.9203271704117,731758.658554476,881843.261260605,1613601.91981508,294.094801154112,296.589673366295,292.186474011695
37210,33.9294455379306,736032.197061565,877572.425053341,1613604.62211491,292.670476922909,293.708586214843,291.734511997518
37220,33.9385639054495,737777.560892409,875827.031306551,1613604.59219896,292.088387962832,294.560630202871,290.196819479504
37230,33.9476822729684,735761.922921798,877843.26290438,1613605.18582618,292.760801368811,297.997670386826,289.025588022327
37240,33.9568006404873,730440.098542851,883159.773808711,1613599.87235156,294.53385819867,301.442526330931,289.682634561997
37250,33.9659190080062,729153.256817414,884443.337420635,1613596.59423805,294.961926770263,301.869870105686,290.110829607672
37260,33.9750373755251,736415.406071353,877184.101312282,1613599.50738364,292.540970922889,298.214802755042,288.514632225685
37270,33.984155743044,747962.479963515,865641.760303663,1613604.24026718,288.691599234171,291.851684256577,286.344299553207
37280,33.9932741105629,755591.702467027,858018.157378761,1613609.85984579,286.149127023099,286.160152975367,285.9033187824
37290,34.0023924780818,751386.2977913,862222.700921638,1613608.99871294,287.551342645202,285.416795878342,288.734747704238
37300,34.0115108456007,737051.43391642,876550.590077178,1613602.0239936,292.329694873163,290.127318769388,293.554337529951
37310,34.0206292131195,723294.231984575,890302.430882277,1613596.66286685,296.915934928223,296.265428095508,297.102176204259
37320,34.0297475806384,718210.263414536,895388.700675075,1613598.96408961,298.612206328189,300.802829153162,296.902947606267
37330,34.0388659481573,719340.031708829,894262.039425784,1613602.07113461,298.236464707615,304.342316243024,293.917366630087
37340,34.0479843156762,722321.8098411,891279.10448473,1613600.91432583,297.241655656071,307.227820485146,290.336511056975
37350,34.0571026831951,727607.502487642,885993.887013663,1613601.3895013,295.479035188815,307.702308394244,287.083953855872
37360,34.066221050714,734511.56290445,879090.127338447,1613601.6902429,293.17663076153,305.11214364193,284.975308315629
37370,34.0753394182329,742357.242715449,871243.297237821,1613600.53995327,290.559712268741,300.614306159361,283.614516581439
37380,34.0844577857518,751522.526859255,862079.821181583,1613602.34804084,287.503692239981,295.584013445785,281.87722502591
37390,34.0935761532707,757958.090863844,855650.134506595,1613608.22537044,285.359391197797,291.202251025893,281.226351819735
37400,34.1026945207896,753322.159123192,860286.200647815,1613608.35977101,286.905519642426,289.006988208988,285.265452665016
37410,34.1118128883085,738279.807359291,875319.520378587,1613599.32773788,291.919133026042,289.27504349239,293.438593437622
37420,34.1209312558274,726093.967873773,887500.534709523,1613594.5025833,295.981502321001,289.936837634966,299.764627526424
37430,34.1300496233463,724830.564353046,888768.524734493,1613599.08908754,296.404377100048,289.744660143304,300.59718475696
37440,34.1391679908652,729410.299757252,884193.706872316,1613604.00662957,294.878674961586,289.078375439143,298.499809080747
37450,34.1482863583841,732479.756291765,881126.601247453,1613606.35753922,293.855794979974,288.945147190479,296.884680343822
37460,34.157404725903,730232.238575313,883373.650301672,1613605.88887698,294.605186026904,290.645246319978,296.999641509833
37470,34.1665230934219,723622.829899382,889978.969931075,1613601.79983046,296.808060674029,294.275496853117,298.249096504075
37480,34.1756414609408,718195.884492964,895403.206914514,1613599.09140748,298.617044160251,297.59509460409,299.049496327559
37490,34.1847598284596,718110.914973209,895487.39867645,1613598.31364966,298.645122119876,298.42235858936,298.544760205121
37500,34.1938781959785,723748.233834694,889853.031953769,1613601.26578846,296.766060348097,297.469108497208,296.050056531732
37510,34.2029965634974,731287.486361072,882314.113717756,1613601.60007883,294.251830487829,297.964202788459,291.531705762004
37520,34.2121149310163,739623.020825659,873978.946693403,1613601.96751906,291.472051590263,298.801316214945,286.342981797483
37530,34.2212332985352,747919.523717159,865684.790684765,1613604.31440192,288.705949869857,298.131401351141,282.181727257443
37540,34.2303516660541,752749.458450905,860855.591899115,1613605.05035002,287.095411672208,296.638010958598,280.494432638221
37550,34.239470033573,752361.008248006,861243.632208725,1613604.64045673,287.224823147815,295.085174776249,281.74523470957
37560,34.2485884010919,747674.763960236,865927.61272895,1613602.37668919,288.786931041837,293.734306467107,285.248024982456
37570,34.2577067686108,741562.709126767,872039.707148203,1613602.41627497,290.825315040254,291.158774450806,290.360654337353
37580,34.2668251361297,734578.087927674,879024.191567485,1613602.27949516,293.154641176416,287.575443835419,296.629810536101
37590,34.2759435036486,726803.35254956,886798.409745043,1613601.7622946,295.747343586808,284.80117972321,302.798330042884
37600,34.2850618711675,719900.370842809,893697.873562217,1613598.24440503,298.048315345078,284.537364117895,306.80724256708
37610,34.2941802386864,718687.65969695,894910.713277168,1613598.37297412,298.452797491135,286.22234271734,306.357723342423
37620,34.3032986062053,723001.391742474,890601.851584011,1613603.24332648,297.015791757216,289.331971275444,301.890825585266
37630,34.3124169737242,726366.969272051,887237.825952711,1613604.79522476,295.893888928701,294.090506139196,296.84956588093
37640,34.3215353412431,726341.380103234,887259.919812247,1613601.29991548,295.901257232699,299.395659530985,293.32507131948
37650,34.330653708762,727367.27352678,886231.247767429,1613598.52129421,295.558195019986,302.78724198807,290.492531878747
37660,34.3397720762809,733353.022861455,880246.052452334,1613599.07531379,293.562131883386,302.115270364745,287.615404452578
37670,34.3488904437997,742767.74312431,870835.618335365,1613603.36145967,290.423751320782,297.41381171854,285.521691262844
37680,34.3580088113186,749232.085820504,864372.736151297,1613604.8219718,288.268379573552,291.854848014583,285.63717696322
37690,34.3671271788375,749124.979421743,864480.373861138,1613605.35328288,288.304276758759,289.595679720283,287.203087887109
37700,34.3762455463564,741519.914138454,872082.882266965,1613602.79640542,290.839713945961,292.599764520185,289.42398046819
37710,34.3853639138753,730596.945802468,883000.101416706,1613597.04721917,294.480607442623,297.425215023279,292.272135215984
37720,34.3944822813942,724913.196794607,888681.59852568,1613594.79532029,296.375387202161,298.193505369674,294.916328934484
37730,34.4036006489131,728724.414312136,884872.546800051,1613596.96111219,295.105068134084,293.677308746116,295.810986835952
37740,34.412719016432,739371.585177501,874229.56831454,1613601.15349204,291.555633921807,287.020649015656,294.335994164307
37750,34.4218373839509,750317.706493244,863287.055182635,1613604.76167588,287.906304879985,281.903039653882,291.668559776654
37760,34.4309557514698,755456.715761624,858150.072288513,1613606.78805014,286.193120656499,281.09216321112,289.355264686205
37770,34.4400741189887,751862.720060766,861742.978019757,1613605.69808052,287.391355017428,285.138112268926,288.654024053914
37780,34.4491924865076,742033.4686177,871569.081465162,1613602.55008286,290.668361335722,292.292776767202,289.343194080289
37790,34.4583108540265,731852.726584619,881747.239634819,1613599.96621944,294.062777933907,299.011212409978,290.518769301581
37800,34.4674292215454,726211.518517291,887388.594062905,1613600.1125802,295.944170106021,301.769431198045,291.814042569584
37810,34.4765475890643,725481.33836982,888120.459739773,1613601.79810959,296.188247370276,300.256807010769,293.22905073714
37820,34.4856659565832,727291.204977223,886310.856310432,1613602.06128766,295.584744475715,296.693130500122,294.599499839048
37830,34.4947843241021,730298.644910517,883303.863925544,1613602.50883606,294.581912264647,293.754402340135,294.888100620767
37840,34.503902691621,732975.488943569,880627.344302087,1613602.83324566,293.689292747069,292.940999807557,293.943413629453
37850,34.5130210591398,733830.805230856,879771.757512916,1613602.56274377,293.403954481546,293.991754891353,292.767584246273
37860,34.5221394266587,732611.315660083,880989.73401642,1613601.0496765,293.810149747013,296.866470677369,291.527760668653
37870,34.5312577941776,731085.176099021,882515.708608023,1613600.88470704,294.319062400541,300.117321337839,290.208290557008
37880,34.5403761616965,729475.8506402,884127.4486453,1613603.2992855,294.856577837352,301.774640190121,289.998822453976
37890,34.5494945292154,725590.155737885,888012.172867641,1613602.32860553,296.152133689392,301.675999358462,292.222763131937
37900,34.5586128967343,721533.238787229,892065.975577834,1613599.21436506,297.504077231227,299.911525514933,295.651191644397
37910,34.5677312642532,722533.503036652,891064.345643101,1613597.84867975,297.170033564482,296.277973920895,297.517098298903
37920,34.5768496317721,730846.990353152,882753.850882134,1613600.84123529,294.398482868812,291.395638168888,296.155047266372
37930,34.585967999291,742011.637067201,871594.308472195,1613605.9455394,290.676774544671,287.385843075626,292.628498211914
37940,34.5950863668099,748517.565044073,865089.714538119,1613607.27958219,288.507491925336,286.439606201705,289.645659497817
37950,34.6042047343288,747850.451368654,865753.343879725,1613603.79524838,288.728812366091,288.321774445402,288.759563636247
37960,34.6133231018477,743922.214293458,869679.062000434,1613601.27629389,290.038039686655,290.757021074987,289.317020394694
37970,34.6224414693666,740076.85546095,873522.841463618,1613599.69692457,291.319940458102,291.62224321241,290.875638671514
37980,34.6315598368855,738715.460712359,874883.63883564,1613599.099548,291.773766495128,289.9588164764,292.740588368866
37990,34.6406782044044,740684.19600383,872916.428046616,1613600.62405045,291.117701532972,287.017418783727,293.608625281192
38000,34.6497965719233,743990.601193102,869611.622094751,1613602.22328785,290.015548472487,284.594511490806,293.387893503213
38010,34.6589149394422,745926.671738059,867677.780489264,1613604.45222732,289.370612135823,283.873121920811,292.794463435718
38020,34.668033306961,743449.359095227,870154.800065684,1613604.15916091,290.19669837108,286.503437078584,292.417041984102
38030,34.6771516744799,736853.821604164,876747.305808586,1613601.12741275,292.395299585988,291.739245834369,292.589006004079
38040,34.6862700419988,730903.418092291,882694.548075479,1613597.96616777,294.378705377848,296.6454849189,292.622203429332
38050,34.6953884095177,729908.828112787,883693.665212289,1613602.49332508,294.711911026276,298.79051398454,291.747249128244
38060,34.7045067770366,729162.952453913,884442.420907308,1613605.37336122,294.961621112992,298.158784664351,292.584377394494
38070,34.7136251445555,724945.328672786,888658.357249744,1613603.68592253,296.367636234699,296.81520948432,295.82228103809
38080,34.7227435120744,719754.351520231,893845.548715777,1613599.90023601,298.097565021103,296.409087209308,298.974802258115
38090,34.7318618795933,718931.529498432,894667.306476221,1613598.83597465,298.371621302725,296.079123615506,299.651310076451
38100,34.7409802471122,723685.507805764,889917.01239892,1613602.52020468,296.787397831889,295.380627159438,297.47792211533
38110,34.7500986146311,728912.612212141,884692.187394492,1613604.79960663,295.044918257293,295.400131930169,294.562238376827
38120,34.75921698215,731116.419495353,882486.529177382,1613602.94867274,294.30933105799,295.821389623041,293.05603423874
38130,34.7683353496689,732604.239378036,880996.620767352,1613600.86014539,293.812446479023,295.354022194056,292.539885630269
38140,34.7774537171878,736292.477756974,877309.838500082,1613602.31625706,292.582904285503,293.487730115948,291.735867978303
38150,34.7865720847067,740744.932966712,872858.438847511,1613603.37181422,291.098362130235,291.387461986348,290.663046924385
38160,34.7956904522256,744229.297816485,869374.172815682,1613603.47063217,289.93635911812,289.581594206542,289.931255426574
38170,34.8048088197445,746128.39418365,867474.980126933,1613603.37431058,289.302978198077,288.586078216558,289.539825703924
38180,34.8139271872634,746485.437963125,867115.842310428,1613601.28027355,289.183205706329,289.192313594848,288.936147775895
38190,34.8230455547823,747174.579732825,866427.768163692,1613602.34789652,288.953732921025,289.46115392629,288.374657473414
38200,34.8321639223011,746303.008673301,867302.511913784,1613605.52058709,289.245460034612,287.465329057472,290.19117613601
38210,34.84128228982,740250.963474944,873350.760026359,1613601.7235013,291.262551284429,284.795388342223,295.331274453161
38220,34.8504006573389,733962.047143874,879635.19021691,1613597.23736078,293.358409276942,283.200916491162,299.885605793064
38230,34.8595190248578,734168.222233411,879427.893701304,1613596.11593471,293.289275871704,282.900847252573,299.970487221231
38240,34.8686373923767,742844.494570892,870752.511107891,1613597.00567878,290.39603505349,282.854148663417,295.181962617662
38250,34.8777557598956,756898.526628657,856705.404080759,1613603.93070942,285.711323688764,281.918390428414,288.001853092591
38260,34.8868741274145,765114.852409085,848496.307267575,1613611.15967666,282.973589217134,281.848837031452,283.487612683239
38270,34.8959924949334,757980.333917787,855626.686920386,1613607.02083817,285.351571425841,284.42424578233,285.731995545327
38280,34.9051108624523,741346.042160436,872254.151263049,1613600.19342348,290.896832170435,287.941712861864,292.624497682673
38290,34.9142292299712,726330.332558013,887267.85702536,1613598.18958337,295.903904293934,290.520925984315,299.245969913436
38300,34.9233475974901,717290.03167924,896310.2351212,1613600.26680044,298.919538142805,292.810107284976,302.743392432906
38310,34.932465965009,712260.23670602,901340.488083239,1613600.72478926,300.597127925042,296.971964151486,302.763406167476
38320,34.9415843325279,709733.890154915,903866.840856955,1613600.73101187,301.439666785711,303.413654574672,299.872475204081
38330,34.9507027000468,708931.374332737,904668.999446471,1613600.37377921,301.707186742195,310.553107649194,295.55848348191
38340,34.9598210675657,710075.104475683,903523.66743188,1613598.77190756,301.325218419837,315.423128116686,291.675507606587
38350,34.9689394350846,715475.041871564,898121.833780529,1613596.87565209,299.523706446733,314.721250565447,289.142407278885
38360,34.9780578026035,727128.966321125,886469.382883125,1613598.34920425,295.637613100925,307.060878304284,287.775738287769
38370,34.9871761701224,742162.010603937,871440.848594752,1613602.85919869,290.625595662749,296.109475096653,286.72748804376
38380,34.9962945376412,753168.842045908,860439.132694465,1613607.97474037,286.956522492735,288.665085935288,285.578349762289
38390,35.0054129051601,753459.454031957,860145.541503978,1613604.99553594,286.858609806229,287.688470585535,286.066320445186
38400,35.014531272679,746989.824415183,866610.773053243,1613600.59746843,289.014765066948,290.940219460503,287.490283167022
38410,35.0236496401979,740448.069309141,873152.930522048,1613600.99983119,291.196575128247,295.251042521888,288.250933053212
38420,35.0327680077168,734526.035865519,879074.814658088,1613600.85052361,293.171523981353,298.782483407976,289.186574760287
38430,35.0418863752357,729720.972058342,883878.095525135,1613599.06758348,294.773418550987,299.940639187759,291.08296027768
38440,35.0510047427546,727617.928177684,885982.775139891,1613600.70331758,295.475329377986,298.448641678066,293.246891736785
38450,35.0601231102735,725822.463242908,887780.071088466,1613602.53433137,296.074727726685,296.750142787354,295.377722079801
38460,35.0692414777924,721865.840385412,891736.205871286,1613602.0462567,297.394099006599,295.99955647955,298.075965608793
38470,35.0783598453113,716902.765111111,896698.620488055,1613601.38559917,299.049064695032,295.48296893442,301.177254314862
38480,35.0874782128302,713448.417226023,900151.113268082,1613599.5304941,300.200471325023,295.264814091585,303.240742421212
38490,35.0965965803491,714582.694814128,899017.840209373,1613600.5350235,299.822524665457,294.964134506718,302.811599334061
38500,35.105714947868,719543.659519976,894057.238388104,1613600.89790808,298.168163544474,293.601464084243,300.964156381673
38510,35.1148333153869,727622.733183106,885975.532818326,1613598.26600143,295.47291406314,289.970938549757,298.894670310343
38520,35.1239516829058,740173.306589257,873427.644049062,1613600.95063832,291.28819211241,284.232326132442,295.749362605628
38530,35.1330700504247,752114.473732793,861490.37006498,1613604.84379777,287.307110243449,278.551738191809,292.904602352671
38540,35.1421884179436,756486.529298479,857120.377538779,1613606.90683726,285.849717371612,275.146297317475,292.747122643226
38550,35.1513067854625,749360.947970859,864246.041397735,1613606.98936859,288.226126862676,276.179760170631,296.016849551655
38560,35.1604251529813,732350.674743856,881248.569499329,1613599.24424319,293.896471402144,282.143464074129,301.486895894652
38570,35.1695435205002,717297.536978502,896295.039569086,1613592.57654759,298.914470424908,288.853947589757,305.372390256321
38580,35.1786618880191,714746.144584141,898846.57177715,1613592.71636129,299.765406629031,292.437387408355,304.400948270624
38590,35.187780255538,724830.261789797,888767.540389966,1613597.80217976,296.404048821066,292.031461649864,299.072103561182
38600,35.1968986230569,738811.42213092,874794.675295072,1613606.09742599,291.744097146931,289.91513733126,292.720283609755
38610,35.2060169905758,744549.3282632,869057.818169586,1613607.14643279,289.830854817271,289.534705890226,289.786761722951
38620,35.2151353580947,740517.042850764,873083.147392384,1613600.19024315,291.173302448686,290.809357324537,291.173288112744
38630,35.2242537256136,736463.404247798,877134.110392736,1613597.51464053,292.524298947052,291.890659439892,292.702955036036
38640,35.2333720931325,736846.068722499,876755.612367887,1613601.68109039,292.398069824208,293.09418289357,291.690329386447
38650,35.2424904606514,737138.394516959,876464.317459815,1613602.71197677,292.300922948079,295.331435993957,290.036996815036
38660,35.2516088281703,735764.993060803,877836.086171341,1613601.07923214,292.758407927744,297.954582628562,289.050326120593
38670,35.2607271956892,735260.048008457,878340.951766672,1613600.99977513,292.92678064588,299.674046737956,288.184497600627
38680,35.2698455632081,736013.66120699,877590.074297609,1613603.7355046,292.676362947343,299.294743978338,288.020211957557
38690,35.278963930727,734989.807541166,878614.346013866,1613604.15355503,293.017957650114,297.235599143985,289.962015022823
38700,35.2880822982459,731692.181131892,881909.775206876,1613601.95633877,294.116983560739,294.619486296971,293.536884250285
38710,35.2972006657648,728651.441474245,884950.539696451,1613601.9811707,295.131078771536,291.751149493045,297.138422391555
38720,35.3063190332837,725714.878749287,887888.452946692,1613603.33169598,296.11087308544,290.508040455405,299.599335777893
38730,35.3154374008026,721442.682206451,892159.127908601,1613601.81011505,297.535143541304,292.239738712657,300.817467474118
38740,35.3245557683214,718020.055744393,895579.553712835,1613599.60945723,298.675855832194,294.702977058918,301.07554513452
38750,35.3336741358403,718305.666202993,895294.652833814,1613600.31903681,298.580841365287,294.376138182893,301.135159452412
38760,35.3427925033592,721574.681134273,892026.084636057,1613600.76577033,297.490773598819,291.503614144792,301.234304256837
38770,35.3519108708781,726892.900866606,886707.220322116,1613600.12118872,295.716931906659,289.607061801987,299.543747866518
38780,35.361029238397,734330.461242242,879271.444037496,1613601.90527974,293.23709989578,290.206788110322,295.012943502839
38790,35.3701476059159,740868.695372886,872736.265006393,1613604.96037928,291.057617144036,291.814609333689,290.31040766998
38800,35.3792659734348,742656.492533917,870946.467135687,1613602.9596696,290.460719404931,292.811856972633,288.651243760293
38810,35.3883843409537,742285.458102533,871314.911985792,1613600.37008833,290.58359579316,292.448036000541,289.098482658413
38820,35.3975027084726,743149.423816259,870452.808427511,1613602.23224377,290.296084184596,291.449283605261,289.285371167332
38830,35.4066210759915,743190.006586345,870413.74079248,1613603.74737882,290.283055125056,292.040705942266,288.869385367645
38840,35.4157394435104,739384.455516327,874220.282313949,1613604.73783028,291.552537039836,294.81365888461,289.135495362454
38850,35.4248578110293,731200.142641664,882399.750414802,1613599.89305647,294.280390333434,297.50262550811,291.886999891706
38860,35.4339761785482,725366.629174475,888230.074016008,1613596.70319048,296.22480374054,297.206941167743,295.32319145262
38870,35.4430945460671,727246.427789756,886350.349894052,1613596.77768381,295.597915589145,294.241064695655,296.256151255149
38880,35.452212913586,736008.78154501,877593.510971718,1613602.29251673,292.677509078445,291.229827266129,293.398732362424
38890,35.4613312811049,742875.844733423,870731.530901773,1613607.3756352,290.389038153001,291.038800120926,289.713872642589
38900,35.4704496486238,741200.31098023,872402.72074897,1613603.0317292,290.946380106377,294.813588404803,288.125785924003
38910,35.4795680161427,736206.812537567,877394.227216117,1613601.03975368,292.611047929337,300.28748653585,287.249579651719
38920,35.4886863836615,732176.608640993,881423.707539493,1613600.31618049,293.954879953141,305.690362003825,285.886262852724
38930,35.4978047511804,730542.454605298,883057.798337691,1613600.25294299,294.499849370582,309.669657653054,284.141227307792
38940,35.5069231186993,731028.422064837,882572.875471611,1613601.29753645,294.338127554314,310.393919560047,283.388984444198
38950,35.5160414862182,731399.766523252,882204.550758724,1613604.31728198,294.215291231857,307.205578193668,285.309920514623
38960,35.5251598537371,727657.124687863,885947.873648988,1613604.99833685,295.46368972786,302.537846466943,290.501365493698
38970,35.534278221256,719342.161160901,894259.854233644,1613602.01539455,298.235735945854,298.855659237306,297.573923971598
38980,35.5433965887749,710992.089930478,902607.973063643,1613600.06299412,301.019834271684,297.246223137585,303.284725165856
38990,35.5525149562938,706138.345338089,907461.196342553,1613599.54168064,302.638384639837,298.361715739098,305.237298586464
39000,35.5616333238127,706487.113720481,907110.505272879,1613597.61899336,302.521429138863,300.771837419603,303.43572242742
39010,35.5707516913316,714294.584679664,899303.941397719,1613598.52607738,299.917939435624,300.607935311921,299.208010568563
39020,35.5798700588505,728159.194452307,885441.169355774,1613600.36380808,295.294703803827,296.22287196869,294.429846107414
39030,35.5889884263694,744227.738969891,869374.646248236,1613602.38521813,289.936517007916,288.964695934761,290.342783959179
39040,35.5981067938883,757720.171775153,855885.010508109,1613605.18228326,285.437722363885,282.390835734312,287.231115348297
39050,35.6072251614072,763598.824574361,850007.806241368,1613606.63081573,283.477674250915,281.215148936165,284.749793065539
39060,35.6163435289261,759721.59009758,853884.27409762,1613605.8641952,284.770476604175,285.495075078393,284.050102224194
39070,35.625461896445,747902.384546451,865700.864335758,1613603.24888221,288.711310433803,291.249973314344,286.778275754747
39080,35.6345802639639,733790.989742891,879806.026679111,1613597.016422,293.415383251329,294.996389335671,292.116866375727
39090,35.6436986314827,726793.622457888,886800.993834546,1613594.61629243,295.748205380872,295.535782377503,295.643363878635
39100,35.6528169990016,730181.79057305,883418.565916423,1613600.35648947,294.620165388169,294.371742889437,294.540263582833
39110,35.6619353665205,735748.895739633,877856.716057807,1613605.61179744,292.765287996601,293.630514273488,291.944499405345
39120,35.6710537340394,735507.291923127,878097.478525167,1613604.77044829,292.845582299539,293.214323259171,292.355717007867
39130,35.6801721015583,730392.329898143,883209.553464937,1613601.88336308,294.550459718172,292.640615562434,295.578230438897
39140,35.6892904690772,725346.420120097,888254.360142725,1613600.78026282,296.232903165824,292.140183633691,298.714522101275
39150,35.6984088365961,723768.078205973,889831.544118072,1613599.62232404,296.7588941531,291.861061139039,299.776817084014
39160,35.707527204115,727809.956810562,885790.386777442,1613600.343588,295.411167843069,291.322417907755,297.890825160076
39170,35.7166455716339,736345.482666669,877257.441723133,1613602.9243898,292.565429956022,290.447668442257,293.733466440237
39180,35.7257639391528,745335.834723419,868268.948464186,1613604.78318761,289.567766704748,290.004068527729,289.035592350507
39190,35.7348823066717,751705.412206014,861898.840428197,1613604.25263421,287.443335143637,290.611980920497,285.091368513111
39200,35.7440006741906,755470.229212466,858133.822140485,1613604.05135295,286.187701230777,292.293272702886,281.878830498346
39210,35.7531190417095,756447.085729505,857158.182264347,1613605.26799385,285.862325250741,294.178452040346,280.080022119963
39220,35.7622374092284,753130.853352748,860474.216174069,1613605.06952682,286.968222836108,295.591121278393,280.980483688886
39230,35.7713557767473,746126.774662864,867476.856974475,1613603.63163734,289.303604126889,297.470855700283,283.617683407852
39240,35.7804741442662,737946.583507861,875656.150976784,1613602.73448465,292.031399358607,299.777307762803,286.62410092301
39250,35.7895925117851,730753.395504312,882847.045172568,1613600.44067688,294.429563172442,301.064410197354,289.760973853192
39260,35.798710879304,727723.79476905,885875.438632534,1613599.23340158,295.439532643833,299.856613562174,292.248612421071
39270,35.8078292468228,729671.365548152,883931.862810555,1613603.22835871,294.791349945158,296.902158213239,293.138484974816
39280,35.8169476143417,731367.582130226,882237.100508378,1613604.6826386,294.226146576081,295.269188590602,293.285596777586
39290,35.8260659818606,730377.429798141,883225.394808398,1613602.82460654,294.555742807536,296.413430600997,293.071821159556
39300,35.8351843493795,729419.641377669,884181.396890298,1613601.03826797,294.874569581557,298.763864888948,292.035977235312
39310,35.8443027168984,731404.546641687,882196.283166421,1613600.82980811,294.212533989135,299.720382772229,290.29545768875
39320,35.8534210844173,737337.509950955,876261.463003305,1613598.97295426,292.23327096992,298.167201209256,288.03378975122
39330,35.8625394519362,748443.247801062,865157.671046132,1613600.91884719,288.530155426424,293.235814480616,285.152607594107
39340,35.8716578194551,759572.298102532,854037.771474468,1613610.069577,284.821667992152,286.236930456758,283.640808292421
39350,35.880776186974,757356.941903611,856256.621737753,1613613.56364136,285.561654739954,283.613573613625,286.622407445225
39360,35.8898945544929,737705.701535253,875897.85112714,1613603.55266239,292.112006378903,289.321631630021,293.728829539508
39370,35.8990129220118,715348.496905064,898245.00031634,1613593.4972214,299.564782496695,298.163975940593,300.249016215348
39380,35.9081312895307,706079.705247518,907513.728282529,1613593.43353005,302.655904046199,303.035646831172,302.15052893618
39390,35.9172496570496,711578.298058478,902020.241408115,1613598.53946659,300.823825715563,301.877418085995,299.870744280512
39400,35.9263680245685,724917.453905886,888683.550261723,1613601.00416761,296.376038106294,296.245800351693,296.215883244274
39410,35.9354863920874,740873.282064639,872730.769088058,1613604.0511527,291.055784254813,288.559481747377,292.477439439559
39420,35.9446047596063,754073.590059316,859533.330630631,1613606.92068995,286.654437428925,283.185258156887,288.728344912426
39430,35.9537231271252,759974.60340552,853631.653140649,1613606.25654617,284.686227493963,281.867804732529,286.327937478674
39440,35.9628414946441,758748.019334328,854857.042776479,1613605.06211081,285.09489503968,282.910610748155,286.313505488163
39450,35.9719598621629,751743.870002986,861861.03916389,1613604.90916688,287.430728418839,286.514873017894,287.80177307912
39460,35.9810782296818,740051.637236554,873549.83968412,1613601.47692067,291.32894436689,293.330385803126,289.75187595576
39470,35.9901965972007,728399.937471886,885198.66654797,1613598.60401986,295.213829097205,300.117048881684,291.699004383306
39480,35.9993149647196,721226.13645144,892371.35979354,1613597.49624498,297.605922892626,303.031097909848,293.741134612068
39490,36.0084333322385,719825.00231916,893774.450122063,1613599.45244122,298.073853634171,301.446180833806,295.577240623053
39500,36.0175516997574,721061.261314671,892541.261687558,1613602.52300223,297.662585188447,297.520676617132,297.509138748332
39510,36.0266700672763,721015.139176775,892585.378718866,1613600.51789564,297.677298222066,294.198259440378,299.748592994674
39520,36.0357884347952,722068.35070589,891530.005944394,1613598.35665028,297.325331313788,293.045755683695,299.930610624422
39530,36.0449068023141,727198.294727592,886402.258825558,1613600.55355315,295.61522722213,292.939545102816,297.152669278988
39540,36.054025169833,733726.976515053,879877.313918323,1613604.29043338,293.43915755155,293.957336560082,292.849172247903
39550,36.0631435373519,737080.588485619,876524.239182128,1613604.82766775,292.320906847466,297.857936871758,288.385952742233
39560,36.0722619048708,736926.373674596,876675.822406636,1613602.19608123,292.371459865478,302.8936522038,285.113022090042
39570,36.0813802723897,737292.398585489,876307.420943648,1613599.81952914,292.248597946856,305.092148980385,283.44269009288
39580,36.0904986399086,740899.82750557,872703.723203954,1613603.55070952,291.04676445021,302.943591683667,282.873007324197
39590,36.0996170074275,742897.651662301,870708.594259416,1613606.24592172,290.381388780863,299.362810568508,284.151789765116
39600,36.1087353749464,739480.460441446,874123.67380798,1613604.13424943,291.520318095041,297.460046457185,287.317565588532
39610,36.1178537424653,733046.355234311,880556.107324432,1613602.46255874,293.665535209082,297.509541725064,290.858142919085
39620,36.1269721099842,726422.049884052,887178.773735283,1613600.82361934,295.874195009266,298.260639756022,294.036670015588
39630,36.136090477503,721915.476538879,891684.323003605,1613599.79954248,297.376796065901,298.528646686415,296.361081655504
39640,36.1452088450219,720927.417728175,892671.310486238,1613598.72821441,297.705956473649,298.345774607179,297.031322754235
39650,36.1543272125408,724572.74175333,889026.017591824,1613598.75934515,296.490250989436,297.747392718405,295.4050812943
39660,36.1634455800597,731855.416403634,881747.073826202,1613602.49022984,294.062722636719,297.209169389644,291.720039199239
39670,36.1725639475786,737043.283671014,876562.352740985,1613605.636412,292.333617722523,297.472175068907,288.664301476832
39680,36.1816823150975,735954.520923176,877647.321898827,1613601.842822,292.695455027122,297.874657743155,288.998740337245
39690,36.1908006826164,733337.657106831,880260.871642227,1613598.52874906,293.567074084451,297.128419014272,290.948204902834
39700,36.1999190501353,734117.205476076,879483.325732072,1613600.53120815,293.307762458587,294.397427005385,292.336896292006
39710,36.2090374176542,736574.789366979,877027.419843505,1613602.20921048,292.488717639988,290.204191975416,293.767994151669
39720,36.2181557851731,738396.124224226,875206.470697656,1613602.59492188,291.881430948026,286.647707427843,295.127345435691
39730,36.227274152692,738624.584249647,874978.862719623,1613603.44696927,291.805523668375,286.403908727753,295.163429025734
39740,36.2363925202109,736093.475004817,877509.494941753,1613602.96994657,292.649489725447,290.627035935936,293.753917677017
39750,36.2455108877298,731950.315441815,881650.044226283,1613600.3596681,294.030363257056,296.891405630595,291.877976371982
39760,36.2546292552487,730102.213748188,883497.170943008,1613599.3846912,294.646380171088,300.725700139984,290.347961541681
39770,36.2637476227676,732834.896513764,880763.120417544,1613598.01693131,293.734574092895,299.416250639426,289.702010916796
39780,36.2728659902865,740975.943059839,872625.802451952,1613601.74551179,291.02077787292,292.852025316124,289.557428929224
39790,36.2819843578054,747851.463537395,865758.076514708,1613609.5400521,288.730390700253,285.115409228521,290.899769689156
39800,36.2911027253243,743075.953608928,870531.903496529,1613607.85710546,290.322462396708,282.778873720208,295.109586129045
39810,36.3002210928431,729191.248582955,884407.960585541,1613599.2091685,294.95012859281,287.01987953769,299.991169522395
39820,36.309339460362,718696.906047248,894898.204677377,1613595.11072463,298.448625872062,293.391150591015,301.571568871199
39830,36.3184578278809,717708.985483101,895890.225430113,1613599.21091321,298.779464875809,298.803377650385,298.514540138695
39840,36.3275761953998,720618.121339292,892984.67494223,1613602.79628152,297.81046354585,303.318948870145,293.889964610032
39850,36.3366945629187,721357.026036703,892244.176455337,1613601.20249204,297.563507238732,307.522471239495,290.676228315524
39860,36.3458129304376,720963.882956035,892633.058491517,1613596.94144755,297.693199430221,310.01455483529,289.230884827317
39870,36.3549312979565,724044.35323058,889553.100323072,1613597.45355365,296.666033124253,307.031816786477,289.5082889885
39880,36.3640496654754,729356.739720455,884244.178438799,1613600.91815925,294.895507233216,298.377591150788,292.328371698806
39890,36.3731680329943,733124.067475688,880475.203114937,1613599.27059063,293.63855364847,288.693363664348,296.690648176512
39900,36.3822864005132,737221.551389261,876379.027977092,1613600.57936635,292.27247889848,281.558776983171,299.171386442937
39910,36.3914047680321,740883.883551746,872719.605284457,1613603.4888362,291.052061125382,279.255260402415,298.674051556424
39920,36.400523135551,739757.219087049,873850.873958556,1613608.0930456,291.429339322513,283.318904346123,296.593438190672
39930,36.4096415030699,728823.567581483,884780.804733082,1613604.37231457,295.074472147101,292.927064816384,296.260181640789
39940,36.4187598705888,713556.521621358,900041.532758215,1613598.05437957,300.163926215846,302.897280440528,298.091553460878
39950,36.4278782381077,704051.283461808,909544.044747422,1613595.32820923,303.333014756519,309.120556069589,299.221876368842
39960,36.4369966056266,705562.33903828,908033.622028787,1613595.96106707,302.829288653923,310.710018071425,297.32311130171
39970,36.4461149731455,717115.818331774,896483.937072888,1613599.75540466,298.977467758175,307.783964914409,292.857321764222
39980,36.4552333406643,732668.739029274,880933.546887827,1613602.2859171,293.791411334943,301.321587110121,288.52646797538
39990,36.4643517081832,746630.404974058,866974.485623802,1613604.89059786,289.136063239554,292.254428043628,286.816206650804
40000,36.4734700757021,753913.697373699,859694.385324457,1613608.08269816,286.708149182744,283.525947575827,288.590693463036
40010,36.482588443221,750190.482299243,863416.504374324,1613606.98667357,287.949476196206,279.775509032709,293.158829741707
40020,36.4917068107399,738343.848857419,875255.741796609,1613599.59065403,291.897862863635,282.347764573638,298.021346837913
40030,36.5008251782588,729459.568702133,884135.830747741,1613595.39944987,294.859373269215,287.192807019099,299.724701291568
40040,36.5099435457777,730277.949883336,883320.334331457,1613598.28421479,294.587405146392,289.501714017042,297.732376395004
40050,36.5190619132966,737150.389038106,876452.893976554,1613603.28301466,292.297113215459,287.594709472737,295.188468116261
40060,36.5281802808155,742902.186477404,870701.791997722,1613603.97847513,290.37912022602,283.11782878704,294.977998585153
40070,36.5372986483344,746097.671224656,867503.548413057,1613601.21963771,289.312505723881,278.346454571426,296.382112737415
40080,36.5464170158533,749853.928257623,863747.547946963,1613601.47620459,288.059879255282,274.541578216828,296.832030048205
40090,36.5555353833722,753291.152095148,860314.52952742,1613605.68162257,286.914967326136,273.193669878108,295.82340315205
40100,36.5646537508911,750239.895346395,863367.342289517,1613607.23763591,287.933080636824,275.803216391161,295.779712566735
40110,36.57377211841,738644.916613631,874958.117008259,1613603.03362189,291.798604971905,282.16553761223,297.977484374213
40120,36.5828904859289,725268.640647493,888329.585935952,1613598.22658344,296.257990974138,289.097830270561,300.784549784044
40130,36.5920088534478,717910.350660498,895689.049089761,1613599.39975026,298.712372549528,293.587782502904,301.87983893682
40140,36.6011272209667,716549.986419239,897052.312431326,1613602.29885057,299.167020987603,296.53392437446,300.673112878874
40150,36.6102455884856,717747.402267756,895855.212282783,1613602.61455054,298.767787988255,299.174902838404,298.247404931499
40160,36.6193639560044,719936.995938479,893667.552701698,1613604.54864018,298.038203335567,300.781657358787,295.960868817308
40170,36.6284823235233,720682.499103403,892919.869760923,1613602.36886433,297.788851012481,301.263706111754,295.224123570455
40180,36.6376006910422,722636.945454505,890960.997813645,1613597.94326815,297.135567054742,299.926603233294,295.027263296495
40190,36.6467190585611,730259.770914885,883341.523061493,1613601.29397638,294.594471589626,295.030765833283,294.058113367529
40200,36.65583742608,738627.930902762,874976.471757369,1613604.40266013,291.804726282264,288.561154747293,293.723936700343
40210,36.6649557935989,742438.693612509,871164.464901974,1613603.15851448,290.533421678164,283.977771081876,294.661744224291
40220,36.6740741611178,742248.599755992,871352.621145953,1613601.22090195,290.596171801218,281.880442225574,296.16449470848
40230,36.6831925286367,741061.090231088,872539.082897535,1613600.17312862,290.991856894292,281.768825863573,296.898051034027
40240,36.6923108961556,741119.666592413,872481.716234526,1613601.38282694,290.972725107396,283.371938386012,295.797438984062
40250,36.7014292636745,741577.068515993,872026.014029694,1613603.08254569,290.82074838409,286.379316150559,293.539352582791
40260,36.7105476311934,740342.33187718,873262.550983224,1613604.8828604,291.233133561189,290.190045599792,291.685831257486
40270,36.7196659987123,735385.10853911,878218.630501073,1613603.73904018,292.885986493605,293.926118032132,291.948493812509
40280,36.7287843662312,728943.450777406,884655.913723213,1613599.36450062,295.032820984897,296.951655951455,293.507736989705
40290,36.7379027337501,726861.567463551,886736.693735398,1613598.26119895,295.726761292445,298.543203819607,293.602693973261
40300,36.747021101269,731204.312814617,882394.023498889,1613598.33631351,294.2784804065,298.948660315347,290.91979506693
40310,36.7561394687879,740860.455881624,872741.697645999,1613602.15352762,291.059428929798,297.688814227172,286.39728920744
40320,36.7652578363068,749569.733216429,864037.473303992,1613607.20652042,288.156569386024,295.699701107784,282.887684430362
40330,36.7743762038257,750447.678709946,863157.81521532,1613605.49392527,287.86320334011,295.116313223137,282.787910748641
40340,36.7834945713445,745576.623285968,868025.233928894,1613601.85721486,289.486487886908,295.734006719254,285.080236592105
40350,36.7926129388634,740669.422011173,872931.555711789,1613600.97772296,291.122746610568,296.516792207096,287.28411392404
40360,36.8017313063823,737972.101607552,875630.185903468,1613602.28751102,292.022740004492,296.701813860503,288.66000515048
40370,36.8108496739012,736594.249338272,877008.201748583,1613602.45108686,292.48230840373,296.708850153242,289.420878647051
40380,36.8199680414201,736513.569796957,877087.904799185,1613601.47459614,292.50888937775,297.583075915873,288.88234094452
40390,36.829086408939,738734.180073515,874867.443758329,1613601.62383184,291.768365435494,299.260877483057,286.530217099256
40400,36.8382047764579,742060.110148549,871545.19299906,1613605.30314761,290.660394530285,302.020845837981,282.844543329714
40410,36.8473231439768,740384.66035455,873224.747106696,1613609.40746125,291.220525965215,306.598342898236,280.725964238229
40420,36.8564415114957,728315.340924157,885289.694252802,1613605.03517696,295.244186844356,311.572252559011,284.112772878884
40430,36.8655598790146,712705.439378618,900890.124803482,1613595.5641821,300.446931733694,313.892657585771,291.232742055863
40440,36.8746782465335,707555.539252237,906038.106179371,1613593.64543161,302.163783951766,310.787039025122,296.163144082902
40450,36.8837966140524,716485.603320504,897114.316203111,1613599.91952361,299.187699250662,302.686971365351,296.605528091494
40460,36.8929149815713,730781.71616539,882822.020756832,1613603.73692222,294.421217527708,293.282582563178,294.934956489454
40470,36.9020333490902,742857.360876848,870748.566727468,1613605.92760432,290.394719602291,285.982104401847,293.094467469583
40480,36.9111517166091,746973.362107697,866638.140993773,1613611.50310147,289.023892277396,283.471178362632,292.484848310341
40490,36.920270084128,736259.431089174,877347.570811245,1613607.00190042,292.595488014422,288.057932099288,295.376695717833
40500,36.9293884516469,718386.154565907,895207.3878248,1613593.54239071,298.551738477505,296.65587620982,299.566853540563
40510,36.9385068191658,712794.28996033,900795.268112836,1613589.55807317,300.415297019455,301.560134822893,299.401725736314
40520,36.9476251866846,726220.354190406,887376.834148694,1613597.1883391,295.940248173651,299.125295670213,293.570266302467
40530,36.9567435542035,747730.694407253,865875.337522508,1613606.03192976,288.769497256131,292.415099412761,286.098454570664
40540,36.9658619217224,762666.006345146,850944.316101067,1613610.32244621,283.790000367206,287.160724634671,281.30635918859
40550,36.9749802892413,763251.963960115,850356.622439752,1613608.58639987,283.594004482159,287.166904288806,280.975742940659
40560,36.9840986567602,750990.216306602,862615.05909912,1613605.27540572,287.682194130105,292.043931695731,284.534633924577
40570,36.9932170242791,732147.07161672,881452.567364584,1613599.6389813,293.964504707215,298.886418580197,290.438258371304
40580,37.002335391798,716426.115602958,897168.422981707,1613594.53858467,299.205743865835,303.5916849351,296.032445033105
40590,37.0114537593169,712553.680172071,901039.790699415,1613593.47087149,300.496845322466,302.972249523799,298.596161817142
40600,37.0205721268358,721719.708774363,891879.212463439,1613598.9212378,297.441791717005,297.319696514843,297.275320358682
40610,37.0296904943547,735596.488259729,878006.701429397,1613603.18968913,292.815308130531,291.006294758726,293.777304288292
40620,37.0388088618736,746267.25409527,867336.233355015,1613603.48745028,289.256706138074,287.425602227998,290.23639482301
40630,37.0479272293925,751436.981986237,862166.913952025,1613603.89593826,287.532737686185,287.927945397828,287.029655263684
40640,37.0570455969114,749984.054792658,863620.645790176,1613604.70058283,288.017557375413,292.393362046992,284.860339629881
40650,37.0661639644303,741644.058478429,871958.001001471,1613602.0594799,290.798066033507,299.138649561678,284.995345293031
40660,37.0752823319492,730557.742170102,883042.70104374,1613600.44321384,294.494814421791,305.040544159433,287.218915584678
40670,37.0844006994681,721019.712259436,892576.407345985,1613596.11960542,297.674306268462,307.106594681331,291.138052071326
40680,37.093519066987,719310.226937992,894287.680171916,1613597.90710991,298.245015898588,304.260992727351,293.985827166165
40690,37.1026374345059,723648.044191611,889957.217504204,1613605.26169581,296.800806237853,299.200221974099,294.953861741823
40700,37.1117558020247,725291.195263492,888313.182245896,1613604.37750939,296.252520342137,296.792880323691,295.645403254149
40710,37.1208741695436,724988.843503744,888611.455478295,1613600.29898204,296.35199449001,297.704850748523,295.20313032226
40720,37.1299925370625,727912.142210646,885688.65356456,1613600.79577521,295.377239808091,299.119322526005,292.636370296308
40730,37.1391109045814,733515.866068467,880086.995042814,1613602.86111128,293.50908622405,300.201922436885,288.802604510306
40740,37.1482292721003,737753.484855896,875851.218445313,1613604.70330121,292.096454375625,301.487769751159,285.592163746625
40750,37.1573476396192,737322.163050303,876279.193665499,1613601.3567158,292.23918414724,302.66916591453,285.04233031559
40760,37.1664660071381,735538.257074014,878059.865414181,1613598.1224882,292.833038323889,302.800952227589,285.943734856152
40770,37.175584374657,736156.491542411,877443.414708268,1613599.90625068,292.62745196207,301.958993348932,286.16256816086
40780,37.1847027421759,737202.301569685,876399.090088276,1613601.39165796,292.279169614232,301.139638865526,286.128624138691
40790,37.1938211096948,737251.908886321,876347.406780261,1613599.31566658,292.2619332267,300.223894197755,286.710407634975
40800,37.2029394772137,739267.819958805,874331.272696135,1613599.09265494,291.589552341549,297.275644865938,287.555832698339
40810,37.2120578447326,743557.018061166,870046.623516597,1613603.64157776,290.16062148294,292.558555124605,288.320198537261
40820,37.2211762122515,744562.208124514,869042.998762433,1613605.20688695,289.825912543749,290.125141779178,289.38490479301
40830,37.2302945797704,740161.685803332,873440.752567584,1613602.43837092,291.29256380443,291.955641564299,290.607768161348
40840,37.2394129472893,734634.97560427,878964.06623223,1613599.0418365,293.134589372096,295.858288480969,291.074511141706
40850,37.2485313148082,733583.161499296,880014.89863894,1613598.06013824,293.485042067347,298.429198697954,289.944366778553
40860,37.2576496823271,738197.596399364,875406.324159151,1613603.92055852,291.948082094097,297.579229101711,287.950694020609
40870,37.266768049846,740761.363523906,872848.26697277,1613609.63049668,291.094969809161,295.732714621613,287.760560792687
40880,37.2758864173648,733588.475394499,880019.316604554,1613607.79199905,293.486515459248,295.963771627534,291.59043925084
40890,37.2850047848837,719805.842475806,893794.169559996,1613600.0120358,298.080430068366,297.177268938286,298.434137130029
40900,37.2941231524026,710880.435974907,902713.577815416,1613594.01379032,301.055053465205,296.757204788122,303.669406705373
40910,37.3032415199215,714820.04641598,898777.06628543,1613597.11270141,299.742226541747,294.087506344881,303.26225481754
40920,37.3123598874404,726602.064245858,887002.028431178,1613604.09267704,295.81525043561,290.615057843973,299.035532788006
40930,37.3214782549593,735594.135860857,878012.123366249,1613606.25922711,292.817116346923,288.021964317257,295.769870103077
40940,37.3305966224782,737695.627088862,875908.989536301,1613604.61662516,292.115721039287,287.078279306569,295.230585760232
40950,37.3397149899971,735703.51430516,877897.087179463,1613600.60148462,292.778751769039,287.69579012682,295.92341057071
40960,37.348833357516,735210.67307964,878390.886335152,1613601.55941479,292.943433828631,288.358976678814,295.755619066985
40970,37.3579517250349,735178.168501422,878427.71468595,1613605.88318737,292.955716086693,288.542517038741,295.653719021923
40980,37.3670700925538,730644.91758345,882957.809824678,1613602.72740813,294.466503193156,289.1645275529,297.755764867332
40990,37.3761884600727,725156.43549146,888441.922083725,1613598.35757519,296.295455088786,289.830082928492,300.358790316408
41000,37.3853068275916,724741.337242219,888856.735020135,1613598.07226235,296.433795237664,290.095226949873,300.412479266826
41010,37.3944251951105,729900.426535426,883700.172468116,1613600.59900354,294.714081196637,290.611940415389,297.203246649805
41020,37.4035435626294,737034.650278579,876567.960299225,1613602.6105778,292.335487843664,291.527309657847,292.630660394338
41030,37.4126619301483,741911.728300827,871693.809688545,1613605.53798937,290.709958208619,291.749764168296,289.774495936994
41040,37.4217802976672,740838.337681799,872763.597059756,1613601.93474156,291.066732386112,291.302349101892,290.667098965269
41050,37.430898665186,738590.713907011,875006.774053988,1613597.487961,291.814832100713,289.897100409121,292.850140868356
41060,37.4400170327049,741244.119698188,872355.274102938,1613599.39380113,290.930556645969,286.228219965677,293.823005635625
41070,37.4491354002238,746508.490915325,867094.799739111,1613603.29065444,289.176188007041,281.103209264474,294.317193678745
41080,37.4582537677427,748505.391933954,865099.505601687,1613604.89753564,288.510757245852,278.233213778448,295.12202725975
41090,37.4673721352616,744836.837749081,868765.866680685,1613602.70442977,289.733488971381,280.361413966927,295.740094400208
41100,37.4764905027805,738566.85604035,875033.544486561,1613600.40052691,291.823760042208,285.652504111104,295.694744196243
41110,37.4856088702994,733992.400585323,879606.398702118,1613598.79928744,293.348807304358,290.199566424306,295.203843884973
41120,37.4947272378183,733497.877547888,880104.546949561,1613602.42449745,293.514939786413,291.258897075732,294.774372477047
41130,37.5038456053372,733041.458017965,880563.845280121,1613605.30329809,293.668115817949,290.544711362675,295.50566202495
41140,37.5129639728561,729414.540601314,884187.831899743,1613602.37250106,294.876715657743,290.900429316686,297.281842622066
41150,37.522082340375,726796.330931818,886802.615783914,1613598.94671573,295.748746301122,291.816603631701,298.123717458818
41160,37.5312007078939,730217.082677716,883381.962260419,1613599.04493814,294.607958065839,291.066811985668,296.723215487565
41170,37.5403190754128,739601.038670413,873999.818143823,1613600.85681424,291.479012220718,287.544475815402,293.859137314079
41180,37.5494374429317,751198.414675798,862406.560654359,1613604.97533016,287.612659881394,282.264276041333,290.938571891533
41190,37.5585558104506,758166.199193775,855442.11969694,1613608.31889071,285.290018241434,279.014793952514,289.235759418846
41200,37.5676741779695,755975.264847546,857629.291404733,1613604.55625228,286.019440188338,279.674434834185,290.011094224283
41210,37.5767925454884,749540.212057994,864060.395631442,1613600.60768944,288.16421398414,281.847744598013,292.135056729904
41220,37.5859109130073,744475.614553564,869126.716954257,1613602.33150782,289.853832567703,283.274822957379,293.998294114111
41230,37.5950292805261,738828.531476065,874775.923117998,1613604.45459406,291.737843294313,284.566243720176,296.275794807659
41240,37.604147648045,730551.868339061,883047.329193601,1613599.19753266,294.496357910155,287.394034364019,298.985826642654
41250,37.6132660155639,725683.157698611,887915.500461697,1613598.65816031,296.119893433949,288.98615572675,300.628951994221
41260,37.6223843830828,725610.722306357,887990.409438608,1613601.13174496,296.144875583995,287.60267765568,301.59288680655
41270,37.6315027506017,727067.102738643,886535.323237551,1613602.42597619,295.659604214624,285.63869830443,302.093825151242
41280,37.6406211181206,727627.775093411,885976.543624435,1613604.31871785,295.473251167062,285.366667121858,301.964746154559
41290,37.6497394856395,724908.565457972,888695.77426938,1613604.33972735,296.380114813867,285.958359289401,303.080968401167
41300,37.6588578531584,719051.931644524,894551.026035768,1613602.95768029,298.332841766139,286.619723032932,305.892976886805
41310,37.6679762206773,712572.476327866,901027.753897725,1613600.23022559,300.492831048099,288.580060488516,308.184267395281
41320,37.6770945881962,709405.645884806,904193.230938995,1613598.8768238,301.548517905284,291.458311817614,308.024031532143
41330,37.6862129557151,711150.649333721,902449.809728772,1613600.45906249,300.967086786317,293.666514750179,305.583328904754
41340,37.695331323234,715893.902477697,897705.04727225,1613598.94974995,299.384708111472,294.619655115229,302.311922852208
41350,37.7044496907529,724903.240847986,888694.88625503,1613598.12710302,296.379818661007,293.89328967284,297.790521470901
41360,37.7135680582718,738343.232549385,875260.543776415,1613603.7763258,291.8994643243,291.541682293146,291.894736124799
41370,37.7226864257907,748517.329390288,865091.015957519,1613608.34534781,288.507925948814,289.074167405801,287.890008372533
41380,37.7318047933096,749451.216758143,864153.808913004,1613605.02567115,288.195367321329,288.106485211116,288.01445925537
41390,37.7409231608285,745342.138935884,868258.036794082,1613600.17572997,289.564127661858,287.742831868753,290.537021417543
41400,37.7500415283474,743114.724532816,870484.088478653,1613598.81301147,290.30651608426,285.908681314567,292.996483833985
41410,37.7591598958662,744503.259406756,869097.387901497,1613600.64730825,289.844051326162,282.550836646874,294.464657736249
41420,37.7682782633851,747176.480251756,866423.177971172,1613599.65822293,288.952202091436,280.098240570995,294.614049603321
41430,37.777396630904,751073.491021135,862527.792867548,1613601.28388868,287.6530908346,280.119000625734,292.436106731482
41440,37.7865149984229,753499.37241469,860104.725825223,1613604.09823991,286.844997773961,282.829595654044,289.282895022428
41450,37.7956333659418,751113.462717432,862488.068886202,1613601.53160363,287.639842883509,287.033229353011,287.804552034771
41460,37.8047517334607,747253.093744768,866346.735269897,1613599.82901467,288.926708444188,290.086549360297,287.912708909744
41470,37.8138701009796,744501.84671107,869101.123947767,1613602.97065884,289.845297297905,289.673500096176,289.718291017975
41480,37.8229884684985,740137.941597935,873464.6405603,1613602.58215823,291.300530451993,287.026588178191,293.90707485915
41490,37.8321068360174,734800.445720339,878801.407685316,1613601.85340565,293.080342733138,284.781257085828,298.368832879068
41500,37.8412252035363,730741.655277182,882858.371311691,1613600.02658887,294.433340440784,284.092622588222,301.081791225459
41510,37.8503435710552,730720.160225737,882879.189748437,1613599.34997417,294.440283391175,284.492829422078,300.826552467747
41520,37.8594619385741,735538.964326569,878061.866596174,1613600.83092274,292.833705718251,284.980357266649,297.825243264554
41530,37.868580306093,742416.747824769,871186.385086263,1613603.13291103,290.540732061452,284.669183130079,294.212980738981
41540,37.8776986736119,747382.154183342,866221.128106402,1613603.28228974,288.88481844469,283.719695590035,292.087496332423
41550,37.8868170411308,748640.374136008,864964.406451818,1613604.78058783,288.465701668107,283.451450245767,291.568147864943
41560,37.8959354086497,743646.804017058,869957.901245591,1613604.70526265,290.131032598163,285.861650338095,292.735511577709
41570,37.9050537761686,733349.3361159,880249.172434985,1613598.50855089,293.563172397861,290.936307105737,295.069779948946
41580,37.9141721436875,726337.935630271,887257.403775564,1613595.33940583,295.900418134255,294.870627526823,296.340361524099
41590,37.9232905112063,727596.74334144,886000.555588745,1613597.29893019,295.481259159161,294.357967926697,295.983885598171
41600,37.9324088787252,733775.918492606,879826.987247466,1613602.90574007,293.422373602623,290.26356901434,295.283724683478
41610,37.9415272462441,736273.734193569,877332.541679275,1613606.27587284,292.590475797657,286.844106353519,296.177563363916
41620,37.950645613763,730598.649029237,883003.449310725,1613602.09833996,294.481723965558,288.037442932916,298.532509884015
41630,37.9597639812819,722227.708304548,891372.009924568,1613599.71822912,297.272639628003,293.715235997811,299.396514848443
41640,37.9688823488008,715850.979761769,897748.890253775,1613599.87001554,299.399329749466,301.029558955618,298.06301083724
41650,37.9780007163197,712769.746462906,900828.665198897,1613598.4116618,300.426434950441,306.943176854741,295.831584985114
41660,37.9871190838386,714843.467639575,898756.065793157,1613599.53343273,299.735222875823,309.1114606818,293.234618319443
41670,37.9962374513575,720302.714426858,893299.858688949,1613602.57311581,297.915577351659,307.327375418275,291.392782326122
41680,38.0053558188764,725135.884589154,888465.453151155,1613601.33774031,296.303302701736,303.855672288275,291.021470225125
41690,38.0144741863953,730922.200701059,882675.597104021,1613597.79780508,294.372385227287,300.874565878284,289.7922878056
41700,38.0235925539142,741441.806259792,872158.720264563,1613600.52652436,290.865005924483,298.454345022293,285.563059021006
41710,38.0327109214331,752482.470256097,861122.233390604,1613604.7036467,287.184336631851,295.294904861342,281.537970864996
41720,38.041829288952,757552.068719937,856053.433776487,1613605.50249642,285.493891537931,290.842532097245,281.690219588774
41730,38.0509476564709,754928.759066719,858676.034533972,1613604.79360069,286.368529109212,286.019042231136,286.362879920338
41740,38.0600660239898,746754.308200914,866846.632762964,1613600.94096388,289.093424299804,282.715932015592,293.104174635696
41750,38.0691843915087,739531.849928347,874065.152218832,1613597.00214718,291.500801140181,281.955664890668,297.62130797224
41760,38.0783027590276,738645.080872441,874954.802625769,1613599.88349821,291.797499625069,283.611820514139,297.011454449335
41770,38.0874211265464,740294.72666777,873309.260265074,1613603.98693284,291.24871111058,287.916400159628,293.227544485289
41780,38.0965394940653,738795.612213874,874806.797221937,1613602.40943581,291.748139810551,293.839347565785,290.110877857218
41790,38.1056578615842,735189.122300783,878413.132421908,1613602.25472269,292.950852900419,299.267468105778,288.495650386096
41800,38.1147762291031,730610.222796742,882991.091811744,1613601.31460849,294.477602738617,304.71255746159,287.408901587687
41810,38.123894596622,727229.054014457,886370.35250858,1613599.40652304,295.604586462758,309.316179037217,286.217187591068
41820,38.1330129641409,727610.413168654,885990.941720414,1613601.35488907,295.478052933271,310.924866361762,284.933945603499
41830,38.1421313316598,729368.394429573,884236.210156639,1613604.60458621,294.892849810451,309.730943781816,284.755043121365
41840,38.1512496991787,727950.910791585,885655.415460067,1613606.32625165,295.366154897471,307.179306764399,287.244581857104
41850,38.1603680666976,721692.376866811,891909.939385585,1613602.3162524,297.452039148103,305.206575413165,292.034471605437
41860,38.1694864342165,716555.252911847,897042.312783554,1613597.5656954,299.163686104237,302.972391339707,296.375246208836
41870,38.1786048017354,719831.478811368,893764.635989425,1613596.11480079,298.070580620119,298.020612783231,297.85550036086
41880,38.1877231692543,733198.370836836,880401.328891749,1613599.69972859,293.613916588877,290.917985268857,295.166525871733
41890,38.1968415367732,750332.382229113,863273.44630918,1613605.82853829,287.901766319553,285.042085286972,289.568302202674
41900,38.2059599042921,761099.058410488,852509.191270546,1613608.24968103,284.311886366699,282.391527258452,285.355199200223
41910,38.215078271811,760956.339260463,852648.820454186,1613605.15971465,284.358452711084,283.497400758155,284.69552196911
41920,38.2241966393299,753700.582983709,859901.894734755,1613602.47771846,286.777353588379,287.346141844145,286.159180289878
41930,38.2333150068488,744183.206441906,869417.638586374,1613600.84502828,289.95085495627,291.607431790357,288.604844687747
41940,38.2424333743676,736486.80229314,877111.189496514,1613597.99178965,292.516654826251,293.628941569212,291.531366451922
41950,38.2515517418865,734247.542913337,879354.249049725,1613601.79196306,293.264715374262,291.880340743357,293.943244532054
41960,38.2606701094054,732655.954402116,880949.203802653,1613605.15820477,293.796632917343,288.623567319938,297.000512788182
41970,38.2697884769243,728057.273693077,885542.072364163,1613599.34605724,295.328354965537,286.273422220306,301.11886983322
41980,38.2789068444432,727190.87025219,886407.597977146,1613598.46822934,295.61700782963,284.868294231503,302.536469388523
41990,38.2880252119621,732375.729437689,881223.958099427,1613599.68753712,293.888263498225,286.019201860618,298.889397703714
42000,38.297143579481,741058.397880864,872544.506133973,1613602.90401484,290.993665544096,290.421745731175,291.132450698091
42010,38.3062619469999,747773.409016721,865831.786572056,1613605.19558878,288.754973010524,296.760494022791,283.177329858171
42020,38.3153803145188,748265.568624711,865338.439847923,1613604.00847263,288.590441836893,303.22063683762,278.59648646821
42030,38.3244986820377,743555.794556224,870046.416807251,1613602.21136347,290.160552545356,306.896771085249,278.761273058308
42040,38.3336170495566,736660.988382135,876940.223961534,1613601.21234367,292.459637806081,305.158570670258,283.749966198459
42050,38.3427354170755,730497.517719839,883102.197787416,1613599.71550725,294.514656590767,298.850218836727,291.378852879636
42060,38.3518537845944,727656.661188908,885945.228054185,1613601.88924309,295.462807421772,291.618770019708,297.779280016964
42070,38.3609721521133,726473.057071405,887128.676834888,1613601.73390629,295.857487688807,287.757407125171,301.01099349149
42080,38.3700905196322,727201.177852987,886398.158824628,1613599.33667762,295.613859871478,288.163460992,300.334447574572
42090,38.3792088871511,731702.324970313,881899.576356091,1613601.9013264,294.113582243152,291.048013278331,295.912200234497
42100,38.38832725467,734866.742257831,878740.886833356,1613607.62909119,293.060159023964,295.902893777438,290.920785722462
42110,38.3974456221889,728907.971933926,884695.802694193,1613603.77462812,295.046123960044,302.928396939457,289.545403537136
42120,38.4065639897077,718752.64127202,894844.014311797,1613596.65558382,298.430553380623,308.877044419667,291.217533893442
42130,38.4156823572266,714902.401470367,898692.326252383,1613594.72772275,299.713965733661,310.639276782231,292.180663396502
42140,38.4248007247455,720964.156122144,892632.28712081,1613596.44324295,297.692942178026,308.533126960245,290.218074871398
42150,38.4339190922644,734320.406881166,879279.012053748,1613599.41893491,293.239623829831,304.244722351137,285.658525129103
42160,38.4430374597833,749536.724910155,864066.688897416,1613603.41380757,288.166312788866,298.530688651256,281.016590286616
42170,38.4521558273022,759642.567819671,853964.843850858,1613607.41167053,284.797346623598,292.840007611435,279.198241509521
42180,38.4612741948211,758345.785373312,855262.360417299,1613608.14579061,285.230068506686,291.018659056395,281.133316416458
42190,38.47039256234,744875.963415555,868728.353824336,1613604.31723989,289.720978430661,294.318310561081,286.414656195023
42200,38.4795109298589,726543.974454805,887052.752730602,1613596.72718541,295.832166993697,298.974707631413,293.490613096059
42210,38.4886292973778,715678.605345324,897915.060146515,1613593.66549184,299.45474742255,300.153394845453,298.739436851095
42220,38.4977476648967,718057.01281866,895540.474929491,1613597.48774815,298.662823054691,296.844872178221,299.625904619793
42230,38.5068660324156,728968.207274152,884634.349520789,1613602.55679494,295.02562932159,291.894524826055,296.867177627513
42240,38.5159843999345,740722.218041535,872881.633061929,1613603.85110346,291.106097402678,288.492300856301,292.606040019094
42250,38.5251027674534,749783.165642629,863821.50168159,1613604.66732422,288.084542831946,286.82023188413,288.687346344796
42260,38.5342211349723,753272.061436371,860335.79716075,1613607.85859712,286.922060083625,287.801337604266,286.096773353129
42270,38.5433395024912,747885.870428857,865717.291002508,1613603.16143137,288.716788728534,293.428434529543,285.33509420392
42280,38.5524578700101,740365.206117348,873232.650031605,1613597.85614895,291.223161591331,300.370545335681,284.882219793771
42290,38.561576237529,738570.528407474,875029.952245391,1613600.48065287,291.822562029478,304.466494797631,283.150088049018
42300,38.5706946050478,739749.082610813,873856.559597522,1613605.64220833,291.431235483582,305.063845294915,282.099969579791
42310,38.5798129725667,737292.626733446,876312.138210674,1613604.76494412,292.250171155803,303.808328262721,284.301191275228
42320,38.5889313400856,732029.512066645,881570.996779515,1613600.50884616,294.004000926968,302.084145871268,288.372234296663
42330,38.5980497076045,729626.624444378,883971.691550254,1613598.31599463,294.804632833168,300.047869084068,291.063471471875
42340,38.6071680751234,733327.404190952,880271.481539538,1613598.88573049,293.570612486089,296.192970931982,291.577731345089
42350,38.6162864426423,741129.842468517,872475.724234378,1613605.56670289,290.970726774847,290.677666152859,290.923624917193
42360,38.6254048101612,743255.254650613,870354.611448544,1613609.86609916,290.263335483923,288.321145014604,291.316243017233
42370,38.6345231776801,734181.229500564,879422.529045524,1613603.75854609,293.287486758554,292.231462705825,293.74709655474
42380,38.643641545199,722741.307592011,890855.229985132,1613596.53757714,297.100293475115,298.653826142508,295.81702145229
42390,38.6527599127179,720283.168948829,893312.901768883,1613596.07071771,297.919927219904,302.364361128573,294.708704674776
42400,38.6618782802368,728326.387723763,885275.488377743,1613601.87610151,295.23944918384,301.21003067615,291.013028647981
42410,38.6709966477557,739093.778745387,874511.760071374,1613605.53881676,291.64974489624,297.2575895558,287.668140335785
42420,38.6801150152746,746068.771311497,867538.339308594,1613607.11062009,289.324108490443,294.003638437755,285.963318435159
42430,38.6892333827935,745981.942963387,867625.528734386,1613607.47169777,289.353186171214,294.093772141704,285.951667869078
42440,38.6983517503124,739253.084869477,874349.350945148,1613602.43581462,291.595581439102,298.0112885316,287.075447059572
42450,38.7074701178313,733283.074712808,880316.174999746,1613599.24971255,293.585517758795,301.321055047742,288.183838301364
42460,38.7165884853502,733370.615944093,880229.839938971,1613600.45588306,293.556725008828,299.980973885288,289.029261820347
42470,38.7257068528691,737869.294310813,875734.367395354,1613603.66170617,292.057484540722,294.318711820011,290.306618450745
42480,38.7348252203879,741615.994995705,871989.55438368,1613605.54937938,290.808589089104,288.197596600048,292.306910257567
42490,38.7439435879068,741595.083359101,872008.573789842,1613603.65714894,290.814932062645,285.279692105688,294.262746257232
42500,38.7530619554257,739709.080765501,873895.007405446,1613604.08817095,291.444057830731,285.641759090354,295.069386942789
42510,38.7621803229446,735568.630241913,878037.189249002,1613605.81949091,292.825475820911,288.446979091171,295.500452410887
42520,38.7712986904635,728583.183145343,885017.227240745,1613600.41038609,295.153319073118,292.624794209438,296.593041216344
42530,38.7804170579824,725479.338613914,888120.698252295,1613600.03686621,296.188326914222,295.160241909675,296.626893311491
42540,38.7895354255013,727215.182763965,886388.344134252,1613603.52689822,295.61058667142,296.400729189082,294.837482837419
42550,38.7986537930202,729195.365072557,884406.820345531,1613602.18541809,294.949748322672,298.673976052472,292.221138379203
42560,38.8077721605391,731476.064036428,882125.444026618,1613601.50806305,294.188909130104,300.528676875801,289.717239875364
42570,38.816890528058,732693.381936712,880912.418195542,1613605.80013225,293.784364914305,301.217405655653,288.584184115975
42580,38.8260088955769,727992.726804264,885608.817549186,1613601.54435345,295.350614490307,302.486496542074,290.347234277054
42590,38.8351272630958,722694.552730166,890903.033036811,1613597.58576698,297.116235796835,302.198816149378,293.480252031977
42600,38.8442456306147,722685.51235646,890914.16176542,1613599.67412188,297.119947228754,298.822273506834,295.737463087343
42610,38.8533639981336,725448.224069539,888155.175940604,1613603.40001014,296.199825226148,294.386348695539,297.1619763922
42620,38.8624823656525,725873.246777705,887729.10244327,1613602.34922097,296.057729679263,291.926065378932,298.565457771416
42630,38.8716007331714,724844.189947446,888754.105724075,1613598.29567152,296.399568358871,291.704798170049,299.28241551112
42640,38.8807191006903,728232.46512342,885364.149534345,1613596.61465777,295.269017686959,290.417513594667,298.257296233747
42650,38.8898374682092,737891.476079651,875711.626733576,1613603.10281323,292.049900528123,285.944185418681,295.877002350644
42660,38.898955835728,746195.900534951,867408.658973328,1613604.55950828,289.28086008782,281.602060322186,294.158992548169
42670,38.9080742032469,750254.279779704,863349.222094604,1613603.50187431,287.92703755031,279.924198920949,293.022324105258
42680,38.9171925707658,750921.944930804,862683.19698265,1613605.14191345,287.704918119943,280.427872484222,292.316527778658
42690,38.9263109382847,747075.154296232,866528.109157802,1613603.26345403,288.987196650926,283.508368782196,292.398925899538
42700,38.9354293058036,742043.529682319,871555.377755836,1613598.90743815,290.663791147519,288.596677769863,291.799646906667
42710,38.9445476733225,741565.63170996,872034.647279201,1613600.27898916,290.82362757352,292.436582014506,289.505971589885
42720,38.9536660408414,744123.572304178,869479.425324499,1613602.99762868,289.971460838586,293.821873682002,287.162876058942
42730,38.9627844083603,744951.606723555,868653.598977461,1613605.20570102,289.696047682995,294.008133012166,286.579910757145
42740,38.9719027758792,740882.326228396,872720.269378176,1613602.59560657,291.052282600692,293.87105413494,288.930558009028
42750,38.9810211433981,735650.479080783,877949.024265339,1613599.50334612,292.796072791509,292.39221513977,292.821314498675
42760,38.990139510917,734176.927704777,879423.880793004,1613600.80849778,293.287937566451,289.105127097652,295.832071264345
42770,38.9992578784359,735994.185334188,877606.279243547,1613600.46457773,292.681767298165,286.047746520775,296.860546343676
42780,39.0083762459548,740965.296342067,872634.9818784,1613600.27822047,291.023839212406,284.564472878617,295.087563568922
42790,39.0174946134737,747843.468488591,865761.03825145,1613604.50674004,288.731378439703,285.385553699801,290.721318784273
42800,39.0266129809926,749902.986031399,863706.269367181,1613609.25539858,288.046112845483,289.7908889986,286.642890316035
42810,39.0357313485115,740796.320143157,872811.274048947,1613607.5941921,291.082632665982,297.933330685878,286.272931792164
42820,39.0448497160304,724012.368895033,889588.235381811,1613600.60427684,296.677750669272,306.990226633349,289.555535234329
42830,39.0539680835493,710058.300625858,903540.057536043,1613598.3581619,301.330684520941,312.581476475771,293.579047647287
42840,39.0630864510681,703791.75020753,909807.693051321,1613599.44325885,303.420941487851,313.171411548424,296.667777329563
42850,39.072204818587,704357.507328516,909242.646143495,1613600.15347201,303.23249829698,310.36628385295,298.223947511087
42860,39.0813231861059,710260.449250169,903340.298068948,1613600.74731912,301.26406472201,306.381131359912,297.601633576141
42870,39.0904415536248,719630.927932125,893971.745086405,1613602.67301853,298.139651521229,301.999024952805,295.318286190577
42880,39.0995599211437,728918.247990717,884685.884822538,1613604.13281326,295.042816349021,297.487326742333,293.167273739856
42890,39.1086782886626,735812.239149254,877789.63278185,1613601.8719311,292.742915718476,293.236155522991,292.170136752366
42900,39.1177966561815,742647.10560105,870953.67557821,1613600.78117926,290.463123421114,288.915453032123,291.252851077592
42910,39.1269150237004,750527.536101469,863075.443446182,1613602.97954765,287.835732348235,286.010010947361,288.813016838527
42920,39.1360333912193,756369.950480904,857234.611043385,1613604.56152429,285.887814254922,286.5763712501,285.190536412924
42930,39.1451517587382,757687.830380611,855916.628475222,1613604.45885583,285.448266958553,289.451371034591,282.541657352062
42940,39.1542701262571,754289.977348319,859314.775339582,1613604.7526879,286.581549221138,293.093671935312,282.001316120672
42950,39.163388493776,746654.441954284,866948.224809493,1613602.66676378,289.127305255792,297.357199126446,283.399769920976
42960,39.1725068612949,738720.721809244,874878.778436631,1613599.50024588,291.772145551653,300.320579661465,285.830046023819
42970,39.1816252288138,735130.628498419,878470.052071702,1613600.68057012,292.969835608371,299.713194849757,288.230121251108
42980,39.1907435963327,735236.405668436,878363.774419425,1613600.18008786,292.934392002476,297.531565892198,289.625497415993
42990,39.1998619638516,738751.070455918,874849.171829684,1613600.2422856,291.762271745767,295.99595331289,288.696682141231
43000,39.2089803313705,744224.53777396,869377.814962706,1613602.35273667,289.937573774456,294.328843949551,286.768445679581
43010,39.2180986988893,747785.195150432,865817.867895623,1613603.06304605,288.750331130773,291.941554080312,286.382223888471
43020,39.2272170664082,747124.260179773,866479.474522245,1613603.73470202,288.970976995913,290.803704457642,287.508349540598
43030,39.2363354339271,741689.744784585,871910.854008531,1613600.59879312,290.782342507431,292.922268959753,289.113406253794
43040,39.245453801446,735620.287769255,877979.228697761,1613599.51646702,292.80614597224,296.192242854918,290.304742928812
43050,39.2545721689649,730954.845129167,882646.442726569,1613601.28785574,294.362662239976,297.766143053164,291.84837281265
43060,39.2636905364838,726125.016415485,887476.089033364,1613601.10544885,295.973349685964,296.58504139488,295.318910755282
43070,39.2728089040027,721626.09122471,891974.328168609,1613600.41939332,297.473512812609,292.504892086215,300.538032036195
43080,39.2819272715216,719138.579985495,894460.965381606,1613599.5453671,298.302806530467,287.338200298082,305.363958346616
43090,39.2910456390405,720570.428802839,893028.214715773,1613598.64351861,297.824984063956,284.212167190222,306.652007826393
43100,39.3001640065594,726887.163629302,886713.858160568,1613601.02178987,295.719145626336,283.667312199045,303.507268623175
43110,39.3092823740783,734042.936676719,879563.165219579,1613606.1018963,293.334388934327,284.446221535944,299.015388542469
43120,39.3184007415972,735125.658005593,878479.947011392,1613605.60501698,292.973135571583,286.522823613471,297.029199264015
43130,39.3275191091161,730842.493028381,882758.636470937,1613601.12949932,294.400078863077,290.143955063297,296.992161330546
43140,39.336637476635,727068.770581158,886533.374126946,1613602.1447081,295.658954186075,294.446309449087,296.221001548911
43150,39.3457558441539,723810.531694698,889791.642531272,1613602.17422597,296.745586970576,299.623241471713,294.579862647343
43160,39.3548742116728,722234.952340797,891361.180843179,1613596.13318398,297.269028128457,304.902937668832,291.932030911434
43170,39.3639925791917,729624.723130499,883972.218473372,1613596.94160387,294.804808562072,306.643565659823,286.666633156437
43180,39.3731109467106,744271.584336922,869333.193212457,1613604.77754938,289.922692417028,304.803213296798,279.760742920166
43190,39.3822293142294,755318.044184553,858288.955493082,1613606.99967763,286.239438216802,302.012796588246,275.485333103993
43200,39.3913476817483,758323.676240127,855281.433637405,1613605.10987753,285.236429427182,297.94776438003,276.52450910076
43210,39.4004660492672,754933.15151842,858672.121319031,1613605.27283745,286.367224051703,293.5584870277,281.334409380996
43220,39.4095844167861,746171.34928853,867430.74326361,1613602.09255214,289.28822520047,292.329287042575,287.019777118066
43230,39.418702784305,736873.401302962,876724.732178958,1613598.13348192,292.387771278625,293.663146393798,291.293864725778
43240,39.4278211518239,732623.139950197,880975.894488311,1613599.03443851,293.805534263235,294.696522273722,292.966704311024
43250,39.4369395193428,731886.880241527,881716.62190087,1613603.5021424,294.052566917082,294.428214307256,293.557091517868
43260,39.4460578868617,728529.986196061,885074.46771782,1613604.45391388,295.172408776995,295.206908320115,294.903432074267
43270,39.4551762543806,721532.886606757,892067.798594552,1613600.68520131,297.504685207455,298.419608109946,296.646816034788
43280,39.4642946218995,716543.955262494,897054.9009187,1613598.85618119,299.167884248358,301.287797327983,297.505302291733
43290,39.4734129894184,717450.756045016,896147.992964281,1613598.7490093,298.865430369945,300.353789720459,297.624136277629
43300,39.4825313569373,725275.533161286,888323.124849984,1613598.65801127,296.255836201429,295.192326159532,296.717963032526
43310,39.4916497244562,739535.976775237,874067.446857386,1613603.42363262,291.50156640233,288.153594194502,293.490629902214
43320,39.5007680919751,753464.816727181,860142.409241393,1613607.22596857,286.857565196396,282.570297440085,289.476695729605
43330,39.509886459494,761029.068934944,852576.474975166,1613605.54391011,284.334325487799,280.566435569868,286.609306828514
43340,39.5190048270129,762664.801964206,850939.668444822,1613604.47040903,283.788450373461,281.743329076932,284.915374195836
43350,39.5281231945318,758946.24286833,854659.012742799,1613605.25561113,285.028852006937,284.297931627887,285.278608216297
43360,39.5372415620507,749253.32287901,864350.023253225,1613603.34613223,288.260804820152,287.432660620655,288.5726836158
43370,39.5463599295695,736930.076566326,876670.434750375,1613600.5113167,292.369663081666,291.254186663986,292.869672640883
43380,39.5554782970884,727510.127380792,886087.228929798,1613597.35631059,295.510164725629,294.44993817594,295.970723954815
43390,39.5645966646073,726499.461606502,887095.468515126,1613594.93012163,295.846412711398,294.771643613425,296.31638676612
43400,39.5737150321262,736045.712083921,877555.303883044,1613601.01596696,292.664767011187,291.375390863982,293.280463803481
43410,39.5828333996451,747069.449594794,866538.39585067,1613607.84544546,288.990627263855,287.197383511164,289.945297576264
43420,39.591951767164,748942.175548262,864665.72352672,1613607.89907498,288.366090887684,286.118367873817,289.624267821188
43430,39.6010701346829,740859.729534465,872741.385946171,1613601.11548064,291.059324977879,288.817594575391,292.311262475391
43440,39.6101885022018,732174.959590404,881419.097500138,1613594.05709054,293.953342504632,291.805841401008,295.140048788293
43450,39.6193068697207,732387.798123093,881209.028081796,1613596.82620489,293.8832843361,292.131982493714,294.805916160744
43460,39.6284252372396,738425.441894874,875178.163515823,1613603.6054107,291.871990500525,292.938281417868,290.917903230212
43470,39.6375436047585,740305.42276617,873303.534813922,1613608.95758009,291.246801672144,295.944292204357,287.872435649275
43480,39.6466619722774,731727.579929685,881876.249791635,1613603.82972132,294.105802831961,300.374244300819,289.681753683695
43490,39.6557803397963,720080.762178474,893516.46221539,1613597.22439386,297.987814645786,303.372608415172,294.14962895399
43500,39.6648987073152,715018.691814175,898579.763374233,1613598.45518841,299.676426004413,302.473722504909,297.561831315746
43510,39.6740170748341,716107.812069685,897491.953638453,1613599.76570814,299.313641366834,299.22217785767,299.125189005139
43520,39.683135442353,720740.1527486,892860.42766379,1613600.58041239,297.769027068131,295.584466130536,298.977260170637
43530,39.6922538098719,726737.768724572,886864.704367322,1613602.47309189,295.769452848865,292.173915673893,297.920003088139
43540,39.7013721773908,731271.205399162,882330.643752631,1613601.84915179,294.257343255838,289.297289324109,297.318831424277
43550,39.7104905449096,734484.447578886,879117.27839205,1613601.72597094,293.18568564017,287.865522962125,296.488139354168
43560,39.7196089124285,736874.597067568,876726.697991514,1613601.29505908,292.388426877277,288.710736321171,294.59656355895
43570,39.7287272799474,738554.326909545,875048.870763835,1613603.19767338,291.828871356957,291.749542419728,291.638566588978
43580,39.7378456474663,737468.62482407,876133.67352112,1613602.29834519,292.190653166957,296.157851448434,289.302362101667
43590,39.7469640149852,734920.516854724,878677.719676988,1613598.23653171,293.039092772049,299.032549558629,288.799255670351
43600,39.7560823825041,735388.678586841,878212.086805445,1613600.76539229,292.883804170567,297.860437229238,289.321978961311
43610,39.765200750023,735922.083360653,877679.978050772,1613602.06141142,292.706345856519,294.958313407752,290.961112200816
43620,39.7743191175419,734750.489409558,878849.282007622,1613599.77141718,293.096308823619,292.956356145696,292.945363684881
43630,39.7834374850608,733798.258303958,879804.82710209,1613603.08540605,293.414983192293,291.949124201324,294.147710033612
43640,39.7925558525797,729313.060078945,884291.015945745,1613604.07602469,294.911127545688,293.654493562648,295.503124261428
43650,39.8016742200986,720170.240098139,893431.52597683,1613601.76607497,297.959488403145,298.925974297296,297.06686490004
43660,39.8107925876175,710562.511624273,903035.291534404,1613597.80315868,301.16234501731,304.864915531178,298.442996053884
43670,39.8199109551364,707463.179711583,906131.610339388,1613594.79005097,302.194967596928,306.728990084842,298.920456798654
43680,39.8290293226553,714767.86414318,898832.820046618,1613600.6841898,299.760820425752,303.024111052828,297.335492657348
43690,39.8381476901742,724992.405301631,888613.467293481,1613605.87259511,296.352665430542,297.117899483811,295.595548840505
43700,39.8472660576931,730484.449625309,883121.228483601,1613605.67810891,294.521003329532,292.782569620573,295.434524966064
43710,39.856384425212,730870.192273727,882733.322418196,1613603.51469192,294.391636624377,290.249446434673,296.907770386992
43720,39.8655027927309,729551.341952175,884050.208648707,1613601.55060088,294.830818292048,288.387436170051,298.880714024804
43730,39.8746211602497,730278.111626081,883322.130339467,1613600.24196555,294.588004115213,287.248886493331,299.23525919304
43740,39.8837395277686,735354.049733967,878247.288350077,1613601.33808404,292.895543888637,286.471109286394,296.934420670223
43750,39.8928578952875,743122.520242678,870481.880507199,1613604.40074988,290.305779725596,285.775308247316,293.084172561345
43760,39.9019762628064,749040.480184039,864564.981939518,1613605.46212356,288.332493559953,285.600010231962,289.913872033979
43770,39.9110946303253,750863.43615875,862741.958161077,1613605.39431983,287.724514977848,285.944110033614,288.671681178188
43780,39.9202129978442,748704.896581562,864899.912389367,1613604.80897093,288.444192892902,286.986304365759,289.17574841692
43790,39.9293313653631,744219.696419947,869382.106490582,1613601.80291053,289.93900499936,287.935892054216,291.032797791959
43800,39.938449732882,741931.470358162,871668.007330582,1613599.47768874,290.701353120087,286.34190031598,293.365403861892
43810,39.9475681004009,744582.950135042,869019.248814233,1613602.19894928,289.817991934045,282.162053671877,294.680435782211
43820,39.9566864679198,748255.825463339,865348.864726181,1613604.69018952,288.593918534661,278.463436864376,295.107078049406
43830,39.9658048354387,748666.035870755,864938.609400182,1613604.64527094,288.457098349235,277.193373875253,295.725867083267
43840,39.9749232029576,745076.039448773,868528.357467481,1613604.39691625,289.654279628975,278.371265260981,296.934910641279
43850,39.9840415704765,737692.911975516,875912.050482312,1613604.96245783,292.116741865036,282.661789197689,298.176613025048
43860,39.9931599379954,726630.591674441,886972.276897853,1613602.86857229,295.805328296766,290.532248156403,299.07421061676
43870,40.0022783055143,716352.506295715,897245.343277904,1613597.84957362,299.23139679103,299.436096638517,298.845570728713
43880,40.0113966730332,714703.004441819,898894.056101886,1613597.06054371,299.78124265529,305.082458426742,295.997281105441
43890,40.0205150405521,723296.60859661,890304.750130339,1613601.35872695,296.916708397645,305.18116616668,291.159639294623
43900,40.0296334080709,735408.888664216,878197.594144041,1613606.48280826,292.87897086678,301.120974905349,287.14023569868
43910,40.0387517755898,742707.62533779,870899.421402078,1613607.04673987,290.44502964885,296.362255381735,286.258174968887
43920,40.0478701431087,742659.696188924,870945.865168068,1613605.56135699,290.46051864868,293.564344329108,288.149251096189
43930,40.0569885106276,736733.859542953,876869.812920697,1613603.67246365,292.436155718092,292.615317233549,292.073017911356
43940,40.0661068781465,727596.219421364,886006.132087413,1613602.35150878,295.483118921932,292.002726564629,297.557144561032
43950,40.0752252456654,717812.011497063,895788.501355223,1613600.51285229,298.745539888352,292.745080649391,302.496891431086
43960,40.0843436131843,710925.716018811,902671.069802215,1613596.78582103,301.040877039258,295.042076263411,304.789210158956
43970,40.0934619807032,711975.867149475,901620.186064838,1613596.05321431,300.690407225225,295.481814305332,303.912227165799
43980,40.1025803482221,721047.285901149,892552.76504513,1613600.05094628,297.666421559156,292.429745232978,300.909483758642
43990,40.111698715741,731979.411143691,881622.100612505,1613601.5117562,294.021044059532,289.987263711878,296.46521342125
44000,40.1208170832599,740983.407622547,872618.473161799,1613601.88078435,291.018333554043,291.191920622465,290.6600935638
44010,40.1299354507788,745823.036509678,867781.419471028,1613604.45598071,289.405175744882,295.266351872086,285.256554013624
44020,40.1390538182977,742916.102073559,870688.12980372,1613604.23187728,290.374563883182,301.382279706593,282.794107864338
44030,40.1481721858166,734013.715627203,879584.129894286,1613597.84552149,293.341380655089,307.383140185875,283.735756484019
44040,40.1572905533355,728663.69942622,884933.598171628,1613597.29759785,295.125428771595,309.498937190588,285.297151968289
44050,40.1664089208544,729506.569841838,884096.069767902,1613602.63960974,294.846112979124,305.61763868081,287.419390750516
44060,40.1755272883733,730505.933574213,883097.304851897,1613603.23842611,294.513024796364,297.8628024014,292.034412205676
44070,40.1846456558922,730539.438613858,883060.123253365,1613599.56186722,294.500624730153,290.079620773657,297.202543513876
44080,40.193764023411,733603.29086513,879996.661476769,1613599.9523419,293.478959972243,284.926032130219,298.936346066948
44090,40.2028823909299,739279.32749757,874322.435436375,1613601.76293394,291.586605114682,283.607565664443,296.66297591058
44100,40.2120007584488,744620.6019301,868983.663305095,1613604.26523519,289.80612416378,285.20335269639,292.633133371904
44110,40.2211191259677,745433.40276696,868173.365671769,1613606.76843873,289.535889835508,287.852990232891,290.416542995721
44120,40.2302374934866,738795.371182318,874808.232511544,1613603.60369386,291.748618479754,290.569822717523,292.291358472508
44130,40.2393558610055,729139.328945331,884460.317251856,1613599.64619719,294.967589545391,293.062240528217,295.992015898887
44140,40.2484742285244,722103.888380403,891495.519881735,1613599.40826214,297.313830209016,296.189806239852,297.815417996619
44150,40.2575925960433,719167.189527503,894430.775831807,1613597.96535931,298.292738313092,299.829147739642,297.019888080132
44160,40.2667109635622,722139.597575961,891458.661484389,1613598.25906035,297.301537930428,300.67367420842,294.805695796825
44170,40.2758293310811,730256.355623467,883345.574342671,1613601.92996614,294.595822692236,297.493006430768,292.418870347638
44180,40.2849476986,738190.914512044,875413.178170686,1613604.09268273,291.950367907516,293.416684041818,290.729531844726
44190,40.2940660661189,742534.636698746,871067.396431122,1613602.03312987,290.501049335042,290.786201985626,290.068863360206
44200,40.3031844336378,745016.218973495,868585.675403749,1613601.89437724,289.673395165499,288.580822019559,290.160382766821
44210,40.3123028011567,745045.869303391,868559.658227199,1613605.52753059,289.664718434951,286.528469458194,291.514163820758
44220,40.3214211686756,738987.168556148,874615.159071827,1613602.32762797,291.684228471511,286.879849549772,294.644077562277
44230,40.3305395361945,731753.64529993,881844.530464808,1613598.17576474,294.095224433819,289.198343029599,297.114732682938
44240,40.3396579037134,730039.276689352,883560.651168823,1613599.92785817,294.66755083169,291.156242730676,296.762866606673
44250,40.3487762712323,732581.474358102,881022.289293338,1613603.76365144,293.82100693458,292.629473867221,294.370511473706
44260,40.3578946387511,733875.867082299,879730.145637677,1613606.01271998,293.390076917684,295.596723479502,291.67448747904
44270,40.36701300627,730338.2909347,883265.476728968,1613603.76766367,294.569110131388,300.588940789688,290.310415434078
44280,40.3761313737889,724232.833167659,889368.028943999,1613600.86211166,296.604311803902,305.263401636761,290.584414988827
44290,40.3852497413078,719654.392702121,893943.556154469,1613597.94885659,298.130250510078,307.031989154406,291.947316205101
44300,40.3943681088267,721168.430600896,892427.399157485,1613595.82975838,297.624612025174,304.160954403493,293.019029929608
44310,40.4034864763456,730918.324421923,882682.467309242,1613600.79173117,294.374676441301,296.802574628581,292.510765419415
44320,40.4126048438645,742290.317532539,871314.065920741,1613604.38345328,290.583313630396,288.471295395714,291.749173025491
44330,40.4217232113834,749586.981537971,864017.312119801,1613604.29365777,288.149845629415,283.383697142997,291.087153082336
44340,40.4308415789023,752433.56812956,861169.911301154,1613603.47943071,287.200237218994,283.033855580214,289.738491447165
44350,40.4399599464212,752509.720331186,861092.218240152,1613601.93857134,287.174326576672,285.433375416534,288.095648744617
44360,40.4490783139401,752165.611759243,861436.5295681,1613602.14132734,287.28915443325,287.241172401963,287.081734825414
44370,40.458196681459,751084.572060128,862519.946101742,1613604.51816187,287.650473937549,287.411298814331,287.570215291413
44380,40.4673150489779,746823.452641655,866779.6886197,1613603.14126136,289.071098422445,287.836968189053,289.652959329354
44390,40.4764334164968,741292.749857459,872308.369170099,1613601.11902756,290.914913846957,289.860547676183,291.375395532601
44400,40.4855517840157,737799.808388516,875800.463541691,1613600.27193021,292.079527611036,293.420668395576,290.942034148332
44410,40.4946701515346,737520.285128904,876081.203183888,1613601.48831279,292.173154305115,297.220393198627,288.56485074752
44420,40.5037885190535,738310.039883413,875293.793209519,1613603.83309293,291.910553013013,299.496854373588,286.609759978453
44430,40.5129068865724,736809.833962082,876793.690750892,1613603.52471297,292.410768968115,299.546354589252,287.41003624655
44440,40.5220252540912,732648.214022951,880955.615393227,1613603.82941618,293.798771183334,298.095896179561,290.68918887653
44450,40.5311436216101,726084.970763385,887518.069057195,1613603.03982058,295.987350027412,297.473344853318,294.750030685119
44460,40.540261989129,719593.227995321,894006.613486084,1613599.8414814,298.151280135429,299.206552104011,297.199306089595
44470,40.5493803566479,718686.574645891,894911.617447057,1613598.19209295,298.453099031868,301.575528993442,296.122768141626
44480,40.5584987241668,725655.773470431,887946.508135605,1613602.28160604,296.130234495783,302.062463960201,291.928639657424
44490,40.5676170916857,734877.643766586,878727.270854573,1613604.91462116,293.055618093905,300.680480152956,287.728163706125
44500,40.5767354592046,741365.33961802,872239.630616877,1613604.9702349,290.891989533726,297.793007515157,286.04890088816
44510,40.5858538267235,743330.163473281,870275.938491515,1613606.1019648,290.237098046195,294.388020702337,287.227952027062
44520,40.5949721942424,739164.818800257,874439.097687151,1613603.91648741,291.625511985043,293.391640445683,290.205071751296
44530,40.6040905617613,731648.879046872,881951.402687106,1613600.28173398,294.130866328866,295.30251871794,293.104655680877
44540,40.6132089292802,726233.998717948,887364.035516469,1613598.03423442,295.935979828737,297.403426654186,294.711068628581
44550,40.6223272967991,726150.733855526,887449.35036516,1613600.08422069,295.964432337889,297.472941760344,294.712122362637
44560,40.631445664318,729139.231365261,884462.354495792,1613601.58586105,294.968268966414,296.947326101129,293.403090652466
44570,40.6405640318369,732902.728155473,880699.092336478,1613601.82049195,293.71322072252,297.879638802596,290.690847651868
44580,40.6496823993558,736963.895741719,876637.776515253,1613601.67225697,292.35877155753,300.709102074322,286.548252236705
44590,40.6588007668747,741087.176387442,872515.384348947,1613602.56073639,290.983953426362,304.129938875788,281.977476498889
44600,40.6679191343936,743762.011495375,869841.50683719,1613603.51833256,290.092215053257,306.539648674264,278.885515793375
44610,40.6770375019125,743055.790134765,870548.449828079,1613604.23996284,290.32798059966,306.510692810081,279.297565808879
44620,40.6861558694313,738128.231887723,875474.031735402,1613602.26362312,291.970662576422,304.045921722944,283.677180926594
44630,40.6952742369502,731698.357749219,881901.615112101,1613599.97286132,294.114262168451,300.539027515962,289.585990051637
44640,40.7043926044691,726832.319424346,886768.812878332,1613601.13230268,295.737473029292,296.899541416447,294.716312876996
44650,40.713510971988,722371.375184061,891230.792219249,1613602.16740331,297.225543511506,293.534281211787,299.438697091725
44660,40.7226293395069,717224.244558297,896376.022967677,1613600.26752597,298.94147839509,291.502917614091,303.651401017093
44670,40.7317477070258,714046.119338555,899552.152728106,1613598.27206666,300.000717935003,292.040233982259,305.057706638552
44680,40.7408660745447,715780.380729969,897817.596015568,1613597.97674554,299.422243126753,295.40980443039,301.847683721724
44690,40.7499844420636,722986.771284377,890611.360344717,1613598.13162909,297.018962929704,299.736392235937,294.959827589775
44700,40.7591028095825,734207.341964218,879394.124434076,1613601.46639829,293.278013818268,302.10147647553,287.151307035243
44710,40.7682211771014,743942.630955513,869662.182594508,1613604.81355002,290.032410403371,302.751066422548,281.311612715249
44720,40.7773395446203,746932.652547253,866672.422123934,1613605.07467119,289.035325037163,302.058590034125,280.112285601658
44730,40.7864579121392,743207.167181658,870395.02555065,1613602.19273231,290.276813590345,298.798509736999,284.353785481251
44740,40.7955762796581,737848.487824516,875750.683258542,1613599.17108306,292.062925882455,293.556423808013,290.823874827181
44750,40.804694647177,736114.07989264,877485.506170176,1613599.58606282,292.641489468126,288.518192117897,295.146486460388
44760,40.8138130146959,738280.312188432,875322.115266886,1613602.42745532,291.919998421506,285.272038161533,296.108705262803
44770,40.8229313822148,740636.060375595,872968.812355732,1613604.87273133,291.135171704429,284.17504706865,295.532642151863
44780,40.8320497497337,740285.939807733,873317.314175857,1613603.25398359,291.251397090498,284.690383950506,295.382696352915
44790,40.8411681172526,739284.926169842,874316.675419566,1613601.60158941,291.584684148596,285.050858290695,295.697580817073
44800,40.8502864847714,740134.949630276,873466.687355839,1613601.63698612,291.301213058476,284.88203151713,295.33791640849
44810,40.8594048522903,742955.326113547,870647.126363474,1613602.45247702,290.360889232441,286.108714071903,292.953705265105
44820,40.8685232198092,746128.203610442,867476.245252248,1613604.44886269,289.303400117475,289.068330768539,289.219026850002
44830,40.8776415873281,746700.632995097,866903.721887496,1613604.35488259,289.112463527596,293.042707078837,286.251374107162
44840,40.886759954847,744609.633616671,868992.060483465,1613601.69410014,289.808924623467,297.265721238177,284.59621944314
44850,40.8958783223659,743301.786106555,870298.503835996,1613600.28994255,290.24462359046,299.386136702167,283.90841099633
44860,40.9049966898848,744344.607034059,869258.295875226,1613602.90290928,289.897714148816,298.699200397114,283.788475221494
44870,40.9141150574037,743455.299668165,870150.02245389,1613605.32212206,290.195105037149,297.645373382444,284.986430219422
44880,40.9232334249226,737700.481263714,875900.017268218,1613600.49853193,292.112728787133,297.507305355276,288.272917134382
44890,40.9323517924415,732851.762628062,880747.226595694,1613598.98922376,293.729273501982,296.386582513421,291.712959766438
44900,40.9414701599604,731687.061183984,881913.609017968,1613600.67020195,294.118262137058,295.088585793807,293.226281147444
44910,40.9505885274793,731785.703050558,881818.01563985,1613603.71869041,294.086381737485,295.486323049601,292.908015544627
44920,40.9597068949982,728816.783562486,884787.458384002,1613604.24194649,295.076691140237,298.475393386398,292.56499240018
44930,40.9688252625171,721852.597358225,891748.414526916,1613601.01188514,297.398170594269,303.491228951145,293.088299880856
44940,40.977943630036,715692.560273591,897904.803900055,1613597.36417365,299.4513269635,307.874376973324,293.586417517814
44950,40.9870619975549,715342.580532336,898256.202634632,1613598.78316697,299.56851847078,308.622949091797,293.282590958043
44960,40.9961803650738,719612.531420345,893987.922829832,1613600.45425018,298.145046800011,305.357830985865,293.088069803773
44970,41.0052987325926,725617.935368443,887983.696330037,1613601.63169848,296.142636761726,299.235160294826,293.834168875691
44980,41.0144171001115,731312.302218409,882288.632941858,1613600.93516027,294.243332646943,292.287757860253,295.301846394198
44990,41.0235354676304,737140.361874814,876460.01398282,1613600.37585763,292.299487738142,286.368228093348,296.010077928223
45000,41.0326538351493,743207.934410217,870395.067772166,1613603.00218238,290.276827671224,282.055566497121,295.515771097567
45010,41.0417722026682,745827.091307904,867777.88988181,1613604.98118971,289.403998626583,280.772132792105,294.917405850713
45020,41.0508905701871,742082.865362385,871520.835511938,1613603.70087432,290.652271306299,283.999030661668,294.845554843298
45030,41.060008937706,733956.956089163,879642.731641194,1613599.68773036,293.360924342569,291.141325070478,294.596189753678
45040,41.0691273052249,727338.758281571,886258.163725763,1613596.92200733,295.567171494335,299.299293050697,292.832784480515
45050,41.0782456727438,726879.740922456,886716.383960933,1613596.12488339,295.719987980968,304.839476684001,289.393895522295
45060,41.0873640402627,733039.279165554,880561.109281779,1613600.38844733,293.667203362274,306.202398223263,285.065684118813
45070,41.0964824077816,739370.426932845,874233.186893499,1613603.61382634,291.556840718192,304.868792024924,282.439242479772
45080,41.1056007753005,740396.954055813,873205.033089246,1613601.98714506,291.213951338751,302.348720913152,283.548093329702
45090,41.1147191428194,736544.712948431,877057.236166309,1613601.94911474,292.49866138613,299.198947885822,287.78805483518
45100,41.1238375103383,728220.739274956,885379.285755689,1613600.02503065,295.274065618039,297.704327732988,293.40782915339
45110,41.1329558778572,718411.734958919,895186.319293821,1613598.05425274,298.544712120667,298.997128063522,297.994314231997
45120,41.1420742453761,711098.506104438,902499.704551703,1613598.21065614,300.983726713925,300.521374090741,301.041142023786
45130,41.151192612895,707807.213556719,905791.390347931,1613598.60390465,302.081504201411,300.969133120165,302.571350335407
45140,41.1603109804139,709415.094102121,904183.33643956,1613598.43054168,301.545218088898,300.795531791666,301.793721271978
45150,41.1694293479327,716074.664397263,897527.655219136,1613602.3196164,299.325547846969,299.854976947702,298.723157156607
45160,41.1785477154516,722964.05641869,890640.191980335,1613604.24839902,297.028578282586,298.462758945253,295.824934025575
45170,41.1876660829705,727612.490855203,885987.640945169,1613600.13180037,295.476952124452,296.876411990057,294.297748087278
45180,41.1967844504894,734749.807622527,878848.443081631,1613598.25070416,293.096029041731,294.667164917201,291.804358433884
45190,41.2059028180083,746097.559168735,867505.158937678,1613602.71810641,289.313042833976,291.891931195877,287.35268972368
45200,41.2150211855272,755570.161803017,858034.944847433,1613605.10665045,286.1547256453,290.316801099718,283.141546404319
45210,41.2241395530461,759346.846674099,854257.14098631,1613603.98766041,284.894827742641,290.910797426567,280.646768930239
45220,41.233257920565,758527.896582177,855075.35606522,1613603.2526474,285.167702539676,292.932121056694,279.753783776213
45230,41.2423762880839,754428.722567689,859173.839936819,1613602.56250451,286.534547252566,295.430588646667,280.365074200454
45240,41.2514946556028,748190.081790073,865411.261061575,1613601.34285165,288.614727717717,297.556249744754,282.413200759927
45250,41.2606130231217,742069.596474917,871531.127946454,1613600.72442137,290.655703834069,298.479527853531,285.197608067898
45260,41.2697313906406,736623.335770248,876982.628347036,1613605.96411728,292.473779672181,298.40527383295,288.275722081943
45270,41.2788497581595,726063.912603211,887541.897438839,1613605.81004205,295.995296794677,299.617625603615,293.33374817472
45280,41.2879681256784,711976.800065627,901618.886855666,1613595.68692129,300.689973938858,301.379159643166,299.97994182437
45290,41.2970864931973,707441.897265501,906151.176535411,1613593.07380091,302.201492924933,299.917824763353,303.47210378855
45300,41.3062048607162,716120.414937571,897478.51276245,1613598.92770002,299.309158833567,296.247953645821,301.100537993035
45310,41.3153232282351,729264.760914731,884338.372315601,1613603.13323033,294.926920898983,294.865144587808,294.72233267235
45320,41.324441595754,739371.472799325,874231.317828153,1613602.79062748,291.556217384743,297.039562591758,287.657690398912
45330,41.3335599632728,745127.869597508,868475.219001358,1613603.08859887,289.636557946093,298.998830569479,283.153679065546
45340,41.3426783307917,745779.276582688,867824.426054243,1613603.70263693,289.41951844397,298.274116952544,283.275269839551
45350,41.3517966983106,741158.605584262,872442.980235244,1613601.58581951,290.959806648406,296.617772844747,286.945362678638
45360,41.3609150658295,734742.997316129,878856.839991539,1613599.83730767,293.098829411886,296.731700246041,290.432666497939
45370,41.3700334333484,729952.137693125,883647.244917197,1613599.38261032,294.696429853993,298.351955011877,292.013832723858
45380,41.3791518008673,728050.355773433,885549.57362559,1613599.92939902,295.330856636849,298.809613068565,292.765576635173
45390,41.3882701683862,728290.694545397,885309.833233135,1613600.52777853,295.250903195976,297.081718922824,293.784316958749
45400,41.3973885359051,730038.13277589,883560.97722953,1613599.11000542,294.667659572963,294.327160338871,294.649102679382
45410,41.406506903424,734273.98318742,879327.529366549,1613601.51255397,293.255804357695,291.3825566207,294.260256345394
45420,41.4156252709429,738042.910969554,875559.626399977,1613602.53736953,291.999208404194,289.691917264479,293.294069823669
45430,41.4247436384618,739257.917224286,874344.853047835,1613602.77027212,291.594081389973,290.013674812566,292.404690707086
45440,41.4338620059807,736671.301967346,876933.519854588,1613604.82182193,292.457401985855,292.297026435754,292.320604517602
45450,41.4429803734996,728526.463271643,885075.812708315,1613602.27597996,295.172857331437,296.075778012537,294.324932829595
45460,41.4520987410185,718989.676456766,894608.755163711,1613598.43162048,298.352094435121,298.815026712207,297.794846171703
45470,41.4612171085374,714676.71631137,898918.4777838,1613595.19409517,299.789387288244,298.604984014287,300.329164981476
45480,41.4703354760563,720248.873011884,893347.109634388,1613595.98264627,297.931335545902,295.155920420231,299.533336183394
45490,41.4794538435752,733671.088375732,879929.996063179,1613601.08443891,293.456727051252,290.166421778908,295.405716626937
45500,41.4885722110941,746708.741477345,866894.688442637,1613603.42991998,289.109450872982,286.640720440394,290.514346618979
45510,41.4976905786129,754020.011000876,859584.300766738,1613604.31176761,286.671435973566,285.164054379518,287.437464172953
45520,41.5068089461318,752993.535179005,860612.431101235,1613605.96628024,287.014317525841,285.233587649,287.962292179131
45530,41.5159273136507,742545.610511875,871055.945926283,1613601.55643816,290.497230590723,286.836024063525,292.695953916697
45540,41.5250456811696,729936.992319577,883658.736507476,1613595.72882705,294.700262300309,287.97986306479,298.934944905405
45550,41.5341640486885,723956.312299001,889639.295919062,1613595.60821806,296.694779362702,287.506054255578,302.573350451316
45560,41.5432824162074,725870.09305177,887727.036808993,1613597.12986076,296.057040790059,286.485992901886,302.191025181516
45570,41.5524007837263,733133.594373565,880466.062988403,1613599.65736197,293.635505415509,286.854081323122,297.911758555922
45580,41.5615191512452,741167.292073062,872437.419525583,1613604.71159865,290.95795215127,289.345560086334,291.790415234434
45590,41.5706375187641,743277.486663436,870328.027670683,1613605.51433412,290.25446979179,293.115323161492,288.105355487162
45600,41.579755886283,738904.768818421,874696.671046599,1613601.43986502,291.711412721894,295.372536858321,289.027570453674
45610,41.5888742538019,734719.09686393,878878.345037761,1613597.44190169,293.106001346594,293.613708335042,292.52327501984
45620,41.5979926213208,737178.419515702,876419.173698325,1613597.59321403,292.285867499858,289.27867345574,294.04709197302
45630,41.6071109888397,745680.985062693,867922.59914208,1613603.58420477,289.452259176948,286.609499755558,291.106221908561
45640,41.6162293563586,751463.760865976,862143.46697261,1613607.22783859,287.524918116595,288.446621322093,286.670845214498
45650,41.6253477238775,748320.587481433,865285.687433436,1613606.27491487,288.572848902263,293.145768723449,285.283758314055
45660,41.6344660913964,737302.522682006,876299.952394308,1613602.47507631,292.246107185029,297.028473331038,288.814324665035
45670,41.6435844589153,724874.605327023,888722.418073634,1613597.02340066,296.389000524807,298.28478881799,294.878150828915
45680,41.6527028264342,719318.352798704,894278.05719748,1613596.40999618,298.241806635811,297.294273532729,298.624960532337
45690,41.661821193953,722137.737258054,891462.089426626,1613599.82668468,297.30268114945,296.040692493078,297.896254686074
45700,41.6709395614719,728655.780385323,884945.99195055,1613601.77233587,295.129562097899,296.077059171314,294.25195608054
45710,41.6800579289908,735097.608484042,878505.088066265,1613602.69655031,292.981520115479,297.088141292578,289.999621397318
45720,41.6891762965097,739270.028845478,874333.410851743,1613603.43969722,291.590265416623,298.963881169386,286.431529693601
45730,41.6982946640286,739784.776451769,873818.262958013,1613603.03940978,291.418463551113,301.163782347014,284.67873563422
45740,41.7074130315475,737061.821078487,876540.68424086,1613602.50531935,292.326391275925,301.478554437857,285.981343841906
45750,41.7165313990664,732154.937167805,881447.374096998,1613602.3112648,293.962772752042,299.744220272949,289.863505427479
45760,41.7256497665853,726332.355838082,887267.894980535,1613600.25081862,295.903916951988,298.240939986415,294.099314998241
45770,41.7347681341042,722591.547102031,891007.82772012,1613599.37482215,297.151184832456,297.159912054628,296.897740696982
45780,41.7438865016231,722399.192313195,891200.54421442,1613599.73652761,297.215455799373,295.517847105282,298.099515382267
45790,41.753004869142,725398.151034032,888201.380095306,1613599.53112934,296.215234315593,293.24831183626,297.946336606551
45800,41.7621232366609,731611.167078128,881988.572703064,1613599.73978119,294.143262532288,290.807697039332,296.121853475482
45810,41.7712416041798,739987.502581116,873614.791764741,1613602.29434586,291.350605891193,288.937583664411,292.716495204138
45820,41.7803599716987,746097.487867503,867508.092259624,1613605.58012713,289.31402109709,288.247694628594,289.78381039184
45830,41.7894783392176,745141.22814675,868463.064548904,1613604.29269565,289.632504435186,288.970467389405,289.832502045342
45840,41.7985967067365,739054.301589187,874545.346002391,1613599.64759158,291.660945807034,289.81853597354,292.64616824119
45850,41.8077150742554,733932.450796099,879667.792842723,1613600.24363882,293.369282255369,289.610233450921,295.630840389788
45860,41.8168334417742,730700.253753321,882898.813058633,1613599.06681195,294.446827766761,290.026385540129,297.14841689471
45870,41.8259518092931,730887.456414454,882711.631973894,1613599.08838835,294.384402859394,291.839132939104,295.835929137204
45880,41.835070176812,734078.014649717,879524.726151165,1613602.74080088,293.321569501806,294.46667021058,292.313734388039
45890,41.8441885443309,735478.159816367,878125.095382528,1613603.2551989,292.854792523771,297.752455738326,289.345638053631
45900,41.8533069118498,734168.285179825,879431.898311639,1613600.18349146,293.290611409584,301.0400235847,287.879927783331
45910,41.8624252793687,734095.801306086,879503.097084226,1613598.89839031,293.314356206178,302.095905441877,287.215561418875
45920,41.8715436468876,736691.2669362,876911.06435962,1613602.33129582,292.449913076411,299.47324274269,287.523985037996
45930,41.8806620144065,737587.491543813,876016.316826913,1613603.80837073,292.151514699654,295.100709056335,289.94192553295
45940,41.8897803819254,735275.868454588,878323.699901255,1613599.56835584,292.921027147325,291.628457595135,293.538639326162
45950,41.8988987494443,735157.846283202,878441.269215797,1613599.115499,292.960236523527,289.402758292558,295.087755147073
45960,41.9080171169632,737967.046859004,875637.753930839,1613604.80078984,292.025263942251,288.551210488142,294.097945191705
45970,41.9171354844821,736433.634217794,877174.178961604,1613607.8131794,292.537661818111,289.83379223805,294.096460153303
45980,41.926253852001,727311.240861275,886291.052178569,1613602.29303984,295.578139796088,292.638736343043,297.291426981622
45990,41.9353722195199,718771.718812451,894824.698180971,1613596.41699342,298.424111449382,294.637344016819,300.69993631155
46000,41.9444905870388,719632.078496722,893964.71072635,1613596.78922307,298.137305561564,293.723094361471,300.831665273659
46010,41.9536089545577,729371.004323811,884231.014123578,1613602.01844739,294.891116932993,290.149361759062,297.806544451502
46020,41.9627273220766,739616.164723263,873990.760886272,1613606.92560954,291.47599162457,286.422799184123,294.60188992518
46030,41.9718456895955,743151.434445755,870452.568979529,1613604.00342528,290.296004328674,285.614375773716,293.17517669504
46040,41.9809640571143,742886.947893136,870714.240204677,1613601.18809781,290.383271704078,287.829913175275,291.843524663526
46050,41.9900824246332,742642.356242977,870961.0676017,1613603.42384468,290.465588661564,291.432532117722,289.578905033575
46060,41.9992007921521,740194.346158744,873410.729348542,1613605.07550729,291.282551058377,295.849389113274,287.995256895897
46070,42.008319159671,733501.065138206,880102.891076817,1613603.95621502,293.514387552715,300.256389019349,288.775124585332
46080,42.0174375271899,724440.097753471,889160.325957108,1613600.42371058,296.535042840456,302.847563220246,292.079583384895
46090,42.0265558947088,717927.82148792,895671.03733787,1613598.85882579,298.706365628771,301.929849742661,296.308454248154
46100,42.0356742622277,716094.954371576,897505.659241011,1613600.61361259,299.31821218643,298.465006656843,299.637584029333
46110,42.0447926297466,717108.909909863,896491.533678079,1613600.44358794,298.98000122664,296.149786749282,300.617660877189
46120,42.0539109972655,720400.887444981,893201.601194303,1613602.48863928,297.882808469002,297.322877794993,298.007859911284
46130,42.0630293647844,723276.554196878,890327.472171729,1613604.02636861,296.924286200343,300.992752353219,293.964538526592
46140,42.0721477323033,723909.051602817,889692.562318742,1613601.61392156,296.712543711437,304.103782253845,291.537790896738
46150,42.0812660998222,725510.912469876,888088.115201112,1613599.02767099,296.177460463936,304.547770046314,290.350439525297
46160,42.0903844673411,731700.745901067,881898.653235334,1613599.3991364,294.113274382302,302.094728287703,288.547210716717
46170,42.09950283486,741552.67382387,872050.793819732,1613603.4676436,290.829012446134,297.545132114636,286.109241823426
46180,42.1086212023789,749063.922871294,864541.628748638,1613605.55161993,288.324705268847,293.354306580975,284.731367139704
46190,42.1177395698978,750922.410356179,862681.869957658,1613604.28031384,287.704475556998,291.505694007348,284.930576193802
46200,42.1268579374167,748456.473829348,865147.949641183,1613604.42347053,288.526913337063,291.664019725671,286.195069983544
46210,42.1359763049356,742221.667842875,871382.00247907,1613603.67032194,290.605970478262,292.623407862454,289.018840580069
46220,42.1450946724544,734099.036899793,879501.939471759,1613600.97637155,293.313970142324,293.253404068394,293.109919216493
46230,42.1542130399733,728738.660643273,884859.178772247,1613597.83941552,295.100609895697,292.737186409003,296.43030837858
46240,42.1633314074922,730833.789366321,882766.664770447,1613600.45413677,294.402756301633,290.680558104118,296.638886136393
46250,42.1724497750111,737074.717746535,876531.973188842,1613606.69093538,292.32348613935,288.28549050342,294.771880324854
46260,42.18156814253,739118.164425696,874488.822375841,1613606.98680154,291.642095172867,287.513367141665,294.151545447691
46270,42.1906865100489,735253.608294591,878351.316845902,1613604.92514049,292.930237400668,288.704777308506,295.503102264275
46280,42.1998048775678,728026.306973343,885575.762840166,1613602.06981351,295.339590742093,292.147477268093,297.22155006581
46290,42.2089232450867,721922.531726038,891676.011132606,1613598.54285864,297.37402405623,296.579303267751,297.656026228501
46300,42.2180416126056,721552.605366206,892047.839493055,1613600.44485926,297.498028845441,299.536922332023,295.890851497016
46310,42.2271599801245,725155.218098359,888447.482214828,1613602.70031319,296.297309392973,299.931483989552,293.627611904092
46320,42.2362783476434,730218.882518404,883383.271792363,1613602.15431077,294.608394794852,297.422960878308,292.486510410219
46330,42.2453967151623,736850.699243493,876753.433057006,1613604.1323005,292.397343023847,292.665657132182,291.974802499105
46340,42.2545150826812,742589.532179701,871014.265731103,1613603.7979108,290.483330242155,287.629163919949,292.144038348424
46350,42.2636334502001,746615.404376466,866987.556886783,1613602.96126325,289.140422506848,283.795517003295,292.462742490461
46360,42.272751817719,748352.985529813,865252.084591221,1613605.07012103,288.561642351583,282.834894714173,292.139006074562
46370,42.2818701852379,745049.248427209,868553.950301863,1613603.19872907,289.662814841375,286.051112273372,291.829230874342
46380,42.2909885527568,739132.476620853,874468.595056413,1613601.07167727,291.635349360151,290.613159588444,292.073779750157
46390,42.3001069202757,734057.194629769,879544.362616844,1613601.55724661,293.328118264747,292.589747218177,293.575925530571
46400,42.3092252877945,729620.900622049,883981.337232695,1613602.23785474,294.807849669066,292.320012293318,296.220734711507
46410,42.3183436553134,724877.348203333,888724.157379504,1613601.50558284,296.38958058346,292.888618224431,298.476564172325
46420,42.3274620228323,720921.902536721,892676.126107808,1613598.02864453,297.707562483845,294.98483090306,299.274627235632
46430,42.3365803903512,722746.655507424,890848.160296401,1613594.81580382,297.097935733334,295.798008564291,297.716972232919
46440,42.3456987578701,733234.577846821,880367.056166441,1613601.63401326,293.60248663213,293.206993320772,293.621480100843
46450,42.354817125389,743330.244076865,870274.657625513,1613604.90170238,290.236670877276,290.968910789595,289.506647043333
46460,42.3639354929079,747857.503879463,865743.204812302,1613600.70869177,288.725430986261,292.16702965879,286.19042734542
46470,42.3730538604268,750739.421111553,862863.784054216,1613603.20516577,287.765143923367,294.821006867865,282.8214310071
46480,42.3821722279457,749459.536611647,864145.862028584,1613605.39864023,288.192717034712,297.848941313611,281.515073584584
46490,42.3912905954646,741661.606930878,871940.644661618,1613602.2515925,290.792277692719,300.414281841938,284.135281361828
46500,42.4004089629835,731646.608113284,881954.056558862,1613600.66467215,294.131751395318,301.575991259784,288.923815026177
46510,42.4095273305024,723155.508861573,890443.068953155,1613598.57781473,296.962837736587,303.348806916472,292.45805591855
46520,42.4186456980213,720442.736896735,893153.776059967,1613596.5129567,297.866858782714,304.744194973698,293.033745606405
46530,42.4277640655402,726593.081085404,887007.807101192,1613600.8881866,295.817177622542,301.409693017816,291.842319711007
46540,42.4368824330591,735982.805945759,877624.055836351,1613606.86178211,292.687695793347,294.843341618109,291.006692163678
46550,42.446000800578,740781.451862723,872823.946268073,1613605.3981308,291.086858852117,290.675196531092,291.118728017089
46560,42.4551191680969,741675.822811041,871928.121270658,1613603.9440817,290.78810114079,290.261744026807,290.896682465827
46570,42.4642375356158,740311.574966739,873293.735051711,1613605.31001845,291.243533450629,292.738061710121,290.004478333092
46580,42.4733559031346,735554.944168843,878048.618837943,1613603.56300679,292.829287589776,297.118262962151,289.725946268534
46590,42.4824742706535,730126.013414521,883473.772830923,1613599.78624544,294.638576898757,301.071523605259,290.104413613673
46600,42.4915926381724,729058.957083134,884541.036899607,1613599.99398274,294.994509554646,302.921114351812,289.464277598573
46610,42.5007110056913,731981.339854163,881621.316089231,1613602.65594339,294.020782420954,303.250830599818,287.622399649694
46620,42.5098293732102,735196.197688051,878405.072489196,1613601.27017725,292.948164912188,303.410257383967,285.729313126909
46630,42.5189477407291,739394.118939041,874206.492314678,1613600.61125372,291.54793807393,302.424153375066,284.054171258111
46640,42.528066108248,744934.968459324,868667.784676385,1613602.75313571,289.700778614769,298.394616547132,283.663469344348
46650,42.5371844757669,748894.190891845,864708.949636242,1613603.14052809,288.380506798813,292.470725838686,285.413377016565
46660,42.5463028432858,750640.01530302,862962.598511497,1613602.61381452,287.798098553109,287.349523227796,287.85731702119
46670,42.5554212108047,750313.446006496,863292.407612934,1613605.85361943,287.908089915936,285.119354663968,289.527323342318
46680,42.5645395783236,744751.983725782,868852.68544662,1613604.6691724,289.762443037059,286.559628198372,291.656184226986
46690,42.5736579458425,735732.138541947,877870.653264997,1613602.79180694,292.769936056361,290.158942407912,294.266623541945
46700,42.5827763133614,727036.35737311,886564.791013682,1613601.14838679,295.669431720421,293.82131055788,296.655121302347
46710,42.5918946808803,722630.262529472,890966.984554789,1613597.24708426,297.137563633413,295.838256725382,297.756153602405
46720,42.6010130483992,727354.589227155,886244.774596468,1613599.36382362,295.562706218599,295.248644385361,295.525778518908
46730,42.6101314159181,737221.404266668,876385.925247956,1613607.32951462,292.274779138888,294.239114885438,290.721659658572
46740,42.619249783437,740291.21144022,873319.092385574,1613610.30382579,291.251990123586,296.72685614804,287.359369448847
46750,42.6283681509559,731461.829690082,882143.851925086,1613605.68161517,294.195048165778,302.557120848298,288.37517050396
46760,42.6374865184747,717268.077172933,896330.755884193,1613598.83305713,298.926381818974,307.732726157931,292.80638027482
46770,42.6466048859936,708656.695941718,904936.859402412,1613593.55534413,301.796518059834,308.896537225151,296.811674851239
46780,42.6557232535125,712940.607455096,900655.996498379,1613596.60395347,300.368849924422,304.380844978085,297.443879180376
46790,42.6648416210314,725367.966465202,888235.811934856,1613603.77840006,296.226717336954,297.143811759724,295.368465457326
46800,42.6739599885503,734956.981613127,878649.031525911,1613606.01313904,293.029525271273,292.373702493555,293.222549185358
46810,42.6830783560692,737758.418443953,875844.960615039,1613603.37905899,292.094367388707,292.023969879495,291.897887088693
46820,42.6921967235881,737064.558954105,876538.372877662,1613602.93183177,292.325620436105,295.540196677063,289.938964925104
46830,42.701315091107,735263.815513499,878337.06710593,1613600.88261943,292.925485111199,301.118766766213,287.219192770264
46840,42.7104334586259,735812.186755156,877788.181540364,1613600.36829552,292.742431729319,305.373129487928,284.078014530473
46850,42.7195518261448,739536.890327898,874067.495161137,1613604.38548903,291.501582511635,306.215142669485,281.449624420975
46860,42.7286701936637,741394.010299225,872212.16110807,1613606.17140729,290.882828450248,303.596020574336,282.164964677148
46870,42.7377885611826,739408.915186901,874193.367305831,1613602.28249273,291.543560882385,297.63226488589,287.241471912647
46880,42.7469069287015,738384.451375664,875217.488779565,1613601.94015523,291.885105479261,289.295747639545,293.368106451174
46890,42.7560252962204,739157.039379053,874448.207120686,1613605.24649974,291.628549981886,281.982133753563,297.816470342449
46900,42.7651436637393,737867.684013403,875737.338176284,1613605.02218969,292.05847529641,279.769540947333,300.007716133047
46910,42.7742620312582,735138.033048414,878462.681279684,1613600.7143281,292.967377448619,281.310520931436,300.494475645533
46920,42.7833803987771,736735.552146501,876864.066847384,1613599.61899389,292.434239402163,282.135468230003,299.056391650768
46930,42.7924987662959,743565.570147289,870039.176928419,1613604.74707571,290.158138045162,280.950350204,296.054864824233
46940,42.8016171338148,748488.292467867,865119.442230339,1613607.73469821,288.517406113169,279.932277148734,294.000394251031
46950,42.8107355013337,746757.452208086,866848.3687825,1613605.82099059,289.094003262465,281.816596779711,293.704695914916
46960,42.8198538688526,740663.910070471,872939.396882042,1613603.30695251,291.125361641501,286.439772567512,294.006483222793
46970,42.8289722363715,734374.489867183,879227.802836704,1613602.29270389,293.222545551677,291.008010216119,294.454550320757
46980,42.8380906038904,730455.76434293,883146.849317173,1613602.6136601,294.529547879664,294.420098561755,294.357072801704
46990,42.8472089714093,729498.780747149,884104.057544307,1613602.83829146,294.848776903221,296.983861607814,293.179679786072
47000,42.8563273389282,731439.725618189,882162.915333695,1613602.64095188,294.201405814139,298.783980782395,290.901187997123
47010,42.8654457064471,735812.741105501,877792.000942944,1613604.74204845,292.743705500398,299.828619716174,287.77647626863
47020,42.874564073966,739145.482056643,874460.913549195,1613606.39560584,291.632787576854,301.131698082447,285.057153250144
47030,42.8836824414849,738842.603973231,874760.745811881,1613603.34978511,291.732781661458,303.216273696118,283.834009653633
47040,42.8928008090038,737960.299188262,875640.931911906,1613601.23110017,292.026323799202,304.314549131374,283.590818307919
47050,42.9019191765227,738855.852419662,874746.288269917,1613602.14068958,291.727960070007,302.579762375734,284.250318566131
47060,42.9110375440416,739922.546552488,873681.142522173,1613603.68907466,291.372733874328,298.019760646112,286.698572081576
47070,42.9201559115605,738497.345417492,875107.852404457,1613605.19782195,291.848541739022,293.577985250617,290.452372279842
47080,42.9292742790794,733245.193641211,880357.829668419,1613603.02330963,293.59940959427,292.691585318259,293.959959603616
47090,42.9383926465983,727820.091957283,885780.199407825,1613600.29136511,295.407770354452,294.715480953762,295.623123479616
47100,42.9475110141172,726615.851481829,886984.735777463,1613600.58725929,295.809483334155,297.385770755778,294.512117150294
47110,42.956629381636,729550.918763688,884051.457170912,1613602.3759346,294.831234674308,299.362601583392,291.564630706023
47120,42.9657477491549,733429.999854065,880174.493538271,1613604.49339234,293.53826697958,300.825111726516,288.435755259141
47130,42.9748661166738,734743.892643659,878859.747525667,1613603.64016933,293.09979907476,302.843547028025,286.359717273353
47140,42.9839844841927,733483.756434146,880119.239300525,1613602.99573467,293.519839686685,304.896847345273,285.690568047887
47150,42.9931028517116,730247.478140076,883354.998581457,1613602.47672153,294.598965676657,305.862192193325,286.844648860815
47160,43.0022212192305,726403.467743782,887196.134262032,1613599.60200581,295.879984746384,304.770253125371,289.706572506437
47170,43.0113395867494,726061.581554916,887537.664061172,1613599.24561609,295.993884962872,300.681404069229,292.622210654498
47180,43.0204579542683,730391.377439206,883209.444157622,1613600.82159683,294.550423264173,294.333931677487,294.449292302576
47190,43.0295763217872,737195.609123368,876407.148068851,1613602.75719222,292.281856951426,287.818424516068,295.013910360872
47200,43.0386946893061,742926.250338329,870679.463302441,1613605.71364077,290.371673604283,283.682967550509,294.588834578794
47210,43.047813056825,743291.925853153,870313.813691905,1613605.73954506,290.249729428683,284.382545525869,293.919310589368
47220,43.0569314243439,737801.152102484,875803.460290515,1613604.612393,292.080527027018,289.531661485909,293.536370281901
47230,43.0660497918628,728245.293730809,885358.650646121,1613603.94437693,295.267183807277,296.650255103365,294.099080290047
47240,43.0751681593817,716726.433112853,896873.17936,1613599.61247285,299.10728009338,303.680607084951,295.809139365589
47250,43.0842865269006,709941.108007803,903654.382978145,1613595.49098595,301.368812065414,308.589913189881,296.303603972383
47260,43.0934048944195,714370.312793581,899225.713013013,1613596.02580659,299.891850262802,308.611321322573,293.828959681069
47270,43.1025232619384,729159.267065406,884441.582342181,1613600.84940759,294.961341451453,303.155576583726,289.25271691206
47280,43.1116416294573,746322.749563124,867283.240098398,1613605.98966152,289.239032882574,295.451577334025,284.856304054205
47290,43.1207599969761,757308.71788398,856298.77372118,1613607.49160516,285.575712429942,288.740734715782,283.227717812356
47300,43.129878364495,758732.306194153,854874.251625211,1613606.55781936,285.100634192166,283.570020348451,285.883459559482
47310,43.1389967320139,752091.054953545,861510.911606216,1613601.96655976,287.313960849163,279.842696478115,292.055375462488
47320,43.1481150995328,743823.053197097,869775.608870648,1613598.66206774,290.070238075921,277.824331216066,297.992450784093
47330,43.1572334670517,739077.356732187,874521.235005477,1613598.59173766,291.652904787553,277.746618628721,300.680718139451
47340,43.1663518345706,738212.86595548,875388.402340363,1613601.26829584,291.942105166037,278.774244522252,300.477393840923
47350,43.1754702020895,737763.160226119,875840.086121184,1613603.2463473,292.0927417446,280.573079676398,299.529105838615
47360,43.1845885696084,735351.406918419,878250.612133536,1613602.01905196,292.896652370697,283.318056309354,299.038302534617
47370,43.1937069371273,732460.139121307,881141.992007649,1613602.13112896,293.860927799783,287.161839037052,298.082102868437
47380,43.2028253046462,729303.156362212,884299.993079895,1613603.14944211,294.914121420675,291.79456084999,296.74806669995
47390,43.2119436721651,725119.035992959,888483.206924262,1613602.24291722,296.309223586547,296.206828080845,296.130562904026
47400,43.221062039684,721669.985240026,891930.388065156,1613600.37330518,297.458858784444,298.739865741719,296.35697176394
47410,43.2301804072029,722168.704731851,891430.993626076,1613599.69835793,297.292310697374,297.827829736644,296.687554412279
47420,43.2392987747218,727820.841431004,885780.816854493,1613601.6582855,295.407976272968,293.678217486993,296.31497548339
47430,43.2484171422407,735747.096051118,877857.236629561,1613604.33268068,292.765461607324,287.62977463706,295.945281702827
47440,43.2575355097596,741754.756098614,871850.143243981,1613604.89934259,290.762095462391,281.41854381972,296.74882814462
47450,43.2666538772785,743851.990233178,869752.745638449,1613604.73587163,290.062613186076,277.079022144808,298.4766217026
47460,43.2757722447974,741944.739582975,871657.530775479,1613602.27035845,290.697859188087,276.221078040407,300.106798403885
47470,43.2848906123162,738851.513337282,874749.425493462,1613600.93883074,291.729006334321,278.634709608132,300.215429979835
47480,43.2940089798351,736318.253998796,877283.377062773,1613601.63106157,292.574079393955,282.581157947057,298.992215292391
47490,43.303127347354,734203.121348431,879395.732576767,1613598.8539252,293.278550133989,285.754614294212,298.05010856873
47500,43.3122457148729,735836.568659154,877761.727580057,1613598.29623921,292.733609331351,285.854925925079,297.075453594424
47510,43.3213640823918,741303.149133426,872300.903071985,1613604.05220541,290.912423902613,284.534189716049,294.922153007071
47520,43.3304824499107,743063.739356517,870542.744841082,1613606.4841976,290.32607798602,286.802960960344,292.432884271482
47530,43.3396008174296,737547.859530995,876054.928190472,1613602.78772147,292.16439159262,292.389112402409,291.771107393102
47540,43.3487191849485,729504.654621891,884094.249769653,1613598.90439154,294.845506009556,296.938483828922,293.20448287497
47550,43.3578375524674,723772.471046705,889827.798703252,1613600.26974996,296.757645056946,299.557527196857,294.643758926124
47560,43.3669559199863,718835.756439539,894766.684687179,1613602.44112672,298.404763944365,301.974303952504,295.776399968986
47570,43.3760742875052,712473.442717978,901126.885618258,1613600.32833624,300.525891485162,304.254510885559,297.789706975326
47580,43.3851926550241,708512.797127234,905083.198899545,1613595.99602678,301.845322294329,305.327822626473,299.272117637654
47590,43.394311022543,713085.585276782,900511.012821868,1613596.59809865,300.320497856217,303.883526921307,297.694878064611
47600,43.4034293900619,725022.019285133,888579.191609025,1613601.21089416,296.341234486918,300.068706010448,293.609302442492
47610,43.4125477575808,736725.727246051,876879.126987255,1613604.85423331,292.439261960065,295.182899595409,290.366470818202
47620,43.4216661250997,741659.13266127,871945.63010728,1613604.76276855,290.793940339263,290.304927445538,290.877620651463
47630,43.4307844926186,739816.773118116,873782.951789411,1613599.72490753,291.40668727344,286.109082411044,294.695584942312
47640,43.4399028601375,737900.718079972,875697.140220194,1613597.85830017,292.045069274702,282.373709664901,298.24927145684
47650,43.4490212276563,739297.66363742,874301.969900317,1613599.63353774,291.579779856701,279.558560964566,299.350942634909
47660,43.4581395951752,742409.659809912,871190.607259882,1613600.26706979,290.542140156706,278.733792482674,298.172253489263
47670,43.4672579626941,745725.038227076,867877.022206687,1613602.06043376,289.437059265195,280.454240857888,295.184407320679
47680,43.476376330213,745876.742575303,867728.637824698,1613605.3804,289.38757306143,285.292618338018,291.876386566152
47690,43.4854946977319,738307.011928504,875297.146101755,1613604.15803026,291.911671202853,292.942671239027,290.981078119403
47700,43.4946130652508,725125.278680599,888474.053532269,1613599.33221287,296.306170929555,300.506207618953,293.259224660848
47710,43.5037314327697,713895.183300647,899701.933892342,1613597.11719299,300.050669965764,305.591344386738,296.106844793475
47720,43.5128498002886,709485.410132505,904110.362285182,1613595.77241769,301.520881202328,307.779006000503,297.097530602544
47730,43.5219681678075,714190.603108679,899405.189932393,1613595.79304107,299.951705830379,305.282182133362,296.148095206866
47740,43.5310865353264,726678.30544017,886922.578610546,1613600.88405072,295.788753913805,297.604754347283,294.331596329892
47750,43.5402049028453,738844.169347683,874761.033531674,1613605.20287936,291.732877616033,287.741566982794,294.150640640179
47760,43.5493232703642,744169.807875873,869433.737372407,1613603.54524828,289.956223902754,279.296431797807,296.821121786131
47770,43.5584416378831,743878.136182166,869724.812780289,1613602.94896245,290.053297575551,275.302339291176,299.64555868382
47780,43.567560005402,739672.752998938,873927.630489426,1613600.38348836,291.454937631958,276.850308061555,300.948478230867
47790,43.5766783729209,735393.651582302,878205.329760478,1613598.98134278,292.881550695507,281.213332169549,300.416295087233
47800,43.5857967404398,733537.913236342,880061.186942466,1613599.10017881,293.500479220432,285.831044011627,298.368852293619
47810,43.5949151079587,734169.800779109,879429.265195718,1613599.06597483,293.289733265205,288.91359494868,295.962750698501
47820,43.6040334754776,736044.404246682,877558.575137959,1613602.97938464,292.665857974974,288.736719606103,295.04139533924
47830,43.6131518429964,734547.56784582,879054.729683714,1613602.29752953,293.164825640725,287.332374102024,296.808822645159
47840,43.6222702105153,730323.672319507,883277.18739453,1613600.85971404,294.57301563933,287.196086392294,299.245490957654
47850,43.6313885780342,726092.276912794,887506.700710256,1613598.97762305,295.98355868276,288.229323892848,300.906395577131
47860,43.6405069455531,725114.730821593,888482.217132354,1613596.94795395,296.308893490863,288.0090487568,301.595199235663
47870,43.649625313072,729463.579033993,884136.27783871,1613599.8568727,294.85952237409,284.995173993397,301.190038359241
47880,43.6587436805909,734933.510790475,878669.145655694,1613602.65644617,293.036233335232,281.289579346447,300.623139133309
47890,43.6678620481098,736847.804390133,876755.632715746,1613603.43710588,292.39807661022,281.148946501785,299.653831618668
47900,43.6769804156287,733635.948903934,879967.52164861,1613603.47055254,293.469241837122,286.479532037271,297.884490668824
47910,43.6860987831476,726126.719073239,887474.271977854,1613600.99105109,295.9727436978,294.864484358024,296.46493930457
47920,43.6952171506665,718479.936445616,895118.786581945,1613598.72302756,298.522189955626,301.77936494496,296.101971471108
47930,43.7043355181854,714947.198538237,898650.46527998,1613597.66381822,299.700005095875,304.329975457907,296.363608183605
47940,43.7134538857043,717541.925024818,896057.433871925,1613599.35889674,298.835228905094,302.42915991267,296.190245542622
47950,43.7225722532232,724108.739556832,889493.397296678,1613602.13685351,296.646122159973,298.595904141996,295.09906240349
47960,43.7316906207421,731137.853544777,882463.569606372,1613601.42315115,294.301674039144,295.238964586107,293.43156227947
47970,43.740808988261,738667.463645953,874934.678178437,1613602.14182439,291.790788120206,292.453972713969,291.105506067596
47980,43.7499273557799,745039.52369161,868565.983825526,1613605.50751714,289.66682802252,290.594405454281,288.80705404466
47990,43.7590457232988,745731.777512934,867873.837721618,1613605.61523455,289.435997239159,292.072227604305,287.437313664695
48000,43.7681640908176,740984.883338797,872616.508860656,1613601.39219945,291.017678459448,296.530974880259,287.099632780191
48010,43.7772824583365,736736.751682068,876863.112723318,1613599.86440539,292.433921201707,299.735947764547,287.322208558812
48020,43.7864008258554,735780.744494516,877820.399628199,1613601.14412272,292.753176464299,299.844110765386,287.781925949853
48030,43.7955191933743,736720.110293205,876881.836571677,1613601.94686488,292.440165606696,298.043631426555,288.460821588785
48040,43.8046375608932,737936.476444211,875666.102612402,1613602.57905661,292.034718229915,295.539804989194,289.454631458538
48050,43.8137559284121,738514.848002355,875087.044315823,1613601.89231818,291.841602239728,292.740499622591,290.999135982618
48060,43.822874295931,738676.586130401,874927.319937673,1613603.90606807,291.788334146297,289.25138681367,293.236475422927
48070,43.8319926634499,736296.720538974,877306.495105688,1613603.21564466,292.581789263194,285.566262726548,297.014988796572
48080,43.8411110309688,732886.571776078,880712.109731836,1613598.68150791,293.717562024958,282.158351628322,301.17893765436
48090,43.8502293984877,734017.789461867,879581.213823655,1613599.00328552,293.340408145291,278.679716714186,302.869752092574
48100,43.8593477660066,739342.360901859,874260.11156374,1613602.4724656,291.565820097962,276.169555760771,301.587024806008
48110,43.8684661335255,743474.832582269,870130.903174014,1613605.73575628,290.188728755716,275.746864839361,299.574814092656
48120,43.8775845010444,742024.111058846,871580.369135714,1613604.48019456,290.672125774792,278.235678934506,298.720863563503
48130,43.8867028685633,736602.844953313,876999.598172445,1613602.44312576,292.47943911037,283.020949194044,298.541366188663
48140,43.8958212360822,730779.685674751,882820.454295583,1613600.13997033,294.420695112751,287.803293641353,298.586945514422
48150,43.9049396036011,728344.602468099,885253.278297297,1613597.8807654,295.232042120159,290.357257588436,298.235871772874
48160,43.91405797112,731723.672329532,881877.153485648,1613600.82581518,294.10610421399,290.581339394628,296.210859006719
48170,43.9231763386389,736628.521722679,876975.885897677,1613604.40762036,292.471531064758,291.198717681701,293.076347044242
48180,43.9322947061577,737624.776650794,875979.778977403,1613604.5556282,292.139329323796,293.62589291783,290.904837486672
48190,43.9414130736766,733610.189173745,879992.858570391,1613603.04774414,293.477691702648,295.898138877217,291.61949550985
48200,43.9505314411955,727798.310952576,885797.854069621,1613596.1650222,295.413658185633,295.71043890315,294.969626325467
48210,43.9596498087144,729096.683648796,884499.308172367,1613595.99182116,294.980593020633,290.900842079395,297.454609820607
48220,43.9687681762333,737927.351430326,875675.965988556,1613603.31741888,292.038007666685,282.879994950036,297.899984471396
48230,43.9778865437522,744151.872416851,869455.202054574,1613607.07447143,289.963382376046,277.615332120508,297.953779727758
48240,43.9870049112711,742146.676620742,871456.271536189,1613602.94815693,290.630739215004,279.322980731801,297.927052587793
48250,43.99612327879,736621.566051707,876979.490484072,1613601.05653578,292.472733194621,286.102754126986,296.475658628716
48260,44.0052416463089,731275.402033238,882324.998149562,1613600.4001828,294.255460446744,293.274430467133,294.664267549446
48270,44.0143600138278,728358.199959961,885241.341875274,1613599.54183523,295.228061322419,296.516847963838,294.122846843704
48280,44.0234783813467,729619.897416767,883981.409647592,1613601.30706436,294.80787381944,294.806464019572,294.563140457836
48290,44.0325967488656,733202.310698292,880400.562207549,1613602.87290584,293.613660899633,291.720202697952,294.63128831667
48300,44.0417151163845,736600.968997022,877003.196129668,1613604.16512669,292.480639029404,291.787571797999,292.698949984483
48310,44.0508334839034,737843.794186346,875760.498988257,1613604.2931746,292.066199429134,296.033351959607,289.17804257596
48320,44.0599518514223,736873.182267227,876728.839264967,1613602.02153219,292.389140992152,301.408231135553,286.132756612392
48330,44.0690702189412,736711.814491627,876888.083149101,1613599.89764073,292.442248840787,303.099894038881,285.093450168024
48340,44.0781885864601,739586.609424942,874015.234551176,1613601.84397612,291.484153593856,298.444925613103,286.60073545303
48350,44.087306953979,742777.176290701,870825.194110859,1613602.37040156,290.42027484104,289.889867653476,290.53186273705
48360,44.0964253214978,744573.149438585,869029.106500097,1613602.25593868,289.821279473102,282.003770238342,294.79143456338
48370,44.1055436890167,744112.045749202,869491.973102139,1613604.01885134,289.975645523475,278.361929849876,297.476476267938
48380,44.1146620565356,739231.950453924,874370.710745917,1613602.66119984,291.602704934439,279.964526702015,299.11848816861
48390,44.1237804240545,731918.147872225,881681.287950961,1613599.43582319,294.040783041841,284.828568035671,299.937225726753
48400,44.1328987915734,726563.912105516,887035.607285928,1613599.51939144,295.826448986469,290.789079672016,298.938173155283
48410,44.1420171590923,723719.095002391,889882.274472589,1613601.36947498,296.775812730562,296.902801260726,296.443840533177
48420,44.1511355266112,721309.999976711,892292.818371677,1613602.81834839,297.579729321887,301.372293530327,294.803370075158
48430,44.1602538941301,717932.536279188,895669.689992009,1613602.2262712,298.705916288814,303.120340782215,295.51404502964
48440,44.169372261649,715013.997005824,898586.857841645,1613600.85484747,299.678792009887,302.437113196497,297.590178892139
48450,44.1784906291679,715421.400932954,898177.889573302,1613599.29050626,299.542401058296,299.610945723305,299.247085947409
48460,44.1876089966868,721320.874965153,892279.872853696,1613600.74781885,297.575411990561,294.217779686217,299.565854016797
48470,44.1967273642057,730536.74880273,883066.836941774,1613603.5857445,294.502863745798,287.244565221108,299.096310375802
48480,44.2058457317246,738636.781164725,874967.130769841,1613603.91193457,291.801611062145,281.836122060017,298.202102387678
48490,44.2149640992435,744378.114754516,869224.689606985,1613602.8043615,289.886506455556,279.159251797423,296.796437472266
48500,44.2240824667624,748423.525232399,865179.960255978,1613603.48548838,288.537588879766,277.368048782997,295.743500953545
48510,44.2332008342813,749399.104664374,864205.197724342,1613604.30238872,288.212505494194,275.768829624982,296.26811231909
48520,44.2423192018002,746668.292474264,866933.083267698,1613601.37574196,289.122255550341,275.48558271046,297.97243556397
48530,44.2514375693191,744023.494989739,869576.914735462,1613600.4097252,290.00397356527,277.04346722975,298.402641144311
48540,44.2605559368379,743180.15276223,870421.722166714,1613601.87492894,290.285716914028,280.255907335292,296.73035186909
48550,44.2696743043568,742336.592959749,871265.520549153,1613602.1135089,290.567123744923,284.253602666112,294.533998527677
48560,44.2787926718757,741097.646938065,872503.23602567,1613600.88296373,290.979901959536,287.740474691503,292.897036886591
48570,44.2879110393946,740891.015605433,872709.94083416,1613600.95643959,291.048838030402,289.303502776088,291.969854168252
48580,44.2970294069135,741980.195036795,871621.659442305,1613601.8544791,290.685896095483,288.337354005645,292.009352575295
48590,44.3061477744324,743114.429572791,870489.870988089,1613604.30056088,290.308444551639,286.207972304831,292.800169012385
48600,44.3152661419513,741060.073154636,872546.514181204,1613606.58733584,290.994335228016,285.283500333197,294.559063211871
48610,44.3243845094702,733317.920448322,880287.218622803,1613605.13907112,293.57586080467,287.417515276201,297.436777939646
48620,44.3335028769891,722839.205863489,890761.124784942,1613600.33064843,297.068909383005,292.897319467018,299.602411902512
48630,44.342621244508,716670.614776293,896927.969276157,1613598.58405245,299.125552534986,299.187732014014,298.834828255188
48640,44.3517396120269,717688.713307917,895910.895377774,1613599.60868569,298.786358305077,302.998295431561,295.729411588834
48650,44.3608579795458,723885.03223322,889716.14801167,1613601.18024489,296.720409541994,301.699852105058,293.153514158666
48660,44.3699763470647,731934.251282566,881668.916083447,1613603.16736601,294.036657022994,296.623163269878,292.067288977552
48670,44.3790947145836,738274.379467307,875330.881887586,1613605.26135489,291.92292209024,292.032315275568,291.60672419828
48680,44.3882130821025,740692.831947983,872910.474511844,1613603.30645983,291.115716028629,289.97074734549,291.636432054032
48690,44.3973314496214,741347.052983703,872256.413893318,1613603.46687702,290.897586757818,288.934640135646,291.963803183636
48700,44.4064498171403,740381.99101898,873220.786368254,1613602.77738723,291.219205058614,288.21810037687,292.977258842228
48710,44.4155681846592,738815.197974174,874784.932458516,1613600.13043269,291.740847910127,288.118791778796,293.912434624424
48720,44.424686552178,739073.108377827,874530.593250243,1613603.70162807,291.656025762963,288.646295870807,293.419465669597
48730,44.4338049196969,737211.50106244,876393.494084452,1613604.99514689,292.27730334649,291.422082332563,292.603886269653
48740,44.4429232872158,731689.218275019,881911.759693837,1613600.97796886,294.117645387306,297.357317341135,291.71276604693
48750,44.4520416547347,728794.066833377,884801.326194303,1613595.39302768,295.081316056129,302.804444338236,289.686662771345
48760,44.4611600222536,735652.435897921,877946.474283516,1613598.91018144,292.795222372358,303.306953763976,285.54340542597
48770,44.4702783897725,747590.063460786,866015.551866675,1613605.61532746,288.816258751601,299.40663548042,281.515327383428
48780,44.4793967572914,754224.071735857,859384.80723697,1613608.87897283,286.604904864756,294.8132462786,280.893839834806
48790,44.4885151248103,750665.907977155,862938.523882617,1613604.43185977,287.79006966237,293.286731325229,283.885803495746
48800,44.4976334923292,742733.792524408,870865.785395798,1613599.57792021,290.433812037952,294.114667295209,287.737880356413
48810,44.5067518598481,738223.632290666,875374.133488756,1613597.76577942,291.937346502837,294.158910962807,290.213022407438
48820,44.515870227367,739617.954930751,873983.746506388,1613601.70143714,291.473652328294,292.0781822822,290.827737648749
48830,44.5249885948859,741388.965433525,872216.387381839,1613605.35281536,290.884237912903,290.450373336178,290.931077432459
48840,44.5341069624048,738457.564526356,875144.357310703,1613601.92183706,291.860716128298,291.822518337605,291.642964058654
48850,44.5432253299237,734461.791031849,879139.4757324,1613601.26676425,293.193088455028,294.830122468959,291.857404872028
48860,44.5523436974426,730869.102449246,882734.852427541,1613603.95487679,294.392146882621,298.325940219255,291.524291202464
48870,44.5614620649615,724641.535064282,888960.974059674,1613602.50912396,296.468558966041,302.820923420472,291.986592197283
48880,44.5705804324804,718213.184003638,895383.174506954,1613596.35851059,298.61036335066,307.136405840776,292.677493054457
48890,44.5796987999992,719920.144626806,893674.866359774,1613595.01098658,298.040642441145,307.560665497257,291.445593201702
48900,44.5888171675181,731703.712081087,881897.571910041,1613601.28399113,294.112913760227,302.532476296865,288.254777974336
48910,44.597935535037,744773.014983431,868834.616300004,1613607.63128344,289.756416975156,296.011390718647,285.344970798681
48920,44.6070539025559,749534.755583925,864075.039673215,1613609.79525714,288.169097773292,292.991449722635,284.714055558919
48930,44.6161722700748,742607.283341164,871000.75455031,1613608.03789147,290.478824262235,295.114895340982,287.14604452285
48940,44.6252906375937,728285.229429442,885314.645220892,1613599.87465033,295.252507994294,300.540457954946,291.481164263865
48950,44.6344090051126,718974.610164206,894620.51458942,1613595.12475363,298.356016204576,304.094365828499,294.281819775123
48960,44.6435273726315,721536.15827847,892064.19424452,1613600.35252299,297.503483156418,303.650359156355,293.157646253829
48970,44.6526457401504,728774.99243008,884831.450572519,1613606.4430026,295.091362538776,302.367376366875,289.994777184594
48980,44.6617641076693,731352.938949306,882252.467811003,1613605.40676031,294.231271572788,301.852823726222,288.905044077521
48990,44.6708824751882,728952.550185813,884649.879036042,1613602.42922186,295.030808416222,300.561584702481,291.097765218369
49000,44.6800008427071,725292.931131236,888307.130921583,1613600.06205282,296.250502224973,298.641255379441,294.409791370142
49010,44.689119210226,723824.300252238,889775.563163476,1613599.86341571,296.740224500075,296.77647340495,296.468775043075
49020,44.6982375777449,725012.412090301,888588.97114903,1613601.38323933,296.344495964325,295.107396250809,296.922275360034
49030,44.7073559452638,727683.388408809,885915.445842423,1613598.83425123,295.452875051667,293.377095249005,296.590517524231
49040,44.7164743127827,734351.423768992,879248.657586277,1613600.08135527,293.229500612399,290.228567065942,294.985765059525
49050,44.7255926803016,743020.11453229,870585.134123277,1613605.24865557,290.340214815166,286.395119382796,292.728328257734
49060,44.7347110478205,746449.420341847,867157.794459556,1613607.2148014,289.197196751561,284.678126072714,291.968912873499
49070,44.7438294153393,741381.55699939,872222.617129111,1613604.1741285,290.886315534138,286.77586675196,293.384209459312
49080,44.7529477828582,731766.264283872,881833.567575117,1613599.83185899,294.091568309194,290.479729346704,296.254384643929
49090,44.7620661503771,724312.963675602,889284.985352777,1613597.94902838,296.576616759305,292.161817553995,299.272669048879
49100,44.771184517896,722234.640948061,891365.688401972,1613600.32935003,297.27053139969,291.888291212817,300.610966081441
49110,44.7803028854149,723453.302077483,890146.387984062,1613599.69006154,296.863894608658,291.553093228772,300.157042283074
49120,44.7894212529338,727981.157641837,885619.73608798,1613600.89372982,295.354255823905,291.026490662897,297.99330405139
49130,44.7985396204527,733405.190231073,880198.605557222,1613603.7957883,293.546308339911,290.634761607708,295.242717571096
49140,44.8076579879716,735974.350796732,877627.087538221,1613601.43833495,292.688706866173,290.447439066307,293.938978143695
49150,44.8167763554905,738423.279164975,875175.628969007,1613598.90813398,291.87114522895,288.36742781025,293.96373088706
49160,44.8258947230094,743039.94207498,870564.023270977,1613603.96534596,290.333174344164,285.447212706032,293.348537790966
49170,44.8350130905283,742893.261998948,870714.929426788,1613608.19142574,290.383501559709,286.497784549716,292.731993315072
49180,44.8441314580472,733366.482502446,880234.911329139,1613601.39383159,293.558416317872,292.454993622878,294.049399434271
49190,44.8532498255661,723895.103593732,889701.070749149,1613596.17434288,296.715381273687,298.948984750035,294.979049471727
49200,44.862368193085,722932.404815558,890665.090198568,1613597.49501413,297.036881840443,302.268734218037,293.301449520513
49210,44.8714865606039,729152.879531913,884449.20862253,1613602.08815444,294.963884816585,301.690702739902,290.233536297026
49220,44.8806049281228,735090.449428101,878515.859092711,1613606.30852081,292.985112253697,300.41367857578,287.788580445431
49230,44.8897232956417,734907.529692517,878695.127701041,1613602.65739356,293.044898349522,301.145104867286,287.400556589055
49240,44.8988416631606,733092.786306159,880506.657337666,1613599.44364382,293.649043634373,301.777200166253,287.985565076758
49250,44.9079600306794,734356.985272235,879244.811426596,1613601.79669883,293.228217917824,299.230010848091,288.982665782714
49260,44.9170783981983,735998.963461586,877604.889039024,1613603.85250061,292.68130366484,294.67474090646,291.108444417374
49270,44.9261967657172,735115.969685829,878485.717712581,1613601.68739841,292.975060100911,291.70685261036,293.576385877862
49280,44.9353151332361,734323.517339133,879275.806586849,1613599.32392598,293.238554806353,291.302330143223,294.2850057861
49290,44.944433500755,736426.293682152,877175.347326112,1613601.64100826,292.538051467771,292.138595667021,292.560573625381
49300,44.9535518682739,739126.782901198,874474.567408408,1613601.35030961,291.637341140039,294.69195481088,289.357900908528
49310,44.9626702357928,742386.535413408,871215.047131791,1613601.5825452,290.550290856025,298.140922936437,285.247744226704
49320,44.9717886033117,745576.104139583,868028.887272765,1613604.99141235,289.487706277394,300.969274506486,281.592087702767
49330,44.9809069708306,744740.933449888,868863.230899425,1613604.16434931,289.765959946448,303.663471567786,280.2594805656
49340,44.9900253383495,740310.188090348,873292.281641627,1613602.46973197,291.243048738245,304.808908017692,281.95644001133
49350,44.9991437058684,734411.8499144,879190.686832676,1613602.53674708,293.210167361239,302.989897358834,286.44600555671
49360,45.0082620733873,727949.432251834,885650.820011703,1613600.25226354,295.364622315059,299.931553901866,292.073864071925
49370,45.0173804409062,724833.020841752,888764.016285601,1613597.03712735,296.402873531966,296.947243676556,295.79295770763
49380,45.0264988084251,730041.586472258,883554.85176352,1613596.43823578,294.665616729538,294.191443995505,294.736177204953
49390,45.035617175944,743867.694014122,869733.29216133,1613600.98617545,290.056125449835,291.703008450172,288.716490011735
49400,45.0447355434629,758529.479704628,855078.862242345,1613608.34194697,285.16887185004,290.206342124971,281.572917606878
49410,45.0538539109818,763430.992790041,850176.377755892,1613607.37054593,283.533892865063,290.617403623628,278.575274115299
49420,45.0629722785007,758953.882194917,854647.884175832,1613601.76637075,285.025140628925,291.579244747827,280.418216932466
49430,45.0720906460195,752662.015625924,860938.315701637,1613600.33132756,287.123000067246,291.461579310297,283.99134473849
49440,45.0812090135384,747283.679548286,866318.849890354,1613602.52943864,288.917408667785,291.270877566902,287.107664894484
49450,45.0903273810573,740785.59235249,872816.106105757,1613601.69845825,291.084244157331,292.608414981103,289.825560071352
49460,45.0994457485762,734107.008902485,879494.258078179,1613601.26698066,293.311408396925,294.424395890526,292.324990560859
49470,45.1085641160951,727705.306425738,885898.316711121,1613603.62313686,295.44716248495,295.74608568925,295.001674380012
49480,45.117682483614,719775.198327965,893826.731450268,1613601.92977823,298.091289461487,297.096662195098,298.50596489786
49490,45.1268008511329,713108.465473327,900492.424492691,1613600.88996602,300.314298646887,298.188789664399,301.481042719673
49500,45.1359192186518,710361.145533952,903239.481677633,1613600.62721158,301.230442447101,298.660290142372,302.692851948215
49510,45.1450375861707,712600.275253307,900999.79089157,1613600.06614488,300.483505383215,298.53142225043,301.534491217251
49520,45.1541559536896,720214.649439292,893386.227494098,1613600.87693339,297.944381355377,297.854962025264,297.755707257656
49530,45.1632743212085,731462.826418202,882140.407950164,1613603.23436837,294.193899599855,296.292486811074,292.549679876041
49540,45.1723926887274,741882.475865461,871724.64271639,1613607.11858185,290.720241025976,293.331224887565,288.737318250728
49550,45.1815110562463,745814.115267451,867792.136686739,1613606.25195419,289.408749937215,289.318801806472,289.227541399429
49560,45.1906294237652,744139.347025722,869462.890889861,1613602.23791558,289.965946603255,285.419053414616,292.755570440179
49570,45.1997477912841,741839.831142225,871763.683488546,1613603.51463077,290.733261126746,282.970212437192,295.666349202175
49580,45.208866158803,738070.966652752,875534.484627196,1613605.45127995,291.990823620876,283.871225534658,297.160563325338
49590,45.2179845263219,730985.134278154,882618.460719609,1613603.59499776,294.353330238322,288.733864399892,297.85434635541
49600,45.2271028938408,723341.466058922,890260.358465992,1613601.82452491,296.901903773884,295.497052805662,297.591052832887
49610,45.2362212613596,718425.922057007,895173.957276896,1613599.8793339,298.540589386992,301.290851787033,296.45829729581
49620,45.2453396288785,718946.088331252,894653.53210198,1613599.62043323,298.367027547767,303.287418357383,294.8381278184
49630,45.2544579963974,724427.622010651,889175.137847809,1613602.75985846,296.53998260724,300.096074692437,293.92213789827
49640,45.2635763639163,729912.414839362,883692.620234344,1613605.03507371,294.711562526044,293.8821873579,295.018886336035
49650,45.2726947314352,731701.421237594,881902.263497542,1613603.68473514,294.11447840505,289.242644299465,297.117272410103
49660,45.2818130989541,731536.12740358,882064.248717166,1613600.37612075,294.1685004893,288.223687319339,297.8865688522
49670,45.290931466473,734350.715239841,879247.695060269,1613598.41030011,293.229179609895,288.0706104825,296.423868045149
49680,45.3000498339919,742691.754979454,870908.695854717,1613600.45083417,290.448122679579,286.430006617287,292.884826618875
49690,45.3091682015108,753469.157299014,860133.813459049,1613602.97075806,286.854698502268,284.810007155261,287.978780484854
49700,45.3182865690297,761610.365354942,851996.18778813,1613606.55314307,284.140799662541,284.847618131624,283.432803350101
49710,45.3274049365486,761379.749644839,852228.36859708,1613608.11824192,284.218231981684,286.870720915552,282.21305749912
49720,45.3365233040675,751013.754351387,862590.418354768,1613604.17270616,287.673976439809,290.26721583923,285.705421859828
49730,45.3456416715864,736371.12453037,877228.67760942,1613599.80213979,292.555837121701,294.6248854894,290.9326750123
49740,45.3547600391053,724390.516167894,889207.347616711,1613597.8637846,296.550724567854,299.362972627893,294.428766924022
49750,45.3638784066242,718618.572267072,894978.999230706,1613597.57149778,298.475570862333,303.559046440015,294.837857501493
49760,45.3729967741431,719492.901200002,894106.62015946,1613599.52135946,298.184632369338,306.198864708482,292.593323616269
49770,45.382115141662,723896.163781003,889706.731337847,1613602.89511885,296.717269080489,305.902819548966,290.346304377271
49780,45.3912335091809,726957.459173451,886645.622709714,1613603.08188317,295.696389097787,302.716199693084,290.770101710007
49790,45.4003518766997,728118.568245016,885481.126112258,1613599.69435727,295.308029385445,299.033617189502,292.578214158254
49800,45.4094702442186,730891.032146989,882710.49639581,1613601.5285428,294.384024144009,296.438058231683,292.769348065441
49810,45.4185886117375,732594.440128009,881011.474700989,1613605.914829,293.81740026713,295.596005202713,292.386815809851
49820,45.4277069792564,728018.436754784,885586.261641983,1613604.69839677,295.343092093374,296.798805623953,294.12649716291
49830,45.4368253467753,720143.481100332,893454.946465877,1613598.42756621,297.967299138195,298.128865569758,297.611282101205
49840,45.4459437142942,718945.566684922,894649.580530119,1613595.14721504,298.365709698222,297.344460380469,298.797904485309
49850,45.4550620818131,729683.704648546,883915.732304563,1613599.43695311,294.785970420064,294.582296794317,294.676097861879
49860,45.464180449332,746464.628134901,867140.299672458,1613604.92780736,289.191362238605,291.908720093316,287.138797533599
49870,45.4732988168509,759816.690294307,853792.632232514,1613609.32252682,284.739914034522,289.639558478426,281.236201143557
49880,45.4824171843698,762536.526029619,851071.75406829,1613608.28009791,283.8325009399,287.232870123125,281.329061066968
49890,45.4915355518887,755756.756601592,857846.396937009,1613603.1535386,286.091844901454,285.188534615813,286.455641887796
49900,45.5006539194076,746278.12334471,867324.757631413,1613602.88097612,289.252878983296,284.164893308849,292.403825367108
49910,45.5097722869265,735873.90478531,877728.682013551,1613602.58679886,292.722588632166,285.988632809006,296.967957023747
49920,45.5188906544454,726632.618809762,886964.813988347,1613597.43279811,295.802839415824,290.43314432969,299.136133773732
49930,45.5280090219643,725520.40217041,888077.224901626,1613597.62707204,296.173828548149,293.80285786898,297.507664143805
49940,45.5371273894832,732811.546608732,880790.146280667,1613601.6928894,293.743587220499,294.768529915244,292.815505767986
49950,45.5462457570021,742519.858720803,871084.803114603,1613604.66183541,290.506854465434,293.857316634668,288.031123973889
49960,45.5553641245209,749237.381192928,864369.246905044,1613606.62809797,288.267215909636,292.087615243538,285.480060340444
49970,45.5644824920398,749070.44220197,864537.399877915,1613607.84207988,288.323294940108,291.714392858274,285.822293582214
49980,45.5736008595587,740686.855291577,872917.141458865,1613603.99675044,291.117939456016,293.981331950089,288.966412843756
49990,45.5827192270776,729355.472055478,884244.685729389,1613600.15778487,294.89567641467,296.95360354619,293.277978596645
50000,45.5918375945965,721127.137182337,892471.075151903,1613598.21233424,297.639177972954,298.763881160266,296.641343199768
