step,time,Epot,Ekin,Etot,T,T_CH3_K,T_CH2_K
100,0.0911800000000001,-385940.915884694,854288.901715614,468347.985830921,284.905419948512,294.837703830576,278.046476177179
200,0.18236,-415244.553066004,885451.323336537,470206.770270533,295.298090157257,312.672682597829,283.468946788412
300,0.273539999999999,-368681.735990976,840620.312669632,471938.576678656,280.346944362058,295.635119862117,269.921204908384
400,0.364720000000001,-391751.865549041,864985.212418548,473233.346869507,288.472640459746,299.759058553418,280.707967863582
500,0.455900000000003,-387983.222299914,862372.494041867,474389.271741953,287.601298663287,301.679926443041,277.975879061235
600,0.547080000000005,-414268.772166734,890171.296030263,475902.523863529,296.872201444143,309.062532134112,288.497920816293
700,0.638260000000007,-405431.628326032,882886.27417183,477454.645845797,294.442646046967,296.687395681133,292.700777419151
800,0.729440000000008,-413414.539768065,892434.242785311,479019.703017246,297.626894375625,295.958754279454,298.490965361092
900,0.82062000000001,-396277.088063701,876409.432015879,480132.343952179,292.28261864795,316.532266586066,275.872617840332
1000,0.911800000000012,-391933.931247547,871987.913653542,480053.982405995,290.808041905467,305.502264670161,280.76955336075
1100,1.00298000000001,-383792.91187957,864116.102194138,480323.190314569,288.182792127443,296.980171642872,282.077720123719
1200,1.09416,-378234.26823438,858958.334723266,480724.066488886,286.462676245878,301.733161792619,276.043633651181
1300,1.18533999999999,-406759.816041568,887454.159538932,480694.343497364,295.966036197743,313.287359484046,284.171848976711
1400,1.27651999999999,-415046.394533931,895857.304690028,480810.910156098,298.768485806246,309.804293227209,291.162307120766
1500,1.36769999999998,-397488.644598943,879032.334340891,481543.689741948,293.157356792026,292.683112886855,293.229221598148
1600,1.45887999999997,-386008.017032625,868230.786861781,482222.769829157,289.555039807164,294.499872001772,286.017189144252
1700,1.55005999999996,-385898.583681056,869028.270332424,483129.686651368,289.821000611114,292.897655625955,287.528379767376
1800,1.64123999999995,-384515.990963939,867821.625887072,483305.634923134,289.418584587985,294.679255661159,285.670288385379
1900,1.73241999999994,-375341.91764185,860266.465235608,484924.547593757,286.89893788081,287.609351037879,286.186246661196
2000,1.82359999999993,-393781.921938818,879359.525451966,485577.603513148,293.266475054849,298.356070916504,289.629022417867
2100,1.91477999999992,-372548.367857741,858277.217292921,485728.84943518,286.23552352607,295.247467099015,279.989031541167
2200,2.00595999999991,-373997.636833739,860200.771514486,486203.134680747,286.877029019338,299.871794093121,277.974788112634
2300,2.0971399999999,-381931.503736404,868337.730256241,486406.226519837,289.590705438133,299.555920907371,282.705902870776
2400,2.18831999999989,-377785.391870171,864453.878490741,486668.48662057,288.295440550522,305.596652510288,276.521053043552
2500,2.27949999999988,-369669.606821548,858068.486622736,488398.879801188,286.16591183016,291.765079871206,282.194661542938
2600,2.37067999999987,-376280.985556,864992.801659251,488711.816103251,288.475171472153,306.860892028751,275.977628458194
2700,2.46185999999987,-390149.964021463,878546.503355394,488396.539333931,292.995332117857,304.45841191711,285.10911614159
2800,2.55303999999986,-397803.45394462,886121.17768207,488317.72373745,295.521486637342,309.1868260788,286.164992437506
2900,2.64421999999985,-384652.50598318,873194.699343134,488542.193359954,291.210505033561,300.866895173125,284.530236186325
3000,2.73539999999984,-371051.273358541,860865.103947122,489813.830588581,287.098583941011,284.68289358079,288.469795361208
3100,2.82657999999983,-396430.2478483,886106.392376355,489676.144528055,295.516555736653,294.53148480044,295.927005897681
3200,2.91775999999982,-373767.530036841,863635.68027351,489868.150236669,288.022571376858,295.436715510525,282.839789811601
3300,3.00893999999981,-398409.903889643,887666.785575345,489256.881685702,296.036946998614,309.102771133323,287.079700119643
3400,3.1001199999998,-372576.645961391,861185.398027683,488608.752066292,287.205402043583,293.4682328161,282.790843693534
3500,3.19129999999979,-370974.95671434,860262.158842811,489287.202128471,286.897501698453,298.119878299599,279.176836046274
3600,3.28247999999978,-369418.423471305,859622.333153224,490203.909681919,286.68411977763,296.881657539029,279.646857836884
3700,3.37365999999977,-402795.76674518,892839.960465312,490044.193720132,297.762201255732,307.353507485943,291.119861934543
3800,3.46483999999976,-385927.353872314,876047.549421931,490120.195549618,292.161930772697,297.358556976418,288.454045027905
3900,3.55601999999975,-389164.098742563,879095.662667214,489931.563924651,293.178476794135,298.776834504674,289.201922923113
4000,3.64719999999974,-391294.108319961,881489.055600085,490194.947280124,293.976673536797,299.889804219188,289.789605853922
4100,3.73837999999974,-401926.483607344,891703.212308608,489776.728701264,297.383095650695,310.604215531444,288.321196483821
4200,3.82955999999973,-395062.549018663,884218.134933971,489155.585915309,294.886821722185,309.774924579157,284.715680799435
4300,3.92073999999972,-381480.669290301,871020.168646773,489539.499356472,290.485298865023,299.256047898833,284.396061760096
4400,4.01191999999971,-389074.981575403,878418.918637081,489343.937061677,292.952782603662,305.271942639072,284.495881927886
4500,4.1030999999997,-387376.467975598,875866.401015057,488489.933039458,292.101517763901,299.792367441474,286.730866714047
4600,4.19427999999969,-404369.625698588,893426.431508596,489056.805810008,297.957789397564,304.244683419519,293.518228558431
4700,4.28545999999968,-400683.038379839,889125.927819042,488442.889439203,296.523571058543,294.153186113893,297.856724712428
4800,4.37663999999967,-370645.441147877,859408.217772908,488762.776625031,286.612712280443,297.613753644476,279.03984077752
4900,4.46781999999966,-350039.598128112,840343.155599299,490303.557471186,280.254512455994,285.290612833147,276.663566777514
5000,4.55899999999965,-384510.915905927,875651.04222581,491140.126319883,292.029695589731,300.944489925962,285.84314128592
5100,4.65017999999964,-385006.904040656,875509.259069751,490502.355029095,291.982410895365,300.246418243783,286.22975398734
5200,4.74135999999963,-392734.52576076,882965.286488837,490230.760728077,294.468996661276,305.974968541634,286.552957910487
5300,4.83253999999962,-387023.383768285,877270.993862801,490247.610094515,292.569949595731,301.167434775148,286.594484518125
5400,4.92371999999961,-392146.333432289,882150.91724409,490004.583811801,294.197404450255,310.335045251609,283.193812745643
5500,5.01489999999961,-379635.722571853,870196.385384355,490560.662812502,290.210567078324,301.325923550316,282.5584872911
5600,5.1060799999996,-362382.696039165,853536.722552836,491154.026513671,284.654568135013,296.103304659137,276.784864978816
5700,5.19725999999959,-381368.546942818,873418.291168927,492049.744226109,291.285072926105,301.108331424979,284.493496366083
5800,5.28843999999958,-404116.611490622,895793.933088374,491677.321597751,298.747351371811,302.087188273558,296.271837311169
5900,5.37961999999957,-407826.329928145,898771.825624172,490945.495696028,299.740478780781,312.415646294369,291.04058337274
6000,5.47079999999956,-390887.864373765,881967.371654882,491079.507281117,294.136191980951,313.942439127496,280.68691372327
6100,5.56197999999955,-381088.237366982,872834.099778004,491745.862411022,291.090245048526,304.107399934724,282.169566586854
6200,5.65315999999954,-408921.931476763,900554.257159478,491632.325682715,300.334919846416,297.464682740242,301.998132150659
6300,5.74433999999953,-393947.897651028,885546.623971285,491598.726320257,295.329872926892,314.290627661207,282.443261543242
6400,5.83551999999952,-406256.56113245,896824.667107633,490568.105975183,299.091101253171,304.52686388964,295.218016911147
6500,5.92669999999951,-379489.54673335,869675.53829045,490185.9915571,290.036864529081,300.657385793435,282.714819632405
6600,6.0178799999995,-398459.428419162,888661.847387913,490202.418968751,296.368800196069,293.881635220488,297.779936179625
6700,6.10905999999949,-389616.039240449,879982.408637513,490366.369397064,293.474206649162,308.327556598065,283.327411511019
6800,6.20023999999948,-403380.745843135,893891.462887936,490510.717044801,298.112877401346,312.716906890406,288.12843034414
6900,6.29141999999948,-393187.794901635,884034.359148335,490846.5642467,294.825532482353,305.757350066392,287.291966149257
7000,6.38259999999947,-375906.796270891,866300.378005956,490393.581735065,288.911248292798,290.6876097269,287.486247963152
7100,6.47377999999946,-392803.556667999,883051.094155079,490247.53748708,294.497613525122,309.625898707581,284.166675392211
7200,6.56495999999945,-381371.064776107,872087.552128204,490716.487352098,290.841271345074,299.488042568148,284.834389470237
7300,6.65613999999944,-388380.011317352,879547.201420512,491167.190103159,293.329065006007,295.713778136013,291.494815365164
7400,6.74731999999943,-380157.036998119,871863.613256458,491706.576258339,290.766587712676,294.040486869556,288.341682784995
7500,6.83849999999942,-385869.495609669,877536.653393755,491667.157784086,292.658547071454,294.945769483919,290.889850007251
7600,6.92967999999941,-376468.190585385,868201.484150531,491733.293565145,289.545267350519,306.615434833593,277.923867972343
7700,7.0208599999994,-377712.654007436,869513.883205747,491801.229198311,289.982952544855,299.198315324495,283.597724897974
7800,7.11203999999939,-386146.673974847,876844.452361601,490697.778386754,292.427697969518,288.413140706631,294.860379729801
7900,7.20321999999938,-398164.835310479,888924.557565249,490759.722254769,296.456414062114,303.999803138798,291.180440999274
8000,7.29439999999937,-378007.424306171,868727.48945802,490720.06515185,289.720690164422,290.293060662011,289.097675924225
8100,7.38557999999936,-392449.491696066,883431.98122022,490982.489524154,294.624639393103,295.609966975284,293.722233805487
8200,7.47675999999935,-380930.630711544,871626.798869305,490696.168157761,290.687610094816,300.360807708291,283.996572010754
8300,7.56793999999935,-389788.605199141,880201.301225526,490412.696026385,293.547207345515,300.694085919999,288.537998956403
8400,7.65911999999934,-399430.9031343,889467.370456528,490036.467322228,296.637442206613,297.695793067302,295.684677097647
8500,7.75029999999933,-408258.05915176,897647.365294198,489389.306142438,299.365471166983,305.656192892392,294.922185457404
8600,7.84147999999932,-371663.872492508,860422.230904675,488758.358412168,286.950885744431,296.272384126039,280.497427751905
8700,7.93265999999931,-407484.077253619,895684.728968749,488200.65171513,298.710931788811,312.225508425435,289.45228825457
8800,8.02383999999932,-386832.616595954,874610.579456449,487777.962860495,291.682701169401,297.748321677165,287.395885246584
8900,8.1150199999994,-372163.465811055,859645.156163449,487481.690352395,286.691731253443,294.100757182204,281.513470858226
9000,8.20619999999948,-366718.725783708,854718.961558164,488000.235774456,285.048844941859,289.131896426442,282.089269914686
9100,8.29737999999956,-380098.858046582,869306.816864913,489207.958818331,289.913895902922,298.030853207512,284.260996119944
9200,8.38855999999964,-398655.032269322,887765.585000206,489110.552730884,296.069896615043,299.123026706086,293.787751640501
9300,8.47973999999972,-404736.059964509,893990.05835059,489253.998386081,298.145758996362,308.0697637744,291.281301011839
9400,8.5709199999998,-392383.142797747,881119.688941814,488736.546144067,293.853489725467,297.101319665715,291.443391857199
9500,8.66209999999988,-384940.2967482,873675.278698178,488734.981949978,291.370778288537,310.347447938613,278.476856206578
9600,8.75327999999996,-400303.768489427,887971.755638727,487667.9871493,296.138654540179,313.879196931006,284.064844067512
9700,8.84446000000004,-388665.258701043,875572.076855234,486906.818154191,292.003360632061,291.652124192651,291.994182124474
9800,8.93564000000012,-384506.815430286,871492.046213418,486985.230783131,290.642670072842,304.012474707651,281.487264757908
9900,9.0268200000002,-408349.898749966,895465.243715848,487115.344965881,298.637733438669,299.587898802464,297.75542508494
10000,9.11800000000028,-398049.5538421,884327.972574082,486278.418731982,294.923452584319,290.886142168448,297.369223317745
10100,9.20918000000036,-390745.585108407,877384.895947902,486639.310839495,292.607935950609,306.319624942511,283.222970009381
10200,9.30036000000044,-387887.601850154,874603.102905739,486715.501055585,291.680207739116,289.621627763583,292.809527549688
10300,9.39154000000052,-381937.421050494,868799.210481579,486861.789431085,289.744609131759,299.641817406263,282.905016441146
10400,9.4827200000006,-381251.97556767,868938.952570536,487686.977002866,289.791213130077,298.514358668151,283.734290093752
10500,9.57390000000068,-384234.288638195,872704.187304499,488469.898666303,291.04691922778,308.493471040286,279.173345586752
10600,9.66508000000075,-394252.927721359,883482.804604369,489229.87688301,294.641588995954,305.819157341069,286.94434210838
10700,9.75626000000083,-390401.2728746,879950.860286335,489549.587411735,293.463685271414,311.616734844781,281.117099151443
10800,9.84744000000091,-382347.031027956,871983.895986602,489636.864958646,290.806702013207,297.719363568374,285.955922058086
10900,9.93862000000099,-390522.709628664,879889.971760322,489367.262131658,293.443378942912,291.9237504995,294.211928422735
11000,10.0298000000011,-377092.915454882,867215.620683624,490122.705228742,289.216481802109,296.623809286539,284.037249744321
11100,10.1209800000012,-390920.152507146,881018.328653795,490098.17614665,293.819686060962,302.626881286417,287.703372838942
11200,10.2121600000012,-390192.581630071,880172.708678161,489980.12704809,293.537671728585,300.357095583391,288.746774432273
11300,10.3033400000013,-383209.895721459,873496.085539301,490286.189817842,291.311017355111,289.238714932368,292.449793122478
11400,10.3945200000014,-368252.503590698,858635.90044398,490383.396853282,286.355144386853,291.401134869652,282.752521444666
11500,10.4857000000015,-372448.590989036,863562.756688401,491114.165699365,287.998251355145,286.356993515276,288.852424705594
11600,10.5768800000015,-372367.727033968,863954.2249818,491586.497947832,288.128806063632,287.273309874283,288.459029518145
11700,10.6680600000016,-395205.524688603,886547.442918133,491341.918229529,295.663646129109,301.253450492049,291.690723515373
11800,10.7592400000017,-379896.192087036,871668.091656952,491771.899569916,290.701381242939,294.367971056943,288.014736882566
11900,10.8504200000018,-386358.551618878,878198.597266039,491840.045647161,292.87930540805,302.685552401317,286.0977413247
12000,10.9416000000019,-376531.445650644,868453.946134579,491922.500483935,289.629463443248,297.509977215975,284.13442970856
12100,11.0327800000019,-374279.998329103,865973.337991007,491693.339661904,288.802180420546,291.638015635831,286.670955126671
12200,11.123960000002,-382796.353094091,875658.024128659,492861.671034567,292.032024054914,298.291868935806,287.615434114274
12300,11.2151400000021,-371290.734293222,864960.523121852,493669.78882863,288.464406577239,307.351288201726,275.632765155434
12400,11.3063200000022,-373976.491058342,868760.971006161,494784.479947819,289.731856263519,296.926731360821,284.693829651764
12500,11.3975000000023,-402698.761618886,897565.64914473,494866.887525845,299.338218824322,307.513842974317,293.638354208637
12600,11.4886800000023,-395741.725225801,889908.555643797,494166.830417996,296.784577503351,307.006472329147,289.722660471566
12700,11.5798600000024,-380115.473939788,873919.558229757,493804.084289969,291.452245532685,294.847451029697,288.945898330066
12800,11.6710400000025,-385858.608474397,879880.537699512,494021.929225115,293.440232682845,293.097510787244,293.424180419343
12900,11.7622200000026,-402554.336872359,896035.226397553,493480.889525194,298.82782271054,311.868111955874,289.885273361392
13000,11.8534000000027,-386466.042190028,880524.333685034,494058.291495007,293.654938697694,298.786234260975,289.989362539925
13100,11.9445800000027,-392524.407238171,886721.379447485,494196.972209313,295.72165397615,299.209688850181,293.149862681815
13200,12.0357600000028,-394020.365998482,887983.435101174,493963.069102693,296.142549641879,309.94193880749,286.69617140677
13300,12.1269400000029,-392878.577740732,887009.063667624,494130.485926892,295.817596687552,299.563540960071,293.073785841966
13400,12.218120000003,-369745.278108016,865050.26634847,495304.988240454,288.494335950799,294.054979686793,284.546828180177
13500,12.3093000000031,-390368.601559963,885682.305404669,495313.703844707,295.375122696238,303.750482036375,289.545403867233
13600,12.4004800000031,-386278.645378297,881474.179037914,495195.533659617,293.971712202072,297.074901413516,291.657942967609
13700,12.4916600000032,-376584.85933237,872155.938549719,495571.079217349,290.864078222351,295.770547913665,287.350711696288
13800,12.5828400000033,-378245.753904131,873828.526865177,495582.772961045,291.421886565008,301.287358228921,284.602053883596
13900,12.6740200000034,-370733.007059362,865555.77729106,494822.770231698,288.662923892299,293.868100104829,284.952253980703
14000,12.7652000000035,-384775.266383711,879892.097338179,495116.830954468,293.444087823305,307.768759249907,283.649770132383
14100,12.8563800000035,-383461.379203884,878147.944110373,494686.564906489,292.862412576413,301.159978502374,287.086649948625
14200,12.9475600000036,-376051.886844194,870508.255923944,494456.369079749,290.314575929279,293.362658985196,288.040591745394
14300,13.0387400000037,-387014.271136579,880828.852093827,493814.580957248,293.756495612415,290.616648398481,295.604930008694
14400,13.1299200000038,-374698.442965452,868941.203549925,494242.760584473,289.791963831891,289.051288108398,290.04425434436
14500,13.2211000000039,-369976.16209363,865020.980088637,495044.817995007,288.484568980703,305.510184863251,276.893754584853
14600,13.3122800000039,-386198.189664129,881806.39272996,495608.203065831,294.082505496068,302.710193049033,288.085645039511
14700,13.403460000004,-365120.679165869,861176.155321407,496055.476155537,287.202319600269,285.936009088054,287.80719134208
14800,13.4946400000041,-382705.824664851,878360.401469982,495654.576805131,292.933267123556,294.998875136343,291.312084059095
14900,13.5858200000042,-390924.166657313,886006.780260822,495082.613603509,295.483335087818,302.32190924174,290.678049539298
15000,13.6770000000043,-416757.19333017,910833.145852045,494075.952521875,303.762930082389,316.477883253068,295.033158860202
15100,13.7681800000043,-368285.352676551,862306.696492527,494021.343815976,287.579355175096,291.49619993583,284.728475871962
15200,13.8593600000044,-387251.601118095,882351.787993373,495100.186875278,294.264394861889,300.66320536068,289.753300866977
15300,13.9505400000045,-385023.295434779,879458.829258767,494435.533823988,293.299592882697,305.039219838559,285.22875858472
15400,14.0417200000046,-404348.589386848,898097.880532788,493749.29114594,299.515718036614,305.471519558132,295.295587257239
15500,14.1329000000047,-383078.815168753,876329.683237395,493250.868068642,292.256022423677,301.241221628828,286.022342934888
15600,14.2240800000047,-396326.084779686,890050.474526221,493724.389746535,296.831907462472,296.65194702493,296.704521164614
15700,14.3152600000048,-371898.65845556,866319.410520977,494420.752065417,288.917595638145,301.827320812777,280.070347525359
15800,14.4064400000049,-383045.556672595,877942.864632524,494897.307959929,292.794018553452,296.563334222493,290.037146425297
15900,14.497620000005,-380209.046091087,875838.020997675,495628.974906589,292.092053025738,292.902725872042,291.308194417346
16000,14.588800000005,-378278.719360637,873610.750418039,495332.031057402,291.34925810173,309.464888465888,279.029380143873
16100,14.6799800000051,-388887.532960973,885131.786847186,496244.253886213,295.191524711418,310.539226542282,284.713730553583
16200,14.7711600000052,-386464.752492637,882326.387471506,495861.63497887,294.255923785728,300.493743880712,289.852163785918
16300,14.8623400000053,-379901.465244601,875455.871880744,495554.406636143,291.96460626338,283.67584523218,297.247143112294
16400,14.9535200000054,-390911.819416145,885785.775749628,494873.956333483,295.409630064909,310.58215249233,285.048440421573
16500,15.0447000000054,-396133.551082567,890350.626656454,494217.075573887,296.93200822293,306.135566446747,290.5488594002
16600,15.1358800000055,-382922.348533071,876887.078600354,493964.730067284,292.441913823697,303.391480109787,284.898501371449
16700,15.2270600000056,-392761.943029859,886745.77130814,493983.828278281,295.729788663712,314.250776916818,283.136021671089
16800,15.3182400000057,-375651.899918236,869526.131462285,493874.231544049,289.987037339432,304.866359535674,279.825833344154
16900,15.4094200000058,-392971.502854861,886690.670631952,493719.167777091,295.711412583609,299.571408783982,292.891655606209
17000,15.5006000000058,-388306.562116991,881874.061098688,493567.498981697,294.105072902681,309.737493839213,283.438371384241
17100,15.5917800000059,-386915.088565496,880292.119414472,493377.030848975,293.5774952191,295.576371048628,292.000263420066
17200,15.682960000006,-411315.990572785,904601.082673052,493285.092100267,301.684536492597,312.060503967622,294.51582106217
17300,15.7741400000061,-380474.930800384,873838.053532542,493363.122732158,291.425063709369,308.624037402105,279.716227027787
17400,15.8653200000062,-416133.819496367,909185.733291027,493051.91379466,303.213517855937,309.616045085839,298.692488437789
17500,15.9565000000062,-422055.493684438,914746.31928304,492690.825598602,305.067973747887,319.45741063639,295.220792510763
17600,16.0476800000063,-381349.345232063,874014.921374386,492665.576142323,291.48404914937,305.658139331043,281.79175232063
17700,16.1388600000064,-382105.758861974,873996.603597847,491890.844735873,291.477940169367,319.178408222932,272.768063183515
17800,16.2300400000065,-392588.667566975,884098.690149836,491510.022582861,294.846986876717,316.709313752509,280.026396470459
17900,16.3212200000066,-397346.643560703,889515.788682165,492169.145121461,296.653589688899,298.808434637374,294.969815065176
18000,16.4124000000066,-387588.081478389,879399.041147516,491810.959669127,293.27965354261,300.157729400871,288.449869925817
18100,16.5035800000067,-381142.604457494,872489.652450994,491347.0479935,290.975371836249,293.976227749948,288.732321750586
18200,16.5947600000068,-380854.837734231,872430.995383968,491576.157649737,290.955809699506,304.317878621167,281.805300576981
18300,16.6859400000069,-393177.506879004,884750.126142966,491572.619263962,295.064240834739,293.935862783882,295.570606001283
18400,16.777120000007,-379512.737239873,870841.742542395,491329.005302523,290.425793744337,301.935821684622,282.51042028936
18500,16.868300000007,-379384.416585307,871050.309533276,491665.892947969,290.495350853185,301.18911979748,283.124092097945
18600,16.9594800000071,-381749.384572973,873805.986498562,492056.601925589,291.414369350863,298.453650472552,286.478669961943
18700,17.0506600000072,-407997.751456569,899566.116241909,491568.364785339,300.00537476802,312.099931429411,291.692332514786
18800,17.1418400000073,-399471.088008753,890390.391491335,490919.303482582,296.945269798678,315.945050949351,284.031294640064
18900,17.2330200000074,-405552.972881537,895640.236796976,490087.263915439,298.696093645815,313.630207456291,288.491104360793
19000,17.3242000000074,-394818.165686963,884140.670485264,489322.504798301,294.860987322082,306.629242159844,286.769766607472
19100,17.4153800000075,-376588.570992505,865761.593562758,489173.022570253,288.731563636071,303.698819987017,278.512783099076
19200,17.5065600000076,-404078.315113191,893169.725198902,489091.41008571,297.872177821878,311.193906980195,288.742798234816
19300,17.5977400000077,-376798.345658262,866709.772737652,489911.42707939,289.047781469952,296.628338692107,283.753203503958
19400,17.6889200000078,-391411.679434689,881281.027238401,489869.347803712,293.907296060831,290.524013535828,295.917894997447
19500,17.7801000000078,-396596.559698667,887387.523071754,490790.963373087,295.943812930383,301.54850274646,291.96073320889
19600,17.8712800000079,-407239.518634106,897278.0539693,490038.535335195,299.242305809338,316.198068031839,287.689095739497
19700,17.962460000008,-398141.389721968,887487.391961216,489346.002239248,295.977119213345,307.801997680494,287.847219302568
19800,18.0536400000081,-414186.236382808,902057.423438345,487871.187055537,300.836225925745,294.817799141548,304.597813593605
19900,18.1448200000081,-377976.558512241,865358.882420736,487382.323908495,288.59725943663,295.936805027734,283.463731326364
20000,18.2360000000082,-390499.744626837,878434.506515439,487934.761888602,292.957981162394,302.857259714729,286.114330476536
20100,18.3271800000083,-378481.037803073,866929.900852582,488448.863049509,289.121194214634,301.269580091332,280.781335968324
20200,18.4183600000084,-398035.443733658,885102.144142402,487066.700408744,295.181638866901,312.115400302965,283.646479877135
20300,18.5095400000085,-382644.200669682,870188.375028357,487544.174358675,290.207895623931,297.080809705494,285.384112989869
20400,18.6007200000085,-394211.945222568,882830.60272829,488618.657505721,294.424079615904,303.113690194828,288.385652496943
20500,18.6919000000086,-380977.173303013,869680.237507831,488703.064204818,290.03843171847,296.449111809104,285.52294629828
20600,18.7830800000087,-384824.414981794,873181.153361881,488356.738380087,291.205987447684,299.601246735631,285.36647626618
20700,18.8742600000088,-406494.549117116,894128.322708267,487633.773591151,298.191870171175,299.927847264043,296.78605888412
20800,18.9654400000089,-403030.80688947,890440.85892355,487410.052034081,296.962100691529,302.587961544183,292.964058372516
20900,19.0566200000089,-387932.42499227,874976.654126163,487044.229133893,291.804787102272,297.77731679023,287.579929987713
21000,19.147800000009,-399260.183031198,885809.754291954,486549.571260756,295.417626910773,305.2485876186,288.617471749796
21100,19.2389800000091,-387101.447627456,873252.382435211,486150.934807755,291.229742349578,300.376579000798,284.889159796808
21200,19.3301600000092,-394508.865150093,881202.88824875,486694.023098657,293.881236701267,303.164325223298,287.44760998933
21300,19.4213400000093,-387536.55029567,874098.883528573,486562.333232903,291.512050534792,291.876970949085,291.025843549819
21400,19.5125200000093,-392545.975494768,879200.808307906,486654.832813138,293.213542874072,306.35314041002,284.209466564378
21500,19.6037000000094,-379938.503051269,867447.480867057,487508.977815787,289.293807192615,294.419396970429,285.635669168078
21600,19.6948800000095,-401107.021405215,888084.025645029,486977.004239815,296.176096596642,296.966647365198,295.402249337106
21700,19.7860600000096,-383422.914436544,870472.369820478,487049.455383934,290.302607910781,315.810596913478,273.055363069059
21800,19.8772400000097,-388241.111347679,875472.08642278,487230.975075101,291.970013814501,299.553287457611,286.671189707582
21900,19.9684200000097,-414939.603325674,901364.937672191,486425.334346518,300.605281864996,303.749985134921,298.258308616826
22000,20.0596000000098,-392294.244537992,878384.6630299,486090.418491908,292.941358355811,303.545075801482,285.628095593402
22100,20.1507800000099,-376948.975370977,863118.163057824,486169.187686847,287.849979342279,302.268833306077,277.997535050296
22200,20.24196000001,-394442.654779518,880264.188328236,485821.533548718,293.568180199512,297.579949893652,290.649026919919
22300,20.3331400000101,-384286.652198727,870632.50850372,486345.856304993,290.356014174994,303.458223633858,281.379244523938
22400,20.4243200000101,-392593.228108212,878022.424440787,485429.196332575,292.82055175614,301.504784319212,286.787046254296
22500,20.5155000000102,-400037.095057731,884993.978861542,484956.88380381,295.145565736716,291.554578203898,297.293602787147
22600,20.6066800000103,-398819.84174945,883136.065100083,484316.223350633,294.525951342366,302.672242742585,288.849652116102
22700,20.6978600000104,-406049.228372704,890660.405961762,484611.177589058,297.035319647078,306.926906990655,290.193398651652
22800,20.7890400000105,-391370.429456909,875775.243398406,484404.813941497,292.071116691148,289.815032105807,293.331780484132
22900,20.8802200000105,-387992.373691724,873042.907724184,485050.53403246,291.159882515986,305.280444228733,281.503541472058
23000,20.9714000000106,-403472.585816485,888274.201303665,484801.61548718,296.239520194652,316.210359184667,282.678761267814
23100,21.0625800000107,-385936.98285593,870465.254995762,484528.272139832,290.300235116145,294.960367112623,286.951563589229
23200,21.1537600000108,-374932.974111213,859643.089871344,484710.115760131,286.691042144854,289.120006764281,284.832823196781
23300,21.2449400000109,-388063.786832151,873069.484904725,485005.698072574,291.168746007912,294.07667293462,288.987487435101
23400,21.3361200000109,-390277.652590326,876887.687939939,486610.035349613,292.442117038499,298.694671734831,288.030045476745
23500,21.427300000011,-395766.458917844,883235.066371453,487468.607453609,294.558968274622,304.496971070855,287.688167270237
23600,21.5184800000111,-392945.6956184,880433.777067334,487488.081448934,293.624738058141,300.732647486679,288.641444490733
23700,21.6096600000112,-385182.661156194,873413.738276918,488231.077120724,291.283554536241,302.601928080703,283.495235877819
23800,21.7008400000113,-396165.269487633,884817.797130173,488652.527642539,295.086809114615,292.248748050022,296.732944150082
23900,21.7920200000113,-404830.634541801,893407.130364153,488576.495822352,297.951352464283,309.115291748332,290.260433481196
24000,21.8832000000114,-393780.658804659,881762.014750823,487981.355946165,294.067705436326,300.35620137466,289.630318389573
24100,21.9743800000115,-396994.259000023,885321.360666365,488327.101666342,295.25474759592,303.496864009899,289.513957696937
24200,22.0655600000116,-387554.647886891,876320.560189809,488765.912302917,292.252979886546,307.129543108988,282.09172692168
24300,22.1567400000116,-416807.991214694,905485.903381493,488677.912166799,301.979624272634,319.059423672465,290.34144165252
24400,22.2479200000117,-388216.33362395,877235.483699891,489019.150075941,292.55810695344,301.747160574421,286.188272783658
24500,22.3391000000118,-392359.289113657,882004.29565369,489645.006540033,294.148506137632,298.636560572562,290.911346092564
24600,22.4302800000119,-392222.558211686,882518.523196321,490295.964984634,294.320001065973,305.998945931309,286.288771154862
24700,22.521460000012,-390857.694575848,881327.722233094,490470.027657246,293.922868845454,296.027775934218,292.274661728906
24800,22.612640000012,-387016.151222539,877725.913766434,490709.762543895,292.721665421522,291.681640784171,293.171080458573
24900,22.7038200000121,-389370.72847021,879348.556393641,489977.827923431,293.262816872983,305.336877192912,284.969057645637
25000,22.7950000000122,-390641.462624791,879594.179042844,488952.716418053,293.344732046972,309.151277441958,282.562581173608
25100,22.8861800000123,-400715.310525123,888777.082738233,488061.772213109,296.407231195008,304.638303086446,290.672843908054
25200,22.9773600000124,-382269.615783394,869610.734492541,487341.118709147,290.015252457075,284.514589119484,293.440681971756
25300,23.0685400000124,-410519.867289469,897636.924249128,487117.056959659,299.361989077581,303.082206611464,296.632375730762
25400,23.1597200000125,-387482.474228814,874265.378286564,486782.90405775,291.567576550463,299.511440588346,286.028694211416
25500,23.2509000000126,-388674.790827696,875562.709940363,486887.919112667,292.00023676517,290.743278270217,292.594875564503
25600,23.3420800000127,-367440.883715496,854878.419659975,487437.535944479,285.102024232108,289.91695090775,281.65448809482
25700,23.4332600000128,-382770.84560361,870130.537519722,487359.691916112,290.188606809979,290.393407704513,289.810249041282
25800,23.5244400000128,-372216.835266411,861101.485273868,488884.650007457,287.177417133189,300.278848844588,278.203814811313
25900,23.6156200000129,-399035.110633247,887871.124985292,488836.014352044,296.105094208868,300.863179495056,292.686283106236
26000,23.706800000013,-390594.41108505,878776.670546734,488182.259461684,293.072092895359,284.262416627501,298.700983663186
26100,23.7979800000131,-399045.347424665,887176.589514244,488131.242089579,295.873466571367,301.018713883118,292.196740474723
26200,23.8891600000132,-390058.817401666,877868.730313338,487809.912911672,292.769294751822,284.692704792835,297.909713645519
26300,23.9803400000132,-389446.085880584,877402.315307732,487956.229427148,292.613745308565,301.352035247181,286.544373895062
26400,24.0715200000133,-402883.64852387,890834.232828677,487950.584304806,297.093290921686,302.532522601637,293.219558725951
26500,24.1627000000134,-387795.791861356,875130.230194676,487334.43833332,291.856004733926,293.894167858715,290.254015980121
26600,24.2538800000135,-382771.779379258,870350.744683178,487578.96530392,290.262045917351,290.951801616768,289.560323746143
26700,24.3450600000136,-381324.833423905,869823.429088857,488498.595664953,290.08618612268,289.183368596698,290.4463259849
26800,24.4362400000136,-413122.147367797,901856.653656486,488734.506288688,300.769269186755,294.925092503224,304.414745918121
26900,24.5274200000137,-385586.117421997,874965.650815015,489379.533393018,291.801117497087,295.798164326349,288.893252012997
27000,24.6186000000138,-406892.655276862,896323.260429746,489430.605152884,298.923882084291,314.706869649742,288.15278713892
27100,24.7097800000139,-378974.894499115,869268.237814859,490293.343315744,289.901029786513,296.292236050776,285.398641418849
27200,24.800960000014,-393278.374745989,883944.584016743,490666.209270754,294.795592468482,292.552744557851,296.045161415179
27300,24.892140000014,-382284.620930132,873417.27471711,491132.653786979,291.28473393934,296.101989435158,287.830492997178
27400,24.9833200000141,-393079.740202505,884218.027113388,491138.286910883,294.886785764011,313.027742346387,282.547075720957
27500,25.0745000000142,-393246.877550704,884713.604397976,491466.726847272,295.05206082974,285.079208660101,301.454752225475
27600,25.1656800000143,-394250.870448206,885362.785143118,491111.914694912,295.268562662371,294.415514870266,295.591204054889
27700,25.2568600000144,-398957.839058333,889901.18097631,490943.341917977,296.782118051129,306.556563138627,290.018502894422
27800,25.3480400000144,-390512.937152901,881197.483340852,490684.546187951,293.879434164033,286.588004657942,298.495487639623
27900,25.4392200000145,-409163.309361496,899421.429147619,490258.119786123,299.957121610011,301.84342949805,298.449618749977
28000,25.5304000000146,-383382.218780823,873569.449765936,490187.230985113,291.335484330811,307.805440635818,280.112733890531
28100,25.6215800000147,-393471.444701284,883380.788150615,489909.343449331,294.607566500122,308.932744495484,284.811941531131
28200,25.7127600000148,-390875.592341067,879757.000680258,488881.408339191,293.399033076624,303.889729925841,286.160735982916
28300,25.8039400000148,-398502.381215707,886288.227292028,487785.846076321,295.577197696191,306.014517273895,288.372670312973
28400,25.8951200000149,-395969.137592645,883548.752561553,487579.614968908,294.663582645174,305.909947242071,286.920453261705
28500,25.986300000015,-367057.909896686,855396.592003434,488338.682106748,285.274834751854,295.0406487968,278.526563026263
28600,26.0774800000151,-385848.217983231,874868.343758991,489020.125775759,291.76866558579,305.02287069178,282.689388293809
28700,26.1686600000151,-369388.13763433,857724.363007068,488336.225372738,286.051146575644,293.051551397483,281.145834072272
28800,26.2598400000152,-395728.734862411,883520.557059538,487791.822197127,294.654179442901,301.938489478175,289.552427603182
28900,26.3510200000153,-373577.872843301,862814.262084819,489236.389241518,287.748628342444,296.427566177318,281.722879262242
29000,26.4422000000154,-397098.823112894,886140.637775109,489041.814662215,295.527976579993,299.16749411928,292.855358239986
29100,26.5333800000155,-385510.327927686,874105.607810018,488595.279882332,291.514293083214,299.618192852038,285.868764659761
29200,26.6245600000155,-391155.150616575,879321.425031875,488166.2744153,293.253768561572,293.020129592924,293.165149733538
29300,26.7157400000156,-385794.486672463,873668.659296129,487874.172623666,291.368570717402,298.018742515149,286.692315709971
29400,26.8069200000157,-371400.216854575,859646.889781129,488246.672926554,286.692309415084,287.741494287799,285.753942575428
29500,26.8981000000158,-380065.451816062,868224.93876692,488159.486950858,289.55308946704,307.223114755406,277.531778366907
29600,26.9892800000159,-377536.797744531,866041.814724567,488505.016980035,288.825017416897,298.221013361752,282.320332605814
29700,27.0804600000159,-394575.265854406,883351.245941802,488775.980087396,294.59771417102,301.500063393326,289.750649927673
29800,27.171640000016,-362918.607298871,852128.735072696,489210.127773825,284.185004192995,289.324701150489,280.521718717838
29900,27.2628200000161,-382847.727338741,873127.101207705,490279.373868964,291.18796104976,293.94779870308,289.105412646671
30000,27.3540000000162,-375497.825494254,866370.788886603,490872.963392349,288.934730327365,299.672312693213,281.535563141526
30100,27.4451800000163,-375846.099895959,867607.045227129,491760.94533117,289.347021920003,286.596746593368,290.93941628616
30200,27.5363600000163,-368753.031310532,861269.003349519,492515.972038987,287.233284425386,295.388191123343,281.557318889726
30300,27.6275400000164,-381376.376275699,874595.417010944,493219.040735245,291.677644492561,301.313119698394,285.010929651595
30400,27.7187200000165,-385252.009994352,878206.334383091,492954.324388739,292.881885737232,311.638819678125,280.133194871856
30500,27.8099000000166,-378987.259660135,872240.169859464,493252.910199329,290.892169371174,290.787542064651,290.719510767713
30600,27.9010800000167,-377107.186942339,870575.467962424,493468.281020084,290.336991149716,297.736488350619,285.162045523155
30700,27.9922600000167,-362470.949632143,856633.667639799,494162.718007656,285.687399579723,297.837147425799,277.349494849355
30800,28.0834400000168,-389793.711822542,884598.167843756,494804.456021214,295.013562729283,310.045183118549,284.746637834164
30900,28.1746200000169,-380676.623404504,874617.787380846,493941.163976342,291.685105012788,303.591287057441,283.504579395508
31000,28.265800000017,-392262.507294955,885446.646294268,493184.138999314,295.296530363271,297.258292383399,293.74260857455
31100,28.3569800000171,-382166.886179967,875811.744420033,493644.858240066,292.083289784903,310.437391399227,279.603819300533
31200,28.4481600000171,-381622.666177289,875164.956729257,493542.290551968,291.867586036104,298.635760287806,287.11224687994
31300,28.5393400000172,-395530.777021887,888569.700304921,493038.923283034,296.338069136209,298.982062177926,294.328458717451
31400,28.6305200000173,-385246.324314491,877823.239963735,492576.915649243,292.754123716436,302.952376875274,285.711326507447
31500,28.7217000000174,-400676.986670862,892272.860050145,491595.873379283,297.573073219992,309.228723001075,289.554662471587
31600,28.8128800000175,-387199.657824394,878600.110586228,491400.452761834,293.01321013381,309.137778945111,282.019319917831
31700,28.9040600000175,-376729.552546038,869020.509565051,492290.957019013,289.818412394548,293.610278596212,287.048986249776
31800,28.9952400000176,-392944.263600091,885176.463812381,492232.200212289,295.206424483035,298.298426598277,292.899084385804
31900,29.0864200000177,-387881.492607013,879973.676061492,492092.183454479,293.471294334331,297.651112556131,290.440189441185
32000,29.1776000000178,-397241.324224352,889377.178519769,492135.854295417,296.607363188184,300.647519393736,293.666752915159
32100,29.2687800000179,-381113.846704124,874072.994586176,492959.147882052,291.503416570344,290.359891395386,292.022847173175
32200,29.3599600000179,-379529.294697927,873342.179734384,493812.885036457,291.25968975634,301.259178011138,284.350647845009
32300,29.451140000018,-384268.370412652,877782.736042048,493514.365629396,292.740615655177,305.201300040656,284.189542218477
32400,29.5423200000181,-403140.340844018,896463.785887039,493323.445043021,298.970747336014,295.829551562985,300.815735561922
32500,29.6335000000182,-393887.927163024,886156.332357169,492268.405194145,295.533210724418,298.024424505862,293.626123861186
32600,29.7246800000182,-396025.694718076,888657.920329303,492632.225611227,296.367490521695,305.79588903734,289.834918602498
32700,29.8158600000183,-398089.417841559,889472.245092775,491382.827251215,296.639067898207,298.274625739944,295.301496780468
32800,29.9070400000184,-394830.064559948,886246.041438414,491415.976878467,295.563128710493,306.742114916518,287.864168632551
32900,29.9982200000185,-366946.164384803,858329.717166842,491383.552782039,286.2530322384,305.896249374349,272.919009954236
33000,30.0894000000186,-389436.971468472,880863.719487061,491426.748018588,293.768123890966,297.757215108397,290.863922976101
33100,30.1805800000186,-380663.925167107,872131.60494368,491467.679776573,290.855962962708,299.117050948991,285.106191002716
33200,30.2717600000187,-388197.62883108,879599.932110074,491402.303278995,293.346650695372,301.993120580899,287.337881896109
33300,30.3629400000188,-380695.930810535,871715.291130163,491019.360319628,290.71712227119,300.524067246938,283.936894685465
33400,30.4541200000189,-399899.998723617,890563.877257233,490663.878533616,297.003127316069,303.170348140421,292.644144160404
33500,30.545300000019,-382684.149593252,873512.304866571,490828.155273319,291.316426502108,295.332719256899,288.396134310163
33600,30.636480000019,-380742.313968913,871912.822623093,491170.508654181,290.782999040551,298.234391766123,285.573084724303
33700,30.7276600000191,-377859.004870957,869512.580809103,491653.575938147,289.982518195465,305.131109126831,279.641805476059
33800,30.8188400000192,-396465.854518039,887691.151157732,491225.296639692,296.045072922372,301.092845311826,292.433187101967
33900,30.9100200000193,-395102.137133169,885698.891365958,490596.754232789,295.38065411571,300.297533148489,291.85658421543
34000,31.0012000000194,-385644.152723936,876926.130140207,491281.977416271,292.454937515493,283.086168259728,298.457071238074
34100,31.0923800000194,-371244.401652333,863014.106477673,491769.70482534,287.815276464123,298.88589605225,280.195017341652
34200,31.1835600000195,-383893.706135772,875644.864969747,491751.158833975,292.027635474319,301.976245643655,285.151872331868
34300,31.2747400000196,-387468.484797034,878330.564616209,490862.079819175,292.923316530335,297.783136132566,289.439334031739
34400,31.3659200000197,-389438.026312739,880285.391560035,490847.365247297,293.575251479085,302.249123192603,287.548024293839
34500,31.4571000000198,-388305.777146873,879675.690713809,491369.913566935,293.371916196034,298.816809535297,289.497510706362
34600,31.5482800000198,-389250.721441581,881089.773353586,491839.051912005,293.843512874299,301.936414703198,288.203375394304
34700,31.6394600000199,-373003.343358519,864454.701872666,491451.358514147,288.295715148463,299.725325455807,280.435728514276
34800,31.73064000002,-371260.296423563,863628.399848023,492368.10342446,288.020143354352,287.210148102662,288.320123402682
34900,31.8218200000201,-360541.163731116,854269.894180137,493728.730449021,284.899080933846,290.442202977848,280.966250337067
35000,31.9130000000202,-373063.477667702,867344.567399456,494281.089731754,289.25948554259,308.414702281162,276.248291478923
35100,32.0041800000202,-375441.715841882,870014.761787221,494573.045945339,290.149995593537,297.604657068826,284.938429613684
35200,32.0953600000199,-398359.007346202,892027.923654004,493668.916307802,297.491386911457,301.901059011033,294.303696022646
35300,32.1865400000197,-387554.151422553,881743.855998741,494189.704576188,294.061649490993,294.021829473117,293.843144795001
35400,32.2777200000194,-383792.647007402,878397.224742205,494604.577734803,292.945547687912,307.846549803591,282.767424987721
35500,32.3689000000191,-379854.732240924,875333.019936813,495478.287695889,291.923635129836,285.022714623764,296.28097910461
35600,32.4600800000188,-390235.649339963,885716.293060089,495480.643720126,295.386457582154,295.595928260051,295.000655082238
35700,32.5512600000186,-375284.717807632,870910.332800689,495625.614993057,290.448668601197,315.350053087006,273.605705053491
35800,32.6424400000183,-364689.846298057,861188.981050907,496499.134752851,287.206596982127,285.246387472149,288.274064491294
35900,32.733620000018,-384370.332067254,881494.816486978,497124.484419725,293.978594793056,296.248048374774,292.22064357625
36000,32.8248000000177,-367222.789501314,865472.039278207,498249.249776893,288.634997258031,289.79721553921,287.619655906197
36100,32.9159800000175,-384534.853992543,882215.419069998,497680.565077455,294.218915814573,302.697370138926,288.321430501826
36200,33.0071600000172,-382329.687626838,880140.928212209,497811.240585371,293.52707294054,285.790633865185,298.44009309666
36300,33.0983400000169,-362703.894197478,861695.860960282,498991.966762804,287.375641474164,287.068970507577,287.340609083995
36400,33.1895200000166,-362138.39598634,861958.491832743,499820.095846402,287.463228892027,296.73413978222,281.043068941155
36500,33.2807000000164,-378999.265808247,879054.976704212,500055.710895965,293.164908022082,295.131368725231,291.609630129963
36600,33.3718800000161,-383543.175840999,884017.837390188,500474.661549189,294.820022474633,293.07426451868,295.738177759873
36700,33.4630600000158,-380344.621639619,880824.836449138,500480.214809518,293.755156394576,301.040374133133,288.65354860521
36800,33.5542400000155,-385007.683945874,885284.958825924,500277.27488005,295.242607579097,292.063960784437,297.115669935889
36900,33.6454200000153,-397371.131662145,897553.522766627,500182.391104483,299.334174676214,308.765692877348,292.797050729895
37000,33.736600000015,-385426.831568782,885720.136716969,500293.305148187,295.387739442044,309.637236632419,285.641918198925
37100,33.8277800000147,-377307.966204713,877337.061421294,500029.095216581,292.591983131997,291.151413241401,293.308536406452
37200,33.9189600000144,-372588.955835663,872664.748696599,500075.792860936,291.033766448757,293.812542890327,288.938720682337
37300,34.0101400000142,-373790.489310826,873741.084251392,499950.594940566,291.39272444602,287.474883118149,293.761791394229
37400,34.1013200000139,-381454.616783731,881200.260754497,499745.643970765,293.880360431715,300.679854269992,289.10246423917
37500,34.1925000000136,-395614.071376156,894678.968428644,499064.897052488,298.37551056483,289.777777490259,303.85868635574
37600,34.2836800000133,-403171.788585855,901474.201141881,498302.412556026,300.641721241248,296.187997118987,303.360335888386
37700,34.3748600000131,-388934.251615682,887405.802018297,498471.550402616,295.949908960579,299.813531927104,293.127535392095
37800,34.4660400000128,-401750.345982586,899251.899967362,497501.553984776,299.900583614261,300.11421191731,299.508247592551
37900,34.5572200000125,-393067.904207339,889726.093348362,496658.189141023,296.72372631261,289.630709516911,301.205134404483
38000,34.6484000000122,-396081.470770214,892435.394387313,496353.923617099,297.627278434989,304.467278922824,292.819255377736
38100,34.7395800000119,-390830.237216501,885833.118607593,495002.881391092,295.425418911987,308.193629969856,286.667090357648
38200,34.8307600000117,-392478.278451859,887029.891275646,494551.612823787,295.824542696564,299.870082845911,292.880995478084
38300,34.9219400000114,-406265.967417601,900516.90389759,494250.936479989,300.322462530462,303.496935704539,297.955878362302
38400,35.0131200000111,-401652.90148979,895506.339053651,493853.437563861,298.651438737252,307.110478821742,292.763202481978
38500,35.1043000000108,-382339.997522983,876200.228013694,493860.230490712,292.212849095779,291.279628785392,292.591485261791
38600,35.1954800000106,-411964.255490858,905633.43354783,493669.178056971,302.028825595408,312.700370215637,294.662771827259
38700,35.2866600000103,-403863.562518223,896061.768496181,492198.205977958,298.836674502645,299.307394402644,298.273830673893
38800,35.37784000001,-398912.845865738,890705.855988287,491793.010122549,297.050477234713,298.77179875585,295.655387489594
38900,35.4690200000097,-387838.393988052,880451.041695192,492612.647707139,293.63049581297,296.933600874359,291.1837336922
39000,35.5602000000095,-402496.031405685,894619.409841072,492123.378435387,298.355647770909,296.1478423495,299.578888345373
39100,35.6513800000092,-380804.339466539,872908.132442336,492103.792975797,291.114934948253,296.609698320231,287.20916358781
39200,35.7425600000089,-401042.105981963,894107.339351547,493065.233369583,298.184872219959,313.689394083422,287.600036917467
39300,35.8337400000086,-385386.229403786,879223.646481224,493837.417077438,293.221159406778,301.049056310851,287.758210504557
39400,35.9249200000084,-376713.954539953,870548.092760686,493834.138220733,290.327861517654,303.858109903192,281.065756042698
39500,36.0161000000081,-382374.606945909,875677.332552236,493302.725606327,292.038463415787,297.920918424769,287.873461356951
39600,36.1072800000078,-380643.715916129,874225.100592825,493581.384676696,291.554143936243,308.344415708068,280.117667635081
39700,36.1984600000075,-398301.288372828,891373.997670739,493072.709297911,297.273302541517,292.965398976683,299.897510499288
39800,36.2896400000073,-391987.126553927,884734.027007858,492746.900453931,295.058871771839,310.992323775876,284.19068804267
39900,36.380820000007,-396987.529837884,889561.531560647,492574.001722763,296.668844942687,305.529695437798,290.514387241827
40000,36.4720000000067,-354866.707810413,847921.338273977,493054.630463564,282.781837009831,289.842355453308,277.839173183337
40100,36.5631800000064,-375281.363632816,869138.715477185,493857.351844369,289.8578340761,291.926230104961,288.23735519513
40200,36.6543600000062,-362989.213297208,858253.172089826,495263.958792618,286.227504448833,293.054312334424,281.437776271399
40300,36.7455400000059,-374433.572028365,870050.720531211,495617.148502846,290.161987837656,306.274128815459,279.178758862589
40400,36.8367200000056,-361201.051784794,856875.868459514,495674.81667472,285.768173573291,304.038189820382,273.350022597252
40500,36.9279000000053,-367052.047616058,863196.894725467,496144.847109409,287.876236360002,287.530287776084,287.866971885647
40600,37.0190800000051,-375502.533439678,872295.501895753,496792.968456075,290.910622609889,296.678714184267,286.822802708129
40700,37.1102600000048,-367115.173499484,863876.15327969,496760.979780206,288.102769144469,290.548470827736,286.232215714671
40800,37.2014400000045,-361284.118145912,858944.07988739,497659.961741478,286.457922256925,276.06199907312,293.149822777581
40900,37.2926200000042,-384946.119346388,883126.049990024,498179.930643636,294.522611302326,302.462943635077,288.983620904407
41000,37.383800000004,-385503.690670154,883645.193103938,498141.502433784,294.6957455741,294.043438898984,294.885036902864
41100,37.4749800000037,-360140.176678457,858477.901750122,498337.725071665,286.302451809279,289.571291689742,283.884639845795
41200,37.5661600000034,-380391.545037,878433.315446526,498041.770409526,292.957583940813,304.569143828909,284.972412695464
41300,37.6573400000031,-372899.237126583,872022.734581588,499123.497455005,290.819654687873,303.034341083675,282.434180711766
41400,37.7485200000028,-392753.395266578,891695.791265757,498942.39599918,297.380620732285,300.957732958909,294.748062063926
41500,37.8397000000026,-371253.112343776,870112.875159315,498859.762815539,290.182716411311,287.157535139147,291.957684995744
41600,37.9308800000023,-371090.332601856,870137.145762008,499046.813160151,290.190810659332,292.302962181684,288.540883968882
41700,38.022060000002,-383408.234311914,882868.254366564,499460.020054649,294.436636440408,289.796062390684,297.284988609857
41800,38.1132400000017,-364649.440345001,863758.619307076,499109.178962076,288.063571554803,289.434793658327,286.909370509491
41900,38.2044200000015,-391611.52894783,890845.305356254,499233.776408424,297.096983610557,307.719710345017,289.767584967907
42000,38.2956000000012,-369650.194592715,869652.634175056,500002.439582341,290.029226004688,298.965304193922,283.830149523528
42100,38.3867800000009,-384706.586219173,884741.672130747,500035.085911573,295.061421420959,285.83697552898,300.965167497763
42200,38.4779600000006,-388822.811981917,889948.31513374,501125.503151822,296.797837296562,297.190087744647,296.289005466758
42300,38.5691400000004,-385858.134775881,886847.917683546,500989.782907665,295.763854488426,301.015814452222,292.016077967156
42400,38.6603200000001,-387496.011009461,888154.02179021,500658.010780749,296.199440316895,299.194345601623,293.956003926813
42500,38.7514999999998,-372618.676896159,872798.381969226,500179.705073067,291.07833315632,288.27084204709,292.707428618175
42600,38.8426799999995,-391784.948712059,892508.953674624,500724.004962565,297.65181046344,301.348365715226,294.939397120196
42700,38.9338599999993,-374505.108421392,874733.216032178,500228.107610786,291.723600477632,296.933307370465,288.00735954868
42800,39.025039999999,-384406.047638598,884851.988612858,500445.94097426,295.098211976941,292.840449430391,296.357471831328
42900,39.1162199999987,-369143.493315375,870107.037095669,500963.543780294,290.180769416598,306.859954947768,278.819495087972
43000,39.2073999999984,-381712.6274486,883591.152056143,501878.524607543,294.677722880154,302.714710982281,289.074166043004
43100,39.2985799999982,-380159.122025543,882487.49596612,502328.373940577,294.309653482114,305.197766700621,286.805653291875
43200,39.3897599999979,-387433.963211628,889773.183939233,502339.220727605,296.739431028592,300.877155912311,293.733664913589
43300,39.4809399999976,-356238.176123013,859037.209698743,502799.03357573,286.488981056776,302.319605234853,275.696490787178
43400,39.5721199999973,-378469.197191323,881452.564932803,502983.367741479,293.964503896216,293.321336386992,294.148311815786
43500,39.6632999999971,-368823.952576641,871869.634161015,503045.681584374,290.768595684847,294.255359348018,288.201779412997
43600,39.7544799999968,-372001.007537375,874944.969052079,502943.961514704,291.794220127423,288.683059806685,293.62516515781
43700,39.8456599999965,-365904.786568161,869645.532564412,503740.745996251,290.026857616946,289.080846325547,290.415842763198
43800,39.9368399999962,-370180.64695977,873936.418991801,503755.772032031,291.457868598233,312.947871747163,276.888318275114
43900,40.028019999996,-371483.703452475,875417.351657946,503933.648205471,291.951759765865,294.770920211345,289.82902633574
44000,40.1191999999957,-355944.542596709,860058.710489424,504114.167892715,286.829651655636,286.339350865889,286.917494139086
44100,40.2103799999954,-367051.071947128,871200.987486889,504149.915539761,290.545601963278,293.29255513179,288.472178515965
44200,40.3015599999951,-351234.878421441,856000.110192278,504765.231770838,285.476108118152,292.260673814058,280.715167564116
44300,40.3927399999949,-362012.270974327,867452.081018095,505439.810043768,289.29534134337,292.67039087966,286.804228868056
44400,40.4839199999946,-365332.67954476,871425.896904113,506093.217359353,290.620609272674,294.889112486724,287.532756622245
44500,40.5750999999943,-357497.824876599,863587.93790734,506090.113030741,288.00664929376,293.008517795525,284.432064751505
44600,40.666279999994,-378543.553677422,884184.002253629,505640.448576207,294.875438470445,296.208683350057,293.740879018646
44700,40.7574599999937,-377226.358450577,882042.137503822,504815.779053245,294.161126397806,300.179345883405,289.903845802075
44800,40.8486399999935,-360499.772392835,865274.304582952,504774.532190116,288.569052720678,295.507420660725,283.702999883379
44900,40.9398199999932,-355510.257758266,861387.873581258,505877.615822992,287.272927657582,295.436340577099,281.59125827152
45000,41.0309999999929,-354757.261472472,861041.392267566,506284.130795094,287.157376110577,304.816272421188,275.145480756746
45100,41.1221799999926,-350945.497321624,858237.494064388,507291.996742764,286.222275826042,290.349395687666,283.232344021772
45200,41.2133599999924,-365734.19804007,872892.782782632,507158.584742562,291.109815835462,294.073739368239,288.891275300414
45300,41.3045399999921,-363836.795294355,871733.599240914,507896.803946558,290.723228027652,295.477065129399,287.311733936465
45400,41.3957199999918,-368342.641362278,877734.176305414,509391.534943136,292.724420978961,288.559593973594,295.257035298389
45500,41.4868999999915,-367550.671694381,877459.327157586,509908.655463205,292.632758765245,301.040347127991,286.783839224441
45600,41.5780799999913,-359474.407467782,868991.567651722,509517.160183941,289.808760264039,302.64781930413,281.007880270426
45700,41.669259999991,-361985.885795601,871728.828721121,509742.94292552,290.721637058903,299.843606914819,284.398055790744
45800,41.7604399999907,-371938.143693967,881945.403187108,510007.259493141,294.128865495117,293.457370015679,294.331421760162
45900,41.8516199999904,-386662.478173228,896100.387582047,509437.909408819,298.849553971001,292.629364300946,302.747305789395
46000,41.9427999999902,-367190.739204795,877138.41618342,509947.676978625,292.525734928604,296.96889038446,289.319859845594
46100,42.0339799999899,-377395.337408082,887304.488700624,509909.151292542,295.916120960688,310.287575316844,286.08855462245
46200,42.1251599999896,-355557.103351199,864037.012482918,508479.909131719,288.156415702157,283.853965129807,290.784585737305
46300,42.2163399999893,-360521.045078767,868622.335818805,508101.290740038,289.685621416977,292.526303761801,287.55042850258
46400,42.3075199999891,-357091.077962468,865034.367146228,507943.28918376,288.489033565525,301.094930266155,279.844694903801
46500,42.3986999999888,-383582.527830789,891274.006734619,507691.478903831,297.239955555984,307.544466053388,290.122581928084
46600,42.4898799999885,-364602.575115871,873093.122805731,508490.54768986,291.176629249869,299.364064639264,285.475691799229
46700,42.5810599999882,-364471.02614711,873044.999637764,508573.973490654,291.160580169339,289.96592663352,291.714382043079
46800,42.672239999988,-369812.17288557,878502.698912849,508690.526027279,292.980723332616,293.805037124292,292.187030202055
46900,42.7634199999877,-369703.521251807,879254.284658757,509550.76340695,293.23137724154,297.866672920681,289.896820641077
47000,42.8545999999874,-363793.411810698,872868.337081969,509074.925271272,291.101663192253,289.13678259457,292.16899887138
47100,42.9457799999871,-371815.133652277,881432.694840915,509617.561188638,293.957877218914,286.974372051465,298.368582432864
47200,43.0369599999869,-371308.86739969,881013.448599782,509704.581200092,293.818058562542,300.252417463405,289.28363757983
47300,43.1281399999866,-388266.004717747,898161.693710047,509895.688992299,299.53699973655,292.379862096455,304.0588106635
47400,43.2193199999863,-393895.932837149,903628.610415716,509732.677578568,301.360216913696,294.749373524745,305.516312325568
47500,43.310499999986,-378952.977800746,888201.910503541,509248.932702794,296.215411206784,295.572838324034,296.39694695261
47600,43.4016799999858,-371984.468711667,880223.012056891,508238.543345224,293.554447909585,299.085611735339,289.622376652491
47700,43.4928599999855,-349700.51892127,858475.174545926,508774.655624656,286.301542286452,292.358639410515,282.024892918504
47800,43.5840399999852,-372968.989772183,881911.344981467,508942.355209285,294.117507080696,277.409561410741,305.011039604767
47900,43.6752199999849,-393677.995338728,901686.62763824,508008.632299512,300.712565495494,311.286498057434,293.412683316288
48000,43.7663999999846,-382206.226277952,889215.134252179,507008.907974228,296.553321411432,302.167699477716,292.563274932734
48100,43.8575799999844,-390181.681218101,896368.84707826,506187.16586016,298.939085235371,299.882091701102,298.061298353855
48200,43.9487599999841,-391749.544146737,897425.6339506,505676.089803863,299.291523745406,312.825917271136,290.019185125133
48300,44.0399399999838,-372173.76631234,878640.724921498,506466.958609159,293.026755018008,293.699022652094,292.334387632769
48400,44.1311199999835,-389220.247129987,895290.118204645,506069.871074658,298.579329066081,307.026916334844,292.698788112684
48500,44.2222999999833,-399405.943448663,903951.826984001,504545.883535338,301.468009666167,304.108203349665,299.456657202447
48600,44.313479999983,-388914.04036277,893152.066291271,504238.0259285,297.866288574711,286.338075528733,305.303542031551
48700,44.4046599999827,-382223.331513882,886718.990625099,504495.659111217,295.720857303685,314.07927617833,283.235477339502
48800,44.4958399999824,-371835.461534175,875933.648515962,504098.186981787,292.12394481106,291.128432839085,292.544182838367
48900,44.5870199999822,-365187.914927088,869328.227536639,504140.312609551,289.921036363728,292.307803515705,288.088257398774
49000,44.6781999999819,-387510.505837697,891558.346871823,504047.841034126,297.334783015449,295.657775246946,298.205009208605
49100,44.7693799999816,-376176.167486672,880926.207977933,504750.040491261,293.788963807882,295.976873329987,292.085533323305
49200,44.8605599999813,-364164.713546238,868854.135973586,504689.422427348,289.762926787923,289.863833942642,289.454186245786
49300,44.9517399999811,-386930.178492591,891045.066489364,504114.887996774,297.163603965104,291.750520100291,300.52469020501
49400,45.0429199999808,-364970.895507859,869379.676142273,504408.780634415,289.938194477997,290.93941105948,289.029101594943
49500,45.1340999999805,-369926.305870279,874497.941154981,504571.635284702,291.64513628647,296.395587697767,288.235131065367
49600,45.2252799999802,-368368.585832162,873647.605317478,505279.019485316,291.361549213766,302.511710559324,283.685307025716
49700,45.31645999998,-359087.359334031,864023.702589827,504936.343255797,288.151976851702,283.42711362076,291.061759024952
49800,45.4076399999797,-375391.22516397,879552.979435859,504161.754271889,293.330991974607,294.132100154475,292.552477361383
49900,45.4988199999794,-368982.871076429,874097.236360818,505114.365284389,291.511501204208,282.563409627171,297.233969337896
50000,45.5899999999791,-357891.547290302,864225.121874697,506333.574584395,288.219150199999,295.434440665077,283.168773931448
50100,45.6811799999789,-365849.455816123,872821.02577511,506971.569958987,291.08588486747,291.127774237243,290.815387050234
50200,45.7723599999786,-380481.293535604,887452.277232491,506970.983696888,295.965408448388,311.971891005398,285.047782236674
50300,45.8635399999783,-370199.770338738,876237.75764543,506037.987306692,292.225365231092,308.815414628947,280.921811161497
50400,45.954719999978,-380824.393294773,886923.545574079,506099.152279306,295.789076396224,306.111534975058,288.660946446673
50500,46.0458999999778,-367262.518430689,873496.358774102,506233.840343413,291.31110847894,303.764773973972,282.765905558519
50600,46.1370799999775,-367557.37949653,873681.834605843,506124.455109314,291.37296468429,304.862001158644,282.137462897483
50700,46.2282599999772,-372367.49031394,878637.42426793,506269.93395399,293.025654249768,302.835230843119,286.24174847566
50800,46.3194399999769,-379822.191322399,886063.947968286,506241.756645888,295.502400523024,304.799698782675,289.05794968282
50900,46.4106199999767,-373697.380492257,880311.673185977,506614.292693721,293.584016403528,309.963819048218,282.41949462673
51000,46.5017999999764,-365973.770479048,872477.020383828,506503.24990478,290.971159040796,294.720061374521,288.229414852447
51100,46.5929799999761,-375634.372688543,881363.965165916,505729.592477373,293.934955866572,305.581277587157,285.925795589627
51200,46.6841599999758,-366906.832430448,872484.439785563,505577.607355116,290.973633411894,306.982502250887,280.058576158055
51300,46.7753399999756,-367193.771574744,872704.478488399,505510.706913655,291.047016337635,299.038804185503,285.476618592109
51400,46.8665199999753,-365246.819757479,871969.044889943,506722.225132464,290.801749171233,292.873403041448,289.178311800114
51500,46.957699999975,-353333.348876957,860061.779966654,506728.431089696,286.830675326548,295.655113985884,280.708690657552
51600,47.0488799999747,-363102.152927879,869151.247729174,506049.094801295,289.862013583183,297.784383940291,284.338881667124
51700,47.1400599999744,-372074.826269407,877926.398566552,505851.572297144,292.788527119077,300.067841345299,287.691660528998
51800,47.2312399999742,-388248.054794163,894069.007526611,505820.952732448,298.172088553147,308.309277431754,291.165485893616
51900,47.3224199999739,-364590.131792475,870541.259702076,505951.127909602,290.325582692038,292.260716401834,288.793555566599
52000,47.4135999999736,-369109.824676639,874927.926355281,505818.101678641,291.78853638662,301.46329290315,285.095541595277
52100,47.5047799999733,-372583.072600231,879129.175132679,506546.102532448,293.189653204162,292.847222092597,293.173615900868
52200,47.5959599999731,-383639.546276513,889913.328398876,506273.782122363,296.786169217567,302.016374702556,293.052043753227
52300,47.6871399999728,-374178.155369485,880130.812686621,505952.657317136,293.523699411913,303.253489861431,286.792569362724
52400,47.7783199999725,-369984.004627418,875926.56493014,505942.560302722,292.121582434597,310.294161985337,279.763094748741
52500,47.8694999999722,-387088.73447518,892836.507768379,505747.773293199,297.761049781017,300.863714626287,295.444472342684
52600,47.960679999972,-373593.856793502,878046.278283651,504452.421490148,292.828507014724,311.755373726909,279.966572117422
52700,48.0518599999717,-397241.28877297,901131.783971372,503890.495198403,300.527525086334,312.102456806013,292.560464335642
52800,48.1430399999714,-365701.967349906,869183.259263831,503481.291913925,289.87268943266,294.076250401332,286.828754879018
52900,48.2342199999711,-377685.205677822,880085.968248864,502400.762571042,293.508743788182,311.225836989491,281.452757700819
53000,48.3253999999709,-356722.351926124,858687.863686369,501965.511760244,286.372474132522,292.301653060411,282.181044452154
53100,48.4165799999706,-368425.931629633,869491.911615807,501065.979986174,289.975625017778,287.256076480236,291.547011021959
53200,48.5077599999703,-356161.609441145,858148.830301115,501987.220859969,286.192706453598,284.719163808122,286.936574295204
53300,48.59893999997,-386225.47763573,888452.610739569,502227.13310384,296.299019756401,306.551665347783,289.217006845685
53400,48.6901199999698,-367602.299553655,869365.195289236,501762.89573558,289.933365112301,296.41611290438,285.369922113322
53500,48.7812999999695,-366420.323064281,868969.736553774,502549.413489493,289.801479591054,305.258816687932,279.255086960141
53600,48.8724799999692,-382639.819003857,884666.526884667,502026.70788081,295.036360475127,294.382031543496,295.226716129153
53700,48.9636599999689,-385249.83563109,887130.093424048,501880.257792958,295.85796012141,306.576747535106,288.465553545511
53800,49.0548399999687,-384387.036607255,885818.971860973,501431.935253718,295.42070097081,311.21075561687,284.64781395596
53900,49.1460199999684,-367073.254122889,869424.833481402,502351.579358513,289.953254454361,294.641701220342,286.585995564995
54000,49.2371999999681,-361740.731822598,865280.82238081,503540.090558211,288.571226406807,291.514434423673,286.36861170689
54100,49.3283799999678,-370161.658093276,874063.911443892,503902.253350616,291.500387341635,298.995265478291,286.260884927746
54200,49.4195599999676,-357074.298702194,861410.108120418,504335.809418224,287.280342878245,287.496613715017,286.896762034666
54300,49.5107399999673,-362593.83952502,866965.679564195,504371.840039175,289.133126417941,287.602192451818,289.912804790007
54400,49.601919999967,-374695.12387504,879408.09647349,504712.97259845,293.282673494577,304.14511829973,285.796641396564
54500,49.6930999999667,-348090.71912921,853909.539745803,505818.820616593,284.778902699951,286.987083563843,283.069466371774
54600,49.7842799999665,-374822.964966642,881963.11397699,507140.149010348,294.134772045019,294.956046498302,293.342143432793
54700,49.8754599999662,-371984.67315201,879814.966016885,507830.292864875,293.418364521222,286.775329341479,297.602539337283
54800,49.9666399999659,-365560.566453863,872774.913911521,507214.347457658,291.070506557119,279.448888674728,298.575693056583
54900,50.0578199999656,-376642.268847217,884074.660417177,507432.39156996,294.838972958872,295.343796476704,294.256724802851
55000,50.1489999999653,-385348.892168939,892756.509156703,507407.616987764,297.734370237353,298.5990423601,296.909810180324
55100,50.2401799999651,-385230.891090166,893258.317427037,508027.426336871,297.901723337348,306.958188719351,291.615828313232
55200,50.3313599999648,-369259.016945533,876098.570797493,506839.553851961,292.178946405701,296.129216498324,289.301950555281
55300,50.4225399999645,-371924.26985077,878233.657668725,506309.387817955,292.890998055269,295.532869451386,290.885674626146
55400,50.5137199999642,-387078.347996563,892965.35411788,505887.006121317,297.804020049318,303.948937633366,293.459238309911
55500,50.604899999964,-394006.098008972,899199.239649496,505193.141640524,299.883021393862,310.949437600965,292.255508071299
55600,50.6960799999637,-389828.259334496,894172.592619925,504344.333285429,298.206634190403,307.686090999377,291.638490789263
55700,50.7872599999634,-376081.430438273,879894.946053373,503813.5156151,293.445037870059,291.861475827743,294.256208366713
55800,50.8784399999631,-380165.74797071,884032.439835204,503866.691864494,294.824892391264,297.370956087025,292.881829183763
55900,50.9696199999629,-371443.365609402,875090.530931284,503647.165321882,291.842765026274,302.127171102599,284.743292004537
56000,51.0607999999626,-389662.714822541,893249.749383965,503587.034561424,297.898865894269,301.242397342205,295.421595874066
56100,51.1519799999623,-378223.156348749,881292.051447412,503068.895098663,293.910972635455,298.938663054303,290.314253212361
56200,51.243159999962,-394640.865170458,896820.251211268,502179.38604081,299.089628551365,316.342093047946,287.338744196518
56300,51.3343399999618,-370265.49110651,871315.098502802,501049.607396292,290.583657996599,293.253346429778,288.561712659482
56400,51.4255199999615,-387309.113300738,887665.475331468,500356.36203073,296.036510032172,305.117610864571,289.73574571888
56500,51.5166999999612,-379979.497565578,880675.88040565,500696.382840072,293.705479541654,305.107846989094,285.859146677077
56600,51.6078799999609,-385756.630365707,886419.113780595,500662.483414888,295.620848351041,295.920045826377,295.175032660522
56700,51.6990599999607,-360942.736916789,862599.676077051,501656.939160262,287.677063890963,292.343466541466,284.326397904051
56800,51.7902399999604,-372648.946836519,874651.090106957,502002.143270438,291.696211474723,297.912089738517,287.309212455965
56900,51.8814199999601,-357709.252776851,860321.660881641,502612.40810479,286.917345633364,290.126440644816,284.538851171034
57000,51.9725999999598,-370743.770999956,873812.103916083,503068.332916126,291.416409510116,298.550154726793,286.417732357738
57100,52.0637799999596,-368790.949689035,872112.810450914,503321.860761879,290.849694997803,293.905086230442,288.570392763546
57200,52.1549599999593,-381649.870579943,884391.966567659,502742.095987715,294.944794586513,291.495405944397,296.998599685768
57300,52.246139999959,-381684.062180716,884531.609839141,502847.547658425,294.991365629195,297.7456071846,292.909378454234
57400,52.3373199999587,-382585.601464303,885095.461033293,502509.85956899,295.179410049456,300.677176371196,291.268249659921
57500,52.4284999999585,-369041.854171112,871484.251883958,502442.397712846,290.640070663318,293.65951749344,288.384906051017
57600,52.5196799999582,-367182.735481771,869840.667859212,502657.93237744,290.091935254031,301.52852039125,282.225801883173
57700,52.6108599999579,-379201.490927623,882081.981244511,502880.490316888,294.174414288648,302.307705003829,288.507075133288
57800,52.7020399999576,-393263.532839315,895143.938410479,501880.405571164,298.530578092539,315.119054064532,287.222818629466
57900,52.7932199999574,-371944.743180205,874415.464535335,502470.721355131,291.617630326942,285.508323724569,295.447486703251
58000,52.8843999999571,-361234.672573064,864115.817378826,502881.144805761,288.182697141513,292.387676986067,285.139224997525
58100,52.9755799999568,-382526.559455128,885250.671802163,502724.112347035,295.231172853814,307.136432773742,287.048306929818
58200,53.0667599999565,-368430.659377774,870628.188852741,502197.529474968,290.354573571033,295.016601280419,287.004592953466
58300,53.1579399999562,-380681.527396251,882145.502026419,501463.974630168,294.19559847471,300.767153019532,289.569399112767
58400,53.249119999956,-375922.924955628,877234.648222704,501311.723267075,292.557828321729,302.127082311144,285.934527471851
58500,53.3402999999557,-391855.775674954,892129.422067446,500273.646392492,297.525236640802,296.272997232718,298.112125215659
58600,53.4314799999554,-390446.367762801,891169.945279015,500723.577516214,297.205251051864,303.848662582887,292.528638988638
58700,53.5226599999551,-385318.652388933,886083.686685361,500765.034296428,295.508983386814,298.422951589258,293.320080432362
58800,53.6138399999549,-378938.815829696,879133.948461821,500195.132632126,293.191245109829,297.113216218236,290.332271666633
58900,53.7050199999546,-371543.354475756,870853.388389112,499310.033913356,290.429677635188,299.319906088963,284.260833934641
59000,53.7961999999543,-371448.322652039,870824.782098307,499376.459446268,290.42013743482,291.840506551302,289.231207909303
59100,53.887379999954,-377314.516630713,876723.327775164,499408.811144451,292.387302909843,301.401770889589,286.134001504253
59200,53.9785599999538,-390687.491391975,888797.596861914,498110.105469939,296.414072656966,304.416981416907,290.831788423126
59300,54.0697399999535,-387548.514523095,885310.914412994,497762.399889899,295.25126376955,298.289533972422,292.97970758116
59400,54.1609199999532,-391226.487700199,888724.765449091,497498.277748892,296.389783374718,301.692439406648,292.607687867286
59500,54.2520999999529,-385773.444014373,883370.808987347,497597.364972974,294.60423844834,289.6949242617,297.631611040727
59600,54.3432799999527,-373702.615789469,870699.198423494,496996.582634025,290.378255268799,306.976254170375,279.070940788357
59700,54.4344599999524,-385826.011232049,882447.820826937,496621.809594887,294.296421819889,297.681924643813,291.79417291909
59800,54.5256399999521,-383127.708960136,880194.051564832,497066.342604696,293.544789583069,304.529259221731,285.977189165975
59900,54.6168199999518,-381887.415862029,879649.710101203,497762.294239174,293.363251659564,293.000252154215,293.360781953413
60000,54.7079999999516,-370786.605346601,868561.519391104,497774.914044503,289.665339133268,308.76619327347,276.690048590521
60100,54.7991799999513,-386382.190511847,884412.366028902,498030.175517054,294.951597808538,303.899711443388,288.740395720464
60200,54.890359999951,-380016.910891001,878308.302187391,498291.39129639,292.915892008468,290.809320721213,294.076176289965
60300,54.9815399999507,-378982.877545897,877468.615534285,498485.737988387,292.635856439648,294.888239136708,290.890404761242
60400,55.0727199999505,-370626.038854408,869907.734478046,499281.695623638,290.114301977004,297.541707155255,284.920936606521
60500,55.1638999999502,-368740.734268094,868668.666852403,499927.932584309,289.701072820545,299.26981788417,283.08049188411
60600,55.2550799999499,-385641.727919695,885111.084406932,499469.356487237,295.184620445867,295.244199394393,294.898913963144
60700,55.3462599999496,-396556.469247869,895435.181858688,498878.712610819,298.627707806799,306.372765474648,293.215479605062
60800,55.4374399999494,-396312.741102251,894875.520522193,498562.779419942,298.441060704417,305.975006170594,293.169729509712
60900,55.5286199999491,-368424.591697822,866223.502408672,497798.910710849,288.885610274695,293.662685900166,285.460155182484
61000,55.6197999999488,-380190.402454813,877551.65681085,497361.254356037,292.663550712306,290.002039723644,294.194005079155
61100,55.7109799999485,-374214.511578357,871014.538595714,496800.027017357,290.483421242526,305.518374322671,280.218049671394
61200,55.8021599999483,-382541.716502202,878842.863172443,496301.146670241,293.094168141552,305.387343094539,284.654473032777
61300,55.893339999948,-376566.78763032,872609.02638862,496042.2387583,291.015183054401,302.648951549176,283.016824738672
61400,55.9845199999477,-377072.812363751,872829.372492929,495756.560129178,291.088668498559,300.151173989377,284.804424280932
61500,56.0756999999474,-403286.583879663,897801.293422079,494514.709542417,299.416806210465,303.074854924215,296.72859306279
61600,56.1668799999471,-377604.632840013,872043.950065048,494439.317225035,290.826730053376,285.670233284079,294.022038957864
61700,56.2580599999469,-369909.781074518,864485.654085545,494575.873011027,288.306037714039,287.975182626829,288.28635274075
61800,56.3492399999466,-377124.403710596,871215.294322064,494090.890611468,290.550373294002,288.834440927191,291.45220289413
61900,56.4404199999463,-392914.037427997,885986.793274299,493072.755846302,295.476669426146,303.448325995233,289.916001155567
62000,56.531599999946,-378256.711088821,871466.273301147,493209.562212326,290.634074804451,302.592939150342,282.41930351152
62100,56.6227799999458,-377967.499176499,871303.060651956,493335.561475456,290.579643372338,293.694070289689,288.26120905796
62200,56.7139599999455,-393743.662953923,887320.164089515,493576.501135592,295.92134870419,293.103603589085,297.553244323674
62300,56.8051399999452,-409774.95007085,903543.678219081,493768.728148231,301.331892019036,296.363583586278,304.392987730859
62400,56.8963199999449,-385307.791138658,879307.439541101,493999.648402443,293.249104399233,286.607935147063,297.432176313681
62500,56.9874999999447,-386087.802107596,880853.072079839,494765.269972243,293.764572979769,282.058389578971,301.323891436153
62600,57.0786799999444,-390271.965560794,884802.058527644,494530.09296685,295.081560289359,292.113693808762,296.81423664285
62700,57.1698599999441,-374470.540573486,869933.812401517,495463.271828031,290.122998966656,287.928766323117,291.344051563209
62800,57.2610399999438,-370774.091195043,866892.884646105,496118.793451063,289.108849306689,290.226507423628,288.122819854307
62900,57.3522199999436,-379892.571179106,876692.140055555,496799.568876449,292.376901802753,293.286789325932,291.526662702464
63000,57.4433999999433,-393422.591898559,889536.377606985,496113.785708426,296.660456097044,292.731744734964,299.032379958348
63100,57.534579999943,-399176.875321148,894783.164810688,495606.289489539,298.410260066929,303.735960071025,294.61111818081
63200,57.6257599999427,-397097.519901926,892147.671207149,495050.151305223,297.531322730415,305.762580160351,291.795875008182
63300,57.7169399999425,-372056.737767216,868000.740739198,495944.002971982,289.478319406102,278.020967886446,296.8753218197
63400,57.8081199999422,-386351.51425572,883576.352031252,497224.837775532,294.672787070619,293.901501678999,294.941416675808
63500,57.8992999999419,-367964.538692376,864571.778380265,496607.239687889,288.334760173509,303.46619564427,278.006857559524
63600,57.9904799999416,-392003.036643745,887568.006577311,495564.969933566,296.004004194534,305.283719013794,289.570857644865
63700,58.0816599999414,-386201.077107528,881833.769678162,495632.692570634,294.091635710576,298.556183236796,290.870194330003
63800,58.1728399999411,-363384.10921912,860267.557458302,496883.448239182,286.899302137169,283.497853383877,288.927851887583
63900,58.2640199999408,-363173.290157004,861206.522830305,498033.2326733,287.212447167018,296.137500792583,281.023067710669
64000,58.3551999999405,-380924.90078133,879629.679430007,498704.778648677,293.35657142905,291.433315690507,294.394278111887
64100,58.4463799999403,-376557.441001777,874610.408763601,498052.967761824,291.682644243322,298.341051132967,287.00063744669
64200,58.53755999994,-374911.44247949,872305.116894403,497393.674414913,290.913829212741,288.266750534117,292.436120140813
64300,58.6287399999397,-385388.229339946,883196.799872241,497808.570532295,294.546206393944,307.934698743959,285.375089655275
64400,58.7199199999394,-377335.320486922,875002.962153193,497667.641666271,291.81356083148,295.367534331526,289.201067197425
64500,58.8110999999392,-368335.862121363,866212.998939446,497877.136818083,288.882107366832,280.096522607282,294.498428783727
64600,58.9022799999389,-377042.382989141,874597.741180136,497555.358190995,291.67841960318,304.963928639879,282.578348229045
64700,58.9934599999386,-394425.352269912,891794.970986131,497369.618716219,297.413697177299,294.610268654472,299.034804778201
64800,59.0846399999383,-371840.598808978,868612.117249161,496771.518440183,289.682213523149,295.61319281125,285.486825486479
64900,59.175819999938,-378529.764899586,875837.075562007,497307.310662422,292.091737722864,305.028981060998,283.223499049338
65000,59.2669999999378,-385457.999028714,882615.710225524,497157.711196809,294.352412948315,300.112287354362,290.267203000161
65100,59.3581799999375,-376764.750630683,873440.417152688,496675.666522005,291.292451943534,292.567935842857,290.199385634032
65200,59.4493599999372,-411805.031677153,907971.149905755,496166.118228602,302.808454195683,317.738846770807,292.602518767103
65300,59.5405399999369,-380792.812729976,876834.357511519,496041.544781543,292.424331336174,302.293001015529,285.601531273825
65400,59.6317199999367,-393627.682145132,889745.050216497,496117.368071365,296.730048429714,316.66284756953,283.194240629479
65500,59.7228999999364,-383327.463413011,879719.717108962,496392.253695951,293.386599002489,312.747231976986,280.235021520322
65600,59.8140799999361,-395371.121133442,891411.849764569,496040.728631127,297.285926217965,311.959528370511,287.255786511087
65700,59.9052599999358,-411321.096421117,906650.694323675,495329.597902558,302.368082148966,308.644023224616,297.932148030075
65800,59.9964399999356,-386853.656138878,882223.317246037,495369.661107159,294.221549856941,299.657293831478,290.3525359157
65900,60.0876199999353,-374229.142587168,869663.520567406,495434.377980238,290.032856617444,295.040117441443,286.452988687596
66000,60.178799999935,-380009.559138321,875669.112380702,495659.553242381,292.035721987894,294.437681014383,290.191052868578
66100,60.2699799999347,-389224.272165747,884781.320401663,495557.048235916,295.074644122616,301.571630384291,290.497424411396
66200,60.3611599999345,-375385.422165676,871690.113566137,496304.69140046,290.708725551488,283.139068614209,295.512906238381
66300,60.4523399999342,-366917.577897249,863666.636326663,496749.058429414,288.032895223166,294.906097390627,283.210733032174
66400,60.5435199999339,-372250.496790432,869523.073839596,497272.577049164,289.98601762201,286.254968185458,292.231728898359
66500,60.6346999999336,-383711.811165707,881191.088444796,497479.277279089,293.877301465665,297.075273294749,291.500422495053
66600,60.7258799999334,-401785.808403788,899204.687906799,497418.879503011,299.884838388127,301.344175655176,298.662042844771
66700,60.8170599999331,-374969.163670928,871860.063420514,496890.899749587,290.765403842092,294.726271311808,287.882521025746
66800,60.9082399999328,-375516.702071504,872321.87959146,496805.177519956,290.919419573607,296.216377277609,287.145681587961
66900,60.9994199999325,-380497.807950455,876957.840642903,496460.032692448,292.465512970786,294.314397455944,290.989202053206
67000,61.0905999999323,-385942.867706756,882102.661251272,496159.793544516,294.181311072627,290.278714909911,296.53789075521
67100,61.181779999932,-383455.653559755,879528.203216121,496072.549656366,293.322729103259,294.228461913267,292.474471622334
67200,61.2729599999317,-382432.518397118,878914.974678755,496482.456281638,293.118217334919,297.731994824628,289.798100493999
67300,61.3641399999314,-378340.489246276,874156.882697351,495816.393451075,291.531393262415,299.046569886384,286.278332685384
67400,61.4553199999312,-378612.80271039,875089.387552387,496476.584841997,291.842383709317,292.830905674845,290.940167079207
67500,61.5464999999309,-384930.245780566,881851.65971688,496921.413936314,294.09760203998,304.99656943221,286.58654244346
67600,61.6376799999306,-367345.219548963,865725.629677728,498380.410128765,288.719569677415,298.676650686226,281.840916030143
67700,61.7288599999303,-384767.34126871,882595.038497093,497827.697228384,294.34551892516,297.042085361315,292.302520035287
67800,61.8200399999301,-364470.733995091,863227.971781115,498757.237786023,287.886600560652,295.427499744341,282.619428937726
67900,61.9112199999298,-383743.467109039,883040.907819513,499297.440710474,294.494216381362,306.870607012556,285.997877446913
68000,62.0023999999295,-380618.544940442,880194.82749146,499576.282551018,293.545048354664,284.088331369203,299.604905471342
68100,62.0935799999292,-388125.672057729,888115.474197118,499989.802139389,296.186584691385,296.626211922636,295.64667771664
68200,62.1847599999289,-368930.521568949,869314.512887938,500383.991318989,289.916462527243,298.433878976054,283.996587842598
68300,62.2759399999287,-384941.321820559,885566.956750217,500625.634929658,295.336653910361,314.418720845679,282.369162075224
68400,62.3671199999284,-382999.630088422,883574.127944743,500574.49785632,294.672045337583,303.046050415495,288.843815247861
68500,62.4582999999281,-391728.29487435,892707.085047479,500978.790173128,297.717887292806,309.033905008157,289.92577724316
68600,62.5494799999278,-374522.979153608,876217.48043051,501694.501276902,292.218602778226,302.341329458138,285.226602822634
68700,62.6406599999276,-381773.046978259,883195.659474538,501422.612496279,294.545826071215,296.721381660323,292.850000823417
68800,62.7318399999273,-370531.162499209,871900.663978782,501369.501479573,290.77894413166,298.135255190972,285.632420972008
68900,62.823019999927,-386842.790890498,887860.753975621,501017.963085123,296.101635476278,304.134311561671,290.499766723119
69000,62.9141999999267,-378570.781222628,879623.272228596,501052.491005968,293.354434626845,297.195578444372,290.549210052972
69100,63.0053799999265,-376851.4156574,877983.34301325,501131.92735585,292.807518096798,301.030345707808,287.081626757711
69200,63.0965599999262,-367905.426821507,868828.086141035,500922.659319528,289.754239166595,289.802593559552,289.480541038653
69300,63.1877399999259,-371080.721135124,872075.949397207,500995.228262083,290.837401833319,301.622779915167,283.404785277226
69400,63.2789199999256,-389121.549565782,890119.143163937,500997.593598155,296.854808458875,300.294730107513,294.314148352734
69500,63.3700999999254,-353168.023885196,854958.645196622,501790.621311425,285.128779455268,298.116284217039,276.232835631209
69600,63.4612799999251,-371087.732226699,873234.29380835,502146.561581651,291.223709791012,303.523926459947,282.78087892023
69700,63.5524599999248,-344138.902713624,847272.714924771,503133.812211147,282.565521068791,282.374811747826,282.457189348544
69800,63.6436399999245,-366195.817808991,870398.76448774,504202.946678748,290.278060526176,301.121389224523,282.807276343506
69900,63.7348199999243,-368351.258480859,873487.196955913,505135.938475054,291.30805301181,300.824786799419,284.720807109227
70000,63.825999999924,-388893.120734963,893021.128192958,504128.007457996,297.822620708007,295.890902594345,298.862247266525
70100,63.9171799999237,-382107.29279825,886269.25397534,504161.96117709,295.570870093494,296.17305303333,294.923105741858
70200,64.0083599999234,-360660.671869073,865376.484007903,504715.812138831,288.603129567418,288.069581443003,288.718325709056
70300,64.0995399999232,-350375.596562941,854525.400545851,504149.80398291,284.984292328114,292.58984411966,279.676437556812
70400,64.1907199999229,-371151.21482581,875316.4202951,504165.205469291,291.918099147941,293.323748252139,290.737734662517
70500,64.2818999999226,-380765.109083554,885081.540995491,504316.431911936,295.174767715688,298.23205223545,292.89059906275
70600,64.3730799999223,-390425.980218083,893756.30487374,503330.324655657,298.067802192343,305.7766902374,292.680153660477
70700,64.4642599999221,-367163.548115982,870166.835857003,503003.287741022,290.200712308489,279.071052489148,297.378651594459
70800,64.5554399999218,-394010.837559183,897260.179028348,503249.341469166,299.23634451504,308.095659623714,293.080770822162
70900,64.6466199999215,-354046.376527524,857778.872082345,503732.495554821,286.069325356793,289.008937830238,283.871192603367
71000,64.7377999999212,-375087.623159742,879367.74445549,504280.121295749,293.26921609321,301.420474914863,287.590652532031
71100,64.828979999921,-362609.719628291,867883.977027202,505274.257398911,289.439378698417,290.023597052174,288.808700313662
71200,64.9201599999207,-387460.037524159,893307.595914872,505847.558390713,297.918157717149,292.565203482023,301.238528742469
71300,65.0113399999204,-369070.40302987,874990.090505041,505919.687475172,291.809268135748,299.451414099295,286.471329769937
71400,65.1025199999201,-382858.018819476,889001.413331108,506143.394511632,296.482045466436,303.918859894625,291.277100809755
71500,65.1936999999199,-374508.523524245,880593.675108378,506085.151584133,293.67806406816,289.483768854111,296.229529157468
71600,65.2848799999196,-366527.207764051,871919.117947891,505391.91018384,290.785098531896,298.903381877151,285.130588719617
71700,65.3760599999193,-381159.466836988,885471.780660503,504312.313823515,295.304912676506,283.728865923506,302.776189751275
71800,65.467239999919,-379579.74557686,883493.065271466,503913.319694607,294.645010929287,297.85080526655,292.262277195337
71900,65.5584199999188,-384499.113836569,887457.22306335,502958.109226781,295.967057883392,297.90219421006,294.430327784045
72000,65.6495999999185,-360610.333330191,864467.629924721,503857.29659453,288.300026654901,293.731754139471,284.438624976309
72100,65.7407799999182,-369762.666920476,873512.18038591,503749.513465433,291.316384987797,294.168801038284,289.172010633316
72200,65.8319599999179,-377101.316278227,879806.254176097,502704.93789787,293.415459121593,294.52192066603,292.433305209366
72300,65.9231399999177,-391774.504811886,894168.923446639,502394.418634753,298.205410520807,303.789393713237,294.234250550419
72400,66.0143199999174,-380751.848734778,882683.539229665,501931.690494888,294.375033926852,301.26019971451,289.539610873474
72500,66.1054999999171,-386657.380422903,888143.985314706,501486.604891802,296.196093151478,296.315176117181,295.869874430049
72600,66.1966799999168,-352289.232391912,854495.824150001,502206.59175809,284.974428597633,283.299131079752,285.853814919054
72700,66.2878599999165,-394954.631012748,896960.69796558,502006.066952832,299.136467555638,291.583642110494,303.922404129437
72800,66.3790399999163,-383233.781077612,885139.408388755,501905.627311142,295.194066496166,308.139941857394,286.317487866601
72900,66.470219999916,-365622.675891051,868384.565094558,502761.889203507,289.606324860616,282.318874326804,294.223286612441
73000,66.5613999999157,-366846.124498462,869768.212082888,502922.087584426,290.067771246586,287.559157066368,291.498457557359
73100,66.6525799999154,-376390.665285087,879666.799419942,503276.134134854,293.368950948788,298.204618010721,289.900698781708
73200,66.7437599999152,-369598.295181841,872619.331111767,503021.035929926,291.018619680429,299.221174928188,285.307733998857
73300,66.8349399999149,-370488.998056633,874447.240314486,503958.242257853,291.628227551938,307.811265094981,280.596512333616
73400,66.9261199999146,-359500.327998949,863989.405299275,504489.077300326,288.140538702443,281.628606997596,292.241709390089
73500,67.0172999999143,-356630.70684418,861350.823199069,504720.116354889,287.260571352033,276.501339450427,294.19400881031
73600,67.1084799999141,-372271.244089332,877150.666870771,504879.422781439,292.529820533857,303.004584332898,285.302869817385
73700,67.1996599999138,-376317.659396848,881379.384891738,505061.72549489,293.940098346419,297.661175063478,291.214430453092
73800,67.2908399999135,-362438.260314364,867494.183096644,505055.92278228,289.309382390076,295.867859235297,284.69597334127
73900,67.3820199999132,-363738.037490781,869078.180103397,505340.142612616,289.837645523894,297.993532487495,284.15885617689
74000,67.473199999913,-372988.271901368,878159.934792111,505171.662890743,292.866411469772,296.705368717581,290.063051295007
74100,67.5643799999127,-369074.987818902,875029.121793279,505954.133974376,291.82228507363,292.696120727407,290.996542733551
74200,67.6555599999124,-363346.733244872,868910.09546227,505563.362217398,289.781589282064,294.490195433277,286.401033856855
74300,67.7467399999121,-363426.657349734,868725.812726988,505299.155377254,289.720130974483,283.835057602584,293.402079779939
74400,67.8379199999119,-376626.318192412,882706.680441276,506080.362248865,294.382751522853,290.163764598116,296.950090513075
74500,67.9290999999116,-384173.658349462,890281.897210713,506108.238861251,296.909086947045,304.470547724071,291.62068885657
74600,68.0202799999113,-384447.569784545,890391.733874717,505944.164090173,296.945717483648,301.667306241955,293.550536880206
74700,68.111459999911,-348505.217455772,854762.472050574,506257.254594802,285.063355694706,287.67176456943,283.086863648477
74800,68.2026399999108,-368731.153112532,875131.269600481,506400.116487949,291.856351375848,289.097301418289,293.452504388074
74900,68.2938199999105,-370039.114036575,876075.262577286,506036.148540711,292.171173112318,294.777508051103,290.190140508867
75000,68.3849999999102,-386037.792675827,891656.193472911,505618.400797084,297.36741486507,294.177917160587,299.245940489004
75100,68.4761799999099,-368882.721443566,873719.397914864,504836.676471299,291.38549205098,288.946650532604,292.768565153189
75200,68.5673599999097,-394047.651612128,897675.999245692,503628.347633564,299.375020592193,290.988782045783,304.716367105974
75300,68.6585399999094,-358422.364836528,861908.483255008,503486.11841848,287.446551027183,287.551832773881,287.136824403529
75400,68.7497199999091,-379528.604333527,882930.873799799,503402.269466272,294.457520026613,297.365624863401,292.273402202065
75500,68.8408999999088,-372337.331481319,875335.080347141,502997.748865822,291.924322276852,296.245268250404,288.800421359254
75600,68.9320799999086,-387806.025592452,890495.028958169,502689.003365716,296.980166402591,297.405939915072,296.448833922268
75700,69.0232599999083,-357017.685390994,859751.982554836,502734.297163843,286.727357863877,280.252778348779,290.80480474239
75800,69.114439999908,-387786.784692969,890141.282127796,502354.497434827,296.862191805168,303.874071844837,291.940219952216
75900,69.2056199999077,-364672.530096184,867687.996537857,503015.466441674,289.37401918888,279.810715175663,295.508410181701
76000,69.2967999999074,-385538.384069491,889012.286316058,503473.902246567,296.485671607823,290.537996353163,300.203717051258
76100,69.3879799999072,-358575.450508619,861847.298884833,503271.848376214,287.426146034628,299.16252103808,279.362374243963
76200,69.4791599999069,-377297.269831127,880948.943676764,503651.673845637,293.796546165337,306.973582933204,284.767024531622
76300,69.5703399999066,-394594.799690189,898736.991201133,504142.191510943,299.728861497793,307.139109117295,294.538922366877
76400,69.6615199999063,-388897.271289009,892227.961622794,503330.690333785,297.558099590727,303.722114478077,293.2007912495
76500,69.7526999999061,-381894.933017304,884217.451087435,502322.518070131,294.886593659308,291.270332861471,297.051695363151
76600,69.8438799999058,-388163.349626513,890588.186503089,502424.836876576,297.011234451589,306.061827231924,290.729996569323
76700,69.9350599999055,-379682.009969011,882037.672957779,502355.662988768,294.159637471328,289.879698013389,296.767797412061
76800,70.0262399999052,-387936.550750881,890088.702757008,502152.152006127,296.844656580626,287.316095751766,302.949659919383
76900,70.117419999905,-390972.748582785,892682.014378705,501709.26579592,297.70952622268,299.731560053409,296.113412397007
77000,70.2085999999047,-377279.032338263,877867.683283681,500588.650945418,292.768945567344,285.294519059348,297.507922451369
77100,70.2997799999044,-389789.312071638,889668.821020796,499879.508949159,296.704625986592,302.444026124495,292.631105373002
77200,70.3909599999041,-370018.756628852,870620.524091072,500601.76746222,290.352017372377,283.047772481328,294.979553951932
77300,70.4821399999039,-380396.449619657,881155.174444124,500758.724824468,293.865324143447,289.970536470408,296.216961488686
77400,70.5733199999036,-364976.145041925,865852.354320216,500876.209278291,288.76183235625,290.82463573463,287.1459952437
77500,70.6644999999033,-376965.838404237,878214.401101231,501248.562696994,292.884575988404,304.923868897278,284.614310235831
77600,70.755679999903,-376836.815055856,877454.373561733,500617.558505877,292.631106740615,294.57932026477,291.088438468894
77700,70.8468599999028,-398206.403487391,898266.428005665,500060.024518274,299.571928632872,300.766646765044,298.52580660423
77800,70.9380399999025,-393770.008285344,893672.034100633,499902.02581529,298.039697882486,298.903395625639,297.215532972149
77900,71.0292199999022,-372463.175873209,871533.851080753,499070.675207544,290.656611999584,292.595580730053,289.121752335939
78000,71.1203999999019,-376059.229789535,875484.13534355,499424.905554015,291.974032130582,290.390869867361,292.786161945953
78100,71.2115799999017,-391667.941671993,890225.011530096,498557.069858103,296.890115567816,301.435472862903,293.612468941453
78200,71.3027599999014,-363502.650288377,861821.775487493,498319.125199117,287.417633979488,288.9757747074,286.13935879923
78300,71.3939399999011,-388999.213085603,888038.057569762,499038.844484159,296.160766239707,295.62746331382,296.269500885099
78400,71.4851199999008,-367234.185290536,866570.652219147,499336.46692861,289.001384765432,291.99602680865,286.764122249314
78500,71.5762999999006,-374452.155740318,873633.581469928,499181.425729611,291.356872259439,291.352535506174,291.116966034733
78600,71.6674799999003,-359416.477933262,859743.049080464,500326.571147202,286.724378549429,289.74691833776,284.47041504175
78700,71.7586599999,-384703.569513997,885478.488964561,500774.919450564,295.307149896469,285.42484595519,301.649263232408
78800,71.8498399998997,-386811.750198254,887200.875693909,500389.125495655,295.88156601431,298.581596381039,293.834977798144
78900,71.9410199998995,-384608.030634848,884560.389082982,499952.358448133,295.000963509415,293.972078861195,295.441052471971
79000,72.0321999998992,-353772.497361631,853328.532853808,499556.035492176,284.585136853029,287.303389739871,282.535813981091
79100,72.1233799998989,-381561.847566883,882905.750214755,501343.902647872,294.449141308906,295.444298770795,293.540328716556
79200,72.2145599998986,-391773.358938337,893823.380096365,502050.021158028,298.090171784681,297.310639881967,298.361451243334
79300,72.3057399998983,-361963.205683604,863932.081769577,501968.876085973,288.121421300509,280.190418488849,293.168655323865
79400,72.3969199998981,-361168.974835968,864414.704934866,503245.730098899,288.282376166372,284.298157534358,290.698286607575
79500,72.4880999998978,-385744.745746946,888897.571581023,503152.825834077,296.447414234125,294.915772736279,297.22146905416
79600,72.5792799998975,-398813.849112866,902218.545542058,503404.696429193,300.889960160766,297.81574521204,302.688695159783
79700,72.6704599998972,-386179.908101888,890030.551231108,503850.64312922,296.82526304189,296.631126813994,296.707332807953
79800,72.761639999897,-372629.934496846,876632.152214484,504002.217717638,292.356895852755,290.277768413761,293.49935006554
79900,72.8528199998967,-376001.743599253,880555.159392596,504553.415793342,293.665219073735,287.735536593073,297.373619711616
80000,72.9439999998964,-397144.726819658,901452.189536507,504307.462716848,300.63438036902,308.327874479239,295.254855645232
80100,73.0351799998961,-369639.687733293,873553.050486432,503913.362753139,291.330015169729,294.900323330723,288.707034716425
80200,73.1263599998959,-383198.007446101,886699.187954881,503501.18050878,295.714253111516,293.231778959871,297.12280733502
80300,73.2175399998956,-372432.126810807,876281.840291688,503849.713480881,292.240066797295,289.109710978584,294.083437287437
80400,73.3087199998953,-393963.028731986,897074.60846375,503111.579731764,299.174456716275,306.854622514336,293.80503413697
80500,73.399899999895,-384023.715287011,886410.985960238,502387.270673227,295.618137722274,291.662289265842,298.009021578461
80600,73.4910799998948,-376716.621550389,878976.901198705,502260.279648316,293.138869834486,298.738490142988,289.161507237288
80700,73.5822599998945,-372430.285508774,874388.842231147,501958.556722373,291.608751786275,287.553515431547,294.069235396272
80800,73.6734399998942,-370525.409677067,872754.938125726,502229.528448659,291.063844630891,287.027382726406,293.512266030022
80900,73.7646199998939,-368560.986786756,871268.932204832,502707.945418077,290.568261532377,285.799626268745,293.505211490188
81000,73.8557999998937,-359130.453884273,862142.626477703,503012.17259343,287.524637811473,305.325308758194,275.417919982149
81100,73.9469799998934,-379444.211099656,881767.910550187,502323.699450531,294.069671685905,293.359856329663,294.297823863662
81200,74.0381599998931,-390503.53159422,892739.38003896,502235.84844474,297.728657675158,296.09910966698,298.566915799213
81300,74.1293399998928,-388876.682907821,890680.877585915,501804.194678094,297.042146935439,297.326017396098,296.605364839221
81400,74.2205199998926,-381931.823067399,882170.703697154,500238.880629755,294.204003234002,287.791864802878,298.233592185389
81500,74.3116999998923,-365415.17648416,866097.63369775,500682.45721359,288.843633049108,278.02092773874,295.818066895145
81600,74.402879999892,-388827.938617431,888833.021295893,500005.082678463,296.425886708652,298.906175335675,294.525339385045
81700,74.4940599998917,-355800.061686166,856023.823882111,500223.762195945,285.484016635688,281.373962688641,287.98614925319
81800,74.5852399998915,-380785.788441316,880118.972475911,499333.184034595,293.519750700654,299.403523466292,289.352635731311
81900,74.6764199998912,-373631.649110033,872524.141996067,498892.492886034,290.986874102407,289.767423652993,291.557352006931
82000,74.7675999998909,-397893.22157387,896446.747154241,498553.52558037,298.965064917205,302.938825095304,296.066753911042
82100,74.8587799998906,-367228.789305565,865470.843465668,498242.054160103,288.63459845445,289.419293243687,287.870939762914
82200,74.9499599998904,-390367.982480772,887809.063445606,497441.080964834,296.084396680209,294.237339176426,297.069031352164
82300,75.0411399998901,-390052.948079283,887053.140387569,497000.192308287,295.832296277328,304.871444306829,289.55967067743
82400,75.1323199998898,-395891.506276802,892969.142654167,497077.636377365,297.805283526485,309.529773968598,289.740785495473
82500,75.2234999998895,-390459.813732299,887365.303196466,496905.489464166,295.936402600122,296.47469109322,295.33092993589
82600,75.3146799998893,-405164.038058779,900956.212242721,495792.174183942,300.46897190019,301.2742510261,299.681728339668
82700,75.405859999889,-391961.534581569,887099.389482959,495137.854901389,295.847720354497,297.529635912564,294.479903548824
82800,75.4970399998887,-396513.790951079,891879.742992873,495365.952041794,297.441968648615,294.339576835614,299.262361550076
82900,75.5882199998884,-385971.227140429,881569.414362863,495598.187222434,294.003473190883,290.490719258463,296.100306251505
83000,75.6793999998881,-393515.451213105,889295.30304451,495779.851831404,296.580057710358,300.799797979116,293.519747483095
83100,75.7705799998879,-380988.622770919,877275.721629849,496287.098858931,292.571526306436,284.948343677321,297.409838453926
83200,75.8617599998876,-392942.896405923,889447.466515861,496504.570109937,296.630804240741,301.020282828338,293.457292845475
83300,75.9529399998873,-412222.763337188,908306.363034124,496083.599696935,302.920247801942,310.505510931437,297.610972175776
83400,76.044119999887,-393872.927914104,889918.55732602,496045.629411916,296.787913065206,302.744305555808,292.56966147725
83500,76.1352999998868,-390878.781808217,887997.89520683,497119.113398613,296.147372088321,306.517038707191,288.987471532334
83600,76.2264799998865,-396399.743465374,893070.271695061,496670.528229687,297.839010070055,302.780847936558,294.296252317328
83700,76.3176599998862,-380312.624365481,876507.553810019,496194.929444538,292.315342274477,279.997813875026,300.283431755549
83800,76.4088399998859,-375026.375672381,871338.930017642,496312.55434526,290.591605808785,298.583220754903,285.021702839864
83900,76.5000199998857,-386741.828298996,883198.77773816,496456.949439164,294.546866012393,296.246488186291,293.16832884145
84000,76.5911999998854,-378959.962238634,875382.402596456,496422.440357822,291.940104250944,280.528959025883,299.304250980777
84100,76.6823799998851,-367528.673784877,864432.913882787,496904.24009791,288.288448852022,304.377962276646,277.321866194896
84200,76.7735599998848,-371210.116032885,868196.282191708,496986.166158823,289.543532496818,285.754038273724,291.828575701799
84300,76.8647399998846,-379532.792247133,876753.900374956,497221.108127823,292.397498874422,290.31976552999,293.538989854983
84400,76.9559199998843,-392239.414360805,888954.451779601,496715.037418796,296.466383785093,308.531386821072,288.175993107954
84500,77.047099999884,-387995.138615455,884090.07921183,496094.940596374,294.844115128174,302.709202494737,289.355020121192
84600,77.1382799998837,-383161.076613336,879058.146293869,495897.069680533,293.165965080497,296.746039978182,290.53494351114
84700,77.2294599998835,-386742.658527731,882072.886600219,495330.228072489,294.171381224018,290.507920623543,296.368545473314
84800,77.3206399998832,-394493.246211023,889597.55352204,495104.307311017,296.680858269815,310.996680071513,286.889743020125
84900,77.4118199998829,-384864.445719027,879250.135706668,494385.68998764,293.229993565672,288.063593932549,296.429901659783
85000,77.5029999998826,-383370.51969453,877604.471177008,494233.951482478,292.681164307823,299.958139196527,287.585946745097
85100,77.5941799998824,-379668.775859028,874021.902294174,494353.126435146,291.486377286701,300.350873971796,285.333807515565
85200,77.6853599998821,-382437.96091697,877035.70505676,494597.74413979,292.4914807593,301.284922779026,286.38544317885
85300,77.7765399998818,-386107.428943517,880612.724361379,494505.295417862,293.684416995624,286.874353008987,297.979722639219
85400,77.8677199998815,-374120.558632907,869798.517348682,495677.958715775,290.077878055255,289.09159936091,290.493665619772
85500,77.9588999998813,-376907.977716067,873683.074301124,496775.096585057,291.37337812277,299.780234378995,285.52599613685
85600,78.050079999881,-370347.20501325,868045.357713705,497698.152700455,289.49319917082,302.179940872265,280.794127037214
85700,78.1412599998807,-377022.11553662,875228.580006477,498206.464469857,291.888804404361,286.545822606636,295.207551599174
85800,78.2324399998804,-375606.85571336,874617.670133438,499010.814420078,291.685065910768,293.635224165655,290.14188951925
85900,78.3236199998802,-382030.983213685,881838.54515279,499807.561939105,294.093228331763,281.980571076737,301.92325547817
86000,78.4147999998799,-357517.113300155,857350.631145119,499833.517844964,285.926506968524,282.418314297031,288.027029993712
86100,78.5059799998796,-372617.784788708,872683.464244038,500065.67945533,291.040008085389,299.228087193252,285.338755340076
86200,78.5971599998793,-360021.436656413,859917.972948815,499896.536292402,286.782715674109,276.031032820404,293.71151864685
86300,78.688339999879,-359970.113918539,860468.228404248,500498.114485709,286.966225914373,292.739255124353,282.878401252791
86400,78.7795199998788,-373433.662377821,874775.681664326,501342.019286506,291.737762769494,293.99528075402,289.989635977501
86500,78.8706999998785,-379947.275945721,880799.214582255,500851.938636534,293.746611499835,290.048047605229,295.96753191999
86600,78.9618799998782,-370338.496437172,871132.671771846,500794.175334674,290.522818666615,284.762468898138,294.120949496711
86700,79.0530599998779,-391126.899312723,891136.215019354,500009.315706631,297.194002007455,295.141834427764,298.31445205891
86800,79.1442399998777,-376471.066256167,875936.367205077,499465.30094891,292.124851494106,293.857125118947,290.726565034634
86900,79.2354199998774,-397371.865104213,896640.314264211,499268.449159998,299.029619564519,288.25413518748,305.964084466242
87000,79.3265999998771,-377252.097909705,875901.404825434,498649.306915728,292.11319153758,306.008217464185,282.60641326023
87100,79.4177799998768,-388065.468621857,886096.804475434,498031.335853577,295.513358170897,290.631922700117,298.52138735294
87200,79.5089599998766,-382961.542739097,880556.628173057,497595.085433961,293.665708912142,289.294024169363,296.335443983234
87300,79.6001399998763,-393280.474212353,891027.44424441,497746.970032057,297.157726944943,301.678491763173,293.896252293667
87400,79.691319999876,-377630.595355063,875486.240205381,497855.644850318,291.974734102178,296.44710266825,288.749842779712
87500,79.7824999998757,-370486.632485383,868564.919854725,498078.287369343,289.666473188169,285.921673094194,291.921617856496
87600,79.8736799998755,-370221.046156127,867806.253386792,497585.207230666,289.41345785786,281.922062715907,294.166543404281
87700,79.9648599998752,-372303.336612455,870056.041309573,497752.704697118,290.163762317683,281.18817224054,295.905685900514
87800,80.0560399998749,-369281.186518011,866781.408743232,497500.222225221,289.071672083786,293.987454482274,285.553590758058
87900,80.1472199998746,-375856.771279549,873713.928694281,497857.157414733,291.38366806546,289.107265794386,292.658449856122
88000,80.2383999998744,-402722.016586156,899838.991377011,497116.974790855,300.096378648328,290.012963150879,306.568575331087
88100,80.3295799998741,-356522.210098328,854190.280725668,497668.07062734,284.872529840143,281.173715014068,287.101012615992
88200,80.4207599998738,-380089.732420955,878441.11713347,498351.384712515,292.960185804059,290.415554270381,294.412473338341
88300,80.5119399998735,-365543.342332531,864162.36168209,498619.019349559,288.198219670532,293.13864734647,284.664436036848
88400,80.6031199998733,-389724.244244297,887863.637680744,498139.393436448,296.102597192178,293.060059487013,297.884203497961
88500,80.694299999873,-386756.974720642,884850.854334547,498093.879613905,295.09783369503,289.347790217993,298.685281151642
88600,80.7854799998727,-397020.859691973,894688.540501615,497667.680809642,298.378702851964,289.902282110713,303.781001093755
88700,80.8766599998724,-382978.310961432,880641.816340756,497663.505379323,293.694119173172,290.949832555185,295.278898485852
88800,80.9678399998722,-394968.060118628,892081.207104069,497113.146985441,297.509156946496,297.092572385855,297.538955689468
88900,81.0590199998719,-386827.048780932,883577.085894852,496750.03711392,294.673031814191,305.430098669012,287.256093051131
89000,81.1501999998716,-399671.327929554,896383.487706085,496712.159776531,298.943967885971,306.114104343796,293.914756940849
89100,81.2413799998713,-378928.691132294,874862.348691948,495933.657559654,291.766666230431,285.263850579253,295.858737776025
89200,81.3325599998711,-383548.947626438,878993.196981425,495444.249354987,293.144304479381,283.774078519066,299.146834865858
89300,81.4237399998708,-395775.916925605,890971.170785673,495195.253860068,297.138959741762,295.328421996212,298.098369105676
89400,81.5149199998705,-391747.436734293,886421.299128335,494673.862394042,295.621577164694,301.92250155249,291.17460959186
89500,81.6060999998702,-377079.593494435,871457.389817444,494377.796323009,290.631112161896,285.612350663482,293.73476056737
89600,81.6972799998699,-387467.554210633,881277.28039773,493809.726187097,293.906046489155,293.015493901578,294.254826508798
89700,81.7884599998697,-377527.352273674,871813.103660696,494285.751387022,290.749742758278,314.30075285896,274.806777905523
89800,81.8796399998694,-379889.311580357,874468.608860616,494579.297280259,291.635353963854,294.592086489079,289.421169485401
89900,81.9708199998691,-383773.540553116,878591.997769375,494818.457216259,293.010504508713,292.325338550114,293.223106394021
90000,82.0619999998688,-387084.250432958,881457.400567168,494373.15013421,293.96611658068,304.920976963612,286.417904561573
90100,82.1531799998686,-378675.675639879,873675.166157779,494999.4905179,291.370740756304,293.22172662365,289.893941227444
90200,82.2443599998683,-381633.75610725,876472.550681912,494838.794574662,292.303668728335,295.862641035772,289.68743413277
90300,82.335539999868,-378556.823263486,873324.117357133,494767.294093647,291.25366595202,289.450751570226,292.212897484924
90400,82.4267199998677,-382575.016876496,877321.86699376,494746.850117263,292.586915789148,294.725949878092,290.917070633361
90500,82.5178999998675,-373000.850802901,867685.650412997,494684.799610096,289.373236756044,302.079372440914,280.661335268834
90600,82.6090799998672,-378959.18287647,873968.279457742,495009.096581272,291.46849406628,302.590458282511,283.810960843739
90700,82.7002599998669,-385317.301387862,880270.713396067,494953.412008205,293.570356310177,300.599182117341,288.639830475143
90800,82.7914399998666,-380331.777040191,875369.444364384,495037.667324192,291.935782679468,286.56188218787,295.275103188301
90900,82.8826199998664,-388052.67560407,883858.927726969,495806.252122899,294.767026088701,298.737544676827,291.874374508209
91000,82.9737999998661,-378561.897006485,873853.850075273,495291.953068788,291.430331857686,299.343626700562,285.911943352554
91100,83.0649799998658,-385770.425923612,880070.6433603,494300.217436689,293.503632936568,303.514207048728,286.585330501015
91200,83.1561599998655,-373687.349430696,867499.672311711,493812.322881015,289.311213043759,294.754239468108,285.441436083322
91300,83.2473399998653,-398025.711412168,891543.69881525,493517.987403082,297.32989788736,301.97274797642,293.986889579748
91400,83.338519999865,-398537.776209504,891438.016563199,492900.240353696,297.29465284749,304.096561484212,292.512301545636
91500,83.4296999998647,-409295.615761964,901642.687245307,492347.071483343,300.697911370788,298.857925821436,301.67398681088
91600,83.5208799998644,-395692.201406502,887733.16835782,492040.966951317,296.059085662104,305.884989521889,289.261767184195
91700,83.6120599998642,-384856.088743304,877566.993010042,492710.904266738,292.668665336015,292.009974486939,292.863902014287
91800,83.7032399998639,-378471.451452496,871803.049391016,493331.59793852,290.746389658501,296.907496464695,286.39669646299
91900,83.7944199998636,-380360.593480815,873965.347012187,493604.753531372,291.467516095443,284.207427039469,296.064685869346
92000,83.8855999998633,-397139.480153173,890541.976383609,493402.496230435,296.995823372889,304.289615598326,291.885798703121
92100,83.9767799998631,-397009.496618169,889357.284401994,492347.787783825,296.600728498247,301.251875814211,293.252796347189
92200,84.0679599998628,-390846.554233317,883040.585054068,492194.030820751,294.494108739059,304.213232333686,287.769281252025
92300,84.1591399998625,-398581.947304687,890930.42091027,492348.473605583,297.125369654917,289.315587499988,302.084286616824
92400,84.2503199998622,-394545.842168494,886623.380632106,492077.538463612,295.68897136305,291.831450789787,298.01424426909
92500,84.341499999862,-399029.177802814,891225.903811686,492196.726008873,297.223913227176,302.093018860666,293.730156210493
92600,84.4326799998617,-370024.027134691,861725.936686189,491701.909551499,287.385671731262,285.394222090714,288.473816765185
92700,84.5238599998614,-405405.698578632,896031.115131667,490625.416553036,298.826451603024,302.567978567666,296.08307825026
92800,84.6150399998611,-389360.797101609,879961.300024706,490600.502923097,293.467166925031,295.19006951561,292.074009225541
92900,84.7062199998608,-398548.281647157,889791.860874092,491243.579226934,296.745659787925,300.733931314578,293.839524053666
93000,84.7973999998606,-391043.524093754,882485.621181261,491442.097087506,294.309028241207,295.80439766031,293.066857771604
93100,84.8885799998603,-403455.405559921,894610.078017531,491154.67245761,298.352535606981,310.557968607783,289.966953160106
93200,84.97975999986,-393777.231657229,885373.995462558,491596.763805329,295.272301304838,296.501192198199,294.206980458177
93300,85.0709399998597,-392148.285331156,884400.185871587,492251.900540431,294.947535725058,304.949503697246,288.033767463828
93400,85.1621199998595,-382798.868947278,874792.492778819,491993.623831542,291.743369277578,296.413100127114,288.387095903491
93500,85.2532999998592,-380740.914471484,872597.643639235,491856.729167751,291.011386906532,294.902151755499,288.175034184798
93600,85.3444799998589,-388057.917872812,880368.38381986,492310.465947048,293.602929404656,287.604230958773,297.357392594073
93700,85.4356599998586,-384486.74623264,877129.690816131,492642.944583491,292.522825017886,289.187542407012,294.502577737622
93800,85.5268399998584,-392079.037642083,884415.473550018,492336.435907935,294.95263416709,298.150199287868,292.575130224766
93900,85.6180199998581,-374776.300931161,867402.820916103,492626.519984942,289.278913095249,301.501568346463,280.889410500192
94000,85.7091999998578,-395236.037582895,888085.513736734,492849.476153839,296.176592875349,303.323603228632,291.165105479099
94100,85.8003799998575,-370267.175327562,862744.068145104,492476.892817542,287.725218657697,307.623556741817,274.219888919403
94200,85.8915599998573,-392724.690227754,885129.244901746,492404.554673992,295.190676972401,296.306016700753,294.201124922692
94300,85.982739999857,-373131.711679347,865590.368189796,492458.656510449,288.674459959912,292.200307106875,286.083333145304
94400,86.0739199998567,-398566.660667874,891262.72374807,492696.063080195,297.236192679029,306.097922005498,291.080676300818
94500,86.1650999998564,-359819.763098607,852607.459749229,492787.696650621,284.344658912533,287.958482401107,281.698489371057
94600,86.2562799998562,-376567.793820354,870345.521840373,493777.728020019,290.26030409884,287.908452545077,291.586321547934
94700,86.3474599998559,-373656.866225498,867822.349300648,494165.483075149,289.418825846473,283.472855153521,293.141623953567
94800,86.4386399998556,-382841.50894282,877583.275055056,494741.766112236,292.674095399385,299.329600766036,287.99319674212
94900,86.5298199998553,-366398.536795073,861406.446819713,495007.91002464,287.279121834155,294.698788083632,282.093278399642
95000,86.6209999998551,-377835.671491145,873504.142322797,495668.470831653,291.313704293079,292.789253014881,290.087243724967
95100,86.7121799998548,-372949.840593668,868997.78358651,496047.942992843,289.81083327881,295.6743923404,285.660284876684
95200,86.8033599998545,-380851.871124126,876951.108715676,496099.23759155,292.463267872495,302.522730243203,285.513240235462
95300,86.8945399998542,-362520.03464499,859067.71894305,496547.68429806,286.499155892296,290.978553688288,283.274141398391
95400,86.985719999854,-387051.902875757,883405.944496758,496354.041621001,294.615956143658,294.068436994002,294.735455613308
95500,87.0768999998537,-362484.40990434,858865.405435415,496380.995531075,286.431684320632,289.146926166511,284.382830019778
95600,87.1680799998534,-385098.982637735,881363.945887448,496264.963249713,293.934949437201,292.239257754626,294.82046476772
95700,87.2592599998531,-374890.535822341,870974.301630231,496083.76580789,290.470002211183,296.860121861346,285.967864109232
95800,87.3504399998529,-387871.265293429,884003.584894186,496132.319600757,294.815269266028,286.007214110063,300.441626645619
95900,87.4416199998526,-371240.622559928,867299.413850875,496058.791290946,289.244426830373,290.699059854423,288.033634458648
96000,87.5327999998523,-369317.066168478,865309.810342051,495992.744173572,288.580893894297,291.025267531502,286.710827391249
96100,87.623979999852,-375768.366496471,872531.134065809,496762.767569338,290.989205958249,290.311055355867,291.198815354872
96200,87.7151599998517,-380738.909207822,877706.038995179,496967.129787357,292.715037183652,298.947586794285,288.316074912244
96300,87.8063399998515,-366391.881173809,863730.100317057,497338.219143248,288.054060469253,286.413229637364,288.907902640121
96400,87.8975199998512,-368973.507216191,867053.792228345,498080.285012154,289.162511998781,300.257307866107,281.525012660565
96500,87.9886999998509,-361581.973543028,859445.284652727,497863.311109699,286.625074087953,294.390438749033,281.209310085493
96600,88.0798799998506,-372648.115662218,870637.233784586,497989.118122368,290.357590056557,293.900698326476,287.75355321823
96700,88.1710599998504,-356600.8635951,856212.134454889,499611.270859789,285.54681822741,289.333537596686,282.784382966036
96800,88.2622399998501,-380679.197966581,880954.458385198,500275.260418617,293.79838532106,293.257939877441,293.913850295705
96900,88.3534199998498,-370010.863516398,870136.956456087,500126.09293969,290.190747525792,294.014683224322,287.399631437168
97000,88.4445999998495,-373031.234941088,873051.175689913,500019.940748824,291.162639883246,296.115385362544,287.618174030478
97100,88.5357799998493,-365298.093550285,865600.718889586,500302.625339301,288.677911919155,288.242386964879,288.727696962073
97200,88.626959999849,-364860.574786088,866252.40362782,501391.828841732,288.89524883369,283.092813998257,292.522792683284
97300,88.7181399998487,-375842.766908854,876667.380953705,500824.614044851,292.368644640222,303.866858471473,284.459528215521
97400,88.8093199998484,-377088.27499515,877837.943826205,500749.668831055,292.759027455796,308.73846836853,281.862100991092
97500,88.9004999998482,-404670.94046622,904999.504465043,500328.563998823,301.817410193445,305.703129352616,298.975416245503
97600,88.9916799998479,-379801.428665152,879940.076140733,500138.647475581,293.460088757957,294.131025248921,292.768247690016
97700,89.0828599998476,-368882.450601475,869942.483189737,501060.032588262,290.12589067525,299.339010519579,283.742039203469
97800,89.1740399998473,-370103.860782331,871368.791838619,501264.931056288,290.601564728571,296.509782399904,286.420584977074
97900,89.2652199998471,-361736.637449117,863778.88881174,502042.251362623,288.070331436298,281.584271601855,292.154312716397
98000,89.3563999998468,-385498.379877767,887245.986908894,501747.607031127,295.896610608269,301.922579657563,291.6327173999
98100,89.4475799998465,-369604.987839668,871657.117247737,502052.129408069,290.697721276551,292.860084058004,289.01389798785
98200,89.5387599998462,-389185.432430436,891140.020408031,501954.587977595,297.195271104896,311.954762716952,287.107947304271
98300,89.629939999846,-357631.892491364,860257.752443204,502625.85995184,286.896032163817,278.771052059346,292.073605539994
98400,89.7211199998457,-373432.634339911,876477.256796522,503044.622456611,292.30523821795,288.196527345966,294.800791100757
98500,89.8122999998454,-357958.556845868,861977.226505729,504018.669659861,287.46947690703,288.218578023223,286.730518265479
98600,89.9034799998451,-374190.586932413,879003.726693799,504813.139761386,293.147816139336,306.471882757453,284.020815213808
98700,89.9946599998449,-363894.271416615,868270.984730092,504376.713313478,289.568445799597,284.672105205605,292.591365824092
98800,90.0858399998446,-362862.153528519,867340.681655579,504478.52812706,289.258189646683,288.393675165472,289.593484142784
98900,90.1770199998443,-401927.054969179,906306.911523392,504379.856554213,302.253430556409,303.084170389357,301.447726142312
99000,90.268199999844,-358884.728932186,863731.512214018,504846.783281832,288.054531337008,282.259666742238,291.677728957407
99100,90.3593799998438,-383997.962596416,889142.151714609,505144.189118193,296.528981729067,276.850066762966,309.401150888359
99200,90.4505599998435,-358457.847791508,863164.779979056,504706.932187548,287.865526089397,292.972260645887,284.221148446662
99300,90.5417399998432,-374234.888980925,879828.806347721,505593.917366796,293.42298027271,289.302438873359,295.925488722049
99400,90.6329199998429,-349195.013487255,855978.6585409,506783.645053645,285.468953990629,284.318836341968,285.997808294743
99500,90.7240999998427,-390641.103861323,897569.773078713,506928.66921739,299.339594156649,293.082312020254,303.261665919116
99600,90.8152799998424,-357856.927654894,864501.616542565,506644.688887671,288.311361194786,292.150764557058,285.511499485608
99700,90.9064599998421,-372577.628604267,879115.080828457,506537.45222419,293.184952752529,291.346729164094,294.166114350857
99800,90.9976399998418,-384226.020894243,891024.421762315,506798.400868072,297.156718946912,301.572851735055,293.96499982236
99900,91.0888199998415,-377226.785004982,883579.334599737,506352.549594755,294.673781757458,293.167001911334,295.432740170076
100000,91.1799999998413,-387798.239538072,894488.366963439,506690.127425367,298.311944960293,310.910449015752,289.664348969188
