step,time,Epot,Ekin,Etot,T,T_CH3_K,T_CH2_K
100,0.0911800000000001,-401780.931857824,865738.610779156,463957.678921332,288.723898875823,298.539809231852,281.939355389407
200,0.18236,-403941.637019709,870194.529443772,466252.892424063,290.209948121985,299.429316511147,283.821860905775
300,0.273539999999999,-391290.801719609,859188.001577322,467897.199857713,286.539270160854,292.748144097333,282.161238144735
400,0.364720000000001,-405442.745761049,874173.067746932,468730.321985883,291.5367909778,299.321244196092,286.104208173122
500,0.455900000000003,-411252.705321876,880514.743745009,469262.038423133,293.651740451896,306.205813578347,285.037648583885
600,0.547080000000005,-408113.2945381,878259.051161168,470145.756623067,292.899466787116,311.203514470138,280.452685442779
700,0.638260000000007,-397271.533457815,868607.907252186,471336.373794371,289.680809488806,280.423736994353,295.610790477201
800,0.729440000000008,-413327.465383299,885757.377689682,472429.912306382,295.400159309549,306.559925146785,287.714148618634
900,0.82062000000001,-413820.557571787,887664.156196,473843.598624213,296.036070100383,310.99191111111,285.818812701483
1000,0.911800000000012,-387589.20380622,861692.267236736,474103.063430516,287.374442967062,304.623075925426,275.635875625681
1100,1.00298000000001,-383486.381752589,858872.914903146,475386.533150558,286.434188728747,304.690070473452,274.024905741668
1200,1.09416,-397468.95489098,872792.107901248,475323.153010268,291.076240754126,301.728229899331,283.732351123362
1300,1.18533999999999,-411304.136041032,886615.175262345,475311.039221314,295.686234871551,299.127859783266,293.145413068015
1400,1.27651999999999,-401452.335633716,876991.006475426,475538.67084171,292.476573778698,299.240354240322,287.723656326134
1500,1.36769999999998,-406739.673708276,882662.795878611,475923.122170335,294.368116017546,298.10878112111,291.629032518489
1600,1.45887999999997,-389903.535231183,867022.21449253,477118.679261348,289.151980821254,298.742643633753,282.517245628904
1700,1.55005999999996,-398932.826385753,876632.063709407,477699.237323653,292.356866336304,304.389330610095,284.091592765163
1800,1.64123999999995,-404999.323988884,882284.251246969,477284.927258085,294.241871351332,298.386114422838,291.233841077536
1900,1.73241999999994,-384914.901223518,862357.061357344,477442.160133826,287.596151861712,304.756124304287,275.916506773443
2000,1.82359999999993,-397877.149647765,875451.160635674,477574.010987908,291.963035062756,302.409393235175,284.755493751923
2100,1.91477999999992,-404091.537402854,882312.417638086,478220.880235232,294.251264845118,303.51073740166,287.833073753385
2200,2.00595999999991,-404223.116094084,882697.051108861,478473.935014776,294.37954013969,309.367673832221,284.142134727887
2300,2.0971399999999,-396166.62515098,875676.697288615,479510.072137635,292.038251555316,311.04692601501,279.122436705889
2400,2.18831999999989,-407521.690308821,887534.168997712,480012.478688891,295.992719358917,303.522903380152,290.725936078627
2500,2.27949999999988,-397259.7818449,877425.577560821,480165.795715921,292.62150327191,297.936262142713,288.834479438646
2600,2.37067999999987,-389229.708256345,869589.070135558,480359.361879213,290.008027392215,299.125240120336,283.688212217309
2700,2.46185999999987,-400075.393957607,881872.565052152,481797.171094545,294.104573971036,300.577493648509,289.54420704108
2800,2.55303999999986,-409756.711531423,891256.611967699,481499.900436276,297.234154399766,298.227367212709,296.324317395805
2900,2.64421999999985,-394117.715058838,875324.645671519,481206.930612681,291.920842311662,310.979601983397,278.971735161912
3000,2.73539999999984,-380077.408282081,861780.063279669,481702.654997588,287.4037229547,302.642243088323,277.005206429823
3100,2.82657999999983,-416536.926389484,898271.092302421,481734.165912937,299.573484176229,303.660286696566,296.599304592523
3200,2.91775999999982,-392857.499301797,875232.446877692,482374.947575895,291.890094006234,303.211734714947,284.099091788753
3300,3.00893999999981,-410934.706719093,892647.57462826,481712.867909166,297.698040563035,317.654606846543,284.145581340226
3400,3.1001199999998,-375729.743194645,857953.628829833,482223.885635188,286.127606746651,299.35226484038,277.072728345211
3500,3.19129999999979,-409417.426578484,892185.699068751,482768.272490267,297.54400502543,314.374678927561,286.075602419821
3600,3.28247999999978,-393847.398403194,876807.796097282,482960.397694088,292.415473102312,312.458245060834,278.809945569046
3700,3.37365999999977,-406381.370485567,889093.915651369,482712.545165802,296.512894997955,300.332554117817,293.71936150555
3800,3.46483999999976,-386592.857655611,869584.666215352,482991.808559742,290.00655868446,301.786724576197,281.911442624398
3900,3.55601999999975,-394867.344686006,877880.698749429,483013.354063423,292.773286226256,311.707216889197,279.906688045774
4000,3.64719999999974,-397679.854050279,880958.958832312,483279.104782033,293.799886220548,310.842112456575,282.193568824679
4100,3.73837999999974,-394477.561462134,877600.669844873,483123.108382739,292.679896563239,304.378995507491,284.636597353268
4200,3.82955999999973,-383677.725618484,867243.994221959,483566.268603476,289.225944379509,290.096260064198,288.404712302734
4300,3.92073999999972,-376422.612931568,861133.1976703,484710.584738732,287.187993220043,297.223691894947,280.258204109091
4400,4.01191999999971,-405417.645271719,889860.952808362,484443.307536643,296.768701953764,300.535434087212,294.010239946504
4500,4.1030999999997,-384546.902464138,870181.367339522,485634.464875384,290.20555855912,302.55154442825,281.733063347569
4600,4.19427999999969,-393789.000326461,878942.932677228,485153.932350767,293.127541329741,291.077905007826,294.249692593243
4700,4.28545999999968,-399290.036135876,884908.840287554,485618.804151678,295.117172015192,300.230358679152,291.462449929207
4800,4.37663999999967,-394062.068503079,879283.842394478,485221.773891398,293.241234748867,315.613225769857,278.082206372583
4900,4.46781999999966,-377138.643686286,862311.298432603,485172.654746317,287.580889922496,288.251322009985,286.8942844559
5000,4.55899999999965,-382417.111605108,867390.654540148,484973.54293504,289.274855607853,289.413503346039,288.941361402723
5100,4.65017999999964,-392276.7369582,877519.425414161,485242.688455961,292.652801538823,303.114236758661,285.434634057649
5200,4.74135999999963,-386686.844744801,872523.71599492,485836.871250118,290.986732030989,297.640755870458,286.308227194651
5300,4.83253999999962,-367853.591612629,854761.932754435,486908.341141806,285.063175839398,289.404452495667,281.931438755353
5400,4.92371999999961,-367508.63599401,855131.846579395,487623.210585384,285.186542130864,300.442743007555,274.778086094626
5500,5.01489999999961,-392934.847505871,880979.993334727,488045.145828856,293.806901228857,300.652433121844,288.998374215841
5600,5.1060799999996,-388352.599610083,877030.615395189,488678.015785106,292.489783356741,292.834232115624,292.016409364689
5700,5.19725999999959,-381992.947979764,870767.383352938,488774.435373174,290.400994948454,299.866075402072,283.848940483584
5800,5.28843999999958,-376419.452253934,865798.988244754,489379.535990819,288.744034765634,289.969488162675,287.686445805302
5900,5.37961999999957,-389569.422415448,879380.609092188,489811.18667674,293.273506450621,298.663595843409,289.435718933387
6000,5.47079999999956,-405612.585845709,895887.358919711,490274.773074002,298.778508894351,299.310842230919,298.174637912559
6100,5.56197999999955,-380674.550673517,870464.878433952,489790.327760435,290.30010953275,294.924871053746,286.975018427475
6200,5.65315999999954,-371118.751907552,861431.682391415,490312.930483863,287.287537899421,308.768690993333,272.727362888564
6300,5.74433999999953,-386741.802984775,877475.659038044,490733.856053269,292.638205448739,303.408051706222,285.214442772542
6400,5.83551999999952,-380735.028152252,871620.478864636,490885.450712384,290.685502372732,286.538428517755,293.207980357406
6500,5.92669999999951,-377450.823507299,869385.466165035,491934.642657736,289.940125451071,296.33590891893,285.434653034622
6600,6.0178799999995,-406720.931961993,898207.032572358,491486.100610365,299.552120250912,311.39193131913,291.409286105223
6700,6.10905999999949,-368483.241936427,860349.09814757,491865.856211143,286.926495963839,298.619314624532,278.892178110073
6800,6.20023999999948,-374637.440030475,867389.059127745,492751.619097271,289.274323537684,289.859511049303,288.643136593657
6900,6.29141999999948,-381209.345411019,875309.510427848,494100.165016829,291.915794706636,306.575646351807,281.899297114267
7000,6.38259999999947,-376333.624459331,870858.788989403,494525.164530072,290.431478735836,300.176279911024,283.692918386763
7100,6.47377999999946,-365065.92291723,859482.965762252,494417.042845022,286.637640741121,302.028191240237,276.138409041093
7200,6.56495999999945,-384243.438494044,879021.979301867,494778.540807823,293.153903385649,290.506637516924,294.674452378642
7300,6.65613999999944,-378664.118403757,873508.421868513,494844.303464757,291.315131521932,297.731835378304,286.794566341415
7400,6.74731999999943,-406603.000326496,900649.372360014,494046.372033517,300.366640773725,323.573141817274,284.645334544048
7500,6.83849999999942,-376198.6261663,870891.756274368,494693.130108068,290.44247332812,301.244663761517,282.998977644748
7600,6.92967999999941,-394709.945966318,888794.140606014,494084.194639697,296.412919995336,302.108737952649,292.36869725713
7700,7.0208599999994,-362476.26339925,856228.874600187,493752.611200937,285.552401067263,307.413521663299,270.740360335683
7800,7.11203999999939,-391947.853577608,885941.668081655,493993.814504047,295.461620170637,302.607081014313,290.451761591378
7900,7.20321999999938,-399399.632525388,893256.671935027,493857.039409639,297.901174565625,309.711771149107,289.779192531166
8000,7.29439999999937,-387966.499276871,881262.30864955,493295.809372679,293.901053409888,311.373651716889,282.007736994046
8100,7.38557999999936,-375365.570880293,867561.195062788,492195.624182495,289.331730886372,294.100623805119,285.911359164801
8200,7.47675999999935,-373643.180983354,866082.079019282,492438.898035928,288.838445562542,293.58596768687,285.432732108355
8300,7.56793999999935,-388987.034781524,882160.393665525,493173.358884001,294.200564837594,311.798988748225,282.223115093142
8400,7.65911999999934,-398858.356510859,892404.733883671,493546.377372812,297.617053154468,309.701082507226,289.313019375
8500,7.75029999999933,-365052.47471404,857999.161645959,492946.686931919,286.142791944625,283.736920418102,287.508253969021
8600,7.84147999999932,-371945.476552665,865614.700258332,493669.223705668,288.682574706797,301.915097286369,279.620324174826
8700,7.93265999999931,-375088.396559039,869200.002305387,494111.605746348,289.878273238415,283.027415825696,294.203946285863
8800,8.02383999999932,-387822.866500076,881558.25699503,493735.390494954,293.99975220778,308.613892130081,284.011992466074
8900,8.1150199999994,-381806.708375206,875727.65105297,493920.942677764,292.055244639977,302.549964178921,284.815385576815
9000,8.20619999999948,-377408.054818931,871346.239817138,493938.184998207,290.594043627526,299.014020594305,284.738563946652
9100,8.29737999999956,-383029.301756268,876450.197976439,493420.896220171,292.296214099196,305.738679707261,283.090990182071
9200,8.38855999999964,-389733.310205757,882704.469062669,492971.158856912,294.382014027904,302.369608034732,288.811633011662
9300,8.47973999999972,-385338.169806464,877765.199799008,492427.029992544,292.734767316661,295.812511827491,290.438992003344
9400,8.5709199999998,-385477.697092728,877965.344251224,492487.647158496,292.801515508162,304.537421687548,284.733576792315
9500,8.66209999999988,-399694.579455393,891883.618909152,492189.039453759,297.443261267017,312.583378689047,287.101980267942
9600,8.75327999999996,-395991.91750872,888112.85267278,492120.935164061,296.1857104128,302.111818621318,291.988150181777
9700,8.84446000000004,-395607.346872841,887730.889565877,492123.542693036,296.058325684801,285.860202560923,302.61035916265
9800,8.93564000000012,-407256.128634917,897893.928311259,490637.799676343,299.44769995373,305.988179686431,294.837840381969
9900,9.0268200000002,-409390.050900234,898952.807859198,489562.756958964,299.800836371251,301.784599461374,298.228493614194
10000,9.11800000000028,-394906.510325185,883185.259434418,488278.749109233,294.542357656968,295.972956814501,293.343172920566
10100,9.20918000000036,-396338.972514115,884292.274752236,487953.302238121,294.911547357758,303.728209758799,288.788012800932
10200,9.30036000000044,-418061.838057789,904687.64651937,486625.808461581,301.713405542561,309.359057652374,296.364876298067
10300,9.39154000000052,-388505.14366134,874467.67078835,485962.52712701,291.635041116675,293.252179553345,290.313919624632
10400,9.4827200000006,-381219.357817743,868620.337862152,487400.980044409,289.684955098266,298.237923258354,283.741572195627
10500,9.57390000000068,-396918.741984389,884697.239103323,487778.497118934,295.046603002609,303.699321236803,289.032252010643
10600,9.66508000000075,-379681.950086517,867832.155218293,488150.205131775,289.422096120825,302.280983723963,280.608319305298
10700,9.75626000000083,-386675.873338718,874504.792058374,487828.918719656,291.647421063323,305.927328749249,281.884443088486
10800,9.84744000000091,-382410.296297578,870551.525973589,488141.229676011,290.329006494444,290.855952100287,289.735768585136
10900,9.93862000000099,-408789.876261853,897102.716697957,488312.840436104,299.183830814726,310.360120126152,291.483651414764
11000,10.0298000000011,-393210.617799295,880738.958234831,487528.340435535,293.726516002945,306.108169971497,285.22730792724
11100,10.1209800000012,-363504.394985025,851098.189052467,487593.794067442,283.841317009327,290.196325591838,279.368110190145
11200,10.2121600000012,-402178.500108469,889826.314660606,487647.814552137,296.7571501286,325.17346378654,277.565643398198
11300,10.3033400000013,-382225.693429175,869383.69174756,487157.998318386,289.939533682695,294.146652107313,286.893171788213
11400,10.3945200000014,-375647.273317812,863392.550036383,487745.276718571,287.941487422506,288.882445259581,287.074230958271
11500,10.4857000000015,-372873.216799341,861709.884422172,488836.667622831,287.380318299874,293.467899896923,283.082446969925
11600,10.5768800000015,-384701.2675157,874575.148056901,489873.880541201,291.670884794698,304.656780806971,282.770561715853
11700,10.6680600000016,-367110.884231963,857689.191000981,490578.306769019,286.039416708682,297.004590165031,278.490934890524
11800,10.7592400000017,-382432.540525618,873466.726439289,491034.185913671,291.301226092809,292.236295700671,290.435095332491
11900,10.8504200000018,-372653.647967398,864872.324937458,492218.67697006,288.434992475391,299.205158529959,281.014519278615
12000,10.9416000000019,-382044.25295007,874750.185268179,492705.932318108,291.729259719253,297.688589515767,287.513265471809
12100,11.0327800000019,-382784.215520834,875269.502980766,492485.287459932,291.902452219698,303.605564797741,283.857125124155
12200,11.123960000002,-384100.136638161,876784.407357309,492684.270719148,292.407672955581,309.306454015532,280.898145854818
12300,11.2151400000021,-397819.33100633,889840.444079326,492021.113072997,296.761862290921,301.724853137619,293.205900174546
12400,11.3063200000022,-386192.656527662,877426.649972635,491233.993444973,292.621860921339,296.050213144823,290.092441221582
12500,11.3975000000023,-385180.193133908,875674.629293209,490494.436159301,292.037561878676,300.045780912069,286.455384554848
12600,11.4886800000023,-389025.879418981,879590.790013881,490564.9105949,293.34360180553,288.684678887531,296.205097416024
12700,11.5798600000024,-392091.855665055,882347.008819145,490255.153154091,294.262801006885,295.556292610479,293.155254270316
12800,11.6710400000025,-388553.800164241,878911.365405176,490357.565240935,293.117013641879,307.958762150076,282.978250458378
12900,11.7622200000026,-386170.381031374,876068.951489039,489898.570457665,292.169068363862,290.80750227186,292.833304868226
13000,11.8534000000027,-392258.273707581,882056.838987169,489798.565279588,294.166029343728,294.72178027488,293.550390365175
13100,11.9445800000027,-375919.339672993,866000.453425133,490081.113752141,288.811223420088,289.679338303047,287.991804145266
13200,12.0357600000028,-383283.437491659,873556.019951618,490272.582459959,291.331005486616,301.696464498024,284.177923641106
13300,12.1269400000029,-374494.272370144,865959.818777569,491465.546407425,288.797671761737,301.124548989417,280.339088883483
13400,12.218120000003,-380359.266368224,872155.033754081,491795.767385856,290.86377647293,291.734764324922,290.040731424541
13500,12.3093000000031,-379403.122549479,871374.631165532,491971.508616053,290.603512144583,307.164120432755,279.320937025681
13600,12.4004800000031,-393398.209339237,884961.205043748,491562.995704511,295.134635665749,298.572158242822,292.597008417979
13700,12.4916600000032,-363836.272109711,856446.957885119,492610.685775408,285.62513186097,292.700711160882,280.670058051145
13800,12.5828400000033,-393028.422536865,886520.603870869,493492.181334004,295.654695304609,300.263914759066,292.335503422217
13900,12.6740200000034,-391782.490237889,884459.070681259,492676.58044337,294.967173813993,289.087298018499,298.641285032811
14000,12.7652000000035,-397405.297989956,889475.907650184,492070.609660228,296.640289361409,302.134471635882,292.730300937292
14100,12.8563800000035,-393479.874046001,885561.942686637,492082.068640636,295.334981719739,304.151744912546,289.211027106434
14200,12.9475600000036,-410932.399186605,902754.476540981,491822.077354375,301.06869319359,314.929470700556,291.577284277952
14300,13.0387400000037,-394469.299264369,885787.52057734,491318.221312972,295.410211965096,305.987903538815,288.112242405979
14400,13.1299200000038,-390342.16552953,882043.012821705,491700.847292175,294.161418316393,302.608798118903,288.284697266124
14500,13.2211000000039,-401364.071231571,893797.96138573,492433.89015416,298.081694642565,305.37101158544,292.973748601781
14600,13.3122800000039,-384186.84583666,876688.771109675,492501.925273015,292.375778259021,301.78484325471,285.859421780012
14700,13.403460000004,-394056.606239639,886094.806625727,492038.200386088,295.512691887853,303.391880339716,290.013639010038
14800,13.4946400000041,-383368.220420226,875247.453427427,491879.233007202,291.895098691822,296.312473240682,288.706936410339
14900,13.5858200000042,-386912.35003789,879248.73326584,492336.38322795,293.229525851539,305.186192335661,285.014056923915
15000,13.6770000000043,-383600.943679071,876150.474712351,492549.53103328,292.196256365633,291.346995007249,292.518933724252
15100,13.7681800000043,-401369.00356149,893205.767209536,491836.763648046,297.88419783543,306.225977100192,292.074774827393
15200,13.8593600000044,-392876.335731634,883870.014029996,490993.678298362,294.770723371684,308.33587730635,285.481645145764
15300,13.9505400000045,-393137.871757905,883625.126526862,490487.254768957,294.689053368972,305.538463460632,287.210539096723
15400,14.0417200000046,-393869.157822432,884310.50449097,490441.346668537,294.917626977145,306.854382962379,286.714024964509
15500,14.1329000000047,-401723.287525822,892662.010303697,490938.722777875,297.702854861997,290.747378942842,302.091753095714
15600,14.2240800000047,-388675.992275556,879374.351975209,490698.359699653,293.271419701587,292.802614101974,293.339563918245
15700,14.3152600000048,-387742.672314776,879080.988869303,491338.316554528,293.173583081308,296.299263433453,290.845484860644
15800,14.4064400000049,-386367.239680061,878273.763504691,491906.523824629,292.904373354908,289.813778109596,294.720683207319
15900,14.497620000005,-378598.661410162,870136.847393147,491538.185982986,290.190711153292,288.29806372849,291.210650510533
16000,14.588800000005,-395066.708312216,886896.174405271,491829.466093054,295.779948109145,300.771208256906,292.205958053879
16100,14.6799800000051,-398851.817889705,889374.138055172,490522.320165467,296.606349192987,305.980618787848,290.109664172087
16200,14.7711600000052,-396544.219680646,886411.427373903,489867.207693257,295.618284933768,313.525016517001,283.434115307501
16300,14.8623400000053,-408535.065987906,897149.746717347,488614.680729442,299.199515330114,305.416287479118,294.805667634671
16400,14.9535200000054,-406013.918747268,894030.950006422,488017.031259154,298.159396366991,297.921190774397,298.06973393175
16500,15.0447000000054,-397489.266774408,885539.823152542,488050.556378135,295.327604853274,298.082395006304,293.244971747209
16600,15.1358800000055,-378691.153345791,866813.061909998,488121.908564207,289.082228417542,290.809943173522,287.689516723206
16700,15.2270600000056,-394216.271563611,882465.618253643,488249.346690031,294.302357263179,304.645215433857,287.161866518342
16800,15.3182400000057,-397889.47408442,886109.83514111,488220.36105669,295.517703898986,297.096031895884,294.219220481138
16900,15.4094200000058,-391390.789841038,878568.711082158,487177.92124112,293.002738396584,295.150358370819,291.326822798431
17000,15.5006000000058,-393846.379778107,880717.037067593,486870.657289486,293.719205291844,302.260444710437,287.780279675038
17100,15.5917800000059,-402020.648018192,888653.969963466,486633.321945274,296.366173074359,308.746941582408,287.865355591433
17200,15.682960000006,-387883.803307169,873909.870713666,486026.067406497,291.449014745261,291.680983453295,291.051494760952
17300,15.7741400000061,-392811.383611262,879076.830651161,486265.447039899,293.172196315211,300.380186292938,288.122559499797
17400,15.8653200000062,-398317.80687083,884117.942438732,485800.135567901,294.853407516669,310.937394294419,283.885038491905
17500,15.9565000000062,-392712.86221933,878674.854621485,485961.992402155,293.0381372758,303.927719481485,285.534217357612
17600,16.0476800000063,-373996.531314842,860512.837526136,486516.306211294,286.981103060242,306.70764592002,273.590923567841
17700,16.1388600000064,-399270.107688721,885006.753401576,485736.645712856,295.149826046882,307.917180781719,286.392298035285
17800,16.2300400000065,-398593.435860114,883911.601318823,485318.165458709,294.784592735976,303.993774916926,288.399484121396
17900,16.3212200000066,-412423.272471195,897573.977683097,485150.705211902,299.340996392562,302.000706914138,297.318405214518
18000,16.4124000000066,-389557.434823045,875380.475975791,485823.041152746,291.939461722792,310.534103439547,279.299751026853
18100,16.5035800000067,-389569.155281971,875889.691858541,486320.53657657,292.109285262145,289.999178069646,293.272598986092
18200,16.5947600000068,-392225.190099102,878478.027574859,486252.837475757,292.972495439339,302.198201015209,286.577881309226
18300,16.6859400000069,-379531.779452933,865844.360255932,486312.580802999,288.759166335145,293.106900429425,285.620044300345
18400,16.777120000007,-390824.376477784,876756.585074452,485932.208596668,292.398394221928,301.181397489052,286.299393381994
18500,16.868300000007,-381196.447114689,867764.556892706,486568.109778016,289.399552073605,301.260581298767,281.251032963436
18600,16.9594800000071,-394780.43728925,882014.359821032,487233.922531783,294.15186253828,301.365160836716,289.097870453872
18700,17.0506600000072,-393519.100138621,880144.732727605,486625.632588983,293.528341746742,306.3142244972,284.759812961648
18800,17.1418400000073,-399550.672150098,886045.279172052,486494.607021954,295.496174477923,309.289419070659,286.0544312707
18900,17.2330200000074,-366711.493676725,853813.444854408,487101.951177683,284.746855045659,293.865899184593,278.430203240497
19000,17.3242000000074,-393425.957018641,880886.951793,487460.994774358,293.775871866933,311.932583187792,281.426584426472
19100,17.4153800000075,-382468.51570142,870018.866785704,487550.351084285,290.151364610874,290.594435485005,289.614191224277
19200,17.5065600000076,-408774.107999455,896408.521301497,487634.413302041,298.952316592128,299.815139331349,298.127974502155
19300,17.5977400000077,-375927.873306965,863640.045242028,487712.171935063,288.024027094223,300.366224578744,279.555875415298
19400,17.6889200000078,-370702.335512247,858816.193884223,488113.858371976,286.415272264206,291.75863054579,282.614354016262
19500,17.7801000000078,-388276.25525665,876755.244513952,488478.989257302,292.39794714489,287.899658690192,295.153141158733
19600,17.8712800000079,-382963.09017293,871822.725213879,488859.635040949,290.752951547067,302.508432926895,282.673669834225
19700,17.962460000008,-382927.243185309,871767.699883946,488840.456698637,290.734600594946,308.615954231032,278.571419337061
19800,18.0536400000081,-402308.921994521,890570.061595184,488261.139600663,297.005189793291,305.776188618119,290.910352918579
19900,18.1448200000081,-380012.250110333,867806.803541013,487794.55343068,289.413641334338,292.986017534057,286.790879166749
20000,18.2360000000082,-389836.813389552,876973.132103087,487136.318713536,292.470612674033,303.888380208994,284.615042140165
20100,18.3271800000083,-384612.612408122,871612.900454015,487000.288045893,290.682974972158,293.399850978496,288.629488488788
20200,18.4183600000084,-398995.48426813,885372.110776781,486376.626508651,295.271672761975,291.923542625643,297.257699792228
20300,18.5095400000085,-394631.904821221,880438.646193371,485806.74137215,293.62636191208,298.81950054313,289.919580856452
20400,18.6007200000085,-399492.724277413,884319.79883677,484827.074559358,294.920726642245,300.931215604961,290.667966728231
20500,18.6919000000086,-378523.973028828,863121.355479888,484597.38245106,287.851044015304,297.721306954987,281.030992852169
20600,18.7830800000087,-393169.111108193,877191.991838834,484022.880730641,292.543602414152,292.703807960407,292.193012381303
20700,18.8742600000088,-375086.56003621,859569.540254682,484482.980218472,286.666513341565,283.666989700262,288.427307007982
20800,18.9654400000089,-375117.82605677,860620.032697978,485502.206641208,287.016852658989,289.271960935995,285.274266430435
20900,19.0566200000089,-380886.131238576,867810.129007826,486923.99776925,289.414750377797,291.528502905002,287.764403067679
21000,19.147800000009,-385165.252814583,872533.719226635,487368.466412052,290.9900681096,287.416617922029,293.129876511222
21100,19.2389800000091,-381698.392094929,869619.773781786,487921.381686858,290.018267060792,287.284952786547,291.598794687738
21200,19.3301600000092,-382715.265665511,869999.036496181,487283.77083067,290.144751207664,284.835560816871,293.44242417552
21300,19.4213400000093,-373908.269339262,861135.044369929,487226.775030667,287.188609094524,292.474124578197,283.425608264496
21400,19.5125200000093,-389754.638802608,876680.800489863,486926.161687255,292.373120056649,290.335685444695,293.487765531239
21500,19.6037000000094,-380856.033703067,867570.92880727,486714.895104203,289.334977090969,285.768137825999,291.471757453372
21600,19.6948800000095,-392546.845227561,878968.748002107,486421.902774547,293.136150742741,295.856841064289,291.078077069421
21700,19.7860600000096,-379618.531000537,866214.804211684,486596.273211147,288.882709425274,299.324898029025,281.680514764919
21800,19.8772400000097,-376660.488712123,863243.610237271,486583.121525148,287.891815987084,296.111267392009,282.172271870478
21900,19.9684200000097,-383309.356138602,870706.537728467,487397.181589864,290.380702927619,296.050937137933,286.358562868304
22000,20.0596000000098,-369714.452061139,857917.149666921,488202.697605783,286.115440942779,285.01653480958,286.609615497459
22100,20.1507800000099,-385294.503786923,873569.229203197,488274.725416274,291.335410773119,300.425641143356,285.032477683983
22200,20.24196000001,-385751.546605812,875055.77754104,489304.230935229,291.831174767731,299.806694726568,286.2709688162
22300,20.3331400000101,-392977.979972597,881866.161525694,488888.181553097,294.102438394429,301.189981728697,289.132324139586
22400,20.4243200000101,-390502.995844461,878966.97229467,488463.976450209,293.135558544162,309.422870880955,282.033070687513
22500,20.5155000000102,-391930.734468496,880901.859048739,488971.124580243,293.780843437965,301.000556717163,288.722883882302
22600,20.6066800000103,-374012.03776531,863141.643509245,489129.605743935,287.857810074786,293.513754051889,283.84729924832
22700,20.6978600000104,-374798.738613561,863951.876501451,489153.13788789,288.12802284524,283.074087129034,291.257206637006
22800,20.7890400000105,-379744.061248107,869711.089003432,489967.027755326,290.048720694825,295.769249540506,285.993327530458
22900,20.8802200000105,-381384.020656072,871927.624417545,490543.603761473,290.787935440235,289.950748737515,291.103736629181
23000,20.9714000000106,-394406.269739233,885129.507275207,490723.237535974,295.190764473973,298.929775563489,292.452098110566
23100,21.0625800000107,-377859.042128855,868842.189520999,490983.147392144,289.758942644989,304.591162033065,279.629330600734
23200,21.1537600000108,-378164.780305487,869810.379719102,491645.599413615,290.081834156779,299.183097165776,283.772590622318
23300,21.2449400000109,-386155.754323395,878309.895223697,492154.140900302,292.916423286209,302.206735742893,286.478784629014
23400,21.3361200000109,-381841.323873217,873533.46843634,491692.144563123,291.32348455439,297.527899935201,286.944438063388
23500,21.427300000011,-397953.667456387,889411.816429799,491458.148973411,296.618914934067,308.286525950729,288.593325160514
23600,21.5184800000111,-359160.5260985,850974.124283065,491813.598184565,283.799941398387,288.765442627481,280.253107294494
23700,21.6096600000112,-365784.445455387,858437.079835962,492652.634380575,286.288837697503,282.148032946158,288.810800166983
23800,21.7008400000113,-376933.109559272,870435.040915955,493501.931356684,290.290158718011,308.840724724297,277.681206248221
23900,21.7920200000113,-381702.899777189,874853.186633801,493150.286856612,291.763610683275,302.710325113455,284.22266472092
24000,21.8832000000114,-378827.283786182,871250.621148204,492423.337362022,290.562154793465,290.773702237234,290.178988035291
24100,21.9743800000115,-357113.394264777,849932.812392518,492819.418127741,283.452663796071,275.129490170784,288.765235659764
24200,22.0655600000116,-378025.125157781,871063.243163404,493038.118005623,290.499664219911,294.73994646777,287.430726334488
24300,22.1567400000116,-384242.4938403,876796.896916571,492554.403076271,292.411838224636,288.194164071358,294.979944461633
24400,22.2479200000117,-401470.343194748,894159.64946765,492689.306272902,298.202317648041,306.300437316391,292.555069271101
24500,22.3391000000118,-390464.231966003,882558.989279755,492094.757313753,294.333496508173,304.194196997803,287.514418267995
24600,22.4302800000119,-384618.388784211,876294.473643049,491676.084858838,292.244280021027,302.471771997244,285.182415136865
24700,22.521460000012,-396851.170697346,887248.212880642,490397.042183296,295.897352970032,296.443774720817,295.286490675366
24800,22.612640000012,-396850.953187939,886491.53118181,489640.577993871,295.644999560383,307.658790113624,287.389435025255
24900,22.7038200000121,-404819.89047161,893962.135398858,489142.244927248,298.136446689631,304.638061697645,293.55358964538
25000,22.7950000000122,-394267.97293892,883000.960932405,488732.987993484,294.48089409118,293.9570720041,294.584708070824
25100,22.8861800000123,-389522.166016284,877912.190846274,488390.02482999,292.78378884318,294.201230939771,291.59484095475
25200,22.9773600000124,-389846.699736607,877449.339962576,487602.640225969,292.629428034876,306.031286560297,283.450997827901
25300,23.0685400000124,-383076.178043715,871108.338933912,488032.160890197,290.514703663136,299.918467166417,284.003432407895
25400,23.1597200000125,-398444.447900722,885887.151847155,487442.703946432,295.443439001886,309.06149315957,286.118533364261
25500,23.2509000000126,-391846.531391556,879087.706054052,487241.174662496,293.175823262982,311.455072219471,280.745344105937
25600,23.3420800000127,-396745.643180279,883729.356503377,486983.713323098,294.72381407483,303.125859000845,288.876847612424
25700,23.4332600000128,-401665.643665663,887811.864643668,486146.220978005,296.085330879996,289.744907031616,300.065542336516
25800,23.5244400000128,-388428.600194648,873596.602470367,485168.002275719,291.344539760002,286.074789141663,294.614919722428
25900,23.6156200000129,-399252.782395429,885013.749605657,485760.967210227,295.152159281526,294.848782260226,295.108450496325
26000,23.706800000013,-406426.005547853,892147.617138549,485721.611590696,297.531304698532,305.092880148707,292.2423116445
26100,23.7979800000131,-415261.977984848,900031.958228428,484769.980243581,300.160733109364,315.267797114443,289.839223161721
26200,23.8891600000132,-397166.821546421,882218.326067035,485051.504520615,294.219885298328,289.669539731044,297.008265772101
26300,23.9803400000132,-387792.011177102,873119.166952318,485327.155775216,291.185314974927,306.481800520785,280.745003515209
26400,24.0715200000133,-412506.303828974,897976.456204232,485470.152375259,299.475223012917,307.528890151666,293.856548901241
26500,24.1627000000134,-396026.108933812,881752.965018634,485726.856084822,294.064687349886,296.235079749253,292.372705177518
26600,24.2538800000135,-387654.535252653,873739.96668801,486085.431435357,291.392351738539,304.20511143789,282.60768497919
26700,24.3450600000136,-387729.953386935,873786.714516704,486056.761129769,291.407942143306,287.002873214992,294.101814810395
26800,24.4362400000136,-376502.265339567,862240.160340925,485737.895001358,287.55716536299,297.088795988706,280.963113974711
26900,24.5274200000137,-383265.55227828,869726.281581187,486460.729302907,290.053787420773,291.597984409147,288.782611272339
27000,24.6186000000138,-384287.012913402,871275.570392085,486988.557478683,290.570475368379,301.437658135378,283.08354479424
27100,24.7097800000139,-384700.643898044,871555.271785733,486854.627887689,290.663755806481,301.845508811323,282.967034006748
27200,24.800960000014,-382537.553723097,869590.351900359,487052.798177262,290.008454860883,291.680442534459,288.652122699448
27300,24.892140000014,-395052.090003554,881799.960465252,486747.870461697,294.080360335251,294.154532333035,293.785845369783
27400,24.9833200000141,-389519.824481739,876725.205389259,487205.380907521,292.3879290943,302.239815680045,285.576348096226
27500,25.0745000000142,-397054.635644474,884165.222340907,487110.586696433,294.869175367986,306.921162565442,286.588792923542
27600,25.1656800000143,-383173.242375558,870748.305974873,487575.063599315,290.394632641278,298.144259568725,284.986219162446
27700,25.2568600000144,-383442.394717696,871121.36017089,487678.965453194,290.519046246753,296.722336918424,286.141419927101
27800,25.3480400000144,-368312.92957866,856078.908123943,487765.978545284,285.502387234932,289.999829857831,282.26617349697
27900,25.4392200000145,-392197.643317839,880360.668336525,488163.025018686,293.60035629032,293.883360299904,293.167019987023
28000,25.5304000000146,-381225.905463118,870179.763366045,488953.857902927,290.205023633832,293.502434552812,287.76491216815
28100,25.6215800000147,-390166.97884568,878667.139218609,488500.160372929,293.035564188297,287.714781266627,296.338556499254
28200,25.7127600000148,-392911.678669684,881275.893019102,488364.214349417,293.905583798266,302.600058169199,287.864346231148
28300,25.8039400000148,-365163.087412318,854421.699037585,489258.611625266,284.949707866461,289.568121824841,281.633307137654
28400,25.8951200000149,-389323.97531164,878862.667316957,489538.692005317,293.100772825398,301.040546202189,287.563339930184
28500,25.986300000015,-386026.595202875,875464.324909273,489437.729706398,291.967425349099,307.795100428276,281.17233577519
28600,26.0774800000151,-397915.307875942,887049.745310654,489134.437434712,295.831164018894,308.950280454227,286.838560425323
28700,26.1686600000151,-394599.914392252,884006.590108787,489406.675716535,294.816271505348,310.128141750412,284.362677782385
28800,26.2598400000152,-391064.36379764,880269.495245899,489205.13144826,293.569950056995,307.547132963847,284.007186494048
28900,26.3510200000153,-375321.306021789,865309.291490034,489987.985468245,288.580720857107,299.340435212464,281.167094019488
29000,26.4422000000154,-392742.496901361,882992.143201777,490249.646300416,294.477953377281,302.883566292967,288.628813139009
29100,26.5333800000155,-382861.482119844,873300.492887696,490439.010767853,291.245787189494,303.517121094473,282.82219309685
29200,26.6245600000155,-375704.761824155,866347.923935235,490643.16211108,288.927104864177,295.751483934184,284.136746230118
29300,26.7157400000156,-401629.052609926,892427.664954292,490798.612344365,297.624700668432,309.382185673552,289.538356747794
29400,26.8069200000157,-397166.526917238,887931.305839724,490764.778922486,296.125164528839,303.575134222184,290.911747096169
29500,26.8981000000158,-395697.602887519,885748.43679741,490050.833909891,295.397177521231,303.65406434264,289.646421992357
29600,26.9892800000159,-400663.359231522,889886.11214114,489222.752909618,296.777092593343,311.974987121966,286.397848663768
29700,27.0804600000159,-381570.74223445,870673.061138741,489102.31890429,290.369538482155,306.279114120006,279.521180108186
29800,27.171640000016,-376607.621313048,866509.551360964,489901.930047916,288.981007624133,288.551347689372,289.026630074287
29900,27.2628200000161,-371607.397547336,862656.445880994,491049.048333658,287.695996625311,290.929404749799,285.300644545131
30000,27.3540000000162,-376586.976130661,869109.353240292,492522.377109631,289.848041767648,304.533842624813,279.815967828065
30100,27.4451800000163,-386680.041952859,879629.113624499,492949.071671641,293.356382732866,292.401418008875,293.748562229917
30200,27.5363600000163,-379975.160205317,873401.831939624,493426.671734307,291.27958377176,293.675010725624,289.439899482707
30300,27.6275400000164,-380135.37774745,873539.980921752,493404.603174302,291.325656468818,304.373804695083,282.384119604251
30400,27.7187200000165,-389988.335335903,883400.879788333,493412.54445243,294.614267062976,296.787287764096,292.920074706343
30500,27.8099000000166,-380705.65710196,874784.21465135,494078.55754939,291.740608521378,292.733330825403,290.83567647826
30600,27.9010800000167,-391431.166946308,887072.959211238,495641.79226493,295.838905856674,299.2186391835,293.339217883909
30700,27.9922600000167,-383937.457936181,879538.727258472,495601.269322291,293.32623887226,307.101508654967,283.898287151396
30800,28.0834400000168,-384341.118543081,880622.211538774,496281.092995693,293.687580970076,294.887406182375,292.642957844403
30900,28.1746200000169,-406987.590222487,902480.632036249,495493.041813761,300.97736602843,317.453264811875,289.742619034445
31000,28.265800000017,-386110.326159342,881273.705196249,495163.379036907,293.904854159162,300.122889790629,289.514576359719
31100,28.3569800000171,-399462.407493417,894456.796532932,494994.389039514,298.301416219087,306.170370082293,292.806862463433
31200,28.4481600000171,-378999.944094997,873880.869388732,494880.925293735,291.439342800978,291.927507126975,290.87103379798
31300,28.5393400000172,-392577.525566765,887830.794541533,495253.268974767,296.091644002512,305.306385818335,289.701739755296
31400,28.6305200000173,-374809.391375731,870532.440482205,495723.049106474,290.322641481476,306.804408682207,279.09286114642
31500,28.7217000000174,-386155.872917615,882068.009364934,495912.136447319,294.169754665644,298.836914744398,290.81317315092
31600,28.8128800000175,-378135.582398683,874120.74807315,495985.165674466,291.519342362231,289.315283092751,292.745782423249
31700,28.9040600000175,-389375.455504527,884869.710129943,495494.254625416,295.104122104367,300.654416925226,291.158005455373
31800,28.9952400000176,-391169.460400063,886331.227125658,495161.766725595,295.591538144291,294.037811739912,296.381029465423
31900,29.0864200000177,-387627.20843234,882727.26923313,495100.06080079,294.389617886653,298.100882980952,291.670116475549
32000,29.1776000000178,-367303.18890946,862727.027187121,495423.838277661,287.719535496789,280.998236543716,291.960635185923
32100,29.2687800000179,-374398.994980695,870682.758585221,496283.763604527,290.372772581364,293.575413021646,287.995701644026
32200,29.3599600000179,-380421.675559224,876675.050998794,496253.37543957,292.371202600898,306.643257552869,282.612856630751
32300,29.451140000018,-380382.989015448,876489.435375248,496106.446359799,292.30929977497,318.020504061135,274.924905834381
32400,29.5423200000181,-371730.646132691,868126.036710635,496395.390577943,289.520105623023,296.29212777978,284.7641574305
32500,29.6335000000182,-375138.893389937,871476.648743533,496337.755353596,290.637535015352,297.361155125241,285.912923662915
32600,29.7246800000182,-399008.438465877,895253.662291228,496245.223825351,298.567171015917,300.791567374336,296.835434134459
32700,29.8158600000183,-377588.234820994,873618.258767558,496030.023946564,291.351762136921,304.038402575444,282.651208709456
32800,29.9070400000184,-390977.469910124,887212.233122034,496234.76321191,295.885353717537,306.895253744608,288.298849238059
32900,29.9982200000185,-371663.314287267,868308.312886443,496644.998599175,289.580894742852,292.686318738448,287.269294666835
33000,30.0894000000186,-371735.554368631,868394.903182356,496659.348813725,289.609772613759,290.542269310082,288.746766672365
33100,30.1805800000186,-384223.808122154,882082.904643122,497859.096520968,294.174722242162,294.098827617587,293.980173056677
33200,30.2717600000187,-384875.200598294,883413.311171594,498538.1105733,294.61841293033,313.035560997525,282.094798874759
33300,30.3629400000188,-368310.157871808,867005.288156315,498695.130284507,289.146335886715,289.898198365513,288.404138954278
33400,30.4541200000189,-371325.953198207,870012.083186701,498686.129988494,290.14910228004,292.333276588341,288.45119515594
33500,30.545300000019,-391823.476303626,890435.035307783,498611.559004157,296.960158515185,306.68143244244,290.231842431585
33600,30.636480000019,-390707.779767093,888167.805576674,497460.02580958,296.20403721083,302.834046076626,291.537194602623
33700,30.7276600000191,-393605.694471876,891377.164989175,497771.470517299,297.27435884248,303.598430593493,292.810582376103
33800,30.8188400000192,-380104.9193802,877908.275180421,497803.355800221,292.782482968291,288.792959051523,295.198180176996
33900,30.9100200000193,-384690.931092307,882083.336396623,497392.405304317,294.17486623199,302.574595046358,288.329901300553
34000,31.0012000000194,-386283.955979162,884133.379308598,497849.423329436,294.858555714056,302.761600403933,289.344143791044
34100,31.0923800000194,-389432.56281597,887379.908101195,497947.345285226,295.941273337067,296.418737811152,295.376345959896
34200,31.1835600000195,-374746.628564419,873040.934180805,498294.305616386,291.159224339104,292.67587672231,289.905490063352
34300,31.2747400000196,-384286.234535667,882169.805290566,497883.570754899,294.20370361533,299.753624471688,290.258586624745
34400,31.3659200000197,-368636.365455252,866250.696921137,497614.331465885,288.894679646869,297.734459303867,282.760747642498
34500,31.4571000000198,-363657.803448329,862429.162554025,498771.359105696,287.620197616817,282.838844786595,290.568082672285
34600,31.5482800000198,-385706.723191443,885204.86104419,499498.137852747,295.215894962211,298.487955378198,292.788508105751
34700,31.6394600000199,-371395.964529397,870470.720936042,499074.756406645,290.302058007685,287.942755224331,291.633008148249
34800,31.73064000002,-365546.825186408,864664.578636988,499117.75345058,288.365709066863,288.209640985817,288.229449696671
34900,31.8218200000201,-374539.309675079,874299.592809111,499760.283134032,291.578987096585,307.72782312427,280.570113922216
35000,31.9130000000202,-383663.665044667,883212.955098728,499549.290054061,294.551594163324,290.963146121735,296.698433195915
35100,32.0041800000202,-376635.309131843,876129.620031319,499494.310899476,292.18930132777,295.702928142638,289.603392366751
35200,32.0953600000199,-372846.99519478,872830.429965603,499983.434770823,291.089021165784,305.12511277924,281.489052572509
35300,32.1865400000197,-398101.980215548,897018.666680395,498916.686464847,299.155800126862,301.011876438707,297.66911941886
35400,32.2777200000194,-375798.629190493,874655.148845727,498856.519655233,291.697565064441,295.891500579816,288.65852674997
35500,32.3689000000191,-380733.230495923,879887.308964381,499154.078468457,293.442490900244,300.256525320094,288.655265877926
35600,32.4600800000188,-363668.262305052,862822.657757359,499154.395452307,287.751428299936,279.992070611537,292.684540568618
35700,32.5512600000186,-379541.032364025,879205.564986061,499664.532622037,293.215129226634,302.8493075313,286.547997749167
35800,32.6424400000183,-392157.576013151,891162.196325335,499004.620312184,297.202666775166,310.797776305744,287.891591532469
35900,32.733620000018,-411696.102086312,908957.922209139,497261.820122827,303.137542841134,318.96056251512,292.336248439442
36000,32.8248000000177,-379601.25451488,876493.656660995,496892.402146114,292.310707574119,300.220978195998,286.793601569888
36100,32.9159800000175,-413568.158484045,909110.200975627,495542.042491582,303.188327822454,307.169222429762,300.281741144396
36200,33.0071600000172,-379664.435709155,874481.616770688,494817.181061533,291.639692102947,299.881734494259,285.901964098653
36300,33.0983400000169,-378023.745776228,872240.876227617,494217.130451388,290.892404945011,296.104896656214,287.175000133422
36400,33.1895200000166,-384994.905085449,879706.254231743,494711.349146294,293.382109131814,296.234000288065,291.236363270037
36500,33.2807000000164,-388787.923044764,883485.603651114,494697.68060635,294.642522478277,298.514327852924,291.815783459781
36600,33.3718800000161,-376695.124988135,871333.684442525,494638.55945439,290.589856409046,289.336152551059,291.183500767364
36700,33.4630600000158,-388033.803130587,882716.571446157,494682.76831557,294.386050173806,299.766902028295,290.553493895668
36800,33.5542400000155,-361003.192374114,856564.631377455,495561.439003341,285.664375980475,298.347422602881,276.970957918888
36900,33.6454200000153,-388313.743456933,884235.652185446,495921.908728512,294.892663727012,314.198840016599,281.776135647515
37000,33.736600000015,-387015.679908238,883160.346377421,496144.666469183,294.534049150382,305.593979206707,286.915317405207
37100,33.8277800000147,-374288.156091456,870724.378881095,496436.222789639,290.386652953508,296.122964488184,286.320456386262
37200,33.9189600000144,-370597.919024877,867054.288005112,496456.368980235,289.162677340374,293.178896335751,286.24422911234
37300,34.0101400000142,-377530.212113345,874783.181421877,497252.969308531,291.740263939262,292.826857362874,290.772751436905
37400,34.1013200000139,-388869.011796298,887092.078017327,498223.066221028,295.845281980099,301.755450446731,291.658631934028
37500,34.1925000000136,-380864.809277242,878920.404460483,498055.595183241,293.120028167578,298.264750506925,289.44594658454
37600,34.2836800000133,-380322.525787338,877908.03575632,497585.509968982,292.782403120333,287.109929450001,296.320066897956
37700,34.3748600000131,-358520.016275512,855880.10923082,497360.092955308,285.4360877875,296.328136475864,277.936858588768
37800,34.4660400000128,-382515.140373314,879345.089426566,496829.949053252,293.261660639175,307.919673908878,283.245267075508
37900,34.5572200000125,-378969.648163007,875675.649970795,496706.001807788,292.037902274736,296.376231636858,288.902317781426
38000,34.6484000000122,-380272.128659481,877248.081469432,496975.952809952,292.562308310633,304.198105048248,284.561308561963
38100,34.7395800000119,-380191.638507637,877359.41312998,497167.774622344,292.599437428708,295.659996668424,290.315231737706
38200,34.8307600000117,-365542.236778787,863135.831317576,497593.594538788,287.855871708379,293.589013075759,283.793897570369
38300,34.9219400000114,-372432.379822673,871022.126102281,498589.746279607,290.485951676599,291.753720170988,289.398701053941
38400,35.0131200000111,-370147.028536137,869152.852327222,499005.823791085,289.862548716766,296.452385335456,285.227772180376
38500,35.1043000000108,-379040.184393584,877654.26153213,498614.077138546,292.697769395408,294.043912718572,291.556425705468
38600,35.1954800000106,-394357.49645836,891876.032986311,497518.536527951,297.440731361118,300.364093408529,295.243956053377
38700,35.2866600000103,-374176.618962601,871521.945599208,497345.326636607,290.652641520496,303.692534736339,281.717168842002
38800,35.37784000001,-380326.983840307,877825.877450456,497498.893610149,292.755003318478,288.199000796131,295.54837583061
38900,35.4690200000097,-371628.301027975,869372.689017451,497744.387989477,289.935864271286,296.257525331608,285.479810344179
39000,35.5602000000095,-381607.525395763,879520.418247222,497912.892851459,293.320132815482,301.713084551783,287.480398213935
39100,35.6513800000092,-358399.786047411,856127.159436624,497727.373389214,285.518479051734,284.560286735918,285.919341863068
39200,35.7425600000089,-370816.839530952,868029.155370838,497212.315839886,289.487795688124,296.758205280503,284.399616130129
39300,35.8337400000086,-379350.958868238,877143.160074018,497792.20120578,292.527317016514,303.645552906861,284.871386992103
39400,35.9249200000084,-376512.012539057,874791.136640203,498279.124101145,291.742917005237,294.670417487288,289.548130919698
39500,36.0161000000081,-356732.595487591,856188.257648533,499455.662160941,285.538855310499,303.10629887104,273.589277224047
39600,36.1072800000078,-372760.845314799,872616.721620945,499855.876306146,291.017749415022,295.49211780869,287.792322361398
39700,36.1984600000075,-375025.374892684,875274.607502403,500249.23260972,291.90415457809,301.050414089668,285.56339477489
39800,36.2896400000073,-374653.15347269,875472.058302681,500818.90482999,291.970004436445,302.566068273622,284.662653541297
39900,36.380820000007,-363665.486090153,865066.450587662,501400.964497509,288.499733395919,302.351145577917,279.025042163423
40000,36.4720000000067,-395918.814671148,896893.307998993,500974.493327845,299.113992996162,311.010973767598,290.933410821042
40100,36.5631800000064,-392075.358276499,892263.87694217,500188.518665671,297.570077352733,296.325965266914,298.151510345485
40200,36.6543600000062,-378680.403351658,879152.628321343,500472.224969685,293.197474844537,289.937500280572,295.126459991476
40300,36.7455400000059,-378377.011046586,879394.489500228,501017.478453642,293.27813556786,291.176640841781,294.434733605606
40400,36.8367200000056,-380053.593605064,880702.989561884,500649.39595682,293.714520447518,298.89731847704,290.014559660799
40500,36.9279000000053,-376218.96135732,876459.569818416,500240.608461096,292.299339609277,299.493741010908,287.259489225182
40600,37.0190800000051,-374144.688574193,874045.502489367,499900.813915174,291.494247953766,308.132135166244,280.159411272153
40700,37.1102600000048,-372735.077467847,872637.824322,499902.746854153,291.024787167584,304.541604276635,281.771055105577
40800,37.2014400000045,-379119.534724514,879647.765352798,500528.230628284,293.362603085809,307.494353851303,283.696967072908
40900,37.2926200000042,-368826.784109791,868882.978242164,500056.194132373,289.772545686898,300.843034948339,282.150742391198
41000,37.383800000004,-369421.410646793,869215.547415898,499794.136769104,289.883457534066,299.360845381105,283.323629421429
41100,37.4749800000037,-374844.839176281,874990.791075549,500145.951899269,291.809501776071,292.361815058471,291.198118336324
41200,37.5661600000034,-369533.438193944,869673.564250599,500140.126056655,290.036206186626,301.783346541634,281.9630824448
41300,37.6573400000031,-365369.666145985,865631.233796403,500261.567650418,288.688088643123,281.635105911241,293.14950372384
41400,37.7485200000028,-361342.882362374,861510.507108541,500167.624746167,287.313825949155,294.373980538075,282.367628034916
41500,37.8397000000026,-396635.859487899,896327.813846773,499691.954358875,298.925400649249,303.426296366497,295.675699003876
41600,37.9308800000023,-375782.712208573,874860.924579758,499078.212371184,291.766191288897,297.082796884023,287.978649066074
41700,38.022060000002,-375595.686841768,875141.324823008,499545.63798124,291.859704793399,302.734194965278,284.366828258153
41800,38.1132400000017,-371479.480142879,871817.352509905,500337.872367026,290.751159749843,288.619403547836,291.930037918057
41900,38.2044200000015,-391004.174704564,891311.668843653,500307.494139089,297.252515872487,313.795071378438,285.976435105293
42000,38.2956000000012,-373219.308638908,873271.754776911,500052.446138003,291.236203027151,300.694437030401,284.688016855793
42100,38.3867800000009,-368716.123865099,869479.580849272,500763.456984173,289.97151270611,306.662185203945,278.602754780298
42200,38.4779600000006,-361594.463701462,862669.019303173,501074.555601711,287.700189862656,298.348922404045,280.361284676844
42300,38.5691400000004,-364887.051372189,866362.753585872,501475.702213683,288.932050553901,297.077065459886,283.261263907782
42400,38.6603200000001,-388225.140503227,889843.248714951,501618.108211725,296.762797637136,295.549669065884,297.324247686606
42500,38.7514999999998,-387769.338281121,889831.58991073,502062.251629609,296.758909424956,292.325442146342,299.467255186179
42600,38.8426799999995,-391638.676024206,893140.242021315,501501.565997109,297.862345179695,297.848247925064,297.623524728466
42700,38.9338599999993,-374360.702645224,876158.181487579,501797.478842355,292.198826575814,295.027281783554,290.069690748507
42800,39.025039999999,-374024.842999455,876282.188197707,502257.345198251,292.240182823981,304.152555131042,284.055067800254
42900,39.1162199999987,-357049.222855372,860069.898428249,503020.675572877,286.833382834167,286.417835543452,286.871386542281
43000,39.2073999999984,-365129.504668331,868622.578515536,503493.073847206,289.685702356357,299.008753036349,283.228930484398
43100,39.2985799999982,-365498.198914877,868698.354233917,503200.15531904,289.710973564755,287.578204010765,290.891394122778
43200,39.3897599999979,-381128.298123275,885045.229996685,503916.93187341,295.162657994559,302.960120311208,289.718380901797
43300,39.4809399999976,-361063.932155959,865929.845523919,504865.91336796,288.787675679146,282.142901509193,292.976868729381
43400,39.5721199999973,-380731.798499399,885763.154213164,505031.355713765,295.402085780612,302.260474429808,290.58365827633
43500,39.6632999999971,-384116.125109684,888438.507701574,504322.38259189,296.294316392054,304.084648030755,290.853850035926
43600,39.7544799999968,-375741.915107162,880077.105877006,504335.190769844,293.505788186429,290.316481864783,295.387404244036
43700,39.8456599999965,-373480.582292124,878384.742270457,504904.159978333,292.941384782544,287.894405541969,296.061919788942
43800,39.9368399999962,-383370.768560648,888358.285139373,504987.516578725,296.267562160871,309.424147752522,287.249615464638
43900,40.028019999996,-387095.336824076,891909.409642434,504814.072818359,297.451862478717,302.473073117831,293.856512167242
44000,40.1191999999957,-368421.871427974,873896.624117233,505474.752689259,291.444597004246,292.007488117497,290.826465764576
44100,40.2103799999954,-377713.222116697,882398.883666408,504685.661549711,294.280101272772,296.703465890747,292.419291443062
44200,40.3015599999951,-364382.852034451,869248.111781587,504865.259747137,289.894317752739,280.993509801452,295.586611122136
44300,40.3927399999949,-384738.302069171,889421.597288789,504683.295219617,296.622176851355,303.280151653095,291.936341836152
44400,40.4839199999946,-364311.894951554,868830.374806009,504518.479854455,289.755002436555,284.835849648619,292.792975126482
44500,40.5750999999943,-387057.132717447,891768.988731477,504711.856014029,297.405032093206,304.552760901142,292.392042027838
44600,40.666279999994,-358856.817714846,863623.288460147,504766.470745301,288.018438706069,298.256226268182,280.953231632405
44700,40.7574599999937,-393607.720051304,898636.594393475,505028.874342171,299.695379154069,307.94079321749,293.948690295826
44800,40.8486399999935,-384169.188691005,889094.162159994,504924.973468988,296.512977208602,306.085476199501,289.884217066996
44900,40.9398199999932,-383885.661590463,888636.625497205,504750.963906743,296.360388693415,298.955825264255,294.38313065561
45000,41.0309999999929,-375167.686846332,880131.977211419,504964.290365087,293.52408778103,305.407487648441,285.357217796271
45100,41.1221799999926,-364347.929682204,869701.40317218,505353.473489976,290.045490469295,288.333735703185,290.944955737976
45200,41.2133599999924,-376605.240367281,882197.008069809,505591.767702527,294.212775744475,292.345489728116,295.212455775595
45300,41.3045399999921,-371249.877552778,876578.833893042,505328.956340265,292.339114188108,289.453383022575,294.01931903664
45400,41.3957199999918,-370484.810222676,875541.516460182,505056.706237506,291.993168737763,297.922246105853,287.797122851755
45500,41.4868999999915,-382102.631898909,886968.064749212,504865.432850303,295.803923544843,307.067275658051,288.048518866418
45600,41.5780799999913,-377645.401718609,882574.16070909,504928.758990481,294.338556181121,302.441949773785,288.69101165586
45700,41.669259999991,-385364.45773023,890479.682241177,505115.224510947,296.975048271195,303.081162881701,292.65682599063
45800,41.7604399999907,-376823.686939313,881654.867444854,504831.18050554,294.031971800852,299.439505623648,290.181922609152
45900,41.8516199999904,-380351.005213555,885736.676675622,505385.671462067,295.393255519634,311.824980350867,284.192611252545
46000,41.9427999999902,-366007.110655233,871131.52896187,505124.418306637,290.522437539393,304.77850550382,280.776290198492
46100,42.0339799999899,-357151.762117702,862214.337477869,505062.575360167,287.548553436008,287.234302200167,287.518430465372
46200,42.1251599999896,-383601.972136124,888101.90249779,504499.930361666,296.182058528528,312.328637155074,285.17085439539
46300,42.2163399999893,-375879.934460561,880226.690645612,504346.756185051,293.55567471923,309.218481506475,282.869173798803
46400,42.3075199999891,-350385.000717541,855310.455719576,504925.455002036,285.246108294006,291.120203058199,281.092340027632
46500,42.3986999999888,-365797.08326445,871262.670862092,505465.587597642,290.566173374051,300.641255089414,283.607313752663
46600,42.4898799999885,-354124.781592236,860481.893769243,506357.112177007,286.970783314738,296.42414202583,280.429401854581
46700,42.5810599999882,-369972.77704628,876716.568481983,506743.791435703,292.385048685004,305.246595000561,283.567030267394
46800,42.672239999988,-373252.865812402,880261.511273059,507008.645460658,293.567287401387,297.343748904177,290.805006993359
46900,42.7634199999877,-377500.529809251,884156.271787969,506655.741978718,294.866190357835,297.951071656005,292.563881000424
47000,42.8545999999874,-371258.289798226,877654.265294309,506395.975496083,292.697770650095,304.363032965352,284.677014297715
47100,42.9457799999871,-382403.101309395,888204.366697957,505801.265388561,296.216230347826,303.063513387054,291.404528129718
47200,43.0369599999869,-379888.81796731,884949.230544286,505060.412576976,295.13064216918,289.164054037303,298.862425388624
47300,43.1281399999866,-372239.232128898,875904.315497881,503665.083368983,292.114162247084,295.293692574976,289.751046893283
47400,43.2193199999863,-358160.297599412,861408.119628277,503247.822028866,287.27967971595,285.489926506072,288.23344878944
47500,43.310499999986,-358744.817814945,861922.594316807,503177.776501862,287.451257067469,288.746663473746,286.348110082395
47600,43.4016799999858,-365564.371615003,868860.770565478,503296.398950475,289.765139424872,289.059692405454,289.993966488294
47700,43.4928599999855,-372676.688494535,875665.577563525,502988.88906899,292.034543126071,288.106227149391,294.410058324586
47800,43.5840399999852,-354588.90242606,858001.68893474,503412.78650868,286.143634795645,295.3171010948,279.78953756721
47900,43.6752199999849,-337389.023103973,841388.991328771,503999.968224798,280.60329875897,287.341494323292,275.877332300456
48000,43.7663999999846,-357720.076815786,862414.132819088,504694.056003302,287.615185198962,297.046695190186,281.087832550482
48100,43.8575799999844,-352041.196872936,858326.066831492,506284.869958556,286.251814851256,293.44800370598,281.215812435731
48200,43.9487599999841,-359335.403619267,866364.799508674,507029.395889406,288.932732869326,291.283060980888,287.125070184225
48300,44.0399399999838,-362188.03729013,869309.592181065,507121.554890935,289.914821471091,289.941953287237,289.655137909101
48400,44.1311199999835,-371768.715428527,878863.048482719,507094.333054193,293.100899944212,300.83901663217,287.697904735621
48500,44.2222999999833,-389759.216808531,896237.41976845,506478.202959918,298.895254216591,293.360233291333,302.336188788251
48600,44.313479999983,-370210.750614436,876820.950465955,506610.199851519,292.419860085361,294.94390542419,290.49347997607
48700,44.4046599999827,-381250.408099207,887236.766527908,505986.358428701,295.893535610441,301.492808161461,291.914109296752
48800,44.4958399999824,-373586.619474871,878955.207678477,505368.588203605,293.131635043681,314.366517660974,278.730770269615
48900,44.5870199999822,-369525.379272141,875190.538735854,505665.159463713,291.876117637437,306.251892865902,282.049037387094
49000,44.6781999999819,-381193.11394746,886806.868499966,505613.754552506,295.75016458228,317.985927114585,280.679864423591
49100,44.7693799999816,-377504.605807318,883226.651505515,505722.045698196,294.55616191613,292.867541610443,295.436445318324
49200,44.8605599999813,-356178.394413253,862531.900889514,506353.506476261,287.654460860268,282.019673294567,291.171273853352
49300,44.9517399999811,-350715.974870575,858456.677301796,507740.70243122,286.295373453992,283.938343222968,287.628147463463
49400,45.0429199999808,-358236.615033065,867079.641856661,508843.026823596,289.17113285198,292.764076226123,286.534861325174
49500,45.1340999999805,-359939.456761595,869017.146015243,509077.689253649,289.817290650406,303.95153360158,280.152947607415
49600,45.2252799999802,-343571.763399803,853335.148682608,509763.385282805,284.587343232486,287.063861329449,282.699175048484
49700,45.31645999998,-373991.431875462,884900.427733458,510908.995857995,295.1143664277,296.28935865023,294.085109640656
49800,45.4076399999797,-393377.30953159,903530.0766656,510152.767134009,301.327355899816,301.500297821388,300.960955155519
49900,45.4988199999794,-381280.766808548,890424.933161692,509144.166353143,296.956789448621,300.084952162619,294.623883648082
50000,45.5899999999791,-372477.326993811,881042.530734404,508565.203740592,293.827757456863,296.543577990701,291.772353969756
50100,45.6811799999789,-376459.449118784,884667.490391374,508208.041272589,295.036681804694,295.718170548566,294.336492073942
50200,45.7723599999786,-365167.561941364,873835.277917014,508667.71597565,291.424138041359,294.156460230097,289.359736467165
50300,45.8635399999783,-381778.033258814,889422.216648923,507644.183390109,296.622383408012,299.305558477202,294.586414709046
50400,45.954719999978,-370084.251311203,878746.132684547,508661.881373344,293.061908515774,309.530212350959,281.83882103522
50500,46.0458999999778,-379125.590014258,887828.389070335,508702.799056077,296.090841777667,293.255700851656,297.734193360192
50600,46.1370799999775,-369611.187068145,878176.225975392,508565.038907247,292.871844580754,303.873218616319,285.293535353228
50700,46.2282599999772,-384173.06064825,892987.504811747,508814.444163497,297.811407307569,294.991008577358,299.443496954955
50800,46.3194399999769,-355753.374109535,864667.957674614,508914.583565079,288.366835976193,298.971867164986,281.056509487017
50900,46.4106199999767,-374823.554147821,882797.772161954,507974.218014133,294.413130619294,306.465695796453,286.132742892339
51000,46.5017999999764,-377317.318189362,885677.771284643,508360.453095281,295.373610566831,296.336534422039,294.485516654553
51100,46.5929799999761,-384986.385700655,893214.051759856,508227.666059201,297.886960733652,300.46608033972,295.919308528995
51200,46.6841599999758,-378684.68413588,885495.196597593,506810.512461712,295.312721893478,295.86973425606,294.695286383511
51300,46.7753399999756,-388327.236925711,894509.248464886,506182.011539176,298.318908942767,302.072377296918,295.567997615881
51400,46.8665199999753,-371184.059295591,877483.882990652,506299.823695061,292.640948137619,302.971546912165,285.510014831141
51500,46.957699999975,-390607.696162474,894885.298219121,504277.602056647,298.444321567157,308.237355183511,291.666928888281
51600,47.0488799999747,-379587.397709782,883610.352496946,504022.954787164,294.684126228763,307.459613640965,285.921564515436
51700,47.1400599999744,-373970.348171636,877147.383929143,503177.035757507,292.528725672551,295.434713320918,290.34762663558
51800,47.2312399999742,-387031.552972256,889793.919591836,502762.36661958,296.746346370464,310.315266305835,287.453111124908
51900,47.3224199999739,-386046.519076512,888301.053896527,502254.534820014,296.248475536611,317.927493216988,281.548923353411
52000,47.4135999999736,-393412.252329819,895116.435168959,501704.18283914,298.521405759199,297.132651241278,299.198474266347
52100,47.5047799999733,-380740.91465426,881382.403281112,500641.488626853,293.941104979527,293.936729186811,293.699071253856
52200,47.5959599999731,-378216.65176225,877745.914980727,499529.263218477,292.728335828157,298.385902179437,288.712684647445
52300,47.6871399999728,-375376.028501244,874357.534114797,498981.505613552,291.598310526862,310.779686901435,278.567727685041
52400,47.7783199999725,-378504.979927887,877109.673645736,498604.693717849,292.51614928989,297.989535152501,288.623461923742
52500,47.8694999999722,-380213.290220042,878159.630786171,497946.340566129,292.866310083766,290.693950313005,294.070494672536
52600,47.960679999972,-358279.525290623,856566.686685123,498287.161394499,285.665061425754,291.399575413522,281.60399788272
52700,48.0518599999717,-370457.408453877,870165.934022592,499708.525568715,290.200411546637,293.187468636541,287.96720647708
52800,48.1430399999714,-381020.965953992,880676.434321358,499655.468367366,293.705664272589,294.027618274673,293.246273550972
52900,48.2342199999711,-376969.571962189,876667.147460332,499697.575498143,292.368566770162,293.866688798459,291.126178278988
53000,48.3253999999709,-371662.675257077,872085.837708041,500423.162450964,290.840699585807,292.125679581407,289.741679005752
53100,48.4165799999706,-379591.269573981,878781.550858976,499190.281284995,293.073720479899,310.147480940737,281.446985405607
53200,48.5077599999703,-369480.950216643,869385.153122174,499904.202905531,289.94002105125,285.375720162948,292.74127162591
53300,48.59893999997,-394236.209361193,893765.727350437,499529.517989245,298.070944589107,318.282607273068,284.348110345976
53400,48.6901199999698,-377692.560052049,876838.964734647,499146.404682598,292.425867845472,295.001238012479,290.465266177596
53500,48.7812999999695,-372877.996052348,872046.68918433,499168.693131982,290.827643549885,296.899060742492,286.537675718523
53600,48.8724799999692,-374274.572787951,874348.569965986,500073.997178035,291.595320982486,309.560926164895,279.375254760062
53700,48.9636599999689,-373740.075336347,874534.296880447,500794.2215441,291.657260923944,304.338176164141,282.960269713043
53800,49.0548399999687,-385630.519134782,885999.693096988,500369.173962206,295.480971518088,294.05657980908,296.184331847828
53900,49.1460199999684,-369580.90380561,870199.620581436,500618.716775826,290.21164601682,276.261971158266,299.269586217509
54000,49.2371999999681,-384888.937988752,885728.074543455,500839.136554703,295.390386707839,305.258633199029,288.565397058122
54100,49.3283799999678,-390010.40372902,890664.638522056,500654.234793036,297.036731206289,288.73558972178,302.323294919955
54200,49.4195599999676,-379107.813403873,879530.087149651,500422.273745778,293.323357395248,295.902278896566,291.359640263208
54300,49.5107399999673,-364828.167120762,866233.270752652,501405.103631889,288.888868018226,299.170319481111,281.79382631962
54400,49.601919999967,-389080.801760166,891100.16417361,502019.362413444,297.181979047394,303.319034578556,292.842957044078
54500,49.6930999999667,-376330.043636653,878476.152108146,502146.108471493,292.971869971034,308.11291932021,282.633693846607
54600,49.7842799999665,-386140.296604165,888551.572833852,502411.276229687,296.332023623096,300.873522290378,293.057414491888
54700,49.8754599999662,-378964.979227864,882094.262010763,503129.282782899,294.178509925217,302.18411134365,288.596293554658
54800,49.9666399999659,-369016.701302787,872205.866106118,503189.164803331,290.880729066573,295.115058472114,287.815442188658
54900,50.0578199999656,-363962.42894665,868051.323327746,504088.894381096,289.495188703601,298.36024356246,283.343906140442
55000,50.1489999999653,-380952.270627226,884670.125060598,503717.854433372,295.0375604671,309.037061027558,285.45869545974
55100,50.2401799999651,-372250.670153981,876043.531922359,503792.861768378,292.160590936255,298.977585649232,287.372460635157
55200,50.3313599999648,-375138.296264997,878572.885868713,503434.589603716,293.004130688249,305.939191719257,284.13658655867
55300,50.4225399999645,-367870.842586514,871984.814731773,504113.972145259,290.807008414798,288.104669066487,292.36622880666
55400,50.5137199999642,-358387.693583596,863029.104108652,504641.410525056,287.820278175305,290.367764851955,285.882103492393
55500,50.604899999964,-357252.567234407,862220.163211791,504967.595977384,287.550496318757,291.208211910724,284.872393843845
55600,50.6960799999637,-358511.052767486,864225.063187835,505714.010420349,288.219130627926,300.067317149932,280.080157004398
55700,50.7872599999634,-365571.688341895,873015.125930982,507443.437589087,291.150617285637,302.55810944197,283.302997000343
55800,50.8784399999631,-373884.530443122,882246.015083044,508361.484639922,294.229119587475,301.099974594762,289.403358649628
55900,50.9696199999629,-379235.076959783,886721.883817663,507486.80685788,295.721822183646,311.907381777845,284.685014269028
56000,51.0607999999626,-361916.132939474,869791.674030441,507875.541090968,290.075595808051,295.643261082585,286.122089295189
56100,51.1519799999623,-357675.823887128,866142.636194451,508466.812307323,288.85864138551,294.029532977946,285.170664789398
56200,51.243159999962,-369485.25895164,878153.191391199,508667.93243956,292.864162545006,299.881016543826,287.942206410338
56300,51.3343399999618,-370102.905410658,879357.956855631,509255.051444973,293.265951927841,305.78084605998,284.678300879808
56400,51.4255199999615,-373416.170630324,882995.215346634,509579.04471631,294.478977937847,295.969172978924,293.240115428849
56500,51.5166999999612,-355492.700935462,865184.135603218,509691.434667755,288.538981358418,291.142155831675,286.563082558448
56600,51.6078799999609,-352419.882430115,863039.623284291,510619.740854176,287.823786321258,300.841377819627,278.905538833744
56700,51.6990599999607,-369839.172985767,880890.208294053,511051.035308286,293.776957910306,305.801243914807,285.515953109047
56800,51.7902399999604,-359064.619239982,870433.617480961,511368.998240979,290.289684002321,288.845641591736,291.010470872708
56900,51.8814199999601,-352327.266756767,863937.447461333,511610.180704567,288.123210759157,289.746117242057,286.801170428258
57000,51.9725999999598,-367262.304398888,878950.356634705,511688.052235817,293.130017220178,306.62994817391,283.885788236673
57100,52.0637799999596,-370113.48776185,882688.666487252,512575.178725403,294.376743867685,303.093704755323,288.320122656036
57200,52.1549599999593,-360864.455946251,873066.346185757,512201.890239506,291.167699244875,301.730602380447,283.883124071789
57300,52.246139999959,-373589.927675518,885521.495852444,511931.568176927,295.321492697163,310.514837662836,284.946494809466
57400,52.3373199999587,-351480.20278996,863637.482568347,512157.279778387,288.023172442337,292.515210782343,284.788460905298
57500,52.4284999999585,-386601.811795157,897723.466221085,511121.654425929,299.390850832445,313.081917794537,290.013980482023
57600,52.5196799999582,-369844.491030635,880601.496198868,510757.005168232,293.68067240249,304.496078038408,286.225668084877
57700,52.6108599999579,-371906.735367456,881403.138831048,509496.403463592,293.94802028716,294.956198961109,293.030944487621
57800,52.7020399999576,-376363.382002722,885923.570367265,509560.188364543,295.455584581379,304.73838618521,289.020837191673
57900,52.7932199999574,-359497.585785834,869253.782098991,509756.196313157,289.896208804066,296.416200506285,285.307967495249
58000,52.8843999999571,-351745.161223562,861121.676231304,509376.515007742,287.184150819178,291.702151643245,283.932830144117
58100,52.9755799999568,-376977.369378003,885637.885470475,508660.516092472,295.36030864448,308.955967004565,286.050402813887
58200,53.0667599999565,-357550.654339766,865943.759632851,508393.105293085,288.792316035635,297.199146198699,282.947102330228
58300,53.1579399999562,-360932.963903789,868833.38549614,507900.421592351,289.756006501964,284.324843647622,293.135318399441
58400,53.249119999956,-379425.991451119,887021.147061249,507595.15561013,295.821626500333,308.278488613333,287.270533736248
58500,53.3402999999557,-356044.485421135,863393.369148439,507348.883727303,287.941760596444,291.278004293179,285.477646664791
58600,53.4314799999554,-371212.023193507,878715.454776144,507503.431582637,293.051677430763,289.714786312972,295.032061778099
58700,53.5226599999551,-376090.136782757,883313.65607968,507223.519296922,294.585177948868,305.526995297029,287.045145401803
58800,53.6138399999549,-368024.200851345,875171.310856679,507147.110005333,291.869705138129,303.320927808531,283.992331936912
58900,53.7050199999546,-350174.73950215,858178.360391741,508003.620889591,286.202554741284,301.286066124734,275.908378356699
59000,53.7961999999543,-365483.831646043,873858.251840113,508374.420194071,291.431799846628,293.614051775139,289.734105394414
59100,53.887379999954,-369339.096272005,877851.65892597,508512.562653965,292.763601442711,292.567554330178,292.650329849864
59200,53.9785599999538,-354441.400015005,862576.521434487,508135.121419482,287.669341815737,285.959247908356,288.569679969144
59300,54.0697399999535,-377017.399948097,884602.56369074,507585.163742643,295.015028744619,297.219986438186,293.299211091621
59400,54.1609199999532,-376962.70417921,883931.322079633,506968.617900423,294.79116961135,297.703502177282,292.603955259386
59500,54.2520999999529,-377684.087268026,884104.204043199,506420.116775173,294.848825760613,295.80320740732,293.966863974676
59600,54.3432799999527,-385460.274967514,891048.440762725,505588.165795212,297.164729285551,304.925711982829,291.743103546295
59700,54.4344599999524,-369348.842135971,874632.21892401,505283.376788039,291.689917933637,312.20033286993,277.773233044496
59800,54.5256399999521,-366425.610993313,872970.902284827,506545.291291514,291.135868695957,286.785748518176,293.793335590565
59900,54.6168199999518,-348358.655073991,855248.72307563,506890.068001639,285.225520452103,290.857259330235,281.23333993297
60000,54.7079999999516,-363756.27963786,871091.725582739,507335.445944879,290.509163109134,291.080921708066,289.885899740589
60100,54.7991799999513,-359434.083385581,867185.753988948,507751.670603367,289.206521256944,293.135635761353,286.346106152958
60200,54.890359999951,-388617.806315448,896443.836996271,507826.030680823,298.96409437928,297.532763196723,299.669178422335
60300,54.9815399999507,-386247.838601687,894303.864135769,508056.025534082,298.250413251882,301.876928248524,295.584194576411
60400,55.0727199999505,-381224.459753332,888519.680209167,507295.220455835,296.321387430104,295.880835436771,296.368154269468
60500,55.1638999999502,-355299.438988254,862325.275799749,507025.836811495,287.585551375604,292.266835007816,284.225040994651
60600,55.2550799999499,-365542.695333428,871558.687863102,506015.992529674,290.664895068568,295.815131735962,286.989183211084
60700,55.3462599999496,-366707.367638168,872144.192513802,505436.824875634,290.860160918393,292.942463284212,289.229575873749
60800,55.4374399999494,-361073.463808749,866602.059889742,505528.596080993,289.011859226194,290.121736191981,288.031098032981
60900,55.5286199999491,-367179.408259954,873248.338946056,506068.930686102,291.228393845608,303.592787752588,282.742774246083
61000,55.6197999999488,-368820.939745745,874558.738294997,505737.798549252,291.665412137734,292.534923719259,290.842683239936
61100,55.7109799999485,-372457.75357425,877970.153397813,505512.399823563,292.80311935895,288.254032137333,295.591841573896
61200,55.8021599999483,-367701.345994936,873230.433149871,505529.087154934,291.222422261087,298.925641444535,285.844257453571
61300,55.893339999948,-365399.528140684,870638.943164553,505239.415023869,290.358160134918,290.307833003052,290.149746422717
61400,55.9845199999477,-382603.068612896,887898.641383128,505295.572770232,296.114270929841,296.352019743373,295.709009828377
61500,56.0756999999474,-374360.126036377,879179.537544633,504819.411508256,293.206449072747,295.552318192162,291.398197618911
61600,56.1668799999471,-372572.711050111,877436.817066484,504864.106016373,292.625251647985,294.081578496616,291.410512705858
61700,56.2580599999469,-369696.191188279,875597.503168277,505901.311979998,292.01184030958,297.0726769866,288.39460599131
61800,56.3492399999466,-384738.05153406,890500.07082603,505762.01929197,296.981847865943,309.608589090382,288.316535509762
61900,56.4404199999463,-364770.2586185,871411.99082975,506641.73221125,290.615971595714,298.43366115901,285.161998577186
62000,56.531599999946,-376367.883678543,882785.390242676,506417.506564133,294.409001248183,304.992644476048,287.107898261899
62100,56.6227799999458,-364421.475387287,870363.891049889,505942.415662601,290.266430231745,300.180261662592,283.415320585989
62200,56.7139599999455,-379189.124750699,884822.629305615,505633.504554916,295.088420645528,296.179213903532,294.115318122987
62300,56.8051399999452,-386761.081131076,892799.014967317,506037.93383624,297.748545928737,310.676411992613,288.881844764547
62400,56.8963199999449,-357598.218515287,863845.971714569,506247.753199282,288.092703589985,285.12398003625,289.831775372815
62500,56.9874999999447,-361237.901624671,867573.419064894,506335.517440223,289.335807592094,298.775610549855,282.801492447259
62600,57.0786799999444,-374642.430205136,881161.13064269,506518.700437555,293.867310536165,298.360000114246,290.627294725331
62700,57.1698599999441,-379820.561029152,885600.752966231,505780.191937078,295.347924951219,305.792913834792,288.138475758044
62800,57.2610399999438,-360241.73755655,865722.714918199,505480.977361649,288.718597604869,291.519790064917,286.6105371335
62900,57.3522199999436,-378466.27050171,884231.870694651,505765.600192941,294.891402599517,299.55866990177,291.534148229182
63000,57.4433999999433,-379792.201376834,885394.553534844,505602.35215801,295.27915742366,296.447476613936,294.254211998955
63100,57.534579999943,-374937.395821927,880082.455938455,505145.060116528,293.507572432368,299.113797940363,289.525499116678
63200,57.6257599999427,-374621.509170956,879662.385636016,505040.876465061,293.367478951481,289.965065704372,295.391281550427
63300,57.7169399999425,-371933.225564475,877320.800843337,505387.575278862,292.586560227893,303.737187384374,284.908986656715
63400,57.8081199999422,-385959.972713126,891393.95563003,505433.982916904,297.279958522605,314.549777063286,285.519012863382
63500,57.8992999999419,-384095.017265161,889189.552093103,505094.534827942,296.544789759247,295.654118747873,296.891449775365
63600,57.9904799999416,-371361.180832648,876727.818098484,505366.637265836,292.388800433045,298.747608358454,287.905937815746
63700,58.0816599999414,-374994.083207726,880846.778633113,505852.695425387,293.762474114762,305.363174946517,285.783871498495
63800,58.1728399999411,-376449.911466317,881325.9781236,504876.066657283,293.922287184792,306.545057377556,285.262171816963
63900,58.2640199999408,-387162.255002549,892057.23995186,504894.984949311,297.501163899236,298.516349329817,296.576455975601
64000,58.3551999999405,-359958.436964548,865868.934809271,505910.497844723,288.767361950732,285.046186390602,291.007506189194
64100,58.4463799999403,-367375.702415215,873886.499097692,506510.796682477,291.441220309385,293.59271903629,289.76402014119
64200,58.53755999994,-373178.979416362,880046.92081155,506867.941395188,293.495721464582,299.573924371799,289.199006425217
64300,58.6287399999397,-379407.207207748,885346.992188801,505939.784981053,295.263295710789,294.612995542735,295.450776409734
64400,58.7199199999394,-355981.452136373,861719.673642269,505738.221505896,287.383583005592,289.259120091032,285.893738629463
64500,58.8110999999392,-366301.904926944,872632.018556819,506330.113629874,291.022850944412,300.525472309029,284.445250992213
64600,58.9022799999389,-368568.507408671,875165.598622397,506597.091213725,291.867800107519,294.32410428097,289.98704082513
64700,58.9934599999386,-378325.503215437,884673.836979268,506348.33376383,295.038798392285,283.215586214746,302.675074178651
64800,59.0846399999383,-355688.532839452,862155.538185815,506467.005346364,287.528943867205,291.814030697009,284.432611860781
64900,59.175819999938,-352531.423924659,859318.771574096,506787.347649437,286.582881965682,294.481636124483,281.078226791509
65000,59.2669999999378,-363948.018888545,870978.343806186,507030.324917641,290.471350277201,283.589804080222,294.816988283288
65100,59.3581799999375,-372947.050385816,879852.425535317,506905.375149501,293.430857273743,292.026984090152,294.122247015074
65200,59.4493599999372,-368762.515867137,875453.029045419,506690.513178282,291.963658177562,280.394330982232,299.433239925967
65300,59.5405399999369,-392983.394923617,899789.207250205,506805.812326588,300.079775637887,305.002709154222,296.547753480633
65400,59.6317199999367,-395835.950434693,902030.203724472,506194.253289778,300.827148148898,309.166021595849,295.017209894141
65500,59.7228999999364,-399945.835599641,905604.737135534,505658.901535893,302.019255339515,291.360648796597,308.873310322011
65600,59.8140799999361,-378914.196442542,883705.534337281,504791.337894739,294.715869380451,304.844254278659,287.718016223827
65700,59.9052599999358,-360517.754491198,865466.007458701,504948.252967503,288.632985645723,300.481804898255,280.493245322664
65800,59.9964399999356,-360911.598354782,867076.447791398,506164.849436616,289.170067630948,293.157603915976,286.270735051238
65900,60.0876199999353,-359149.725510389,865869.441660264,506719.716149875,288.767530985581,294.622331189562,284.623691240437
66000,60.178799999935,-412178.314613668,917715.560949094,505537.246335425,306.058216091077,316.228762488004,299.02280331305
66100,60.2699799999347,-371282.772165436,876149.094070733,504866.321905297,292.195795921539,296.269633217736,289.236407894139
66200,60.3611599999345,-387665.750660559,891739.213444219,504073.46278366,297.395102032423,287.246644013572,303.912911459962
66300,60.4523399999342,-352731.659142153,856938.365368211,504206.706226058,285.789016297553,284.0874109993,286.685262316139
66400,60.5435199999339,-361384.095309631,866032.40265562,504648.307345988,288.821878491119,282.472839013572,292.813886577407
66500,60.6346999999336,-355876.829380272,861573.114074425,505696.284694153,287.334705377497,302.793534880931,276.78937345406
66600,60.7258799999334,-370716.269001006,876863.285958329,506147.016957323,292.433978975598,301.998556542868,285.81389894827
66700,60.8170599999331,-359454.075171359,866306.154141598,506852.078970239,288.913174634517,292.726354516135,286.130293734576
66800,60.9082399999328,-351611.703969358,858678.483004119,507066.779034761,286.36934567421,293.906114784081,281.1061918129
66900,60.9994199999325,-380802.180288415,888318.144842544,507515.964554129,296.254175368532,306.503647376388,289.174315550489
67000,61.0905999999323,-361114.099669542,868983.921802424,507869.822132883,289.806210372661,291.190191756195,288.642050941661
67100,61.181779999932,-360269.284403791,868442.99226198,508173.707858189,289.625810325823,292.144871236979,287.705081543113
67200,61.2729599999317,-343963.370157567,852836.5036771,508873.133519533,284.421045081574,281.711067557552,285.990679226688
67300,61.3641399999314,-351749.293789322,861707.447080815,509958.153291494,287.379505446328,287.140647022129,287.29926147459
67400,61.4553199999312,-352552.67312392,863057.608254534,510504.935130614,287.829784310333,282.990362191249,290.816207569465
67500,61.5464999999309,-351264.5759134,862290.401646325,511025.825732925,287.57392084253,291.357583259108,284.811834297443
67600,61.6376799999306,-352634.828652912,863504.74214907,510869.913496158,287.978903501441,279.582544458138,293.336493777391
67700,61.7288599999303,-363732.835869808,875004.029279135,511271.193409326,291.813916718071,295.004723752924,289.443533764236
67800,61.8200399999301,-350063.193957431,861456.338346315,511393.144388885,287.295760662436,284.403063222366,288.984812488597
67900,61.9112199999298,-345092.133002141,856954.656263557,511862.523261416,285.794449312509,293.963636032995,280.11016279109
68000,62.0023999999295,-354073.957478788,866152.764700638,512078.80722185,288.862019243168,294.930698522238,284.575514707751
68100,62.0935799999292,-372551.506301021,884291.619258063,511740.112957042,294.911328750396,295.945332435942,293.976233519407
68200,62.1847599999289,-366591.092282497,878496.891170524,511905.798888028,292.978786450066,291.148539188614,293.954802302327
68300,62.2759399999287,-362183.179702695,874262.684781039,512079.505078344,291.566678266146,294.475155025291,289.384721528159
68400,62.3671199999284,-367649.012146115,879594.803086038,511945.790939923,293.344940165429,302.054699490923,287.293979831628
68500,62.4582999999281,-338410.853115115,850590.134294292,512179.281179177,283.671880705117,295.219029558347,275.737388235708
68600,62.5494799999278,-366821.561230873,878929.013845451,512107.452614578,293.122899398183,288.677096070868,295.842499200227
68700,62.6406599999276,-364215.31151013,876095.45471239,511880.143202261,292.177907191059,302.007172769989,285.381581882445
68800,62.7318399999273,-384839.467280929,895402.736751966,510563.269471038,298.616887361003,316.942988207097,286.150639390805
68900,62.823019999927,-381169.490529484,890954.597795883,509785.107266398,297.133432648285,305.294550743987,291.445076057277
69000,62.9141999999267,-372580.470747234,881921.901866009,509341.431118776,294.121027802571,292.883810603777,294.700738411932
69100,63.0053799999265,-380117.182931124,889307.98482745,509190.801896326,296.584287086026,293.67850576844,298.274321058512
69200,63.0965599999262,-382757.361745537,892086.119727234,509328.757981697,297.510795306731,301.315776718601,294.726215369395
69300,63.1877399999259,-361935.848022787,871146.085832808,509210.237810021,290.527292257065,292.22417122781,289.15393353302
69400,63.2789199999256,-352002.475412728,860776.696421766,508774.221009038,287.069100023934,293.929985912817,282.25595184799
69500,63.3700999999254,-386664.808218345,895233.40718131,508568.598962965,298.560415935071,298.017549996663,298.673526214064
69600,63.4612799999251,-383917.859092908,892766.478573504,508848.619480596,297.737695038687,291.491943467544,301.653414673584
69700,63.5524599999248,-377356.777279736,886271.890977956,508915.11369822,295.571749534086,296.331826071325,294.818722051314
69800,63.6436399999245,-360543.982790662,869579.361139911,509035.378349249,290.004789441358,297.197736870056,284.967820497692
69900,63.7348199999243,-366082.286785729,875290.694589914,509208.407804185,291.909519623116,293.412221273939,290.664460589548
70000,63.825999999924,-363240.962921266,873240.741903713,509999.778982447,291.225860231353,304.681067148169,282.01303406995
70100,63.9171799999237,-381056.101225976,891031.770654418,509975.669428441,297.159169803041,307.159053169425,290.244948250615
70200,64.0083599999234,-359958.332103101,870189.260223232,510230.928120131,290.208190836496,301.184102330379,282.649076348211
70300,64.0995399999232,-359652.670570859,870710.638981496,511057.968410638,290.382070695847,287.418047350813,292.11610120029
70400,64.1907199999229,-359541.731038055,871221.485342408,511679.754304353,290.552437999802,298.58063627761,284.958178782931
70500,64.2818999999226,-380906.617151142,892041.07616857,511134.459017429,297.495773276162,289.987497386049,302.253377391839
70600,64.3730799999223,-360196.341160292,871735.874338295,511539.533178003,290.723986772818,285.584064791587,293.908331437994
70700,64.4642599999221,-359733.293489596,871217.406938051,511484.113448455,290.55107785161,304.098572828258,281.277288635634
70800,64.5554399999218,-364454.761342768,875858.120873874,511403.359531106,292.098756336126,299.110031117865,287.18115751802
70900,64.6466199999215,-371136.109931337,882221.262375532,511085.152444195,294.220864557456,289.185929227321,297.332304057083
71000,64.7377999999212,-365119.08490481,875431.52571374,510312.44080893,291.956486814654,298.392207500374,287.422709285162
71100,64.828979999921,-376160.456187162,885092.004505892,508931.54831873,295.178257297279,298.787282393545,292.526258685355
71200,64.9201599999207,-380532.355909893,889186.568264187,508654.212354294,296.543794652055,295.154592993465,297.222809262238
71300,65.0113399999204,-365742.546923033,874651.287251179,508908.740328146,291.696277222337,284.137646880772,296.492283885695
71400,65.1025199999201,-361499.456187115,870036.659276625,508537.20308951,290.157298408079,293.346427933052,287.789414309424
71500,65.1936999999199,-375494.829121023,883146.871457461,507652.042336438,294.529555263452,308.30281388156,285.101941555328
71600,65.2848799999196,-368581.669321823,874990.459572082,506408.79025026,291.809391219637,292.95627563627,290.801627115866
71700,65.3760599999193,-369298.227918557,876435.470283275,507137.242364718,292.291302412298,297.535656922561,288.551489986779
71800,65.467239999919,-369891.993423849,877410.749559922,507518.756136073,292.616558132373,294.565234050892,291.073593721585
71900,65.5584199999188,-370879.582786603,878000.783552936,507121.200766333,292.813334518238,291.077364928428,293.726636466012
72000,65.6495999999185,-378309.117459164,885167.448046785,506858.330587622,295.203417724457,290.584532243101,298.036671863923
72100,65.7407799999182,-373984.569510737,880506.438286254,506521.868775517,293.648970580708,299.697904805822,289.371640288482
72200,65.8319599999179,-380423.817721369,886362.199020926,505938.381299557,295.601867273946,297.3094851039,294.217120497914
72300,65.9231399999177,-379652.939376303,885074.088798112,505421.149421809,295.172282407241,298.204480757238,292.90483993857
72400,66.0143199999174,-378044.776561031,884009.278531039,505964.501970008,294.817168094394,296.612914085193,293.374323127118
72500,66.1054999999171,-390983.393880834,896528.133886445,505544.740005611,298.992207399181,307.605644756017,293.000755655125
72600,66.1966799999168,-371191.366875334,876424.973431211,505233.606555877,292.287801711259,310.191099489429,280.108696691054
72700,66.2878599999165,-399928.36693772,904894.331429923,504965.964492203,301.782334977463,317.429715083947,291.09926296066
72800,66.3790399999163,-387351.549006688,891529.06855764,504177.519550952,297.325018695228,292.733835249157,300.138036810363
72900,66.470219999916,-388124.019201305,891450.283432622,503326.264231317,297.298743849465,304.452204659551,292.282021022867
73000,66.5613999999157,-376270.143461129,879392.079231464,503121.935770335,293.277331743026,292.024104531783,293.868418774069
73100,66.6525799999154,-370437.478214626,873434.964419526,502997.4862049,291.29063345657,305.018942284824,281.89568537652
73200,66.7437599999152,-372565.574302898,876143.854109242,503578.279806344,292.194048393944,295.299742146786,289.880090851722
73300,66.8349399999149,-357481.112054744,861498.675677583,504017.563622839,287.309880165944,291.282377356128,284.422123805684
73400,66.9261199999146,-390450.431912348,895144.872769301,504694.440856953,298.530889701284,308.279884366932,291.782784182767
73500,67.0172999999143,-386308.579968775,890125.145028488,503816.565059713,296.856810081203,302.190586230025,293.053578640254
73600,67.1084799999141,-372014.74613748,876272.670926756,504257.924789276,292.237008813325,294.02775859961,290.799644781792
73700,67.1996599999138,-367314.870389324,872603.121233144,505288.25084382,291.013213684557,298.810888176299,285.572253011992
73800,67.2908399999135,-365246.813202953,869782.647028521,504535.833825569,290.072585302158,298.159053106381,284.439879611592
73900,67.3820199999132,-364717.973779706,869221.035221135,504503.06144143,289.885287717571,291.121811160813,288.819367682311
74000,67.473199999913,-376818.944102262,881426.898178657,504607.954076395,293.955944031568,303.202522383599,287.546595176853
74100,67.5643799999127,-384916.256667826,889408.847548853,504492.590881027,296.617924812024,303.080813536633,292.06215072494
74200,67.6555599999124,-376421.205406651,880993.52979889,504572.324392239,293.811415640784,302.606178563046,287.703397512907
74300,67.7467399999121,-373199.261703651,878583.172420747,505383.910717096,293.007561254209,290.249816613854,294.6018847134
74400,67.8379199999119,-356974.261639181,862906.736679881,505932.4750407,287.779468627608,288.818683826914,286.84684227088
74500,67.9290999999116,-370066.278813833,875744.712986939,505678.434173106,292.060934796378,289.321414363759,293.643897639128
74600,68.0202799999113,-368237.889110912,874564.381587695,506326.492476784,291.66729417632,306.38687476035,281.611184375152
74700,68.111459999911,-347666.414553019,854525.075056318,506858.660503299,284.984183777328,291.310877092101,280.528901414331
74800,68.2026399999108,-377895.625428261,884538.808989565,506643.183561304,294.993766546462,307.997086053393,286.079058736385
74900,68.2938199999105,-377416.637120356,883808.50129832,506391.864177964,294.750208870542,295.022365010544,294.323146269815
75000,68.3849999999102,-388060.170714757,893800.675142988,505740.504428231,298.082599680836,317.420368051677,284.942351933875
75100,68.4761799999099,-377324.609478846,883235.009267416,505910.39978857,294.558949230421,299.242033528248,291.191427240843
75200,68.5673599999097,-372402.089559265,877675.650789148,505273.561229883,292.704902714407,304.604667051083,284.527805737694
75300,68.6585399999094,-375994.145719783,882368.742774483,506374.5970547,294.270049282802,298.933438867164,290.91589785216
75400,68.7497199999091,-367986.53090501,874616.214602779,506629.683697769,291.684580491172,292.261773173597,291.056714885811
75500,68.8408999999088,-371559.682777435,878108.092103685,506548.40932625,292.849121928859,286.390042581683,296.911133892037
75600,68.9320799999086,-387485.286960072,894261.376426092,506776.08946602,298.236243597163,306.517817159984,292.466664352285
75700,69.0232599999083,-384862.209368147,891235.814790554,506373.605422408,297.227218539454,284.737444435133,305.306045260219
75800,69.114439999908,-359478.574343099,866483.703848898,507005.129505799,288.972387476704,294.023030605108,285.364481734872
75900,69.2056199999077,-381156.560495109,888133.564597041,506977.004101932,296.192617841268,292.636244538948,298.316706194613
76000,69.2967999999074,-359757.358750128,867092.129415724,507334.770665597,289.175297453968,299.252167343223,282.216404779921
76100,69.3879799999072,-381152.02873425,888615.841654318,507463.812920068,296.353457280079,294.863604729394,297.09973109947
76200,69.4791599999069,-365905.11816951,873652.920066213,507747.801896703,291.363321682912,295.034807386524,288.672861779102
76300,69.5703399999066,-382069.097698993,889149.42428107,507080.326582077,296.531407130589,301.200523926334,293.171553094151
76400,69.6615199999063,-377527.058692614,884060.019360403,506532.960667789,294.834090165217,304.979506702683,287.824784065101
76500,69.7526999999061,-379665.960191265,887003.898247733,507337.938056468,295.815874019587,288.663900669922,300.337343024347
76600,69.8438799999058,-364222.597702078,871880.663762418,507658.06606034,290.772274057835,284.571697291338,294.663681673784
76700,69.9350599999055,-380208.807424903,887422.075764215,507213.268339311,295.9553362562,290.48367935383,299.356478077566
76800,70.0262399999052,-369949.842193857,876621.997441041,506672.155247184,292.353509234965,296.753299885848,289.176687543347
76900,70.117419999905,-377850.703536925,884063.997529462,506213.293992537,294.83541688493,306.044603129496,287.116929874482
77000,70.2085999999047,-397019.072789515,903046.601491345,506027.528701829,301.166116888893,307.777620705687,296.507475913623
77100,70.2997799999044,-369942.920211558,875411.530453428,505468.61024187,291.949818393673,292.632212083014,291.251597752117
77200,70.3909599999041,-388298.293411468,893935.52442256,505637.231011092,298.127571926817,315.199850696211,286.497613103949
77300,70.4821399999039,-373753.888203444,878853.480011761,505099.591808317,293.09770885835,311.399002220225,280.652598526384
77400,70.5733199999036,-385358.244609664,889209.898720574,503851.654110909,296.551575361205,293.055453789185,298.635196763085
77500,70.6644999999033,-373615.580207879,877062.281017739,503446.70080986,292.500343844502,296.344075986154,289.69410546353
77600,70.755679999903,-389043.269185023,891847.264621415,502803.995436392,297.431137109026,305.220081438908,291.990648274847
77700,70.8468599999028,-352669.935791503,855836.770368045,503166.834576542,285.421634273152,300.747856889386,274.966301167101
77800,70.9380399999025,-370874.951547928,874116.280162501,503241.328614573,291.517852313657,307.018942309907,280.940860772562
77900,71.0292199999022,-378660.970536188,881884.120242805,503223.149706618,294.108427628083,293.548979506608,294.236302686043
78000,71.1203999999019,-364344.722154155,867585.13690896,503240.414754805,289.339715494067,302.315851085498,280.447842003534
78100,71.2115799999017,-372380.631293198,875526.342853675,503145.711560477,291.988108338728,287.192616161091,294.941779700203
78200,71.3027599999014,-357969.618568533,861901.367422759,503931.748854225,287.444177896534,295.383689288371,281.911633487063
78300,71.3939399999011,-379727.852012128,883159.410581767,503431.558569639,294.533737062454,298.786699705301,291.452983853003
78400,71.4851199999008,-374241.193255586,878372.189294857,504130.996039271,292.937198364134,291.344447042692,293.75491824646
78500,71.5762999999006,-365387.694076811,870854.850903838,505467.156827027,290.430165383971,305.441115547943,280.180840136837
78600,71.6674799999003,-371828.728507051,877224.001938197,505395.273431145,292.554277784958,291.701651095466,292.878900346465
78700,71.7586599999,-367554.037977917,873382.240846516,505828.202868599,291.273050140576,293.44406200434,289.582981356282
78800,71.8498399998997,-385868.3270309,891631.62286506,505763.295834161,297.359220565303,300.379150713136,295.09813444961
78900,71.9410199998995,-383347.4102936,888203.457589722,504856.047296122,296.215927160154,306.401422560707,289.17875028715
79000,72.0321999998992,-365759.765636262,870372.261965968,504612.496329706,290.269221932956,286.492567361446,292.545100629018
79100,72.1233799998989,-356961.926716573,862116.645570897,505154.718854324,287.515973176888,292.420709300035,284.006552450474
79200,72.2145599998986,-384910.274918338,889905.492154271,504995.217235933,296.783555829338,296.976693166766,296.407477974529
79300,72.3057399998983,-385882.66646088,890461.707113686,504579.040652806,296.969053564678,303.268797840458,292.521749836188
79400,72.3969199998981,-389692.777723407,893594.217791155,503901.440067749,298.013746136787,298.210246999583,297.634400773143
79500,72.4880999998978,-369867.241630447,873464.988411869,503597.746781422,291.30064646052,301.839746399516,284.031829295805
79600,72.5792799998975,-373758.968393305,877768.524433154,504009.556039849,292.735876082426,294.959881389848,291.009259314075
79700,72.6704599998972,-369978.719305773,874074.865190648,504096.145884875,291.504040417091,300.088391901294,285.538219393942
79800,72.761639999897,-385020.040255626,888985.199069134,503965.158813508,296.476638008716,306.816474555421,289.336349779237
79900,72.8528199998967,-390594.927074939,893848.333857169,503253.40678223,298.098493865989,306.442349546727,292.287508000609
80000,72.9439999998964,-386673.94700873,889816.944484849,503142.997476119,296.754025174203,302.51334913592,292.667180845414
80100,73.0351799998961,-383498.966880463,886572.422727491,503073.455847028,295.671976897613,297.295344781332,294.343338327719
80200,73.1263599998959,-386685.509426384,890376.045902968,503690.536476585,296.940485543761,300.928335939597,294.034468208584
80300,73.2175399998956,-395119.569252872,899422.507311232,504302.93805836,299.957481177666,300.568658395197,299.300065131663
80400,73.3087199998953,-392096.534332961,896116.740880479,504020.206547518,298.855007797392,299.841552867371,297.948265244241
80500,73.399899999895,-372383.082982667,876495.820877262,504112.737894595,292.311429340424,294.559862762747,290.56888086776
80600,73.4910799998948,-383841.325157271,886960.684623768,503119.359466496,295.801462272392,312.13819636968,284.663804988974
80700,73.5822599998945,-381495.426640413,884401.172312359,502905.745671946,294.947864703138,289.900015826772,298.06730740013
80800,73.6734399998942,-389252.497183822,892177.386762211,502924.88957839,297.541232870506,299.135328640323,296.230551329901
80900,73.7646199998939,-384218.910627331,886571.495786397,502352.585159066,295.67166776268,299.423369568521,292.924140168985
81000,73.8557999998937,-395988.969439659,897666.111684227,501677.142244568,299.37172308962,309.103884104991,292.634139310132
81100,73.9469799998934,-375110.831175295,876859.165777588,501748.334602293,292.432604894977,297.975433977995,288.493691668886
81200,74.0381599998931,-394735.217577468,895538.512265001,500803.294687534,298.66216850592,290.064689346088,304.144936138719
81300,74.1293399998928,-363252.493324257,864306.435700923,501053.942376666,288.246268367825,281.36439767643,292.593976938449
81400,74.2205199998926,-407364.663746524,908374.095842541,501009.432096017,302.942836699197,308.952169215086,298.68416265802
81500,74.3116999998923,-368520.012752429,870383.152232263,501863.139479834,290.272853837673,297.276215295078,285.36205215454
81600,74.402879999892,-364220.238834593,867354.365396293,503134.1265617,289.262753175352,289.542509989731,288.835196338119
81700,74.4940599998917,-376045.301763695,879493.901273017,503448.599509322,293.311289402374,292.940464472813,293.314079947578
81800,74.5852399998915,-367444.210548783,870852.775884154,503408.565335371,290.429473364734,302.181658026372,282.352659029171
81900,74.6764199998912,-371953.432185822,875679.945854215,503726.513668392,292.039334952214,294.880520550033,289.901845107876
82000,74.7675999998909,-378009.905249335,881455.341150411,503445.435901076,293.965429765019,293.378721367898,294.111597504962
82100,74.8587799998906,-391655.473779457,894716.886895509,503061.413116051,298.388156376691,305.101429937591,293.663983872444
82200,74.9499599998904,-367997.685178491,871483.335479576,503485.650301084,290.63976504238,300.521313081784,283.809866545241
82300,75.0411399998901,-365107.512475183,869224.832543367,504117.320068184,289.886554124851,289.429726838025,289.949533520965
82400,75.1323199998898,-369017.631634444,873202.166658724,504184.53502428,291.212995383933,289.821481632897,291.897993721804
82500,75.2234999998895,-390075.335278335,893595.856419046,503520.52114071,298.014292619325,300.167909198061,296.330202989651
82600,75.3146799998893,-381854.362279508,886227.494985667,504373.132706159,295.556943466956,300.08786862736,292.290029240464
82700,75.405859999889,-371685.211216026,875641.082755522,503955.871539497,292.02637410556,289.534123660912,293.444519090237
82800,75.4970399998887,-374449.751357809,877631.93760979,503182.186251981,292.690324365446,305.779835746942,283.720074840811
82900,75.5882199998884,-363372.988009349,866189.028545096,502816.040535748,288.874113238318,289.572550027702,288.167760284364
83000,75.6793999998881,-363244.399257523,866533.332080111,503288.932822589,288.988938495952,292.665964148197,286.296763945709
83100,75.7705799998879,-369223.146982435,872550.364913641,503327.217931206,290.995619447604,287.201445948966,293.282572097157
83200,75.8617599998876,-390173.891954982,893360.996326534,503187.104371552,297.935966758891,307.466485936594,291.33400733479
83300,75.9529399998873,-380377.643897493,882692.863889061,502315.219991568,294.378143701538,288.982112230101,297.730182896078
83400,76.044119999887,-379598.105798748,882519.295064521,502921.189265774,294.320258484083,298.955105834888,290.985093368141
83500,76.1352999998868,-383984.788883442,886988.113471825,503003.324588383,295.810609795506,299.651996772793,293.003176302487
83600,76.2264799998865,-368034.573898368,871253.732028458,503219.158130089,290.563192272289,299.871357033595,284.115613104524
83700,76.3176599998862,-364052.82254704,867053.812321163,503000.989774123,289.162518699738,291.171011462187,287.582554759189
83800,76.4088399998859,-367420.798200664,870120.611043567,502699.812842903,290.185296329354,302.641540464559,281.639312492277
83900,76.5000199998857,-376288.995971998,879324.824402095,503035.828430097,293.254902251824,295.158279435229,291.741605044345
84000,76.5911999998854,-382285.21466066,885620.587189438,503335.372528777,295.354539666312,299.866796264078,292.10023981808
84100,76.6823799998851,-380174.11249245,882545.111242177,502370.998749726,294.328868181483,293.506485833532,294.6318490233
84200,76.7735599998848,-376771.9860038,879254.089472324,502482.103468524,293.231312146848,309.207606257727,282.336089979474
84300,76.8647399998846,-363280.992356346,865846.670182952,502565.677826606,288.759936695999,299.683392562097,281.236999504687
84400,76.9559199998843,-371957.216369853,875065.614630728,503108.398260875,291.834455437962,309.753216442361,279.64541938883
84500,77.047099999884,-362689.133108365,865491.739260843,502802.606152478,288.641567203883,290.025008399941,287.478738433841
84600,77.1382799998837,-384291.576056371,887005.741159697,502714.165103326,295.816488630881,303.769104973697,290.268230661811
84700,77.2294599998835,-376803.000122764,878771.239864586,501968.239741822,293.07028176241,303.486832708552,285.88168923018
84800,77.3206399998832,-368522.23961338,870476.936060579,501954.696447199,290.304130752236,289.424137148098,290.648873046035
84900,77.4118199998829,-378471.217004873,880926.665116811,502455.448111938,293.789116263736,291.967877966195,294.758450865209
85000,77.5029999998826,-367109.942418793,869362.430747343,502252.48832855,289.93244313735,307.111804787702,278.237925001166
85100,77.5941799998824,-367307.1336817,870015.562775923,502708.429094223,290.150262723336,316.167914474961,272.563369669984
85200,77.6853599998821,-357606.567977889,860718.105015811,503111.537037922,287.049559785163,298.066236104122,279.465900939371
85300,77.7765399998818,-384389.591966238,888198.791464802,503809.199498563,296.214371007104,300.079987314657,293.390448159562
85400,77.8677199998815,-394628.476932587,898833.702284544,504205.225351957,299.761114652174,305.685194825762,295.561926940905
85500,77.9588999998813,-384092.31873145,888338.326110151,504246.007378702,296.260905822962,307.138989190745,288.761966156254
85600,78.050079999881,-366902.264241905,870930.513617631,504028.249375725,290.45539890533,297.544896771775,285.487020828613
85700,78.1412599998807,-370303.814037195,874799.564919743,504495.750882548,291.745727837166,308.466360580807,280.355517901542
85800,78.2324399998804,-364502.984710073,869264.542915572,504761.558205499,289.899797537293,306.632693417522,278.502950452526
85900,78.3236199998802,-386304.767188895,890627.644614097,504322.877425201,297.0243937349,296.512798141439,297.117937135761
86000,78.4147999998799,-382086.064559699,886890.397297707,504804.332738007,295.778021443291,298.725045807845,293.566856849051
86100,78.5059799998796,-376433.59270089,880822.942467625,504389.349766735,293.754524751584,300.891255247998,288.75190898335
86200,78.5971599998793,-394084.805067887,898696.659191676,504611.854123789,299.715410769277,308.251948934033,293.774622483798
86300,78.688339999879,-373637.492076404,878156.056852085,504518.564775681,292.86511817645,293.876953569622,291.946506982522
86400,78.7795199998788,-371738.874849421,876124.170877507,504385.296028086,292.187484034519,303.01419221119,284.726189013377
86500,78.8706999998785,-384167.247826348,888412.835413154,504245.587586807,296.285754681726,288.950182142742,300.929231578813
86600,78.9618799998782,-370384.163037365,874575.777566261,504191.614528896,291.671094736122,289.624646579387,292.792334261664
86700,79.0530599998779,-378320.760177166,883197.970616009,504877.210438843,294.546596837088,290.964300606285,296.689338826926
86800,79.1442399998777,-392211.345613205,896932.44078903,504721.095175825,299.127043784902,299.293874825645,298.766550554586
86900,79.2354199998774,-357208.64223933,861791.655788581,504583.013549252,287.407589057389,291.909744602044,284.166645703404
87000,79.3265999998771,-361806.312887246,866248.222185499,504441.909298253,288.893854322327,295.531495593123,284.228015263195
87100,79.4177799998768,-361552.498376936,866267.253616917,504714.755239981,288.900201306292,298.111795074974,282.518388626082
87200,79.5089599998766,-385114.162068403,888971.881644403,503857.719576,296.472196646457,298.211772842658,295.065419018452
87300,79.6001399998763,-375679.454743814,879326.099083107,503646.644339293,293.255327358048,302.388575263117,286.92211598187
87400,79.691319999876,-374215.772274214,878002.841011892,503787.068737678,292.814020680971,292.382923022381,292.857407436131
87500,79.7824999998757,-352712.62115406,857923.058909141,505210.437755081,286.117411675551,292.300136345194,281.757164052726
87600,79.8736799998755,-362778.845603494,867556.630886643,504777.785283149,289.330208733248,294.032860591815,285.953998986925
87700,79.9648599998752,-360957.780012572,865353.789043432,504396.009030859,288.595560794875,294.908281972873,284.14658370888
87800,80.0560399998749,-381111.150347914,885460.471842845,504349.321494931,295.301141184874,299.158596378503,292.483420104801
87900,80.1472199998746,-377052.260541998,880397.918017783,503345.657475785,293.612779062125,289.050427272375,296.409669606074
88000,80.2383999998744,-368681.463914346,872296.342116488,503614.878202142,290.910902823575,294.313053789646,288.400376427174
88100,80.3295799998741,-378621.327078678,882761.205573962,504139.878495284,294.40093565915,297.684016285813,291.966881128326
88200,80.4207599998738,-356406.564303773,860994.074251627,504587.509947854,287.141595548316,300.041324078011,278.302491865563
88300,80.5119399998735,-365561.701439249,870467.435250026,504905.733810776,290.300962231124,286.681985761748,292.471695742182
88400,80.6031199998733,-373433.462249018,878811.513924484,505378.051675466,293.083713164744,303.824480088371,285.678965454688
88500,80.694299999873,-376412.558009678,882232.576707604,505820.018697927,294.224637888146,304.141851108053,287.367975209967
88600,80.7854799998727,-373002.207301253,878537.413726099,505535.206424846,292.992300725729,301.10619930524,287.33887475545
88700,80.8766599998724,-366810.651732977,872823.359440974,506012.707707996,291.08666314523,287.016729527724,293.55738000428
88800,80.9678399998722,-380269.893375254,886747.707333464,506477.81395821,295.730434328319,298.269634777976,293.791191999941
88900,81.0590199998719,-357615.701465697,864601.571935354,506985.870469657,288.344696326614,290.501103125981,286.666804546765
89000,81.1501999998716,-362728.822704112,870813.234167766,508084.411463653,290.416286199021,297.66095570467,285.344492956756
89100,81.2413799998713,-372198.188381964,880412.326974381,508214.138592417,293.617584450352,287.109031175772,297.711938646365
89200,81.3325599998711,-367655.822522336,876446.595327496,508790.77280516,292.295012615473,300.254936125092,286.744817765216
89300,81.4237399998708,-372337.471542742,882074.651628926,509737.180086185,294.171969861239,303.608887453331,287.635548158295
89400,81.5149199998705,-355297.523237662,865554.054825732,510256.53158807,288.662349449969,295.145915325483,284.099420241752
89500,81.6060999998702,-357433.984013169,868009.45259376,510575.468580591,289.481224810325,296.372843985513,284.645577672858
89600,81.6972799998699,-378192.540852441,889005.375167028,510812.834314587,296.483366739046,295.308236113744,297.019717683631
89700,81.7884599998697,-357634.549931972,868666.047158484,511031.497226513,289.700199152404,283.954031495813,293.289560757504
89800,81.8796399998694,-376285.94761551,887409.06142265,511123.11380714,295.950995972203,307.522997267773,287.989702611846
89900,81.9708199998691,-389789.305964316,899517.389377149,509728.083412833,299.98912435456,302.379056322572,298.145845438923
90000,82.0619999998688,-376563.746661423,886297.361003427,509733.614342004,295.580243789704,295.26130850818,295.546550440895
90100,82.1531799998686,-368406.459191822,878482.259304675,510075.800112853,292.973906721586,309.839989256994,281.485706775712
90200,82.2443599998683,-370720.82394427,880460.589644685,509739.765700415,293.633680054922,298.234909748546,290.321498859128
90300,82.335539999868,-391526.024920542,901409.098563092,509883.07364255,300.620009525794,294.506976460621,304.444848227971
90400,82.4267199998677,-383570.183382776,891818.352069789,508248.168687013,297.421494770648,310.199621109953,288.654892632136
90500,82.5178999998675,-394723.822142868,901827.904436926,507104.082294058,300.759681319635,303.372428495565,298.767216801249
90600,82.6090799998672,-392432.954516289,899828.855696974,507395.901180685,300.09299839819,293.628154815807,304.152816621113
90700,82.7002599998669,-369946.803993219,877108.054723186,507161.250729967,292.515609379085,291.885903277003,292.691650439324
90800,82.7914399998666,-380688.8661593,887322.531268362,506633.665109062,295.922138158533,296.556194461261,295.252832174915
90900,82.8826199998664,-409473.99974446,915178.788552312,505704.788807852,305.212202285247,306.624062439794,304.016618680311
91000,82.9737999998661,-368102.525475995,873422.129239059,505319.603763064,291.286352922815,292.747098205168,290.069784107144
91100,83.0649799998658,-376726.097060848,883075.223747109,506349.126686261,294.505660746076,291.296949684459,296.399380069866
91200,83.1561599998655,-356356.527125597,862431.161440039,506074.634314442,287.620864245469,286.341663613026,288.23398061356
91300,83.2473399998653,-372936.309252579,879035.077998157,506098.768745578,293.158271801953,290.788275371827,294.493970862202
91400,83.338519999865,-356775.716385342,863615.059101443,506839.342716101,288.015694214255,288.779060959422,287.266769972299
91500,83.4296999998647,-378196.160458075,884988.652560128,506792.492102052,295.14378941475,293.502610851096,295.99195529934
91600,83.5208799998644,-372317.403707492,880031.132491489,507713.728783996,293.490456058526,294.881553975977,292.318482066842
91700,83.6120599998642,-368933.326001631,877056.767631898,508123.441630266,292.498505129864,297.057176946136,289.215641831408
91800,83.7032399998639,-371762.846009761,879191.312150448,507428.466140687,293.210375904768,299.920384122596,288.492695112962
91900,83.7944199998636,-363371.914364148,871039.550959444,507667.636595296,290.491762867915,294.125454450344,287.827225343906
92000,83.8855999998633,-351194.21770996,859285.400318053,508091.182608093,286.571752649009,285.206353956261,287.2432086503
92100,83.9767799998631,-362986.509119736,871470.045764584,508483.536644848,290.635332921322,303.625450637005,281.733058333433
92200,84.0679599998628,-388119.083996058,895726.873841374,507607.789845316,298.724987107345,312.345558338077,289.3956687976
92300,84.1591399998625,-360832.76763622,868249.168970807,507416.401334587,289.561170242057,288.557223138677,289.989167335774
92400,84.2503199998622,-382501.523817791,889782.732133214,507281.208315422,296.742615352081,300.604114124082,293.920997324621
92500,84.341499999862,-374154.459026534,880890.723772864,506736.26474633,293.777129822533,302.433118938124,287.761656137286
92600,84.4326799998617,-390694.663758677,896414.988386109,505720.324627432,298.954473365386,303.639803942776,295.581790919322
92700,84.5238599998614,-372766.523597145,878632.911353412,505866.387756267,293.0241491924,287.836107986592,296.238656538612
92800,84.6150399998611,-372577.907221364,878628.026085386,506050.118864023,293.022519955106,302.688166522577,286.334570143496
92900,84.7062199998608,-356837.237558774,863077.576389612,506240.338830839,287.836443685047,289.001797766369,286.819677261095
93000,84.7973999998606,-367364.186849548,874701.261431145,507337.074581597,291.712943615523,297.768703070801,287.432676525657
93100,84.8885799998603,-345110.137939761,853237.110230572,508126.972290811,284.554647400558,293.493385226773,278.358359976913
93200,84.97975999986,-370809.260663706,878948.848324967,508139.587661261,293.129514198755,285.431061610168,298.017541329315
93300,85.0709399998597,-356594.996991939,865196.886734164,508601.889742226,288.543233861652,290.849679630579,286.76515065415
93400,85.1621199998595,-377798.225770239,885763.405283273,507965.179513034,295.402169512514,292.354369011247,297.187868038765
93500,85.2532999998592,-362829.706295858,871707.372650352,508877.666354494,290.714481457513,288.095835681109,292.217983240567
93600,85.3444799998589,-386220.086153276,894769.316696194,508549.230542918,298.405641719591,297.496401511701,298.763130490085
93700,85.4356599998586,-362279.124702159,869991.199705909,507712.07500375,290.142137637455,289.982956516307,290.006473270189
93800,85.5268399998584,-385152.030048696,892824.593213111,507672.563164414,297.757076275841,295.582327518536,298.958777883815
93900,85.6180199998581,-368440.286754763,876440.290324691,508000.003569928,292.292909896512,282.582106556986,298.523201364615
94000,85.7091999998578,-371791.099603535,881041.290846273,509250.191242738,293.827343954068,298.019810940315,290.787509843274
94100,85.8003799998575,-379818.60683069,889157.333000099,509338.726169409,296.534044689044,293.066692921204,298.598500830363
94200,85.8915599998573,-379719.512648491,888853.634998786,509134.122350295,296.432761380285,297.468247366473,295.495410088344
94300,85.982739999857,-375998.80806001,884434.630516528,508435.822456518,294.959023017018,294.163443196201,295.243610378382
94400,86.0739199998567,-378246.257380286,886215.368644936,507969.11126465,295.552899331311,304.872547372153,289.09350655464
94500,86.1650999998564,-359849.183742599,867978.536012686,508129.352270087,289.470914127959,287.122475489097,290.795314125428
94600,86.2562799998562,-369951.511176815,878366.950309763,508415.439132948,292.935451162169,303.432111561396,285.693564686717
94700,86.3474599998559,-381337.360049787,888747.78195583,507410.421906042,296.397459381634,298.235220727803,294.925287268036
94800,86.4386399998556,-374016.569697766,880304.080760117,506287.511062352,293.58148432887,299.600287193744,289.32429784868
94900,86.5298199998553,-371027.103660846,876686.671094125,505659.567433279,292.37507790366,300.149807962246,286.948278633016
95000,86.6209999998551,-364996.728914993,870573.725434487,505576.996519494,290.336410016504,292.789964260421,288.458760178879
95100,86.7121799998548,-368963.533372201,874110.050630477,505146.517258276,291.515774764208,296.771101967549,287.76929348301
95200,86.8033599998545,-366311.061338884,871807.148684627,505496.087345743,290.747756773262,280.203235878209,297.535147572654
95300,86.8945399998542,-366768.417656269,871580.151131032,504811.733474763,290.672053070212,302.75284655302,282.375964037449
95400,86.985719999854,-382423.609041234,887473.233052874,505049.62401164,295.972397216233,306.72592631479,288.556734152848
95500,87.0768999998537,-373465.342895138,878713.239950449,505247.897055311,293.05093878621,298.995411525822,288.843747844146
95600,87.1680799998534,-364254.524763366,869735.509595749,505480.984832383,290.056864964398,289.908859446729,289.913821255375
95700,87.2592599998531,-369203.760547333,874769.235444859,505565.474897526,291.735612954764,305.542557190858,282.287870453237
95800,87.3504399998529,-383292.71333472,889025.462877566,505732.749542846,296.490065992185,306.799522285223,289.370020075166
95900,87.4416199998526,-383950.022496036,888945.937946265,504995.915450229,296.463544420965,305.4961442602,290.194758241125
96000,87.5327999998523,-381600.419050778,886039.339092134,504438.920041356,295.494193460775,304.709723859607,289.104261367004
96100,87.623979999852,-383560.120560812,887688.83816119,504128.717600378,296.044301537832,310.804228353931,285.957646742484
96200,87.7151599998517,-366247.204544501,870237.839178667,503990.634634166,290.224391922183,294.355720455572,287.228319239989
96300,87.8063399998515,-363152.126964093,868092.048726465,504939.921762372,289.508770627469,285.98181704954,291.618815703898
96400,87.8975199998512,-372507.142123917,876811.898773781,504304.756649865,292.416841345266,294.847041853847,290.553026971757
96500,87.9886999998509,-388006.106664361,892253.982316034,504247.875651673,297.566777494092,312.074192573106,287.647195126837
96600,88.0798799998506,-372437.781786705,876502.353886693,504064.572099988,292.313608099614,290.027649452389,293.593985857681
96700,88.1710599998504,-377441.785226979,880554.822852331,503113.037625352,293.665106837529,291.769680064914,294.684003763573
96800,88.2622399998501,-382318.787165665,884896.952647238,502578.165481574,295.113207486156,298.507453571772,292.604449089506
96900,88.3534199998498,-389996.654585773,892274.80947532,502278.154889547,297.57372335345,303.398493741804,293.442564991752
97000,88.4445999998495,-385676.842339098,887250.765083233,501573.922744136,295.898204129809,298.340056837466,294.02372048793
97100,88.5357799998493,-386186.28406734,886568.653189535,500382.369122195,295.67071975639,306.498861294662,288.205566464411
97200,88.626959999849,-381177.727440796,881702.026003012,500524.298562215,294.047699183929,299.458237491339,290.195633896335
97300,88.7181399998487,-405026.095759629,905505.332229776,500479.236470147,301.986103795156,314.086290699621,293.667657439017
97400,88.8093199998484,-382107.669168174,882300.324942945,500192.655774772,294.24723193028,289.532776648957,297.144996091219
97500,88.9004999998482,-392694.41473242,892113.549988138,499419.135255718,297.51994330103,295.969441835168,298.305677658854
97600,88.9916799998479,-368465.931136201,866978.872890072,498512.941753872,289.137526393221,289.680596337863,288.534531824799
97700,89.0828599998476,-371828.542234536,870074.877210894,498246.334976358,290.170044092344,296.778870063349,285.522351741597
97800,89.1740399998473,-346330.172200225,844680.764163573,498350.591963348,281.701105273828,292.325569191514,274.383378407643
97900,89.2652199998471,-376413.002740755,874987.147379725,498574.14463897,291.80828660321,293.280281332735,290.583783211358
98000,89.3563999998468,-384039.943515565,882322.01740842,498282.073892854,294.254466369325,298.509981267869,291.172244381654
98100,89.4475799998465,-376910.970677029,874833.816827946,497922.846150917,291.757150851408,286.175102790991,295.235385265976
98200,89.5387599998462,-377602.516212147,875890.147921024,498287.631708877,292.109437359021,293.365637846271,291.028545836389
98300,89.629939999846,-399394.915706216,897453.288712175,498058.373005959,299.300746610697,297.310721875421,300.378012478706
98400,89.7211199998457,-367194.951759933,865203.818963231,498008.867203298,288.545545760624,285.805351528634,290.131887293816
98500,89.8122999998454,-396387.582124141,894646.845875845,498259.263751703,298.364797690794,289.038251457129,304.333857848494
98600,89.9034799998451,-352755.321773189,851929.924136785,499174.602363596,284.118700729293,286.51030221271,282.287534156408
98700,89.9946599998449,-384289.291322609,883587.567729795,499298.276407186,294.676527507019,310.412083730822,283.940592918228
98800,90.0858399998446,-349837.781218549,849874.507836367,500036.726617818,283.433219221733,277.716829991308,287.007951025998
98900,90.1770199998443,-372535.180462105,873201.432640282,500666.252178176,291.212750588722,291.865032860607,290.53521844864
99000,90.268199999844,-390380.375850891,892119.494721174,501739.118870284,297.521925869993,282.670280768227,307.175087666279
99100,90.3593799998438,-384383.452784795,886032.950233827,501649.497449032,295.492062775997,294.576178522422,295.856408892734
99200,90.4505599998435,-374049.008989565,875602.500370966,501553.491381401,292.013506877094,297.150473904028,288.345517603407
99300,90.5417399998432,-406134.883841971,906847.199007061,500712.31516509,302.433616477259,298.972807970854,304.488794134465
99400,90.6329199998429,-379003.891744592,879928.167604181,500924.27585959,293.456117260024,302.286678297986,287.324529803667
99500,90.7240999998427,-372005.184493425,873452.694635918,501447.510142493,291.296546485215,299.482930905323,285.596209749738
99600,90.8152799998424,-371865.897369808,873343.228871652,501477.331501843,291.260039643706,292.845909494118,289.96007637706
99700,90.9064599998421,-378703.72179806,880111.210965627,501407.489167566,293.517162236327,296.814392616995,291.074411014019
99800,90.9976399998418,-378319.936456897,880344.980366854,502025.043909958,293.595124351127,295.450384993744,292.113621319091
99900,91.0888199998415,-385876.515701138,888908.966948321,503032.451247183,296.451214590069,300.109656503103,293.765210635888
100000,91.1799999998413,-366481.168397457,869305.089635952,502823.921238495,289.91331987192,309.75771771545,276.44212687634
