block,t_start_ps,t_end_ps,bin1,bin2,count
0,0.0000,99.9971,0,0,4375
0,0.0000,99.9971,0,1,3691
0,0.0000,99.9971,0,2,2653
0,0.0000,99.9971,0,3,1587
0,0.0000,99.9971,0,4,871
0,0.0000,99.9971,0,5,445
0,0.0000,99.9971,0,6,225
0,0.0000,99.9971,0,7,102
0,0.0000,99.9971,0,8,53
0,0.0000,99.9971,0,9,27
0,0.0000,99.9971,0,10,18
0,0.0000,99.9971,0,11,15
0,0.0000,99.9971,0,12,12
0,0.0000,99.9971,0,13,14
0,0.0000,99.9971,0,14,20
0,0.0000,99.9971,0,15,29
0,0.0000,99.9971,0,16,64
0,0.0000,99.9971,0,17,108
0,0.0000,99.9971,0,18,201
0,0.0000,99.9971,0,19,365
0,0.0000,99.9971,0,20,627
0,0.0000,99.9971,0,21,819
0,0.0000,99.9971,0,22,1093
0,0.0000,99.9971,0,23,1184
0,0.0000,99.9971,0,24,1169
0,0.0000,99.9971,0,25,868
0,0.0000,99.9971,0,26,559
0,0.0000,99.9971,0,27,331
0,0.0000,99.9971,0,28,148
0,0.0000,99.9971,0,29,57
0,0.0000,99.9971,0,30,40
0,0.0000,99.9971,0,31,13
0,0.0000,99.9971,0,32,9
0,0.0000,99.9971,0,33,2
0,0.0000,99.9971,0,34,4
0,0.0000,99.9971,0,35,1
0,0.0000,99.9971,0,36,4
0,0.0000,99.9971,0,37,5
0,0.0000,99.9971,0,38,3
0,0.0000,99.9971,0,39,8
0,0.0000,99.9971,0,40,21
0,0.0000,99.9971,0,41,30
0,0.0000,99.9971,0,42,82
0,0.0000,99.9971,0,43,166
0,0.0000,99.9971,0,44,294
0,0.0000,99.9971,0,45,520
0,0.0000,99.9971,0,46,814
0,0.0000,99.9971,0,47,1098
0,0.0000,99.9971,0,48,1102
0,0.0000,99.9971,0,49,1111
0,0.0000,99.9971,0,50,911
0,0.0000,99.9971,0,51,568
0,0.0000,99.9971,0,52,392
0,0.0000,99.9971,0,53,207
0,0.0000,99.9971,0,54,129
0,0.0000,99.9971,0,55,67
0,0.0000,99.9971,0,56,36
0,0.0000,99.9971,0,57,36
0,0.0000,99.9971,0,58,13
0,0.0000,99.9971,0,59,15
0,0.0000,99.9971,0,60,28
0,0.0000,99.9971,0,61,20
0,0.0000,99.9971,0,62,36
0,0.0000,99.9971,0,63,58
0,0.0000,99.9971,0,64,116
0,0.0000,99.9971,0,65,216
0,0.0000,99.9971,0,66,473
0,0.0000,99.9971,0,67,894
0,0.0000,99.9971,0,68,1585
0,0.0000,99.9971,0,69,2687
0,0.0000,99.9971,0,70,3626
0,0.0000,99.9971,0,71,4416
0,0.0000,99.9971,1,0,3610
0,0.0000,99.9971,1,1,3159
0,0.0000,99.9971,1,2,2150
0,0.0000,99.9971,1,3,1308
0,0.0000,99.9971,1,4,703
0,0.0000,99.9971,1,5,378
0,0.0000,99.9971,1,6,198
0,0.0000,99.9971,1,7,83
0,0.0000,99.9971,1,8,62
0,0.0000,99.9971,1,9,27
0,0.0000,99.9971,1,10,13
0,0.0000,99.9971,1,11,19
0,0.0000,99.9971,1,12,12
0,0.0000,99.9971,1,13,14
0,0.0000,99.9971,1,14,11
0,0.0000,99.9971,1,15,38
0,0.0000,99.9971,1,16,41
0,0.0000,99.9971,1,17,92
0,0.0000,99.9971,1,18,189
0,0.0000,99.9971,1,19,300
0,0.0000,99.9971,1,20,521
0,0.0000,99.9971,1,21,751
0,0.0000,99.9971,1,22,900
0,0.0000,99.9971,1,23,1016
0,0.0000,99.9971,1,24,886
0,0.0000,99.9971,1,25,719
0,0.0000,99.9971,1,26,487
0,0.0000,99.9971,1,27,211
0,0.0000,99.9971,1,28,135
0,0.0000,99.9971,1,29,68
0,0.0000,99.9971,1,30,29
0,0.0000,99.9971,1,31,15
0,0.0000,99.9971,1,32,9
0,0.0000,99.9971,1,33,5
0,0.0000,99.9971,1,34,3
0,0.0000,99.9971,1,35,1
0,0.0000,99.9971,1,36,4
0,0.0000,99.9971,1,37,2
0,0.0000,99.9971,1,38,3
0,0.0000,99.9971,1,39,4
0,0.0000,99.9971,1,40,15
0,0.0000,99.9971,1,41,20
0,0.0000,99.9971,1,42,70
0,0.0000,99.9971,1,43,131
0,0.0000,99.9971,1,44,214
0,0.0000,99.9971,1,45,450
0,0.0000,99.9971,1,46,644
0,0.0000,99.9971,1,47,929
0,0.0000,99.9971,1,48,1058
0,0.0000,99.9971,1,49,891
0,0.0000,99.9971,1,50,698
0,0.0000,99.9971,1,51,504
0,0.0000,99.9971,1,52,297
0,0.0000,99.9971,1,53,176
0,0.0000,99.9971,1,54,94
0,0.0000,99.9971,1,55,73
0,0.0000,99.9971,1,56,30
0,0.0000,99.9971,1,57,24
0,0.0000,99.9971,1,58,14
0,0.0000,99.9971,1,59,12
0,0.0000,99.9971,1,60,19
0,0.0000,99.9971,1,61,24
0,0.0000,99.9971,1,62,26
0,0.0000,99.9971,1,63,41
0,0.0000,99.9971,1,64,97
0,0.0000,99.9971,1,65,196
0,0.0000,99.9971,1,66,363
0,0.0000,99.9971,1,67,762
0,0.0000,99.9971,1,68,1391
0,0.0000,99.9971,1,69,2182
0,0.0000,99.9971,1,70,3026
0,0.0000,99.9971,1,71,3693
0,0.0000,99.9971,2,0,2613
0,0.0000,99.9971,2,1,2226
0,0.0000,99.9971,2,2,1491
0,0.0000,99.9971,2,3,935
0,0.0000,99.9971,2,4,533
0,0.0000,99.9971,2,5,261
0,0.0000,99.9971,2,6,125
0,0.0000,99.9971,2,7,57
0,0.0000,99.9971,2,8,30
0,0.0000,99.9971,2,9,17
0,0.0000,99.9971,2,10,13
0,0.0000,99.9971,2,11,5
0,0.0000,99.9971,2,12,5
0,0.0000,99.9971,2,13,9
0,0.0000,99.9971,2,14,26
0,0.0000,99.9971,2,15,28
0,0.0000,99.9971,2,16,31
0,0.0000,99.9971,2,17,71
0,0.0000,99.9971,2,18,123
0,0.0000,99.9971,2,19,223
0,0.0000,99.9971,2,20,327
0,0.0000,99.9971,2,21,559
0,0.0000,99.9971,2,22,689
0,0.0000,99.9971,2,23,752
0,0.0000,99.9971,2,24,690
0,0.0000,99.9971,2,25,499
0,0.0000,99.9971,2,26,321
0,0.0000,99.9971,2,27,166
0,0.0000,99.9971,2,28,87
0,0.0000,99.9971,2,29,45
0,0.0000,99.9971,2,30,16
0,0.0000,99.9971,2,31,11
0,0.0000,99.9971,2,32,3
0,0.0000,99.9971,2,33,2
0,0.0000,99.9971,2,34,3
0,0.0000,99.9971,2,36,4
0,0.0000,99.9971,2,37,1
0,0.0000,99.9971,2,38,2
0,0.0000,99.9971,2,39,2
0,0.0000,99.9971,2,40,9
0,0.0000,99.9971,2,41,21
0,0.0000,99.9971,2,42,45
0,0.0000,99.9971,2,43,101
0,0.0000,99.9971,2,44,176
0,0.0000,99.9971,2,45,297
0,0.0000,99.9971,2,46,492
0,0.0000,99.9971,2,47,635
0,0.0000,99.9971,2,48,720
0,0.0000,99.9971,2,49,628
0,0.0000,99.9971,2,50,495
0,0.0000,99.9971,2,51,357
0,0.0000,99.9971,2,52,213
0,0.0000,99.9971,2,53,133
0,0.0000,99.9971,2,54,65
0,0.0000,99.9971,2,55,27
0,0.0000,99.9971,2,56,24
0,0.0000,99.9971,2,57,22
0,0.0000,99.9971,2,58,8
0,0.0000,99.9971,2,59,10
0,0.0000,99.9971,2,60,11
0,0.0000,99.9971,2,61,11
0,0.0000,99.9971,2,62,19
0,0.0000,99.9971,2,63,33
0,0.0000,99.9971,2,64,52
0,0.0000,99.9971,2,65,120
0,0.0000,99.9971,2,66,257
0,0.0000,99.9971,2,67,503
0,0.0000,99.9971,2,68,982
0,0.0000,99.9971,2,69,1567
0,0.0000,99.9971,2,70,2226
0,0.0000,99.9971,2,71,2616
0,0.0000,99.9971,3,0,1563
0,0.0000,99.9971,3,1,1384
0,0.0000,99.9971,3,2,993
0,0.0000,99.9971,3,3,554
0,0.0000,99.9971,3,4,314
0,0.0000,99.9971,3,5,145
0,0.0000,99.9971,3,6,78
0,0.0000,99.9971,3,7,37
0,0.0000,99.9971,3,8,19
0,0.0000,99.9971,3,9,13
0,0.0000,99.9971,3,10,7
0,0.0000,99.9971,3,11,7
0,0.0000,99.9971,3,12,4
0,0.0000,99.9971,3,13,5
0,0.0000,99.9971,3,14,9
0,0.0000,99.9971,3,15,13
0,0.0000,99.9971,3,16,22
0,0.0000,99.9971,3,17,38
0,0.0000,99.9971,3,18,83
0,0.0000,99.9971,3,19,154
0,0.0000,99.9971,3,20,227
0,0.0000,99.9971,3,21,331
0,0.0000,99.9971,3,22,419
0,0.0000,99.9971,3,23,412
0,0.0000,99.9971,3,24,431
0,0.0000,99.9971,3,25,280
0,0.0000,99.9971,3,26,209
0,0.0000,99.9971,3,27,103
0,0.0000,99.9971,3,28,45
0,0.0000,99.9971,3,29,29
0,0.0000,99.9971,3,30,12
0,0.0000,99.9971,3,31,8
0,0.0000,99.9971,3,32,5
0,0.0000,99.9971,3,33,2
0,0.0000,99.9971,3,34,2
0,0.0000,99.9971,3,35,1
0,0.0000,99.9971,3,37,2
0,0.0000,99.9971,3,38,1
0,0.0000,99.9971,3,39,5
0,0.0000,99.9971,3,40,7
0,0.0000,99.9971,3,41,7
0,0.0000,99.9971,3,42,27
0,0.0000,99.9971,3,43,50
0,0.0000,99.9971,3,44,97
0,0.0000,99.9971,3,45,179
0,0.0000,99.9971,3,46,309
0,0.0000,99.9971,3,47,403
0,0.0000,99.9971,3,48,425
0,0.0000,99.9971,3,49,396
0,0.0000,99.9971,3,50,284
0,0.0000,99.9971,3,51,195
0,0.0000,99.9971,3,52,111
0,0.0000,99.9971,3,53,57
0,0.0000,99.9971,3,54,40
0,0.0000,99.9971,3,55,26
0,0.0000,99.9971,3,56,13
0,0.0000,99.9971,3,57,8
0,0.0000,99.9971,3,58,6
0,0.0000,99.9971,3,59,3
0,0.0000,99.9971,3,60,7
0,0.0000,99.9971,3,61,7
0,0.0000,99.9971,3,62,14
0,0.0000,99.9971,3,63,21
0,0.0000,99.9971,3,64,39
0,0.0000,99.9971,3,65,85
0,0.0000,99.9971,3,66,172
0,0.0000,99.9971,3,67,302
0,0.0000,99.9971,3,68,600
0,0.0000,99.9971,3,69,949
0,0.0000,99.9971,3,70,1340
0,0.0000,99.9971,3,71,1613
0,0.0000,99.9971,4,0,834
0,0.0000,99.9971,4,1,691
0,0.0000,99.9971,4,2,504
0,0.0000,99.9971,4,3,288
0,0.0000,99.9971,4,4,170
0,0.0000,99.9971,4,5,83
0,0.0000,99.9971,4,6,35
0,0.0000,99.9971,4,7,26
0,0.0000,99.9971,4,8,12
0,0.0000,99.9971,4,9,8
0,0.0000,99.9971,4,10,6
0,0.0000,99.9971,4,11,3
0,0.0000,99.9971,4,12,1
0,0.0000,99.9971,4,13,5
0,0.0000,99.9971,4,14,5
0,0.0000,99.9971,4,15,7
0,0.0000,99.9971,4,16,7
0,0.0000,99.9971,4,17,26
0,0.0000,99.9971,4,18,37
0,0.0000,99.9971,4,19,72
0,0.0000,99.9971,4,20,123
0,0.0000,99.9971,4,21,196
0,0.0000,99.9971,4,22,240
0,0.0000,99.9971,4,23,241
0,0.0000,99.9971,4,24,222
0,0.0000,99.9971,4,25,162
0,0.0000,99.9971,4,26,105
0,0.0000,99.9971,4,27,52
0,0.0000,99.9971,4,28,28
0,0.0000,99.9971,4,29,20
0,0.0000,99.9971,4,30,5
0,0.0000,99.9971,4,35,2
0,0.0000,99.9971,4,36,1
0,0.0000,99.9971,4,38,1
0,0.0000,99.9971,4,39,1
0,0.0000,99.9971,4,40,5
0,0.0000,99.9971,4,41,9
0,0.0000,99.9971,4,42,15
0,0.0000,99.9971,4,43,34
0,0.0000,99.9971,4,44,62
0,0.0000,99.9971,4,45,89
0,0.0000,99.9971,4,46,142
0,0.0000,99.9971,4,47,217
0,0.0000,99.9971,4,48,244
0,0.0000,99.9971,4,49,221
0,0.0000,99.9971,4,50,175
0,0.0000,99.9971,4,51,105
0,0.0000,99.9971,4,52,67
0,0.0000,99.9971,4,53,40
0,0.0000,99.9971,4,54,23
0,0.0000,99.9971,4,55,6
0,0.0000,99.9971,4,56,6
0,0.0000,99.9971,4,57,3
0,0.0000,99.9971,4,58,8
0,0.0000,99.9971,4,59,5
0,0.0000,99.9971,4,60,3
0,0.0000,99.9971,4,61,6
0,0.0000,99.9971,4,62,8
0,0.0000,99.9971,4,63,4
0,0.0000,99.9971,4,64,16
0,0.0000,99.9971,4,65,35
0,0.0000,99.9971,4,66,81
0,0.0000,99.9971,4,67,160
0,0.0000,99.9971,4,68,313
0,0.0000,99.9971,4,69,533
0,0.0000,99.9971,4,70,743
0,0.0000,99.9971,4,71,907
0,0.0000,99.9971,5,0,418
0,0.0000,99.9971,5,1,332
0,0.0000,99.9971,5,2,238
0,0.0000,99.9971,5,3,190
0,0.0000,99.9971,5,4,86
0,0.0000,99.9971,5,5,39
0,0.0000,99.9971,5,6,24
0,0.0000,99.9971,5,7,6
0,0.0000,99.9971,5,8,5
0,0.0000,99.9971,5,9,1
0,0.0000,99.9971,5,10,4
0,0.0000,99.9971,5,11,1
0,0.0000,99.9971,5,12,5
0,0.0000,99.9971,5,13,4
0,0.0000,99.9971,5,14,2
0,0.0000,99.9971,5,15,4
0,0.0000,99.9971,5,16,9
0,0.0000,99.9971,5,17,12
0,0.0000,99.9971,5,18,24
0,0.0000,99.9971,5,19,35
0,0.0000,99.9971,5,20,57
0,0.0000,99.9971,5,21,83
0,0.0000,99.9971,5,22,111
0,0.0000,99.9971,5,23,115
0,0.0000,99.9971,5,24,128
0,0.0000,99.9971,5,25,92
0,0.0000,99.9971,5,26,57
0,0.0000,99.9971,5,27,25
0,0.0000,99.9971,5,28,10
0,0.0000,99.9971,5,29,9
0,0.0000,99.9971,5,30,4
0,0.0000,99.9971,5,31,2
0,0.0000,99.9971,5,32,1
0,0.0000,99.9971,5,33,1
0,0.0000,99.9971,5,40,3
0,0.0000,99.9971,5,41,5
0,0.0000,99.9971,5,42,5
0,0.0000,99.9971,5,43,12
0,0.0000,99.9971,5,44,28
0,0.0000,99.9971,5,45,50
0,0.0000,99.9971,5,46,88
0,0.0000,99.9971,5,47,121
0,0.0000,99.9971,5,48,130
0,0.0000,99.9971,5,49,112
0,0.0000,99.9971,5,50,70
0,0.0000,99.9971,5,51,37
0,0.0000,99.9971,5,52,32
0,0.0000,99.9971,5,53,26
0,0.0000,99.9971,5,54,14
0,0.0000,99.9971,5,55,5
0,0.0000,99.9971,5,56,4
0,0.0000,99.9971,5,57,3
0,0.0000,99.9971,5,58,1
0,0.0000,99.9971,5,59,1
0,0.0000,99.9971,5,60,3
0,0.0000,99.9971,5,61,4
0,0.0000,99.9971,5,62,3
0,0.0000,99.9971,5,63,7
0,0.0000,99.9971,5,64,17
0,0.0000,99.9971,5,65,25
0,0.0000,99.9971,5,66,50
0,0.0000,99.9971,5,67,89
0,0.0000,99.9971,5,68,141
0,0.0000,99.9971,5,69,271
0,0.0000,99.9971,5,70,353
0,0.0000,99.9971,5,71,428
0,0.0000,99.9971,6,0,202
0,0.0000,99.9971,6,1,191
0,0.0000,99.9971,6,2,117
0,0.0000,99.9971,6,3,81
0,0.0000,99.9971,6,4,25
0,0.0000,99.9971,6,5,18
0,0.0000,99.9971,6,6,12
0,0.0000,99.9971,6,7,3
0,0.0000,99.9971,6,8,3
0,0.0000,99.9971,6,9,1
0,0.0000,99.9971,6,10,2
0,0.0000,99.9971,6,13,1
0,0.0000,99.9971,6,14,1
0,0.0000,99.9971,6,15,3
0,0.0000,99.9971,6,16,5
0,0.0000,99.9971,6,17,6
0,0.0000,99.9971,6,18,5
0,0.0000,99.9971,6,19,23
0,0.0000,99.9971,6,20,31
0,0.0000,99.9971,6,21,37
0,0.0000,99.9971,6,22,70
0,0.0000,99.9971,6,23,65
0,0.0000,99.9971,6,24,57
0,0.0000,99.9971,6,25,33
0,0.0000,99.9971,6,26,26
0,0.0000,99.9971,6,27,16
0,0.0000,99.9971,6,28,8
0,0.0000,99.9971,6,29,3
0,0.0000,99.9971,6,30,2
0,0.0000,99.9971,6,31,1
0,0.0000,99.9971,6,36,1
0,0.0000,99.9971,6,38,1
0,0.0000,99.9971,6,40,1
0,0.0000,99.9971,6,42,3
0,0.0000,99.9971,6,43,6
0,0.0000,99.9971,6,44,16
0,0.0000,99.9971,6,45,28
0,0.0000,99.9971,6,46,42
0,0.0000,99.9971,6,47,48
0,0.0000,99.9971,6,48,48
0,0.0000,99.9971,6,49,41
0,0.0000,99.9971,6,50,43
0,0.0000,99.9971,6,51,28
0,0.0000,99.9971,6,52,30
0,0.0000,99.9971,6,53,17
0,0.0000,99.9971,6,54,4
0,0.0000,99.9971,6,55,4
0,0.0000,99.9971,6,56,4
0,0.0000,99.9971,6,57,2
0,0.0000,99.9971,6,59,1
0,0.0000,99.9971,6,60,2
0,0.0000,99.9971,6,61,1
0,0.0000,99.9971,6,62,2
0,0.0000,99.9971,6,63,3
0,0.0000,99.9971,6,64,5
0,0.0000,99.9971,6,65,13
0,0.0000,99.9971,6,66,22
0,0.0000,99.9971,6,67,37
0,0.0000,99.9971,6,68,76
0,0.0000,99.9971,6,69,109
0,0.0000,99.9971,6,70,174
0,0.0000,99.9971,6,71,205
0,0.0000,99.9971,7,0,128
0,0.0000,99.9971,7,1,93
0,0.0000,99.9971,7,2,54
0,0.0000,99.9971,7,3,47
0,0.0000,99.9971,7,4,17
0,0.0000,99.9971,7,5,7
0,0.0000,99.9971,7,6,6
0,0.0000,99.9971,7,7,3
0,0.0000,99.9971,7,8,5
0,0.0000,99.9971,7,9,3
0,0.0000,99.9971,7,10,1
0,0.0000,99.9971,7,15,2
0,0.0000,99.9971,7,16,1
0,0.0000,99.9971,7,17,3
0,0.0000,99.9971,7,18,4
0,0.0000,99.9971,7,19,15
0,0.0000,99.9971,7,20,14
0,0.0000,99.9971,7,21,24
0,0.0000,99.9971,7,22,28
0,0.0000,99.9971,7,23,42
0,0.0000,99.9971,7,24,42
0,0.0000,99.9971,7,25,25
0,0.0000,99.9971,7,26,16
0,0.0000,99.9971,7,27,7
0,0.0000,99.9971,7,28,5
0,0.0000,99.9971,7,29,3
0,0.0000,99.9971,7,30,2
0,0.0000,99.9971,7,41,2
0,0.0000,99.9971,7,42,3
0,0.0000,99.9971,7,43,2
0,0.0000,99.9971,7,44,8
0,0.0000,99.9971,7,45,12
0,0.0000,99.9971,7,46,17
0,0.0000,99.9971,7,47,33
0,0.0000,99.9971,7,48,26
0,0.0000,99.9971,7,49,36
0,0.0000,99.9971,7,50,20
0,0.0000,99.9971,7,51,7
0,0.0000,99.9971,7,52,11
0,0.0000,99.9971,7,53,6
0,0.0000,99.9971,7,55,1
0,0.0000,99.9971,7,57,1
0,0.0000,99.9971,7,61,2
0,0.0000,99.9971,7,63,1
0,0.0000,99.9971,7,64,4
0,0.0000,99.9971,7,65,5
0,0.0000,99.9971,7,66,7
0,0.0000,99.9971,7,67,27
0,0.0000,99.9971,7,68,34
0,0.0000,99.9971,7,69,46
0,0.0000,99.9971,7,70,115
0,0.0000,99.9971,7,71,110
0,0.0000,99.9971,8,0,71
0,0.0000,99.9971,8,1,41
0,0.0000,99.9971,8,2,34
0,0.0000,99.9971,8,3,30
0,0.0000,99.9971,8,4,8
0,0.0000,99.9971,8,5,3
0,0.0000,99.9971,8,6,4
0,0.0000,99.9971,8,8,2
0,0.0000,99.9971,8,10,1
0,0.0000,99.9971,8,15,1
0,0.0000,99.9971,8,16,1
0,0.0000,99.9971,8,17,1
0,0.0000,99.9971,8,18,2
0,0.0000,99.9971,8,19,3
0,0.0000,99.9971,8,20,7
0,0.0000,99.9971,8,21,13
0,0.0000,99.9971,8,22,18
0,0.0000,99.9971,8,23,9
0,0.0000,99.9971,8,24,14
0,0.0000,99.9971,8,25,9
0,0.0000,99.9971,8,26,6
0,0.0000,99.9971,8,27,5
0,0.0000,99.9971,8,28,1
0,0.0000,99.9971,8,29,1
0,0.0000,99.9971,8,41,3
0,0.0000,99.9971,8,43,5
0,0.0000,99.9971,8,44,2
0,0.0000,99.9971,8,45,5
0,0.0000,99.9971,8,46,10
0,0.0000,99.9971,8,47,15
0,0.0000,99.9971,8,48,20
0,0.0000,99.9971,8,49,15
0,0.0000,99.9971,8,50,9
0,0.0000,99.9971,8,51,5
0,0.0000,99.9971,8,52,2
0,0.0000,99.9971,8,53,5
0,0.0000,99.9971,8,56,1
0,0.0000,99.9971,8,58,1
0,0.0000,99.9971,8,59,1
0,0.0000,99.9971,8,60,2
0,0.0000,99.9971,8,64,2
0,0.0000,99.9971,8,65,4
0,0.0000,99.9971,8,66,8
0,0.0000,99.9971,8,67,12
0,0.0000,99.9971,8,68,20
0,0.0000,99.9971,8,69,26
0,0.0000,99.9971,8,70,47
0,0.0000,99.9971,8,71,49
0,0.0000,99.9971,9,0,37
0,0.0000,99.9971,9,1,26
0,0.0000,99.9971,9,2,18
0,0.0000,99.9971,9,3,6
0,0.0000,99.9971,9,4,7
0,0.0000,99.9971,9,5,3
0,0.0000,99.9971,9,6,3
0,0.0000,99.9971,9,8,1
0,0.0000,99.9971,9,14,1
0,0.0000,99.9971,9,17,1
0,0.0000,99.9971,9,18,1
0,0.0000,99.9971,9,19,5
0,0.0000,99.9971,9,20,2
0,0.0000,99.9971,9,21,7
0,0.0000,99.9971,9,22,12
0,0.0000,99.9971,9,23,16
0,0.0000,99.9971,9,24,9
0,0.0000,99.9971,9,25,6
0,0.0000,99.9971,9,26,1
0,0.0000,99.9971,9,27,2
0,0.0000,99.9971,9,28,2
0,0.0000,99.9971,9,29,1
0,0.0000,99.9971,9,42,2
0,0.0000,99.9971,9,44,1
0,0.0000,99.9971,9,45,1
0,0.0000,99.9971,9,46,2
0,0.0000,99.9971,9,47,7
0,0.0000,99.9971,9,48,14
0,0.0000,99.9971,9,49,11
0,0.0000,99.9971,9,50,3
0,0.0000,99.9971,9,51,4
0,0.0000,99.9971,9,52,4
0,0.0000,99.9971,9,53,3
0,0.0000,99.9971,9,55,1
0,0.0000,99.9971,9,65,1
0,0.0000,99.9971,9,66,3
0,0.0000,99.9971,9,67,8
0,0.0000,99.9971,9,68,14
0,0.0000,99.9971,9,69,22
0,0.0000,99.9971,9,70,26
0,0.0000,99.9971,9,71,34
0,0.0000,99.9971,10,0,26
0,0.0000,99.9971,10,1,14
0,0.0000,99.9971,10,2,8
0,0.0000,99.9971,10,3,9
0,0.0000,99.9971,10,4,4
0,0.0000,99.9971,10,6,3
0,0.0000,99.9971,10,7,1
0,0.0000,99.9971,10,10,1
0,0.0000,99.9971,10,12,1
0,0.0000,99.9971,10,16,1
0,0.0000,99.9971,10,17,2
0,0.0000,99.9971,10,19,3
0,0.0000,99.9971,10,20,5
0,0.0000,99.9971,10,21,6
0,0.0000,99.9971,10,22,10
0,0.0000,99.9971,10,23,5
0,0.0000,99.9971,10,24,9
0,0.0000,99.9971,10,25,10
0,0.0000,99.9971,10,26,3
0,0.0000,99.9971,10,27,3
0,0.0000,99.9971,10,34,1
0,0.0000,99.9971,10,41,2
0,0.0000,99.9971,10,42,1
0,0.0000,99.9971,10,44,4
0,0.0000,99.9971,10,45,3
0,0.0000,99.9971,10,46,4
0,0.0000,99.9971,10,47,4
0,0.0000,99.9971,10,48,9
0,0.0000,99.9971,10,49,4
0,0.0000,99.9971,10,50,3
0,0.0000,99.9971,10,51,2
0,0.0000,99.9971,10,52,3
0,0.0000,99.9971,10,53,1
0,0.0000,99.9971,10,54,2
0,0.0000,99.9971,10,56,1
0,0.0000,99.9971,10,58,1
0,0.0000,99.9971,10,63,1
0,0.0000,99.9971,10,65,2
0,0.0000,99.9971,10,66,3
0,0.0000,99.9971,10,67,1
0,0.0000,99.9971,10,68,7
0,0.0000,99.9971,10,69,9
0,0.0000,99.9971,10,70,23
0,0.0000,99.9971,10,71,26
0,0.0000,99.9971,11,0,26
0,0.0000,99.9971,11,1,20
0,0.0000,99.9971,11,2,15
0,0.0000,99.9971,11,3,9
0,0.0000,99.9971,11,4,8
0,0.0000,99.9971,11,5,2
0,0.0000,99.9971,11,7,2
0,0.0000,99.9971,11,11,1
0,0.0000,99.9971,11,16,1
0,0.0000,99.9971,11,19,1
0,0.0000,99.9971,11,20,3
0,0.0000,99.9971,11,21,5
0,0.0000,99.9971,11,22,4
0,0.0000,99.9971,11,23,2
0,0.0000,99.9971,11,24,2
0,0.0000,99.9971,11,25,3
0,0.0000,99.9971,11,26,1
0,0.0000,99.9971,11,27,1
0,0.0000,99.9971,11,28,1
0,0.0000,99.9971,11,43,1
0,0.0000,99.9971,11,44,1
0,0.0000,99.9971,11,45,1
0,0.0000,99.9971,11,46,3
0,0.0000,99.9971,11,47,5
0,0.0000,99.9971,11,48,4
0,0.0000,99.9971,11,49,4
0,0.0000,99.9971,11,50,1
0,0.0000,99.9971,11,51,1
0,0.0000,99.9971,11,52,1
0,0.0000,99.9971,11,60,1
0,0.0000,99.9971,11,63,1
0,0.0000,99.9971,11,65,1
0,0.0000,99.9971,11,66,2
0,0.0000,99.9971,11,68,5
0,0.0000,99.9971,11,69,13
0,0.0000,99.9971,11,70,11
0,0.0000,99.9971,11,71,17
0,0.0000,99.9971,12,0,20
0,0.0000,99.9971,12,1,17
0,0.0000,99.9971,12,2,8
0,0.0000,99.9971,12,3,4
0,0.0000,99.9971,12,4,2
0,0.0000,99.9971,12,5,2
0,0.0000,99.9971,12,17,1
0,0.0000,99.9971,12,18,1
0,0.0000,99.9971,12,19,1
0,0.0000,99.9971,12,20,1
0,0.0000,99.9971,12,21,6
0,0.0000,99.9971,12,22,5
0,0.0000,99.9971,12,23,1
0,0.0000,99.9971,12,24,5
0,0.0000,99.9971,12,25,2
0,0.0000,99.9971,12,26,3
0,0.0000,99.9971,12,27,1
0,0.0000,99.9971,12,28,1
0,0.0000,99.9971,12,31,1
0,0.0000,99.9971,12,44,3
0,0.0000,99.9971,12,46,4
0,0.0000,99.9971,12,47,1
0,0.0000,99.9971,12,48,3
0,0.0000,99.9971,12,49,5
0,0.0000,99.9971,12,50,1
0,0.0000,99.9971,12,51,2
0,0.0000,99.9971,12,53,1
0,0.0000,99.9971,12,54,1
0,0.0000,99.9971,12,64,1
0,0.0000,99.9971,12,66,2
0,0.0000,99.9971,12,67,2
0,0.0000,99.9971,12,68,10
0,0.0000,99.9971,12,69,4
0,0.0000,99.9971,12,70,20
0,0.0000,99.9971,12,71,20
0,0.0000,99.9971,13,0,16
0,0.0000,99.9971,13,1,21
0,0.0000,99.9971,13,2,7
0,0.0000,99.9971,13,3,5
0,0.0000,99.9971,13,4,3
0,0.0000,99.9971,13,5,3
0,0.0000,99.9971,13,9,1
0,0.0000,99.9971,13,11,1
0,0.0000,99.9971,13,18,1
0,0.0000,99.9971,13,19,5
0,0.0000,99.9971,13,20,5
0,0.0000,99.9971,13,21,5
0,0.0000,99.9971,13,22,3
0,0.0000,99.9971,13,23,2
0,0.0000,99.9971,13,24,6
0,0.0000,99.9971,13,25,3
0,0.0000,99.9971,13,26,6
0,0.0000,99.9971,13,44,2
0,0.0000,99.9971,13,46,2
0,0.0000,99.9971,13,47,2
0,0.0000,99.9971,13,48,3
0,0.0000,99.9971,13,49,2
0,0.0000,99.9971,13,50,4
0,0.0000,99.9971,13,51,4
0,0.0000,99.9971,13,52,3
0,0.0000,99.9971,13,54,1
0,0.0000,99.9971,13,60,1
0,0.0000,99.9971,13,65,1
0,0.0000,99.9971,13,66,2
0,0.0000,99.9971,13,67,3
0,0.0000,99.9971,13,68,5
0,0.0000,99.9971,13,69,13
0,0.0000,99.9971,13,70,12
0,0.0000,99.9971,13,71,11
0,0.0000,99.9971,14,0,23
0,0.0000,99.9971,14,1,14
0,0.0000,99.9971,14,2,12
0,0.0000,99.9971,14,3,6
0,0.0000,99.9971,14,4,1
0,0.0000,99.9971,14,5,2
0,0.0000,99.9971,14,8,1
0,0.0000,99.9971,14,16,1
0,0.0000,99.9971,14,19,1
0,0.0000,99.9971,14,20,5
0,0.0000,99.9971,14,21,4
0,0.0000,99.9971,14,22,4
0,0.0000,99.9971,14,23,7
0,0.0000,99.9971,14,24,11
0,0.0000,99.9971,14,25,7
0,0.0000,99.9971,14,26,2
0,0.0000,99.9971,14,27,1
0,0.0000,99.9971,14,28,3
0,0.0000,99.9971,14,45,3
0,0.0000,99.9971,14,46,1
0,0.0000,99.9971,14,47,2
0,0.0000,99.9971,14,48,3
0,0.0000,99.9971,14,49,3
0,0.0000,99.9971,14,50,2
0,0.0000,99.9971,14,52,1
0,0.0000,99.9971,14,53,1
0,0.0000,99.9971,14,54,1
0,0.0000,99.9971,14,64,1
0,0.0000,99.9971,14,65,2
0,0.0000,99.9971,14,66,4
0,0.0000,99.9971,14,67,4
0,0.0000,99.9971,14,68,6
0,0.0000,99.9971,14,69,7
0,0.0000,99.9971,14,70,17
0,0.0000,99.9971,14,71,10
0,0.0000,99.9971,15,0,42
0,0.0000,99.9971,15,1,31
0,0.0000,99.9971,15,2,31
0,0.0000,99.9971,15,3,6
0,0.0000,99.9971,15,4,7
0,0.0000,99.9971,15,6,3
0,0.0000,99.9971,15,7,1
0,0.0000,99.9971,15,17,1
0,0.0000,99.9971,15,18,2
0,0.0000,99.9971,15,19,3
0,0.0000,99.9971,15,20,9
0,0.0000,99.9971,15,21,14
0,0.0000,99.9971,15,22,6
0,0.0000,99.9971,15,23,14
0,0.0000,99.9971,15,24,3
0,0.0000,99.9971,15,25,6
0,0.0000,99.9971,15,26,3
0,0.0000,99.9971,15,27,3
0,0.0000,99.9971,15,28,3
0,0.0000,99.9971,15,29,2
0,0.0000,99.9971,15,30,2
0,0.0000,99.9971,15,40,1
0,0.0000,99.9971,15,41,1
0,0.0000,99.9971,15,43,1
0,0.0000,99.9971,15,45,1
0,0.0000,99.9971,15,46,2
0,0.0000,99.9971,15,47,2
0,0.0000,99.9971,15,48,3
0,0.0000,99.9971,15,49,2
0,0.0000,99.9971,15,50,3
0,0.0000,99.9971,15,51,4
0,0.0000,99.9971,15,52,2
0,0.0000,99.9971,15,53,1
0,0.0000,99.9971,15,54,1
0,0.0000,99.9971,15,59,1
0,0.0000,99.9971,15,62,1
0,0.0000,99.9971,15,64,4
0,0.0000,99.9971,15,65,4
0,0.0000,99.9971,15,66,3
0,0.0000,99.9971,15,67,9
0,0.0000,99.9971,15,68,10
0,0.0000,99.9971,15,69,21
0,0.0000,99.9971,15,70,29
0,0.0000,99.9971,15,71,36
0,0.0000,99.9971,16,0,69
0,0.0000,99.9971,16,1,55
0,0.0000,99.9971,16,2,35
0,0.0000,99.9971,16,3,24
0,0.0000,99.9971,16,4,16
0,0.0000,99.9971,16,5,11
0,0.0000,99.9971,16,6,2
0,0.0000,99.9971,16,10,1
0,0.0000,99.9971,16,12,1
0,0.0000,99.9971,16,13,1
0,0.0000,99.9971,16,14,1
0,0.0000,99.9971,16,17,1
0,0.0000,99.9971,16,18,3
0,0.0000,99.9971,16,19,3
0,0.0000,99.9971,16,20,10
0,0.0000,99.9971,16,21,10
0,0.0000,99.9971,16,22,27
0,0.0000,99.9971,16,23,23
0,0.0000,99.9971,16,24,15
0,0.0000,99.9971,16,25,11
0,0.0000,99.9971,16,26,8
0,0.0000,99.9971,16,27,3
0,0.0000,99.9971,16,28,3
0,0.0000,99.9971,16,43,1
0,0.0000,99.9971,16,44,2
0,0.0000,99.9971,16,45,2
0,0.0000,99.9971,16,48,2
0,0.0000,99.9971,16,49,3
0,0.0000,99.9971,16,50,12
0,0.0000,99.9971,16,51,5
0,0.0000,99.9971,16,52,5
0,0.0000,99.9971,16,53,4
0,0.0000,99.9971,16,54,1
0,0.0000,99.9971,16,55,1
0,0.0000,99.9971,16,56,2
0,0.0000,99.9971,16,59,2
0,0.0000,99.9971,16,60,1
0,0.0000,99.9971,16,63,1
0,0.0000,99.9971,16,64,1
0,0.0000,99.9971,16,65,3
0,0.0000,99.9971,16,66,6
0,0.0000,99.9971,16,67,9
0,0.0000,99.9971,16,68,23
0,0.0000,99.9971,16,69,33
0,0.0000,99.9971,16,70,57
0,0.0000,99.9971,16,71,71
0,0.0000,99.9971,17,0,136
0,0.0000,99.9971,17,1,100
0,0.0000,99.9971,17,2,69
0,0.0000,99.9971,17,3,60
0,0.0000,99.9971,17,4,19
0,0.0000,99.9971,17,5,7
0,0.0000,99.9971,17,6,7
0,0.0000,99.9971,17,7,3
0,0.0000,99.9971,17,8,4
0,0.0000,99.9971,17,9,1
0,0.0000,99.9971,17,11,1
0,0.0000,99.9971,17,15,2
0,0.0000,99.9971,17,17,1
0,0.0000,99.9971,17,18,8
0,0.0000,99.9971,17,19,8
0,0.0000,99.9971,17,20,24
0,0.0000,99.9971,17,21,29
0,0.0000,99.9971,17,22,37
0,0.0000,99.9971,17,23,38
0,0.0000,99.9971,17,24,33
0,0.0000,99.9971,17,25,24
0,0.0000,99.9971,17,26,11
0,0.0000,99.9971,17,27,8
0,0.0000,99.9971,17,28,3
0,0.0000,99.9971,17,30,1
0,0.0000,99.9971,17,44,1
0,0.0000,99.9971,17,45,1
0,0.0000,99.9971,17,46,1
0,0.0000,99.9971,17,47,5
0,0.0000,99.9971,17,48,3
0,0.0000,99.9971,17,49,9
0,0.0000,99.9971,17,50,2
0,0.0000,99.9971,17,52,5
0,0.0000,99.9971,17,53,1
0,0.0000,99.9971,17,54,5
0,0.0000,99.9971,17,55,1
0,0.0000,99.9971,17,56,1
0,0.0000,99.9971,17,60,1
0,0.0000,99.9971,17,61,1
0,0.0000,99.9971,17,64,3
0,0.0000,99.9971,17,65,4
0,0.0000,99.9971,17,66,7
0,0.0000,99.9971,17,67,18
0,0.0000,99.9971,17,68,45
0,0.0000,99.9971,17,69,66
0,0.0000,99.9971,17,70,106
0,0.0000,99.9971,17,71,127
0,0.0000,99.9971,18,0,218
0,0.0000,99.9971,18,1,176
0,0.0000,99.9971,18,2,129
0,0.0000,99.9971,18,3,73
0,0.0000,99.9971,18,4,43
0,0.0000,99.9971,18,5,18
0,0.0000,99.9971,18,6,9
0,0.0000,99.9971,18,7,9
0,0.0000,99.9971,18,8,3
0,0.0000,99.9971,18,9,1
0,0.0000,99.9971,18,10,2
0,0.0000,99.9971,18,12,1
0,0.0000,99.9971,18,14,1
0,0.0000,99.9971,18,15,1
0,0.0000,99.9971,18,16,2
0,0.0000,99.9971,18,17,8
0,0.0000,99.9971,18,18,6
0,0.0000,99.9971,18,19,21
0,0.0000,99.9971,18,20,37
0,0.0000,99.9971,18,21,39
0,0.0000,99.9971,18,22,65
0,0.0000,99.9971,18,23,70
0,0.0000,99.9971,18,24,70
0,0.0000,99.9971,18,25,43
0,0.0000,99.9971,18,26,27
0,0.0000,99.9971,18,27,12
0,0.0000,99.9971,18,28,8
0,0.0000,99.9971,18,29,3
0,0.0000,99.9971,18,46,2
0,0.0000,99.9971,18,47,1
0,0.0000,99.9971,18,48,1
0,0.0000,99.9971,18,49,3
0,0.0000,99.9971,18,50,9
0,0.0000,99.9971,18,51,3
0,0.0000,99.9971,18,52,2
0,0.0000,99.9971,18,53,2
0,0.0000,99.9971,18,54,1
0,0.0000,99.9971,18,55,2
0,0.0000,99.9971,18,57,1
0,0.0000,99.9971,18,62,2
0,0.0000,99.9971,18,63,4
0,0.0000,99.9971,18,64,6
0,0.0000,99.9971,18,65,15
0,0.0000,99.9971,18,66,15
0,0.0000,99.9971,18,67,45
0,0.0000,99.9971,18,68,82
0,0.0000,99.9971,18,69,139
0,0.0000,99.9971,18,70,201
0,0.0000,99.9971,18,71,216
0,0.0000,99.9971,19,0,387
0,0.0000,99.9971,19,1,330
0,0.0000,99.9971,19,2,209
0,0.0000,99.9971,19,3,148
0,0.0000,99.9971,19,4,70
0,0.0000,99.9971,19,5,37
0,0.0000,99.9971,19,6,16
0,0.0000,99.9971,19,7,13
0,0.0000,99.9971,19,8,7
0,0.0000,99.9971,19,9,2
0,0.0000,99.9971,19,10,3
0,0.0000,99.9971,19,11,2
0,0.0000,99.9971,19,13,4
0,0.0000,99.9971,19,14,1
0,0.0000,99.9971,19,15,3
0,0.0000,99.9971,19,16,6
0,0.0000,99.9971,19,17,8
0,0.0000,99.9971,19,18,17
0,0.0000,99.9971,19,19,33
0,0.0000,99.9971,19,20,57
0,0.0000,99.9971,19,21,89
0,0.0000,99.9971,19,22,115
0,0.0000,99.9971,19,23,113
0,0.0000,99.9971,19,24,111
0,0.0000,99.9971,19,25,75
0,0.0000,99.9971,19,26,42
0,0.0000,99.9971,19,27,22
0,0.0000,99.9971,19,28,6
0,0.0000,99.9971,19,29,2
0,0.0000,99.9971,19,30,5
0,0.0000,99.9971,19,43,1
0,0.0000,99.9971,19,45,1
0,0.0000,99.9971,19,47,2
0,0.0000,99.9971,19,48,3
0,0.0000,99.9971,19,49,6
0,0.0000,99.9971,19,50,4
0,0.0000,99.9971,19,51,7
0,0.0000,99.9971,19,52,3
0,0.0000,99.9971,19,53,2
0,0.0000,99.9971,19,54,5
0,0.0000,99.9971,19,55,3
0,0.0000,99.9971,19,56,1
0,0.0000,99.9971,19,57,1
0,0.0000,99.9971,19,58,1
0,0.0000,99.9971,19,59,3
0,0.0000,99.9971,19,61,3
0,0.0000,99.9971,19,62,4
0,0.0000,99.9971,19,63,7
0,0.0000,99.9971,19,64,12
0,0.0000,99.9971,19,65,18
0,0.0000,99.9971,19,66,33
0,0.0000,99.9971,19,67,80
0,0.0000,99.9971,19,68,131
0,0.0000,99.9971,19,69,206
0,0.0000,99.9971,19,70,340
0,0.0000,99.9971,19,71,449
0,0.0000,99.9971,20,0,656
0,0.0000,99.9971,20,1,552
0,0.0000,99.9971,20,2,379
0,0.0000,99.9971,20,3,251
0,0.0000,99.9971,20,4,117
0,0.0000,99.9971,20,5,52
0,0.0000,99.9971,20,6,29
0,0.0000,99.9971,20,7,14
0,0.0000,99.9971,20,8,6
0,0.0000,99.9971,20,9,1
0,0.0000,99.9971,20,10,3
0,0.0000,99.9971,20,11,1
0,0.0000,99.9971,20,12,3
0,0.0000,99.9971,20,13,1
0,0.0000,99.9971,20,14,8
0,0.0000,99.9971,20,15,10
0,0.0000,99.9971,20,16,12
0,0.0000,99.9971,20,17,22
0,0.0000,99.9971,20,18,26
0,0.0000,99.9971,20,19,61
0,0.0000,99.9971,20,20,95
0,0.0000,99.9971,20,21,146
0,0.0000,99.9971,20,22,192
0,0.0000,99.9971,20,23,186
0,0.0000,99.9971,20,24,159
0,0.0000,99.9971,20,25,102
0,0.0000,99.9971,20,26,77
0,0.0000,99.9971,20,27,24
0,0.0000,99.9971,20,28,11
0,0.0000,99.9971,20,29,5
0,0.0000,99.9971,20,30,2
0,0.0000,99.9971,20,46,3
0,0.0000,99.9971,20,47,2
0,0.0000,99.9971,20,48,5
0,0.0000,99.9971,20,49,6
0,0.0000,99.9971,20,50,4
0,0.0000,99.9971,20,51,7
0,0.0000,99.9971,20,52,5
0,0.0000,99.9971,20,53,4
0,0.0000,99.9971,20,54,2
0,0.0000,99.9971,20,55,1
0,0.0000,99.9971,20,56,1
0,0.0000,99.9971,20,59,3
0,0.0000,99.9971,20,60,3
0,0.0000,99.9971,20,61,4
0,0.0000,99.9971,20,62,6
0,0.0000,99.9971,20,63,10
0,0.0000,99.9971,20,64,12
0,0.0000,99.9971,20,65,27
0,0.0000,99.9971,20,66,55
0,0.0000,99.9971,20,67,149
0,0.0000,99.9971,20,68,218
0,0.0000,99.9971,20,69,380
0,0.0000,99.9971,20,70,581
0,0.0000,99.9971,20,71,636
0,0.0000,99.9971,21,0,918
0,0.0000,99.9971,21,1,830
0,0.0000,99.9971,21,2,540
0,0.0000,99.9971,21,3,328
0,0.0000,99.9971,21,4,178
0,0.0000,99.9971,21,5,89
0,0.0000,99.9971,21,6,41
0,0.0000,99.9971,21,7,18
0,0.0000,99.9971,21,8,12
0,0.0000,99.9971,21,9,6
0,0.0000,99.9971,21,10,5
0,0.0000,99.9971,21,11,3
0,0.0000,99.9971,21,12,1
0,0.0000,99.9971,21,13,3
0,0.0000,99.9971,21,14,8
0,0.0000,99.9971,21,15,9
0,0.0000,99.9971,21,16,12
0,0.0000,99.9971,21,17,23
0,0.0000,99.9971,21,18,43
0,0.0000,99.9971,21,19,74
0,0.0000,99.9971,21,20,165
0,0.0000,99.9971,21,21,231
0,0.0000,99.9971,21,22,267
0,0.0000,99.9971,21,23,277
0,0.0000,99.9971,21,24,266
0,0.0000,99.9971,21,25,153
0,0.0000,99.9971,21,26,68
0,0.0000,99.9971,21,27,36
0,0.0000,99.9971,21,28,10
0,0.0000,99.9971,21,29,10
0,0.0000,99.9971,21,30,1
0,0.0000,99.9971,21,45,1
0,0.0000,99.9971,21,48,3
0,0.0000,99.9971,21,49,1
0,0.0000,99.9971,21,50,2
0,0.0000,99.9971,21,51,4
0,0.0000,99.9971,21,52,2
0,0.0000,99.9971,21,53,6
0,0.0000,99.9971,21,54,10
0,0.0000,99.9971,21,55,4
0,0.0000,99.9971,21,56,4
0,0.0000,99.9971,21,57,4
0,0.0000,99.9971,21,58,2
0,0.0000,99.9971,21,59,1
0,0.0000,99.9971,21,60,6
0,0.0000,99.9971,21,61,7
0,0.0000,99.9971,21,62,10
0,0.0000,99.9971,21,63,13
0,0.0000,99.9971,21,64,25
0,0.0000,99.9971,21,65,27
0,0.0000,99.9971,21,66,88
0,0.0000,99.9971,21,67,189
0,0.0000,99.9971,21,68,356
0,0.0000,99.9971,21,69,584
0,0.0000,99.9971,21,70,778
0,0.0000,99.9971,21,71,973
0,0.0000,99.9971,22,0,1115
0,0.0000,99.9971,22,1,989
0,0.0000,99.9971,22,2,723
0,0.0000,99.9971,22,3,400
0,0.0000,99.9971,22,4,209
0,0.0000,99.9971,22,5,124
0,0.0000,99.9971,22,6,60
0,0.0000,99.9971,22,7,24
0,0.0000,99.9971,22,8,17
0,0.0000,99.9971,22,9,10
0,0.0000,99.9971,22,10,4
0,0.0000,99.9971,22,11,7
0,0.0000,99.9971,22,12,3
0,0.0000,99.9971,22,13,6
0,0.0000,99.9971,22,14,9
0,0.0000,99.9971,22,15,10
0,0.0000,99.9971,22,16,25
0,0.0000,99.9971,22,17,36
0,0.0000,99.9971,22,18,72
0,0.0000,99.9971,22,19,117
0,0.0000,99.9971,22,20,194
0,0.0000,99.9971,22,21,237
0,0.0000,99.9971,22,22,334
0,0.0000,99.9971,22,23,322
0,0.0000,99.9971,22,24,254
0,0.0000,99.9971,22,25,181
0,0.0000,99.9971,22,26,77
0,0.0000,99.9971,22,27,35
0,0.0000,99.9971,22,28,10
0,0.0000,99.9971,22,29,1
0,0.0000,99.9971,22,31,1
0,0.0000,99.9971,22,47,1
0,0.0000,99.9971,22,48,1
0,0.0000,99.9971,22,49,1
0,0.0000,99.9971,22,50,3
0,0.0000,99.9971,22,51,5
0,0.0000,99.9971,22,52,4
0,0.0000,99.9971,22,53,4
0,0.0000,99.9971,22,54,5
0,0.0000,99.9971,22,55,2
0,0.0000,99.9971,22,56,2
0,0.0000,99.9971,22,57,3
0,0.0000,99.9971,22,58,2
0,0.0000,99.9971,22,59,3
0,0.0000,99.9971,22,60,6
0,0.0000,99.9971,22,61,7
0,0.0000,99.9971,22,62,9
0,0.0000,99.9971,22,63,15
0,0.0000,99.9971,22,64,27
0,0.0000,99.9971,22,65,50
0,0.0000,99.9971,22,66,106
0,0.0000,99.9971,22,67,255
0,0.0000,99.9971,22,68,425
0,0.0000,99.9971,22,69,724
0,0.0000,99.9971,22,70,1002
0,0.0000,99.9971,22,71,1142
0,0.0000,99.9971,23,0,1230
0,0.0000,99.9971,23,1,1044
0,0.0000,99.9971,23,2,765
0,0.0000,99.9971,23,3,465
0,0.0000,99.9971,23,4,252
0,0.0000,99.9971,23,5,107
0,0.0000,99.9971,23,6,62
0,0.0000,99.9971,23,7,45
0,0.0000,99.9971,23,8,17
0,0.0000,99.9971,23,9,10
0,0.0000,99.9971,23,10,7
0,0.0000,99.9971,23,11,8
0,0.0000,99.9971,23,12,3
0,0.0000,99.9971,23,13,6
0,0.0000,99.9971,23,14,8
0,0.0000,99.9971,23,15,11
0,0.0000,99.9971,23,16,28
0,0.0000,99.9971,23,17,43
0,0.0000,99.9971,23,18,70
0,0.0000,99.9971,23,19,127
0,0.0000,99.9971,23,20,190
0,0.0000,99.9971,23,21,289
0,0.0000,99.9971,23,22,323
0,0.0000,99.9971,23,23,303
0,0.0000,99.9971,23,24,234
0,0.0000,99.9971,23,25,138
0,0.0000,99.9971,23,26,66
0,0.0000,99.9971,23,27,25
0,0.0000,99.9971,23,28,10
0,0.0000,99.9971,23,29,1
0,0.0000,99.9971,23,47,2
0,0.0000,99.9971,23,48,1
0,0.0000,99.9971,23,49,2
0,0.0000,99.9971,23,50,5
0,0.0000,99.9971,23,51,2
0,0.0000,99.9971,23,52,2
0,0.0000,99.9971,23,53,7
0,0.0000,99.9971,23,54,4
0,0.0000,99.9971,23,55,3
0,0.0000,99.9971,23,56,4
0,0.0000,99.9971,23,57,2
0,0.0000,99.9971,23,59,3
0,0.0000,99.9971,23,60,4
0,0.0000,99.9971,23,61,11
0,0.0000,99.9971,23,62,11
0,0.0000,99.9971,23,63,10
0,0.0000,99.9971,23,64,24
0,0.0000,99.9971,23,65,52
0,0.0000,99.9971,23,66,122
0,0.0000,99.9971,23,67,232
0,0.0000,99.9971,23,68,451
0,0.0000,99.9971,23,69,723
0,0.0000,99.9971,23,70,1062
0,0.0000,99.9971,23,71,1225
0,0.0000,99.9971,24,0,1165
0,0.0000,99.9971,24,1,935
0,0.0000,99.9971,24,2,725
0,0.0000,99.9971,24,3,442
0,0.0000,99.9971,24,4,218
0,0.0000,99.9971,24,5,119
0,0.0000,99.9971,24,6,63
0,0.0000,99.9971,24,7,28
0,0.0000,99.9971,24,8,17
0,0.0000,99.9971,24,9,12
0,0.0000,99.9971,24,10,4
0,0.0000,99.9971,24,11,8
0,0.0000,99.9971,24,12,9
0,0.0000,99.9971,24,13,4
0,0.0000,99.9971,24,14,5
0,0.0000,99.9971,24,15,6
0,0.0000,99.9971,24,16,21
0,0.0000,99.9971,24,17,30
0,0.0000,99.9971,24,18,52
0,0.0000,99.9971,24,19,86
0,0.0000,99.9971,24,20,164
0,0.0000,99.9971,24,21,214
0,0.0000,99.9971,24,22,276
0,0.0000,99.9971,24,23,236
0,0.0000,99.9971,24,24,145
0,0.0000,99.9971,24,25,101
0,0.0000,99.9971,24,26,44
0,0.0000,99.9971,24,27,14
0,0.0000,99.9971,24,28,6
0,0.0000,99.9971,24,30,1
0,0.0000,99.9971,24,49,1
0,0.0000,99.9971,24,51,2
0,0.0000,99.9971,24,52,1
0,0.0000,99.9971,24,53,2
0,0.0000,99.9971,24,54,1
0,0.0000,99.9971,24,55,2
0,0.0000,99.9971,24,56,3
0,0.0000,99.9971,24,57,1
0,0.0000,99.9971,24,58,2
0,0.0000,99.9971,24,59,3
0,0.0000,99.9971,24,60,6
0,0.0000,99.9971,24,61,4
0,0.0000,99.9971,24,62,13
0,0.0000,99.9971,24,63,14
0,0.0000,99.9971,24,64,33
0,0.0000,99.9971,24,65,41
0,0.0000,99.9971,24,66,110
0,0.0000,99.9971,24,67,206
0,0.0000,99.9971,24,68,396
0,0.0000,99.9971,24,69,695
0,0.0000,99.9971,24,70,969
0,0.0000,99.9971,24,71,1097
0,0.0000,99.9971,25,0,868
0,0.0000,99.9971,25,1,752
0,0.0000,99.9971,25,2,505
0,0.0000,99.9971,25,3,288
0,0.0000,99.9971,25,4,159
0,0.0000,99.9971,25,5,90
0,0.0000,99.9971,25,6,49
0,0.0000,99.9971,25,7,21
0,0.0000,99.9971,25,8,8
0,0.0000,99.9971,25,9,6
0,0.0000,99.9971,25,10,4
0,0.0000,99.9971,25,11,2
0,0.0000,99.9971,25,12,1
0,0.0000,99.9971,25,13,4
0,0.0000,99.9971,25,14,3
0,0.0000,99.9971,25,15,9
0,0.0000,99.9971,25,16,9
0,0.0000,99.9971,25,17,25
0,0.0000,99.9971,25,18,35
0,0.0000,99.9971,25,19,67
0,0.0000,99.9971,25,20,114
0,0.0000,99.9971,25,21,133
0,0.0000,99.9971,25,22,164
0,0.0000,99.9971,25,23,143
0,0.0000,99.9971,25,24,91
0,0.0000,99.9971,25,25,53
0,0.0000,99.9971,25,26,17
0,0.0000,99.9971,25,27,6
0,0.0000,99.9971,25,49,1
0,0.0000,99.9971,25,50,1
0,0.0000,99.9971,25,51,3
0,0.0000,99.9971,25,52,1
0,0.0000,99.9971,25,53,1
0,0.0000,99.9971,25,54,1
0,0.0000,99.9971,25,55,1
0,0.0000,99.9971,25,56,4
0,0.0000,99.9971,25,57,1
0,0.0000,99.9971,25,58,4
0,0.0000,99.9971,25,60,1
0,0.0000,99.9971,25,61,4
0,0.0000,99.9971,25,62,8
0,0.0000,99.9971,25,63,9
0,0.0000,99.9971,25,64,15
0,0.0000,99.9971,25,65,38
0,0.0000,99.9971,25,66,87
0,0.0000,99.9971,25,67,200
0,0.0000,99.9971,25,68,271
0,0.0000,99.9971,25,69,498
0,0.0000,99.9971,25,70,714
0,0.0000,99.9971,25,71,874
0,0.0000,99.9971,26,0,559
0,0.0000,99.9971,26,1,488
0,0.0000,99.9971,26,2,352
0,0.0000,99.9971,26,3,199
0,0.0000,99.9971,26,4,104
0,0.0000,99.9971,26,5,47
0,0.0000,99.9971,26,6,27
0,0.0000,99.9971,26,7,18
0,0.0000,99.9971,26,8,4
0,0.0000,99.9971,26,9,5
0,0.0000,99.9971,26,10,3
0,0.0000,99.9971,26,11,1
0,0.0000,99.9971,26,13,1
0,0.0000,99.9971,26,14,3
0,0.0000,99.9971,26,15,5
0,0.0000,99.9971,26,16,10
0,0.0000,99.9971,26,17,15
0,0.0000,99.9971,26,18,37
0,0.0000,99.9971,26,19,48
0,0.0000,99.9971,26,20,63
0,0.0000,99.9971,26,21,108
0,0.0000,99.9971,26,22,80
0,0.0000,99.9971,26,23,82
0,0.0000,99.9971,26,24,34
0,0.0000,99.9971,26,25,11
0,0.0000,99.9971,26,27,1
0,0.0000,99.9971,26,55,1
0,0.0000,99.9971,26,56,2
0,0.0000,99.9971,26,57,1
0,0.0000,99.9971,26,58,5
0,0.0000,99.9971,26,59,3
0,0.0000,99.9971,26,60,1
0,0.0000,99.9971,26,61,3
0,0.0000,99.9971,26,62,6
0,0.0000,99.9971,26,63,5
0,0.0000,99.9971,26,64,16
0,0.0000,99.9971,26,65,23
0,0.0000,99.9971,26,66,79
0,0.0000,99.9971,26,67,104
0,0.0000,99.9971,26,68,198
0,0.0000,99.9971,26,69,330
0,0.0000,99.9971,26,70,495
0,0.0000,99.9971,26,71,594
0,0.0000,99.9971,27,0,341
0,0.0000,99.9971,27,1,288
0,0.0000,99.9971,27,2,179
0,0.0000,99.9971,27,3,125
0,0.0000,99.9971,27,4,63
0,0.0000,99.9971,27,5,29
0,0.0000,99.9971,27,6,17
0,0.0000,99.9971,27,7,6
0,0.0000,99.9971,27,8,2
0,0.0000,99.9971,27,9,3
0,0.0000,99.9971,27,11,1
0,0.0000,99.9971,27,13,2
0,0.0000,99.9971,27,14,1
0,0.0000,99.9971,27,15,4
0,0.0000,99.9971,27,16,6
0,0.0000,99.9971,27,17,5
0,0.0000,99.9971,27,18,14
0,0.0000,99.9971,27,19,18
0,0.0000,99.9971,27,20,32
0,0.0000,99.9971,27,21,29
0,0.0000,99.9971,27,22,40
0,0.0000,99.9971,27,23,18
0,0.0000,99.9971,27,24,9
0,0.0000,99.9971,27,25,6
0,0.0000,99.9971,27,52,1
0,0.0000,99.9971,27,53,1
0,0.0000,99.9971,27,56,1
0,0.0000,99.9971,27,60,3
0,0.0000,99.9971,27,61,3
0,0.0000,99.9971,27,62,5
0,0.0000,99.9971,27,63,3
0,0.0000,99.9971,27,64,8
0,0.0000,99.9971,27,65,16
0,0.0000,99.9971,27,66,23
0,0.0000,99.9971,27,67,52
0,0.0000,99.9971,27,68,129
0,0.0000,99.9971,27,69,180
0,0.0000,99.9971,27,70,283
0,0.0000,99.9971,27,71,315
0,0.0000,99.9971,28,0,130
0,0.0000,99.9971,28,1,126
0,0.0000,99.9971,28,2,101
0,0.0000,99.9971,28,3,59
0,0.0000,99.9971,28,4,30
0,0.0000,99.9971,28,5,18
0,0.0000,99.9971,28,6,7
0,0.0000,99.9971,28,7,1
0,0.0000,99.9971,28,8,1
0,0.0000,99.9971,28,9,4
0,0.0000,99.9971,28,10,3
0,0.0000,99.9971,28,11,1
0,0.0000,99.9971,28,14,2
0,0.0000,99.9971,28,15,3
0,0.0000,99.9971,28,16,1
0,0.0000,99.9971,28,17,1
0,0.0000,99.9971,28,18,7
0,0.0000,99.9971,28,19,11
0,0.0000,99.9971,28,20,16
0,0.0000,99.9971,28,21,16
0,0.0000,99.9971,28,22,9
0,0.0000,99.9971,28,23,14
0,0.0000,99.9971,28,24,5
0,0.0000,99.9971,28,25,1
0,0.0000,99.9971,28,26,1
0,0.0000,99.9971,28,58,1
0,0.0000,99.9971,28,60,1
0,0.0000,99.9971,28,61,1
0,0.0000,99.9971,28,64,1
0,0.0000,99.9971,28,65,9
0,0.0000,99.9971,28,66,11
0,0.0000,99.9971,28,67,36
0,0.0000,99.9971,28,68,57
0,0.0000,99.9971,28,69,85
0,0.0000,99.9971,28,70,119
0,0.0000,99.9971,28,71,161
0,0.0000,99.9971,29,0,66
0,0.0000,99.9971,29,1,51
0,0.0000,99.9971,29,2,39
0,0.0000,99.9971,29,3,30
0,0.0000,99.9971,29,4,12
0,0.0000,99.9971,29,5,8
0,0.0000,99.9971,29,6,6
0,0.0000,99.9971,29,7,3
0,0.0000,99.9971,29,9,1
0,0.0000,99.9971,29,10,1
0,0.0000,99.9971,29,11,1
0,0.0000,99.9971,29,14,1
0,0.0000,99.9971,29,16,1
0,0.0000,99.9971,29,17,3
0,0.0000,99.9971,29,18,4
0,0.0000,99.9971,29,19,5
0,0.0000,99.9971,29,20,4
0,0.0000,99.9971,29,21,2
0,0.0000,99.9971,29,22,2
0,0.0000,99.9971,29,23,3
0,0.0000,99.9971,29,53,1
0,0.0000,99.9971,29,54,1
0,0.0000,99.9971,29,59,1
0,0.0000,99.9971,29,62,2
0,0.0000,99.9971,29,63,1
0,0.0000,99.9971,29,64,1
0,0.0000,99.9971,29,65,2
0,0.0000,99.9971,29,66,8
0,0.0000,99.9971,29,67,5
0,0.0000,99.9971,29,68,26
0,0.0000,99.9971,29,69,52
0,0.0000,99.9971,29,70,57
0,0.0000,99.9971,29,71,69
0,0.0000,99.9971,30,0,36
0,0.0000,99.9971,30,1,26
0,0.0000,99.9971,30,2,20
0,0.0000,99.9971,30,3,10
0,0.0000,99.9971,30,4,5
0,0.0000,99.9971,30,5,5
0,0.0000,99.9971,30,6,2
0,0.0000,99.9971,30,10,1
0,0.0000,99.9971,30,15,1
0,0.0000,99.9971,30,18,1
0,0.0000,99.9971,30,19,1
0,0.0000,99.9971,30,20,3
0,0.0000,99.9971,30,22,1
0,0.0000,99.9971,30,61,1
0,0.0000,99.9971,30,64,2
0,0.0000,99.9971,30,65,2
0,0.0000,99.9971,30,66,3
0,0.0000,99.9971,30,67,3
0,0.0000,99.9971,30,68,11
0,0.0000,99.9971,30,69,20
0,0.0000,99.9971,30,70,26
0,0.0000,99.9971,30,71,34
0,0.0000,99.9971,31,0,15
0,0.0000,99.9971,31,1,16
0,0.0000,99.9971,31,2,13
0,0.0000,99.9971,31,3,6
0,0.0000,99.9971,31,4,3
0,0.0000,99.9971,31,5,1
0,0.0000,99.9971,31,6,1
0,0.0000,99.9971,31,8,3
0,0.0000,99.9971,31,20,1
0,0.0000,99.9971,31,21,1
0,0.0000,99.9971,31,64,1
0,0.0000,99.9971,31,65,1
0,0.0000,99.9971,31,66,2
0,0.0000,99.9971,31,67,2
0,0.0000,99.9971,31,68,3
0,0.0000,99.9971,31,69,9
0,0.0000,99.9971,31,70,14
0,0.0000,99.9971,31,71,12
0,0.0000,99.9971,32,0,12
0,0.0000,99.9971,32,1,5
0,0.0000,99.9971,32,2,10
0,0.0000,99.9971,32,3,1
0,0.0000,99.9971,32,5,2
0,0.0000,99.9971,32,6,1
0,0.0000,99.9971,32,17,2
0,0.0000,99.9971,32,22,1
0,0.0000,99.9971,32,65,1
0,0.0000,99.9971,32,66,1
0,0.0000,99.9971,32,67,1
0,0.0000,99.9971,32,68,3
0,0.0000,99.9971,32,69,8
0,0.0000,99.9971,32,70,7
0,0.0000,99.9971,32,71,9
0,0.0000,99.9971,33,0,5
0,0.0000,99.9971,33,1,5
0,0.0000,99.9971,33,2,3
0,0.0000,99.9971,33,3,2
0,0.0000,99.9971,33,4,1
0,0.0000,99.9971,33,5,2
0,0.0000,99.9971,33,62,1
0,0.0000,99.9971,33,67,1
0,0.0000,99.9971,33,68,1
0,0.0000,99.9971,33,69,4
0,0.0000,99.9971,33,70,5
0,0.0000,99.9971,33,71,3
0,0.0000,99.9971,34,0,5
0,0.0000,99.9971,34,1,4
0,0.0000,99.9971,34,3,1
0,0.0000,99.9971,34,5,1
0,0.0000,99.9971,34,66,1
0,0.0000,99.9971,34,69,2
0,0.0000,99.9971,34,70,2
0,0.0000,99.9971,34,71,1
0,0.0000,99.9971,35,0,2
0,0.0000,99.9971,35,1,2
0,0.0000,99.9971,35,65,1
0,0.0000,99.9971,35,66,1
0,0.0000,99.9971,35,67,1
0,0.0000,99.9971,35,68,1
0,0.0000,99.9971,35,69,2
0,0.0000,99.9971,35,71,3
0,0.0000,99.9971,36,0,2
0,0.0000,99.9971,36,1,3
0,0.0000,99.9971,36,2,4
0,0.0000,99.9971,36,3,1
0,0.0000,99.9971,36,5,1
0,0.0000,99.9971,36,67,1
0,0.0000,99.9971,36,69,1
0,0.0000,99.9971,36,70,3
0,0.0000,99.9971,36,71,1
0,0.0000,99.9971,37,0,5
0,0.0000,99.9971,37,1,4
0,0.0000,99.9971,37,2,1
0,0.0000,99.9971,37,3,3
0,0.0000,99.9971,37,5,1
0,0.0000,99.9971,37,51,1
0,0.0000,99.9971,37,68,1
0,0.0000,99.9971,37,69,4
0,0.0000,99.9971,37,70,3
0,0.0000,99.9971,37,71,1
0,0.0000,99.9971,38,0,3
0,0.0000,99.9971,38,1,5
0,0.0000,99.9971,38,2,2
0,0.0000,99.9971,38,3,6
0,0.0000,99.9971,38,4,1
0,0.0000,99.9971,38,6,1
0,0.0000,99.9971,38,57,1
0,0.0000,99.9971,38,66,2
0,0.0000,99.9971,38,67,1
0,0.0000,99.9971,38,68,1
0,0.0000,99.9971,38,69,3
0,0.0000,99.9971,38,70,4
0,0.0000,99.9971,38,71,3
0,0.0000,99.9971,39,0,6
0,0.0000,99.9971,39,1,8
0,0.0000,99.9971,39,2,6
0,0.0000,99.9971,39,3,1
0,0.0000,99.9971,39,4,2
0,0.0000,99.9971,39,5,1
0,0.0000,99.9971,39,6,1
0,0.0000,99.9971,39,8,1
0,0.0000,99.9971,39,67,3
0,0.0000,99.9971,39,68,2
0,0.0000,99.9971,39,69,1
0,0.0000,99.9971,39,70,7
0,0.0000,99.9971,39,71,3
0,0.0000,99.9971,40,0,14
0,0.0000,99.9971,40,1,13
0,0.0000,99.9971,40,2,11
0,0.0000,99.9971,40,3,7
0,0.0000,99.9971,40,4,6
0,0.0000,99.9971,40,5,1
0,0.0000,99.9971,40,6,1
0,0.0000,99.9971,40,14,1
0,0.0000,99.9971,40,50,1
0,0.0000,99.9971,40,51,1
0,0.0000,99.9971,40,65,1
0,0.0000,99.9971,40,66,2
0,0.0000,99.9971,40,67,4
0,0.0000,99.9971,40,68,6
0,0.0000,99.9971,40,69,12
0,0.0000,99.9971,40,70,13
0,0.0000,99.9971,40,71,18
0,0.0000,99.9971,41,0,28
0,0.0000,99.9971,41,1,25
0,0.0000,99.9971,41,2,14
0,0.0000,99.9971,41,3,10
0,0.0000,99.9971,41,4,2
0,0.0000,99.9971,41,5,1
0,0.0000,99.9971,41,6,4
0,0.0000,99.9971,41,49,1
0,0.0000,99.9971,41,50,1
0,0.0000,99.9971,41,51,1
0,0.0000,99.9971,41,52,3
0,0.0000,99.9971,41,55,1
0,0.0000,99.9971,41,58,1
0,0.0000,99.9971,41,63,1
0,0.0000,99.9971,41,64,1
0,0.0000,99.9971,41,66,8
0,0.0000,99.9971,41,67,10
0,0.0000,99.9971,41,68,16
0,0.0000,99.9971,41,69,14
0,0.0000,99.9971,41,70,35
0,0.0000,99.9971,41,71,45
0,0.0000,99.9971,42,0,72
0,0.0000,99.9971,42,1,63
0,0.0000,99.9971,42,2,42
0,0.0000,99.9971,42,3,18
0,0.0000,99.9971,42,4,14
0,0.0000,99.9971,42,5,5
0,0.0000,99.9971,42,6,1
0,0.0000,99.9971,42,8,2
0,0.0000,99.9971,42,47,2
0,0.0000,99.9971,42,49,2
0,0.0000,99.9971,42,50,2
0,0.0000,99.9971,42,52,3
0,0.0000,99.9971,42,56,1
0,0.0000,99.9971,42,57,1
0,0.0000,99.9971,42,61,1
0,0.0000,99.9971,42,62,1
0,0.0000,99.9971,42,63,1
0,0.0000,99.9971,42,65,4
0,0.0000,99.9971,42,66,12
0,0.0000,99.9971,42,67,14
0,0.0000,99.9971,42,68,28
0,0.0000,99.9971,42,69,32
0,0.0000,99.9971,42,70,49
0,0.0000,99.9971,42,71,84
0,0.0000,99.9971,43,0,153
0,0.0000,99.9971,43,1,115
0,0.0000,99.9971,43,2,83
0,0.0000,99.9971,43,3,55
0,0.0000,99.9971,43,4,33
0,0.0000,99.9971,43,5,17
0,0.0000,99.9971,43,6,8
0,0.0000,99.9971,43,8,2
0,0.0000,99.9971,43,9,1
0,0.0000,99.9971,43,13,1
0,0.0000,99.9971,43,16,2
0,0.0000,99.9971,43,45,1
0,0.0000,99.9971,43,46,1
0,0.0000,99.9971,43,47,1
0,0.0000,99.9971,43,48,12
0,0.0000,99.9971,43,49,7
0,0.0000,99.9971,43,50,7
0,0.0000,99.9971,43,51,12
0,0.0000,99.9971,43,52,6
0,0.0000,99.9971,43,53,7
0,0.0000,99.9971,43,54,1
0,0.0000,99.9971,43,55,3
0,0.0000,99.9971,43,57,1
0,0.0000,99.9971,43,59,1
0,0.0000,99.9971,43,63,2
0,0.0000,99.9971,43,64,3
0,0.0000,99.9971,43,65,5
0,0.0000,99.9971,43,66,13
0,0.0000,99.9971,43,67,30
0,0.0000,99.9971,43,68,67
0,0.0000,99.9971,43,69,87
0,0.0000,99.9971,43,70,115
0,0.0000,99.9971,43,71,148
0,0.0000,99.9971,44,0,297
0,0.0000,99.9971,44,1,241
0,0.0000,99.9971,44,2,174
0,0.0000,99.9971,44,3,122
0,0.0000,99.9971,44,4,57
0,0.0000,99.9971,44,5,25
0,0.0000,99.9971,44,6,17
0,0.0000,99.9971,44,7,6
0,0.0000,99.9971,44,8,6
0,0.0000,99.9971,44,9,1
0,0.0000,99.9971,44,10,1
0,0.0000,99.9971,44,11,1
0,0.0000,99.9971,44,13,2
0,0.0000,99.9971,44,15,1
0,0.0000,99.9971,44,18,1
0,0.0000,99.9971,44,22,1
0,0.0000,99.9971,44,46,1
0,0.0000,99.9971,44,47,9
0,0.0000,99.9971,44,48,15
0,0.0000,99.9971,44,49,26
0,0.0000,99.9971,44,50,21
0,0.0000,99.9971,44,51,30
0,0.0000,99.9971,44,52,20
0,0.0000,99.9971,44,53,10
0,0.0000,99.9971,44,54,6
0,0.0000,99.9971,44,55,6
0,0.0000,99.9971,44,56,1
0,0.0000,99.9971,44,57,4
0,0.0000,99.9971,44,58,1
0,0.0000,99.9971,44,61,1
0,0.0000,99.9971,44,62,4
0,0.0000,99.9971,44,63,5
0,0.0000,99.9971,44,64,6
0,0.0000,99.9971,44,65,19
0,0.0000,99.9971,44,66,28
0,0.0000,99.9971,44,67,56
0,0.0000,99.9971,44,68,100
0,0.0000,99.9971,44,69,170
0,0.0000,99.9971,44,70,255
0,0.0000,99.9971,44,71,307
0,0.0000,99.9971,45,0,535
0,0.0000,99.9971,45,1,453
0,0.0000,99.9971,45,2,326
0,0.0000,99.9971,45,3,164
0,0.0000,99.9971,45,4,99
0,0.0000,99.9971,45,5,59
0,0.0000,99.9971,45,6,30
0,0.0000,99.9971,45,7,15
0,0.0000,99.9971,45,9,4
0,0.0000,99.9971,45,10,2
0,0.0000,99.9971,45,11,1
0,0.0000,99.9971,45,15,2
0,0.0000,99.9971,45,16,1
0,0.0000,99.9971,45,17,1
0,0.0000,99.9971,45,18,2
0,0.0000,99.9971,45,19,1
0,0.0000,99.9971,45,45,5
0,0.0000,99.9971,45,46,15
0,0.0000,99.9971,45,47,29
0,0.0000,99.9971,45,48,53
0,0.0000,99.9971,45,49,66
0,0.0000,99.9971,45,50,62
0,0.0000,99.9971,45,51,55
0,0.0000,99.9971,45,52,41
0,0.0000,99.9971,45,53,21
0,0.0000,99.9971,45,54,9
0,0.0000,99.9971,45,55,3
0,0.0000,99.9971,45,56,2
0,0.0000,99.9971,45,57,2
0,0.0000,99.9971,45,58,3
0,0.0000,99.9971,45,59,1
0,0.0000,99.9971,45,60,1
0,0.0000,99.9971,45,61,1
0,0.0000,99.9971,45,62,1
0,0.0000,99.9971,45,63,7
0,0.0000,99.9971,45,64,7
0,0.0000,99.9971,45,65,24
0,0.0000,99.9971,45,66,54
0,0.0000,99.9971,45,67,108
0,0.0000,99.9971,45,68,184
0,0.0000,99.9971,45,69,313
0,0.0000,99.9971,45,70,452
0,0.0000,99.9971,45,71,561
0,0.0000,99.9971,46,0,846
0,0.0000,99.9971,46,1,748
0,0.0000,99.9971,46,2,483
0,0.0000,99.9971,46,3,315
0,0.0000,99.9971,46,4,171
0,0.0000,99.9971,46,5,85
0,0.0000,99.9971,46,6,34
0,0.0000,99.9971,46,7,20
0,0.0000,99.9971,46,8,5
0,0.0000,99.9971,46,9,6
0,0.0000,99.9971,46,10,2
0,0.0000,99.9971,46,11,2
0,0.0000,99.9971,46,12,1
0,0.0000,99.9971,46,13,2
0,0.0000,99.9971,46,14,3
0,0.0000,99.9971,46,15,1
0,0.0000,99.9971,46,16,1
0,0.0000,99.9971,46,18,2
0,0.0000,99.9971,46,19,4
0,0.0000,99.9971,46,21,1
0,0.0000,99.9971,46,23,1
0,0.0000,99.9971,46,42,1
0,0.0000,99.9971,46,44,6
0,0.0000,99.9971,46,45,10
0,0.0000,99.9971,46,46,35
0,0.0000,99.9971,46,47,74
0,0.0000,99.9971,46,48,112
0,0.0000,99.9971,46,49,123
0,0.0000,99.9971,46,50,93
0,0.0000,99.9971,46,51,84
0,0.0000,99.9971,46,52,64
0,0.0000,99.9971,46,53,48
0,0.0000,99.9971,46,54,14
0,0.0000,99.9971,46,55,20
0,0.0000,99.9971,46,56,10
0,0.0000,99.9971,46,57,6
0,0.0000,99.9971,46,59,3
0,0.0000,99.9971,46,60,3
0,0.0000,99.9971,46,61,4
0,0.0000,99.9971,46,62,9
0,0.0000,99.9971,46,63,8
0,0.0000,99.9971,46,64,15
0,0.0000,99.9971,46,65,39
0,0.0000,99.9971,46,66,85
0,0.0000,99.9971,46,67,173
0,0.0000,99.9971,46,68,344
0,0.0000,99.9971,46,69,499
0,0.0000,99.9971,46,70,725
0,0.0000,99.9971,46,71,887
0,0.0000,99.9971,47,0,1124
0,0.0000,99.9971,47,1,871
0,0.0000,99.9971,47,2,629
0,0.0000,99.9971,47,3,392
0,0.0000,99.9971,47,4,196
0,0.0000,99.9971,47,5,132
0,0.0000,99.9971,47,6,51
0,0.0000,99.9971,47,7,24
0,0.0000,99.9971,47,8,9
0,0.0000,99.9971,47,9,6
0,0.0000,99.9971,47,10,5
0,0.0000,99.9971,47,11,3
0,0.0000,99.9971,47,12,3
0,0.0000,99.9971,47,13,2
0,0.0000,99.9971,47,15,1
0,0.0000,99.9971,47,16,1
0,0.0000,99.9971,47,17,2
0,0.0000,99.9971,47,18,1
0,0.0000,99.9971,47,19,1
0,0.0000,99.9971,47,20,3
0,0.0000,99.9971,47,41,1
0,0.0000,99.9971,47,43,3
0,0.0000,99.9971,47,44,9
0,0.0000,99.9971,47,45,32
0,0.0000,99.9971,47,46,67
0,0.0000,99.9971,47,47,119
0,0.0000,99.9971,47,48,168
0,0.0000,99.9971,47,49,187
0,0.0000,99.9971,47,50,189
0,0.0000,99.9971,47,51,126
0,0.0000,99.9971,47,52,78
0,0.0000,99.9971,47,53,43
0,0.0000,99.9971,47,54,27
0,0.0000,99.9971,47,55,10
0,0.0000,99.9971,47,56,5
0,0.0000,99.9971,47,57,7
0,0.0000,99.9971,47,59,7
0,0.0000,99.9971,47,60,6
0,0.0000,99.9971,47,61,4
0,0.0000,99.9971,47,62,7
0,0.0000,99.9971,47,63,13
0,0.0000,99.9971,47,64,33
0,0.0000,99.9971,47,65,55
0,0.0000,99.9971,47,66,126
0,0.0000,99.9971,47,67,221
0,0.0000,99.9971,47,68,391
0,0.0000,99.9971,47,69,678
0,0.0000,99.9971,47,70,940
0,0.0000,99.9971,47,71,1032
0,0.0000,99.9971,48,0,1187
0,0.0000,99.9971,48,1,1019
0,0.0000,99.9971,48,2,755
0,0.0000,99.9971,48,3,437
0,0.0000,99.9971,48,4,233
0,0.0000,99.9971,48,5,115
0,0.0000,99.9971,48,6,44
0,0.0000,99.9971,48,7,34
0,0.0000,99.9971,48,8,19
0,0.0000,99.9971,48,9,6
0,0.0000,99.9971,48,10,5
0,0.0000,99.9971,48,11,2
0,0.0000,99.9971,48,12,2
0,0.0000,99.9971,48,13,4
0,0.0000,99.9971,48,14,5
0,0.0000,99.9971,48,15,1
0,0.0000,99.9971,48,16,7
0,0.0000,99.9971,48,17,4
0,0.0000,99.9971,48,18,4
0,0.0000,99.9971,48,19,2
0,0.0000,99.9971,48,20,1
0,0.0000,99.9971,48,23,1
0,0.0000,99.9971,48,42,1
0,0.0000,99.9971,48,43,7
0,0.0000,99.9971,48,44,22
0,0.0000,99.9971,48,45,46
0,0.0000,99.9971,48,46,124
0,0.0000,99.9971,48,47,181
0,0.0000,99.9971,48,48,257
0,0.0000,99.9971,48,49,234
0,0.0000,99.9971,48,50,210
0,0.0000,99.9971,48,51,182
0,0.0000,99.9971,48,52,83
0,0.0000,99.9971,48,53,58
0,0.0000,99.9971,48,54,27
0,0.0000,99.9971,48,55,19
0,0.0000,99.9971,48,56,8
0,0.0000,99.9971,48,57,7
0,0.0000,99.9971,48,58,4
0,0.0000,99.9971,48,59,3
0,0.0000,99.9971,48,60,3
0,0.0000,99.9971,48,61,1
0,0.0000,99.9971,48,62,5
0,0.0000,99.9971,48,63,14
0,0.0000,99.9971,48,64,30
0,0.0000,99.9971,48,65,55
0,0.0000,99.9971,48,66,111
0,0.0000,99.9971,48,67,209
0,0.0000,99.9971,48,68,467
0,0.0000,99.9971,48,69,719
0,0.0000,99.9971,48,70,965
0,0.0000,99.9971,48,71,1236
0,0.0000,99.9971,49,0,1141
0,0.0000,99.9971,49,1,964
0,0.0000,99.9971,49,2,685
0,0.0000,99.9971,49,3,417
0,0.0000,99.9971,49,4,211
0,0.0000,99.9971,49,5,123
0,0.0000,99.9971,49,6,57
0,0.0000,99.9971,49,7,30
0,0.0000,99.9971,49,8,14
0,0.0000,99.9971,49,9,8
0,0.0000,99.9971,49,10,1
0,0.0000,99.9971,49,11,1
0,0.0000,99.9971,49,12,2
0,0.0000,99.9971,49,13,3
0,0.0000,99.9971,49,14,1
0,0.0000,99.9971,49,15,1
0,0.0000,99.9971,49,16,4
0,0.0000,99.9971,49,17,2
0,0.0000,99.9971,49,18,2
0,0.0000,99.9971,49,19,4
0,0.0000,99.9971,49,20,3
0,0.0000,99.9971,49,21,4
0,0.0000,99.9971,49,22,3
0,0.0000,99.9971,49,23,2
0,0.0000,99.9971,49,40,1
0,0.0000,99.9971,49,42,4
0,0.0000,99.9971,49,43,9
0,0.0000,99.9971,49,44,25
0,0.0000,99.9971,49,45,65
0,0.0000,99.9971,49,46,106
0,0.0000,99.9971,49,47,164
0,0.0000,99.9971,49,48,263
0,0.0000,99.9971,49,49,252
0,0.0000,99.9971,49,50,218
0,0.0000,99.9971,49,51,141
0,0.0000,99.9971,49,52,79
0,0.0000,99.9971,49,53,58
0,0.0000,99.9971,49,54,24
0,0.0000,99.9971,49,55,27
0,0.0000,99.9971,49,56,9
0,0.0000,99.9971,49,57,5
0,0.0000,99.9971,49,58,3
0,0.0000,99.9971,49,59,5
0,0.0000,99.9971,49,60,3
0,0.0000,99.9971,49,61,7
0,0.0000,99.9971,49,62,3
0,0.0000,99.9971,49,63,10
0,0.0000,99.9971,49,64,23
0,0.0000,99.9971,49,65,65
0,0.0000,99.9971,49,66,125
0,0.0000,99.9971,49,67,231
0,0.0000,99.9971,49,68,417
0,0.0000,99.9971,49,69,660
0,0.0000,99.9971,49,70,979
0,0.0000,99.9971,49,71,1088
0,0.0000,99.9971,50,0,924
0,0.0000,99.9971,50,1,763
0,0.0000,99.9971,50,2,487
0,0.0000,99.9971,50,3,303
0,0.0000,99.9971,50,4,192
0,0.0000,99.9971,50,5,91
0,0.0000,99.9971,50,6,47
0,0.0000,99.9971,50,7,27
0,0.0000,99.9971,50,8,10
0,0.0000,99.9971,50,9,6
0,0.0000,99.9971,50,10,3
0,0.0000,99.9971,50,11,1
0,0.0000,99.9971,50,12,1
0,0.0000,99.9971,50,13,1
0,0.0000,99.9971,50,14,2
0,0.0000,99.9971,50,15,5
0,0.0000,99.9971,50,16,4
0,0.0000,99.9971,50,17,7
0,0.0000,99.9971,50,18,4
0,0.0000,99.9971,50,19,3
0,0.0000,99.9971,50,20,5
0,0.0000,99.9971,50,21,1
0,0.0000,99.9971,50,22,3
0,0.0000,99.9971,50,24,2
0,0.0000,99.9971,50,25,1
0,0.0000,99.9971,50,41,1
0,0.0000,99.9971,50,42,4
0,0.0000,99.9971,50,43,14
0,0.0000,99.9971,50,44,31
0,0.0000,99.9971,50,45,72
0,0.0000,99.9971,50,46,110
0,0.0000,99.9971,50,47,177
0,0.0000,99.9971,50,48,212
0,0.0000,99.9971,50,49,211
0,0.0000,99.9971,50,50,162
0,0.0000,99.9971,50,51,109
0,0.0000,99.9971,50,52,78
0,0.0000,99.9971,50,53,39
0,0.0000,99.9971,50,54,25
0,0.0000,99.9971,50,55,17
0,0.0000,99.9971,50,56,11
0,0.0000,99.9971,50,57,4
0,0.0000,99.9971,50,58,2
0,0.0000,99.9971,50,59,2
0,0.0000,99.9971,50,60,2
0,0.0000,99.9971,50,61,3
0,0.0000,99.9971,50,62,8
0,0.0000,99.9971,50,63,13
0,0.0000,99.9971,50,64,22
0,0.0000,99.9971,50,65,39
0,0.0000,99.9971,50,66,81
0,0.0000,99.9971,50,67,174
0,0.0000,99.9971,50,68,319
0,0.0000,99.9971,50,69,504
0,0.0000,99.9971,50,70,684
0,0.0000,99.9971,50,71,844
0,0.0000,99.9971,51,0,612
0,0.0000,99.9971,51,1,527
0,0.0000,99.9971,51,2,345
0,0.0000,99.9971,51,3,207
0,0.0000,99.9971,51,4,137
0,0.0000,99.9971,51,5,51
0,0.0000,99.9971,51,6,29
0,0.0000,99.9971,51,7,13
0,0.0000,99.9971,51,8,5
0,0.0000,99.9971,51,9,5
0,0.0000,99.9971,51,10,3
0,0.0000,99.9971,51,11,2
0,0.0000,99.9971,51,12,1
0,0.0000,99.9971,51,13,2
0,0.0000,99.9971,51,14,3
0,0.0000,99.9971,51,15,1
0,0.0000,99.9971,51,16,3
0,0.0000,99.9971,51,17,2
0,0.0000,99.9971,51,18,3
0,0.0000,99.9971,51,19,8
0,0.0000,99.9971,51,20,4
0,0.0000,99.9971,51,21,7
0,0.0000,99.9971,51,22,8
0,0.0000,99.9971,51,23,2
0,0.0000,99.9971,51,24,2
0,0.0000,99.9971,51,25,1
0,0.0000,99.9971,51,26,2
0,0.0000,99.9971,51,41,1
0,0.0000,99.9971,51,42,1
0,0.0000,99.9971,51,43,12
0,0.0000,99.9971,51,44,27
0,0.0000,99.9971,51,45,58
0,0.0000,99.9971,51,46,102
0,0.0000,99.9971,51,47,134
0,0.0000,99.9971,51,48,153
0,0.0000,99.9971,51,49,160
0,0.0000,99.9971,51,50,116
0,0.0000,99.9971,51,51,69
0,0.0000,99.9971,51,52,43
0,0.0000,99.9971,51,53,25
0,0.0000,99.9971,51,54,17
0,0.0000,99.9971,51,55,11
0,0.0000,99.9971,51,57,3
0,0.0000,99.9971,51,58,1
0,0.0000,99.9971,51,60,2
0,0.0000,99.9971,51,61,1
0,0.0000,99.9971,51,62,3
0,0.0000,99.9971,51,63,11
0,0.0000,99.9971,51,64,14
0,0.0000,99.9971,51,65,29
0,0.0000,99.9971,51,66,57
0,0.0000,99.9971,51,67,118
0,0.0000,99.9971,51,68,209
0,0.0000,99.9971,51,69,361
0,0.0000,99.9971,51,70,494
0,0.0000,99.9971,51,71,575
0,0.0000,99.9971,52,0,382
0,0.0000,99.9971,52,1,311
0,0.0000,99.9971,52,2,249
0,0.0000,99.9971,52,3,153
0,0.0000,99.9971,52,4,69
0,0.0000,99.9971,52,5,35
0,0.0000,99.9971,52,6,15
0,0.0000,99.9971,52,7,4
0,0.0000,99.9971,52,8,3
0,0.0000,99.9971,52,9,1
0,0.0000,99.9971,52,11,1
0,0.0000,99.9971,52,13,3
0,0.0000,99.9971,52,14,3
0,0.0000,99.9971,52,15,1
0,0.0000,99.9971,52,16,4
0,0.0000,99.9971,52,17,2
0,0.0000,99.9971,52,18,4
0,0.0000,99.9971,52,19,5
0,0.0000,99.9971,52,20,5
0,0.0000,99.9971,52,21,3
0,0.0000,99.9971,52,22,1
0,0.0000,99.9971,52,23,6
0,0.0000,99.9971,52,24,1
0,0.0000,99.9971,52,25,2
0,0.0000,99.9971,52,42,5
0,0.0000,99.9971,52,43,7
0,0.0000,99.9971,52,44,29
0,0.0000,99.9971,52,45,28
0,0.0000,99.9971,52,46,59
0,0.0000,99.9971,52,47,85
0,0.0000,99.9971,52,48,76
0,0.0000,99.9971,52,49,91
0,0.0000,99.9971,52,50,67
0,0.0000,99.9971,52,51,46
0,0.0000,99.9971,52,52,26
0,0.0000,99.9971,52,53,19
0,0.0000,99.9971,52,54,12
0,0.0000,99.9971,52,55,5
0,0.0000,99.9971,52,56,3
0,0.0000,99.9971,52,57,5
0,0.0000,99.9971,52,58,1
0,0.0000,99.9971,52,59,1
0,0.0000,99.9971,52,60,2
0,0.0000,99.9971,52,61,3
0,0.0000,99.9971,52,62,5
0,0.0000,99.9971,52,63,3
0,0.0000,99.9971,52,64,9
0,0.0000,99.9971,52,65,20
0,0.0000,99.9971,52,66,44
0,0.0000,99.9971,52,67,87
0,0.0000,99.9971,52,68,138
0,0.0000,99.9971,52,69,239
0,0.0000,99.9971,52,70,337
0,0.0000,99.9971,52,71,390
0,0.0000,99.9971,53,0,206
0,0.0000,99.9971,53,1,180
0,0.0000,99.9971,53,2,115
0,0.0000,99.9971,53,3,76
0,0.0000,99.9971,53,4,41
0,0.0000,99.9971,53,5,21
0,0.0000,99.9971,53,6,10
0,0.0000,99.9971,53,7,2
0,0.0000,99.9971,53,8,2
0,0.0000,99.9971,53,9,2
0,0.0000,99.9971,53,11,1
0,0.0000,99.9971,53,12,1
0,0.0000,99.9971,53,13,1
0,0.0000,99.9971,53,14,1
0,0.0000,99.9971,53,17,4
0,0.0000,99.9971,53,18,6
0,0.0000,99.9971,53,19,7
0,0.0000,99.9971,53,20,8
0,0.0000,99.9971,53,21,8
0,0.0000,99.9971,53,22,5
0,0.0000,99.9971,53,23,1
0,0.0000,99.9971,53,24,3
0,0.0000,99.9971,53,36,1
0,0.0000,99.9971,53,41,1
0,0.0000,99.9971,53,42,1
0,0.0000,99.9971,53,43,3
0,0.0000,99.9971,53,44,10
0,0.0000,99.9971,53,45,19
0,0.0000,99.9971,53,46,32
0,0.0000,99.9971,53,47,51
0,0.0000,99.9971,53,48,46
0,0.0000,99.9971,53,49,49
0,0.0000,99.9971,53,50,35
0,0.0000,99.9971,53,51,35
0,0.0000,99.9971,53,52,20
0,0.0000,99.9971,53,53,3
0,0.0000,99.9971,53,54,5
0,0.0000,99.9971,53,55,4
0,0.0000,99.9971,53,56,2
0,0.0000,99.9971,53,57,2
0,0.0000,99.9971,53,59,1
0,0.0000,99.9971,53,60,1
0,0.0000,99.9971,53,61,3
0,0.0000,99.9971,53,62,1
0,0.0000,99.9971,53,63,1
0,0.0000,99.9971,53,64,3
0,0.0000,99.9971,53,65,16
0,0.0000,99.9971,53,66,24
0,0.0000,99.9971,53,67,46
0,0.0000,99.9971,53,68,92
0,0.0000,99.9971,53,69,140
0,0.0000,99.9971,53,70,181
0,0.0000,99.9971,53,71,206
0,0.0000,99.9971,54,0,123
0,0.0000,99.9971,54,1,102
0,0.0000,99.9971,54,2,71
0,0.0000,99.9971,54,3,42
0,0.0000,99.9971,54,4,21
0,0.0000,99.9971,54,5,9
0,0.0000,99.9971,54,6,10
0,0.0000,99.9971,54,7,3
0,0.0000,99.9971,54,8,2
0,0.0000,99.9971,54,14,1
0,0.0000,99.9971,54,17,3
0,0.0000,99.9971,54,18,2
0,0.0000,99.9971,54,20,4
0,0.0000,99.9971,54,21,1
0,0.0000,99.9971,54,22,2
0,0.0000,99.9971,54,23,5
0,0.0000,99.9971,54,24,2
0,0.0000,99.9971,54,25,1
0,0.0000,99.9971,54,40,1
0,0.0000,99.9971,54,41,1
0,0.0000,99.9971,54,43,1
0,0.0000,99.9971,54,44,7
0,0.0000,99.9971,54,45,10
0,0.0000,99.9971,54,46,24
0,0.0000,99.9971,54,47,24
0,0.0000,99.9971,54,48,46
0,0.0000,99.9971,54,49,25
0,0.0000,99.9971,54,50,24
0,0.0000,99.9971,54,51,15
0,0.0000,99.9971,54,52,10
0,0.0000,99.9971,54,53,6
0,0.0000,99.9971,54,54,2
0,0.0000,99.9971,54,55,1
0,0.0000,99.9971,54,58,2
0,0.0000,99.9971,54,61,1
0,0.0000,99.9971,54,63,3
0,0.0000,99.9971,54,64,4
0,0.0000,99.9971,54,65,5
0,0.0000,99.9971,54,66,12
0,0.0000,99.9971,54,67,25
0,0.0000,99.9971,54,68,38
0,0.0000,99.9971,54,69,77
0,0.0000,99.9971,54,70,88
0,0.0000,99.9971,54,71,106
0,0.0000,99.9971,55,0,74
0,0.0000,99.9971,55,1,48
0,0.0000,99.9971,55,2,37
0,0.0000,99.9971,55,3,19
0,0.0000,99.9971,55,4,17
0,0.0000,99.9971,55,5,2
0,0.0000,99.9971,55,6,4
0,0.0000,99.9971,55,7,1
0,0.0000,99.9971,55,8,1
0,0.0000,99.9971,55,11,1
0,0.0000,99.9971,55,13,1
0,0.0000,99.9971,55,14,1
0,0.0000,99.9971,55,15,2
0,0.0000,99.9971,55,16,1
0,0.0000,99.9971,55,17,1
0,0.0000,99.9971,55,18,1
0,0.0000,99.9971,55,19,1
0,0.0000,99.9971,55,20,7
0,0.0000,99.9971,55,21,6
0,0.0000,99.9971,55,22,5
0,0.0000,99.9971,55,23,3
0,0.0000,99.9971,55,41,2
0,0.0000,99.9971,55,43,3
0,0.0000,99.9971,55,44,5
0,0.0000,99.9971,55,45,10
0,0.0000,99.9971,55,46,6
0,0.0000,99.9971,55,47,23
0,0.0000,99.9971,55,48,16
0,0.0000,99.9971,55,49,17
0,0.0000,99.9971,55,50,10
0,0.0000,99.9971,55,51,9
0,0.0000,99.9971,55,52,3
0,0.0000,99.9971,55,53,1
0,0.0000,99.9971,55,54,1
0,0.0000,99.9971,55,56,2
0,0.0000,99.9971,55,57,2
0,0.0000,99.9971,55,63,1
0,0.0000,99.9971,55,64,2
0,0.0000,99.9971,55,65,3
0,0.0000,99.9971,55,66,5
0,0.0000,99.9971,55,67,17
0,0.0000,99.9971,55,68,19
0,0.0000,99.9971,55,69,33
0,0.0000,99.9971,55,70,60
0,0.0000,99.9971,55,71,56
0,0.0000,99.9971,56,0,45
0,0.0000,99.9971,56,1,44
0,0.0000,99.9971,56,2,19
0,0.0000,99.9971,56,3,12
0,0.0000,99.9971,56,4,4
0,0.0000,99.9971,56,5,7
0,0.0000,99.9971,56,6,3
0,0.0000,99.9971,56,7,1
0,0.0000,99.9971,56,11,2
0,0.0000,99.9971,56,18,1
0,0.0000,99.9971,56,19,2
0,0.0000,99.9971,56,20,2
0,0.0000,99.9971,56,21,2
0,0.0000,99.9971,56,22,2
0,0.0000,99.9971,56,23,6
0,0.0000,99.9971,56,24,2
0,0.0000,99.9971,56,25,1
0,0.0000,99.9971,56,26,1
0,0.0000,99.9971,56,27,2
0,0.0000,99.9971,56,43,2
0,0.0000,99.9971,56,44,5
0,0.0000,99.9971,56,45,4
0,0.0000,99.9971,56,46,1
0,0.0000,99.9971,56,47,9
0,0.0000,99.9971,56,48,10
0,0.0000,99.9971,56,49,13
0,0.0000,99.9971,56,50,6
0,0.0000,99.9971,56,51,5
0,0.0000,99.9971,56,52,6
0,0.0000,99.9971,56,53,2
0,0.0000,99.9971,56,55,1
0,0.0000,99.9971,56,63,1
0,0.0000,99.9971,56,65,1
0,0.0000,99.9971,56,66,6
0,0.0000,99.9971,56,67,5
0,0.0000,99.9971,56,68,10
0,0.0000,99.9971,56,69,22
0,0.0000,99.9971,56,70,39
0,0.0000,99.9971,56,71,31
0,0.0000,99.9971,57,0,24
0,0.0000,99.9971,57,1,28
0,0.0000,99.9971,57,2,16
0,0.0000,99.9971,57,3,5
0,0.0000,99.9971,57,4,11
0,0.0000,99.9971,57,6,1
0,0.0000,99.9971,57,9,1
0,0.0000,99.9971,57,19,3
0,0.0000,99.9971,57,21,1
0,0.0000,99.9971,57,22,4
0,0.0000,99.9971,57,23,4
0,0.0000,99.9971,57,24,2
0,0.0000,99.9971,57,25,3
0,0.0000,99.9971,57,27,1
0,0.0000,99.9971,57,29,1
0,0.0000,99.9971,57,43,2
0,0.0000,99.9971,57,45,1
0,0.0000,99.9971,57,46,4
0,0.0000,99.9971,57,47,5
0,0.0000,99.9971,57,48,9
0,0.0000,99.9971,57,49,8
0,0.0000,99.9971,57,50,5
0,0.0000,99.9971,57,51,6
0,0.0000,99.9971,57,52,2
0,0.0000,99.9971,57,54,1
0,0.0000,99.9971,57,59,1
0,0.0000,99.9971,57,64,1
0,0.0000,99.9971,57,65,1
0,0.0000,99.9971,57,66,4
0,0.0000,99.9971,57,67,3
0,0.0000,99.9971,57,68,5
0,0.0000,99.9971,57,69,14
0,0.0000,99.9971,57,70,14
0,0.0000,99.9971,57,71,23
0,0.0000,99.9971,58,0,15
0,0.0000,99.9971,58,1,17
0,0.0000,99.9971,58,2,14
0,0.0000,99.9971,58,3,6
0,0.0000,99.9971,58,4,4
0,0.0000,99.9971,58,5,4
0,0.0000,99.9971,58,7,1
0,0.0000,99.9971,58,12,1
0,0.0000,99.9971,58,16,1
0,0.0000,99.9971,58,18,1
0,0.0000,99.9971,58,19,2
0,0.0000,99.9971,58,20,3
0,0.0000,99.9971,58,21,4
0,0.0000,99.9971,58,22,2
0,0.0000,99.9971,58,23,1
0,0.0000,99.9971,58,24,2
0,0.0000,99.9971,58,42,1
0,0.0000,99.9971,58,44,2
0,0.0000,99.9971,58,45,4
0,0.0000,99.9971,58,46,6
0,0.0000,99.9971,58,47,5
0,0.0000,99.9971,58,48,3
0,0.0000,99.9971,58,49,5
0,0.0000,99.9971,58,50,3
0,0.0000,99.9971,58,51,2
0,0.0000,99.9971,58,52,2
0,0.0000,99.9971,58,65,2
0,0.0000,99.9971,58,67,2
0,0.0000,99.9971,58,68,13
0,0.0000,99.9971,58,69,12
0,0.0000,99.9971,58,70,12
0,0.0000,99.9971,58,71,27
0,0.0000,99.9971,59,0,12
0,0.0000,99.9971,59,1,16
0,0.0000,99.9971,59,2,8
0,0.0000,99.9971,59,3,8
0,0.0000,99.9971,59,4,2
0,0.0000,99.9971,59,5,1
0,0.0000,99.9971,59,19,2
0,0.0000,99.9971,59,20,4
0,0.0000,99.9971,59,21,1
0,0.0000,99.9971,59,22,2
0,0.0000,99.9971,59,23,3
0,0.0000,99.9971,59,24,1
0,0.0000,99.9971,59,25,2
0,0.0000,99.9971,59,27,1
0,0.0000,99.9971,59,30,1
0,0.0000,99.9971,59,42,1
0,0.0000,99.9971,59,43,1
0,0.0000,99.9971,59,44,4
0,0.0000,99.9971,59,45,1
0,0.0000,99.9971,59,46,7
0,0.0000,99.9971,59,47,8
0,0.0000,99.9971,59,48,5
0,0.0000,99.9971,59,49,6
0,0.0000,99.9971,59,51,3
0,0.0000,99.9971,59,52,3
0,0.0000,99.9971,59,53,1
0,0.0000,99.9971,59,59,1
0,0.0000,99.9971,59,67,5
0,0.0000,99.9971,59,68,6
0,0.0000,99.9971,59,69,14
0,0.0000,99.9971,59,70,9
0,0.0000,99.9971,59,71,11
0,0.0000,99.9971,60,0,19
0,0.0000,99.9971,60,1,12
0,0.0000,99.9971,60,2,9
0,0.0000,99.9971,60,3,4
0,0.0000,99.9971,60,4,3
0,0.0000,99.9971,60,5,1
0,0.0000,99.9971,60,6,1
0,0.0000,99.9971,60,16,1
0,0.0000,99.9971,60,18,1
0,0.0000,99.9971,60,19,2
0,0.0000,99.9971,60,20,3
0,0.0000,99.9971,60,21,8
0,0.0000,99.9971,60,22,1
0,0.0000,99.9971,60,23,8
0,0.0000,99.9971,60,24,4
0,0.0000,99.9971,60,25,2
0,0.0000,99.9971,60,26,2
0,0.0000,99.9971,60,27,2
0,0.0000,99.9971,60,28,1
0,0.0000,99.9971,60,29,1
0,0.0000,99.9971,60,33,1
0,0.0000,99.9971,60,42,2
0,0.0000,99.9971,60,45,7
0,0.0000,99.9971,60,46,2
0,0.0000,99.9971,60,47,7
0,0.0000,99.9971,60,48,1
0,0.0000,99.9971,60,49,3
0,0.0000,99.9971,60,50,1
0,0.0000,99.9971,60,51,2
0,0.0000,99.9971,60,52,1
0,0.0000,99.9971,60,53,2
0,0.0000,99.9971,60,55,1
0,0.0000,99.9971,60,63,1
0,0.0000,99.9971,60,66,1
0,0.0000,99.9971,60,67,1
0,0.0000,99.9971,60,68,6
0,0.0000,99.9971,60,69,5
0,0.0000,99.9971,60,70,13
0,0.0000,99.9971,60,71,18
0,0.0000,99.9971,61,0,21
0,0.0000,99.9971,61,1,24
0,0.0000,99.9971,61,2,13
0,0.0000,99.9971,61,3,5
0,0.0000,99.9971,61,4,3
0,0.0000,99.9971,61,5,2
0,0.0000,99.9971,61,7,1
0,0.0000,99.9971,61,9,1
0,0.0000,99.9971,61,10,1
0,0.0000,99.9971,61,16,1
0,0.0000,99.9971,61,17,1
0,0.0000,99.9971,61,18,2
0,0.0000,99.9971,61,19,2
0,0.0000,99.9971,61,20,5
0,0.0000,99.9971,61,21,4
0,0.0000,99.9971,61,22,6
0,0.0000,99.9971,61,23,4
0,0.0000,99.9971,61,24,5
0,0.0000,99.9971,61,25,4
0,0.0000,99.9971,61,26,3
0,0.0000,99.9971,61,27,2
0,0.0000,99.9971,61,40,2
0,0.0000,99.9971,61,43,1
0,0.0000,99.9971,61,45,1
0,0.0000,99.9971,61,46,5
0,0.0000,99.9971,61,47,7
0,0.0000,99.9971,61,48,6
0,0.0000,99.9971,61,49,5
0,0.0000,99.9971,61,50,4
0,0.0000,99.9971,61,51,3
0,0.0000,99.9971,61,53,3
0,0.0000,99.9971,61,54,1
0,0.0000,99.9971,61,56,1
0,0.0000,99.9971,61,63,1
0,0.0000,99.9971,61,65,1
0,0.0000,99.9971,61,66,3
0,0.0000,99.9971,61,67,4
0,0.0000,99.9971,61,68,13
0,0.0000,99.9971,61,69,17
0,0.0000,99.9971,61,70,16
0,0.0000,99.9971,61,71,25
0,0.0000,99.9971,62,0,44
0,0.0000,99.9971,62,1,31
0,0.0000,99.9971,62,2,14
0,0.0000,99.9971,62,3,11
0,0.0000,99.9971,62,4,5
0,0.0000,99.9971,62,5,2
0,0.0000,99.9971,62,6,3
0,0.0000,99.9971,62,7,2
0,0.0000,99.9971,62,8,1
0,0.0000,99.9971,62,15,2
0,0.0000,99.9971,62,17,3
0,0.0000,99.9971,62,18,1
0,0.0000,99.9971,62,19,2
0,0.0000,99.9971,62,20,4
0,0.0000,99.9971,62,21,5
0,0.0000,99.9971,62,22,10
0,0.0000,99.9971,62,23,6
0,0.0000,99.9971,62,24,11
0,0.0000,99.9971,62,25,9
0,0.0000,99.9971,62,26,3
0,0.0000,99.9971,62,27,3
0,0.0000,99.9971,62,28,1
0,0.0000,99.9971,62,42,2
0,0.0000,99.9971,62,43,2
0,0.0000,99.9971,62,45,1
0,0.0000,99.9971,62,46,5
0,0.0000,99.9971,62,47,9
0,0.0000,99.9971,62,48,10
0,0.0000,99.9971,62,49,9
0,0.0000,99.9971,62,50,5
0,0.0000,99.9971,62,51,5
0,0.0000,99.9971,62,52,2
0,0.0000,99.9971,62,54,1
0,0.0000,99.9971,62,55,1
0,0.0000,99.9971,62,64,2
0,0.0000,99.9971,62,65,1
0,0.0000,99.9971,62,66,5
0,0.0000,99.9971,62,67,10
0,0.0000,99.9971,62,68,11
0,0.0000,99.9971,62,69,26
0,0.0000,99.9971,62,70,24
0,0.0000,99.9971,62,71,33
0,0.0000,99.9971,63,0,52
0,0.0000,99.9971,63,1,42
0,0.0000,99.9971,63,2,36
0,0.0000,99.9971,63,3,18
0,0.0000,99.9971,63,4,16
0,0.0000,99.9971,63,5,6
0,0.0000,99.9971,63,6,1
0,0.0000,99.9971,63,13,1
0,0.0000,99.9971,63,17,2
0,0.0000,99.9971,63,18,5
0,0.0000,99.9971,63,19,6
0,0.0000,99.9971,63,20,4
0,0.0000,99.9971,63,21,10
0,0.0000,99.9971,63,22,12
0,0.0000,99.9971,63,23,14
0,0.0000,99.9971,63,24,13
0,0.0000,99.9971,63,25,6
0,0.0000,99.9971,63,26,10
0,0.0000,99.9971,63,27,7
0,0.0000,99.9971,63,28,2
0,0.0000,99.9971,63,29,1
0,0.0000,99.9971,63,41,1
0,0.0000,99.9971,63,42,1
0,0.0000,99.9971,63,43,3
0,0.0000,99.9971,63,44,8
0,0.0000,99.9971,63,45,13
0,0.0000,99.9971,63,46,7
0,0.0000,99.9971,63,47,10
0,0.0000,99.9971,63,48,16
0,0.0000,99.9971,63,49,17
0,0.0000,99.9971,63,50,13
0,0.0000,99.9971,63,51,7
0,0.0000,99.9971,63,52,6
0,0.0000,99.9971,63,53,3
0,0.0000,99.9971,63,54,2
0,0.0000,99.9971,63,61,1
0,0.0000,99.9971,63,63,1
0,0.0000,99.9971,63,64,1
0,0.0000,99.9971,63,65,4
0,0.0000,99.9971,63,66,5
0,0.0000,99.9971,63,67,13
0,0.0000,99.9971,63,68,19
0,0.0000,99.9971,63,69,28
0,0.0000,99.9971,63,70,39
0,0.0000,99.9971,63,71,59
0,0.0000,99.9971,64,0,110
0,0.0000,99.9971,64,1,88
0,0.0000,99.9971,64,2,69
0,0.0000,99.9971,64,3,38
0,0.0000,99.9971,64,4,21
0,0.0000,99.9971,64,5,5
0,0.0000,99.9971,64,6,6
0,0.0000,99.9971,64,7,1
0,0.0000,99.9971,64,8,2
0,0.0000,99.9971,64,9,1
0,0.0000,99.9971,64,10,1
0,0.0000,99.9971,64,12,1
0,0.0000,99.9971,64,17,1
0,0.0000,99.9971,64,18,9
0,0.0000,99.9971,64,19,5
0,0.0000,99.9971,64,20,16
0,0.0000,99.9971,64,21,22
0,0.0000,99.9971,64,22,33
0,0.0000,99.9971,64,23,28
0,0.0000,99.9971,64,24,26
0,0.0000,99.9971,64,25,17
0,0.0000,99.9971,64,26,15
0,0.0000,99.9971,64,27,5
0,0.0000,99.9971,64,28,8
0,0.0000,99.9971,64,29,1
0,0.0000,99.9971,64,30,1
0,0.0000,99.9971,64,34,1
0,0.0000,99.9971,64,40,1
0,0.0000,99.9971,64,42,2
0,0.0000,99.9971,64,43,4
0,0.0000,99.9971,64,44,6
0,0.0000,99.9971,64,45,10
0,0.0000,99.9971,64,46,18
0,0.0000,99.9971,64,47,28
0,0.0000,99.9971,64,48,23
0,0.0000,99.9971,64,49,34
0,0.0000,99.9971,64,50,26
0,0.0000,99.9971,64,51,14
0,0.0000,99.9971,64,52,9
0,0.0000,99.9971,64,53,7
0,0.0000,99.9971,64,54,4
0,0.0000,99.9971,64,56,1
0,0.0000,99.9971,64,57,1
0,0.0000,99.9971,64,58,2
0,0.0000,99.9971,64,60,1
0,0.0000,99.9971,64,62,1
0,0.0000,99.9971,64,64,3
0,0.0000,99.9971,64,65,4
0,0.0000,99.9971,64,66,14
0,0.0000,99.9971,64,67,16
0,0.0000,99.9971,64,68,41
0,0.0000,99.9971,64,69,72
0,0.0000,99.9971,64,70,98
0,0.0000,99.9971,64,71,103
0,0.0000,99.9971,65,0,197
0,0.0000,99.9971,65,1,198
0,0.0000,99.9971,65,2,110
0,0.0000,99.9971,65,3,78
0,0.0000,99.9971,65,4,44
0,0.0000,99.9971,65,5,22
0,0.0000,99.9971,65,6,8
0,0.0000,99.9971,65,7,5
0,0.0000,99.9971,65,8,1
0,0.0000,99.9971,65,9,3
0,0.0000,99.9971,65,10,2
0,0.0000,99.9971,65,11,1
0,0.0000,99.9971,65,12,1
0,0.0000,99.9971,65,13,1
0,0.0000,99.9971,65,14,1
0,0.0000,99.9971,65,15,2
0,0.0000,99.9971,65,16,2
0,0.0000,99.9971,65,17,10
0,0.0000,99.9971,65,18,10
0,0.0000,99.9971,65,19,14
0,0.0000,99.9971,65,20,30
0,0.0000,99.9971,65,21,36
0,0.0000,99.9971,65,22,54
0,0.0000,99.9971,65,23,57
0,0.0000,99.9971,65,24,46
0,0.0000,99.9971,65,25,38
0,0.0000,99.9971,65,26,26
0,0.0000,99.9971,65,27,15
0,0.0000,99.9971,65,28,4
0,0.0000,99.9971,65,29,2
0,0.0000,99.9971,65,30,3
0,0.0000,99.9971,65,31,1
0,0.0000,99.9971,65,39,1
0,0.0000,99.9971,65,41,2
0,0.0000,99.9971,65,42,5
0,0.0000,99.9971,65,43,5
0,0.0000,99.9971,65,44,23
0,0.0000,99.9971,65,45,25
0,0.0000,99.9971,65,46,31
0,0.0000,99.9971,65,47,63
0,0.0000,99.9971,65,48,65
0,0.0000,99.9971,65,49,54
0,0.0000,99.9971,65,50,45
0,0.0000,99.9971,65,51,39
0,0.0000,99.9971,65,52,16
0,0.0000,99.9971,65,53,13
0,0.0000,99.9971,65,54,10
0,0.0000,99.9971,65,55,1
0,0.0000,99.9971,65,56,3
0,0.0000,99.9971,65,58,1
0,0.0000,99.9971,65,60,1
0,0.0000,99.9971,65,61,1
0,0.0000,99.9971,65,62,3
0,0.0000,99.9971,65,63,1
0,0.0000,99.9971,65,64,6
0,0.0000,99.9971,65,65,12
0,0.0000,99.9971,65,66,25
0,0.0000,99.9971,65,67,45
0,0.0000,99.9971,65,68,83
0,0.0000,99.9971,65,69,154
0,0.0000,99.9971,65,70,177
0,0.0000,99.9971,65,71,203
0,0.0000,99.9971,66,0,429
0,0.0000,99.9971,66,1,378
0,0.0000,99.9971,66,2,272
0,0.0000,99.9971,66,3,161
0,0.0000,99.9971,66,4,79
0,0.0000,99.9971,66,5,31
0,0.0000,99.9971,66,6,21
0,0.0000,99.9971,66,7,9
0,0.0000,99.9971,66,8,9
0,0.0000,99.9971,66,9,3
0,0.0000,99.9971,66,10,3
0,0.0000,99.9971,66,11,1
0,0.0000,99.9971,66,12,2
0,0.0000,99.9971,66,13,1
0,0.0000,99.9971,66,14,5
0,0.0000,99.9971,66,15,2
0,0.0000,99.9971,66,16,6
0,0.0000,99.9971,66,17,13
0,0.0000,99.9971,66,18,25
0,0.0000,99.9971,66,19,25
0,0.0000,99.9971,66,20,66
0,0.0000,99.9971,66,21,88
0,0.0000,99.9971,66,22,125
0,0.0000,99.9971,66,23,130
0,0.0000,99.9971,66,24,119
0,0.0000,99.9971,66,25,59
0,0.0000,99.9971,66,26,63
0,0.0000,99.9971,66,27,33
0,0.0000,99.9971,66,28,22
0,0.0000,99.9971,66,29,9
0,0.0000,99.9971,66,30,2
0,0.0000,99.9971,66,31,1
0,0.0000,99.9971,66,39,1
0,0.0000,99.9971,66,40,2
0,0.0000,99.9971,66,41,3
0,0.0000,99.9971,66,42,4
0,0.0000,99.9971,66,43,21
0,0.0000,99.9971,66,44,23
0,0.0000,99.9971,66,45,46
0,0.0000,99.9971,66,46,61
0,0.0000,99.9971,66,47,109
0,0.0000,99.9971,66,48,125
0,0.0000,99.9971,66,49,97
0,0.0000,99.9971,66,50,71
0,0.0000,99.9971,66,51,66
0,0.0000,99.9971,66,52,45
0,0.0000,99.9971,66,53,17
0,0.0000,99.9971,66,54,6
0,0.0000,99.9971,66,55,6
0,0.0000,99.9971,66,56,3
0,0.0000,99.9971,66,57,7
0,0.0000,99.9971,66,58,3
0,0.0000,99.9971,66,59,2
0,0.0000,99.9971,66,62,2
0,0.0000,99.9971,66,63,6
0,0.0000,99.9971,66,64,11
0,0.0000,99.9971,66,65,20
0,0.0000,99.9971,66,66,47
0,0.0000,99.9971,66,67,88
0,0.0000,99.9971,66,68,132
0,0.0000,99.9971,66,69,267
0,0.0000,99.9971,66,70,341
0,0.0000,99.9971,66,71,426
0,0.0000,99.9971,67,0,874
0,0.0000,99.9971,67,1,698
0,0.0000,99.9971,67,2,486
0,0.0000,99.9971,67,3,314
0,0.0000,99.9971,67,4,168
0,0.0000,99.9971,67,5,75
0,0.0000,99.9971,67,6,36
0,0.0000,99.9971,67,7,22
0,0.0000,99.9971,67,8,17
0,0.0000,99.9971,67,9,8
0,0.0000,99.9971,67,10,4
0,0.0000,99.9971,67,11,2
0,0.0000,99.9971,67,12,5
0,0.0000,99.9971,67,13,7
0,0.0000,99.9971,67,14,7
0,0.0000,99.9971,67,15,15
0,0.0000,99.9971,67,16,9
0,0.0000,99.9971,67,17,19
0,0.0000,99.9971,67,18,40
0,0.0000,99.9971,67,19,59
0,0.0000,99.9971,67,20,141
0,0.0000,99.9971,67,21,181
0,0.0000,99.9971,67,22,218
0,0.0000,99.9971,67,23,247
0,0.0000,99.9971,67,24,205
0,0.0000,99.9971,67,25,169
0,0.0000,99.9971,67,26,100
0,0.0000,99.9971,67,27,51
0,0.0000,99.9971,67,28,37
0,0.0000,99.9971,67,29,15
0,0.0000,99.9971,67,30,3
0,0.0000,99.9971,67,31,7
0,0.0000,99.9971,67,32,2
0,0.0000,99.9971,67,33,1
0,0.0000,99.9971,67,37,2
0,0.0000,99.9971,67,38,3
0,0.0000,99.9971,67,39,2
0,0.0000,99.9971,67,40,3
0,0.0000,99.9971,67,41,12
0,0.0000,99.9971,67,42,16
0,0.0000,99.9971,67,43,21
0,0.0000,99.9971,67,44,57
0,0.0000,99.9971,67,45,102
0,0.0000,99.9971,67,46,175
0,0.0000,99.9971,67,47,206
0,0.0000,99.9971,67,48,223
0,0.0000,99.9971,67,49,205
0,0.0000,99.9971,67,50,152
0,0.0000,99.9971,67,51,144
0,0.0000,99.9971,67,52,70
0,0.0000,99.9971,67,53,36
0,0.0000,99.9971,67,54,23
0,0.0000,99.9971,67,55,11
0,0.0000,99.9971,67,56,6
0,0.0000,99.9971,67,57,5
0,0.0000,99.9971,67,58,6
0,0.0000,99.9971,67,59,1
0,0.0000,99.9971,67,60,5
0,0.0000,99.9971,67,61,6
0,0.0000,99.9971,67,62,6
0,0.0000,99.9971,67,63,13
0,0.0000,99.9971,67,64,15
0,0.0000,99.9971,67,65,33
0,0.0000,99.9971,67,66,74
0,0.0000,99.9971,67,67,173
0,0.0000,99.9971,67,68,299
0,0.0000,99.9971,67,69,513
0,0.0000,99.9971,67,70,665
0,0.0000,99.9971,67,71,920
0,0.0000,99.9971,68,0,1612
0,0.0000,99.9971,68,1,1391
0,0.0000,99.9971,68,2,912
0,0.0000,99.9971,68,3,598
0,0.0000,99.9971,68,4,333
0,0.0000,99.9971,68,5,154
0,0.0000,99.9971,68,6,87
0,0.0000,99.9971,68,7,34
0,0.0000,99.9971,68,8,20
0,0.0000,99.9971,68,9,9
0,0.0000,99.9971,68,10,11
0,0.0000,99.9971,68,11,5
0,0.0000,99.9971,68,12,5
0,0.0000,99.9971,68,13,7
0,0.0000,99.9971,68,14,7
0,0.0000,99.9971,68,15,15
0,0.0000,99.9971,68,16,35
0,0.0000,99.9971,68,17,40
0,0.0000,99.9971,68,18,91
0,0.0000,99.9971,68,19,133
0,0.0000,99.9971,68,20,206
0,0.0000,99.9971,68,21,340
0,0.0000,99.9971,68,22,440
0,0.0000,99.9971,68,23,435
0,0.0000,99.9971,68,24,400
0,0.0000,99.9971,68,25,305
0,0.0000,99.9971,68,26,186
0,0.0000,99.9971,68,27,95
0,0.0000,99.9971,68,28,54
0,0.0000,99.9971,68,29,21
0,0.0000,99.9971,68,30,13
0,0.0000,99.9971,68,31,3
0,0.0000,99.9971,68,32,3
0,0.0000,99.9971,68,33,1
0,0.0000,99.9971,68,35,1
0,0.0000,99.9971,68,37,2
0,0.0000,99.9971,68,40,5
0,0.0000,99.9971,68,41,12
0,0.0000,99.9971,68,42,32
0,0.0000,99.9971,68,43,57
0,0.0000,99.9971,68,44,115
0,0.0000,99.9971,68,45,201
0,0.0000,99.9971,68,46,299
0,0.0000,99.9971,68,47,402
0,0.0000,99.9971,68,48,413
0,0.0000,99.9971,68,49,377
0,0.0000,99.9971,68,50,341
0,0.0000,99.9971,68,51,214
0,0.0000,99.9971,68,52,133
0,0.0000,99.9971,68,53,67
0,0.0000,99.9971,68,54,45
0,0.0000,99.9971,68,55,27
0,0.0000,99.9971,68,56,13
0,0.0000,99.9971,68,57,13
0,0.0000,99.9971,68,58,8
0,0.0000,99.9971,68,59,6
0,0.0000,99.9971,68,60,6
0,0.0000,99.9971,68,61,6
0,0.0000,99.9971,68,62,17
0,0.0000,99.9971,68,63,25
0,0.0000,99.9971,68,64,31
0,0.0000,99.9971,68,65,68
0,0.0000,99.9971,68,66,132
0,0.0000,99.9971,68,67,318
0,0.0000,99.9971,68,68,567
0,0.0000,99.9971,68,69,921
0,0.0000,99.9971,68,70,1332
0,0.0000,99.9971,68,71,1588
0,0.0000,99.9971,69,0,2668
0,0.0000,99.9971,69,1,2169
0,0.0000,99.9971,69,2,1518
0,0.0000,99.9971,69,3,1009
0,0.0000,99.9971,69,4,513
0,0.0000,99.9971,69,5,264
0,0.0000,99.9971,69,6,136
0,0.0000,99.9971,69,7,54
0,0.0000,99.9971,69,8,25
0,0.0000,99.9971,69,9,24
0,0.0000,99.9971,69,10,11
0,0.0000,99.9971,69,11,11
0,0.0000,99.9971,69,12,9
0,0.0000,99.9971,69,13,7
0,0.0000,99.9971,69,14,14
0,0.0000,99.9971,69,15,23
0,0.0000,99.9971,69,16,36
0,0.0000,99.9971,69,17,82
0,0.0000,99.9971,69,18,112
0,0.0000,99.9971,69,19,220
0,0.0000,99.9971,69,20,354
0,0.0000,99.9971,69,21,520
0,0.0000,99.9971,69,22,711
0,0.0000,99.9971,69,23,701
0,0.0000,99.9971,69,24,651
0,0.0000,99.9971,69,25,502
0,0.0000,99.9971,69,26,307
0,0.0000,99.9971,69,27,178
0,0.0000,99.9971,69,28,111
0,0.0000,99.9971,69,29,54
0,0.0000,99.9971,69,30,20
0,0.0000,99.9971,69,31,13
0,0.0000,99.9971,69,32,4
0,0.0000,99.9971,69,33,3
0,0.0000,99.9971,69,35,1
0,0.0000,99.9971,69,36,4
0,0.0000,99.9971,69,37,1
0,0.0000,99.9971,69,38,4
0,0.0000,99.9971,69,39,3
0,0.0000,99.9971,69,40,9
0,0.0000,99.9971,69,41,17
0,0.0000,99.9971,69,42,34
0,0.0000,99.9971,69,43,88
0,0.0000,99.9971,69,44,182
0,0.0000,99.9971,69,45,326
0,0.0000,99.9971,69,46,462
0,0.0000,99.9971,69,47,598
0,0.0000,99.9971,69,48,684
0,0.0000,99.9971,69,49,640
0,0.0000,99.9971,69,50,500
0,0.0000,99.9971,69,51,381
0,0.0000,99.9971,69,52,240
0,0.0000,99.9971,69,53,138
0,0.0000,99.9971,69,54,61
0,0.0000,99.9971,69,55,35
0,0.0000,99.9971,69,56,32
0,0.0000,99.9971,69,57,17
0,0.0000,99.9971,69,58,12
0,0.0000,99.9971,69,59,10
0,0.0000,99.9971,69,60,9
0,0.0000,99.9971,69,61,13
0,0.0000,99.9971,69,62,21
0,0.0000,99.9971,69,63,35
0,0.0000,99.9971,69,64,71
0,0.0000,99.9971,69,65,125
0,0.0000,99.9971,69,66,264
0,0.0000,99.9971,69,67,512
0,0.0000,99.9971,69,68,942
0,0.0000,99.9971,69,69,1513
0,0.0000,99.9971,69,70,2216
0,0.0000,99.9971,69,71,2525
0,0.0000,99.9971,70,0,3704
0,0.0000,99.9971,70,1,3092
0,0.0000,99.9971,70,2,2187
0,0.0000,99.9971,70,3,1342
0,0.0000,99.9971,70,4,787
0,0.0000,99.9971,70,5,336
0,0.0000,99.9971,70,6,204
0,0.0000,99.9971,70,7,76
0,0.0000,99.9971,70,8,42
0,0.0000,99.9971,70,9,29
0,0.0000,99.9971,70,10,26
0,0.0000,99.9971,70,11,17
0,0.0000,99.9971,70,12,15
0,0.0000,99.9971,70,13,10
0,0.0000,99.9971,70,14,18
0,0.0000,99.9971,70,15,22
0,0.0000,99.9971,70,16,56
0,0.0000,99.9971,70,17,127
0,0.0000,99.9971,70,18,172
0,0.0000,99.9971,70,19,341
0,0.0000,99.9971,70,20,502
0,0.0000,99.9971,70,21,692
0,0.0000,99.9971,70,22,943
0,0.0000,99.9971,70,23,993
0,0.0000,99.9971,70,24,891
0,0.0000,99.9971,70,25,666
0,0.0000,99.9971,70,26,448
0,0.0000,99.9971,70,27,246
0,0.0000,99.9971,70,28,110
0,0.0000,99.9971,70,29,67
0,0.0000,99.9971,70,30,36
0,0.0000,99.9971,70,31,14
0,0.0000,99.9971,70,32,6
0,0.0000,99.9971,70,33,4
0,0.0000,99.9971,70,34,7
0,0.0000,99.9971,70,35,1
0,0.0000,99.9971,70,36,2
0,0.0000,99.9971,70,37,4
0,0.0000,99.9971,70,38,6
0,0.0000,99.9971,70,39,2
0,0.0000,99.9971,70,40,10
0,0.0000,99.9971,70,41,19
0,0.0000,99.9971,70,42,54
0,0.0000,99.9971,70,43,113
0,0.0000,99.9971,70,44,268
0,0.0000,99.9971,70,45,465
0,0.0000,99.9971,70,46,718
0,0.0000,99.9971,70,47,891
0,0.0000,99.9971,70,48,995
0,0.0000,99.9971,70,49,926
0,0.0000,99.9971,70,50,753
0,0.0000,99.9971,70,51,538
0,0.0000,99.9971,70,52,306
0,0.0000,99.9971,70,53,177
0,0.0000,99.9971,70,54,103
0,0.0000,99.9971,70,55,56
0,0.0000,99.9971,70,56,45
0,0.0000,99.9971,70,57,22
0,0.0000,99.9971,70,58,15
0,0.0000,99.9971,70,59,14
0,0.0000,99.9971,70,60,18
0,0.0000,99.9971,70,61,26
0,0.0000,99.9971,70,62,29
0,0.0000,99.9971,70,63,45
0,0.0000,99.9971,70,64,83
0,0.0000,99.9971,70,65,189
0,0.0000,99.9971,70,66,385
0,0.0000,99.9971,70,67,754
0,0.0000,99.9971,70,68,1277
0,0.0000,99.9971,70,69,2124
0,0.0000,99.9971,70,70,3025
0,0.0000,99.9971,70,71,3784
0,0.0000,99.9971,71,0,4408
0,0.0000,99.9971,71,1,3688
0,0.0000,99.9971,71,2,2548
0,0.0000,99.9971,71,3,1646
0,0.0000,99.9971,71,4,836
0,0.0000,99.9971,71,5,453
0,0.0000,99.9971,71,6,205
0,0.0000,99.9971,71,7,105
0,0.0000,99.9971,71,8,55
0,0.0000,99.9971,71,9,34
0,0.0000,99.9971,71,10,21
0,0.0000,99.9971,71,11,18
0,0.0000,99.9971,71,12,18
0,0.0000,99.9971,71,13,18
0,0.0000,99.9971,71,14,22
0,0.0000,99.9971,71,15,40
0,0.0000,99.9971,71,16,65
0,0.0000,99.9971,71,17,125
0,0.0000,99.9971,71,18,208
0,0.0000,99.9971,71,19,364
0,0.0000,99.9971,71,20,617
0,0.0000,99.9971,71,21,853
0,0.0000,99.9971,71,22,1116
0,0.0000,99.9971,71,23,1156
0,0.0000,99.9971,71,24,1106
0,0.0000,99.9971,71,25,853
0,0.0000,99.9971,71,26,538
0,0.0000,99.9971,71,27,311
0,0.0000,99.9971,71,28,126
0,0.0000,99.9971,71,29,52
0,0.0000,99.9971,71,30,30
0,0.0000,99.9971,71,31,12
0,0.0000,99.9971,71,32,14
0,0.0000,99.9971,71,33,7
0,0.0000,99.9971,71,34,6
0,0.0000,99.9971,71,35,4
0,0.0000,99.9971,71,36,2
0,0.0000,99.9971,71,37,2
0,0.0000,99.9971,71,38,2
0,0.0000,99.9971,71,39,8
0,0.0000,99.9971,71,40,15
0,0.0000,99.9971,71,41,22
0,0.0000,99.9971,71,42,78
0,0.0000,99.9971,71,43,142
0,0.0000,99.9971,71,44,274
0,0.0000,99.9971,71,45,539
0,0.0000,99.9971,71,46,809
0,0.0000,99.9971,71,47,1096
0,0.0000,99.9971,71,48,1211
0,0.0000,99.9971,71,49,1125
0,0.0000,99.9971,71,50,876
0,0.0000,99.9971,71,51,582
0,0.0000,99.9971,71,52,337
0,0.0000,99.9971,71,53,227
0,0.0000,99.9971,71,54,126
0,0.0000,99.9971,71,55,57
0,0.0000,99.9971,71,56,42
0,0.0000,99.9971,71,57,20
0,0.0000,99.9971,71,58,18
0,0.0000,99.9971,71,59,14
0,0.0000,99.9971,71,60,13
0,0.0000,99.9971,71,61,33
0,0.0000,99.9971,71,62,31
0,0.0000,99.9971,71,63,69
0,0.0000,99.9971,71,64,102
0,0.0000,99.9971,71,65,208
0,0.0000,99.9971,71,66,442
0,0.0000,99.9971,71,67,858
0,0.0000,99.9971,71,68,1542
0,0.0000,99.9971,71,69,2628
0,0.0000,99.9971,71,70,3684
0,0.0000,99.9971,71,71,4459
1,99.9971,199.9942,0,0,4665
1,99.9971,199.9942,0,1,4029
1,99.9971,199.9942,0,2,2793
1,99.9971,199.9942,0,3,1593
1,99.9971,199.9942,0,4,879
1,99.9971,199.9942,0,5,382
1,99.9971,199.9942,0,6,212
1,99.9971,199.9942,0,7,91
1,99.9971,199.9942,0,8,52
1,99.9971,199.9942,0,9,29
1,99.9971,199.9942,0,10,14
1,99.9971,199.9942,0,11,16
1,99.9971,199.9942,0,12,13
1,99.9971,199.9942,0,13,16
1,99.9971,199.9942,0,14,20
1,99.9971,199.9942,0,15,35
1,99.9971,199.9942,0,16,59
1,99.9971,199.9942,0,17,99
1,99.9971,199.9942,0,18,183
1,99.9971,199.9942,0,19,377
1,99.9971,199.9942,0,20,610
1,99.9971,199.9942,0,21,902
1,99.9971,199.9942,0,22,1135
1,99.9971,199.9942,0,23,1204
1,99.9971,199.9942,0,24,1075
1,99.9971,199.9942,0,25,859
1,99.9971,199.9942,0,26,540
1,99.9971,199.9942,0,27,303
1,99.9971,199.9942,0,28,144
1,99.9971,199.9942,0,29,55
1,99.9971,199.9942,0,30,34
1,99.9971,199.9942,0,31,11
1,99.9971,199.9942,0,32,13
1,99.9971,199.9942,0,33,5
1,99.9971,199.9942,0,34,3
1,99.9971,199.9942,0,36,2
1,99.9971,199.9942,0,37,4
1,99.9971,199.9942,0,38,8
1,99.9971,199.9942,0,39,7
1,99.9971,199.9942,0,40,17
1,99.9971,199.9942,0,41,39
1,99.9971,199.9942,0,42,74
1,99.9971,199.9942,0,43,152
1,99.9971,199.9942,0,44,281
1,99.9971,199.9942,0,45,558
1,99.9971,199.9942,0,46,899
1,99.9971,199.9942,0,47,1090
1,99.9971,199.9942,0,48,1229
1,99.9971,199.9942,0,49,1215
1,99.9971,199.9942,0,50,904
1,99.9971,199.9942,0,51,633
1,99.9971,199.9942,0,52,406
1,99.9971,199.9942,0,53,188
1,99.9971,199.9942,0,54,123
1,99.9971,199.9942,0,55,52
1,99.9971,199.9942,0,56,49
1,99.9971,199.9942,0,57,19
1,99.9971,199.9942,0,58,19
1,99.9971,199.9942,0,59,16
1,99.9971,199.9942,0,60,22
1,99.9971,199.9942,0,61,22
1,99.9971,199.9942,0,62,41
1,99.9971,199.9942,0,63,54
1,99.9971,199.9942,0,64,111
1,99.9971,199.9942,0,65,214
1,99.9971,199.9942,0,66,438
1,99.9971,199.9942,0,67,921
1,99.9971,199.9942,0,68,1729
1,99.9971,199.9942,0,69,2756
1,99.9971,199.9942,0,70,3853
1,99.9971,199.9942,0,71,4777
1,99.9971,199.9942,1,0,3942
1,99.9971,199.9942,1,1,3237
1,99.9971,199.9942,1,2,2322
1,99.9971,199.9942,1,3,1385
1,99.9971,199.9942,1,4,741
1,99.9971,199.9942,1,5,388
1,99.9971,199.9942,1,6,175
1,99.9971,199.9942,1,7,95
1,99.9971,199.9942,1,8,45
1,99.9971,199.9942,1,9,31
1,99.9971,199.9942,1,10,25
1,99.9971,199.9942,1,11,12
1,99.9971,199.9942,1,12,16
1,99.9971,199.9942,1,13,11
1,99.9971,199.9942,1,14,15
1,99.9971,199.9942,1,15,28
1,99.9971,199.9942,1,16,53
1,99.9971,199.9942,1,17,82
1,99.9971,199.9942,1,18,146
1,99.9971,199.9942,1,19,306
1,99.9971,199.9942,1,20,501
1,99.9971,199.9942,1,21,749
1,99.9971,199.9942,1,22,949
1,99.9971,199.9942,1,23,984
1,99.9971,199.9942,1,24,934
1,99.9971,199.9942,1,25,689
1,99.9971,199.9942,1,26,410
1,99.9971,199.9942,1,27,256
1,99.9971,199.9942,1,28,122
1,99.9971,199.9942,1,29,55
1,99.9971,199.9942,1,30,28
1,99.9971,199.9942,1,31,13
1,99.9971,199.9942,1,32,10
1,99.9971,199.9942,1,33,3
1,99.9971,199.9942,1,34,1
1,99.9971,199.9942,1,35,2
1,99.9971,199.9942,1,36,5
1,99.9971,199.9942,1,37,1
1,99.9971,199.9942,1,38,3
1,99.9971,199.9942,1,39,5
1,99.9971,199.9942,1,40,20
1,99.9971,199.9942,1,41,27
1,99.9971,199.9942,1,42,59
1,99.9971,199.9942,1,43,129
1,99.9971,199.9942,1,44,232
1,99.9971,199.9942,1,45,472
1,99.9971,199.9942,1,46,724
1,99.9971,199.9942,1,47,884
1,99.9971,199.9942,1,48,1049
1,99.9971,199.9942,1,49,961
1,99.9971,199.9942,1,50,763
1,99.9971,199.9942,1,51,564
1,99.9971,199.9942,1,52,325
1,99.9971,199.9942,1,53,164
1,99.9971,199.9942,1,54,76
1,99.9971,199.9942,1,55,64
1,99.9971,199.9942,1,56,31
1,99.9971,199.9942,1,57,21
1,99.9971,199.9942,1,58,21
1,99.9971,199.9942,1,59,12
1,99.9971,199.9942,1,60,22
1,99.9971,199.9942,1,61,16
1,99.9971,199.9942,1,62,31
1,99.9971,199.9942,1,63,47
1,99.9971,199.9942,1,64,84
1,99.9971,199.9942,1,65,189
1,99.9971,199.9942,1,66,364
1,99.9971,199.9942,1,67,747
1,99.9971,199.9942,1,68,1406
1,99.9971,199.9942,1,69,2332
1,99.9971,199.9942,1,70,3333
1,99.9971,199.9942,1,71,3824
1,99.9971,199.9942,2,0,2705
1,99.9971,199.9942,2,1,2345
1,99.9971,199.9942,2,2,1588
1,99.9971,199.9942,2,3,998
1,99.9971,199.9942,2,4,512
1,99.9971,199.9942,2,5,235
1,99.9971,199.9942,2,6,131
1,99.9971,199.9942,2,7,73
1,99.9971,199.9942,2,8,24
1,99.9971,199.9942,2,9,22
1,99.9971,199.9942,2,10,13
1,99.9971,199.9942,2,11,16
1,99.9971,199.9942,2,12,12
1,99.9971,199.9942,2,13,14
1,99.9971,199.9942,2,14,12
1,99.9971,199.9942,2,15,19
1,99.9971,199.9942,2,16,34
1,99.9971,199.9942,2,17,57
1,99.9971,199.9942,2,18,128
1,99.9971,199.9942,2,19,224
1,99.9971,199.9942,2,20,363
1,99.9971,199.9942,2,21,508
1,99.9971,199.9942,2,22,672
1,99.9971,199.9942,2,23,682
1,99.9971,199.9942,2,24,622
1,99.9971,199.9942,2,25,437
1,99.9971,199.9942,2,26,289
1,99.9971,199.9942,2,27,163
1,99.9971,199.9942,2,28,71
1,99.9971,199.9942,2,29,26
1,99.9971,199.9942,2,30,18
1,99.9971,199.9942,2,31,13
1,99.9971,199.9942,2,32,7
1,99.9971,199.9942,2,34,3
1,99.9971,199.9942,2,35,1
1,99.9971,199.9942,2,36,2
1,99.9971,199.9942,2,37,4
1,99.9971,199.9942,2,38,2
1,99.9971,199.9942,2,39,2
1,99.9971,199.9942,2,40,7
1,99.9971,199.9942,2,41,13
1,99.9971,199.9942,2,42,46
1,99.9971,199.9942,2,43,89
1,99.9971,199.9942,2,44,183
1,99.9971,199.9942,2,45,291
1,99.9971,199.9942,2,46,480
1,99.9971,199.9942,2,47,654
1,99.9971,199.9942,2,48,737
1,99.9971,199.9942,2,49,636
1,99.9971,199.9942,2,50,545
1,99.9971,199.9942,2,51,401
1,99.9971,199.9942,2,52,218
1,99.9971,199.9942,2,53,121
1,99.9971,199.9942,2,54,77
1,99.9971,199.9942,2,55,44
1,99.9971,199.9942,2,56,24
1,99.9971,199.9942,2,57,17
1,99.9971,199.9942,2,58,15
1,99.9971,199.9942,2,59,14
1,99.9971,199.9942,2,60,15
1,99.9971,199.9942,2,61,9
1,99.9971,199.9942,2,62,22
1,99.9971,199.9942,2,63,38
1,99.9971,199.9942,2,64,61
1,99.9971,199.9942,2,65,119
1,99.9971,199.9942,2,66,281
1,99.9971,199.9942,2,67,532
1,99.9971,199.9942,2,68,967
1,99.9971,199.9942,2,69,1615
1,99.9971,199.9942,2,70,2279
1,99.9971,199.9942,2,71,2754
1,99.9971,199.9942,3,0,1688
1,99.9971,199.9942,3,1,1428
1,99.9971,199.9942,3,2,996
1,99.9971,199.9942,3,3,640
1,99.9971,199.9942,3,4,317
1,99.9971,199.9942,3,5,175
1,99.9971,199.9942,3,6,88
1,99.9971,199.9942,3,7,33
1,99.9971,199.9942,3,8,14
1,99.9971,199.9942,3,9,14
1,99.9971,199.9942,3,10,9
1,99.9971,199.9942,3,11,5
1,99.9971,199.9942,3,12,2
1,99.9971,199.9942,3,13,7
1,99.9971,199.9942,3,14,9
1,99.9971,199.9942,3,15,8
1,99.9971,199.9942,3,16,21
1,99.9971,199.9942,3,17,25
1,99.9971,199.9942,3,18,65
1,99.9971,199.9942,3,19,136
1,99.9971,199.9942,3,20,195
1,99.9971,199.9942,3,21,334
1,99.9971,199.9942,3,22,386
1,99.9971,199.9942,3,23,439
1,99.9971,199.9942,3,24,381
1,99.9971,199.9942,3,25,281
1,99.9971,199.9942,3,26,198
1,99.9971,199.9942,3,27,88
1,99.9971,199.9942,3,28,40
1,99.9971,199.9942,3,29,23
1,99.9971,199.9942,3,30,13
1,99.9971,199.9942,3,31,4
1,99.9971,199.9942,3,32,2
1,99.9971,199.9942,3,35,3
1,99.9971,199.9942,3,36,1
1,99.9971,199.9942,3,38,1
1,99.9971,199.9942,3,39,4
1,99.9971,199.9942,3,40,8
1,99.9971,199.9942,3,41,11
1,99.9971,199.9942,3,42,26
1,99.9971,199.9942,3,43,50
1,99.9971,199.9942,3,44,125
1,99.9971,199.9942,3,45,207
1,99.9971,199.9942,3,46,316
1,99.9971,199.9942,3,47,418
1,99.9971,199.9942,3,48,462
1,99.9971,199.9942,3,49,401
1,99.9971,199.9942,3,50,322
1,99.9971,199.9942,3,51,208
1,99.9971,199.9942,3,52,127
1,99.9971,199.9942,3,53,69
1,99.9971,199.9942,3,54,50
1,99.9971,199.9942,3,55,20
1,99.9971,199.9942,3,56,19
1,99.9971,199.9942,3,57,9
1,99.9971,199.9942,3,58,6
1,99.9971,199.9942,3,59,3
1,99.9971,199.9942,3,60,4
1,99.9971,199.9942,3,61,7
1,99.9971,199.9942,3,62,13
1,99.9971,199.9942,3,63,24
1,99.9971,199.9942,3,64,41
1,99.9971,199.9942,3,65,80
1,99.9971,199.9942,3,66,175
1,99.9971,199.9942,3,67,326
1,99.9971,199.9942,3,68,622
1,99.9971,199.9942,3,69,1000
1,99.9971,199.9942,3,70,1384
1,99.9971,199.9942,3,71,1724
1,99.9971,199.9942,4,0,893
1,99.9971,199.9942,4,1,765
1,99.9971,199.9942,4,2,495
1,99.9971,199.9942,4,3,320
1,99.9971,199.9942,4,4,160
1,99.9971,199.9942,4,5,91
1,99.9971,199.9942,4,6,41
1,99.9971,199.9942,4,7,25
1,99.9971,199.9942,4,8,14
1,99.9971,199.9942,4,9,8
1,99.9971,199.9942,4,10,5
1,99.9971,199.9942,4,12,3
1,99.9971,199.9942,4,13,2
1,99.9971,199.9942,4,14,4
1,99.9971,199.9942,4,15,4
1,99.9971,199.9942,4,16,13
1,99.9971,199.9942,4,17,30
1,99.9971,199.9942,4,18,33
1,99.9971,199.9942,4,19,73
1,99.9971,199.9942,4,20,102
1,99.9971,199.9942,4,21,157
1,99.9971,199.9942,4,22,224
1,99.9971,199.9942,4,23,235
1,99.9971,199.9942,4,24,197
1,99.9971,199.9942,4,25,177
1,99.9971,199.9942,4,26,105
1,99.9971,199.9942,4,27,48
1,99.9971,199.9942,4,28,25
1,99.9971,199.9942,4,29,12
1,99.9971,199.9942,4,30,5
1,99.9971,199.9942,4,31,1
1,99.9971,199.9942,4,38,1
1,99.9971,199.9942,4,39,3
1,99.9971,199.9942,4,40,3
1,99.9971,199.9942,4,41,8
1,99.9971,199.9942,4,42,17
1,99.9971,199.9942,4,43,33
1,99.9971,199.9942,4,44,44
1,99.9971,199.9942,4,45,105
1,99.9971,199.9942,4,46,161
1,99.9971,199.9942,4,47,208
1,99.9971,199.9942,4,48,223
1,99.9971,199.9942,4,49,222
1,99.9971,199.9942,4,50,187
1,99.9971,199.9942,4,51,124
1,99.9971,199.9942,4,52,59
1,99.9971,199.9942,4,53,43
1,99.9971,199.9942,4,54,27
1,99.9971,199.9942,4,55,8
1,99.9971,199.9942,4,56,10
1,99.9971,199.9942,4,57,5
1,99.9971,199.9942,4,58,4
1,99.9971,199.9942,4,59,4
1,99.9971,199.9942,4,60,2
1,99.9971,199.9942,4,61,2
1,99.9971,199.9942,4,62,4
1,99.9971,199.9942,4,63,12
1,99.9971,199.9942,4,64,30
1,99.9971,199.9942,4,65,40
1,99.9971,199.9942,4,66,77
1,99.9971,199.9942,4,67,154
1,99.9971,199.9942,4,68,360
1,99.9971,199.9942,4,69,541
1,99.9971,199.9942,4,70,724
1,99.9971,199.9942,4,71,910
1,99.9971,199.9942,5,0,444
1,99.9971,199.9942,5,1,352
1,99.9971,199.9942,5,2,242
1,99.9971,199.9942,5,3,136
1,99.9971,199.9942,5,4,71
1,99.9971,199.9942,5,5,52
1,99.9971,199.9942,5,6,28
1,99.9971,199.9942,5,7,10
1,99.9971,199.9942,5,8,6
1,99.9971,199.9942,5,9,3
1,99.9971,199.9942,5,10,3
1,99.9971,199.9942,5,12,3
1,99.9971,199.9942,5,13,4
1,99.9971,199.9942,5,14,4
1,99.9971,199.9942,5,15,1
1,99.9971,199.9942,5,16,11
1,99.9971,199.9942,5,17,8
1,99.9971,199.9942,5,18,22
1,99.9971,199.9942,5,19,32
1,99.9971,199.9942,5,20,49
1,99.9971,199.9942,5,21,94
1,99.9971,199.9942,5,22,113
1,99.9971,199.9942,5,23,112
1,99.9971,199.9942,5,24,112
1,99.9971,199.9942,5,25,89
1,99.9971,199.9942,5,26,49
1,99.9971,199.9942,5,27,23
1,99.9971,199.9942,5,28,13
1,99.9971,199.9942,5,29,4
1,99.9971,199.9942,5,30,2
1,99.9971,199.9942,5,31,1
1,99.9971,199.9942,5,32,1
1,99.9971,199.9942,5,34,1
1,99.9971,199.9942,5,40,1
1,99.9971,199.9942,5,41,1
1,99.9971,199.9942,5,42,2
1,99.9971,199.9942,5,43,12
1,99.9971,199.9942,5,44,34
1,99.9971,199.9942,5,45,36
1,99.9971,199.9942,5,46,83
1,99.9971,199.9942,5,47,115
1,99.9971,199.9942,5,48,119
1,99.9971,199.9942,5,49,88
1,99.9971,199.9942,5,50,93
1,99.9971,199.9942,5,51,76
1,99.9971,199.9942,5,52,36
1,99.9971,199.9942,5,53,22
1,99.9971,199.9942,5,54,16
1,99.9971,199.9942,5,55,7
1,99.9971,199.9942,5,56,3
1,99.9971,199.9942,5,57,2
1,99.9971,199.9942,5,58,1
1,99.9971,199.9942,5,59,1
1,99.9971,199.9942,5,60,1
1,99.9971,199.9942,5,61,1
1,99.9971,199.9942,5,62,3
1,99.9971,199.9942,5,63,7
1,99.9971,199.9942,5,64,6
1,99.9971,199.9942,5,65,17
1,99.9971,199.9942,5,66,37
1,99.9971,199.9942,5,67,79
1,99.9971,199.9942,5,68,159
1,99.9971,199.9942,5,69,281
1,99.9971,199.9942,5,70,381
1,99.9971,199.9942,5,71,453
1,99.9971,199.9942,6,0,197
1,99.9971,199.9942,6,1,159
1,99.9971,199.9942,6,2,120
1,99.9971,199.9942,6,3,69
1,99.9971,199.9942,6,4,38
1,99.9971,199.9942,6,5,11
1,99.9971,199.9942,6,6,13
1,99.9971,199.9942,6,7,7
1,99.9971,199.9942,6,8,4
1,99.9971,199.9942,6,9,1
1,99.9971,199.9942,6,10,1
1,99.9971,199.9942,6,13,1
1,99.9971,199.9942,6,14,2
1,99.9971,199.9942,6,15,1
1,99.9971,199.9942,6,16,2
1,99.9971,199.9942,6,17,4
1,99.9971,199.9942,6,18,6
1,99.9971,199.9942,6,19,19
1,99.9971,199.9942,6,20,19
1,99.9971,199.9942,6,21,30
1,99.9971,199.9942,6,22,46
1,99.9971,199.9942,6,23,58
1,99.9971,199.9942,6,24,49
1,99.9971,199.9942,6,25,41
1,99.9971,199.9942,6,26,15
1,99.9971,199.9942,6,27,17
1,99.9971,199.9942,6,28,10
1,99.9971,199.9942,6,29,4
1,99.9971,199.9942,6,30,2
1,99.9971,199.9942,6,32,1
1,99.9971,199.9942,6,39,1
1,99.9971,199.9942,6,41,1
1,99.9971,199.9942,6,42,2
1,99.9971,199.9942,6,43,1
1,99.9971,199.9942,6,44,16
1,99.9971,199.9942,6,45,23
1,99.9971,199.9942,6,46,46
1,99.9971,199.9942,6,47,52
1,99.9971,199.9942,6,48,46
1,99.9971,199.9942,6,49,46
1,99.9971,199.9942,6,50,45
1,99.9971,199.9942,6,51,25
1,99.9971,199.9942,6,52,19
1,99.9971,199.9942,6,53,9
1,99.9971,199.9942,6,54,3
1,99.9971,199.9942,6,55,3
1,99.9971,199.9942,6,56,1
1,99.9971,199.9942,6,57,1
1,99.9971,199.9942,6,61,1
1,99.9971,199.9942,6,62,2
1,99.9971,199.9942,6,63,1
1,99.9971,199.9942,6,64,2
1,99.9971,199.9942,6,65,10
1,99.9971,199.9942,6,66,29
1,99.9971,199.9942,6,67,41
1,99.9971,199.9942,6,68,88
1,99.9971,199.9942,6,69,132
1,99.9971,199.9942,6,70,168
1,99.9971,199.9942,6,71,239
1,99.9971,199.9942,7,0,113
1,99.9971,199.9942,7,1,95
1,99.9971,199.9942,7,2,64
1,99.9971,199.9942,7,3,41
1,99.9971,199.9942,7,4,29
1,99.9971,199.9942,7,5,14
1,99.9971,199.9942,7,6,5
1,99.9971,199.9942,7,7,6
1,99.9971,199.9942,7,8,2
1,99.9971,199.9942,7,10,1
1,99.9971,199.9942,7,13,1
1,99.9971,199.9942,7,15,1
1,99.9971,199.9942,7,17,2
1,99.9971,199.9942,7,18,9
1,99.9971,199.9942,7,19,10
1,99.9971,199.9942,7,20,13
1,99.9971,199.9942,7,21,16
1,99.9971,199.9942,7,22,24
1,99.9971,199.9942,7,23,28
1,99.9971,199.9942,7,24,24
1,99.9971,199.9942,7,25,18
1,99.9971,199.9942,7,26,15
1,99.9971,199.9942,7,27,9
1,99.9971,199.9942,7,29,2
1,99.9971,199.9942,7,30,2
1,99.9971,199.9942,7,40,2
1,99.9971,199.9942,7,42,2
1,99.9971,199.9942,7,43,1
1,99.9971,199.9942,7,44,6
1,99.9971,199.9942,7,45,14
1,99.9971,199.9942,7,46,17
1,99.9971,199.9942,7,47,27
1,99.9971,199.9942,7,48,27
1,99.9971,199.9942,7,49,24
1,99.9971,199.9942,7,50,15
1,99.9971,199.9942,7,51,14
1,99.9971,199.9942,7,52,10
1,99.9971,199.9942,7,53,6
1,99.9971,199.9942,7,56,1
1,99.9971,199.9942,7,57,1
1,99.9971,199.9942,7,58,1
1,99.9971,199.9942,7,61,1
1,99.9971,199.9942,7,62,2
1,99.9971,199.9942,7,64,2
1,99.9971,199.9942,7,65,2
1,99.9971,199.9942,7,66,7
1,99.9971,199.9942,7,67,17
1,99.9971,199.9942,7,68,49
1,99.9971,199.9942,7,69,63
1,99.9971,199.9942,7,70,93
1,99.9971,199.9942,7,71,114
1,99.9971,199.9942,8,0,59
1,99.9971,199.9942,8,1,55
1,99.9971,199.9942,8,2,28
1,99.9971,199.9942,8,3,22
1,99.9971,199.9942,8,4,10
1,99.9971,199.9942,8,5,2
1,99.9971,199.9942,8,6,4
1,99.9971,199.9942,8,7,3
1,99.9971,199.9942,8,9,1
1,99.9971,199.9942,8,15,1
1,99.9971,199.9942,8,16,4
1,99.9971,199.9942,8,17,1
1,99.9971,199.9942,8,18,1
1,99.9971,199.9942,8,19,8
1,99.9971,199.9942,8,20,5
1,99.9971,199.9942,8,21,8
1,99.9971,199.9942,8,22,21
1,99.9971,199.9942,8,23,14
1,99.9971,199.9942,8,24,8
1,99.9971,199.9942,8,25,15
1,99.9971,199.9942,8,26,3
1,99.9971,199.9942,8,27,6
1,99.9971,199.9942,8,28,2
1,99.9971,199.9942,8,29,1
1,99.9971,199.9942,8,34,1
1,99.9971,199.9942,8,38,1
1,99.9971,199.9942,8,43,2
1,99.9971,199.9942,8,45,8
1,99.9971,199.9942,8,46,10
1,99.9971,199.9942,8,47,13
1,99.9971,199.9942,8,48,11
1,99.9971,199.9942,8,49,15
1,99.9971,199.9942,8,50,13
1,99.9971,199.9942,8,51,7
1,99.9971,199.9942,8,52,3
1,99.9971,199.9942,8,53,4
1,99.9971,199.9942,8,54,1
1,99.9971,199.9942,8,55,1
1,99.9971,199.9942,8,60,2
1,99.9971,199.9942,8,63,1
1,99.9971,199.9942,8,64,2
1,99.9971,199.9942,8,65,1
1,99.9971,199.9942,8,66,8
1,99.9971,199.9942,8,67,14
1,99.9971,199.9942,8,68,12
1,99.9971,199.9942,8,69,34
1,99.9971,199.9942,8,70,54
1,99.9971,199.9942,8,71,57
1,99.9971,199.9942,9,0,29
1,99.9971,199.9942,9,1,27
1,99.9971,199.9942,9,2,25
1,99.9971,199.9942,9,3,10
1,99.9971,199.9942,9,4,5
1,99.9971,199.9942,9,5,4
1,99.9971,199.9942,9,6,2
1,99.9971,199.9942,9,7,2
1,99.9971,199.9942,9,18,3
1,99.9971,199.9942,9,19,2
1,99.9971,199.9942,9,20,2
1,99.9971,199.9942,9,21,2
1,99.9971,199.9942,9,22,6
1,99.9971,199.9942,9,23,9
1,99.9971,199.9942,9,24,10
1,99.9971,199.9942,9,25,7
1,99.9971,199.9942,9,26,7
1,99.9971,199.9942,9,27,2
1,99.9971,199.9942,9,28,1
1,99.9971,199.9942,9,29,2
1,99.9971,199.9942,9,32,1
1,99.9971,199.9942,9,36,1
1,99.9971,199.9942,9,43,2
1,99.9971,199.9942,9,44,1
1,99.9971,199.9942,9,45,3
1,99.9971,199.9942,9,46,5
1,99.9971,199.9942,9,47,13
1,99.9971,199.9942,9,48,15
1,99.9971,199.9942,9,49,8
1,99.9971,199.9942,9,50,10
1,99.9971,199.9942,9,51,5
1,99.9971,199.9942,9,52,7
1,99.9971,199.9942,9,53,1
1,99.9971,199.9942,9,54,1
1,99.9971,199.9942,9,63,1
1,99.9971,199.9942,9,65,2
1,99.9971,199.9942,9,66,6
1,99.9971,199.9942,9,67,8
1,99.9971,199.9942,9,68,14
1,99.9971,199.9942,9,69,19
1,99.9971,199.9942,9,70,32
1,99.9971,199.9942,9,71,25
1,99.9971,199.9942,10,0,21
1,99.9971,199.9942,10,1,20
1,99.9971,199.9942,10,2,10
1,99.9971,199.9942,10,3,7
1,99.9971,199.9942,10,4,5
1,99.9971,199.9942,10,5,2
1,99.9971,199.9942,10,6,3
1,99.9971,199.9942,10,17,1
1,99.9971,199.9942,10,19,6
1,99.9971,199.9942,10,20,3
1,99.9971,199.9942,10,21,5
1,99.9971,199.9942,10,22,7
1,99.9971,199.9942,10,23,5
1,99.9971,199.9942,10,24,7
1,99.9971,199.9942,10,25,1
1,99.9971,199.9942,10,26,2
1,99.9971,199.9942,10,27,4
1,99.9971,199.9942,10,30,1
1,99.9971,199.9942,10,44,1
1,99.9971,199.9942,10,45,3
1,99.9971,199.9942,10,46,5
1,99.9971,199.9942,10,47,4
1,99.9971,199.9942,10,48,5
1,99.9971,199.9942,10,49,5
1,99.9971,199.9942,10,50,3
1,99.9971,199.9942,10,51,2
1,99.9971,199.9942,10,52,2
1,99.9971,199.9942,10,53,1
1,99.9971,199.9942,10,55,1
1,99.9971,199.9942,10,66,1
1,99.9971,199.9942,10,67,5
1,99.9971,199.9942,10,68,6
1,99.9971,199.9942,10,69,15
1,99.9971,199.9942,10,70,26
1,99.9971,199.9942,10,71,20
1,99.9971,199.9942,11,0,11
1,99.9971,199.9942,11,1,11
1,99.9971,199.9942,11,2,12
1,99.9971,199.9942,11,3,3
1,99.9971,199.9942,11,4,2
1,99.9971,199.9942,11,6,1
1,99.9971,199.9942,11,7,1
1,99.9971,199.9942,11,10,1
1,99.9971,199.9942,11,19,3
1,99.9971,199.9942,11,20,6
1,99.9971,199.9942,11,21,3
1,99.9971,199.9942,11,22,5
1,99.9971,199.9942,11,23,4
1,99.9971,199.9942,11,24,3
1,99.9971,199.9942,11,25,2
1,99.9971,199.9942,11,26,2
1,99.9971,199.9942,11,27,1
1,99.9971,199.9942,11,29,2
1,99.9971,199.9942,11,44,1
1,99.9971,199.9942,11,46,5
1,99.9971,199.9942,11,48,5
1,99.9971,199.9942,11,49,4
1,99.9971,199.9942,11,50,5
1,99.9971,199.9942,11,51,3
1,99.9971,199.9942,11,53,2
1,99.9971,199.9942,11,63,1
1,99.9971,199.9942,11,64,1
1,99.9971,199.9942,11,65,2
1,99.9971,199.9942,11,67,5
1,99.9971,199.9942,11,68,9
1,99.9971,199.9942,11,69,11
1,99.9971,199.9942,11,70,14
1,99.9971,199.9942,11,71,20
1,99.9971,199.9942,12,0,21
1,99.9971,199.9942,12,1,13
1,99.9971,199.9942,12,2,12
1,99.9971,199.9942,12,3,6
1,99.9971,199.9942,12,4,4
1,99.9971,199.9942,12,5,1
1,99.9971,199.9942,12,7,1
1,99.9971,199.9942,12,17,2
1,99.9971,199.9942,12,18,2
1,99.9971,199.9942,12,19,1
1,99.9971,199.9942,12,20,1
1,99.9971,199.9942,12,21,1
1,99.9971,199.9942,12,22,3
1,99.9971,199.9942,12,23,3
1,99.9971,199.9942,12,24,3
1,99.9971,199.9942,12,25,2
1,99.9971,199.9942,12,26,1
1,99.9971,199.9942,12,44,1
1,99.9971,199.9942,12,45,1
1,99.9971,199.9942,12,46,2
1,99.9971,199.9942,12,47,2
1,99.9971,199.9942,12,48,4
1,99.9971,199.9942,12,49,3
1,99.9971,199.9942,12,50,4
1,99.9971,199.9942,12,51,2
1,99.9971,199.9942,12,52,2
1,99.9971,199.9942,12,53,1
1,99.9971,199.9942,12,55,1
1,99.9971,199.9942,12,62,1
1,99.9971,199.9942,12,64,1
1,99.9971,199.9942,12,66,2
1,99.9971,199.9942,12,67,3
1,99.9971,199.9942,12,68,4
1,99.9971,199.9942,12,69,14
1,99.9971,199.9942,12,70,15
1,99.9971,199.9942,12,71,20
1,99.9971,199.9942,13,0,18
1,99.9971,199.9942,13,1,18
1,99.9971,199.9942,13,2,14
1,99.9971,199.9942,13,3,3
1,99.9971,199.9942,13,4,2
1,99.9971,199.9942,13,19,1
1,99.9971,199.9942,13,20,2
1,99.9971,199.9942,13,21,3
1,99.9971,199.9942,13,22,5
1,99.9971,199.9942,13,23,5
1,99.9971,199.9942,13,24,10
1,99.9971,199.9942,13,25,1
1,99.9971,199.9942,13,26,1
1,99.9971,199.9942,13,28,1
1,99.9971,199.9942,13,44,1
1,99.9971,199.9942,13,45,2
1,99.9971,199.9942,13,46,2
1,99.9971,199.9942,13,47,1
1,99.9971,199.9942,13,48,5
1,99.9971,199.9942,13,49,4
1,99.9971,199.9942,13,50,3
1,99.9971,199.9942,13,51,3
1,99.9971,199.9942,13,52,1
1,99.9971,199.9942,13,53,1
1,99.9971,199.9942,13,54,2
1,99.9971,199.9942,13,64,1
1,99.9971,199.9942,13,66,3
1,99.9971,199.9942,13,67,5
1,99.9971,199.9942,13,68,7
1,99.9971,199.9942,13,69,7
1,99.9971,199.9942,13,70,6
1,99.9971,199.9942,13,71,21
1,99.9971,199.9942,14,0,25
1,99.9971,199.9942,14,1,17
1,99.9971,199.9942,14,2,9
1,99.9971,199.9942,14,3,9
1,99.9971,199.9942,14,4,6
1,99.9971,199.9942,14,5,1
1,99.9971,199.9942,14,6,2
1,99.9971,199.9942,14,7,1
1,99.9971,199.9942,14,18,1
1,99.9971,199.9942,14,19,2
1,99.9971,199.9942,14,20,3
1,99.9971,199.9942,14,21,2
1,99.9971,199.9942,14,22,6
1,99.9971,199.9942,14,23,1
1,99.9971,199.9942,14,24,9
1,99.9971,199.9942,14,25,6
1,99.9971,199.9942,14,26,2
1,99.9971,199.9942,14,30,1
1,99.9971,199.9942,14,31,1
1,99.9971,199.9942,14,40,1
1,99.9971,199.9942,14,45,1
1,99.9971,199.9942,14,46,5
1,99.9971,199.9942,14,47,2
1,99.9971,199.9942,14,48,3
1,99.9971,199.9942,14,49,4
1,99.9971,199.9942,14,50,3
1,99.9971,199.9942,14,51,2
1,99.9971,199.9942,14,52,2
1,99.9971,199.9942,14,54,1
1,99.9971,199.9942,14,55,1
1,99.9971,199.9942,14,59,1
1,99.9971,199.9942,14,64,1
1,99.9971,199.9942,14,65,2
1,99.9971,199.9942,14,66,3
1,99.9971,199.9942,14,67,5
1,99.9971,199.9942,14,68,6
1,99.9971,199.9942,14,69,9
1,99.9971,199.9942,14,70,19
1,99.9971,199.9942,14,71,27
1,99.9971,199.9942,15,0,31
1,99.9971,199.9942,15,1,43
1,99.9971,199.9942,15,2,26
1,99.9971,199.9942,15,3,14
1,99.9971,199.9942,15,4,7
1,99.9971,199.9942,15,5,4
1,99.9971,199.9942,15,6,1
1,99.9971,199.9942,15,8,1
1,99.9971,199.9942,15,10,1
1,99.9971,199.9942,15,11,1
1,99.9971,199.9942,15,14,1
1,99.9971,199.9942,15,15,1
1,99.9971,199.9942,15,17,3
1,99.9971,199.9942,15,18,2
1,99.9971,199.9942,15,19,2
1,99.9971,199.9942,15,20,6
1,99.9971,199.9942,15,21,15
1,99.9971,199.9942,15,22,8
1,99.9971,199.9942,15,23,11
1,99.9971,199.9942,15,24,9
1,99.9971,199.9942,15,25,3
1,99.9971,199.9942,15,26,3
1,99.9971,199.9942,15,27,5
1,99.9971,199.9942,15,28,3
1,99.9971,199.9942,15,42,2
1,99.9971,199.9942,15,43,1
1,99.9971,199.9942,15,45,3
1,99.9971,199.9942,15,46,1
1,99.9971,199.9942,15,47,4
1,99.9971,199.9942,15,48,3
1,99.9971,199.9942,15,49,2
1,99.9971,199.9942,15,50,2
1,99.9971,199.9942,15,51,2
1,99.9971,199.9942,15,52,4
1,99.9971,199.9942,15,53,3
1,99.9971,199.9942,15,61,1
1,99.9971,199.9942,15,63,1
1,99.9971,199.9942,15,64,1
1,99.9971,199.9942,15,65,3
1,99.9971,199.9942,15,66,3
1,99.9971,199.9942,15,67,11
1,99.9971,199.9942,15,68,13
1,99.9971,199.9942,15,69,23
1,99.9971,199.9942,15,70,21
1,99.9971,199.9942,15,71,32
1,99.9971,199.9942,16,0,51
1,99.9971,199.9942,16,1,39
1,99.9971,199.9942,16,2,33
1,99.9971,199.9942,16,3,22
1,99.9971,199.9942,16,4,10
1,99.9971,199.9942,16,5,6
1,99.9971,199.9942,16,6,5
1,99.9971,199.9942,16,8,1
1,99.9971,199.9942,16,17,1
1,99.9971,199.9942,16,18,1
1,99.9971,199.9942,16,19,4
1,99.9971,199.9942,16,20,8
1,99.9971,199.9942,16,21,12
1,99.9971,199.9942,16,22,15
1,99.9971,199.9942,16,23,11
1,99.9971,199.9942,16,24,18
1,99.9971,199.9942,16,25,10
1,99.9971,199.9942,16,26,3
1,99.9971,199.9942,16,27,2
1,99.9971,199.9942,16,28,2
1,99.9971,199.9942,16,29,1
1,99.9971,199.9942,16,30,1
1,99.9971,199.9942,16,42,1
1,99.9971,199.9942,16,44,1
1,99.9971,199.9942,16,47,2
1,99.9971,199.9942,16,48,2
1,99.9971,199.9942,16,49,7
1,99.9971,199.9942,16,50,3
1,99.9971,199.9942,16,51,3
1,99.9971,199.9942,16,52,2
1,99.9971,199.9942,16,53,1
1,99.9971,199.9942,16,55,1
1,99.9971,199.9942,16,56,2
1,99.9971,199.9942,16,57,1
1,99.9971,199.9942,16,61,1
1,99.9971,199.9942,16,64,2
1,99.9971,199.9942,16,65,1
1,99.9971,199.9942,16,66,4
1,99.9971,199.9942,16,67,14
1,99.9971,199.9942,16,68,22
1,99.9971,199.9942,16,69,36
1,99.9971,199.9942,16,70,47
1,99.9971,199.9942,16,71,58
1,99.9971,199.9942,17,0,122
1,99.9971,199.9942,17,1,95
1,99.9971,199.9942,17,2,63
1,99.9971,199.9942,17,3,35
1,99.9971,199.9942,17,4,16
1,99.9971,199.9942,17,5,13
1,99.9971,199.9942,17,6,5
1,99.9971,199.9942,17,7,1
1,99.9971,199.9942,17,8,1
1,99.9971,199.9942,17,15,1
1,99.9971,199.9942,17,16,1
1,99.9971,199.9942,17,17,4
1,99.9971,199.9942,17,18,1
1,99.9971,199.9942,17,19,16
1,99.9971,199.9942,17,20,12
1,99.9971,199.9942,17,21,19
1,99.9971,199.9942,17,22,20
1,99.9971,199.9942,17,23,30
1,99.9971,199.9942,17,24,26
1,99.9971,199.9942,17,25,16
1,99.9971,199.9942,17,26,12
1,99.9971,199.9942,17,27,2
1,99.9971,199.9942,17,28,1
1,99.9971,199.9942,17,32,1
1,99.9971,199.9942,17,46,2
1,99.9971,199.9942,17,47,3
1,99.9971,199.9942,17,48,2
1,99.9971,199.9942,17,49,5
1,99.9971,199.9942,17,50,5
1,99.9971,199.9942,17,51,6
1,99.9971,199.9942,17,52,1
1,99.9971,199.9942,17,53,1
1,99.9971,199.9942,17,55,2
1,99.9971,199.9942,17,56,2
1,99.9971,199.9942,17,57,4
1,99.9971,199.9942,17,60,2
1,99.9971,199.9942,17,61,1
1,99.9971,199.9942,17,62,1
1,99.9971,199.9942,17,63,2
1,99.9971,199.9942,17,64,1
1,99.9971,199.9942,17,65,8
1,99.9971,199.9942,17,66,13
1,99.9971,199.9942,17,67,19
1,99.9971,199.9942,17,68,34
1,99.9971,199.9942,17,69,65
1,99.9971,199.9942,17,70,83
1,99.9971,199.9942,17,71,113
1,99.9971,199.9942,18,0,198
1,99.9971,199.9942,18,1,175
1,99.9971,199.9942,18,2,89
1,99.9971,199.9942,18,3,68
1,99.9971,199.9942,18,4,44
1,99.9971,199.9942,18,5,17
1,99.9971,199.9942,18,6,10
1,99.9971,199.9942,18,7,8
1,99.9971,199.9942,18,8,1
1,99.9971,199.9942,18,9,2
1,99.9971,199.9942,18,10,1
1,99.9971,199.9942,18,11,1
1,99.9971,199.9942,18,15,2
1,99.9971,199.9942,18,16,3
1,99.9971,199.9942,18,17,6
1,99.9971,199.9942,18,18,10
1,99.9971,199.9942,18,19,19
1,99.9971,199.9942,18,20,34
1,99.9971,199.9942,18,21,46
1,99.9971,199.9942,18,22,56
1,99.9971,199.9942,18,23,44
1,99.9971,199.9942,18,24,35
1,99.9971,199.9942,18,25,36
1,99.9971,199.9942,18,26,22
1,99.9971,199.9942,18,27,10
1,99.9971,199.9942,18,28,1
1,99.9971,199.9942,18,29,2
1,99.9971,199.9942,18,31,1
1,99.9971,199.9942,18,46,1
1,99.9971,199.9942,18,48,5
1,99.9971,199.9942,18,49,2
1,99.9971,199.9942,18,50,3
1,99.9971,199.9942,18,51,6
1,99.9971,199.9942,18,52,9
1,99.9971,199.9942,18,53,5
1,99.9971,199.9942,18,54,2
1,99.9971,199.9942,18,55,2
1,99.9971,199.9942,18,56,2
1,99.9971,199.9942,18,57,2
1,99.9971,199.9942,18,59,1
1,99.9971,199.9942,18,61,1
1,99.9971,199.9942,18,62,1
1,99.9971,199.9942,18,63,2
1,99.9971,199.9942,18,64,5
1,99.9971,199.9942,18,65,11
1,99.9971,199.9942,18,66,21
1,99.9971,199.9942,18,67,33
1,99.9971,199.9942,18,68,70
1,99.9971,199.9942,18,69,122
1,99.9971,199.9942,18,70,161
1,99.9971,199.9942,18,71,212
1,99.9971,199.9942,19,0,389
1,99.9971,199.9942,19,1,284
1,99.9971,199.9942,19,2,192
1,99.9971,199.9942,19,3,143
1,99.9971,199.9942,19,4,58
1,99.9971,199.9942,19,5,36
1,99.9971,199.9942,19,6,19
1,99.9971,199.9942,19,7,3
1,99.9971,199.9942,19,8,3
1,99.9971,199.9942,19,9,6
1,99.9971,199.9942,19,10,2
1,99.9971,199.9942,19,14,3
1,99.9971,199.9942,19,15,3
1,99.9971,199.9942,19,16,5
1,99.9971,199.9942,19,17,4
1,99.9971,199.9942,19,18,18
1,99.9971,199.9942,19,19,34
1,99.9971,199.9942,19,20,41
1,99.9971,199.9942,19,21,53
1,99.9971,199.9942,19,22,100
1,99.9971,199.9942,19,23,72
1,99.9971,199.9942,19,24,61
1,99.9971,199.9942,19,25,52
1,99.9971,199.9942,19,26,29
1,99.9971,199.9942,19,27,11
1,99.9971,199.9942,19,28,5
1,99.9971,199.9942,19,29,3
1,99.9971,199.9942,19,30,2
1,99.9971,199.9942,19,47,2
1,99.9971,199.9942,19,48,3
1,99.9971,199.9942,19,49,5
1,99.9971,199.9942,19,50,8
1,99.9971,199.9942,19,51,9
1,99.9971,199.9942,19,52,5
1,99.9971,199.9942,19,53,3
1,99.9971,199.9942,19,55,2
1,99.9971,199.9942,19,56,2
1,99.9971,199.9942,19,57,2
1,99.9971,199.9942,19,58,2
1,99.9971,199.9942,19,60,3
1,99.9971,199.9942,19,61,1
1,99.9971,199.9942,19,62,1
1,99.9971,199.9942,19,63,4
1,99.9971,199.9942,19,64,3
1,99.9971,199.9942,19,65,20
1,99.9971,199.9942,19,66,28
1,99.9971,199.9942,19,67,81
1,99.9971,199.9942,19,68,129
1,99.9971,199.9942,19,69,186
1,99.9971,199.9942,19,70,290
1,99.9971,199.9942,19,71,343
1,99.9971,199.9942,20,0,550
1,99.9971,199.9942,20,1,516
1,99.9971,199.9942,20,2,368
1,99.9971,199.9942,20,3,207
1,99.9971,199.9942,20,4,108
1,99.9971,199.9942,20,5,45
1,99.9971,199.9942,20,6,24
1,99.9971,199.9942,20,7,21
1,99.9971,199.9942,20,8,5
1,99.9971,199.9942,20,9,2
1,99.9971,199.9942,20,10,4
1,99.9971,199.9942,20,11,3
1,99.9971,199.9942,20,12,1
1,99.9971,199.9942,20,14,1
1,99.9971,199.9942,20,15,3
1,99.9971,199.9942,20,16,10
1,99.9971,199.9942,20,17,14
1,99.9971,199.9942,20,18,26
1,99.9971,199.9942,20,19,53
1,99.9971,199.9942,20,20,61
1,99.9971,199.9942,20,21,112
1,99.9971,199.9942,20,22,137
1,99.9971,199.9942,20,23,127
1,99.9971,199.9942,20,24,119
1,99.9971,199.9942,20,25,77
1,99.9971,199.9942,20,26,48
1,99.9971,199.9942,20,27,16
1,99.9971,199.9942,20,28,9
1,99.9971,199.9942,20,29,5
1,99.9971,199.9942,20,45,1
1,99.9971,199.9942,20,46,3
1,99.9971,199.9942,20,47,4
1,99.9971,199.9942,20,48,5
1,99.9971,199.9942,20,49,4
1,99.9971,199.9942,20,50,5
1,99.9971,199.9942,20,51,3
1,99.9971,199.9942,20,52,8
1,99.9971,199.9942,20,53,4
1,99.9971,199.9942,20,54,4
1,99.9971,199.9942,20,56,3
1,99.9971,199.9942,20,57,1
1,99.9971,199.9942,20,59,1
1,99.9971,199.9942,20,60,4
1,99.9971,199.9942,20,61,2
1,99.9971,199.9942,20,62,5
1,99.9971,199.9942,20,63,10
1,99.9971,199.9942,20,64,13
1,99.9971,199.9942,20,65,34
1,99.9971,199.9942,20,66,60
1,99.9971,199.9942,20,67,120
1,99.9971,199.9942,20,68,213
1,99.9971,199.9942,20,69,317
1,99.9971,199.9942,20,70,454
1,99.9971,199.9942,20,71,563
1,99.9971,199.9942,21,0,834
1,99.9971,199.9942,21,1,672
1,99.9971,199.9942,21,2,483
1,99.9971,199.9942,21,3,291
1,99.9971,199.9942,21,4,157
1,99.9971,199.9942,21,5,90
1,99.9971,199.9942,21,6,39
1,99.9971,199.9942,21,7,22
1,99.9971,199.9942,21,8,17
1,99.9971,199.9942,21,9,2
1,99.9971,199.9942,21,10,6
1,99.9971,199.9942,21,11,1
1,99.9971,199.9942,21,12,4
1,99.9971,199.9942,21,13,3
1,99.9971,199.9942,21,14,3
1,99.9971,199.9942,21,15,5
1,99.9971,199.9942,21,16,10
1,99.9971,199.9942,21,17,23
1,99.9971,199.9942,21,18,43
1,99.9971,199.9942,21,19,68
1,99.9971,199.9942,21,20,126
1,99.9971,199.9942,21,21,152
1,99.9971,199.9942,21,22,212
1,99.9971,199.9942,21,23,209
1,99.9971,199.9942,21,24,162
1,99.9971,199.9942,21,25,103
1,99.9971,199.9942,21,26,58
1,99.9971,199.9942,21,27,25
1,99.9971,199.9942,21,28,7
1,99.9971,199.9942,21,29,3
1,99.9971,199.9942,21,30,2
1,99.9971,199.9942,21,45,1
1,99.9971,199.9942,21,47,2
1,99.9971,199.9942,21,48,2
1,99.9971,199.9942,21,49,2
1,99.9971,199.9942,21,50,7
1,99.9971,199.9942,21,51,5
1,99.9971,199.9942,21,52,7
1,99.9971,199.9942,21,53,5
1,99.9971,199.9942,21,54,3
1,99.9971,199.9942,21,55,5
1,99.9971,199.9942,21,56,3
1,99.9971,199.9942,21,57,4
1,99.9971,199.9942,21,58,2
1,99.9971,199.9942,21,59,1
1,99.9971,199.9942,21,60,3
1,99.9971,199.9942,21,61,4
1,99.9971,199.9942,21,62,5
1,99.9971,199.9942,21,63,10
1,99.9971,199.9942,21,64,21
1,99.9971,199.9942,21,65,43
1,99.9971,199.9942,21,66,81
1,99.9971,199.9942,21,67,166
1,99.9971,199.9942,21,68,315
1,99.9971,199.9942,21,69,479
1,99.9971,199.9942,21,70,665
1,99.9971,199.9942,21,71,826
1,99.9971,199.9942,22,0,1078
1,99.9971,199.9942,22,1,887
1,99.9971,199.9942,22,2,635
1,99.9971,199.9942,22,3,381
1,99.9971,199.9942,22,4,209
1,99.9971,199.9942,22,5,99
1,99.9971,199.9942,22,6,44
1,99.9971,199.9942,22,7,28
1,99.9971,199.9942,22,8,13
1,99.9971,199.9942,22,9,8
1,99.9971,199.9942,22,10,1
1,99.9971,199.9942,22,11,3
1,99.9971,199.9942,22,12,4
1,99.9971,199.9942,22,13,2
1,99.9971,199.9942,22,14,7
1,99.9971,199.9942,22,15,9
1,99.9971,199.9942,22,16,16
1,99.9971,199.9942,22,17,31
1,99.9971,199.9942,22,18,42
1,99.9971,199.9942,22,19,69
1,99.9971,199.9942,22,20,136
1,99.9971,199.9942,22,21,198
1,99.9971,199.9942,22,22,226
1,99.9971,199.9942,22,23,258
1,99.9971,199.9942,22,24,193
1,99.9971,199.9942,22,25,113
1,99.9971,199.9942,22,26,61
1,99.9971,199.9942,22,27,31
1,99.9971,199.9942,22,28,12
1,99.9971,199.9942,22,29,3
1,99.9971,199.9942,22,48,1
1,99.9971,199.9942,22,49,2
1,99.9971,199.9942,22,50,1
1,99.9971,199.9942,22,51,3
1,99.9971,199.9942,22,52,6
1,99.9971,199.9942,22,53,5
1,99.9971,199.9942,22,54,5
1,99.9971,199.9942,22,55,2
1,99.9971,199.9942,22,56,4
1,99.9971,199.9942,22,57,4
1,99.9971,199.9942,22,58,5
1,99.9971,199.9942,22,59,5
1,99.9971,199.9942,22,60,4
1,99.9971,199.9942,22,61,6
1,99.9971,199.9942,22,62,7
1,99.9971,199.9942,22,63,10
1,99.9971,199.9942,22,64,23
1,99.9971,199.9942,22,65,53
1,99.9971,199.9942,22,66,100
1,99.9971,199.9942,22,67,195
1,99.9971,199.9942,22,68,376
1,99.9971,199.9942,22,69,613
1,99.9971,199.9942,22,70,889
1,99.9971,199.9942,22,71,1017
1,99.9971,199.9942,23,0,1124
1,99.9971,199.9942,23,1,948
1,99.9971,199.9942,23,2,690
1,99.9971,199.9942,23,3,421
1,99.9971,199.9942,23,4,240
1,99.9971,199.9942,23,5,110
1,99.9971,199.9942,23,6,50
1,99.9971,199.9942,23,7,31
1,99.9971,199.9942,23,8,21
1,99.9971,199.9942,23,9,5
1,99.9971,199.9942,23,10,9
1,99.9971,199.9942,23,11,2
1,99.9971,199.9942,23,12,8
1,99.9971,199.9942,23,13,7
1,99.9971,199.9942,23,14,4
1,99.9971,199.9942,23,15,12
1,99.9971,199.9942,23,16,14
1,99.9971,199.9942,23,17,33
1,99.9971,199.9942,23,18,47
1,99.9971,199.9942,23,19,65
1,99.9971,199.9942,23,20,137
1,99.9971,199.9942,23,21,202
1,99.9971,199.9942,23,22,207
1,99.9971,199.9942,23,23,237
1,99.9971,199.9942,23,24,187
1,99.9971,199.9942,23,25,112
1,99.9971,199.9942,23,26,47
1,99.9971,199.9942,23,27,17
1,99.9971,199.9942,23,28,8
1,99.9971,199.9942,23,30,2
1,99.9971,199.9942,23,47,1
1,99.9971,199.9942,23,49,2
1,99.9971,199.9942,23,50,1
1,99.9971,199.9942,23,51,2
1,99.9971,199.9942,23,52,3
1,99.9971,199.9942,23,53,6
1,99.9971,199.9942,23,54,2
1,99.9971,199.9942,23,55,2
1,99.9971,199.9942,23,56,5
1,99.9971,199.9942,23,57,3
1,99.9971,199.9942,23,58,4
1,99.9971,199.9942,23,59,3
1,99.9971,199.9942,23,60,4
1,99.9971,199.9942,23,62,11
1,99.9971,199.9942,23,63,5
1,99.9971,199.9942,23,64,28
1,99.9971,199.9942,23,65,67
1,99.9971,199.9942,23,66,128
1,99.9971,199.9942,23,67,226
1,99.9971,199.9942,23,68,413
1,99.9971,199.9942,23,69,641
1,99.9971,199.9942,23,70,979
1,99.9971,199.9942,23,71,1138
1,99.9971,199.9942,24,0,979
1,99.9971,199.9942,24,1,828
1,99.9971,199.9942,24,2,618
1,99.9971,199.9942,24,3,386
1,99.9971,199.9942,24,4,215
1,99.9971,199.9942,24,5,95
1,99.9971,199.9942,24,6,47
1,99.9971,199.9942,24,7,26
1,99.9971,199.9942,24,8,10
1,99.9971,199.9942,24,9,10
1,99.9971,199.9942,24,10,6
1,99.9971,199.9942,24,11,2
1,99.9971,199.9942,24,12,3
1,99.9971,199.9942,24,13,6
1,99.9971,199.9942,24,14,7
1,99.9971,199.9942,24,15,7
1,99.9971,199.9942,24,16,13
1,99.9971,199.9942,24,17,23
1,99.9971,199.9942,24,18,46
1,99.9971,199.9942,24,19,72
1,99.9971,199.9942,24,20,106
1,99.9971,199.9942,24,21,156
1,99.9971,199.9942,24,22,185
1,99.9971,199.9942,24,23,180
1,99.9971,199.9942,24,24,114
1,99.9971,199.9942,24,25,78
1,99.9971,199.9942,24,26,32
1,99.9971,199.9942,24,27,14
1,99.9971,199.9942,24,28,4
1,99.9971,199.9942,24,50,1
1,99.9971,199.9942,24,51,1
1,99.9971,199.9942,24,52,3
1,99.9971,199.9942,24,53,1
1,99.9971,199.9942,24,54,4
1,99.9971,199.9942,24,55,1
1,99.9971,199.9942,24,56,2
1,99.9971,199.9942,24,57,2
1,99.9971,199.9942,24,58,2
1,99.9971,199.9942,24,60,3
1,99.9971,199.9942,24,61,2
1,99.9971,199.9942,24,62,4
1,99.9971,199.9942,24,63,10
1,99.9971,199.9942,24,64,32
1,99.9971,199.9942,24,65,51
1,99.9971,199.9942,24,66,98
1,99.9971,199.9942,24,67,199
1,99.9971,199.9942,24,68,369
1,99.9971,199.9942,24,69,596
1,99.9971,199.9942,24,70,861
1,99.9971,199.9942,24,71,1092
1,99.9971,199.9942,25,0,816
1,99.9971,199.9942,25,1,628
1,99.9971,199.9942,25,2,464
1,99.9971,199.9942,25,3,279
1,99.9971,199.9942,25,4,178
1,99.9971,199.9942,25,5,79
1,99.9971,199.9942,25,6,34
1,99.9971,199.9942,25,7,13
1,99.9971,199.9942,25,8,11
1,99.9971,199.9942,25,9,9
1,99.9971,199.9942,25,10,3
1,99.9971,199.9942,25,11,3
1,99.9971,199.9942,25,12,2
1,99.9971,199.9942,25,13,1
1,99.9971,199.9942,25,14,5
1,99.9971,199.9942,25,15,6
1,99.9971,199.9942,25,16,13
1,99.9971,199.9942,25,17,12
1,99.9971,199.9942,25,18,22
1,99.9971,199.9942,25,19,52
1,99.9971,199.9942,25,20,75
1,99.9971,199.9942,25,21,101
1,99.9971,199.9942,25,22,123
1,99.9971,199.9942,25,23,106
1,99.9971,199.9942,25,24,58
1,99.9971,199.9942,25,25,34
1,99.9971,199.9942,25,26,13
1,99.9971,199.9942,25,27,10
1,99.9971,199.9942,25,54,5
1,99.9971,199.9942,25,56,2
1,99.9971,199.9942,25,57,1
1,99.9971,199.9942,25,58,1
1,99.9971,199.9942,25,59,2
1,99.9971,199.9942,25,60,4
1,99.9971,199.9942,25,61,2
1,99.9971,199.9942,25,62,7
1,99.9971,199.9942,25,63,10
1,99.9971,199.9942,25,64,21
1,99.9971,199.9942,25,65,43
1,99.9971,199.9942,25,66,58
1,99.9971,199.9942,25,67,129
1,99.9971,199.9942,25,68,315
1,99.9971,199.9942,25,69,422
1,99.9971,199.9942,25,70,602
1,99.9971,199.9942,25,71,737
1,99.9971,199.9942,26,0,509
1,99.9971,199.9942,26,1,433
1,99.9971,199.9942,26,2,304
1,99.9971,199.9942,26,3,172
1,99.9971,199.9942,26,4,102
1,99.9971,199.9942,26,5,62
1,99.9971,199.9942,26,6,24
1,99.9971,199.9942,26,7,16
1,99.9971,199.9942,26,8,6
1,99.9971,199.9942,26,9,3
1,99.9971,199.9942,26,10,2
1,99.9971,199.9942,26,11,4
1,99.9971,199.9942,26,12,1
1,99.9971,199.9942,26,13,5
1,99.9971,199.9942,26,14,2
1,99.9971,199.9942,26,15,4
1,99.9971,199.9942,26,16,6
1,99.9971,199.9942,26,17,11
1,99.9971,199.9942,26,18,20
1,99.9971,199.9942,26,19,36
1,99.9971,199.9942,26,20,39
1,99.9971,199.9942,26,21,49
1,99.9971,199.9942,26,22,72
1,99.9971,199.9942,26,23,43
1,99.9971,199.9942,26,24,31
1,99.9971,199.9942,26,25,13
1,99.9971,199.9942,26,26,8
1,99.9971,199.9942,26,27,2
1,99.9971,199.9942,26,53,2
1,99.9971,199.9942,26,54,1
1,99.9971,199.9942,26,55,3
1,99.9971,199.9942,26,57,2
1,99.9971,199.9942,26,58,1
1,99.9971,199.9942,26,59,1
1,99.9971,199.9942,26,60,1
1,99.9971,199.9942,26,61,1
1,99.9971,199.9942,26,62,5
1,99.9971,199.9942,26,63,4
1,99.9971,199.9942,26,64,8
1,99.9971,199.9942,26,65,28
1,99.9971,199.9942,26,66,31
1,99.9971,199.9942,26,67,107
1,99.9971,199.9942,26,68,169
1,99.9971,199.9942,26,69,302
1,99.9971,199.9942,26,70,384
1,99.9971,199.9942,26,71,461
1,99.9971,199.9942,27,0,267
1,99.9971,199.9942,27,1,277
1,99.9971,199.9942,27,2,175
1,99.9971,199.9942,27,3,96
1,99.9971,199.9942,27,4,52
1,99.9971,199.9942,27,5,25
1,99.9971,199.9942,27,6,12
1,99.9971,199.9942,27,7,5
1,99.9971,199.9942,27,8,3
1,99.9971,199.9942,27,9,3
1,99.9971,199.9942,27,10,3
1,99.9971,199.9942,27,11,3
1,99.9971,199.9942,27,13,1
1,99.9971,199.9942,27,14,1
1,99.9971,199.9942,27,16,2
1,99.9971,199.9942,27,17,8
1,99.9971,199.9942,27,18,11
1,99.9971,199.9942,27,19,19
1,99.9971,199.9942,27,20,19
1,99.9971,199.9942,27,21,30
1,99.9971,199.9942,27,22,23
1,99.9971,199.9942,27,23,19
1,99.9971,199.9942,27,24,4
1,99.9971,199.9942,27,25,6
1,99.9971,199.9942,27,26,1
1,99.9971,199.9942,27,52,1
1,99.9971,199.9942,27,53,1
1,99.9971,199.9942,27,55,1
1,99.9971,199.9942,27,61,1
1,99.9971,199.9942,27,62,2
1,99.9971,199.9942,27,63,1
1,99.9971,199.9942,27,64,5
1,99.9971,199.9942,27,65,16
1,99.9971,199.9942,27,66,27
1,99.9971,199.9942,27,67,59
1,99.9971,199.9942,27,68,91
1,99.9971,199.9942,27,69,162
1,99.9971,199.9942,27,70,228
1,99.9971,199.9942,27,71,244
1,99.9971,199.9942,28,0,142
1,99.9971,199.9942,28,1,136
1,99.9971,199.9942,28,2,103
1,99.9971,199.9942,28,3,53
1,99.9971,199.9942,28,4,28
1,99.9971,199.9942,28,5,14
1,99.9971,199.9942,28,6,9
1,99.9971,199.9942,28,7,5
1,99.9971,199.9942,28,8,1
1,99.9971,199.9942,28,9,1
1,99.9971,199.9942,28,10,1
1,99.9971,199.9942,28,11,1
1,99.9971,199.9942,28,12,1
1,99.9971,199.9942,28,13,1
1,99.9971,199.9942,28,16,1
1,99.9971,199.9942,28,17,1
1,99.9971,199.9942,28,18,1
1,99.9971,199.9942,28,19,9
1,99.9971,199.9942,28,20,10
1,99.9971,199.9942,28,21,14
1,99.9971,199.9942,28,22,8
1,99.9971,199.9942,28,23,1
1,99.9971,199.9942,28,24,6
1,99.9971,199.9942,28,25,1
1,99.9971,199.9942,28,55,1
1,99.9971,199.9942,28,56,1
1,99.9971,199.9942,28,57,1
1,99.9971,199.9942,28,61,2
1,99.9971,199.9942,28,64,7
1,99.9971,199.9942,28,65,6
1,99.9971,199.9942,28,66,14
1,99.9971,199.9942,28,67,32
1,99.9971,199.9942,28,68,45
1,99.9971,199.9942,28,69,74
1,99.9971,199.9942,28,70,106
1,99.9971,199.9942,28,71,134
1,99.9971,199.9942,29,0,76
1,99.9971,199.9942,29,1,51
1,99.9971,199.9942,29,2,44
1,99.9971,199.9942,29,3,25
1,99.9971,199.9942,29,4,15
1,99.9971,199.9942,29,5,6
1,99.9971,199.9942,29,6,4
1,99.9971,199.9942,29,7,3
1,99.9971,199.9942,29,11,1
1,99.9971,199.9942,29,16,2
1,99.9971,199.9942,29,17,1
1,99.9971,199.9942,29,18,2
1,99.9971,199.9942,29,19,3
1,99.9971,199.9942,29,20,6
1,99.9971,199.9942,29,21,5
1,99.9971,199.9942,29,22,2
1,99.9971,199.9942,29,24,1
1,99.9971,199.9942,29,59,1
1,99.9971,199.9942,29,61,2
1,99.9971,199.9942,29,64,2
1,99.9971,199.9942,29,65,1
1,99.9971,199.9942,29,66,5
1,99.9971,199.9942,29,67,14
1,99.9971,199.9942,29,68,20
1,99.9971,199.9942,29,69,46
1,99.9971,199.9942,29,70,72
1,99.9971,199.9942,29,71,58
1,99.9971,199.9942,30,0,32
1,99.9971,199.9942,30,1,24
1,99.9971,199.9942,30,2,16
1,99.9971,199.9942,30,3,13
1,99.9971,199.9942,30,4,4
1,99.9971,199.9942,30,5,3
1,99.9971,199.9942,30,6,6
1,99.9971,199.9942,30,7,1
1,99.9971,199.9942,30,11,1
1,99.9971,199.9942,30,14,1
1,99.9971,199.9942,30,16,1
1,99.9971,199.9942,30,17,1
1,99.9971,199.9942,30,20,3
1,99.9971,199.9942,30,22,2
1,99.9971,199.9942,30,64,1
1,99.9971,199.9942,30,65,1
1,99.9971,199.9942,30,66,2
1,99.9971,199.9942,30,67,9
1,99.9971,199.9942,30,68,13
1,99.9971,199.9942,30,69,16
1,99.9971,199.9942,30,70,27
1,99.9971,199.9942,30,71,32
1,99.9971,199.9942,31,0,12
1,99.9971,199.9942,31,1,11
1,99.9971,199.9942,31,2,12
1,99.9971,199.9942,31,3,5
1,99.9971,199.9942,31,4,1
1,99.9971,199.9942,31,5,1
1,99.9971,199.9942,31,13,1
1,99.9971,199.9942,31,22,1
1,99.9971,199.9942,31,65,2
1,99.9971,199.9942,31,66,1
1,99.9971,199.9942,31,67,3
1,99.9971,199.9942,31,68,3
1,99.9971,199.9942,31,69,8
1,99.9971,199.9942,31,70,8
1,99.9971,199.9942,31,71,16
1,99.9971,199.9942,32,0,6
1,99.9971,199.9942,32,1,6
1,99.9971,199.9942,32,2,3
1,99.9971,199.9942,32,3,1
1,99.9971,199.9942,32,4,2
1,99.9971,199.9942,32,6,1
1,99.9971,199.9942,32,66,1
1,99.9971,199.9942,32,67,5
1,99.9971,199.9942,32,68,4
1,99.9971,199.9942,32,69,3
1,99.9971,199.9942,32,70,6
1,99.9971,199.9942,32,71,4
1,99.9971,199.9942,33,0,4
1,99.9971,199.9942,33,1,5
1,99.9971,199.9942,33,2,4
1,99.9971,199.9942,33,3,1
1,99.9971,199.9942,33,4,1
1,99.9971,199.9942,33,15,1
1,99.9971,199.9942,33,21,1
1,99.9971,199.9942,33,68,1
1,99.9971,199.9942,33,70,2
1,99.9971,199.9942,33,71,3
1,99.9971,199.9942,34,0,1
1,99.9971,199.9942,34,1,3
1,99.9971,199.9942,34,2,3
1,99.9971,199.9942,34,3,1
1,99.9971,199.9942,34,68,2
1,99.9971,199.9942,34,69,3
1,99.9971,199.9942,34,70,4
1,99.9971,199.9942,34,71,4
1,99.9971,199.9942,35,0,2
1,99.9971,199.9942,35,1,1
1,99.9971,199.9942,35,2,1
1,99.9971,199.9942,35,68,2
1,99.9971,199.9942,35,71,2
1,99.9971,199.9942,36,0,6
1,99.9971,199.9942,36,1,1
1,99.9971,199.9942,36,2,3
1,99.9971,199.9942,36,5,1
1,99.9971,199.9942,36,69,1
1,99.9971,199.9942,36,70,1
1,99.9971,199.9942,37,0,2
1,99.9971,199.9942,37,1,1
1,99.9971,199.9942,37,66,1
1,99.9971,199.9942,37,67,1
1,99.9971,199.9942,37,69,2
1,99.9971,199.9942,37,70,3
1,99.9971,199.9942,37,71,5
1,99.9971,199.9942,38,0,3
1,99.9971,199.9942,38,1,4
1,99.9971,199.9942,38,2,1
1,99.9971,199.9942,38,3,1
1,99.9971,199.9942,38,4,1
1,99.9971,199.9942,38,65,2
1,99.9971,199.9942,38,68,1
1,99.9971,199.9942,38,69,3
1,99.9971,199.9942,38,70,4
1,99.9971,199.9942,38,71,4
1,99.9971,199.9942,39,0,8
1,99.9971,199.9942,39,1,5
1,99.9971,199.9942,39,2,4
1,99.9971,199.9942,39,3,2
1,99.9971,199.9942,39,4,4
1,99.9971,199.9942,39,53,1
1,99.9971,199.9942,39,66,1
1,99.9971,199.9942,39,67,2
1,99.9971,199.9942,39,68,1
1,99.9971,199.9942,39,69,1
1,99.9971,199.9942,39,70,7
1,99.9971,199.9942,39,71,4
1,99.9971,199.9942,40,0,23
1,99.9971,199.9942,40,1,11
1,99.9971,199.9942,40,2,12
1,99.9971,199.9942,40,3,4
1,99.9971,199.9942,40,4,1
1,99.9971,199.9942,40,5,2
1,99.9971,199.9942,40,7,1
1,99.9971,199.9942,40,63,1
1,99.9971,199.9942,40,66,2
1,99.9971,199.9942,40,67,2
1,99.9971,199.9942,40,68,4
1,99.9971,199.9942,40,69,18
1,99.9971,199.9942,40,70,9
1,99.9971,199.9942,40,71,14
1,99.9971,199.9942,41,0,28
1,99.9971,199.9942,41,1,23
1,99.9971,199.9942,41,2,23
1,99.9971,199.9942,41,3,9
1,99.9971,199.9942,41,4,3
1,99.9971,199.9942,41,5,3
1,99.9971,199.9942,41,9,1
1,99.9971,199.9942,41,50,2
1,99.9971,199.9942,41,56,1
1,99.9971,199.9942,41,64,1
1,99.9971,199.9942,41,65,1
1,99.9971,199.9942,41,66,2
1,99.9971,199.9942,41,67,5
1,99.9971,199.9942,41,68,14
1,99.9971,199.9942,41,69,22
1,99.9971,199.9942,41,70,26
1,99.9971,199.9942,41,71,38
1,99.9971,199.9942,42,0,72
1,99.9971,199.9942,42,1,49
1,99.9971,199.9942,42,2,30
1,99.9971,199.9942,42,3,25
1,99.9971,199.9942,42,4,14
1,99.9971,199.9942,42,5,9
1,99.9971,199.9942,42,6,2
1,99.9971,199.9942,42,7,2
1,99.9971,199.9942,42,9,1
1,99.9971,199.9942,42,47,1
1,99.9971,199.9942,42,48,1
1,99.9971,199.9942,42,49,4
1,99.9971,199.9942,42,50,3
1,99.9971,199.9942,42,51,5
1,99.9971,199.9942,42,52,7
1,99.9971,199.9942,42,54,2
1,99.9971,199.9942,42,57,1
1,99.9971,199.9942,42,60,1
1,99.9971,199.9942,42,64,2
1,99.9971,199.9942,42,65,3
1,99.9971,199.9942,42,66,6
1,99.9971,199.9942,42,67,9
1,99.9971,199.9942,42,68,22
1,99.9971,199.9942,42,69,50
1,99.9971,199.9942,42,70,80
1,99.9971,199.9942,42,71,84
1,99.9971,199.9942,43,0,155
1,99.9971,199.9942,43,1,130
1,99.9971,199.9942,43,2,91
1,99.9971,199.9942,43,3,50
1,99.9971,199.9942,43,4,35
1,99.9971,199.9942,43,5,13
1,99.9971,199.9942,43,6,10
1,99.9971,199.9942,43,7,3
1,99.9971,199.9942,43,10,1
1,99.9971,199.9942,43,11,1
1,99.9971,199.9942,43,46,1
1,99.9971,199.9942,43,47,4
1,99.9971,199.9942,43,48,6
1,99.9971,199.9942,43,49,10
1,99.9971,199.9942,43,50,6
1,99.9971,199.9942,43,51,6
1,99.9971,199.9942,43,52,9
1,99.9971,199.9942,43,53,6
1,99.9971,199.9942,43,54,5
1,99.9971,199.9942,43,56,2
1,99.9971,199.9942,43,59,1
1,99.9971,199.9942,43,62,3
1,99.9971,199.9942,43,63,1
1,99.9971,199.9942,43,65,7
1,99.9971,199.9942,43,66,12
1,99.9971,199.9942,43,67,19
1,99.9971,199.9942,43,68,60
1,99.9971,199.9942,43,69,83
1,99.9971,199.9942,43,70,140
1,99.9971,199.9942,43,71,164
1,99.9971,199.9942,44,0,313
1,99.9971,199.9942,44,1,244
1,99.9971,199.9942,44,2,189
1,99.9971,199.9942,44,3,100
1,99.9971,199.9942,44,4,47
1,99.9971,199.9942,44,5,29
1,99.9971,199.9942,44,6,12
1,99.9971,199.9942,44,7,5
1,99.9971,199.9942,44,8,4
1,99.9971,199.9942,44,13,1
1,99.9971,199.9942,44,16,1
1,99.9971,199.9942,44,45,1
1,99.9971,199.9942,44,47,9
1,99.9971,199.9942,44,48,22
1,99.9971,199.9942,44,49,28
1,99.9971,199.9942,44,50,22
1,99.9971,199.9942,44,51,20
1,99.9971,199.9942,44,52,17
1,99.9971,199.9942,44,53,10
1,99.9971,199.9942,44,54,7
1,99.9971,199.9942,44,55,5
1,99.9971,199.9942,44,56,2
1,99.9971,199.9942,44,57,4
1,99.9971,199.9942,44,59,1
1,99.9971,199.9942,44,60,1
1,99.9971,199.9942,44,62,1
1,99.9971,199.9942,44,63,4
1,99.9971,199.9942,44,64,3
1,99.9971,199.9942,44,65,8
1,99.9971,199.9942,44,66,32
1,99.9971,199.9942,44,67,62
1,99.9971,199.9942,44,68,93
1,99.9971,199.9942,44,69,214
1,99.9971,199.9942,44,70,264
1,99.9971,199.9942,44,71,304
1,99.9971,199.9942,45,0,553
1,99.9971,199.9942,45,1,483
1,99.9971,199.9942,45,2,306
1,99.9971,199.9942,45,3,184
1,99.9971,199.9942,45,4,89
1,99.9971,199.9942,45,5,60
1,99.9971,199.9942,45,6,15
1,99.9971,199.9942,45,7,9
1,99.9971,199.9942,45,8,4
1,99.9971,199.9942,45,9,3
1,99.9971,199.9942,45,10,1
1,99.9971,199.9942,45,11,1
1,99.9971,199.9942,45,13,1
1,99.9971,199.9942,45,15,2
1,99.9971,199.9942,45,17,1
1,99.9971,199.9942,45,18,1
1,99.9971,199.9942,45,21,1
1,99.9971,199.9942,45,22,1
1,99.9971,199.9942,45,44,2
1,99.9971,199.9942,45,45,5
1,99.9971,199.9942,45,46,13
1,99.9971,199.9942,45,47,15
1,99.9971,199.9942,45,48,48
1,99.9971,199.9942,45,49,55
1,99.9971,199.9942,45,50,52
1,99.9971,199.9942,45,51,42
1,99.9971,199.9942,45,52,25
1,99.9971,199.9942,45,53,16
1,99.9971,199.9942,45,54,12
1,99.9971,199.9942,45,55,7
1,99.9971,199.9942,45,56,3
1,99.9971,199.9942,45,57,1
1,99.9971,199.9942,45,58,2
1,99.9971,199.9942,45,59,1
1,99.9971,199.9942,45,60,1
1,99.9971,199.9942,45,61,4
1,99.9971,199.9942,45,62,4
1,99.9971,199.9942,45,63,6
1,99.9971,199.9942,45,64,16
1,99.9971,199.9942,45,65,22
1,99.9971,199.9942,45,66,60
1,99.9971,199.9942,45,67,112
1,99.9971,199.9942,45,68,173
1,99.9971,199.9942,45,69,306
1,99.9971,199.9942,45,70,446
1,99.9971,199.9942,45,71,573
1,99.9971,199.9942,46,0,901
1,99.9971,199.9942,46,1,700
1,99.9971,199.9942,46,2,507
1,99.9971,199.9942,46,3,339
1,99.9971,199.9942,46,4,166
1,99.9971,199.9942,46,5,79
1,99.9971,199.9942,46,6,39
1,99.9971,199.9942,46,7,12
1,99.9971,199.9942,46,8,6
1,99.9971,199.9942,46,9,7
1,99.9971,199.9942,46,10,6
1,99.9971,199.9942,46,11,3
1,99.9971,199.9942,46,12,1
1,99.9971,199.9942,46,13,2
1,99.9971,199.9942,46,14,1
1,99.9971,199.9942,46,16,3
1,99.9971,199.9942,46,17,3
1,99.9971,199.9942,46,18,1
1,99.9971,199.9942,46,21,1
1,99.9971,199.9942,46,43,1
1,99.9971,199.9942,46,44,2
1,99.9971,199.9942,46,45,13
1,99.9971,199.9942,46,46,28
1,99.9971,199.9942,46,47,52
1,99.9971,199.9942,46,48,96
1,99.9971,199.9942,46,49,119
1,99.9971,199.9942,46,50,104
1,99.9971,199.9942,46,51,64
1,99.9971,199.9942,46,52,54
1,99.9971,199.9942,46,53,28
1,99.9971,199.9942,46,54,26
1,99.9971,199.9942,46,55,12
1,99.9971,199.9942,46,56,7
1,99.9971,199.9942,46,57,4
1,99.9971,199.9942,46,58,1
1,99.9971,199.9942,46,59,6
1,99.9971,199.9942,46,60,4
1,99.9971,199.9942,46,61,3
1,99.9971,199.9942,46,62,2
1,99.9971,199.9942,46,63,7
1,99.9971,199.9942,46,64,18
1,99.9971,199.9942,46,65,49
1,99.9971,199.9942,46,66,66
1,99.9971,199.9942,46,67,166
1,99.9971,199.9942,46,68,346
1,99.9971,199.9942,46,69,541
1,99.9971,199.9942,46,70,718
1,99.9971,199.9942,46,71,893
1,99.9971,199.9942,47,0,1214
1,99.9971,199.9942,47,1,995
1,99.9971,199.9942,47,2,655
1,99.9971,199.9942,47,3,411
1,99.9971,199.9942,47,4,225
1,99.9971,199.9942,47,5,100
1,99.9971,199.9942,47,6,48
1,99.9971,199.9942,47,7,14
1,99.9971,199.9942,47,8,17
1,99.9971,199.9942,47,9,8
1,99.9971,199.9942,47,10,4
1,99.9971,199.9942,47,11,6
1,99.9971,199.9942,47,12,1
1,99.9971,199.9942,47,13,2
1,99.9971,199.9942,47,14,3
1,99.9971,199.9942,47,15,3
1,99.9971,199.9942,47,16,2
1,99.9971,199.9942,47,17,4
1,99.9971,199.9942,47,18,2
1,99.9971,199.9942,47,19,4
1,99.9971,199.9942,47,20,1
1,99.9971,199.9942,47,21,3
1,99.9971,199.9942,47,24,1
1,99.9971,199.9942,47,43,3
1,99.9971,199.9942,47,44,8
1,99.9971,199.9942,47,45,29
1,99.9971,199.9942,47,46,67
1,99.9971,199.9942,47,47,144
1,99.9971,199.9942,47,48,146
1,99.9971,199.9942,47,49,178
1,99.9971,199.9942,47,50,149
1,99.9971,199.9942,47,51,108
1,99.9971,199.9942,47,52,75
1,99.9971,199.9942,47,53,43
1,99.9971,199.9942,47,54,24
1,99.9971,199.9942,47,55,15
1,99.9971,199.9942,47,56,8
1,99.9971,199.9942,47,57,6
1,99.9971,199.9942,47,58,4
1,99.9971,199.9942,47,59,3
1,99.9971,199.9942,47,60,5
1,99.9971,199.9942,47,61,3
1,99.9971,199.9942,47,62,7
1,99.9971,199.9942,47,63,18
1,99.9971,199.9942,47,64,19
1,99.9971,199.9942,47,65,47
1,99.9971,199.9942,47,66,105
1,99.9971,199.9942,47,67,197
1,99.9971,199.9942,47,68,389
1,99.9971,199.9942,47,69,696
1,99.9971,199.9942,47,70,959
1,99.9971,199.9942,47,71,1203
1,99.9971,199.9942,48,0,1264
1,99.9971,199.9942,48,1,1089
1,99.9971,199.9942,48,2,748
1,99.9971,199.9942,48,3,510
1,99.9971,199.9942,48,4,216
1,99.9971,199.9942,48,5,115
1,99.9971,199.9942,48,6,58
1,99.9971,199.9942,48,7,28
1,99.9971,199.9942,48,8,4
1,99.9971,199.9942,48,9,4
1,99.9971,199.9942,48,10,8
1,99.9971,199.9942,48,11,5
1,99.9971,199.9942,48,12,2
1,99.9971,199.9942,48,13,7
1,99.9971,199.9942,48,14,3
1,99.9971,199.9942,48,15,4
1,99.9971,199.9942,48,16,3
1,99.9971,199.9942,48,17,6
1,99.9971,199.9942,48,18,7
1,99.9971,199.9942,48,19,4
1,99.9971,199.9942,48,20,4
1,99.9971,199.9942,48,22,1
1,99.9971,199.9942,48,23,1
1,99.9971,199.9942,48,42,1
1,99.9971,199.9942,48,43,3
1,99.9971,199.9942,48,44,23
1,99.9971,199.9942,48,45,45
1,99.9971,199.9942,48,46,73
1,99.9971,199.9942,48,47,150
1,99.9971,199.9942,48,48,207
1,99.9971,199.9942,48,49,247
1,99.9971,199.9942,48,50,178
1,99.9971,199.9942,48,51,135
1,99.9971,199.9942,48,52,75
1,99.9971,199.9942,48,53,47
1,99.9971,199.9942,48,54,31
1,99.9971,199.9942,48,55,15
1,99.9971,199.9942,48,56,3
1,99.9971,199.9942,48,57,8
1,99.9971,199.9942,48,58,6
1,99.9971,199.9942,48,59,1
1,99.9971,199.9942,48,60,4
1,99.9971,199.9942,48,61,7
1,99.9971,199.9942,48,62,12
1,99.9971,199.9942,48,63,11
1,99.9971,199.9942,48,64,37
1,99.9971,199.9942,48,65,62
1,99.9971,199.9942,48,66,107
1,99.9971,199.9942,48,67,232
1,99.9971,199.9942,48,68,468
1,99.9971,199.9942,48,69,801
1,99.9971,199.9942,48,70,1086
1,99.9971,199.9942,48,71,1203
1,99.9971,199.9942,49,0,1178
1,99.9971,199.9942,49,1,985
1,99.9971,199.9942,49,2,660
1,99.9971,199.9942,49,3,453
1,99.9971,199.9942,49,4,225
1,99.9971,199.9942,49,5,105
1,99.9971,199.9942,49,6,48
1,99.9971,199.9942,49,7,21
1,99.9971,199.9942,49,8,7
1,99.9971,199.9942,49,9,7
1,99.9971,199.9942,49,10,1
1,99.9971,199.9942,49,11,10
1,99.9971,199.9942,49,12,2
1,99.9971,199.9942,49,13,1
1,99.9971,199.9942,49,14,5
1,99.9971,199.9942,49,15,3
1,99.9971,199.9942,49,16,2
1,99.9971,199.9942,49,17,4
1,99.9971,199.9942,49,18,2
1,99.9971,199.9942,49,19,6
1,99.9971,199.9942,49,20,6
1,99.9971,199.9942,49,22,4
1,99.9971,199.9942,49,43,6
1,99.9971,199.9942,49,44,25
1,99.9971,199.9942,49,45,52
1,99.9971,199.9942,49,46,116
1,99.9971,199.9942,49,47,179
1,99.9971,199.9942,49,48,207
1,99.9971,199.9942,49,49,219
1,99.9971,199.9942,49,50,166
1,99.9971,199.9942,49,51,127
1,99.9971,199.9942,49,52,83
1,99.9971,199.9942,49,53,38
1,99.9971,199.9942,49,54,23
1,99.9971,199.9942,49,55,20
1,99.9971,199.9942,49,56,4
1,99.9971,199.9942,49,57,5
1,99.9971,199.9942,49,58,4
1,99.9971,199.9942,49,59,2
1,99.9971,199.9942,49,60,2
1,99.9971,199.9942,49,62,3
1,99.9971,199.9942,49,63,11
1,99.9971,199.9942,49,64,16
1,99.9971,199.9942,49,65,58
1,99.9971,199.9942,49,66,132
1,99.9971,199.9942,49,67,214
1,99.9971,199.9942,49,68,411
1,99.9971,199.9942,49,69,712
1,99.9971,199.9942,49,70,979
1,99.9971,199.9942,49,71,1207
1,99.9971,199.9942,50,0,982
1,99.9971,199.9942,50,1,778
1,99.9971,199.9942,50,2,550
1,99.9971,199.9942,50,3,306
1,99.9971,199.9942,50,4,175
1,99.9971,199.9942,50,5,69
1,99.9971,199.9942,50,6,42
1,99.9971,199.9942,50,7,26
1,99.9971,199.9942,50,8,4
1,99.9971,199.9942,50,9,6
1,99.9971,199.9942,50,10,2
1,99.9971,199.9942,50,11,4
1,99.9971,199.9942,50,12,4
1,99.9971,199.9942,50,13,3
1,99.9971,199.9942,50,14,6
1,99.9971,199.9942,50,15,8
1,99.9971,199.9942,50,16,4
1,99.9971,199.9942,50,17,3
1,99.9971,199.9942,50,18,11
1,99.9971,199.9942,50,19,11
1,99.9971,199.9942,50,20,6
1,99.9971,199.9942,50,21,4
1,99.9971,199.9942,50,22,2
1,99.9971,199.9942,50,23,2
1,99.9971,199.9942,50,24,3
1,99.9971,199.9942,50,41,2
1,99.9971,199.9942,50,42,5
1,99.9971,199.9942,50,43,10
1,99.9971,199.9942,50,44,18
1,99.9971,199.9942,50,45,45
1,99.9971,199.9942,50,46,118
1,99.9971,199.9942,50,47,149
1,99.9971,199.9942,50,48,158
1,99.9971,199.9942,50,49,176
1,99.9971,199.9942,50,50,147
1,99.9971,199.9942,50,51,101
1,99.9971,199.9942,50,52,65
1,99.9971,199.9942,50,53,32
1,99.9971,199.9942,50,54,16
1,99.9971,199.9942,50,55,16
1,99.9971,199.9942,50,56,8
1,99.9971,199.9942,50,57,6
1,99.9971,199.9942,50,58,5
1,99.9971,199.9942,50,59,8
1,99.9971,199.9942,50,60,3
1,99.9971,199.9942,50,61,1
1,99.9971,199.9942,50,62,3
1,99.9971,199.9942,50,63,13
1,99.9971,199.9942,50,64,21
1,99.9971,199.9942,50,65,40
1,99.9971,199.9942,50,66,83
1,99.9971,199.9942,50,67,173
1,99.9971,199.9942,50,68,334
1,99.9971,199.9942,50,69,580
1,99.9971,199.9942,50,70,815
1,99.9971,199.9942,50,71,962
1,99.9971,199.9942,51,0,637
1,99.9971,199.9942,51,1,551
1,99.9971,199.9942,51,2,377
1,99.9971,199.9942,51,3,237
1,99.9971,199.9942,51,4,131
1,99.9971,199.9942,51,5,53
1,99.9971,199.9942,51,6,34
1,99.9971,199.9942,51,7,14
1,99.9971,199.9942,51,8,9
1,99.9971,199.9942,51,9,8
1,99.9971,199.9942,51,10,4
1,99.9971,199.9942,51,11,2
1,99.9971,199.9942,51,12,1
1,99.9971,199.9942,51,13,2
1,99.9971,199.9942,51,14,3
1,99.9971,199.9942,51,15,3
1,99.9971,199.9942,51,16,4
1,99.9971,199.9942,51,17,3
1,99.9971,199.9942,51,18,10
1,99.9971,199.9942,51,19,4
1,99.9971,199.9942,51,20,10
1,99.9971,199.9942,51,21,6
1,99.9971,199.9942,51,22,4
1,99.9971,199.9942,51,23,3
1,99.9971,199.9942,51,24,1
1,99.9971,199.9942,51,25,3
1,99.9971,199.9942,51,27,1
1,99.9971,199.9942,51,40,1
1,99.9971,199.9942,51,41,1
1,99.9971,199.9942,51,42,5
1,99.9971,199.9942,51,43,7
1,99.9971,199.9942,51,44,21
1,99.9971,199.9942,51,45,41
1,99.9971,199.9942,51,46,76
1,99.9971,199.9942,51,47,127
1,99.9971,199.9942,51,48,144
1,99.9971,199.9942,51,49,132
1,99.9971,199.9942,51,50,114
1,99.9971,199.9942,51,51,55
1,99.9971,199.9942,51,52,44
1,99.9971,199.9942,51,53,21
1,99.9971,199.9942,51,54,19
1,99.9971,199.9942,51,55,3
1,99.9971,199.9942,51,57,3
1,99.9971,199.9942,51,58,2
1,99.9971,199.9942,51,59,2
1,99.9971,199.9942,51,61,1
1,99.9971,199.9942,51,62,3
1,99.9971,199.9942,51,63,6
1,99.9971,199.9942,51,64,11
1,99.9971,199.9942,51,65,34
1,99.9971,199.9942,51,66,61
1,99.9971,199.9942,51,67,126
1,99.9971,199.9942,51,68,231
1,99.9971,199.9942,51,69,404
1,99.9971,199.9942,51,70,563
1,99.9971,199.9942,51,71,657
1,99.9971,199.9942,52,0,397
1,99.9971,199.9942,52,1,315
1,99.9971,199.9942,52,2,211
1,99.9971,199.9942,52,3,143
1,99.9971,199.9942,52,4,81
1,99.9971,199.9942,52,5,38
1,99.9971,199.9942,52,6,16
1,99.9971,199.9942,52,7,10
1,99.9971,199.9942,52,8,5
1,99.9971,199.9942,52,9,1
1,99.9971,199.9942,52,10,2
1,99.9971,199.9942,52,12,1
1,99.9971,199.9942,52,13,1
1,99.9971,199.9942,52,14,2
1,99.9971,199.9942,52,15,1
1,99.9971,199.9942,52,16,3
1,99.9971,199.9942,52,17,3
1,99.9971,199.9942,52,18,4
1,99.9971,199.9942,52,19,6
1,99.9971,199.9942,52,20,6
1,99.9971,199.9942,52,21,5
1,99.9971,199.9942,52,22,2
1,99.9971,199.9942,52,23,4
1,99.9971,199.9942,52,24,1
1,99.9971,199.9942,52,42,3
1,99.9971,199.9942,52,43,6
1,99.9971,199.9942,52,44,17
1,99.9971,199.9942,52,45,32
1,99.9971,199.9942,52,46,49
1,99.9971,199.9942,52,47,74
1,99.9971,199.9942,52,48,86
1,99.9971,199.9942,52,49,79
1,99.9971,199.9942,52,50,56
1,99.9971,199.9942,52,51,42
1,99.9971,199.9942,52,52,22
1,99.9971,199.9942,52,53,17
1,99.9971,199.9942,52,54,5
1,99.9971,199.9942,52,55,1
1,99.9971,199.9942,52,57,4
1,99.9971,199.9942,52,58,1
1,99.9971,199.9942,52,59,2
1,99.9971,199.9942,52,60,1
1,99.9971,199.9942,52,61,2
1,99.9971,199.9942,52,62,2
1,99.9971,199.9942,52,63,5
1,99.9971,199.9942,52,64,10
1,99.9971,199.9942,52,65,21
1,99.9971,199.9942,52,66,35
1,99.9971,199.9942,52,67,77
1,99.9971,199.9942,52,68,136
1,99.9971,199.9942,52,69,260
1,99.9971,199.9942,52,70,296
1,99.9971,199.9942,52,71,404
1,99.9971,199.9942,53,0,233
1,99.9971,199.9942,53,1,184
1,99.9971,199.9942,53,2,112
1,99.9971,199.9942,53,3,77
1,99.9971,199.9942,53,4,41
1,99.9971,199.9942,53,5,12
1,99.9971,199.9942,53,6,7
1,99.9971,199.9942,53,7,3
1,99.9971,199.9942,53,8,1
1,99.9971,199.9942,53,9,1
1,99.9971,199.9942,53,12,1
1,99.9971,199.9942,53,14,1
1,99.9971,199.9942,53,15,1
1,99.9971,199.9942,53,16,3
1,99.9971,199.9942,53,17,3
1,99.9971,199.9942,53,19,4
1,99.9971,199.9942,53,20,5
1,99.9971,199.9942,53,21,8
1,99.9971,199.9942,53,22,4
1,99.9971,199.9942,53,23,4
1,99.9971,199.9942,53,24,1
1,99.9971,199.9942,53,25,1
1,99.9971,199.9942,53,26,1
1,99.9971,199.9942,53,41,3
1,99.9971,199.9942,53,43,6
1,99.9971,199.9942,53,44,5
1,99.9971,199.9942,53,45,25
1,99.9971,199.9942,53,46,35
1,99.9971,199.9942,53,47,36
1,99.9971,199.9942,53,48,50
1,99.9971,199.9942,53,49,45
1,99.9971,199.9942,53,50,31
1,99.9971,199.9942,53,51,29
1,99.9971,199.9942,53,52,18
1,99.9971,199.9942,53,53,8
1,99.9971,199.9942,53,54,2
1,99.9971,199.9942,53,55,1
1,99.9971,199.9942,53,56,1
1,99.9971,199.9942,53,58,1
1,99.9971,199.9942,53,60,1
1,99.9971,199.9942,53,61,1
1,99.9971,199.9942,53,63,1
1,99.9971,199.9942,53,64,4
1,99.9971,199.9942,53,65,7
1,99.9971,199.9942,53,66,14
1,99.9971,199.9942,53,67,38
1,99.9971,199.9942,53,68,84
1,99.9971,199.9942,53,69,132
1,99.9971,199.9942,53,70,192
1,99.9971,199.9942,53,71,222
1,99.9971,199.9942,54,0,114
1,99.9971,199.9942,54,1,100
1,99.9971,199.9942,54,2,77
1,99.9971,199.9942,54,3,34
1,99.9971,199.9942,54,4,23
1,99.9971,199.9942,54,5,12
1,99.9971,199.9942,54,6,3
1,99.9971,199.9942,54,8,1
1,99.9971,199.9942,54,9,1
1,99.9971,199.9942,54,12,1
1,99.9971,199.9942,54,18,2
1,99.9971,199.9942,54,19,4
1,99.9971,199.9942,54,20,13
1,99.9971,199.9942,54,21,3
1,99.9971,199.9942,54,22,6
1,99.9971,199.9942,54,23,2
1,99.9971,199.9942,54,24,2
1,99.9971,199.9942,54,25,2
1,99.9971,199.9942,54,36,1
1,99.9971,199.9942,54,41,1
1,99.9971,199.9942,54,43,2
1,99.9971,199.9942,54,44,6
1,99.9971,199.9942,54,45,13
1,99.9971,199.9942,54,46,19
1,99.9971,199.9942,54,47,25
1,99.9971,199.9942,54,48,38
1,99.9971,199.9942,54,49,26
1,99.9971,199.9942,54,50,21
1,99.9971,199.9942,54,51,24
1,99.9971,199.9942,54,52,8
1,99.9971,199.9942,54,53,4
1,99.9971,199.9942,54,54,4
1,99.9971,199.9942,54,55,2
1,99.9971,199.9942,54,56,1
1,99.9971,199.9942,54,60,1
1,99.9971,199.9942,54,61,1
1,99.9971,199.9942,54,64,3
1,99.9971,199.9942,54,65,4
1,99.9971,199.9942,54,66,11
1,99.9971,199.9942,54,67,24
1,99.9971,199.9942,54,68,37
1,99.9971,199.9942,54,69,74
1,99.9971,199.9942,54,70,100
1,99.9971,199.9942,54,71,127
1,99.9971,199.9942,55,0,56
1,99.9971,199.9942,55,1,63
1,99.9971,199.9942,55,2,23
1,99.9971,199.9942,55,3,17
1,99.9971,199.9942,55,4,18
1,99.9971,199.9942,55,5,3
1,99.9971,199.9942,55,6,2
1,99.9971,199.9942,55,7,3
1,99.9971,199.9942,55,11,1
1,99.9971,199.9942,55,18,2
1,99.9971,199.9942,55,19,3
1,99.9971,199.9942,55,20,5
1,99.9971,199.9942,55,21,3
1,99.9971,199.9942,55,22,5
1,99.9971,199.9942,55,23,2
1,99.9971,199.9942,55,24,4
1,99.9971,199.9942,55,25,1
1,99.9971,199.9942,55,26,1
1,99.9971,199.9942,55,42,2
1,99.9971,199.9942,55,43,2
1,99.9971,199.9942,55,44,8
1,99.9971,199.9942,55,45,4
1,99.9971,199.9942,55,46,13
1,99.9971,199.9942,55,47,15
1,99.9971,199.9942,55,48,17
1,99.9971,199.9942,55,49,10
1,99.9971,199.9942,55,50,11
1,99.9971,199.9942,55,51,3
1,99.9971,199.9942,55,52,3
1,99.9971,199.9942,55,53,4
1,99.9971,199.9942,55,54,1
1,99.9971,199.9942,55,62,1
1,99.9971,199.9942,55,63,3
1,99.9971,199.9942,55,64,1
1,99.9971,199.9942,55,65,4
1,99.9971,199.9942,55,66,5
1,99.9971,199.9942,55,67,7
1,99.9971,199.9942,55,68,27
1,99.9971,199.9942,55,69,47
1,99.9971,199.9942,55,70,58
1,99.9971,199.9942,55,71,58
1,99.9971,199.9942,56,0,45
1,99.9971,199.9942,56,1,28
1,99.9971,199.9942,56,2,21
1,99.9971,199.9942,56,3,14
1,99.9971,199.9942,56,4,2
1,99.9971,199.9942,56,5,5
1,99.9971,199.9942,56,6,2
1,99.9971,199.9942,56,16,1
1,99.9971,199.9942,56,19,1
1,99.9971,199.9942,56,20,1
1,99.9971,199.9942,56,21,6
1,99.9971,199.9942,56,22,2
1,99.9971,199.9942,56,23,6
1,99.9971,199.9942,56,24,3
1,99.9971,199.9942,56,25,1
1,99.9971,199.9942,56,41,1
1,99.9971,199.9942,56,42,1
1,99.9971,199.9942,56,43,1
1,99.9971,199.9942,56,45,3
1,99.9971,199.9942,56,46,6
1,99.9971,199.9942,56,47,4
1,99.9971,199.9942,56,48,12
1,99.9971,199.9942,56,49,12
1,99.9971,199.9942,56,50,3
1,99.9971,199.9942,56,51,5
1,99.9971,199.9942,56,52,3
1,99.9971,199.9942,56,53,1
1,99.9971,199.9942,56,54,1
1,99.9971,199.9942,56,62,1
1,99.9971,199.9942,56,63,1
1,99.9971,199.9942,56,64,1
1,99.9971,199.9942,56,66,2
1,99.9971,199.9942,56,67,7
1,99.9971,199.9942,56,68,13
1,99.9971,199.9942,56,69,21
1,99.9971,199.9942,56,70,36
1,99.9971,199.9942,56,71,26
1,99.9971,199.9942,57,0,25
1,99.9971,199.9942,57,1,19
1,99.9971,199.9942,57,2,24
1,99.9971,199.9942,57,3,9
1,99.9971,199.9942,57,5,3
1,99.9971,199.9942,57,17,2
1,99.9971,199.9942,57,18,1
1,99.9971,199.9942,57,20,2
1,99.9971,199.9942,57,21,2
1,99.9971,199.9942,57,23,1
1,99.9971,199.9942,57,24,2
1,99.9971,199.9942,57,25,3
1,99.9971,199.9942,57,44,3
1,99.9971,199.9942,57,45,3
1,99.9971,199.9942,57,46,2
1,99.9971,199.9942,57,47,5
1,99.9971,199.9942,57,48,3
1,99.9971,199.9942,57,49,9
1,99.9971,199.9942,57,50,1
1,99.9971,199.9942,57,51,2
1,99.9971,199.9942,57,52,2
1,99.9971,199.9942,57,54,1
1,99.9971,199.9942,57,55,1
1,99.9971,199.9942,57,65,1
1,99.9971,199.9942,57,66,3
1,99.9971,199.9942,57,67,3
1,99.9971,199.9942,57,68,11
1,99.9971,199.9942,57,69,11
1,99.9971,199.9942,57,70,17
1,99.9971,199.9942,57,71,20
1,99.9971,199.9942,58,0,19
1,99.9971,199.9942,58,1,18
1,99.9971,199.9942,58,2,13
1,99.9971,199.9942,58,3,4
1,99.9971,199.9942,58,4,3
1,99.9971,199.9942,58,5,3
1,99.9971,199.9942,58,6,2
1,99.9971,199.9942,58,7,2
1,99.9971,199.9942,58,13,1
1,99.9971,199.9942,58,20,1
1,99.9971,199.9942,58,21,2
1,99.9971,199.9942,58,22,9
1,99.9971,199.9942,58,23,5
1,99.9971,199.9942,58,24,3
1,99.9971,199.9942,58,25,1
1,99.9971,199.9942,58,26,1
1,99.9971,199.9942,58,27,2
1,99.9971,199.9942,58,42,1
1,99.9971,199.9942,58,44,1
1,99.9971,199.9942,58,45,1
1,99.9971,199.9942,58,46,4
1,99.9971,199.9942,58,48,6
1,99.9971,199.9942,58,49,4
1,99.9971,199.9942,58,50,1
1,99.9971,199.9942,58,51,2
1,99.9971,199.9942,58,52,1
1,99.9971,199.9942,58,53,1
1,99.9971,199.9942,58,64,1
1,99.9971,199.9942,58,65,1
1,99.9971,199.9942,58,66,2
1,99.9971,199.9942,58,67,3
1,99.9971,199.9942,58,68,8
1,99.9971,199.9942,58,69,15
1,99.9971,199.9942,58,70,23
1,99.9971,199.9942,58,71,22
1,99.9971,199.9942,59,0,17
1,99.9971,199.9942,59,1,14
1,99.9971,199.9942,59,2,12
1,99.9971,199.9942,59,3,4
1,99.9971,199.9942,59,4,2
1,99.9971,199.9942,59,5,2
1,99.9971,199.9942,59,7,1
1,99.9971,199.9942,59,12,1
1,99.9971,199.9942,59,17,1
1,99.9971,199.9942,59,19,1
1,99.9971,199.9942,59,20,3
1,99.9971,199.9942,59,21,5
1,99.9971,199.9942,59,22,2
1,99.9971,199.9942,59,23,5
1,99.9971,199.9942,59,25,1
1,99.9971,199.9942,59,27,2
1,99.9971,199.9942,59,28,1
1,99.9971,199.9942,59,45,3
1,99.9971,199.9942,59,46,1
1,99.9971,199.9942,59,47,1
1,99.9971,199.9942,59,48,5
1,99.9971,199.9942,59,49,1
1,99.9971,199.9942,59,50,4
1,99.9971,199.9942,59,52,2
1,99.9971,199.9942,59,54,1
1,99.9971,199.9942,59,56,1
1,99.9971,199.9942,59,66,2
1,99.9971,199.9942,59,67,6
1,99.9971,199.9942,59,68,5
1,99.9971,199.9942,59,69,13
1,99.9971,199.9942,59,70,17
1,99.9971,199.9942,59,71,19
1,99.9971,199.9942,60,0,20
1,99.9971,199.9942,60,1,19
1,99.9971,199.9942,60,2,9
1,99.9971,199.9942,60,3,6
1,99.9971,199.9942,60,4,2
1,99.9971,199.9942,60,6,1
1,99.9971,199.9942,60,7,2
1,99.9971,199.9942,60,18,1
1,99.9971,199.9942,60,19,2
1,99.9971,199.9942,60,20,2
1,99.9971,199.9942,60,22,3
1,99.9971,199.9942,60,23,7
1,99.9971,199.9942,60,24,3
1,99.9971,199.9942,60,25,1
1,99.9971,199.9942,60,27,1
1,99.9971,199.9942,60,42,1
1,99.9971,199.9942,60,45,1
1,99.9971,199.9942,60,46,6
1,99.9971,199.9942,60,47,4
1,99.9971,199.9942,60,48,5
1,99.9971,199.9942,60,49,3
1,99.9971,199.9942,60,50,3
1,99.9971,199.9942,60,51,2
1,99.9971,199.9942,60,52,2
1,99.9971,199.9942,60,54,1
1,99.9971,199.9942,60,65,1
1,99.9971,199.9942,60,66,1
1,99.9971,199.9942,60,67,5
1,99.9971,199.9942,60,68,7
1,99.9971,199.9942,60,69,8
1,99.9971,199.9942,60,70,11
1,99.9971,199.9942,60,71,16
1,99.9971,199.9942,61,0,23
1,99.9971,199.9942,61,1,18
1,99.9971,199.9942,61,2,13
1,99.9971,199.9942,61,3,8
1,99.9971,199.9942,61,4,3
1,99.9971,199.9942,61,5,1
1,99.9971,199.9942,61,6,2
1,99.9971,199.9942,61,7,1
1,99.9971,199.9942,61,15,1
1,99.9971,199.9942,61,18,1
1,99.9971,199.9942,61,19,1
1,99.9971,199.9942,61,20,3
1,99.9971,199.9942,61,21,1
1,99.9971,199.9942,61,22,5
1,99.9971,199.9942,61,23,2
1,99.9971,199.9942,61,24,2
1,99.9971,199.9942,61,25,2
1,99.9971,199.9942,61,26,4
1,99.9971,199.9942,61,28,1
1,99.9971,199.9942,61,29,1
1,99.9971,199.9942,61,44,1
1,99.9971,199.9942,61,45,1
1,99.9971,199.9942,61,46,4
1,99.9971,199.9942,61,47,6
1,99.9971,199.9942,61,48,10
1,99.9971,199.9942,61,49,7
1,99.9971,199.9942,61,50,5
1,99.9971,199.9942,61,51,4
1,99.9971,199.9942,61,52,1
1,99.9971,199.9942,61,53,2
1,99.9971,199.9942,61,64,1
1,99.9971,199.9942,61,65,1
1,99.9971,199.9942,61,66,1
1,99.9971,199.9942,61,67,4
1,99.9971,199.9942,61,68,10
1,99.9971,199.9942,61,69,13
1,99.9971,199.9942,61,70,20
1,99.9971,199.9942,61,71,25
1,99.9971,199.9942,62,0,30
1,99.9971,199.9942,62,1,25
1,99.9971,199.9942,62,2,16
1,99.9971,199.9942,62,3,10
1,99.9971,199.9942,62,4,10
1,99.9971,199.9942,62,5,7
1,99.9971,199.9942,62,8,1
1,99.9971,199.9942,62,19,1
1,99.9971,199.9942,62,20,2
1,99.9971,199.9942,62,21,4
1,99.9971,199.9942,62,22,13
1,99.9971,199.9942,62,23,6
1,99.9971,199.9942,62,24,12
1,99.9971,199.9942,62,25,4
1,99.9971,199.9942,62,26,3
1,99.9971,199.9942,62,27,2
1,99.9971,199.9942,62,28,1
1,99.9971,199.9942,62,29,1
1,99.9971,199.9942,62,41,1
1,99.9971,199.9942,62,45,6
1,99.9971,199.9942,62,46,8
1,99.9971,199.9942,62,47,9
1,99.9971,199.9942,62,48,9
1,99.9971,199.9942,62,49,7
1,99.9971,199.9942,62,50,5
1,99.9971,199.9942,62,51,8
1,99.9971,199.9942,62,52,2
1,99.9971,199.9942,62,53,2
1,99.9971,199.9942,62,54,3
1,99.9971,199.9942,62,55,1
1,99.9971,199.9942,62,62,1
1,99.9971,199.9942,62,66,3
1,99.9971,199.9942,62,67,4
1,99.9971,199.9942,62,68,24
1,99.9971,199.9942,62,69,18
1,99.9971,199.9942,62,70,22
1,99.9971,199.9942,62,71,35
1,99.9971,199.9942,63,0,55
1,99.9971,199.9942,63,1,47
1,99.9971,199.9942,63,2,33
1,99.9971,199.9942,63,3,16
1,99.9971,199.9942,63,4,11
1,99.9971,199.9942,63,5,4
1,99.9971,199.9942,63,9,1
1,99.9971,199.9942,63,13,1
1,99.9971,199.9942,63,16,1
1,99.9971,199.9942,63,18,4
1,99.9971,199.9942,63,19,1
1,99.9971,199.9942,63,20,10
1,99.9971,199.9942,63,21,11
1,99.9971,199.9942,63,22,11
1,99.9971,199.9942,63,23,7
1,99.9971,199.9942,63,24,10
1,99.9971,199.9942,63,25,7
1,99.9971,199.9942,63,26,8
1,99.9971,199.9942,63,27,4
1,99.9971,199.9942,63,43,1
1,99.9971,199.9942,63,44,4
1,99.9971,199.9942,63,45,6
1,99.9971,199.9942,63,46,13
1,99.9971,199.9942,63,47,15
1,99.9971,199.9942,63,48,8
1,99.9971,199.9942,63,49,15
1,99.9971,199.9942,63,50,10
1,99.9971,199.9942,63,51,6
1,99.9971,199.9942,63,52,4
1,99.9971,199.9942,63,53,3
1,99.9971,199.9942,63,54,1
1,99.9971,199.9942,63,55,1
1,99.9971,199.9942,63,56,2
1,99.9971,199.9942,63,59,1
1,99.9971,199.9942,63,61,1
1,99.9971,199.9942,63,64,4
1,99.9971,199.9942,63,65,2
1,99.9971,199.9942,63,66,8
1,99.9971,199.9942,63,67,9
1,99.9971,199.9942,63,68,21
1,99.9971,199.9942,63,69,29
1,99.9971,199.9942,63,70,47
1,99.9971,199.9942,63,71,61
1,99.9971,199.9942,64,0,104
1,99.9971,199.9942,64,1,83
1,99.9971,199.9942,64,2,65
1,99.9971,199.9942,64,3,39
1,99.9971,199.9942,64,4,21
1,99.9971,199.9942,64,5,14
1,99.9971,199.9942,64,6,8
1,99.9971,199.9942,64,7,4
1,99.9971,199.9942,64,8,1
1,99.9971,199.9942,64,12,1
1,99.9971,199.9942,64,13,1
1,99.9971,199.9942,64,15,1
1,99.9971,199.9942,64,17,3
1,99.9971,199.9942,64,18,5
1,99.9971,199.9942,64,19,9
1,99.9971,199.9942,64,20,9
1,99.9971,199.9942,64,21,17
1,99.9971,199.9942,64,22,26
1,99.9971,199.9942,64,23,22
1,99.9971,199.9942,64,24,20
1,99.9971,199.9942,64,25,17
1,99.9971,199.9942,64,26,15
1,99.9971,199.9942,64,27,14
1,99.9971,199.9942,64,28,2
1,99.9971,199.9942,64,29,2
1,99.9971,199.9942,64,30,1
1,99.9971,199.9942,64,40,3
1,99.9971,199.9942,64,42,1
1,99.9971,199.9942,64,43,8
1,99.9971,199.9942,64,44,15
1,99.9971,199.9942,64,45,15
1,99.9971,199.9942,64,46,17
1,99.9971,199.9942,64,47,31
1,99.9971,199.9942,64,48,36
1,99.9971,199.9942,64,49,34
1,99.9971,199.9942,64,50,13
1,99.9971,199.9942,64,51,16
1,99.9971,199.9942,64,52,9
1,99.9971,199.9942,64,53,4
1,99.9971,199.9942,64,54,1
1,99.9971,199.9942,64,55,2
1,99.9971,199.9942,64,61,1
1,99.9971,199.9942,64,64,1
1,99.9971,199.9942,64,65,4
1,99.9971,199.9942,64,66,14
1,99.9971,199.9942,64,67,17
1,99.9971,199.9942,64,68,37
1,99.9971,199.9942,64,69,57
1,99.9971,199.9942,64,70,73
1,99.9971,199.9942,64,71,105
1,99.9971,199.9942,65,0,194
1,99.9971,199.9942,65,1,219
1,99.9971,199.9942,65,2,131
1,99.9971,199.9942,65,3,80
1,99.9971,199.9942,65,4,55
1,99.9971,199.9942,65,5,19
1,99.9971,199.9942,65,6,15
1,99.9971,199.9942,65,7,8
1,99.9971,199.9942,65,8,3
1,99.9971,199.9942,65,9,1
1,99.9971,199.9942,65,10,1
1,99.9971,199.9942,65,11,2
1,99.9971,199.9942,65,12,1
1,99.9971,199.9942,65,13,3
1,99.9971,199.9942,65,15,3
1,99.9971,199.9942,65,16,1
1,99.9971,199.9942,65,17,4
1,99.9971,199.9942,65,18,5
1,99.9971,199.9942,65,19,21
1,99.9971,199.9942,65,20,24
1,99.9971,199.9942,65,21,39
1,99.9971,199.9942,65,22,45
1,99.9971,199.9942,65,23,57
1,99.9971,199.9942,65,24,40
1,99.9971,199.9942,65,25,29
1,99.9971,199.9942,65,26,32
1,99.9971,199.9942,65,27,8
1,99.9971,199.9942,65,28,3
1,99.9971,199.9942,65,29,1
1,99.9971,199.9942,65,35,1
1,99.9971,199.9942,65,39,1
1,99.9971,199.9942,65,42,6
1,99.9971,199.9942,65,43,12
1,99.9971,199.9942,65,44,16
1,99.9971,199.9942,65,45,21
1,99.9971,199.9942,65,46,44
1,99.9971,199.9942,65,47,44
1,99.9971,199.9942,65,48,64
1,99.9971,199.9942,65,49,58
1,99.9971,199.9942,65,50,31
1,99.9971,199.9942,65,51,25
1,99.9971,199.9942,65,52,16
1,99.9971,199.9942,65,53,17
1,99.9971,199.9942,65,54,3
1,99.9971,199.9942,65,55,5
1,99.9971,199.9942,65,56,2
1,99.9971,199.9942,65,58,2
1,99.9971,199.9942,65,60,2
1,99.9971,199.9942,65,61,1
1,99.9971,199.9942,65,62,1
1,99.9971,199.9942,65,63,3
1,99.9971,199.9942,65,64,2
1,99.9971,199.9942,65,65,11
1,99.9971,199.9942,65,66,22
1,99.9971,199.9942,65,67,47
1,99.9971,199.9942,65,68,76
1,99.9971,199.9942,65,69,101
1,99.9971,199.9942,65,70,212
1,99.9971,199.9942,65,71,239
1,99.9971,199.9942,66,0,458
1,99.9971,199.9942,66,1,379
1,99.9971,199.9942,66,2,296
1,99.9971,199.9942,66,3,145
1,99.9971,199.9942,66,4,78
1,99.9971,199.9942,66,5,47
1,99.9971,199.9942,66,6,22
1,99.9971,199.9942,66,7,12
1,99.9971,199.9942,66,8,7
1,99.9971,199.9942,66,9,3
1,99.9971,199.9942,66,10,3
1,99.9971,199.9942,66,11,2
1,99.9971,199.9942,66,12,2
1,99.9971,199.9942,66,13,2
1,99.9971,199.9942,66,14,2
1,99.9971,199.9942,66,15,7
1,99.9971,199.9942,66,16,7
1,99.9971,199.9942,66,17,8
1,99.9971,199.9942,66,18,14
1,99.9971,199.9942,66,19,33
1,99.9971,199.9942,66,20,54
1,99.9971,199.9942,66,21,79
1,99.9971,199.9942,66,22,117
1,99.9971,199.9942,66,23,110
1,99.9971,199.9942,66,24,113
1,99.9971,199.9942,66,25,62
1,99.9971,199.9942,66,26,40
1,99.9971,199.9942,66,27,30
1,99.9971,199.9942,66,28,14
1,99.9971,199.9942,66,29,13
1,99.9971,199.9942,66,30,2
1,99.9971,199.9942,66,31,1
1,99.9971,199.9942,66,32,1
1,99.9971,199.9942,66,38,2
1,99.9971,199.9942,66,42,2
1,99.9971,199.9942,66,43,13
1,99.9971,199.9942,66,44,38
1,99.9971,199.9942,66,45,54
1,99.9971,199.9942,66,46,79
1,99.9971,199.9942,66,47,105
1,99.9971,199.9942,66,48,124
1,99.9971,199.9942,66,49,126
1,99.9971,199.9942,66,50,88
1,99.9971,199.9942,66,51,55
1,99.9971,199.9942,66,52,35
1,99.9971,199.9942,66,53,28
1,99.9971,199.9942,66,54,14
1,99.9971,199.9942,66,55,6
1,99.9971,199.9942,66,56,3
1,99.9971,199.9942,66,58,2
1,99.9971,199.9942,66,59,2
1,99.9971,199.9942,66,61,3
1,99.9971,199.9942,66,62,7
1,99.9971,199.9942,66,63,8
1,99.9971,199.9942,66,64,11
1,99.9971,199.9942,66,65,18
1,99.9971,199.9942,66,66,46
1,99.9971,199.9942,66,67,98
1,99.9971,199.9942,66,68,140
1,99.9971,199.9942,66,69,266
1,99.9971,199.9942,66,70,378
1,99.9971,199.9942,66,71,440
1,99.9971,199.9942,67,0,923
1,99.9971,199.9942,67,1,740
1,99.9971,199.9942,67,2,536
1,99.9971,199.9942,67,3,315
1,99.9971,199.9942,67,4,185
1,99.9971,199.9942,67,5,84
1,99.9971,199.9942,67,6,45
1,99.9971,199.9942,67,7,29
1,99.9971,199.9942,67,8,9
1,99.9971,199.9942,67,9,9
1,99.9971,199.9942,67,10,5
1,99.9971,199.9942,67,11,6
1,99.9971,199.9942,67,12,4
1,99.9971,199.9942,67,13,3
1,99.9971,199.9942,67,14,6
1,99.9971,199.9942,67,15,8
1,99.9971,199.9942,67,16,10
1,99.9971,199.9942,67,17,20
1,99.9971,199.9942,67,18,47
1,99.9971,199.9942,67,19,57
1,99.9971,199.9942,67,20,101
1,99.9971,199.9942,67,21,153
1,99.9971,199.9942,67,22,223
1,99.9971,199.9942,67,23,221
1,99.9971,199.9942,67,24,203
1,99.9971,199.9942,67,25,163
1,99.9971,199.9942,67,26,93
1,99.9971,199.9942,67,27,68
1,99.9971,199.9942,67,28,37
1,99.9971,199.9942,67,29,18
1,99.9971,199.9942,67,30,5
1,99.9971,199.9942,67,31,1
1,99.9971,199.9942,67,32,2
1,99.9971,199.9942,67,34,1
1,99.9971,199.9942,67,35,1
1,99.9971,199.9942,67,36,1
1,99.9971,199.9942,67,39,3
1,99.9971,199.9942,67,40,4
1,99.9971,199.9942,67,41,4
1,99.9971,199.9942,67,42,14
1,99.9971,199.9942,67,43,26
1,99.9971,199.9942,67,44,50
1,99.9971,199.9942,67,45,117
1,99.9971,199.9942,67,46,166
1,99.9971,199.9942,67,47,209
1,99.9971,199.9942,67,48,236
1,99.9971,199.9942,67,49,207
1,99.9971,199.9942,67,50,160
1,99.9971,199.9942,67,51,133
1,99.9971,199.9942,67,52,97
1,99.9971,199.9942,67,53,48
1,99.9971,199.9942,67,54,18
1,99.9971,199.9942,67,55,19
1,99.9971,199.9942,67,56,9
1,99.9971,199.9942,67,57,3
1,99.9971,199.9942,67,58,5
1,99.9971,199.9942,67,59,6
1,99.9971,199.9942,67,60,3
1,99.9971,199.9942,67,61,1
1,99.9971,199.9942,67,62,7
1,99.9971,199.9942,67,63,11
1,99.9971,199.9942,67,64,26
1,99.9971,199.9942,67,65,33
1,99.9971,199.9942,67,66,92
1,99.9971,199.9942,67,67,153
1,99.9971,199.9942,67,68,312
1,99.9971,199.9942,67,69,527
1,99.9971,199.9942,67,70,738
1,99.9971,199.9942,67,71,911
1,99.9971,199.9942,68,0,1686
1,99.9971,199.9942,68,1,1394
1,99.9971,199.9942,68,2,964
1,99.9971,199.9942,68,3,563
1,99.9971,199.9942,68,4,308
1,99.9971,199.9942,68,5,171
1,99.9971,199.9942,68,6,63
1,99.9971,199.9942,68,7,42
1,99.9971,199.9942,68,8,20
1,99.9971,199.9942,68,9,12
1,99.9971,199.9942,68,10,7
1,99.9971,199.9942,68,11,2
1,99.9971,199.9942,68,12,11
1,99.9971,199.9942,68,13,4
1,99.9971,199.9942,68,14,8
1,99.9971,199.9942,68,15,15
1,99.9971,199.9942,68,16,21
1,99.9971,199.9942,68,17,32
1,99.9971,199.9942,68,18,62
1,99.9971,199.9942,68,19,121
1,99.9971,199.9942,68,20,192
1,99.9971,199.9942,68,21,321
1,99.9971,199.9942,68,22,388
1,99.9971,199.9942,68,23,472
1,99.9971,199.9942,68,24,382
1,99.9971,199.9942,68,25,307
1,99.9971,199.9942,68,26,164
1,99.9971,199.9942,68,27,107
1,99.9971,199.9942,68,28,53
1,99.9971,199.9942,68,29,27
1,99.9971,199.9942,68,30,10
1,99.9971,199.9942,68,31,4
1,99.9971,199.9942,68,32,3
1,99.9971,199.9942,68,33,1
1,99.9971,199.9942,68,35,2
1,99.9971,199.9942,68,36,1
1,99.9971,199.9942,68,39,1
1,99.9971,199.9942,68,40,6
1,99.9971,199.9942,68,41,10
1,99.9971,199.9942,68,42,25
1,99.9971,199.9942,68,43,73
1,99.9971,199.9942,68,44,126
1,99.9971,199.9942,68,45,193
1,99.9971,199.9942,68,46,318
1,99.9971,199.9942,68,47,401
1,99.9971,199.9942,68,48,426
1,99.9971,199.9942,68,49,387
1,99.9971,199.9942,68,50,320
1,99.9971,199.9942,68,51,214
1,99.9971,199.9942,68,52,139
1,99.9971,199.9942,68,53,66
1,99.9971,199.9942,68,54,35
1,99.9971,199.9942,68,55,26
1,99.9971,199.9942,68,56,13
1,99.9971,199.9942,68,57,7
1,99.9971,199.9942,68,58,8
1,99.9971,199.9942,68,59,1
1,99.9971,199.9942,68,60,3
1,99.9971,199.9942,68,61,8
1,99.9971,199.9942,68,62,18
1,99.9971,199.9942,68,63,26
1,99.9971,199.9942,68,64,30
1,99.9971,199.9942,68,65,84
1,99.9971,199.9942,68,66,174
1,99.9971,199.9942,68,67,301
1,99.9971,199.9942,68,68,561
1,99.9971,199.9942,68,69,955
1,99.9971,199.9942,68,70,1417
1,99.9971,199.9942,68,71,1681
1,99.9971,199.9942,69,0,2839
1,99.9971,199.9942,69,1,2229
1,99.9971,199.9942,69,2,1560
1,99.9971,199.9942,69,3,923
1,99.9971,199.9942,69,4,528
1,99.9971,199.9942,69,5,261
1,99.9971,199.9942,69,6,111
1,99.9971,199.9942,69,7,77
1,99.9971,199.9942,69,8,28
1,99.9971,199.9942,69,9,25
1,99.9971,199.9942,69,10,13
1,99.9971,199.9942,69,11,13
1,99.9971,199.9942,69,12,6
1,99.9971,199.9942,69,13,8
1,99.9971,199.9942,69,14,16
1,99.9971,199.9942,69,15,28
1,99.9971,199.9942,69,16,24
1,99.9971,199.9942,69,17,71
1,99.9971,199.9942,69,18,125
1,99.9971,199.9942,69,19,203
1,99.9971,199.9942,69,20,326
1,99.9971,199.9942,69,21,496
1,99.9971,199.9942,69,22,622
1,99.9971,199.9942,69,23,712
1,99.9971,199.9942,69,24,703
1,99.9971,199.9942,69,25,471
1,99.9971,199.9942,69,26,328
1,99.9971,199.9942,69,27,159
1,99.9971,199.9942,69,28,90
1,99.9971,199.9942,69,29,39
1,99.9971,199.9942,69,30,27
1,99.9971,199.9942,69,31,10
1,99.9971,199.9942,69,32,4
1,99.9971,199.9942,69,33,2
1,99.9971,199.9942,69,34,2
1,99.9971,199.9942,69,36,1
1,99.9971,199.9942,69,39,9
1,99.9971,199.9942,69,40,5
1,99.9971,199.9942,69,41,19
1,99.9971,199.9942,69,42,49
1,99.9971,199.9942,69,43,96
1,99.9971,199.9942,69,44,201
1,99.9971,199.9942,69,45,338
1,99.9971,199.9942,69,46,497
1,99.9971,199.9942,69,47,629
1,99.9971,199.9942,69,48,806
1,99.9971,199.9942,69,49,695
1,99.9971,199.9942,69,50,509
1,99.9971,199.9942,69,51,356
1,99.9971,199.9942,69,52,212
1,99.9971,199.9942,69,53,111
1,99.9971,199.9942,69,54,63
1,99.9971,199.9942,69,55,41
1,99.9971,199.9942,69,56,17
1,99.9971,199.9942,69,57,18
1,99.9971,199.9942,69,58,8
1,99.9971,199.9942,69,59,9
1,99.9971,199.9942,69,60,7
1,99.9971,199.9942,69,61,9
1,99.9971,199.9942,69,62,20
1,99.9971,199.9942,69,63,27
1,99.9971,199.9942,69,64,57
1,99.9971,199.9942,69,65,109
1,99.9971,199.9942,69,66,241
1,99.9971,199.9942,69,67,502
1,99.9971,199.9942,69,68,995
1,99.9971,199.9942,69,69,1623
1,99.9971,199.9942,69,70,2336
1,99.9971,199.9942,69,71,2702
1,99.9971,199.9942,70,0,3982
1,99.9971,199.9942,70,1,3291
1,99.9971,199.9942,70,2,2278
1,99.9971,199.9942,70,3,1414
1,99.9971,199.9942,70,4,759
1,99.9971,199.9942,70,5,330
1,99.9971,199.9942,70,6,162
1,99.9971,199.9942,70,7,98
1,99.9971,199.9942,70,8,58
1,99.9971,199.9942,70,9,29
1,99.9971,199.9942,70,10,16
1,99.9971,199.9942,70,11,14
1,99.9971,199.9942,70,12,16
1,99.9971,199.9942,70,13,15
1,99.9971,199.9942,70,14,24
1,99.9971,199.9942,70,15,26
1,99.9971,199.9942,70,16,63
1,99.9971,199.9942,70,17,74
1,99.9971,199.9942,70,18,193
1,99.9971,199.9942,70,19,309
1,99.9971,199.9942,70,20,511
1,99.9971,199.9942,70,21,724
1,99.9971,199.9942,70,22,947
1,99.9971,199.9942,70,23,1001
1,99.9971,199.9942,70,24,897
1,99.9971,199.9942,70,25,696
1,99.9971,199.9942,70,26,430
1,99.9971,199.9942,70,27,263
1,99.9971,199.9942,70,28,127
1,99.9971,199.9942,70,29,36
1,99.9971,199.9942,70,30,29
1,99.9971,199.9942,70,31,12
1,99.9971,199.9942,70,32,2
1,99.9971,199.9942,70,33,5
1,99.9971,199.9942,70,34,3
1,99.9971,199.9942,70,35,1
1,99.9971,199.9942,70,36,1
1,99.9971,199.9942,70,37,4
1,99.9971,199.9942,70,38,4
1,99.9971,199.9942,70,39,6
1,99.9971,199.9942,70,40,12
1,99.9971,199.9942,70,41,26
1,99.9971,199.9942,70,42,66
1,99.9971,199.9942,70,43,140
1,99.9971,199.9942,70,44,221
1,99.9971,199.9942,70,45,482
1,99.9971,199.9942,70,46,740
1,99.9971,199.9942,70,47,946
1,99.9971,199.9942,70,48,985
1,99.9971,199.9942,70,49,965
1,99.9971,199.9942,70,50,721
1,99.9971,199.9942,70,51,500
1,99.9971,199.9942,70,52,301
1,99.9971,199.9942,70,53,186
1,99.9971,199.9942,70,54,96
1,99.9971,199.9942,70,55,52
1,99.9971,199.9942,70,56,36
1,99.9971,199.9942,70,57,26
1,99.9971,199.9942,70,58,12
1,99.9971,199.9942,70,59,21
1,99.9971,199.9942,70,60,19
1,99.9971,199.9942,70,61,11
1,99.9971,199.9942,70,62,36
1,99.9971,199.9942,70,63,47
1,99.9971,199.9942,70,64,83
1,99.9971,199.9942,70,65,171
1,99.9971,199.9942,70,66,363
1,99.9971,199.9942,70,67,747
1,99.9971,199.9942,70,68,1343
1,99.9971,199.9942,70,69,2241
1,99.9971,199.9942,70,70,3329
1,99.9971,199.9942,70,71,3857
1,99.9971,199.9942,71,0,4606
1,99.9971,199.9942,71,1,3920
1,99.9971,199.9942,71,2,2801
1,99.9971,199.9942,71,3,1761
1,99.9971,199.9942,71,4,934
1,99.9971,199.9942,71,5,414
1,99.9971,199.9942,71,6,196
1,99.9971,199.9942,71,7,102
1,99.9971,199.9942,71,8,69
1,99.9971,199.9942,71,9,26
1,99.9971,199.9942,71,10,25
1,99.9971,199.9942,71,11,19
1,99.9971,199.9942,71,12,18
1,99.9971,199.9942,71,13,18
1,99.9971,199.9942,71,14,15
1,99.9971,199.9942,71,15,30
1,99.9971,199.9942,71,16,43
1,99.9971,199.9942,71,17,129
1,99.9971,199.9942,71,18,147
1,99.9971,199.9942,71,19,337
1,99.9971,199.9942,71,20,546
1,99.9971,199.9942,71,21,871
1,99.9971,199.9942,71,22,1172
1,99.9971,199.9942,71,23,1252
1,99.9971,199.9942,71,24,1105
1,99.9971,199.9942,71,25,857
1,99.9971,199.9942,71,26,523
1,99.9971,199.9942,71,27,297
1,99.9971,199.9942,71,28,156
1,99.9971,199.9942,71,29,62
1,99.9971,199.9942,71,30,23
1,99.9971,199.9942,71,31,15
1,99.9971,199.9942,71,32,6
1,99.9971,199.9942,71,33,8
1,99.9971,199.9942,71,34,2
1,99.9971,199.9942,71,35,1
1,99.9971,199.9942,71,36,3
1,99.9971,199.9942,71,37,6
1,99.9971,199.9942,71,38,4
1,99.9971,199.9942,71,39,11
1,99.9971,199.9942,71,40,15
1,99.9971,199.9942,71,41,28
1,99.9971,199.9942,71,42,80
1,99.9971,199.9942,71,43,153
1,99.9971,199.9942,71,44,301
1,99.9971,199.9942,71,45,583
1,99.9971,199.9942,71,46,849
1,99.9971,199.9942,71,47,1149
1,99.9971,199.9942,71,48,1236
1,99.9971,199.9942,71,49,1109
1,99.9971,199.9942,71,50,904
1,99.9971,199.9942,71,51,628
1,99.9971,199.9942,71,52,421
1,99.9971,199.9942,71,53,206
1,99.9971,199.9942,71,54,100
1,99.9971,199.9942,71,55,81
1,99.9971,199.9942,71,56,42
1,99.9971,199.9942,71,57,15
1,99.9971,199.9942,71,58,15
1,99.9971,199.9942,71,59,20
1,99.9971,199.9942,71,60,18
1,99.9971,199.9942,71,61,24
1,99.9971,199.9942,71,62,32
1,99.9971,199.9942,71,63,50
1,99.9971,199.9942,71,64,104
1,99.9971,199.9942,71,65,189
1,99.9971,199.9942,71,66,480
1,99.9971,199.9942,71,67,858
1,99.9971,199.9942,71,68,1651
1,99.9971,199.9942,71,69,2775
1,99.9971,199.9942,71,70,3912
1,99.9971,199.9942,71,71,4630
2,199.9942,299.9913,0,0,4855
2,199.9942,299.9913,0,1,3925
2,199.9942,299.9913,0,2,2814
2,199.9942,299.9913,0,3,1678
2,199.9942,299.9913,0,4,912
2,199.9942,299.9913,0,5,483
2,199.9942,299.9913,0,6,202
2,199.9942,299.9913,0,7,109
2,199.9942,299.9913,0,8,63
2,199.9942,299.9913,0,9,38
2,199.9942,299.9913,0,10,30
2,199.9942,299.9913,0,11,11
2,199.9942,299.9913,0,12,12
2,199.9942,299.9913,0,13,22
2,199.9942,299.9913,0,14,22
2,199.9942,299.9913,0,15,46
2,199.9942,299.9913,0,16,53
2,199.9942,299.9913,0,17,111
2,199.9942,299.9913,0,18,198
2,199.9942,299.9913,0,19,334
2,199.9942,299.9913,0,20,576
2,199.9942,299.9913,0,21,815
2,199.9942,299.9913,0,22,981
2,199.9942,299.9913,0,23,1083
2,199.9942,299.9913,0,24,983
2,199.9942,299.9913,0,25,748
2,199.9942,299.9913,0,26,497
2,199.9942,299.9913,0,27,285
2,199.9942,299.9913,0,28,130
2,199.9942,299.9913,0,29,58
2,199.9942,299.9913,0,30,29
2,199.9942,299.9913,0,31,10
2,199.9942,299.9913,0,32,10
2,199.9942,299.9913,0,33,3
2,199.9942,299.9913,0,34,4
2,199.9942,299.9913,0,35,2
2,199.9942,299.9913,0,36,2
2,199.9942,299.9913,0,37,1
2,199.9942,299.9913,0,38,7
2,199.9942,299.9913,0,39,8
2,199.9942,299.9913,0,40,18
2,199.9942,299.9913,0,41,37
2,199.9942,299.9913,0,42,74
2,199.9942,299.9913,0,43,134
2,199.9942,299.9913,0,44,324
2,199.9942,299.9913,0,45,538
2,199.9942,299.9913,0,46,842
2,199.9942,299.9913,0,47,1068
2,199.9942,299.9913,0,48,1196
2,199.9942,299.9913,0,49,1132
2,199.9942,299.9913,0,50,887
2,199.9942,299.9913,0,51,597
2,199.9942,299.9913,0,52,342
2,199.9942,299.9913,0,53,227
2,199.9942,299.9913,0,54,117
2,199.9942,299.9913,0,55,64
2,199.9942,299.9913,0,56,44
2,199.9942,299.9913,0,57,19
2,199.9942,299.9913,0,58,17
2,199.9942,299.9913,0,59,14
2,199.9942,299.9913,0,60,17
2,199.9942,299.9913,0,61,17
2,199.9942,299.9913,0,62,31
2,199.9942,299.9913,0,63,42
2,199.9942,299.9913,0,64,123
2,199.9942,299.9913,0,65,214
2,199.9942,299.9913,0,66,459
2,199.9942,299.9913,0,67,905
2,199.9942,299.9913,0,68,1620
2,199.9942,299.9913,0,69,2834
2,199.9942,299.9913,0,70,4098
2,199.9942,299.9913,0,71,4883
2,199.9942,299.9913,1,0,4048
2,199.9942,299.9913,1,1,3372
2,199.9942,299.9913,1,2,2414
2,199.9942,299.9913,1,3,1485
2,199.9942,299.9913,1,4,742
2,199.9942,299.9913,1,5,386
2,199.9942,299.9913,1,6,190
2,199.9942,299.9913,1,7,91
2,199.9942,299.9913,1,8,56
2,199.9942,299.9913,1,9,29
2,199.9942,299.9913,1,10,8
2,199.9942,299.9913,1,11,13
2,199.9942,299.9913,1,12,11
2,199.9942,299.9913,1,13,12
2,199.9942,299.9913,1,14,12
2,199.9942,299.9913,1,15,30
2,199.9942,299.9913,1,16,52
2,199.9942,299.9913,1,17,85
2,199.9942,299.9913,1,18,174
2,199.9942,299.9913,1,19,302
2,199.9942,299.9913,1,20,469
2,199.9942,299.9913,1,21,668
2,199.9942,299.9913,1,22,871
2,199.9942,299.9913,1,23,939
2,199.9942,299.9913,1,24,860
2,199.9942,299.9913,1,25,632
2,199.9942,299.9913,1,26,390
2,199.9942,299.9913,1,27,201
2,199.9942,299.9913,1,28,137
2,199.9942,299.9913,1,29,67
2,199.9942,299.9913,1,30,30
2,199.9942,299.9913,1,31,9
2,199.9942,299.9913,1,32,4
2,199.9942,299.9913,1,33,2
2,199.9942,299.9913,1,34,7
2,199.9942,299.9913,1,35,4
2,199.9942,299.9913,1,37,3
2,199.9942,299.9913,1,38,1
2,199.9942,299.9913,1,39,9
2,199.9942,299.9913,1,40,11
2,199.9942,299.9913,1,41,33
2,199.9942,299.9913,1,42,58
2,199.9942,299.9913,1,43,133
2,199.9942,299.9913,1,44,215
2,199.9942,299.9913,1,45,507
2,199.9942,299.9913,1,46,723
2,199.9942,299.9913,1,47,914
2,199.9942,299.9913,1,48,985
2,199.9942,299.9913,1,49,951
2,199.9942,299.9913,1,50,750
2,199.9942,299.9913,1,51,520
2,199.9942,299.9913,1,52,287
2,199.9942,299.9913,1,53,164
2,199.9942,299.9913,1,54,120
2,199.9942,299.9913,1,55,57
2,199.9942,299.9913,1,56,39
2,199.9942,299.9913,1,57,26
2,199.9942,299.9913,1,58,14
2,199.9942,299.9913,1,59,18
2,199.9942,299.9913,1,60,13
2,199.9942,299.9913,1,61,21
2,199.9942,299.9913,1,62,25
2,199.9942,299.9913,1,63,42
2,199.9942,299.9913,1,64,103
2,199.9942,299.9913,1,65,193
2,199.9942,299.9913,1,66,428
2,199.9942,299.9913,1,67,751
2,199.9942,299.9913,1,68,1417
2,199.9942,299.9913,1,69,2383
2,199.9942,299.9913,1,70,3470
2,199.9942,299.9913,1,71,4085
2,199.9942,299.9913,2,0,2767
2,199.9942,299.9913,2,1,2384
2,199.9942,299.9913,2,2,1682
2,199.9942,299.9913,2,3,930
2,199.9942,299.9913,2,4,534
2,199.9942,299.9913,2,5,298
2,199.9942,299.9913,2,6,122
2,199.9942,299.9913,2,7,54
2,199.9942,299.9913,2,8,35
2,199.9942,299.9913,2,9,21
2,199.9942,299.9913,2,10,8
2,199.9942,299.9913,2,11,12
2,199.9942,299.9913,2,12,8
2,199.9942,299.9913,2,13,10
2,199.9942,299.9913,2,14,9
2,199.9942,299.9913,2,15,18
2,199.9942,299.9913,2,16,32
2,199.9942,299.9913,2,17,69
2,199.9942,299.9913,2,18,111
2,199.9942,299.9913,2,19,193
2,199.9942,299.9913,2,20,310
2,199.9942,299.9913,2,21,490
2,199.9942,299.9913,2,22,621
2,199.9942,299.9913,2,23,661
2,199.9942,299.9913,2,24,601
2,199.9942,299.9913,2,25,442
2,199.9942,299.9913,2,26,283
2,199.9942,299.9913,2,27,168
2,199.9942,299.9913,2,28,80
2,199.9942,299.9913,2,29,36
2,199.9942,299.9913,2,30,12
2,199.9942,299.9913,2,31,5
2,199.9942,299.9913,2,32,3
2,199.9942,299.9913,2,33,6
2,199.9942,299.9913,2,34,1
2,199.9942,299.9913,2,36,1
2,199.9942,299.9913,2,38,3
2,199.9942,299.9913,2,39,4
2,199.9942,299.9913,2,40,13
2,199.9942,299.9913,2,41,21
2,199.9942,299.9913,2,42,44
2,199.9942,299.9913,2,43,88
2,199.9942,299.9913,2,44,169
2,199.9942,299.9913,2,45,327
2,199.9942,299.9913,2,46,504
2,199.9942,299.9913,2,47,671
2,199.9942,299.9913,2,48,751
2,199.9942,299.9913,2,49,680
2,199.9942,299.9913,2,50,535
2,199.9942,299.9913,2,51,348
2,199.9942,299.9913,2,52,241
2,199.9942,299.9913,2,53,125
2,199.9942,299.9913,2,54,54
2,199.9942,299.9913,2,55,34
2,199.9942,299.9913,2,56,28
2,199.9942,299.9913,2,57,7
2,199.9942,299.9913,2,58,13
2,199.9942,299.9913,2,59,12
2,199.9942,299.9913,2,60,2
2,199.9942,299.9913,2,61,8
2,199.9942,299.9913,2,62,25
2,199.9942,299.9913,2,63,21
2,199.9942,299.9913,2,64,60
2,199.9942,299.9913,2,65,99
2,199.9942,299.9913,2,66,269
2,199.9942,299.9913,2,67,577
2,199.9942,299.9913,2,68,997
2,199.9942,299.9913,2,69,1724
2,199.9942,299.9913,2,70,2342
2,199.9942,299.9913,2,71,2896
2,199.9942,299.9913,3,0,1685
2,199.9942,299.9913,3,1,1350
2,199.9942,299.9913,3,2,975
2,199.9942,299.9913,3,3,575
2,199.9942,299.9913,3,4,315
2,199.9942,299.9913,3,5,160
2,199.9942,299.9913,3,6,88
2,199.9942,299.9913,3,7,33
2,199.9942,299.9913,3,8,10
2,199.9942,299.9913,3,9,15
2,199.9942,299.9913,3,10,11
2,199.9942,299.9913,3,11,7
2,199.9942,299.9913,3,12,2
2,199.9942,299.9913,3,13,4
2,199.9942,299.9913,3,14,9
2,199.9942,299.9913,3,15,12
2,199.9942,299.9913,3,16,22
2,199.9942,299.9913,3,17,24
2,199.9942,299.9913,3,18,58
2,199.9942,299.9913,3,19,116
2,199.9942,299.9913,3,20,187
2,199.9942,299.9913,3,21,279
2,199.9942,299.9913,3,22,343
2,199.9942,299.9913,3,23,375
2,199.9942,299.9913,3,24,334
2,199.9942,299.9913,3,25,303
2,199.9942,299.9913,3,26,193
2,199.9942,299.9913,3,27,99
2,199.9942,299.9913,3,28,40
2,199.9942,299.9913,3,29,14
2,199.9942,299.9913,3,30,7
2,199.9942,299.9913,3,31,5
2,199.9942,299.9913,3,32,1
2,199.9942,299.9913,3,33,2
2,199.9942,299.9913,3,35,1
2,199.9942,299.9913,3,37,3
2,199.9942,299.9913,3,38,1
2,199.9942,299.9913,3,39,2
2,199.9942,299.9913,3,40,9
2,199.9942,299.9913,3,41,10
2,199.9942,299.9913,3,42,23
2,199.9942,299.9913,3,43,51
2,199.9942,299.9913,3,44,95
2,199.9942,299.9913,3,45,190
2,199.9942,299.9913,3,46,280
2,199.9942,299.9913,3,47,391
2,199.9942,299.9913,3,48,444
2,199.9942,299.9913,3,49,385
2,199.9942,299.9913,3,50,317
2,199.9942,299.9913,3,51,213
2,199.9942,299.9913,3,52,118
2,199.9942,299.9913,3,53,84
2,199.9942,299.9913,3,54,39
2,199.9942,299.9913,3,55,28
2,199.9942,299.9913,3,56,7
2,199.9942,299.9913,3,57,5
2,199.9942,299.9913,3,58,9
2,199.9942,299.9913,3,59,11
2,199.9942,299.9913,3,60,8
2,199.9942,299.9913,3,61,6
2,199.9942,299.9913,3,62,11
2,199.9942,299.9913,3,63,27
2,199.9942,299.9913,3,64,39
2,199.9942,299.9913,3,65,88
2,199.9942,299.9913,3,66,166
2,199.9942,299.9913,3,67,326
2,199.9942,299.9913,3,68,632
2,199.9942,299.9913,3,69,956
2,199.9942,299.9913,3,70,1448
2,199.9942,299.9913,3,71,1723
2,199.9942,299.9913,4,0,919
2,199.9942,299.9913,4,1,765
2,199.9942,299.9913,4,2,571
2,199.9942,299.9913,4,3,336
2,199.9942,299.9913,4,4,182
2,199.9942,299.9913,4,5,74
2,199.9942,299.9913,4,6,29
2,199.9942,299.9913,4,7,17
2,199.9942,299.9913,4,8,15
2,199.9942,299.9913,4,9,4
2,199.9942,299.9913,4,10,5
2,199.9942,299.9913,4,11,4
2,199.9942,299.9913,4,12,3
2,199.9942,299.9913,4,13,4
2,199.9942,299.9913,4,14,3
2,199.9942,299.9913,4,15,6
2,199.9942,299.9913,4,16,12
2,199.9942,299.9913,4,17,14
2,199.9942,299.9913,4,18,36
2,199.9942,299.9913,4,19,72
2,199.9942,299.9913,4,20,105
2,199.9942,299.9913,4,21,149
2,199.9942,299.9913,4,22,174
2,199.9942,299.9913,4,23,247
2,199.9942,299.9913,4,24,198
2,199.9942,299.9913,4,25,148
2,199.9942,299.9913,4,26,102
2,199.9942,299.9913,4,27,62
2,199.9942,299.9913,4,28,28
2,199.9942,299.9913,4,29,12
2,199.9942,299.9913,4,30,5
2,199.9942,299.9913,4,31,3
2,199.9942,299.9913,4,32,2
2,199.9942,299.9913,4,34,1
2,199.9942,299.9913,4,37,1
2,199.9942,299.9913,4,38,3
2,199.9942,299.9913,4,39,1
2,199.9942,299.9913,4,40,2
2,199.9942,299.9913,4,41,9
2,199.9942,299.9913,4,42,11
2,199.9942,299.9913,4,43,30
2,199.9942,299.9913,4,44,50
2,199.9942,299.9913,4,45,110
2,199.9942,299.9913,4,46,171
2,199.9942,299.9913,4,47,213
2,199.9942,299.9913,4,48,224
2,199.9942,299.9913,4,49,221
2,199.9942,299.9913,4,50,162
2,199.9942,299.9913,4,51,115
2,199.9942,299.9913,4,52,69
2,199.9942,299.9913,4,53,38
2,199.9942,299.9913,4,54,22
2,199.9942,299.9913,4,55,11
2,199.9942,299.9913,4,56,10
2,199.9942,299.9913,4,57,3
2,199.9942,299.9913,4,58,3
2,199.9942,299.9913,4,59,1
2,199.9942,299.9913,4,60,3
2,199.9942,299.9913,4,61,1
2,199.9942,299.9913,4,62,9
2,199.9942,299.9913,4,63,13
2,199.9942,299.9913,4,64,30
2,199.9942,299.9913,4,65,47
2,199.9942,299.9913,4,66,92
2,199.9942,299.9913,4,67,160
2,199.9942,299.9913,4,68,320
2,199.9942,299.9913,4,69,501
2,199.9942,299.9913,4,70,765
2,199.9942,299.9913,4,71,942
2,199.9942,299.9913,5,0,466
2,199.9942,299.9913,5,1,378
2,199.9942,299.9913,5,2,252
2,199.9942,299.9913,5,3,157
2,199.9942,299.9913,5,4,65
2,199.9942,299.9913,5,5,26
2,199.9942,299.9913,5,6,21
2,199.9942,299.9913,5,7,14
2,199.9942,299.9913,5,8,4
2,199.9942,299.9913,5,9,3
2,199.9942,299.9913,5,10,4
2,199.9942,299.9913,5,11,1
2,199.9942,299.9913,5,12,3
2,199.9942,299.9913,5,13,1
2,199.9942,299.9913,5,14,3
2,199.9942,299.9913,5,15,7
2,199.9942,299.9913,5,16,4
2,199.9942,299.9913,5,17,8
2,199.9942,299.9913,5,18,20
2,199.9942,299.9913,5,19,32
2,199.9942,299.9913,5,20,39
2,199.9942,299.9913,5,21,81
2,199.9942,299.9913,5,22,101
2,199.9942,299.9913,5,23,116
2,199.9942,299.9913,5,24,95
2,199.9942,299.9913,5,25,58
2,199.9942,299.9913,5,26,54
2,199.9942,299.9913,5,27,25
2,199.9942,299.9913,5,28,24
2,199.9942,299.9913,5,29,9
2,199.9942,299.9913,5,30,7
2,199.9942,299.9913,5,31,1
2,199.9942,299.9913,5,32,1
2,199.9942,299.9913,5,34,2
2,199.9942,299.9913,5,38,1
2,199.9942,299.9913,5,39,1
2,199.9942,299.9913,5,42,7
2,199.9942,299.9913,5,43,14
2,199.9942,299.9913,5,44,17
2,199.9942,299.9913,5,45,45
2,199.9942,299.9913,5,46,86
2,199.9942,299.9913,5,47,87
2,199.9942,299.9913,5,48,120
2,199.9942,299.9913,5,49,102
2,199.9942,299.9913,5,50,81
2,199.9942,299.9913,5,51,67
2,199.9942,299.9913,5,52,31
2,199.9942,299.9913,5,53,23
2,199.9942,299.9913,5,54,10
2,199.9942,299.9913,5,55,7
2,199.9942,299.9913,5,56,7
2,199.9942,299.9913,5,57,1
2,199.9942,299.9913,5,58,3
2,199.9942,299.9913,5,59,3
2,199.9942,299.9913,5,60,1
2,199.9942,299.9913,5,62,4
2,199.9942,299.9913,5,63,4
2,199.9942,299.9913,5,64,7
2,199.9942,299.9913,5,65,25
2,199.9942,299.9913,5,66,35
2,199.9942,299.9913,5,67,81
2,199.9942,299.9913,5,68,145
2,199.9942,299.9913,5,69,276
2,199.9942,299.9913,5,70,398
2,199.9942,299.9913,5,71,442
2,199.9942,299.9913,6,0,239
2,199.9942,299.9913,6,1,179
2,199.9942,299.9913,6,2,107
2,199.9942,299.9913,6,3,68
2,199.9942,299.9913,6,4,41
2,199.9942,299.9913,6,5,23
2,199.9942,299.9913,6,6,8
2,199.9942,299.9913,6,7,4
2,199.9942,299.9913,6,8,3
2,199.9942,299.9913,6,9,1
2,199.9942,299.9913,6,15,4
2,199.9942,299.9913,6,16,2
2,199.9942,299.9913,6,17,2
2,199.9942,299.9913,6,18,8
2,199.9942,299.9913,6,19,9
2,199.9942,299.9913,6,20,33
2,199.9942,299.9913,6,21,34
2,199.9942,299.9913,6,22,40
2,199.9942,299.9913,6,23,56
2,199.9942,299.9913,6,24,40
2,199.9942,299.9913,6,25,29
2,199.9942,299.9913,6,26,21
2,199.9942,299.9913,6,27,7
2,199.9942,299.9913,6,28,6
2,199.9942,299.9913,6,29,4
2,199.9942,299.9913,6,30,4
2,199.9942,299.9913,6,42,2
2,199.9942,299.9913,6,43,5
2,199.9942,299.9913,6,44,11
2,199.9942,299.9913,6,45,26
2,199.9942,299.9913,6,46,38
2,199.9942,299.9913,6,47,43
2,199.9942,299.9913,6,48,58
2,199.9942,299.9913,6,49,55
2,199.9942,299.9913,6,50,31
2,199.9942,299.9913,6,51,26
2,199.9942,299.9913,6,52,17
2,199.9942,299.9913,6,53,7
2,199.9942,299.9913,6,54,2
2,199.9942,299.9913,6,55,4
2,199.9942,299.9913,6,56,1
2,199.9942,299.9913,6,57,1
2,199.9942,299.9913,6,59,2
2,199.9942,299.9913,6,63,1
2,199.9942,299.9913,6,64,3
2,199.9942,299.9913,6,65,14
2,199.9942,299.9913,6,66,21
2,199.9942,299.9913,6,67,51
2,199.9942,299.9913,6,68,76
2,199.9942,299.9913,6,69,136
2,199.9942,299.9913,6,70,200
2,199.9942,299.9913,6,71,234
2,199.9942,299.9913,7,0,105
2,199.9942,299.9913,7,1,88
2,199.9942,299.9913,7,2,54
2,199.9942,299.9913,7,3,46
2,199.9942,299.9913,7,4,17
2,199.9942,299.9913,7,5,17
2,199.9942,299.9913,7,6,8
2,199.9942,299.9913,7,7,2
2,199.9942,299.9913,7,8,2
2,199.9942,299.9913,7,9,4
2,199.9942,299.9913,7,15,2
2,199.9942,299.9913,7,16,4
2,199.9942,299.9913,7,17,2
2,199.9942,299.9913,7,18,6
2,199.9942,299.9913,7,19,7
2,199.9942,299.9913,7,20,13
2,199.9942,299.9913,7,21,25
2,199.9942,299.9913,7,22,25
2,199.9942,299.9913,7,23,33
2,199.9942,299.9913,7,24,18
2,199.9942,299.9913,7,25,10
2,199.9942,299.9913,7,26,12
2,199.9942,299.9913,7,27,12
2,199.9942,299.9913,7,28,7
2,199.9942,299.9913,7,29,1
2,199.9942,299.9913,7,30,2
2,199.9942,299.9913,7,31,2
2,199.9942,299.9913,7,32,1
2,199.9942,299.9913,7,40,1
2,199.9942,299.9913,7,41,1
2,199.9942,299.9913,7,43,3
2,199.9942,299.9913,7,44,6
2,199.9942,299.9913,7,45,16
2,199.9942,299.9913,7,46,16
2,199.9942,299.9913,7,47,17
2,199.9942,299.9913,7,48,23
2,199.9942,299.9913,7,49,24
2,199.9942,299.9913,7,50,16
2,199.9942,299.9913,7,51,21
2,199.9942,299.9913,7,52,7
2,199.9942,299.9913,7,53,4
2,199.9942,299.9913,7,54,2
2,199.9942,299.9913,7,55,2
2,199.9942,299.9913,7,56,1
2,199.9942,299.9913,7,61,2
2,199.9942,299.9913,7,62,1
2,199.9942,299.9913,7,63,3
2,199.9942,299.9913,7,64,3
2,199.9942,299.9913,7,65,3
2,199.9942,299.9913,7,66,9
2,199.9942,299.9913,7,67,31
2,199.9942,299.9913,7,68,40
2,199.9942,299.9913,7,69,67
2,199.9942,299.9913,7,70,106
2,199.9942,299.9913,7,71,107
2,199.9942,299.9913,8,0,60
2,199.9942,299.9913,8,1,37
2,199.9942,299.9913,8,2,34
2,199.9942,299.9913,8,3,21
2,199.9942,299.9913,8,4,11
2,199.9942,299.9913,8,5,1
2,199.9942,299.9913,8,6,2
2,199.9942,299.9913,8,7,3
2,199.9942,299.9913,8,10,1
2,199.9942,299.9913,8,11,1
2,199.9942,299.9913,8,12,1
2,199.9942,299.9913,8,17,1
2,199.9942,299.9913,8,18,3
2,199.9942,299.9913,8,19,4
2,199.9942,299.9913,8,20,7
2,199.9942,299.9913,8,21,13
2,199.9942,299.9913,8,22,11
2,199.9942,299.9913,8,23,12
2,199.9942,299.9913,8,24,9
2,199.9942,299.9913,8,25,13
2,199.9942,299.9913,8,26,5
2,199.9942,299.9913,8,27,3
2,199.9942,299.9913,8,28,2
2,199.9942,299.9913,8,29,2
2,199.9942,299.9913,8,41,1
2,199.9942,299.9913,8,43,1
2,199.9942,299.9913,8,44,1
2,199.9942,299.9913,8,45,2
2,199.9942,299.9913,8,46,5
2,199.9942,299.9913,8,47,11
2,199.9942,299.9913,8,48,10
2,199.9942,299.9913,8,49,12
2,199.9942,299.9913,8,50,6
2,199.9942,299.9913,8,51,7
2,199.9942,299.9913,8,52,4
2,199.9942,299.9913,8,53,2
2,199.9942,299.9913,8,54,1
2,199.9942,299.9913,8,55,2
2,199.9942,299.9913,8,63,1
2,199.9942,299.9913,8,64,1
2,199.9942,299.9913,8,65,2
2,199.9942,299.9913,8,66,3
2,199.9942,299.9913,8,67,11
2,199.9942,299.9913,8,68,19
2,199.9942,299.9913,8,69,33
2,199.9942,299.9913,8,70,34
2,199.9942,299.9913,8,71,64
2,199.9942,299.9913,9,0,26
2,199.9942,299.9913,9,1,32
2,199.9942,299.9913,9,2,8
2,199.9942,299.9913,9,3,11
2,199.9942,299.9913,9,4,8
2,199.9942,299.9913,9,5,1
2,199.9942,299.9913,9,6,2
2,199.9942,299.9913,9,7,1
2,199.9942,299.9913,9,8,1
2,199.9942,299.9913,9,17,2
2,199.9942,299.9913,9,18,1
2,199.9942,299.9913,9,19,2
2,199.9942,299.9913,9,20,6
2,199.9942,299.9913,9,21,6
2,199.9942,299.9913,9,22,13
2,199.9942,299.9913,9,23,9
2,199.9942,299.9913,9,24,15
2,199.9942,299.9913,9,25,13
2,199.9942,299.9913,9,26,3
2,199.9942,299.9913,9,27,5
2,199.9942,299.9913,9,28,1
2,199.9942,299.9913,9,31,1
2,199.9942,299.9913,9,43,1
2,199.9942,299.9913,9,44,1
2,199.9942,299.9913,9,45,5
2,199.9942,299.9913,9,46,4
2,199.9942,299.9913,9,47,6
2,199.9942,299.9913,9,48,6
2,199.9942,299.9913,9,49,6
2,199.9942,299.9913,9,50,9
2,199.9942,299.9913,9,51,2
2,199.9942,299.9913,9,53,2
2,199.9942,299.9913,9,54,2
2,199.9942,299.9913,9,55,2
2,199.9942,299.9913,9,56,1
2,199.9942,299.9913,9,59,1
2,199.9942,299.9913,9,61,1
2,199.9942,299.9913,9,65,1
2,199.9942,299.9913,9,66,2
2,199.9942,299.9913,9,67,6
2,199.9942,299.9913,9,68,12
2,199.9942,299.9913,9,69,20
2,199.9942,299.9913,9,70,27
2,199.9942,299.9913,9,71,37
2,199.9942,299.9913,10,0,24
2,199.9942,299.9913,10,1,9
2,199.9942,299.9913,10,2,14
2,199.9942,299.9913,10,3,7
2,199.9942,299.9913,10,4,7
2,199.9942,299.9913,10,5,1
2,199.9942,299.9913,10,6,2
2,199.9942,299.9913,10,8,1
2,199.9942,299.9913,10,18,2
2,199.9942,299.9913,10,19,2
2,199.9942,299.9913,10,20,2
2,199.9942,299.9913,10,21,6
2,199.9942,299.9913,10,22,7
2,199.9942,299.9913,10,23,6
2,199.9942,299.9913,10,24,4
2,199.9942,299.9913,10,25,2
2,199.9942,299.9913,10,26,1
2,199.9942,299.9913,10,27,3
2,199.9942,299.9913,10,28,1
2,199.9942,299.9913,10,41,1
2,199.9942,299.9913,10,45,1
2,199.9942,299.9913,10,46,1
2,199.9942,299.9913,10,47,4
2,199.9942,299.9913,10,49,7
2,199.9942,299.9913,10,50,1
2,199.9942,299.9913,10,51,3
2,199.9942,299.9913,10,53,1
2,199.9942,299.9913,10,54,2
2,199.9942,299.9913,10,55,1
2,199.9942,299.9913,10,56,2
2,199.9942,299.9913,10,63,1
2,199.9942,299.9913,10,65,1
2,199.9942,299.9913,10,66,1
2,199.9942,299.9913,10,67,10
2,199.9942,299.9913,10,68,6
2,199.9942,299.9913,10,69,11
2,199.9942,299.9913,10,70,16
2,199.9942,299.9913,10,71,18
2,199.9942,299.9913,11,0,10
2,199.9942,299.9913,11,1,20
2,199.9942,299.9913,11,2,12
2,199.9942,299.9913,11,3,3
2,199.9942,299.9913,11,4,3
2,199.9942,299.9913,11,5,1
2,199.9942,299.9913,11,8,1
2,199.9942,299.9913,11,16,1
2,199.9942,299.9913,11,17,1
2,199.9942,299.9913,11,20,2
2,199.9942,299.9913,11,21,2
2,199.9942,299.9913,11,22,5
2,199.9942,299.9913,11,23,6
2,199.9942,299.9913,11,24,3
2,199.9942,299.9913,11,25,4
2,199.9942,299.9913,11,26,1
2,199.9942,299.9913,11,45,1
2,199.9942,299.9913,11,46,2
2,199.9942,299.9913,11,47,3
2,199.9942,299.9913,11,48,5
2,199.9942,299.9913,11,49,3
2,199.9942,299.9913,11,50,5
2,199.9942,299.9913,11,52,3
2,199.9942,299.9913,11,65,1
2,199.9942,299.9913,11,66,4
2,199.9942,299.9913,11,67,3
2,199.9942,299.9913,11,68,3
2,199.9942,299.9913,11,69,10
2,199.9942,299.9913,11,70,16
2,199.9942,299.9913,11,71,17
2,199.9942,299.9913,12,0,16
2,199.9942,299.9913,12,1,12
2,199.9942,299.9913,12,2,6
2,199.9942,299.9913,12,3,3
2,199.9942,299.9913,12,4,1
2,199.9942,299.9913,12,5,4
2,199.9942,299.9913,12,6,1
2,199.9942,299.9913,12,7,1
2,199.9942,299.9913,12,18,1
2,199.9942,299.9913,12,20,2
2,199.9942,299.9913,12,21,5
2,199.9942,299.9913,12,22,7
2,199.9942,299.9913,12,23,3
2,199.9942,299.9913,12,24,2
2,199.9942,299.9913,12,25,6
2,199.9942,299.9913,12,26,1
2,199.9942,299.9913,12,27,2
2,199.9942,299.9913,12,45,2
2,199.9942,299.9913,12,46,2
2,199.9942,299.9913,12,47,8
2,199.9942,299.9913,12,48,4
2,199.9942,299.9913,12,49,4
2,199.9942,299.9913,12,50,1
2,199.9942,299.9913,12,51,1
2,199.9942,299.9913,12,52,3
2,199.9942,299.9913,12,53,1
2,199.9942,299.9913,12,65,2
2,199.9942,299.9913,12,66,1
2,199.9942,299.9913,12,67,4
2,199.9942,299.9913,12,68,7
2,199.9942,299.9913,12,69,10
2,199.9942,299.9913,12,70,13
2,199.9942,299.9913,12,71,12
2,199.9942,299.9913,13,0,21
2,199.9942,299.9913,13,1,13
2,199.9942,299.9913,13,2,15
2,199.9942,299.9913,13,3,6
2,199.9942,299.9913,13,4,5
2,199.9942,299.9913,13,5,2
2,199.9942,299.9913,13,7,1
2,199.9942,299.9913,13,9,1
2,199.9942,299.9913,13,16,1
2,199.9942,299.9913,13,18,1
2,199.9942,299.9913,13,19,1
2,199.9942,299.9913,13,20,3
2,199.9942,299.9913,13,21,3
2,199.9942,299.9913,13,22,3
2,199.9942,299.9913,13,23,9
2,199.9942,299.9913,13,24,6
2,199.9942,299.9913,13,25,6
2,199.9942,299.9913,13,26,1
2,199.9942,299.9913,13,27,1
2,199.9942,299.9913,13,28,1
2,199.9942,299.9913,13,45,2
2,199.9942,299.9913,13,46,4
2,199.9942,299.9913,13,47,4
2,199.9942,299.9913,13,48,3
2,199.9942,299.9913,13,49,2
2,199.9942,299.9913,13,50,4
2,199.9942,299.9913,13,52,1
2,199.9942,299.9913,13,59,1
2,199.9942,299.9913,13,62,1
2,199.9942,299.9913,13,66,1
2,199.9942,299.9913,13,67,3
2,199.9942,299.9913,13,68,3
2,199.9942,299.9913,13,69,14
2,199.9942,299.9913,13,70,11
2,199.9942,299.9913,13,71,18
2,199.9942,299.9913,14,0,29
2,199.9942,299.9913,14,1,17
2,199.9942,299.9913,14,2,15
2,199.9942,299.9913,14,3,14
2,199.9942,299.9913,14,4,3
2,199.9942,299.9913,14,6,2
2,199.9942,299.9913,14,12,1
2,199.9942,299.9913,14,16,1
2,199.9942,299.9913,14,18,1
2,199.9942,299.9913,14,20,3
2,199.9942,299.9913,14,21,6
2,199.9942,299.9913,14,22,4
2,199.9942,299.9913,14,23,8
2,199.9942,299.9913,14,24,3
2,199.9942,299.9913,14,25,5
2,199.9942,299.9913,14,26,2
2,199.9942,299.9913,14,27,1
2,199.9942,299.9913,14,30,1
2,199.9942,299.9913,14,45,1
2,199.9942,299.9913,14,46,2
2,199.9942,299.9913,14,47,2
2,199.9942,299.9913,14,48,5
2,199.9942,299.9913,14,49,6
2,199.9942,299.9913,14,50,2
2,199.9942,299.9913,14,51,5
2,199.9942,299.9913,14,52,3
2,199.9942,299.9913,14,54,1
2,199.9942,299.9913,14,65,1
2,199.9942,299.9913,14,66,2
2,199.9942,299.9913,14,67,5
2,199.9942,299.9913,14,68,9
2,199.9942,299.9913,14,69,14
2,199.9942,299.9913,14,70,15
2,199.9942,299.9913,14,71,31
2,199.9942,299.9913,15,0,38
2,199.9942,299.9913,15,1,33
2,199.9942,299.9913,15,2,26
2,199.9942,299.9913,15,3,10
2,199.9942,299.9913,15,4,5
2,199.9942,299.9913,15,6,2
2,199.9942,299.9913,15,7,2
2,199.9942,299.9913,15,11,1
2,199.9942,299.9913,15,12,1
2,199.9942,299.9913,15,17,1
2,199.9942,299.9913,15,18,4
2,199.9942,299.9913,15,19,4
2,199.9942,299.9913,15,20,7
2,199.9942,299.9913,15,21,4
2,199.9942,299.9913,15,22,12
2,199.9942,299.9913,15,23,6
2,199.9942,299.9913,15,24,10
2,199.9942,299.9913,15,25,7
2,199.9942,299.9913,15,26,1
2,199.9942,299.9913,15,27,3
2,199.9942,299.9913,15,28,1
2,199.9942,299.9913,15,43,1
2,199.9942,299.9913,15,44,1
2,199.9942,299.9913,15,46,2
2,199.9942,299.9913,15,47,3
2,199.9942,299.9913,15,48,2
2,199.9942,299.9913,15,49,3
2,199.9942,299.9913,15,50,6
2,199.9942,299.9913,15,51,2
2,199.9942,299.9913,15,52,3
2,199.9942,299.9913,15,53,2
2,199.9942,299.9913,15,55,1
2,199.9942,299.9913,15,56,2
2,199.9942,299.9913,15,57,1
2,199.9942,299.9913,15,62,1
2,199.9942,299.9913,15,64,1
2,199.9942,299.9913,15,65,1
2,199.9942,299.9913,15,66,2
2,199.9942,299.9913,15,67,5
2,199.9942,299.9913,15,68,15
2,199.9942,299.9913,15,69,28
2,199.9942,299.9913,15,70,22
2,199.9942,299.9913,15,71,39
2,199.9942,299.9913,16,0,71
2,199.9942,299.9913,16,1,59
2,199.9942,299.9913,16,2,35
2,199.9942,299.9913,16,3,28
2,199.9942,299.9913,16,4,10
2,199.9942,299.9913,16,5,4
2,199.9942,299.9913,16,6,5
2,199.9942,299.9913,16,7,3
2,199.9942,299.9913,16,10,3
2,199.9942,299.9913,16,15,1
2,199.9942,299.9913,16,16,2
2,199.9942,299.9913,16,17,4
2,199.9942,299.9913,16,18,2
2,199.9942,299.9913,16,19,6
2,199.9942,299.9913,16,20,3
2,199.9942,299.9913,16,21,8
2,199.9942,299.9913,16,22,14
2,199.9942,299.9913,16,23,18
2,199.9942,299.9913,16,24,14
2,199.9942,299.9913,16,25,12
2,199.9942,299.9913,16,26,6
2,199.9942,299.9913,16,27,3
2,199.9942,299.9913,16,28,2
2,199.9942,299.9913,16,29,1
2,199.9942,299.9913,16,30,1
2,199.9942,299.9913,16,42,1
2,199.9942,299.9913,16,44,1
2,199.9942,299.9913,16,46,3
2,199.9942,299.9913,16,47,1
2,199.9942,299.9913,16,48,1
2,199.9942,299.9913,16,49,5
2,199.9942,299.9913,16,50,3
2,199.9942,299.9913,16,51,6
2,199.9942,299.9913,16,52,6
2,199.9942,299.9913,16,53,1
2,199.9942,299.9913,16,54,1
2,199.9942,299.9913,16,55,1
2,199.9942,299.9913,16,56,1
2,199.9942,299.9913,16,58,1
2,199.9942,299.9913,16,61,1
2,199.9942,299.9913,16,63,2
2,199.9942,299.9913,16,64,1
2,199.9942,299.9913,16,65,2
2,199.9942,299.9913,16,66,5
2,199.9942,299.9913,16,67,13
2,199.9942,299.9913,16,68,22
2,199.9942,299.9913,16,69,44
2,199.9942,299.9913,16,70,49
2,199.9942,299.9913,16,71,64
2,199.9942,299.9913,17,0,93
2,199.9942,299.9913,17,1,91
2,199.9942,299.9913,17,2,58
2,199.9942,299.9913,17,3,37
2,199.9942,299.9913,17,4,22
2,199.9942,299.9913,17,5,12
2,199.9942,299.9913,17,6,4
2,199.9942,299.9913,17,7,2
2,199.9942,299.9913,17,8,1
2,199.9942,299.9913,17,12,1
2,199.9942,299.9913,17,15,1
2,199.9942,299.9913,17,16,1
2,199.9942,299.9913,17,17,3
2,199.9942,299.9913,17,18,3
2,199.9942,299.9913,17,19,12
2,199.9942,299.9913,17,20,14
2,199.9942,299.9913,17,21,19
2,199.9942,299.9913,17,22,27
2,199.9942,299.9913,17,23,29
2,199.9942,299.9913,17,24,20
2,199.9942,299.9913,17,25,19
2,199.9942,299.9913,17,26,12
2,199.9942,299.9913,17,27,6
2,199.9942,299.9913,17,28,4
2,199.9942,299.9913,17,43,1
2,199.9942,299.9913,17,46,2
2,199.9942,299.9913,17,48,6
2,199.9942,299.9913,17,49,6
2,199.9942,299.9913,17,50,4
2,199.9942,299.9913,17,51,2
2,199.9942,299.9913,17,52,2
2,199.9942,299.9913,17,53,3
2,199.9942,299.9913,17,54,1
2,199.9942,299.9913,17,55,3
2,199.9942,299.9913,17,56,1
2,199.9942,299.9913,17,60,1
2,199.9942,299.9913,17,63,2
2,199.9942,299.9913,17,65,12
2,199.9942,299.9913,17,66,10
2,199.9942,299.9913,17,67,17
2,199.9942,299.9913,17,68,44
2,199.9942,299.9913,17,69,73
2,199.9942,299.9913,17,70,85
2,199.9942,299.9913,17,71,103
2,199.9942,299.9913,18,0,181
2,199.9942,299.9913,18,1,151
2,199.9942,299.9913,18,2,122
2,199.9942,299.9913,18,3,74
2,199.9942,299.9913,18,4,38
2,199.9942,299.9913,18,5,25
2,199.9942,299.9913,18,6,16
2,199.9942,299.9913,18,7,7
2,199.9942,299.9913,18,8,1
2,199.9942,299.9913,18,9,1
2,199.9942,299.9913,18,10,3
2,199.9942,299.9913,18,11,1
2,199.9942,299.9913,18,14,1
2,199.9942,299.9913,18,15,3
2,199.9942,299.9913,18,16,2
2,199.9942,299.9913,18,17,7
2,199.9942,299.9913,18,18,9
2,199.9942,299.9913,18,19,12
2,199.9942,299.9913,18,20,16
2,199.9942,299.9913,18,21,31
2,199.9942,299.9913,18,22,47
2,199.9942,299.9913,18,23,51
2,199.9942,299.9913,18,24,28
2,199.9942,299.9913,18,25,28
2,199.9942,299.9913,18,26,17
2,199.9942,299.9913,18,27,8
2,199.9942,299.9913,18,28,7
2,199.9942,299.9913,18,29,3
2,199.9942,299.9913,18,45,1
2,199.9942,299.9913,18,46,3
2,199.9942,299.9913,18,47,6
2,199.9942,299.9913,18,48,4
2,199.9942,299.9913,18,49,5
2,199.9942,299.9913,18,50,7
2,199.9942,299.9913,18,51,7
2,199.9942,299.9913,18,52,5
2,199.9942,299.9913,18,53,1
2,199.9942,299.9913,18,54,4
2,199.9942,299.9913,18,55,1
2,199.9942,299.9913,18,56,4
2,199.9942,299.9913,18,57,1
2,199.9942,299.9913,18,58,1
2,199.9942,299.9913,18,59,1
2,199.9942,299.9913,18,60,1
2,199.9942,299.9913,18,61,4
2,199.9942,299.9913,18,62,2
2,199.9942,299.9913,18,63,3
2,199.9942,299.9913,18,64,5
2,199.9942,299.9913,18,65,9
2,199.9942,299.9913,18,66,20
2,199.9942,299.9913,18,67,44
2,199.9942,299.9913,18,68,68
2,199.9942,299.9913,18,69,126
2,199.9942,299.9913,18,70,153
2,199.9942,299.9913,18,71,180
2,199.9942,299.9913,19,0,347
2,199.9942,299.9913,19,1,309
2,199.9942,299.9913,19,2,195
2,199.9942,299.9913,19,3,135
2,199.9942,299.9913,19,4,66
2,199.9942,299.9913,19,5,23
2,199.9942,299.9913,19,6,25
2,199.9942,299.9913,19,7,11
2,199.9942,299.9913,19,8,2
2,199.9942,299.9913,19,9,1
2,199.9942,299.9913,19,10,2
2,199.9942,299.9913,19,11,1
2,199.9942,299.9913,19,12,2
2,199.9942,299.9913,19,14,2
2,199.9942,299.9913,19,15,4
2,199.9942,299.9913,19,16,6
2,199.9942,299.9913,19,17,10
2,199.9942,299.9913,19,18,16
2,199.9942,299.9913,19,19,19
2,199.9942,299.9913,19,20,42
2,199.9942,299.9913,19,21,58
2,199.9942,299.9913,19,22,68
2,199.9942,299.9913,19,23,89
2,199.9942,299.9913,19,24,53
2,199.9942,299.9913,19,25,43
2,199.9942,299.9913,19,26,36
2,199.9942,299.9913,19,27,16
2,199.9942,299.9913,19,28,3
2,199.9942,299.9913,19,31,1
2,199.9942,299.9913,19,44,1
2,199.9942,299.9913,19,45,1
2,199.9942,299.9913,19,46,3
2,199.9942,299.9913,19,47,1
2,199.9942,299.9913,19,48,1
2,199.9942,299.9913,19,49,10
2,199.9942,299.9913,19,50,8
2,199.9942,299.9913,19,51,6
2,199.9942,299.9913,19,52,4
2,199.9942,299.9913,19,53,4
2,199.9942,299.9913,19,54,7
2,199.9942,299.9913,19,55,3
2,199.9942,299.9913,19,56,2
2,199.9942,299.9913,19,57,2
2,199.9942,299.9913,19,59,2
2,199.9942,299.9913,19,60,4
2,199.9942,299.9913,19,61,2
2,199.9942,299.9913,19,62,2
2,199.9942,299.9913,19,63,4
2,199.9942,299.9913,19,64,6
2,199.9942,299.9913,19,65,12
2,199.9942,299.9913,19,66,29
2,199.9942,299.9913,19,67,65
2,199.9942,299.9913,19,68,120
2,199.9942,299.9913,19,69,197
2,199.9942,299.9913,19,70,291
2,199.9942,299.9913,19,71,356
2,199.9942,299.9913,20,0,584
2,199.9942,299.9913,20,1,512
2,199.9942,299.9913,20,2,338
2,199.9942,299.9913,20,3,204
2,199.9942,299.9913,20,4,130
2,199.9942,299.9913,20,5,55
2,199.9942,299.9913,20,6,25
2,199.9942,299.9913,20,7,9
2,199.9942,299.9913,20,8,5
2,199.9942,299.9913,20,9,4
2,199.9942,299.9913,20,10,3
2,199.9942,299.9913,20,11,3
2,199.9942,299.9913,20,12,4
2,199.9942,299.9913,20,13,2
2,199.9942,299.9913,20,14,6
2,199.9942,299.9913,20,15,5
2,199.9942,299.9913,20,16,8
2,199.9942,299.9913,20,17,10
2,199.9942,299.9913,20,18,22
2,199.9942,299.9913,20,19,32
2,199.9942,299.9913,20,20,69
2,199.9942,299.9913,20,21,85
2,199.9942,299.9913,20,22,112
2,199.9942,299.9913,20,23,120
2,199.9942,299.9913,20,24,115
2,199.9942,299.9913,20,25,81
2,199.9942,299.9913,20,26,49
2,199.9942,299.9913,20,27,20
2,199.9942,299.9913,20,28,9
2,199.9942,299.9913,20,29,3
2,199.9942,299.9913,20,30,1
2,199.9942,299.9913,20,32,1
2,199.9942,299.9913,20,46,2
2,199.9942,299.9913,20,47,1
2,199.9942,299.9913,20,48,1
2,199.9942,299.9913,20,49,5
2,199.9942,299.9913,20,50,3
2,199.9942,299.9913,20,51,4
2,199.9942,299.9913,20,52,8
2,199.9942,299.9913,20,53,4
2,199.9942,299.9913,20,54,4
2,199.9942,299.9913,20,55,3
2,199.9942,299.9913,20,56,3
2,199.9942,299.9913,20,58,5
2,199.9942,299.9913,20,59,3
2,199.9942,299.9913,20,60,6
2,199.9942,299.9913,20,61,5
2,199.9942,299.9913,20,62,6
2,199.9942,299.9913,20,63,2
2,199.9942,299.9913,20,64,6
2,199.9942,299.9913,20,65,30
2,199.9942,299.9913,20,66,63
2,199.9942,299.9913,20,67,110
2,199.9942,299.9913,20,68,217
2,199.9942,299.9913,20,69,345
2,199.9942,299.9913,20,70,477
2,199.9942,299.9913,20,71,600
2,199.9942,299.9913,21,0,836
2,199.9942,299.9913,21,1,696
2,199.9942,299.9913,21,2,502
2,199.9942,299.9913,21,3,290
2,199.9942,299.9913,21,4,173
2,199.9942,299.9913,21,5,73
2,199.9942,299.9913,21,6,39
2,199.9942,299.9913,21,7,18
2,199.9942,299.9913,21,8,9
2,199.9942,299.9913,21,9,4
2,199.9942,299.9913,21,10,2
2,199.9942,299.9913,21,12,5
2,199.9942,299.9913,21,13,3
2,199.9942,299.9913,21,14,8
2,199.9942,299.9913,21,15,7
2,199.9942,299.9913,21,16,13
2,199.9942,299.9913,21,17,12
2,199.9942,299.9913,21,18,33
2,199.9942,299.9913,21,19,72
2,199.9942,299.9913,21,20,109
2,199.9942,299.9913,21,21,143
2,199.9942,299.9913,21,22,166
2,199.9942,299.9913,21,23,182
2,199.9942,299.9913,21,24,137
2,199.9942,299.9913,21,25,106
2,199.9942,299.9913,21,26,47
2,199.9942,299.9913,21,27,21
2,199.9942,299.9913,21,28,17
2,199.9942,299.9913,21,29,5
2,199.9942,299.9913,21,30,3
2,199.9942,299.9913,21,45,1
2,199.9942,299.9913,21,48,2
2,199.9942,299.9913,21,49,4
2,199.9942,299.9913,21,50,4
2,199.9942,299.9913,21,51,8
2,199.9942,299.9913,21,52,6
2,199.9942,299.9913,21,53,7
2,199.9942,299.9913,21,54,5
2,199.9942,299.9913,21,55,4
2,199.9942,299.9913,21,56,3
2,199.9942,299.9913,21,58,2
2,199.9942,299.9913,21,59,3
2,199.9942,299.9913,21,60,4
2,199.9942,299.9913,21,61,3
2,199.9942,299.9913,21,62,8
2,199.9942,299.9913,21,63,9
2,199.9942,299.9913,21,64,26
2,199.9942,299.9913,21,65,48
2,199.9942,299.9913,21,66,76
2,199.9942,299.9913,21,67,155
2,199.9942,299.9913,21,68,330
2,199.9942,299.9913,21,69,481
2,199.9942,299.9913,21,70,713
2,199.9942,299.9913,21,71,812
2,199.9942,299.9913,22,0,1075
2,199.9942,299.9913,22,1,861
2,199.9942,299.9913,22,2,664
2,199.9942,299.9913,22,3,383
2,199.9942,299.9913,22,4,214
2,199.9942,299.9913,22,5,100
2,199.9942,299.9913,22,6,41
2,199.9942,299.9913,22,7,33
2,199.9942,299.9913,22,8,19
2,199.9942,299.9913,22,9,9
2,199.9942,299.9913,22,10,8
2,199.9942,299.9913,22,11,1
2,199.9942,299.9913,22,12,1
2,199.9942,299.9913,22,13,2
2,199.9942,299.9913,22,14,4
2,199.9942,299.9913,22,15,4
2,199.9942,299.9913,22,16,16
2,199.9942,299.9913,22,17,21
2,199.9942,299.9913,22,18,52
2,199.9942,299.9913,22,19,59
2,199.9942,299.9913,22,20,117
2,199.9942,299.9913,22,21,165
2,199.9942,299.9913,22,22,188
2,199.9942,299.9913,22,23,214
2,199.9942,299.9913,22,24,151
2,199.9942,299.9913,22,25,123
2,199.9942,299.9913,22,26,68
2,199.9942,299.9913,22,27,30
2,199.9942,299.9913,22,28,2
2,199.9942,299.9913,22,29,3
2,199.9942,299.9913,22,30,2
2,199.9942,299.9913,22,45,1
2,199.9942,299.9913,22,47,1
2,199.9942,299.9913,22,48,2
2,199.9942,299.9913,22,49,2
2,199.9942,299.9913,22,50,5
2,199.9942,299.9913,22,51,5
2,199.9942,299.9913,22,52,7
2,199.9942,299.9913,22,53,3
2,199.9942,299.9913,22,54,5
2,199.9942,299.9913,22,55,5
2,199.9942,299.9913,22,56,3
2,199.9942,299.9913,22,57,3
2,199.9942,299.9913,22,58,3
2,199.9942,299.9913,22,59,4
2,199.9942,299.9913,22,60,4
2,199.9942,299.9913,22,61,6
2,199.9942,299.9913,22,62,5
2,199.9942,299.9913,22,63,9
2,199.9942,299.9913,22,64,24
2,199.9942,299.9913,22,65,38
2,199.9942,299.9913,22,66,98
2,199.9942,299.9913,22,67,193
2,199.9942,299.9913,22,68,364
2,199.9942,299.9913,22,69,633
2,199.9942,299.9913,22,70,852
2,199.9942,299.9913,22,71,1093
2,199.9942,299.9913,23,0,1100
2,199.9942,299.9913,23,1,962
2,199.9942,299.9913,23,2,688
2,199.9942,299.9913,23,3,443
2,199.9942,299.9913,23,4,230
2,199.9942,299.9913,23,5,104
2,199.9942,299.9913,23,6,48
2,199.9942,299.9913,23,7,28
2,199.9942,299.9913,23,8,14
2,199.9942,299.9913,23,9,4
2,199.9942,299.9913,23,10,2
2,199.9942,299.9913,23,11,2
2,199.9942,299.9913,23,12,4
2,199.9942,299.9913,23,14,10
2,199.9942,299.9913,23,15,9
2,199.9942,299.9913,23,16,17
2,199.9942,299.9913,23,17,26
2,199.9942,299.9913,23,18,44
2,199.9942,299.9913,23,19,80
2,199.9942,299.9913,23,20,138
2,199.9942,299.9913,23,21,160
2,199.9942,299.9913,23,22,201
2,199.9942,299.9913,23,23,198
2,199.9942,299.9913,23,24,145
2,199.9942,299.9913,23,25,84
2,199.9942,299.9913,23,26,45
2,199.9942,299.9913,23,27,13
2,199.9942,299.9913,23,28,4
2,199.9942,299.9913,23,29,3
2,199.9942,299.9913,23,30,2
2,199.9942,299.9913,23,48,1
2,199.9942,299.9913,23,50,1
2,199.9942,299.9913,23,51,4
2,199.9942,299.9913,23,52,2
2,199.9942,299.9913,23,53,6
2,199.9942,299.9913,23,54,2
2,199.9942,299.9913,23,55,4
2,199.9942,299.9913,23,56,1
2,199.9942,299.9913,23,57,1
2,199.9942,299.9913,23,58,4
2,199.9942,299.9913,23,59,1
2,199.9942,299.9913,23,60,3
2,199.9942,299.9913,23,61,7
2,199.9942,299.9913,23,62,10
2,199.9942,299.9913,23,63,7
2,199.9942,299.9913,23,64,20
2,199.9942,299.9913,23,65,60
2,199.9942,299.9913,23,66,109
2,199.9942,299.9913,23,67,219
2,199.9942,299.9913,23,68,379
2,199.9942,299.9913,23,69,718
2,199.9942,299.9913,23,70,919
2,199.9942,299.9913,23,71,1124
2,199.9942,299.9913,24,0,1082
2,199.9942,299.9913,24,1,888
2,199.9942,299.9913,24,2,659
2,199.9942,299.9913,24,3,372
2,199.9942,299.9913,24,4,216
2,199.9942,299.9913,24,5,108
2,199.9942,299.9913,24,6,39
2,199.9942,299.9913,24,7,19
2,199.9942,299.9913,24,8,8
2,199.9942,299.9913,24,9,5
2,199.9942,299.9913,24,10,2
2,199.9942,299.9913,24,11,4
2,199.9942,299.9913,24,12,1
2,199.9942,299.9913,24,13,5
2,199.9942,299.9913,24,14,6
2,199.9942,299.9913,24,15,6
2,199.9942,299.9913,24,16,13
2,199.9942,299.9913,24,17,27
2,199.9942,299.9913,24,18,34
2,199.9942,299.9913,24,19,80
2,199.9942,299.9913,24,20,117
2,199.9942,299.9913,24,21,159
2,199.9942,299.9913,24,22,194
2,199.9942,299.9913,24,23,147
2,199.9942,299.9913,24,24,126
2,199.9942,299.9913,24,25,60
2,199.9942,299.9913,24,26,27
2,199.9942,299.9913,24,27,10
2,199.9942,299.9913,24,28,3
2,199.9942,299.9913,24,49,1
2,199.9942,299.9913,24,50,1
2,199.9942,299.9913,24,51,1
2,199.9942,299.9913,24,52,7
2,199.9942,299.9913,24,53,6
2,199.9942,299.9913,24,54,4
2,199.9942,299.9913,24,55,2
2,199.9942,299.9913,24,56,3
2,199.9942,299.9913,24,57,1
2,199.9942,299.9913,24,58,1
2,199.9942,299.9913,24,60,4
2,199.9942,299.9913,24,61,2
2,199.9942,299.9913,24,62,9
2,199.9942,299.9913,24,63,16
2,199.9942,299.9913,24,64,20
2,199.9942,299.9913,24,65,51
2,199.9942,299.9913,24,66,101
2,199.9942,299.9913,24,67,228
2,199.9942,299.9913,24,68,347
2,199.9942,299.9913,24,69,580
2,199.9942,299.9913,24,70,888
2,199.9942,299.9913,24,71,987
2,199.9942,299.9913,25,0,771
2,199.9942,299.9913,25,1,657
2,199.9942,299.9913,25,2,444
2,199.9942,299.9913,25,3,267
2,199.9942,299.9913,25,4,153
2,199.9942,299.9913,25,5,76
2,199.9942,299.9913,25,6,31
2,199.9942,299.9913,25,7,15
2,199.9942,299.9913,25,8,3
2,199.9942,299.9913,25,9,6
2,199.9942,299.9913,25,10,2
2,199.9942,299.9913,25,11,4
2,199.9942,299.9913,25,12,3
2,199.9942,299.9913,25,13,2
2,199.9942,299.9913,25,14,2
2,199.9942,299.9913,25,15,5
2,199.9942,299.9913,25,16,11
2,199.9942,299.9913,25,17,13
2,199.9942,299.9913,25,18,31
2,199.9942,299.9913,25,19,55
2,199.9942,299.9913,25,20,73
2,199.9942,299.9913,25,21,108
2,199.9942,299.9913,25,22,103
2,199.9942,299.9913,25,23,105
2,199.9942,299.9913,25,24,58
2,199.9942,299.9913,25,25,22
2,199.9942,299.9913,25,26,11
2,199.9942,299.9913,25,27,2
2,199.9942,299.9913,25,28,1
2,199.9942,299.9913,25,50,2
2,199.9942,299.9913,25,51,1
2,199.9942,299.9913,25,53,2
2,199.9942,299.9913,25,54,1
2,199.9942,299.9913,25,55,2
2,199.9942,299.9913,25,56,1
2,199.9942,299.9913,25,57,2
2,199.9942,299.9913,25,58,1
2,199.9942,299.9913,25,59,2
2,199.9942,299.9913,25,60,1
2,199.9942,299.9913,25,61,5
2,199.9942,299.9913,25,62,7
2,199.9942,299.9913,25,63,10
2,199.9942,299.9913,25,64,15
2,199.9942,299.9913,25,65,25
2,199.9942,299.9913,25,66,76
2,199.9942,299.9913,25,67,125
2,199.9942,299.9913,25,68,276
2,199.9942,299.9913,25,69,433
2,199.9942,299.9913,25,70,622
2,199.9942,299.9913,25,71,780
2,199.9942,299.9913,26,0,521
2,199.9942,299.9913,26,1,413
2,199.9942,299.9913,26,2,295
2,199.9942,299.9913,26,3,192
2,199.9942,299.9913,26,4,91
2,199.9942,299.9913,26,5,52
2,199.9942,299.9913,26,6,22
2,199.9942,299.9913,26,7,15
2,199.9942,299.9913,26,8,6
2,199.9942,299.9913,26,9,2
2,199.9942,299.9913,26,10,1
2,199.9942,299.9913,26,11,2
2,199.9942,299.9913,26,12,2
2,199.9942,299.9913,26,13,1
2,199.9942,299.9913,26,14,5
2,199.9942,299.9913,26,15,7
2,199.9942,299.9913,26,16,7
2,199.9942,299.9913,26,17,13
2,199.9942,299.9913,26,18,27
2,199.9942,299.9913,26,19,26
2,199.9942,299.9913,26,20,38
2,199.9942,299.9913,26,21,42
2,199.9942,299.9913,26,22,55
2,199.9942,299.9913,26,23,44
2,199.9942,299.9913,26,24,30
2,199.9942,299.9913,26,25,12
2,199.9942,299.9913,26,26,7
2,199.9942,299.9913,26,27,1
2,199.9942,299.9913,26,52,1
2,199.9942,299.9913,26,53,1
2,199.9942,299.9913,26,55,1
2,199.9942,299.9913,26,57,1
2,199.9942,299.9913,26,58,1
2,199.9942,299.9913,26,59,2
2,199.9942,299.9913,26,60,1
2,199.9942,299.9913,26,61,2
2,199.9942,299.9913,26,62,3
2,199.9942,299.9913,26,63,6
2,199.9942,299.9913,26,64,5
2,199.9942,299.9913,26,65,17
2,199.9942,299.9913,26,66,43
2,199.9942,299.9913,26,67,91
2,199.9942,299.9913,26,68,146
2,199.9942,299.9913,26,69,273
2,199.9942,299.9913,26,70,436
2,199.9942,299.9913,26,71,493
2,199.9942,299.9913,27,0,259
2,199.9942,299.9913,27,1,268
2,199.9942,299.9913,27,2,159
2,199.9942,299.9913,27,3,104
2,199.9942,299.9913,27,4,45
2,199.9942,299.9913,27,5,25
2,199.9942,299.9913,27,6,14
2,199.9942,299.9913,27,7,6
2,199.9942,299.9913,27,8,3
2,199.9942,299.9913,27,9,2
2,199.9942,299.9913,27,10,4
2,199.9942,299.9913,27,11,1
2,199.9942,299.9913,27,13,1
2,199.9942,299.9913,27,15,1
2,199.9942,299.9913,27,16,6
2,199.9942,299.9913,27,17,4
2,199.9942,299.9913,27,18,16
2,199.9942,299.9913,27,19,15
2,199.9942,299.9913,27,20,19
2,199.9942,299.9913,27,21,26
2,199.9942,299.9913,27,22,26
2,199.9942,299.9913,27,23,18
2,199.9942,299.9913,27,24,9
2,199.9942,299.9913,27,25,3
2,199.9942,299.9913,27,57,1
2,199.9942,299.9913,27,59,1
2,199.9942,299.9913,27,61,1
2,199.9942,299.9913,27,62,1
2,199.9942,299.9913,27,63,2
2,199.9942,299.9913,27,64,3
2,199.9942,299.9913,27,65,11
2,199.9942,299.9913,27,66,26
2,199.9942,299.9913,27,67,50
2,199.9942,299.9913,27,68,107
2,199.9942,299.9913,27,69,164
2,199.9942,299.9913,27,70,233
2,199.9942,299.9913,27,71,282
2,199.9942,299.9913,28,0,137
2,199.9942,299.9913,28,1,126
2,199.9942,299.9913,28,2,85
2,199.9942,299.9913,28,3,59
2,199.9942,299.9913,28,4,16
2,199.9942,299.9913,28,5,15
2,199.9942,299.9913,28,6,7
2,199.9942,299.9913,28,7,1
2,199.9942,299.9913,28,8,2
2,199.9942,299.9913,28,9,2
2,199.9942,299.9913,28,15,2
2,199.9942,299.9913,28,18,3
2,199.9942,299.9913,28,19,8
2,199.9942,299.9913,28,20,9
2,199.9942,299.9913,28,21,8
2,199.9942,299.9913,28,22,11
2,199.9942,299.9913,28,23,4
2,199.9942,299.9913,28,24,3
2,199.9942,299.9913,28,25,1
2,199.9942,299.9913,28,56,1
2,199.9942,299.9913,28,57,1
2,199.9942,299.9913,28,58,1
2,199.9942,299.9913,28,59,1
2,199.9942,299.9913,28,60,1
2,199.9942,299.9913,28,63,4
2,199.9942,299.9913,28,64,3
2,199.9942,299.9913,28,65,8
2,199.9942,299.9913,28,66,9
2,199.9942,299.9913,28,67,29
2,199.9942,299.9913,28,68,60
2,199.9942,299.9913,28,69,82
2,199.9942,299.9913,28,70,118
2,199.9942,299.9913,28,71,151
2,199.9942,299.9913,29,0,63
2,199.9942,299.9913,29,1,66
2,199.9942,299.9913,29,2,48
2,199.9942,299.9913,29,3,21
2,199.9942,299.9913,29,4,15
2,199.9942,299.9913,29,5,7
2,199.9942,299.9913,29,6,3
2,199.9942,299.9913,29,7,3
2,199.9942,299.9913,29,8,1
2,199.9942,299.9913,29,10,1
2,199.9942,299.9913,29,11,1
2,199.9942,299.9913,29,17,1
2,199.9942,299.9913,29,18,2
2,199.9942,299.9913,29,19,1
2,199.9942,299.9913,29,20,3
2,199.9942,299.9913,29,21,2
2,199.9942,299.9913,29,23,3
2,199.9942,299.9913,29,24,2
2,199.9942,299.9913,29,62,1
2,199.9942,299.9913,29,63,1
2,199.9942,299.9913,29,64,2
2,199.9942,299.9913,29,65,2
2,199.9942,299.9913,29,66,6
2,199.9942,299.9913,29,67,16
2,199.9942,299.9913,29,68,23
2,199.9942,299.9913,29,69,38
2,199.9942,299.9913,29,70,61
2,199.9942,299.9913,29,71,73
2,199.9942,299.9913,30,0,28
2,199.9942,299.9913,30,1,19
2,199.9942,299.9913,30,2,9
2,199.9942,299.9913,30,3,10
2,199.9942,299.9913,30,4,6
2,199.9942,299.9913,30,5,5
2,199.9942,299.9913,30,6,3
2,199.9942,299.9913,30,19,2
2,199.9942,299.9913,30,20,1
2,199.9942,299.9913,30,21,1
2,199.9942,299.9913,30,23,1
2,199.9942,299.9913,30,59,1
2,199.9942,299.9913,30,63,2
2,199.9942,299.9913,30,66,6
2,199.9942,299.9913,30,67,7
2,199.9942,299.9913,30,68,13
2,199.9942,299.9913,30,69,24
2,199.9942,299.9913,30,70,35
2,199.9942,299.9913,30,71,24
2,199.9942,299.9913,31,0,15
2,199.9942,299.9913,31,1,8
2,199.9942,299.9913,31,2,10
2,199.9942,299.9913,31,3,3
2,199.9942,299.9913,31,4,1
2,199.9942,299.9913,31,5,4
2,199.9942,299.9913,31,6,1
2,199.9942,299.9913,31,8,1
2,199.9942,299.9913,31,18,2
2,199.9942,299.9913,31,22,1
2,199.9942,299.9913,31,62,1
2,199.9942,299.9913,31,64,1
2,199.9942,299.9913,31,65,1
2,199.9942,299.9913,31,66,2
2,199.9942,299.9913,31,67,5
2,199.9942,299.9913,31,68,7
2,199.9942,299.9913,31,69,8
2,199.9942,299.9913,31,70,13
2,199.9942,299.9913,31,71,12
2,199.9942,299.9913,32,0,7
2,199.9942,299.9913,32,1,6
2,199.9942,299.9913,32,2,6
2,199.9942,299.9913,32,3,2
2,199.9942,299.9913,32,4,4
2,199.9942,299.9913,32,5,2
2,199.9942,299.9913,32,67,2
2,199.9942,299.9913,32,68,2
2,199.9942,299.9913,32,69,1
2,199.9942,299.9913,32,70,9
2,199.9942,299.9913,32,71,6
2,199.9942,299.9913,33,0,6
2,199.9942,299.9913,33,1,4
2,199.9942,299.9913,33,2,2
2,199.9942,299.9913,33,3,3
2,199.9942,299.9913,33,4,2
2,199.9942,299.9913,33,5,2
2,199.9942,299.9913,33,7,1
2,199.9942,299.9913,33,65,2
2,199.9942,299.9913,33,67,1
2,199.9942,299.9913,33,68,1
2,199.9942,299.9913,33,69,1
2,199.9942,299.9913,33,70,6
2,199.9942,299.9913,33,71,4
2,199.9942,299.9913,34,0,2
2,199.9942,299.9913,34,1,3
2,199.9942,299.9913,34,2,4
2,199.9942,299.9913,34,68,3
2,199.9942,299.9913,34,70,3
2,199.9942,299.9913,34,71,5
2,199.9942,299.9913,35,0,7
2,199.9942,299.9913,35,1,1
2,199.9942,299.9913,35,2,3
2,199.9942,299.9913,35,60,1
2,199.9942,299.9913,35,68,1
2,199.9942,299.9913,35,70,2
2,199.9942,299.9913,35,71,5
2,199.9942,299.9913,36,0,1
2,199.9942,299.9913,36,1,2
2,199.9942,299.9913,36,3,1
2,199.9942,299.9913,36,6,1
2,199.9942,299.9913,36,63,1
2,199.9942,299.9913,36,68,1
2,199.9942,299.9913,36,70,1
2,199.9942,299.9913,36,71,2
2,199.9942,299.9913,37,0,2
2,199.9942,299.9913,37,1,4
2,199.9942,299.9913,37,2,2
2,199.9942,299.9913,37,3,1
2,199.9942,299.9913,37,7,1
2,199.9942,299.9913,37,68,1
2,199.9942,299.9913,37,69,3
2,199.9942,299.9913,37,70,1
2,199.9942,299.9913,37,71,2
2,199.9942,299.9913,38,0,1
2,199.9942,299.9913,38,1,2
2,199.9942,299.9913,38,2,3
2,199.9942,299.9913,38,3,3
2,199.9942,299.9913,38,4,2
2,199.9942,299.9913,38,6,1
2,199.9942,299.9913,38,61,1
2,199.9942,299.9913,38,69,2
2,199.9942,299.9913,38,70,2
2,199.9942,299.9913,38,71,5
2,199.9942,299.9913,39,0,7
2,199.9942,299.9913,39,1,10
2,199.9942,299.9913,39,2,7
2,199.9942,299.9913,39,3,6
2,199.9942,299.9913,39,4,1
2,199.9942,299.9913,39,49,1
2,199.9942,299.9913,39,52,1
2,199.9942,299.9913,39,56,1
2,199.9942,299.9913,39,60,1
2,199.9942,299.9913,39,64,1
2,199.9942,299.9913,39,66,1
2,199.9942,299.9913,39,68,2
2,199.9942,299.9913,39,69,2
2,199.9942,299.9913,39,70,3
2,199.9942,299.9913,39,71,7
2,199.9942,299.9913,40,0,19
2,199.9942,299.9913,40,1,14
2,199.9942,299.9913,40,2,10
2,199.9942,299.9913,40,3,3
2,199.9942,299.9913,40,4,4
2,199.9942,299.9913,40,5,1
2,199.9942,299.9913,40,6,1
2,199.9942,299.9913,40,20,1
2,199.9942,299.9913,40,49,1
2,199.9942,299.9913,40,50,1
2,199.9942,299.9913,40,54,1
2,199.9942,299.9913,40,59,1
2,199.9942,299.9913,40,66,2
2,199.9942,299.9913,40,67,6
2,199.9942,299.9913,40,68,2
2,199.9942,299.9913,40,69,7
2,199.9942,299.9913,40,70,10
2,199.9942,299.9913,40,71,18
2,199.9942,299.9913,41,0,31
2,199.9942,299.9913,41,1,26
2,199.9942,299.9913,41,2,21
2,199.9942,299.9913,41,3,12
2,199.9942,299.9913,41,4,4
2,199.9942,299.9913,41,5,3
2,199.9942,299.9913,41,6,2
2,199.9942,299.9913,41,9,1
2,199.9942,299.9913,41,11,1
2,199.9942,299.9913,41,47,2
2,199.9942,299.9913,41,49,1
2,199.9942,299.9913,41,50,1
2,199.9942,299.9913,41,51,4
2,199.9942,299.9913,41,52,1
2,199.9942,299.9913,41,53,1
2,199.9942,299.9913,41,56,1
2,199.9942,299.9913,41,58,1
2,199.9942,299.9913,41,61,1
2,199.9942,299.9913,41,62,1
2,199.9942,299.9913,41,65,5
2,199.9942,299.9913,41,66,4
2,199.9942,299.9913,41,67,4
2,199.9942,299.9913,41,68,10
2,199.9942,299.9913,41,69,29
2,199.9942,299.9913,41,70,31
2,199.9942,299.9913,41,71,32
2,199.9942,299.9913,42,0,62
2,199.9942,299.9913,42,1,45
2,199.9942,299.9913,42,2,47
2,199.9942,299.9913,42,3,22
2,199.9942,299.9913,42,4,17
2,199.9942,299.9913,42,5,4
2,199.9942,299.9913,42,6,3
2,199.9942,299.9913,42,15,1
2,199.9942,299.9913,42,17,1
2,199.9942,299.9913,42,47,1
2,199.9942,299.9913,42,48,2
2,199.9942,299.9913,42,49,4
2,199.9942,299.9913,42,50,7
2,199.9942,299.9913,42,51,2
2,199.9942,299.9913,42,52,4
2,199.9942,299.9913,42,53,4
2,199.9942,299.9913,42,54,1
2,199.9942,299.9913,42,55,2
2,199.9942,299.9913,42,56,2
2,199.9942,299.9913,42,63,2
2,199.9942,299.9913,42,65,3
2,199.9942,299.9913,42,66,8
2,199.9942,299.9913,42,67,20
2,199.9942,299.9913,42,68,33
2,199.9942,299.9913,42,69,34
2,199.9942,299.9913,42,70,64
2,199.9942,299.9913,42,71,85
2,199.9942,299.9913,43,0,134
2,199.9942,299.9913,43,1,136
2,199.9942,299.9913,43,2,76
2,199.9942,299.9913,43,3,51
2,199.9942,299.9913,43,4,26
2,199.9942,299.9913,43,5,12
2,199.9942,299.9913,43,6,12
2,199.9942,299.9913,43,7,5
2,199.9942,299.9913,43,8,3
2,199.9942,299.9913,43,15,1
2,199.9942,299.9913,43,17,1
2,199.9942,299.9913,43,45,1
2,199.9942,299.9913,43,46,2
2,199.9942,299.9913,43,47,4
2,199.9942,299.9913,43,48,4
2,199.9942,299.9913,43,49,8
2,199.9942,299.9913,43,50,14
2,199.9942,299.9913,43,51,14
2,199.9942,299.9913,43,52,12
2,199.9942,299.9913,43,53,3
2,199.9942,299.9913,43,54,4
2,199.9942,299.9913,43,55,2
2,199.9942,299.9913,43,57,2
2,199.9942,299.9913,43,59,1
2,199.9942,299.9913,43,60,2
2,199.9942,299.9913,43,62,1
2,199.9942,299.9913,43,63,2
2,199.9942,299.9913,43,64,3
2,199.9942,299.9913,43,65,7
2,199.9942,299.9913,43,66,10
2,199.9942,299.9913,43,67,31
2,199.9942,299.9913,43,68,45
2,199.9942,299.9913,43,69,90
2,199.9942,299.9913,43,70,139
2,199.9942,299.9913,43,71,147
2,199.9942,299.9913,44,0,326
2,199.9942,299.9913,44,1,230
2,199.9942,299.9913,44,2,184
2,199.9942,299.9913,44,3,105
2,199.9942,299.9913,44,4,63
2,199.9942,299.9913,44,5,23
2,199.9942,299.9913,44,6,12
2,199.9942,299.9913,44,7,6
2,199.9942,299.9913,44,8,2
2,199.9942,299.9913,44,9,2
2,199.9942,299.9913,44,10,2
2,199.9942,299.9913,44,17,1
2,199.9942,299.9913,44,45,1
2,199.9942,299.9913,44,46,4
2,199.9942,299.9913,44,47,15
2,199.9942,299.9913,44,48,18
2,199.9942,299.9913,44,49,47
2,199.9942,299.9913,44,50,27
2,199.9942,299.9913,44,51,29
2,199.9942,299.9913,44,52,20
2,199.9942,299.9913,44,53,19
2,199.9942,299.9913,44,54,10
2,199.9942,299.9913,44,55,4
2,199.9942,299.9913,44,56,3
2,199.9942,299.9913,44,57,2
2,199.9942,299.9913,44,58,1
2,199.9942,299.9913,44,59,3
2,199.9942,299.9913,44,61,1
2,199.9942,299.9913,44,62,1
2,199.9942,299.9913,44,63,6
2,199.9942,299.9913,44,64,8
2,199.9942,299.9913,44,65,13
2,199.9942,299.9913,44,66,26
2,199.9942,299.9913,44,67,59
2,199.9942,299.9913,44,68,101
2,199.9942,299.9913,44,69,186
2,199.9942,299.9913,44,70,222
2,199.9942,299.9913,44,71,319
2,199.9942,299.9913,45,0,539
2,199.9942,299.9913,45,1,470
2,199.9942,299.9913,45,2,288
2,199.9942,299.9913,45,3,191
2,199.9942,299.9913,45,4,86
2,199.9942,299.9913,45,5,46
2,199.9942,299.9913,45,6,14
2,199.9942,299.9913,45,7,12
2,199.9942,299.9913,45,8,3
2,199.9942,299.9913,45,9,3
2,199.9942,299.9913,45,10,6
2,199.9942,299.9913,45,11,2
2,199.9942,299.9913,45,12,3
2,199.9942,299.9913,45,13,2
2,199.9942,299.9913,45,18,1
2,199.9942,299.9913,45,44,2
2,199.9942,299.9913,45,45,6
2,199.9942,299.9913,45,46,18
2,199.9942,299.9913,45,47,30
2,199.9942,299.9913,45,48,61
2,199.9942,299.9913,45,49,77
2,199.9942,299.9913,45,50,70
2,199.9942,299.9913,45,51,52
2,199.9942,299.9913,45,52,47
2,199.9942,299.9913,45,53,35
2,199.9942,299.9913,45,54,14
2,199.9942,299.9913,45,55,5
2,199.9942,299.9913,45,56,10
2,199.9942,299.9913,45,57,1
2,199.9942,299.9913,45,58,1
2,199.9942,299.9913,45,59,2
2,199.9942,299.9913,45,60,3
2,199.9942,299.9913,45,61,3
2,199.9942,299.9913,45,62,4
2,199.9942,299.9913,45,63,6
2,199.9942,299.9913,45,64,10
2,199.9942,299.9913,45,65,19
2,199.9942,299.9913,45,66,40
2,199.9942,299.9913,45,67,100
2,199.9942,299.9913,45,68,190
2,199.9942,299.9913,45,69,291
2,199.9942,299.9913,45,70,493
2,199.9942,299.9913,45,71,514
2,199.9942,299.9913,46,0,810
2,199.9942,299.9913,46,1,673
2,199.9942,299.9913,46,2,485
2,199.9942,299.9913,46,3,282
2,199.9942,299.9913,46,4,154
2,199.9942,299.9913,46,5,72
2,199.9942,299.9913,46,6,40
2,199.9942,299.9913,46,7,16
2,199.9942,299.9913,46,8,4
2,199.9942,299.9913,46,9,8
2,199.9942,299.9913,46,10,5
2,199.9942,299.9913,46,11,2
2,199.9942,299.9913,46,12,6
2,199.9942,299.9913,46,13,2
2,199.9942,299.9913,46,14,2
2,199.9942,299.9913,46,15,3
2,199.9942,299.9913,46,17,4
2,199.9942,299.9913,46,18,1
2,199.9942,299.9913,46,19,1
2,199.9942,299.9913,46,22,1
2,199.9942,299.9913,46,23,1
2,199.9942,299.9913,46,43,1
2,199.9942,299.9913,46,44,8
2,199.9942,299.9913,46,45,19
2,199.9942,299.9913,46,46,50
2,199.9942,299.9913,46,47,84
2,199.9942,299.9913,46,48,131
2,199.9942,299.9913,46,49,127
2,199.9942,299.9913,46,50,134
2,199.9942,299.9913,46,51,102
2,199.9942,299.9913,46,52,77
2,199.9942,299.9913,46,53,37
2,199.9942,299.9913,46,54,18
2,199.9942,299.9913,46,55,16
2,199.9942,299.9913,46,56,10
2,199.9942,299.9913,46,57,5
2,199.9942,299.9913,46,58,3
2,199.9942,299.9913,46,59,2
2,199.9942,299.9913,46,60,4
2,199.9942,299.9913,46,61,5
2,199.9942,299.9913,46,62,10
2,199.9942,299.9913,46,63,10
2,199.9942,299.9913,46,64,15
2,199.9942,299.9913,46,65,31
2,199.9942,299.9913,46,66,76
2,199.9942,299.9913,46,67,188
2,199.9942,299.9913,46,68,280
2,199.9942,299.9913,46,69,480
2,199.9942,299.9913,46,70,728
2,199.9942,299.9913,46,71,847
2,199.9942,299.9913,47,0,1215
2,199.9942,299.9913,47,1,992
2,199.9942,299.9913,47,2,610
2,199.9942,299.9913,47,3,356
2,199.9942,299.9913,47,4,222
2,199.9942,299.9913,47,5,100
2,199.9942,299.9913,47,6,44
2,199.9942,299.9913,47,7,25
2,199.9942,299.9913,47,8,15
2,199.9942,299.9913,47,9,5
2,199.9942,299.9913,47,10,2
2,199.9942,299.9913,47,11,3
2,199.9942,299.9913,47,12,4
2,199.9942,299.9913,47,13,3
2,199.9942,299.9913,47,14,3
2,199.9942,299.9913,47,15,5
2,199.9942,299.9913,47,16,2
2,199.9942,299.9913,47,17,2
2,199.9942,299.9913,47,18,2
2,199.9942,299.9913,47,20,2
2,199.9942,299.9913,47,21,4
2,199.9942,299.9913,47,41,1
2,199.9942,299.9913,47,42,1
2,199.9942,299.9913,47,43,3
2,199.9942,299.9913,47,44,10
2,199.9942,299.9913,47,45,42
2,199.9942,299.9913,47,46,83
2,199.9942,299.9913,47,47,128
2,199.9942,299.9913,47,48,183
2,199.9942,299.9913,47,49,183
2,199.9942,299.9913,47,50,163
2,199.9942,299.9913,47,51,164
2,199.9942,299.9913,47,52,87
2,199.9942,299.9913,47,53,58
2,199.9942,299.9913,47,54,27
2,199.9942,299.9913,47,55,15
2,199.9942,299.9913,47,56,6
2,199.9942,299.9913,47,57,5
2,199.9942,299.9913,47,58,6
2,199.9942,299.9913,47,59,2
2,199.9942,299.9913,47,60,6
2,199.9942,299.9913,47,61,1
2,199.9942,299.9913,47,62,7
2,199.9942,299.9913,47,63,11
2,199.9942,299.9913,47,64,30
2,199.9942,299.9913,47,65,59
2,199.9942,299.9913,47,66,113
2,199.9942,299.9913,47,67,198
2,199.9942,299.9913,47,68,407
2,199.9942,299.9913,47,69,652
2,199.9942,299.9913,47,70,995
2,199.9942,299.9913,47,71,1058
2,199.9942,299.9913,48,0,1224
2,199.9942,299.9913,48,1,1021
2,199.9942,299.9913,48,2,705
2,199.9942,299.9913,48,3,466
2,199.9942,299.9913,48,4,231
2,199.9942,299.9913,48,5,107
2,199.9942,299.9913,48,6,53
2,199.9942,299.9913,48,7,23
2,199.9942,299.9913,48,8,18
2,199.9942,299.9913,48,9,5
2,199.9942,299.9913,48,10,2
2,199.9942,299.9913,48,11,3
2,199.9942,299.9913,48,12,2
2,199.9942,299.9913,48,13,4
2,199.9942,299.9913,48,14,2
2,199.9942,299.9913,48,15,4
2,199.9942,299.9913,48,16,3
2,199.9942,299.9913,48,17,3
2,199.9942,299.9913,48,18,6
2,199.9942,299.9913,48,19,5
2,199.9942,299.9913,48,20,4
2,199.9942,299.9913,48,21,2
2,199.9942,299.9913,48,22,1
2,199.9942,299.9913,48,24,2
2,199.9942,299.9913,48,42,1
2,199.9942,299.9913,48,43,12
2,199.9942,299.9913,48,44,21
2,199.9942,299.9913,48,45,51
2,199.9942,299.9913,48,46,105
2,199.9942,299.9913,48,47,196
2,199.9942,299.9913,48,48,231
2,199.9942,299.9913,48,49,245
2,199.9942,299.9913,48,50,244
2,199.9942,299.9913,48,51,163
2,199.9942,299.9913,48,52,104
2,199.9942,299.9913,48,53,52
2,199.9942,299.9913,48,54,33
2,199.9942,299.9913,48,55,19
2,199.9942,299.9913,48,56,5
2,199.9942,299.9913,48,57,13
2,199.9942,299.9913,48,58,6
2,199.9942,299.9913,48,59,6
2,199.9942,299.9913,48,60,7
2,199.9942,299.9913,48,61,4
2,199.9942,299.9913,48,62,10
2,199.9942,299.9913,48,63,14
2,199.9942,299.9913,48,64,27
2,199.9942,299.9913,48,65,61
2,199.9942,299.9913,48,66,126
2,199.9942,299.9913,48,67,228
2,199.9942,299.9913,48,68,404
2,199.9942,299.9913,48,69,733
2,199.9942,299.9913,48,70,1058
2,199.9942,299.9913,48,71,1286
2,199.9942,299.9913,49,0,1141
2,199.9942,299.9913,49,1,975
2,199.9942,299.9913,49,2,616
2,199.9942,299.9913,49,3,381
2,199.9942,299.9913,49,4,200
2,199.9942,299.9913,49,5,126
2,199.9942,299.9913,49,6,59
2,199.9942,299.9913,49,7,21
2,199.9942,299.9913,49,8,12
2,199.9942,299.9913,49,9,11
2,199.9942,299.9913,49,10,6
2,199.9942,299.9913,49,11,3
2,199.9942,299.9913,49,12,2
2,199.9942,299.9913,49,13,3
2,199.9942,299.9913,49,14,1
2,199.9942,299.9913,49,15,5
2,199.9942,299.9913,49,16,3
2,199.9942,299.9913,49,17,2
2,199.9942,299.9913,49,18,7
2,199.9942,299.9913,49,19,5
2,199.9942,299.9913,49,20,5
2,199.9942,299.9913,49,21,2
2,199.9942,299.9913,49,23,2
2,199.9942,299.9913,49,25,1
2,199.9942,299.9913,49,41,1
2,199.9942,299.9913,49,42,2
2,199.9942,299.9913,49,43,16
2,199.9942,299.9913,49,44,37
2,199.9942,299.9913,49,45,56
2,199.9942,299.9913,49,46,151
2,199.9942,299.9913,49,47,219
2,199.9942,299.9913,49,48,279
2,199.9942,299.9913,49,49,272
2,199.9942,299.9913,49,50,213
2,199.9942,299.9913,49,51,143
2,199.9942,299.9913,49,52,113
2,199.9942,299.9913,49,53,52
2,199.9942,299.9913,49,54,25
2,199.9942,299.9913,49,55,26
2,199.9942,299.9913,49,56,12
2,199.9942,299.9913,49,57,6
2,199.9942,299.9913,49,58,4
2,199.9942,299.9913,49,59,4
2,199.9942,299.9913,49,60,4
2,199.9942,299.9913,49,61,4
2,199.9942,299.9913,49,62,7
2,199.9942,299.9913,49,63,13
2,199.9942,299.9913,49,64,35
2,199.9942,299.9913,49,65,51
2,199.9942,299.9913,49,66,119
2,199.9942,299.9913,49,67,211
2,199.9942,299.9913,49,68,392
2,199.9942,299.9913,49,69,670
2,199.9942,299.9913,49,70,979
2,199.9942,299.9913,49,71,1139
2,199.9942,299.9913,50,0,990
2,199.9942,299.9913,50,1,734
2,199.9942,299.9913,50,2,537
2,199.9942,299.9913,50,3,292
2,199.9942,299.9913,50,4,170
2,199.9942,299.9913,50,5,87
2,199.9942,299.9913,50,6,36
2,199.9942,299.9913,50,7,25
2,199.9942,299.9913,50,8,10
2,199.9942,299.9913,50,9,7
2,199.9942,299.9913,50,10,5
2,199.9942,299.9913,50,11,1
2,199.9942,299.9913,50,12,4
2,199.9942,299.9913,50,13,4
2,199.9942,299.9913,50,14,3
2,199.9942,299.9913,50,16,5
2,199.9942,299.9913,50,17,6
2,199.9942,299.9913,50,18,3
2,199.9942,299.9913,50,19,4
2,199.9942,299.9913,50,20,6
2,199.9942,299.9913,50,21,4
2,199.9942,299.9913,50,22,3
2,199.9942,299.9913,50,23,1
2,199.9942,299.9913,50,24,1
2,199.9942,299.9913,50,25,1
2,199.9942,299.9913,50,40,1
2,199.9942,299.9913,50,41,2
2,199.9942,299.9913,50,42,8
2,199.9942,299.9913,50,43,13
2,199.9942,299.9913,50,44,28
2,199.9942,299.9913,50,45,93
2,199.9942,299.9913,50,46,130
2,199.9942,299.9913,50,47,208
2,199.9942,299.9913,50,48,232
2,199.9942,299.9913,50,49,231
2,199.9942,299.9913,50,50,188
2,199.9942,299.9913,50,51,146
2,199.9942,299.9913,50,52,65
2,199.9942,299.9913,50,53,44
2,199.9942,299.9913,50,54,17
2,199.9942,299.9913,50,55,13
2,199.9942,299.9913,50,56,14
2,199.9942,299.9913,50,57,3
2,199.9942,299.9913,50,58,8
2,199.9942,299.9913,50,59,6
2,199.9942,299.9913,50,60,6
2,199.9942,299.9913,50,61,3
2,199.9942,299.9913,50,62,6
2,199.9942,299.9913,50,63,11
2,199.9942,299.9913,50,64,21
2,199.9942,299.9913,50,65,40
2,199.9942,299.9913,50,66,93
2,199.9942,299.9913,50,67,176
2,199.9942,299.9913,50,68,320
2,199.9942,299.9913,50,69,535
2,199.9942,299.9913,50,70,752
2,199.9942,299.9913,50,71,913
2,199.9942,299.9913,51,0,671
2,199.9942,299.9913,51,1,491
2,199.9942,299.9913,51,2,359
2,199.9942,299.9913,51,3,236
2,199.9942,299.9913,51,4,118
2,199.9942,299.9913,51,5,51
2,199.9942,299.9913,51,6,32
2,199.9942,299.9913,51,7,14
2,199.9942,299.9913,51,8,4
2,199.9942,299.9913,51,9,4
2,199.9942,299.9913,51,10,1
2,199.9942,299.9913,51,11,1
2,199.9942,299.9913,51,14,2
2,199.9942,299.9913,51,15,3
2,199.9942,299.9913,51,16,1
2,199.9942,299.9913,51,17,4
2,199.9942,299.9913,51,18,4
2,199.9942,299.9913,51,19,7
2,199.9942,299.9913,51,20,6
2,199.9942,299.9913,51,21,8
2,199.9942,299.9913,51,22,5
2,199.9942,299.9913,51,23,3
2,199.9942,299.9913,51,41,3
2,199.9942,299.9913,51,42,5
2,199.9942,299.9913,51,43,13
2,199.9942,299.9913,51,44,29
2,199.9942,299.9913,51,45,54
2,199.9942,299.9913,51,46,112
2,199.9942,299.9913,51,47,129
2,199.9942,299.9913,51,48,176
2,199.9942,299.9913,51,49,166
2,199.9942,299.9913,51,50,114
2,199.9942,299.9913,51,51,86
2,199.9942,299.9913,51,52,40
2,199.9942,299.9913,51,53,26
2,199.9942,299.9913,51,54,28
2,199.9942,299.9913,51,55,8
2,199.9942,299.9913,51,56,4
2,199.9942,299.9913,51,57,2
2,199.9942,299.9913,51,58,1
2,199.9942,299.9913,51,59,2
2,199.9942,299.9913,51,60,1
2,199.9942,299.9913,51,61,4
2,199.9942,299.9913,51,62,9
2,199.9942,299.9913,51,63,4
2,199.9942,299.9913,51,64,10
2,199.9942,299.9913,51,65,30
2,199.9942,299.9913,51,66,48
2,199.9942,299.9913,51,67,116
2,199.9942,299.9913,51,68,196
2,199.9942,299.9913,51,69,405
2,199.9942,299.9913,51,70,503
2,199.9942,299.9913,51,71,615
2,199.9942,299.9913,52,0,403
2,199.9942,299.9913,52,1,308
2,199.9942,299.9913,52,2,209
2,199.9942,299.9913,52,3,119
2,199.9942,299.9913,52,4,81
2,199.9942,299.9913,52,5,29
2,199.9942,299.9913,52,6,23
2,199.9942,299.9913,52,7,10
2,199.9942,299.9913,52,8,6
2,199.9942,299.9913,52,9,3
2,199.9942,299.9913,52,10,1
2,199.9942,299.9913,52,11,1
2,199.9942,299.9913,52,12,1
2,199.9942,299.9913,52,13,2
2,199.9942,299.9913,52,14,2
2,199.9942,299.9913,52,15,2
2,199.9942,299.9913,52,16,5
2,199.9942,299.9913,52,17,4
2,199.9942,299.9913,52,18,4
2,199.9942,299.9913,52,19,6
2,199.9942,299.9913,52,20,5
2,199.9942,299.9913,52,21,4
2,199.9942,299.9913,52,22,3
2,199.9942,299.9913,52,23,3
2,199.9942,299.9913,52,24,1
2,199.9942,299.9913,52,27,1
2,199.9942,299.9913,52,38,1
2,199.9942,299.9913,52,40,1
2,199.9942,299.9913,52,41,2
2,199.9942,299.9913,52,42,4
2,199.9942,299.9913,52,43,6
2,199.9942,299.9913,52,44,25
2,199.9942,299.9913,52,45,41
2,199.9942,299.9913,52,46,72
2,199.9942,299.9913,52,47,77
2,199.9942,299.9913,52,48,96
2,199.9942,299.9913,52,49,94
2,199.9942,299.9913,52,50,84
2,199.9942,299.9913,52,51,51
2,199.9942,299.9913,52,52,27
2,199.9942,299.9913,52,53,23
2,199.9942,299.9913,52,54,8
2,199.9942,299.9913,52,55,3
2,199.9942,299.9913,52,56,1
2,199.9942,299.9913,52,57,4
2,199.9942,299.9913,52,58,4
2,199.9942,299.9913,52,59,1
2,199.9942,299.9913,52,60,1
2,199.9942,299.9913,52,61,2
2,199.9942,299.9913,52,62,3
2,199.9942,299.9913,52,63,3
2,199.9942,299.9913,52,64,9
2,199.9942,299.9913,52,65,11
2,199.9942,299.9913,52,66,43
2,199.9942,299.9913,52,67,56
2,199.9942,299.9913,52,68,134
2,199.9942,299.9913,52,69,229
2,199.9942,299.9913,52,70,300
2,199.9942,299.9913,52,71,400
2,199.9942,299.9913,53,0,239
2,199.9942,299.9913,53,1,196
2,199.9942,299.9913,53,2,114
2,199.9942,299.9913,53,3,82
2,199.9942,299.9913,53,4,54
2,199.9942,299.9913,53,5,16
2,199.9942,299.9913,53,6,15
2,199.9942,299.9913,53,7,8
2,199.9942,299.9913,53,8,3
2,199.9942,299.9913,53,9,3
2,199.9942,299.9913,53,10,1
2,199.9942,299.9913,53,14,1
2,199.9942,299.9913,53,15,3
2,199.9942,299.9913,53,16,2
2,199.9942,299.9913,53,17,1
2,199.9942,299.9913,53,18,1
2,199.9942,299.9913,53,19,3
2,199.9942,299.9913,53,20,2
2,199.9942,299.9913,53,21,10
2,199.9942,299.9913,53,22,8
2,199.9942,299.9913,53,23,1
2,199.9942,299.9913,53,25,1
2,199.9942,299.9913,53,26,1
2,199.9942,299.9913,53,42,2
2,199.9942,299.9913,53,43,6
2,199.9942,299.9913,53,44,11
2,199.9942,299.9913,53,45,29
2,199.9942,299.9913,53,46,53
2,199.9942,299.9913,53,47,52
2,199.9942,299.9913,53,48,60
2,199.9942,299.9913,53,49,81
2,199.9942,299.9913,53,50,46
2,199.9942,299.9913,53,51,25
2,199.9942,299.9913,53,52,21
2,199.9942,299.9913,53,53,9
2,199.9942,299.9913,53,54,6
2,199.9942,299.9913,53,55,3
2,199.9942,299.9913,53,56,3
2,199.9942,299.9913,53,58,1
2,199.9942,299.9913,53,61,2
2,199.9942,299.9913,53,62,3
2,199.9942,299.9913,53,63,4
2,199.9942,299.9913,53,64,9
2,199.9942,299.9913,53,65,7
2,199.9942,299.9913,53,66,25
2,199.9942,299.9913,53,67,44
2,199.9942,299.9913,53,68,71
2,199.9942,299.9913,53,69,109
2,199.9942,299.9913,53,70,166
2,199.9942,299.9913,53,71,199
2,199.9942,299.9913,54,0,105
2,199.9942,299.9913,54,1,89
2,199.9942,299.9913,54,2,74
2,199.9942,299.9913,54,3,36
2,199.9942,299.9913,54,4,13
2,199.9942,299.9913,54,5,16
2,199.9942,299.9913,54,6,6
2,199.9942,299.9913,54,7,2
2,199.9942,299.9913,54,8,2
2,199.9942,299.9913,54,16,2
2,199.9942,299.9913,54,17,2
2,199.9942,299.9913,54,18,3
2,199.9942,299.9913,54,19,4
2,199.9942,299.9913,54,20,2
2,199.9942,299.9913,54,21,5
2,199.9942,299.9913,54,22,4
2,199.9942,299.9913,54,23,3
2,199.9942,299.9913,54,24,1
2,199.9942,299.9913,54,25,1
2,199.9942,299.9913,54,31,1
2,199.9942,299.9913,54,38,1
2,199.9942,299.9913,54,42,1
2,199.9942,299.9913,54,43,3
2,199.9942,299.9913,54,44,7
2,199.9942,299.9913,54,45,10
2,199.9942,299.9913,54,46,20
2,199.9942,299.9913,54,47,27
2,199.9942,299.9913,54,48,28
2,199.9942,299.9913,54,49,25
2,199.9942,299.9913,54,50,32
2,199.9942,299.9913,54,51,17
2,199.9942,299.9913,54,52,10
2,199.9942,299.9913,54,53,7
2,199.9942,299.9913,54,54,4
2,199.9942,299.9913,54,55,4
2,199.9942,299.9913,54,56,2
2,199.9942,299.9913,54,57,1
2,199.9942,299.9913,54,59,1
2,199.9942,299.9913,54,62,1
2,199.9942,299.9913,54,64,1
2,199.9942,299.9913,54,65,8
2,199.9942,299.9913,54,66,7
2,199.9942,299.9913,54,67,22
2,199.9942,299.9913,54,68,30
2,199.9942,299.9913,54,69,71
2,199.9942,299.9913,54,70,104
2,199.9942,299.9913,54,71,109
2,199.9942,299.9913,55,0,56
2,199.9942,299.9913,55,1,45
2,199.9942,299.9913,55,2,38
2,199.9942,299.9913,55,3,19
2,199.9942,299.9913,55,4,13
2,199.9942,299.9913,55,5,7
2,199.9942,299.9913,55,6,1
2,199.9942,299.9913,55,7,1
2,199.9942,299.9913,55,14,2
2,199.9942,299.9913,55,16,1
2,199.9942,299.9913,55,18,2
2,199.9942,299.9913,55,19,1
2,199.9942,299.9913,55,20,1
2,199.9942,299.9913,55,21,5
2,199.9942,299.9913,55,22,4
2,199.9942,299.9913,55,23,6
2,199.9942,299.9913,55,24,5
2,199.9942,299.9913,55,25,1
2,199.9942,299.9913,55,26,1
2,199.9942,299.9913,55,27,2
2,199.9942,299.9913,55,43,5
2,199.9942,299.9913,55,44,2
2,199.9942,299.9913,55,45,7
2,199.9942,299.9913,55,46,17
2,199.9942,299.9913,55,47,20
2,199.9942,299.9913,55,48,21
2,199.9942,299.9913,55,49,28
2,199.9942,299.9913,55,50,10
2,199.9942,299.9913,55,51,10
2,199.9942,299.9913,55,52,8
2,199.9942,299.9913,55,53,8
2,199.9942,299.9913,55,55,3
2,199.9942,299.9913,55,57,1
2,199.9942,299.9913,55,59,1
2,199.9942,299.9913,55,63,2
2,199.9942,299.9913,55,64,3
2,199.9942,299.9913,55,65,6
2,199.9942,299.9913,55,66,5
2,199.9942,299.9913,55,67,9
2,199.9942,299.9913,55,68,33
2,199.9942,299.9913,55,69,40
2,199.9942,299.9913,55,70,56
2,199.9942,299.9913,55,71,59
2,199.9942,299.9913,56,0,42
2,199.9942,299.9913,56,1,28
2,199.9942,299.9913,56,2,20
2,199.9942,299.9913,56,3,8
2,199.9942,299.9913,56,4,5
2,199.9942,299.9913,56,5,4
2,199.9942,299.9913,56,6,4
2,199.9942,299.9913,56,8,1
2,199.9942,299.9913,56,15,1
2,199.9942,299.9913,56,16,2
2,199.9942,299.9913,56,17,1
2,199.9942,299.9913,56,19,6
2,199.9942,299.9913,56,21,2
2,199.9942,299.9913,56,22,1
2,199.9942,299.9913,56,28,1
2,199.9942,299.9913,56,30,1
2,199.9942,299.9913,56,43,1
2,199.9942,299.9913,56,44,1
2,199.9942,299.9913,56,45,12
2,199.9942,299.9913,56,46,4
2,199.9942,299.9913,56,47,8
2,199.9942,299.9913,56,48,12
2,199.9942,299.9913,56,49,14
2,199.9942,299.9913,56,50,12
2,199.9942,299.9913,56,51,5
2,199.9942,299.9913,56,52,2
2,199.9942,299.9913,56,53,3
2,199.9942,299.9913,56,63,1
2,199.9942,299.9913,56,64,3
2,199.9942,299.9913,56,65,1
2,199.9942,299.9913,56,66,5
2,199.9942,299.9913,56,67,8
2,199.9942,299.9913,56,68,15
2,199.9942,299.9913,56,69,19
2,199.9942,299.9913,56,70,42
2,199.9942,299.9913,56,71,60
2,199.9942,299.9913,57,0,26
2,199.9942,299.9913,57,1,26
2,199.9942,299.9913,57,2,10
2,199.9942,299.9913,57,3,9
2,199.9942,299.9913,57,4,4
2,199.9942,299.9913,57,5,1
2,199.9942,299.9913,57,6,1
2,199.9942,299.9913,57,7,1
2,199.9942,299.9913,57,8,1
2,199.9942,299.9913,57,18,2
2,199.9942,299.9913,57,19,1
2,199.9942,299.9913,57,20,1
2,199.9942,299.9913,57,21,1
2,199.9942,299.9913,57,22,2
2,199.9942,299.9913,57,23,5
2,199.9942,299.9913,57,24,4
2,199.9942,299.9913,57,25,3
2,199.9942,299.9913,57,27,1
2,199.9942,299.9913,57,43,1
2,199.9942,299.9913,57,45,3
2,199.9942,299.9913,57,46,5
2,199.9942,299.9913,57,47,4
2,199.9942,299.9913,57,48,10
2,199.9942,299.9913,57,49,7
2,199.9942,299.9913,57,50,10
2,199.9942,299.9913,57,51,3
2,199.9942,299.9913,57,52,2
2,199.9942,299.9913,57,53,3
2,199.9942,299.9913,57,62,1
2,199.9942,299.9913,57,65,2
2,199.9942,299.9913,57,66,5
2,199.9942,299.9913,57,67,2
2,199.9942,299.9913,57,68,11
2,199.9942,299.9913,57,69,21
2,199.9942,299.9913,57,70,17
2,199.9942,299.9913,57,71,31
2,199.9942,299.9913,58,0,19
2,199.9942,299.9913,58,1,11
2,199.9942,299.9913,58,2,10
2,199.9942,299.9913,58,3,5
2,199.9942,299.9913,58,4,9
2,199.9942,299.9913,58,5,1
2,199.9942,299.9913,58,7,1
2,199.9942,299.9913,58,17,1
2,199.9942,299.9913,58,18,1
2,199.9942,299.9913,58,20,2
2,199.9942,299.9913,58,21,3
2,199.9942,299.9913,58,22,4
2,199.9942,299.9913,58,23,1
2,199.9942,299.9913,58,24,4
2,199.9942,299.9913,58,27,1
2,199.9942,299.9913,58,41,1
2,199.9942,299.9913,58,43,2
2,199.9942,299.9913,58,45,4
2,199.9942,299.9913,58,46,6
2,199.9942,299.9913,58,47,6
2,199.9942,299.9913,58,48,8
2,199.9942,299.9913,58,49,4
2,199.9942,299.9913,58,50,2
2,199.9942,299.9913,58,51,2
2,199.9942,299.9913,58,54,1
2,199.9942,299.9913,58,61,1
2,199.9942,299.9913,58,65,2
2,199.9942,299.9913,58,66,3
2,199.9942,299.9913,58,67,4
2,199.9942,299.9913,58,68,6
2,199.9942,299.9913,58,69,24
2,199.9942,299.9913,58,70,14
2,199.9942,299.9913,58,71,24
2,199.9942,299.9913,59,0,13
2,199.9942,299.9913,59,1,20
2,199.9942,299.9913,59,2,15
2,199.9942,299.9913,59,3,5
2,199.9942,299.9913,59,4,3
2,199.9942,299.9913,59,5,4
2,199.9942,299.9913,59,6,3
2,199.9942,299.9913,59,7,1
2,199.9942,299.9913,59,12,1
2,199.9942,299.9913,59,19,1
2,199.9942,299.9913,59,20,1
2,199.9942,299.9913,59,21,4
2,199.9942,299.9913,59,22,3
2,199.9942,299.9913,59,23,3
2,199.9942,299.9913,59,24,4
2,199.9942,299.9913,59,25,1
2,199.9942,299.9913,59,26,2
2,199.9942,299.9913,59,28,1
2,199.9942,299.9913,59,41,1
2,199.9942,299.9913,59,43,1
2,199.9942,299.9913,59,45,2
2,199.9942,299.9913,59,46,1
2,199.9942,299.9913,59,47,4
2,199.9942,299.9913,59,48,1
2,199.9942,299.9913,59,49,4
2,199.9942,299.9913,59,50,6
2,199.9942,299.9913,59,51,5
2,199.9942,299.9913,59,67,2
2,199.9942,299.9913,59,68,5
2,199.9942,299.9913,59,69,7
2,199.9942,299.9913,59,70,20
2,199.9942,299.9913,59,71,12
2,199.9942,299.9913,60,0,20
2,199.9942,299.9913,60,1,14
2,199.9942,299.9913,60,2,12
2,199.9942,299.9913,60,3,5
2,199.9942,299.9913,60,4,4
2,199.9942,299.9913,60,18,1
2,199.9942,299.9913,60,19,1
2,199.9942,299.9913,60,20,2
2,199.9942,299.9913,60,21,4
2,199.9942,299.9913,60,22,2
2,199.9942,299.9913,60,23,7
2,199.9942,299.9913,60,24,3
2,199.9942,299.9913,60,25,4
2,199.9942,299.9913,60,26,2
2,199.9942,299.9913,60,27,1
2,199.9942,299.9913,60,28,1
2,199.9942,299.9913,60,43,1
2,199.9942,299.9913,60,44,1
2,199.9942,299.9913,60,45,1
2,199.9942,299.9913,60,46,5
2,199.9942,299.9913,60,47,4
2,199.9942,299.9913,60,48,2
2,199.9942,299.9913,60,49,1
2,199.9942,299.9913,60,50,2
2,199.9942,299.9913,60,52,2
2,199.9942,299.9913,60,53,1
2,199.9942,299.9913,60,64,1
2,199.9942,299.9913,60,66,1
2,199.9942,299.9913,60,67,2
2,199.9942,299.9913,60,68,6
2,199.9942,299.9913,60,69,16
2,199.9942,299.9913,60,70,12
2,199.9942,299.9913,60,71,21
2,199.9942,299.9913,61,0,31
2,199.9942,299.9913,61,1,18
2,199.9942,299.9913,61,2,14
2,199.9942,299.9913,61,3,10
2,199.9942,299.9913,61,4,2
2,199.9942,299.9913,61,5,2
2,199.9942,299.9913,61,16,1
2,199.9942,299.9913,61,18,1
2,199.9942,299.9913,61,19,1
2,199.9942,299.9913,61,20,6
2,199.9942,299.9913,61,21,4
2,199.9942,299.9913,61,22,6
2,199.9942,299.9913,61,23,7
2,199.9942,299.9913,61,24,8
2,199.9942,299.9913,61,25,3
2,199.9942,299.9913,61,26,2
2,199.9942,299.9913,61,28,3
2,199.9942,299.9913,61,44,2
2,199.9942,299.9913,61,45,4
2,199.9942,299.9913,61,46,4
2,199.9942,299.9913,61,47,5
2,199.9942,299.9913,61,48,6
2,199.9942,299.9913,61,49,10
2,199.9942,299.9913,61,50,3
2,199.9942,299.9913,61,51,1
2,199.9942,299.9913,61,53,1
2,199.9942,299.9913,61,64,1
2,199.9942,299.9913,61,67,3
2,199.9942,299.9913,61,68,16
2,199.9942,299.9913,61,69,12
2,199.9942,299.9913,61,70,20
2,199.9942,299.9913,61,71,28
2,199.9942,299.9913,62,0,36
2,199.9942,299.9913,62,1,31
2,199.9942,299.9913,62,2,27
2,199.9942,299.9913,62,3,6
2,199.9942,299.9913,62,4,8
2,199.9942,299.9913,62,5,2
2,199.9942,299.9913,62,6,1
2,199.9942,299.9913,62,11,2
2,199.9942,299.9913,62,13,1
2,199.9942,299.9913,62,16,1
2,199.9942,299.9913,62,18,2
2,199.9942,299.9913,62,19,2
2,199.9942,299.9913,62,20,6
2,199.9942,299.9913,62,21,7
2,199.9942,299.9913,62,22,8
2,199.9942,299.9913,62,23,9
2,199.9942,299.9913,62,24,1
2,199.9942,299.9913,62,25,3
2,199.9942,299.9913,62,26,1
2,199.9942,299.9913,62,27,1
2,199.9942,299.9913,62,29,1
2,199.9942,299.9913,62,43,1
2,199.9942,299.9913,62,45,1
2,199.9942,299.9913,62,46,5
2,199.9942,299.9913,62,47,3
2,199.9942,299.9913,62,48,10
2,199.9942,299.9913,62,49,8
2,199.9942,299.9913,62,50,12
2,199.9942,299.9913,62,51,2
2,199.9942,299.9913,62,52,3
2,199.9942,299.9913,62,54,2
2,199.9942,299.9913,62,58,1
2,199.9942,299.9913,62,62,1
2,199.9942,299.9913,62,65,1
2,199.9942,299.9913,62,66,4
2,199.9942,299.9913,62,67,5
2,199.9942,299.9913,62,68,15
2,199.9942,299.9913,62,69,17
2,199.9942,299.9913,62,70,23
2,199.9942,299.9913,62,71,31
2,199.9942,299.9913,63,0,45
2,199.9942,299.9913,63,1,46
2,199.9942,299.9913,63,2,44
2,199.9942,299.9913,63,3,11
2,199.9942,299.9913,63,4,7
2,199.9942,299.9913,63,5,6
2,199.9942,299.9913,63,6,5
2,199.9942,299.9913,63,7,1
2,199.9942,299.9913,63,9,1
2,199.9942,299.9913,63,13,1
2,199.9942,299.9913,63,14,1
2,199.9942,299.9913,63,15,1
2,199.9942,299.9913,63,16,2
2,199.9942,299.9913,63,17,3
2,199.9942,299.9913,63,19,7
2,199.9942,299.9913,63,20,8
2,199.9942,299.9913,63,21,11
2,199.9942,299.9913,63,22,17
2,199.9942,299.9913,63,23,10
2,199.9942,299.9913,63,24,12
2,199.9942,299.9913,63,25,11
2,199.9942,299.9913,63,26,10
2,199.9942,299.9913,63,27,3
2,199.9942,299.9913,63,28,1
2,199.9942,299.9913,63,29,1
2,199.9942,299.9913,63,31,1
2,199.9942,299.9913,63,41,2
2,199.9942,299.9913,63,42,2
2,199.9942,299.9913,63,43,1
2,199.9942,299.9913,63,45,2
2,199.9942,299.9913,63,46,8
2,199.9942,299.9913,63,47,9
2,199.9942,299.9913,63,48,12
2,199.9942,299.9913,63,49,10
2,199.9942,299.9913,63,50,9
2,199.9942,299.9913,63,51,9
2,199.9942,299.9913,63,52,4
2,199.9942,299.9913,63,53,3
2,199.9942,299.9913,63,54,2
2,199.9942,299.9913,63,62,1
2,199.9942,299.9913,63,63,1
2,199.9942,299.9913,63,64,3
2,199.9942,299.9913,63,65,2
2,199.9942,299.9913,63,66,2
2,199.9942,299.9913,63,67,7
2,199.9942,299.9913,63,68,23
2,199.9942,299.9913,63,69,27
2,199.9942,299.9913,63,70,41
2,199.9942,299.9913,63,71,59
2,199.9942,299.9913,64,0,104
2,199.9942,299.9913,64,1,117
2,199.9942,299.9913,64,2,65
2,199.9942,299.9913,64,3,30
2,199.9942,299.9913,64,4,25
2,199.9942,299.9913,64,5,9
2,199.9942,299.9913,64,6,10
2,199.9942,299.9913,64,7,4
2,199.9942,299.9913,64,8,2
2,199.9942,299.9913,64,9,1
2,199.9942,299.9913,64,10,1
2,199.9942,299.9913,64,11,1
2,199.9942,299.9913,64,12,2
2,199.9942,299.9913,64,14,1
2,199.9942,299.9913,64,15,2
2,199.9942,299.9913,64,16,2
2,199.9942,299.9913,64,17,4
2,199.9942,299.9913,64,18,4
2,199.9942,299.9913,64,19,11
2,199.9942,299.9913,64,20,10
2,199.9942,299.9913,64,21,16
2,199.9942,299.9913,64,22,23
2,199.9942,299.9913,64,23,22
2,199.9942,299.9913,64,24,18
2,199.9942,299.9913,64,25,18
2,199.9942,299.9913,64,26,12
2,199.9942,299.9913,64,27,10
2,199.9942,299.9913,64,28,2
2,199.9942,299.9913,64,40,1
2,199.9942,299.9913,64,42,2
2,199.9942,299.9913,64,43,6
2,199.9942,299.9913,64,44,7
2,199.9942,299.9913,64,45,9
2,199.9942,299.9913,64,46,15
2,199.9942,299.9913,64,47,35
2,199.9942,299.9913,64,48,39
2,199.9942,299.9913,64,49,25
2,199.9942,299.9913,64,50,17
2,199.9942,299.9913,64,51,17
2,199.9942,299.9913,64,52,12
2,199.9942,299.9913,64,53,6
2,199.9942,299.9913,64,54,2
2,199.9942,299.9913,64,55,1
2,199.9942,299.9913,64,58,1
2,199.9942,299.9913,64,62,1
2,199.9942,299.9913,64,63,1
2,199.9942,299.9913,64,64,3
2,199.9942,299.9913,64,65,3
2,199.9942,299.9913,64,66,8
2,199.9942,299.9913,64,67,25
2,199.9942,299.9913,64,68,30
2,199.9942,299.9913,64,69,69
2,199.9942,299.9913,64,70,84
2,199.9942,299.9913,64,71,107
2,199.9942,299.9913,65,0,222
2,199.9942,299.9913,65,1,197
2,199.9942,299.9913,65,2,122
2,199.9942,299.9913,65,3,85
2,199.9942,299.9913,65,4,46
2,199.9942,299.9913,65,5,22
2,199.9942,299.9913,65,6,8
2,199.9942,299.9913,65,7,3
2,199.9942,299.9913,65,8,1
2,199.9942,299.9913,65,9,1
2,199.9942,299.9913,65,12,1
2,199.9942,299.9913,65,14,2
2,199.9942,299.9913,65,15,3
2,199.9942,299.9913,65,16,4
2,199.9942,299.9913,65,17,11
2,199.9942,299.9913,65,18,11
2,199.9942,299.9913,65,19,14
2,199.9942,299.9913,65,20,28
2,199.9942,299.9913,65,21,32
2,199.9942,299.9913,65,22,48
2,199.9942,299.9913,65,23,47
2,199.9942,299.9913,65,24,40
2,199.9942,299.9913,65,25,32
2,199.9942,299.9913,65,26,22
2,199.9942,299.9913,65,27,11
2,199.9942,299.9913,65,28,7
2,199.9942,299.9913,65,29,3
2,199.9942,299.9913,65,30,1
2,199.9942,299.9913,65,40,1
2,199.9942,299.9913,65,41,2
2,199.9942,299.9913,65,42,4
2,199.9942,299.9913,65,43,2
2,199.9942,299.9913,65,44,19
2,199.9942,299.9913,65,45,23
2,199.9942,299.9913,65,46,39
2,199.9942,299.9913,65,47,40
2,199.9942,299.9913,65,48,50
2,199.9942,299.9913,65,49,67
2,199.9942,299.9913,65,50,56
2,199.9942,299.9913,65,51,19
2,199.9942,299.9913,65,52,21
2,199.9942,299.9913,65,53,12
2,199.9942,299.9913,65,54,4
2,199.9942,299.9913,65,55,5
2,199.9942,299.9913,65,56,1
2,199.9942,299.9913,65,58,1
2,199.9942,299.9913,65,59,2
2,199.9942,299.9913,65,60,1
2,199.9942,299.9913,65,61,2
2,199.9942,299.9913,65,62,1
2,199.9942,299.9913,65,63,1
2,199.9942,299.9913,65,64,3
2,199.9942,299.9913,65,65,9
2,199.9942,299.9913,65,66,17
2,199.9942,299.9913,65,67,40
2,199.9942,299.9913,65,68,94
2,199.9942,299.9913,65,69,122
2,199.9942,299.9913,65,70,187
2,199.9942,299.9913,65,71,244
2,199.9942,299.9913,66,0,482
2,199.9942,299.9913,66,1,386
2,199.9942,299.9913,66,2,249
2,199.9942,299.9913,66,3,170
2,199.9942,299.9913,66,4,77
2,199.9942,299.9913,66,5,50
2,199.9942,299.9913,66,6,25
2,199.9942,299.9913,66,7,14
2,199.9942,299.9913,66,8,5
2,199.9942,299.9913,66,9,2
2,199.9942,299.9913,66,10,5
2,199.9942,299.9913,66,11,2
2,199.9942,299.9913,66,12,2
2,199.9942,299.9913,66,13,1
2,199.9942,299.9913,66,14,3
2,199.9942,299.9913,66,15,4
2,199.9942,299.9913,66,16,3
2,199.9942,299.9913,66,17,7
2,199.9942,299.9913,66,18,17
2,199.9942,299.9913,66,19,26
2,199.9942,299.9913,66,20,57
2,199.9942,299.9913,66,21,93
2,199.9942,299.9913,66,22,104
2,199.9942,299.9913,66,23,96
2,199.9942,299.9913,66,24,93
2,199.9942,299.9913,66,25,80
2,199.9942,299.9913,66,26,41
2,199.9942,299.9913,66,27,29
2,199.9942,299.9913,66,28,14
2,199.9942,299.9913,66,29,1
2,199.9942,299.9913,66,30,1
2,199.9942,299.9913,66,34,1
2,199.9942,299.9913,66,35,1
2,199.9942,299.9913,66,36,1
2,199.9942,299.9913,66,37,1
2,199.9942,299.9913,66,38,1
2,199.9942,299.9913,66,39,1
2,199.9942,299.9913,66,40,1
2,199.9942,299.9913,66,41,2
2,199.9942,299.9913,66,42,7
2,199.9942,299.9913,66,43,16
2,199.9942,299.9913,66,44,25
2,199.9942,299.9913,66,45,47
2,199.9942,299.9913,66,46,70
2,199.9942,299.9913,66,47,114
2,199.9942,299.9913,66,48,125
2,199.9942,299.9913,66,49,110
2,199.9942,299.9913,66,50,75
2,199.9942,299.9913,66,51,53
2,199.9942,299.9913,66,52,28
2,199.9942,299.9913,66,53,19
2,199.9942,299.9913,66,54,8
2,199.9942,299.9913,66,55,15
2,199.9942,299.9913,66,56,4
2,199.9942,299.9913,66,57,1
2,199.9942,299.9913,66,58,1
2,199.9942,299.9913,66,59,5
2,199.9942,299.9913,66,60,5
2,199.9942,299.9913,66,61,3
2,199.9942,299.9913,66,62,3
2,199.9942,299.9913,66,63,1
2,199.9942,299.9913,66,64,6
2,199.9942,299.9913,66,65,27
2,199.9942,299.9913,66,66,54
2,199.9942,299.9913,66,67,87
2,199.9942,299.9913,66,68,157
2,199.9942,299.9913,66,69,293
2,199.9942,299.9913,66,70,381
2,199.9942,299.9913,66,71,471
2,199.9942,299.9913,67,0,929
2,199.9942,299.9913,67,1,769
2,199.9942,299.9913,67,2,516
2,199.9942,299.9913,67,3,318
2,199.9942,299.9913,67,4,170
2,199.9942,299.9913,67,5,103
2,199.9942,299.9913,67,6,35
2,199.9942,299.9913,67,7,16
2,199.9942,299.9913,67,8,7
2,199.9942,299.9913,67,9,5
2,199.9942,299.9913,67,10,5
2,199.9942,299.9913,67,11,6
2,199.9942,299.9913,67,12,2
2,199.9942,299.9913,67,13,2
2,199.9942,299.9913,67,14,1
2,199.9942,299.9913,67,15,6
2,199.9942,299.9913,67,16,17
2,199.9942,299.9913,67,17,26
2,199.9942,299.9913,67,18,34
2,199.9942,299.9913,67,19,62
2,199.9942,299.9913,67,20,113
2,199.9942,299.9913,67,21,167
2,199.9942,299.9913,67,22,199
2,199.9942,299.9913,67,23,225
2,199.9942,299.9913,67,24,213
2,199.9942,299.9913,67,25,158
2,199.9942,299.9913,67,26,78
2,199.9942,299.9913,67,27,48
2,199.9942,299.9913,67,28,30
2,199.9942,299.9913,67,29,9
2,199.9942,299.9913,67,30,4
2,199.9942,299.9913,67,31,2
2,199.9942,299.9913,67,32,1
2,199.9942,299.9913,67,33,1
2,199.9942,299.9913,67,37,1
2,199.9942,299.9913,67,39,3
2,199.9942,299.9913,67,40,3
2,199.9942,299.9913,67,41,4
2,199.9942,299.9913,67,42,9
2,199.9942,299.9913,67,43,27
2,199.9942,299.9913,67,44,55
2,199.9942,299.9913,67,45,86
2,199.9942,299.9913,67,46,164
2,199.9942,299.9913,67,47,224
2,199.9942,299.9913,67,48,233
2,199.9942,299.9913,67,49,211
2,199.9942,299.9913,67,50,185
2,199.9942,299.9913,67,51,153
2,199.9942,299.9913,67,52,52
2,199.9942,299.9913,67,53,49
2,199.9942,299.9913,67,54,17
2,199.9942,299.9913,67,55,12
2,199.9942,299.9913,67,56,8
2,199.9942,299.9913,67,57,5
2,199.9942,299.9913,67,58,1
2,199.9942,299.9913,67,59,3
2,199.9942,299.9913,67,60,3
2,199.9942,299.9913,67,61,3
2,199.9942,299.9913,67,62,7
2,199.9942,299.9913,67,63,8
2,199.9942,299.9913,67,64,13
2,199.9942,299.9913,67,65,44
2,199.9942,299.9913,67,66,91
2,199.9942,299.9913,67,67,175
2,199.9942,299.9913,67,68,337
2,199.9942,299.9913,67,69,511
2,199.9942,299.9913,67,70,742
2,199.9942,299.9913,67,71,901
2,199.9942,299.9913,68,0,1750
2,199.9942,299.9913,68,1,1442
2,199.9942,299.9913,68,2,1067
2,199.9942,299.9913,68,3,587
2,199.9942,299.9913,68,4,326
2,199.9942,299.9913,68,5,165
2,199.9942,299.9913,68,6,81
2,199.9942,299.9913,68,7,34
2,199.9942,299.9913,68,8,15
2,199.9942,299.9913,68,9,10
2,199.9942,299.9913,68,10,13
2,199.9942,299.9913,68,11,5
2,199.9942,299.9913,68,12,6
2,199.9942,299.9913,68,13,5
2,199.9942,299.9913,68,14,12
2,199.9942,299.9913,68,15,17
2,199.9942,299.9913,68,16,21
2,199.9942,299.9913,68,17,38
2,199.9942,299.9913,68,18,68
2,199.9942,299.9913,68,19,124
2,199.9942,299.9913,68,20,204
2,199.9942,299.9913,68,21,263
2,199.9942,299.9913,68,22,387
2,199.9942,299.9913,68,23,403
2,199.9942,299.9913,68,24,369
2,199.9942,299.9913,68,25,258
2,199.9942,299.9913,68,26,185
2,199.9942,299.9913,68,27,101
2,199.9942,299.9913,68,28,51
2,199.9942,299.9913,68,29,22
2,199.9942,299.9913,68,30,9
2,199.9942,299.9913,68,31,2
2,199.9942,299.9913,68,32,4
2,199.9942,299.9913,68,33,3
2,199.9942,299.9913,68,36,1
2,199.9942,299.9913,68,37,1
2,199.9942,299.9913,68,39,4
2,199.9942,299.9913,68,40,4
2,199.9942,299.9913,68,41,11
2,199.9942,299.9913,68,42,20
2,199.9942,299.9913,68,43,60
2,199.9942,299.9913,68,44,108
2,199.9942,299.9913,68,45,203
2,199.9942,299.9913,68,46,295
2,199.9942,299.9913,68,47,389
2,199.9942,299.9913,68,48,417
2,199.9942,299.9913,68,49,379
2,199.9942,299.9913,68,50,324
2,199.9942,299.9913,68,51,212
2,199.9942,299.9913,68,52,124
2,199.9942,299.9913,68,53,79
2,199.9942,299.9913,68,54,34
2,199.9942,299.9913,68,55,20
2,199.9942,299.9913,68,56,12
2,199.9942,299.9913,68,57,7
2,199.9942,299.9913,68,58,8
2,199.9942,299.9913,68,59,10
2,199.9942,299.9913,68,60,1
2,199.9942,299.9913,68,61,13
2,199.9942,299.9913,68,62,13
2,199.9942,299.9913,68,63,18
2,199.9942,299.9913,68,64,41
2,199.9942,299.9913,68,65,76
2,199.9942,299.9913,68,66,163
2,199.9942,299.9913,68,67,323
2,199.9942,299.9913,68,68,603
2,199.9942,299.9913,68,69,995
2,199.9942,299.9913,68,70,1438
2,199.9942,299.9913,68,71,1745
2,199.9942,299.9913,69,0,2801
2,199.9942,299.9913,69,1,2348
2,199.9942,299.9913,69,2,1735
2,199.9942,299.9913,69,3,1046
2,199.9942,299.9913,69,4,518
2,199.9942,299.9913,69,5,286
2,199.9942,299.9913,69,6,135
2,199.9942,299.9913,69,7,53
2,199.9942,299.9913,69,8,33
2,199.9942,299.9913,69,9,17
2,199.9942,299.9913,69,10,8
2,199.9942,299.9913,69,11,7
2,199.9942,299.9913,69,12,11
2,199.9942,299.9913,69,13,6
2,199.9942,299.9913,69,14,9
2,199.9942,299.9913,69,15,14
2,199.9942,299.9913,69,16,41
2,199.9942,299.9913,69,17,59
2,199.9942,299.9913,69,18,109
2,199.9942,299.9913,69,19,183
2,199.9942,299.9913,69,20,338
2,199.9942,299.9913,69,21,463
2,199.9942,299.9913,69,22,587
2,199.9942,299.9913,69,23,639
2,199.9942,299.9913,69,24,585
2,199.9942,299.9913,69,25,453
2,199.9942,299.9913,69,26,264
2,199.9942,299.9913,69,27,153
2,199.9942,299.9913,69,28,93
2,199.9942,299.9913,69,29,38
2,199.9942,299.9913,69,30,15
2,199.9942,299.9913,69,31,7
2,199.9942,299.9913,69,32,6
2,199.9942,299.9913,69,33,1
2,199.9942,299.9913,69,34,4
2,199.9942,299.9913,69,36,1
2,199.9942,299.9913,69,37,2
2,199.9942,299.9913,69,38,2
2,199.9942,299.9913,69,39,4
2,199.9942,299.9913,69,40,8
2,199.9942,299.9913,69,41,17
2,199.9942,299.9913,69,42,32
2,199.9942,299.9913,69,43,93
2,199.9942,299.9913,69,44,176
2,199.9942,299.9913,69,45,324
2,199.9942,299.9913,69,46,531
2,199.9942,299.9913,69,47,667
2,199.9942,299.9913,69,48,745
2,199.9942,299.9913,69,49,656
2,199.9942,299.9913,69,50,537
2,199.9942,299.9913,69,51,360
2,199.9942,299.9913,69,52,221
2,199.9942,299.9913,69,53,111
2,199.9942,299.9913,69,54,77
2,199.9942,299.9913,69,55,39
2,199.9942,299.9913,69,56,19
2,199.9942,299.9913,69,57,21
2,199.9942,299.9913,69,58,6
2,199.9942,299.9913,69,59,11
2,199.9942,299.9913,69,60,9
2,199.9942,299.9913,69,61,10
2,199.9942,299.9913,69,62,8
2,199.9942,299.9913,69,63,38
2,199.9942,299.9913,69,64,50
2,199.9942,299.9913,69,65,140
2,199.9942,299.9913,69,66,255
2,199.9942,299.9913,69,67,541
2,199.9942,299.9913,69,68,974
2,199.9942,299.9913,69,69,1634
2,199.9942,299.9913,69,70,2365
2,199.9942,299.9913,69,71,2733
2,199.9942,299.9913,70,0,4035
2,199.9942,299.9913,70,1,3386
2,199.9942,299.9913,70,2,2281
2,199.9942,299.9913,70,3,1406
2,199.9942,299.9913,70,4,759
2,199.9942,299.9913,70,5,382
2,199.9942,299.9913,70,6,188
2,199.9942,299.9913,70,7,99
2,199.9942,299.9913,70,8,45
2,199.9942,299.9913,70,9,23
2,199.9942,299.9913,70,10,19
2,199.9942,299.9913,70,11,10
2,199.9942,299.9913,70,12,14
2,199.9942,299.9913,70,13,7
2,199.9942,299.9913,70,14,22
2,199.9942,299.9913,70,15,29
2,199.9942,299.9913,70,16,56
2,199.9942,299.9913,70,17,83
2,199.9942,299.9913,70,18,169
2,199.9942,299.9913,70,19,281
2,199.9942,299.9913,70,20,468
2,199.9942,299.9913,70,21,676
2,199.9942,299.9913,70,22,895
2,199.9942,299.9913,70,23,880
2,199.9942,299.9913,70,24,846
2,199.9942,299.9913,70,25,576
2,199.9942,299.9913,70,26,425
2,199.9942,299.9913,70,27,216
2,199.9942,299.9913,70,28,120
2,199.9942,299.9913,70,29,46
2,199.9942,299.9913,70,30,19
2,199.9942,299.9913,70,31,13
2,199.9942,299.9913,70,32,1
2,199.9942,299.9913,70,33,4
2,199.9942,299.9913,70,34,3
2,199.9942,299.9913,70,35,3
2,199.9942,299.9913,70,36,7
2,199.9942,299.9913,70,37,1
2,199.9942,299.9913,70,38,4
2,199.9942,299.9913,70,39,6
2,199.9942,299.9913,70,40,17
2,199.9942,299.9913,70,41,30
2,199.9942,299.9913,70,42,59
2,199.9942,299.9913,70,43,127
2,199.9942,299.9913,70,44,273
2,199.9942,299.9913,70,45,421
2,199.9942,299.9913,70,46,751
2,199.9942,299.9913,70,47,944
2,199.9942,299.9913,70,48,1022
2,199.9942,299.9913,70,49,937
2,199.9942,299.9913,70,50,725
2,199.9942,299.9913,70,51,487
2,199.9942,299.9913,70,52,313
2,199.9942,299.9913,70,53,172
2,199.9942,299.9913,70,54,95
2,199.9942,299.9913,70,55,53
2,199.9942,299.9913,70,56,28
2,199.9942,299.9913,70,57,12
2,199.9942,299.9913,70,58,16
2,199.9942,299.9913,70,59,11
2,199.9942,299.9913,70,60,14
2,199.9942,299.9913,70,61,14
2,199.9942,299.9913,70,62,25
2,199.9942,299.9913,70,63,55
2,199.9942,299.9913,70,64,103
2,199.9942,299.9913,70,65,178
2,199.9942,299.9913,70,66,408
2,199.9942,299.9913,70,67,752
2,199.9942,299.9913,70,68,1424
2,199.9942,299.9913,70,69,2337
2,199.9942,299.9913,70,70,3352
2,199.9942,299.9913,70,71,3966
2,199.9942,299.9913,71,0,4895
2,199.9942,299.9913,71,1,4039
2,199.9942,299.9913,71,2,2857
2,199.9942,299.9913,71,3,1680
2,199.9942,299.9913,71,4,912
2,199.9942,299.9913,71,5,485
2,199.9942,299.9913,71,6,234
2,199.9942,299.9913,71,7,140
2,199.9942,299.9913,71,8,51
2,199.9942,299.9913,71,9,31
2,199.9942,299.9913,71,10,35
2,199.9942,299.9913,71,11,12
2,199.9942,299.9913,71,12,15
2,199.9942,299.9913,71,13,14
2,199.9942,299.9913,71,14,24
2,199.9942,299.9913,71,15,29
2,199.9942,299.9913,71,16,63
2,199.9942,299.9913,71,17,104
2,199.9942,299.9913,71,18,220
2,199.9942,299.9913,71,19,302
2,199.9942,299.9913,71,20,575
2,199.9942,299.9913,71,21,785
2,199.9942,299.9913,71,22,1020
2,199.9942,299.9913,71,23,1136
2,199.9942,299.9913,71,24,1022
2,199.9942,299.9913,71,25,710
2,199.9942,299.9913,71,26,477
2,199.9942,299.9913,71,27,264
2,199.9942,299.9913,71,28,138
2,199.9942,299.9913,71,29,76
2,199.9942,299.9913,71,30,37
2,199.9942,299.9913,71,31,15
2,199.9942,299.9913,71,32,11
2,199.9942,299.9913,71,33,2
2,199.9942,299.9913,71,34,4
2,199.9942,299.9913,71,35,2
2,199.9942,299.9913,71,36,1
2,199.9942,299.9913,71,37,4
2,199.9942,299.9913,71,38,4
2,199.9942,299.9913,71,39,4
2,199.9942,299.9913,71,40,16
2,199.9942,299.9913,71,41,40
2,199.9942,299.9913,71,42,68
2,199.9942,299.9913,71,43,143
2,199.9942,299.9913,71,44,313
2,199.9942,299.9913,71,45,521
2,199.9942,299.9913,71,46,871
2,199.9942,299.9913,71,47,1095
2,199.9942,299.9913,71,48,1191
2,199.9942,299.9913,71,49,1144
2,199.9942,299.9913,71,50,895
2,199.9942,299.9913,71,51,605
2,199.9942,299.9913,71,52,375
2,199.9942,299.9913,71,53,204
2,199.9942,299.9913,71,54,121
2,199.9942,299.9913,71,55,65
2,199.9942,299.9913,71,56,38
2,199.9942,299.9913,71,57,23
2,199.9942,299.9913,71,58,14
2,199.9942,299.9913,71,59,19
2,199.9942,299.9913,71,60,25
2,199.9942,299.9913,71,61,23
2,199.9942,299.9913,71,62,30
2,199.9942,299.9913,71,63,49
2,199.9942,299.9913,71,64,106
2,199.9942,299.9913,71,65,239
2,199.9942,299.9913,71,66,476
2,199.9942,299.9913,71,67,898
2,199.9942,299.9913,71,68,1727
2,199.9942,299.9913,71,69,2733
2,199.9942,299.9913,71,70,3989
2,199.9942,299.9913,71,71,4703
