step,time,Epot,Ekin,Etot,T,T_CH3_K,T_CH2_K
100,0.0911800000000001,-364770.706936305,867664.625972233,502893.919035928,289.366225103296,298.984172165264,282.713121874398
200,0.18236,-383528.174977911,886418.027294805,502889.852316895,295.620486007939,307.680381313534,287.334205399203
300,0.273539999999999,-359485.238798478,862365.087384001,502879.848585523,287.598828542271,285.234169338051,288.935602321301
400,0.364720000000001,-379136.812069196,881931.267458783,502794.455389586,294.124151228542,304.899310250182,286.695608421425
500,0.455900000000003,-364282.31592528,867074.016203836,502791.700278555,289.169256696293,288.858470618645,289.135473034146
600,0.547080000000005,-376765.284006304,879536.989478966,502771.705472663,293.32565932265,285.392361555181,298.370086451527
700,0.638260000000007,-357572.512283185,860437.393573462,502864.881290277,286.955942495735,287.784166027948,286.16466352218
800,0.729440000000008,-364060.156804875,866923.461786896,502863.304982021,289.119046785692,293.395099838033,286.027412211809
900,0.82062000000001,-363282.652827851,866158.411316055,502875.758488204,288.86390238988,293.555164383948,285.495674475176
1000,0.911800000000012,-367725.575505903,870623.880239797,502898.304733895,290.353136648257,293.36114602857,288.105836114174
1100,1.00298000000001,-365774.947410231,868583.207332065,502808.259921834,289.672572063387,296.034492381522,285.189898041244
1200,1.09416,-367912.62243029,870749.479043219,502836.856612929,290.39502385967,284.069895725653,294.369780095797
1300,1.18533999999999,-380477.597960899,883234.363701493,502756.765740593,294.558733934131,306.157771709747,286.580576472109
1400,1.27651999999999,-369491.743517006,872351.572207022,502859.828690016,290.929322063372,285.474490689931,294.323435210614
1500,1.36769999999998,-373279.640316974,876115.413498123,502835.773181149,292.184563447765,290.310292072831,293.190590561513
1600,1.45887999999997,-343516.892139889,846472.769599571,502955.877459682,282.298739236142,287.937224567985,278.304500065549
1700,1.55005999999996,-371052.886621589,873872.323657062,502819.437035474,291.436492798754,291.97813392084,290.832534973363
1800,1.64123999999995,-367668.882293821,870524.571681674,502855.689387853,290.320017235843,290.252920010028,290.122815372022
1900,1.73241999999994,-383431.3414796,886176.067860224,502744.726380624,295.539792516333,297.162031529684,294.212016680335
2000,1.82359999999993,-383115.914872285,885898.526670898,502782.611798613,295.447232506553,299.79465032121,292.30274793636
2100,1.91477999999992,-367285.659399433,870136.082951936,502850.423552503,290.190456212085,295.864370049452,286.166021606997
2200,2.00595999999991,-369006.688262255,871832.152879463,502825.464617208,290.756095674325,298.480858188249,285.36395725198
2300,2.0971399999999,-361910.445543794,864801.353003565,502890.907459771,288.41132332952,298.709470713973,281.305548970443
2400,2.18831999999989,-381499.39469781,884264.081594608,502764.686896799,294.902144937338,298.885640290757,292.000729580944
2500,2.27949999999988,-365854.631441026,868678.587634819,502823.956193793,289.704381402307,303.90570838288,279.99540976409
2600,2.37067999999987,-387338.447962628,890149.563262671,502811.115300043,296.864953564339,304.896739686465,291.263042021618
2700,2.46185999999987,-365286.925170854,868123.837878941,502836.912708088,289.51937231247,300.107932806093,282.219065839796
2800,2.55303999999986,-373114.683096135,875956.776073545,502842.09297741,292.131657853442,300.608170787597,286.23720618246
2900,2.64421999999985,-375372.284600433,878194.796124754,502822.511524321,292.878037727115,295.260035196691,291.045974382625
3000,2.73539999999984,-372587.516704831,875400.43857414,502812.921869309,291.946119251005,291.162810521866,292.225036637723
3100,2.82657999999983,-356377.967024514,859201.948800926,502823.981776412,286.543921561089,288.425110815377,285.051008790263
3200,2.91775999999982,-367028.174756743,869922.125971028,502893.951214285,290.119101541113,289.27500302309,290.440067968511
3300,3.00893999999981,-373848.414873896,876661.798875713,502813.384001817,292.366783016746,294.782124561661,290.512916334288
3400,3.1001199999998,-354137.868314581,857032.505114568,502894.636799987,285.820411910811,283.506074416248,287.125119897261
3500,3.19129999999979,-373587.449380041,876422.175029086,502834.725649044,292.286868443917,297.273885303403,288.718618147223
3600,3.28247999999978,-362909.008286515,865760.521900749,502851.513614233,288.731206236701,295.483959202454,283.988761587668
3700,3.37365999999977,-371905.075593319,874618.557203104,502713.481609785,291.685361748575,291.136915139123,291.807921686753
3800,3.46483999999976,-367839.974249815,870596.619784641,502756.645534826,290.344045284189,292.138375046044,288.905872071883
3900,3.55601999999975,-371499.038078531,874326.789830528,502827.751751997,291.588057305495,293.916005614136,289.793101718648
4000,3.64719999999974,-362746.912377066,865586.418416616,502839.506039551,288.673142710227,290.981620452287,286.893596596596
4100,3.73837999999974,-369226.17863705,872156.491362659,502930.312725609,290.864262585512,286.856485869857,293.293726843794
4200,3.82955999999973,-368897.719602892,871724.910015315,502827.190412424,290.72033017019,296.376046921568,286.707585394131
4300,3.92073999999972,-372839.352193656,875682.296841876,502842.94464822,292.040119006796,301.876083551931,285.2394425442
4400,4.01191999999971,-375239.874308166,877948.729244736,502708.854936571,292.795974402113,306.288688928108,283.556834739448
4500,4.1030999999997,-360621.898833454,863527.544610829,502905.645777374,287.986508124338,290.534009541975,286.048185089144
4600,4.19427999999969,-372618.076752086,875369.566544674,502751.489792588,291.935823426605,289.192243106974,293.521597120169
4700,4.28545999999968,-361196.614587541,864156.557079126,502959.942491586,288.19628383496,287.86938336516,288.174053911631
4800,4.37663999999967,-371223.358048848,874045.994388394,502822.636339546,291.494412002132,279.447034302835,299.283085124996
4900,4.46781999999966,-362800.817946539,865758.6639442,502957.845997661,288.730586608037,296.96057615301,283.003318089216
5000,4.55899999999965,-382412.423297697,885186.464071372,502774.040773675,295.209759570242,294.526426004309,295.41930714789
5100,4.65017999999964,-360759.935727379,863583.892832248,502823.957104869,288.00530026088,285.508713599725,289.429686951433
5200,4.74135999999963,-371829.627334116,874640.03440602,502810.407071904,291.692524397539,294.693467113672,289.448818816452
5300,4.83253999999962,-372523.516680842,875399.604875728,502876.088194886,291.945841212516,305.296716696636,282.801969355424
5400,4.92371999999961,-351547.720125082,854429.316413321,502881.596288239,284.952248261905,291.6269321553,280.264998792756
5500,5.01489999999961,-353162.383792426,856050.121788381,502887.737995955,285.492786989622,278.455973782772,289.946085138363
5600,5.1060799999996,-364665.202553563,867513.755651176,502848.553097613,289.315909838645,298.543853201403,282.922851005272
5700,5.19725999999959,-379209.902210422,882013.829442673,502803.927232252,294.151685657053,300.119534574317,289.927993307496
5800,5.28843999999958,-366751.617470701,869631.4914555,502879.873984799,290.022174905953,290.739276513515,289.302422021824
5900,5.37961999999957,-369934.356369721,872709.212170005,502774.855800284,291.048595020845,305.756344712167,281.000888064113
6000,5.47079999999956,-341151.337919733,844091.592225724,502940.254305991,281.504616383433,292.430497701458,273.98610832443
6100,5.56197999999955,-369254.559272433,872106.474438128,502851.915165695,290.847581937011,290.690476596356,290.709945845833
6200,5.65315999999954,-359719.03618431,862621.029038489,502901.992854179,287.684185105382,288.860914373161,286.659962105942
6300,5.74433999999953,-364857.335968679,867664.906682717,502807.570714038,289.366318720266,293.042855907403,286.674155329907
6400,5.83551999999952,-363808.785580097,866614.965299939,502806.179719842,289.01616318157,290.045016293805,288.089414304096
6500,5.92669999999951,-370952.683476192,873715.780936873,502763.097460681,291.384285788519,292.409067053742,290.458278040213
6600,6.0178799999995,-367108.395461785,869900.681908953,502792.286447168,290.111949944623,295.101683041945,286.543701254788
6700,6.10905999999949,-384658.858971957,887450.94388106,502792.084909103,295.964963775574,286.95190212021,301.727034076004
6800,6.20023999999948,-384249.34115763,887035.877363036,502786.536205406,295.826539057207,302.809368281776,290.92479745828
6900,6.29141999999948,-381277.713314313,884073.374096483,502795.66078217,294.838543970813,294.551796062642,294.784010456283
7000,6.38259999999947,-374635.311765229,877360.75275025,502725.44098502,292.599884192179,287.639734320656,295.662817536368
7100,6.47377999999946,-376737.758445762,879460.040736736,502722.282290975,293.299996910701,300.793466316775,288.059933975893
7200,6.56495999999945,-382094.666544546,884814.445650009,502719.779105463,295.085691395701,290.140638368392,298.136488671078
7300,6.65613999999944,-380116.984473186,882879.038028599,502762.053555413,294.440232792596,296.146296945912,293.057489829726
7400,6.74731999999943,-371696.22951695,874449.433564069,502753.204047118,291.628959000857,290.988722752954,291.812759033625
7500,6.83849999999942,-372144.721764134,874876.528374786,502731.806610652,291.77139515584,297.267965376969,287.863872179124
7600,6.92967999999941,-381415.917859087,884226.976424218,502811.058565131,294.889770359919,284.971328122108,301.256323709828
7700,7.0208599999994,-370025.306605254,872768.279104142,502742.972498888,291.068293848305,303.602183473583,282.469810519912
7800,7.11203999999939,-350160.13906307,853024.885488604,502864.746425534,284.483870431417,295.829718316615,276.682901949259
7900,7.20321999999938,-386047.792203158,888798.26471884,502750.472515682,296.414295387307,303.927232917284,291.158658454499
8000,7.29439999999937,-360118.294803297,863000.840535041,502882.545731745,287.810852271149,288.620742338508,287.031083182685
8100,7.38557999999936,-358535.346864959,861286.618861649,502751.27199669,287.23915920015,276.189762604674,294.366057631133
8200,7.47675999999935,-358857.470202768,861725.292903662,502867.822700894,287.385457029736,297.39068244356,280.475818872996
8300,7.56793999999935,-377953.510608239,880676.948589611,502723.437981372,293.705835781094,302.457631148764,287.626550672832
8400,7.65911999999934,-347074.347406204,850006.507222097,502932.159815892,283.477241027879,280.499571908506,285.226122739939
8500,7.75029999999933,-358263.275005149,861060.694754451,502797.419749302,287.163813491563,290.208313292853,284.89484377946
8600,7.84147999999932,-359986.850492418,862880.579195374,502893.728702956,287.770745104344,294.932490629668,282.756439133207
8700,7.93265999999931,-363345.296511914,866177.340416801,502832.043904887,288.870215246557,294.101860037221,285.141726873409
8800,8.02383999999932,-367344.814018617,870165.146329515,502820.332310898,290.20014885093,297.671980557119,284.977094256095
8900,8.1150199999994,-366125.09975217,868949.658485764,502824.558733594,289.794783553698,286.019908577775,292.069871218018
9000,8.20619999999948,-355663.396916473,858494.746915432,502831.349998959,286.308069673314,292.964218207066,281.632047259419
9100,8.29737999999956,-359869.886328942,862745.44033518,502875.554006238,287.725676283202,292.264466375127,284.460044825014
9200,8.38855999999964,-367210.236450454,870110.351932084,502900.11548163,290.181874914819,282.462849393536,295.086073699913
9300,8.47973999999972,-363373.371079115,866245.852415762,502872.481336647,288.893064003922,294.798674620272,284.715246039686
9400,8.5709199999998,-378259.501700377,881090.173478099,502830.671777721,293.843646315857,291.494088433821,295.165148531952
9500,8.66209999999988,-374488.27948504,877291.400995242,502803.121510201,292.576755376102,294.260736324143,291.210287447928
9600,8.75327999999996,-355075.978915148,857936.496553896,502860.517638747,286.121893131198,283.459051288524,287.658686115369
9700,8.84446000000004,-360714.920201511,863560.344779622,502845.424578112,287.997446983366,286.984548869312,288.432714520249
9800,8.93564000000012,-363566.196621314,866436.270231753,502870.073610439,288.956568361432,284.789312566803,291.493941750882
9900,9.0268200000002,-363367.456354708,866184.642032754,502817.185678046,288.872650336086,298.24989669214,282.38042555677
10000,9.11800000000028,-360429.220561691,863280.0674043,502850.846842609,287.903974455328,293.445326820854,283.969819566264
10100,9.20918000000036,-358207.633136754,861110.287154531,502902.654017777,287.180352561124,285.07115587618,288.347166723953
10200,9.30036000000044,-369188.53440598,872012.278627602,502823.744221622,290.816167626347,311.914214633154,276.508456148788
10300,9.39154000000052,-371052.417318405,873894.729801556,502842.312483151,291.44396524981,294.781315156096,288.976195341244
10400,9.4827200000006,-376607.33818143,879312.974953486,502705.636772056,293.250950459725,296.748747201457,290.674710173187
10500,9.57390000000068,-364584.690341789,867400.141500117,502815.451158328,289.278019509794,292.154454151317,287.119331399188
10600,9.66508000000075,-379106.839647441,881897.020908568,502790.181261126,294.11273000119,292.445977866789,294.978804149123
10700,9.75626000000083,-372122.86010813,874994.210408294,502871.350300164,291.810642123827,300.661202274751,285.667093154775
10800,9.84744000000091,-378892.394963594,881695.731013628,502803.336050033,294.045599804445,298.183780776531,291.041774489885
10900,9.93862000000099,-368938.313547275,871704.447247982,502766.133700707,290.713505835578,292.814993639549,289.070252711403
11000,10.0298000000011,-380453.794701139,883226.692209717,502772.897508578,294.556175490984,292.319051660209,295.802127898592
11100,10.1209800000012,-370273.139425806,873049.102073374,502775.962647568,291.161948331957,292.780696918749,289.840147650486
11200,10.2121600000012,-369091.743625291,871839.29177188,502747.548146589,290.758476495541,293.671135882117,288.574404840744
11300,10.3033400000013,-361504.204421844,864272.490364872,502768.285943028,288.234947595422,290.997982197186,286.152728737916
11400,10.3945200000014,-366177.581178641,868959.145476448,502781.564297807,289.797947465882,286.120341711221,292.008186346101
11500,10.4857000000015,-361798.968211873,864683.306903133,502884.33869126,288.371954945184,298.052495864323,281.677951036637
11600,10.5768800000015,-367742.394540794,870652.431632573,502910.037091779,290.362658540128,298.366572749817,284.78474685155
11700,10.6680600000016,-370746.192061393,873572.419281639,502826.227220246,291.336474664545,289.31919797654,292.438545394329
11800,10.7592400000017,-377700.377885393,880497.992600917,502797.614715524,293.646153943944,290.066307399086,295.788013178897
11900,10.8504200000018,-384357.348253882,887079.612647618,502722.264393736,295.841124778262,289.310278823221,299.948487810973
12000,10.9416000000019,-368789.128325691,871618.828823863,502829.700498172,290.684952083996,291.125921578238,290.1487349611
12100,11.0327800000019,-359806.179503274,862683.614457759,502877.434954485,287.705057347927,286.847711106671,288.036867294307
12200,11.123960000002,-379182.165507325,882080.172007872,502898.006500547,294.173810908078,289.747746294855,296.879375807804
12300,11.2151400000021,-368323.129592879,871196.816536074,502873.686943195,290.544210950834,284.25003470332,294.498208273383
12400,11.3063200000022,-367985.188774747,870809.05128875,502823.862514003,290.414891208521,296.096616666164,286.385061827419
12500,11.3975000000023,-364240.099666655,867071.34011288,502831.240446225,289.168364219736,306.956298132888,277.068767974118
12600,11.4886800000023,-374508.649958501,877291.926982127,502783.277023626,292.576930792772,301.385601748301,286.460669380092
12700,11.5798600000024,-376432.406758809,879260.438318066,502828.031559257,293.233429487432,304.653381121753,285.375767206647
12800,11.6710400000025,-352274.907171951,855112.36552686,502837.458354909,285.180045198219,286.474815462358,284.079214984461
12900,11.7622200000026,-364982.189020022,867891.713840469,502909.524820447,289.441958926286,295.940478238286,284.868411085848
13000,11.8534000000027,-365320.993492463,868134.487458195,502813.493965732,289.522923948039,291.569723545496,287.917121779777
13100,11.9445800000027,-366106.389350508,868942.341191494,502835.951840985,289.792343235449,288.486804795683,290.42120857593
13200,12.0357600000028,-367380.222044048,870138.919508111,502758.697464064,290.191402203806,283.400232318591,294.477022625446
13300,12.1269400000029,-364513.809840514,867301.969795856,502788.159955342,289.245279238238,286.968854787628,290.521857805946
13400,12.218120000003,-350891.283443552,853718.061860646,502826.778417094,284.715044809286,280.605767199875,287.217300678219
13500,12.3093000000031,-354895.422966682,857727.639219979,502832.216253297,286.052239192923,296.721316310148,278.701144248778
13600,12.4004800000031,-345992.37776765,848843.845146455,502851.467378805,283.089493128716,279.921225763067,284.965763461541
13700,12.4916600000032,-370501.165349108,873317.207258631,502816.041909524,291.251361433594,294.396900102199,288.911626186663
13800,12.5828400000033,-359890.186937515,862718.917573173,502828.730635658,287.716830939861,294.674694770286,282.838491027129
13900,12.6740200000034,-360543.652951635,863358.309326106,502814.656374471,287.930068142773,280.822116855183,292.428760611048
14000,12.7652000000035,-373895.043565131,876642.586141388,502747.542576257,292.360375568247,292.207344867194,292.218762389309
14100,12.8563800000035,-379154.229272733,881848.679305459,502694.450032727,294.096608072523,291.05494694739,295.879301649218
14200,12.9475600000036,-389757.482210695,892520.714010318,502763.231799623,297.655732536374,303.042500302685,293.81650758172
14300,13.0387400000037,-381725.458185787,884541.299439035,502815.841253248,294.994597111568,298.747113185108,292.247090898281
14400,13.1299200000038,-359959.914164223,862774.577674108,502814.663509884,287.735393588163,302.630438859648,277.565583912516
14500,13.2211000000039,-385651.740738304,888468.853783853,502817.113045548,296.304436813024,298.867926216296,294.348523513498
14600,13.3122800000039,-390122.152336874,892835.476363817,502713.324026943,297.760705807509,296.427562631682,298.401334003222
14700,13.403460000004,-375629.067459549,878467.664005083,502838.596545534,292.969039187955,288.929044720399,295.418227967001
14800,13.4946400000041,-388042.650816509,890735.798354606,502693.147538097,297.060463016377,299.753429227891,295.017601822855
14900,13.5858200000042,-365275.201422065,868064.107703528,502788.906281463,289.49945229399,286.346211960245,291.360362972908
15000,13.6770000000043,-378616.533075711,881332.854172083,502716.321096372,293.924580347535,299.16111541981,290.188619815729
15100,13.7681800000043,-373730.094137483,876515.249535666,502785.155398183,292.317908799622,284.279219807733,297.433436536881
15200,13.8593600000044,-373520.64164863,876369.111895443,502848.470246813,292.269171884423,276.803713407505,302.335919892465
15300,13.9505400000045,-370837.447856965,873663.474899333,502826.027042368,291.366841720638,308.838727855091,279.476111929568
15400,14.0417200000046,-371518.340207106,874311.786449516,502793.44624241,291.583053676677,285.433074522869,295.440053901151
15500,14.1329000000047,-391258.892406825,893980.822994927,502721.930588101,298.142679004478,294.469614101123,300.342936707543
15600,14.2240800000047,-381517.401866573,884271.224051291,502753.822184718,294.904526947237,299.212709889527,291.786651213255
15700,14.3152600000048,-359414.46292086,862203.423383375,502788.960462515,287.544913584584,274.8482934115,295.769706271986
15800,14.4064400000049,-370975.121087049,873823.839099613,502848.718012563,291.420323194802,296.995594140722,287.460625628193
15900,14.497620000005,-365484.192998974,868317.179203598,502832.986204624,289.583851660363,295.603519165709,285.329420113749
16000,14.588800000005,-371677.749797308,874525.079475517,502847.329678208,291.654186918632,305.080201665671,282.46046526484
16100,14.6799800000051,-365961.607213104,868795.355717755,502833.748504651,289.743323567702,300.181210340329,282.543279616312
16200,14.7711600000052,-365711.232494934,868559.66676654,502848.434271607,289.664721282822,287.046422094969,291.168866806986
16300,14.8623400000053,-363505.038274563,866249.931245586,502744.892971023,288.894424294009,282.542908482968,292.888022814458
16400,14.9535200000054,-370935.049768015,873702.260390917,502767.210622902,291.379776685315,286.391627909138,294.462392722195
16500,15.0447000000054,-394308.899537779,897143.069458882,502834.169921103,299.197288463859,303.159452666773,296.306514588198
16600,15.1358800000055,-330131.926187878,833072.618183864,502940.691995986,277.829787621766,270.796562260983,282.287079705935
16700,15.2270600000056,-366016.567901196,868961.196768886,502944.62886769,289.798631572081,293.118372379037,287.343972174467
16800,15.3182400000057,-381687.074848567,884488.392643802,502801.317795235,294.976952690946,301.365432651746,290.472151923171
16900,15.4094200000058,-377391.415257862,880193.750844984,502802.335587123,293.544689292975,289.043702701464,296.300726446238
17000,15.5006000000058,-375111.680569169,877875.03636798,502763.355798811,292.771397821571,289.240867091864,294.881108809857
17100,15.5917800000059,-373879.979709529,876734.628778312,502854.649068783,292.391071795335,294.988162580944,290.416018711765
17200,15.682960000006,-378720.905053239,881500.358220202,502779.453166963,293.980442961548,305.358376658628,286.150170127694
17300,15.7741400000061,-383414.140754367,886257.296160604,502843.155406237,295.566882161282,301.853668297332,291.129385668781
17400,15.8653200000062,-376189.124711889,879061.35963522,502872.23492333,293.167036730105,284.825696801737,298.483624151742
17500,15.9565000000062,-378491.736443548,881332.312941176,502840.576497629,293.924399846982,293.939165649948,293.669618978468
17600,16.0476800000063,-360767.981113492,863639.748531848,502871.767418356,288.023928141353,283.893040813493,290.537833086475
17700,16.1388600000064,-376795.073352327,879470.535487895,502675.462135568,293.303496911087,300.029528658215,288.575056165577
17800,16.2300400000065,-361497.026534869,864297.47286485,502800.446329981,288.243279261247,285.402020374053,289.897249119992
17900,16.3212200000066,-370393.915002079,873151.907508422,502757.992506344,291.196233953117,293.167608534606,289.639320703831
18000,16.4124000000066,-383648.180662529,886516.103833294,502867.923170765,295.653194541702,294.787745935921,295.983782616771
18100,16.5035800000067,-367062.197775881,869940.080411503,502877.882635622,290.125089348509,299.910619981371,283.359631352144
18200,16.5947600000068,-350060.649420013,852950.589450226,502889.940030213,284.459092696424,292.885999435936,278.604105626167
18300,16.6859400000069,-364443.236936536,867268.614526644,502825.377590108,289.234155253174,287.899432867824,289.882941714031
18400,16.777120000007,-385494.471924567,888291.875981438,502797.404056871,296.245414701163,297.46574848561,295.184987665947
18500,16.868300000007,-387338.663972854,890079.500860853,502740.836887999,296.841587747491,303.521049421609,292.141245308291
18600,16.9594800000071,-353246.771320151,856083.941135855,502837.169815704,285.504065744824,290.70459491288,281.799126244667
18700,17.0506600000072,-361084.91533896,863875.309075065,502790.393736106,288.102487602156,282.539623631426,291.570978176308
18800,17.1418400000073,-353980.295195528,856859.755218416,502879.460022888,285.762799806042,291.954702113369,281.396729267985
18900,17.2330200000074,-365745.299413553,868622.625003309,502877.325589756,289.685717860033,290.175870486576,289.117544677454
19000,17.3242000000074,-358374.18179549,861254.086494942,502879.904699452,287.228309653141,277.86824531639,293.228995619597
19100,17.4153800000075,-355075.540131508,857911.900860619,502836.360729111,286.113690465439,280.023706706203,289.935251562875
19200,17.5065600000076,-364030.958548147,866784.251486268,502753.292938121,289.072620138825,291.40136676282,287.27922853938
19300,17.5977400000077,-372496.394929053,875264.85534304,502768.460413987,291.90090223213,299.531307197522,286.570714836675
19400,17.6889200000078,-381078.326034901,883882.722229399,502804.396194498,294.774961557245,297.080974352234,292.99197389262
19500,17.7801000000078,-372873.185955884,875739.023275026,502865.837319142,292.059037276981,297.79147964261,287.994026502164
19600,17.8712800000079,-343541.828636326,846463.867277507,502922.038641181,282.295770310991,289.921560722818,276.976663561181
19700,17.962460000008,-365629.833470895,868453.440182155,502823.606711261,289.629294708072,288.837474752033,289.915816933175
19800,18.0536400000081,-377958.846319166,880801.376425977,502842.530106811,293.747332474896,284.805563734114,299.463722191688
19900,18.1448200000081,-393245.914274896,895995.725768892,502749.811493996,298.814649247588,310.451095103997,290.808006468941
20000,18.2360000000082,-370027.602274994,872833.201983871,502805.599708876,291.089945634107,297.491842872175,286.579439187366
20100,18.3271800000083,-373931.382777377,876708.589598731,502777.206821355,292.382387726774,291.624178743322,292.644208392637
20200,18.4183600000084,-373818.869856339,876691.126552651,502872.256696312,292.37656379945,297.671610447767,288.602885564073
20300,18.5095400000085,-362834.98836541,865707.147591091,502872.159225681,288.71340589998,298.73153997394,281.794055345758
20400,18.6007200000085,-372603.916489751,875492.631900084,502888.715410332,291.976865732894,290.928473175881,292.432480049459
20500,18.6919000000086,-375105.4840746,877948.887359141,502843.403284541,292.79602713328,287.672774794885,295.967532002934
20600,18.7830800000087,-393862.86857579,896619.465061337,502756.596485546,299.022666353622,310.06669753836,291.410793341837
20700,18.8742600000088,-378364.091955599,881167.762700045,502803.670744446,293.869522327846,293.640528095495,293.777293880806
20800,18.9654400000089,-383690.439559106,886451.919285104,502761.479725998,295.631788989529,297.704842333361,294.003393602818
20900,19.0566200000089,-364908.57948085,867777.497603589,502868.918122738,289.403867801764,298.774501641501,282.915608685439
21000,19.147800000009,-378542.370634052,881370.809441198,502828.438807146,293.937238432949,308.804280552334,283.780929321332
21100,19.2389800000091,-365635.384112619,868498.702247493,502863.318134874,289.644389610636,296.121881937307,285.08469106818
21200,19.3301600000092,-377482.177626163,880207.496174135,502725.318547972,293.549273361392,291.85540947697,294.433891556539
21300,19.4213400000093,-373642.891150032,876448.932618447,502806.041468416,292.2957921022,295.595246402448,289.852576075283
21400,19.5125200000093,-386033.136091329,888773.715168193,502740.579076864,296.406108110119,289.718903973958,300.617239110802
21500,19.6037000000094,-377875.303004177,880743.776225897,502868.473221721,293.728122803367,287.760627828818,297.461679350731
21600,19.6948800000095,-377662.814324518,880479.499263274,502816.684938755,293.639986414298,294.100737143165,293.088119273043
21700,19.7860600000096,-358720.750012948,861560.853161038,502840.103148091,287.33061636186,287.493589189889,286.98252562954
21800,19.8772400000097,-384188.150795532,886958.355764269,502770.204968736,295.800685597555,293.357988101154,297.182650023825
21900,19.9684200000097,-379188.425993101,881986.805701811,502798.379708711,294.142673237222,294.345422264767,293.762388324495
22000,20.0596000000098,-377869.340531783,880715.098249399,502845.757717615,293.718558695814,300.439243121539,288.993336946417
22100,20.1507800000099,-384316.296296681,887107.845183877,502791.548887196,295.850540331458,303.144676453699,290.741240799689
22200,20.24196000001,-373652.98077986,876464.246481612,502811.265701753,292.300899276842,300.900662162739,286.324139936847
22300,20.3331400000101,-380813.257215083,883567.406937354,502754.149722271,294.669803881058,297.911551499675,292.263080632081
22400,20.4243200000101,-355377.483702883,858236.948157154,502859.464454271,286.222093765934,290.413366066087,283.189393821027
22500,20.5155000000102,-360360.609858145,863165.919916722,502805.310058577,287.865906258703,288.608649050992,287.130856141961
22600,20.6066800000103,-371184.787235196,874062.154469839,502877.367234643,291.499801390642,304.50418913354,282.587293060884
22700,20.6978600000104,-361058.621551633,863941.073894021,502882.452342388,288.124420174761,291.58982431107,285.574047067077
22800,20.7890400000105,-363927.145479976,866776.938869382,502849.793389406,289.070181380484,297.794479192385,283.013091021398
22900,20.8802200000105,-387764.21653218,890593.501592703,502829.285060524,297.013007034418,304.405352324419,291.837266001889
23000,20.9714000000106,-360275.04664713,863099.897162295,502824.850515165,287.843887664597,285.401995388569,289.231945942228
23100,21.0625800000107,-377438.354774904,880201.435031911,502763.080257007,293.547251969955,303.856861528973,286.429556220635
23200,21.1537600000108,-371985.955747377,874813.331494709,502827.375747332,291.750318991065,297.338378034457,287.781821029644
23300,21.2449400000109,-382057.436768425,884914.852634941,502857.415866517,295.119177133547,295.465993464167,294.642033598855
23400,21.3361200000109,-370171.648922253,873099.342130836,502927.693208583,291.17870339531,298.30947221414,286.182208596594
23500,21.427300000011,-351053.47889966,854020.834540365,502967.355640705,284.816019523217,287.18213633216,283.001261634319
23600,21.5184800000111,-372389.396544391,875180.282412741,502790.88586835,291.872697152823,295.732265178148,289.056424554979
23700,21.6096600000112,-382959.176196915,885739.340778675,502780.16458176,295.394143998224,302.913197103887,290.135280141118
23800,21.7008400000113,-387390.19183723,890151.257286121,502761.065448891,296.865518521301,303.390668646106,292.268030505997
23900,21.7920200000113,-370824.828847674,873635.268310811,502810.439463136,291.357434821014,295.867719733981,288.107780350019
24000,21.8832000000114,-349587.449557777,852498.318563947,502910.86900617,284.308260318141,286.078412303719,282.891235444158
24100,21.9743800000115,-386213.842477601,889069.943058507,502856.100580907,296.504900136237,301.425974633483,292.977096387961
24200,22.0655600000116,-365269.307671892,868220.651530919,502951.343859028,289.551659673477,286.943782473376,291.048951423816
24300,22.1567400000116,-383275.833799108,886088.904340371,502813.070541263,295.510723475194,299.175026390966,292.821595928451
24400,22.2479200000117,-364970.254958466,867791.612189867,502821.357231401,289.408575017464,291.649197917918,287.673652604648
24500,22.3391000000118,-372049.121754947,874763.121258442,502713.999503494,291.733573873084,293.107001491351,290.574844149344
24600,22.4302800000119,-383073.858720982,885855.391380379,502781.532659396,295.432846883568,297.018376325989,294.129633216217
24700,22.521460000012,-368167.805954878,871029.953080669,502862.147125791,290.488561974543,290.768525218119,290.059846010514
24800,22.612640000012,-367313.33265806,870295.673843115,502982.341185055,290.243679787599,305.313600631262,279.955196158667
24900,22.7038200000121,-374130.300931854,876980.563177917,502850.262246063,292.473090938108,298.011112167804,288.537349209194
25000,22.7950000000122,-376854.26097035,879635.330072973,502781.069102623,293.35845591895,305.977438579407,284.701335432047
25100,22.8861800000123,-383755.825034621,886464.824016781,502708.998982161,295.63609271862,297.629215896042,294.060980523072
25200,22.9773600000124,-379879.200792722,882626.716755612,502747.51596289,294.356083627017,303.063812472098,288.305634327275
25300,23.0685400000124,-386685.014236743,889462.56909602,502777.554859277,296.635840952483,299.985794035711,294.155342362871
25400,23.1597200000125,-405690.435736777,908428.527487684,502738.091750907,302.96098965739,299.045535194507,305.318825141265
25500,23.2509000000126,-359324.075495878,862196.757061257,502872.681565379,287.542690365602,284.881592230003,289.077136880696
25600,23.3420800000127,-390957.787847076,893730.771202036,502772.98335496,298.059286710701,307.466406912299,291.539490504043
25700,23.4332600000128,-364625.798158448,867520.837471464,502895.039313016,289.318271626301,290.774041708123,288.106659678732
25800,23.5244400000128,-390114.912134077,892795.126314026,502680.214179949,297.74724906254,302.486986639764,294.339301303504
25900,23.6156200000129,-374837.944805283,877573.918640273,502735.97383499,292.670975034275,289.997721428952,294.209251625296
26000,23.706800000013,-385584.149723858,888201.353221646,502617.203497788,296.215225353225,295.035942806905,296.754567696311
26100,23.7979800000131,-358193.413886944,861051.357085936,502857.943198992,287.160699378334,279.250542123137,292.19483696565
26200,23.8891600000132,-362656.096055102,865499.866746067,502843.770690965,288.644277720883,286.413111631569,289.891184882326
26300,23.9803400000132,-370001.911293419,872834.234127828,502832.32283441,291.090289854203,293.063164277848,289.532464996896
26400,24.0715200000133,-377353.285146162,880164.394606866,502811.109460704,293.534898985115,288.88775564832,296.388382127157
26500,24.1627000000134,-390777.223733376,893485.183278858,502707.959545481,297.977383117845,294.921157267679,299.766552532024
26600,24.2538800000135,-365138.755573488,867969.435453793,502830.679880305,289.46787909081,288.669587079909,289.758850532168
26700,24.3450600000136,-367252.237764681,870026.15450185,502773.916737169,290.153795064816,291.86495261587,288.771228534891
26800,24.4362400000136,-367797.642110576,870667.339776531,502869.697665954,290.367630407381,282.182736276962,295.582253468987
26900,24.5274200000137,-373855.004989987,876680.462151615,502825.457161628,292.373007220815,288.461543788629,294.737005336255
27000,24.6186000000138,-378904.193561642,881765.26267269,502861.069111048,294.068788618539,294.536478693833,293.511937911162
27100,24.7097800000139,-353325.7270803,856167.661304645,502841.934224345,285.531986428096,275.479018294091,291.996021862076
27200,24.800960000014,-362804.360048091,865696.950955407,502892.590907316,288.71000532113,294.579305174502,284.556547081113
27300,24.892140000014,-378600.693757711,881397.659253631,502796.96549592,293.946192847634,287.017395632551,298.320435830316
27400,24.9833200000141,-373524.439177817,876340.500411852,502816.061234035,292.25962995226,299.029748321246,287.502668014643
27500,25.0745000000142,-381790.460422238,884610.219017206,502819.758594968,295.017581796634,310.184275394307,284.660604746688
27600,25.1656800000143,-367870.648084435,870703.151146128,502832.503061693,290.379573502127,299.429740327345,284.104145974062
27700,25.2568600000144,-363012.48568056,865917.780132236,502905.294451676,288.783651870014,289.247079519473,288.234047060481
27800,25.3480400000144,-388328.65213759,891130.016987321,502801.364849731,297.191934963255,304.075645890782,292.355134399101
27900,25.4392200000145,-360839.737419539,863757.342840377,502917.605420838,288.063145853052,293.612195382432,284.123726878588
28000,25.5304000000146,-386953.807035686,889711.899003921,502758.091968235,296.718992497556,315.145133838358,284.187632443272
28100,25.6215800000147,-374397.120240235,877261.638290915,502864.51805068,292.566829511728,297.164263009359,289.25806815538
28200,25.7127600000148,-400211.677253579,902903.77095319,502692.093699611,301.11848289251,290.340167134628,308.053094662021
28300,25.8039400000148,-384277.128892886,887112.253771901,502835.124879015,295.852010595932,298.879262075821,293.587299600508
28400,25.8951200000149,-364570.518602889,867343.554237509,502773.03563462,289.259147652996,301.868043462398,280.612167823684
28500,25.986300000015,-391261.652832619,894066.330453314,502804.677620694,298.171195748979,307.007522952865,292.03183494993
28600,26.0774800000151,-376737.014482537,879538.023882525,502801.009399988,293.326004296323,295.344957526598,291.735597139226
28700,26.1686600000151,-374936.064824553,877705.057849189,502768.993024636,292.714709971382,298.875359529786,288.363681340804
28800,26.2598400000152,-370012.534778931,872828.001172464,502815.466393534,291.08821116307,294.16315663803,288.795674003794
28900,26.3510200000153,-387089.61512585,889764.812202157,502675.197076308,296.736639053579,301.335640104987,293.423357820095
29000,26.4422000000154,-381315.68649805,884028.887047668,502713.200549618,294.823707536324,290.585797778128,297.403294285508
29100,26.5333800000155,-399061.832449512,901782.562567336,502720.730117824,300.744559802346,304.807963312931,297.785003662121
29200,26.6245600000155,-355857.103783085,858663.020459414,502805.91667633,286.364188914262,291.580797521324,282.647813018791
29300,26.7157400000156,-385552.639782196,888320.334709753,502767.694927557,296.254905689429,299.241568591506,294.01691799997
29400,26.8069200000157,-388525.420668101,891289.033954711,502763.61328661,297.244967135138,294.5686552086,298.781470946882
29500,26.8981000000158,-398568.930415509,901283.784666072,502714.854250563,300.578217330689,300.472076131014,300.398496282697
29600,26.9892800000159,-360684.888339825,863467.871728665,502782.98338884,287.966607213162,289.721632920432,286.556617902304
29700,27.0804600000159,-388862.451633631,891560.735856314,502698.284222683,297.335579741976,294.812181257366,298.770065748597
29800,27.171640000016,-385449.957052143,888146.934901349,502696.977849206,296.197076838869,298.032111430637,294.726889546992
29900,27.2628200000161,-390091.614207297,892872.31400332,502780.699796023,297.772991163355,303.030775760948,294.019657272324
30000,27.3540000000162,-377695.513038406,880502.565099255,502807.052060849,293.647678872521,298.694744136674,290.03826229736
30100,27.4451800000163,-380029.3435126,882910.629499696,502881.285987096,294.450768550841,305.425907141424,286.888633849994
30200,27.5363600000163,-388057.140065806,890853.950610819,502796.810545013,297.099866803675,299.415424325631,295.3085785667
30300,27.6275400000164,-384533.640671671,887329.573719221,502795.93304755,295.924486816482,297.678016224641,294.508863472028
30400,27.7187200000165,-388145.412628393,890869.983265826,502724.570637433,297.105213695456,304.373737302628,292.011943612595
30500,27.8099000000166,-383770.068566506,886567.654121451,502797.585554945,295.670386567101,295.294458946566,295.674612991984
30600,27.9010800000167,-369717.801503272,872496.251666345,502778.450163073,290.977572675119,291.980422866058,290.066524570597
30700,27.9922600000167,-382018.651070564,884858.527479275,502839.876408711,295.100392689436,299.148024153278,292.156054719634
30800,28.0834400000168,-373117.126639688,875933.830317623,502816.703677936,292.124005441929,305.075699884183,283.246105809225
30900,28.1746200000169,-383911.00771066,886753.545085976,502842.537375316,295.732381219268,290.681080741424,298.853471220149
31000,28.265800000017,-372481.34868998,875349.412497973,502868.063807993,291.929102050349,303.954202637353,283.669094073971
31100,28.3569800000171,-380462.680349157,883269.951728769,502807.271379611,294.570602544195,295.74092187671,293.544914153731
31200,28.4481600000171,-381978.112547271,884811.451235743,502833.338688473,295.084692758294,293.68812653199,295.76983299853
31300,28.5393400000172,-392719.890048083,895430.086575179,502710.196527096,298.626008529324,306.390408392565,293.200886946722
31400,28.6305200000173,-370665.991232225,873489.900053965,502823.90882174,291.308954495236,284.825411357324,295.388559125098
31500,28.7217000000174,-371978.577360278,874826.536528518,502847.959168239,291.754722870941,303.393093405754,283.752680245339
31600,28.8128800000175,-350484.751911744,853446.493944398,502961.742032653,284.624476886576,293.647379608344,278.372021341325
31700,28.9040600000175,-374268.535323889,877122.658975022,502854.123651132,292.52047989829,297.800278155798,288.756847326703
31800,28.9952400000176,-392013.774571502,894795.905978846,502782.131407344,298.414509247572,298.401579006398,298.174450650649
31900,29.0864200000177,-372736.17800509,875505.966264672,502769.788259582,291.981312744596,289.478747932188,293.406371525582
32000,29.1776000000178,-390889.619490068,893654.477382058,502764.85789199,298.033842715377,313.438002673891,287.516041207437
32100,29.2687800000179,-369298.016565876,872086.690331819,502788.673765944,290.840983935908,282.826247620892,295.941773992638
32200,29.3599600000179,-370150.987035978,872957.272346856,502806.285310879,291.131323110507,290.956397680582,291.005330627865
32300,29.451140000018,-367933.091852761,870803.655705165,502870.563852404,290.413091780945,288.949742525661,291.146647041317
32400,29.5423200000181,-380046.862031111,882868.667496482,502821.805465371,294.43677421927,294.500160999499,294.14915238727
32500,29.6335000000182,-379947.797659192,882793.735464192,502845.937805,294.411784380254,295.959698423194,293.13449853131
32600,29.7246800000182,-380003.645676428,882751.80192663,502748.156250202,294.397799541981,297.502457335331,292.082696180129
32700,29.8158600000183,-356848.092139424,859605.654095467,502757.561956042,286.678557310477,293.41135990438,281.951123450117
32800,29.9070400000184,-388442.589936623,891182.474741941,502739.884805317,297.209429628795,306.233484391687,290.945718595508
32900,29.9982200000185,-375857.84949108,878750.118860656,502892.269369577,293.063237905838,293.915200898966,292.251043212164
33000,30.0894000000186,-388774.545105163,891609.079060087,502834.533954924,297.351702204465,304.80809966373,292.132977479783
33100,30.1805800000186,-359388.553753696,862288.696054218,502900.142300521,287.57335202742,294.861566287947,282.474898060377
33200,30.2717600000187,-377271.80817312,879994.538296114,502722.730122994,293.478251891317,292.08907766073,294.159802835131
33300,30.3629400000188,-384323.113689214,887147.647219496,502824.533530282,295.863814313655,288.011498960942,300.852138036869
33400,30.4541200000189,-381577.723315382,884406.043380656,502828.320065274,294.949489204821,305.663657542567,287.560919071987
33500,30.545300000019,-375823.841128113,878725.840205028,502901.999076915,293.055140972162,303.966781609661,285.53650126302
33600,30.636480000019,-385804.378230609,888619.219878617,502814.841648008,296.354583918165,298.929154353314,294.391241474799
33700,30.7276600000191,-390785.308282688,893647.09792411,502861.789641423,298.031381665536,303.374292447256,294.221081659668
33800,30.8188400000192,-382982.242007733,885753.031569476,502770.789561743,295.398709878098,299.488016749883,292.426339705343
33900,30.9100200000193,-362340.198094662,865237.49807595,502897.299981288,288.556777747524,296.453499913124,283.051832322334
34000,31.0012000000194,-381149.7627343,883940.928360912,502791.165626612,294.794373306958,298.500789598323,292.077767134958
34100,31.0923800000194,-370270.409937808,873168.451093097,502898.041155289,291.201751239986,292.268208845964,290.248111376634
34200,31.1835600000195,-372220.953989115,875011.456641513,502790.502652398,291.816393744043,291.817974238668,291.572159752839
34300,31.2747400000196,-365287.543800621,868186.54052204,502898.996721419,289.540283649171,284.175431652873,292.875568076996
34400,31.3659200000197,-377797.555791852,880593.329866939,502795.774075087,293.677948930111,295.322164623952,292.337073510109
34500,31.4571000000198,-376304.68722606,879132.576370596,502827.889144536,293.190787517291,302.274993464653,286.890324562785
34600,31.5482800000198,-373444.436605722,876195.450464902,502751.01385918,292.211255782859,295.036279007663,290.084397586503
34700,31.6394600000199,-359914.04921571,862818.290310613,502904.241094903,287.749971756083,296.067493009662,281.965165943899
34800,31.73064000002,-364654.648280756,867501.984460535,502847.336179779,289.311984145584,285.287146363382,291.754116013599
34900,31.8218200000201,-350906.548819337,853887.542763635,502980.993944299,284.771566704564,293.666194208075,278.604505396637
35000,31.9130000000202,-374694.449751807,877515.655404043,502821.205652236,292.651544240134,291.32855202453,293.28966276367
35100,32.0041800000202,-373845.178032843,876655.788547734,502810.610514891,292.364778571864,290.434889648482,293.407733871976
35200,32.0953600000199,-383055.83368079,885808.575766794,502752.742086003,295.417233872534,288.263660565588,299.940101715604
35300,32.1865400000197,-359655.612681919,862472.568243834,502816.955561915,287.634673417987,274.820662081578,295.937652081079
35400,32.2777200000194,-361234.60433516,864110.987206971,502876.38287181,288.181086278796,302.290487978175,278.534667573976
35500,32.3689000000191,-376192.704539051,879049.668350716,502856.963811664,293.163137685748,300.129712785242,288.274451671348
35600,32.4600800000188,-361108.205081808,863996.555105571,502888.350023763,288.142923163439,281.331428340125,292.443800609678
35700,32.5512600000186,-367715.833456858,870488.881576697,502773.048119839,290.308114582857,286.4054860048,292.66794353941
35800,32.6424400000183,-365599.331418954,868483.905501945,502884.574082991,289.639454894762,292.341700220235,287.596591798701
35900,32.733620000018,-392059.376874944,894790.36045502,502730.983580076,298.412659814914,305.729416518652,293.286144795911
36000,32.8248000000177,-378127.832263881,880996.717843645,502868.885579765,293.812478853976,304.019817339194,286.762742798118
36100,32.9159800000175,-376137.927764554,878944.061133995,502806.133369441,293.127917670167,289.769140983965,295.122828862909
36200,33.0071600000172,-362645.507844849,865546.735510977,502901.227666128,288.659908457888,291.675258908855,286.409124900195
36300,33.0983400000169,-380009.981015187,882851.736073819,502841.755058632,294.431127588401,288.462451949128,298.164885408258
36400,33.1895200000166,-376117.791794881,878944.876183353,502827.084388472,293.128189489195,290.667118219774,294.524630177569
36500,33.2807000000164,-386538.227706854,889300.06905801,502761.841351157,296.581647176258,305.202334073501,290.58737120545
36600,33.3718800000161,-369113.156492513,871894.232162518,502781.075670005,290.7767991204,286.207917656531,293.580406097045
36700,33.4630600000158,-386705.467850423,889551.533909783,502846.06605936,296.66551072529,295.247536718148,297.363605471113
36800,33.5542400000155,-370123.39227897,872958.63453804,502835.24225907,291.131777401381,289.106629528361,292.239266168893
36900,33.6454200000153,-369788.869468779,872666.056722137,502877.187253358,291.034202675384,298.136927493565,286.056524294366
37000,33.736600000015,-384534.657997806,887357.015737257,502822.357739451,295.933638731785,290.684112035837,299.18671183014
37100,33.8277800000147,-377993.844038805,880849.232563229,502855.388524423,293.76329250066,287.878980347007,297.441364526011
37200,33.9189600000144,-375978.607123871,878789.555291288,502810.948167417,293.076389958742,302.288857457842,286.690514634375
37300,34.0101400000142,-362739.157804261,865578.527981692,502839.370177431,288.670511249522,298.363261213215,281.968119181019
37400,34.1013200000139,-384195.758384031,886990.667588483,502794.909204452,295.811461593624,302.315835569854,291.228702724811
37500,34.1925000000136,-370617.996517185,873498.085443697,502880.088926513,291.311684323394,288.87629090446,292.692520199081
37600,34.2836800000133,-350371.577077143,853287.263300079,502915.686222935,284.57137345342,290.976748692624,280.06398048274
37700,34.3748600000131,-370147.259155543,872968.541044057,502821.281888514,291.135081221963,301.789678354091,283.789403899527
37800,34.4660400000128,-368118.535124963,870934.561013065,502816.025888102,290.456748712044,293.288182209995,288.327079089486
37900,34.5572200000125,-386494.635106388,889204.790090237,502710.154983849,296.549871632562,287.58860197015,302.276926514475
38000,34.6484000000122,-352674.150299586,855494.199101625,502820.048802038,285.307386727239,283.235130102221,286.451134988311
38100,34.7395800000119,-378844.316274102,881686.614857632,502842.29858353,294.04255956566,300.168778831196,289.713377922332
38200,34.8307600000117,-371232.651104494,874132.934697981,502900.283593487,291.523406602628,301.270505317246,284.782404620714
38300,34.9219400000114,-377044.615206412,879895.269807776,502850.654601364,293.44514584218,290.940394416153,294.870442504664
38400,35.0131200000111,-379210.305338121,881992.761745026,502782.456406905,294.144659578131,289.384546934442,297.072947457609
38500,35.1043000000108,-362385.702394212,865166.757643928,502781.055249716,288.533185807546,304.470676895261,277.667747427564
38600,35.1954800000106,-378539.089204693,881332.228324808,502793.139120115,293.924371627416,296.738281095089,291.803495005946
38700,35.2866600000103,-369759.18696754,872563.641667719,502804.454700178,291.000047246196,290.536905446915,291.066308406344
38800,35.37784000001,-376232.517303189,879031.512948023,502798.995644834,293.157082857436,290.611802676891,294.609638742085
38900,35.4690200000097,-386416.649513627,889218.707020023,502802.057506397,296.554512929806,303.807239472285,291.472233140712
39000,35.5602000000095,-367624.394518209,870414.502080968,502790.107562759,290.28330901483,307.3606766661,278.656494489805
39100,35.6513800000092,-364164.484813442,866949.220261376,502784.735447935,289.127637239078,289.009192905957,288.965660430125
39200,35.7425600000089,-378812.682166195,881591.91480384,502779.232637645,294.010977089825,295.097117582106,293.041874280729
39300,35.8337400000086,-384345.258996834,887067.416171961,502722.157175127,295.837057252613,302.101705775143,291.414094023217
39400,35.9249200000084,-369200.291879724,871953.649255578,502753.357375855,290.796614725889,289.608332838127,291.346472138792
39500,36.0161000000081,-388128.790911703,890904.523176115,502775.732264412,297.116732758417,298.500525514991,295.946606976737
39600,36.1072800000078,-384271.028497732,887069.461758846,502798.433261114,295.83773945601,293.749757883931,296.983195721182
39700,36.1984600000075,-404900.083786548,907588.968734724,502688.884948175,302.68099674328,306.748143607587,299.717331336456
39800,36.2896400000073,-403547.252343981,906213.786899968,502666.534555987,302.222373486733,311.954619775235,295.482357316491
39900,36.380820000007,-387541.728273634,890237.032967619,502695.304693986,296.894124718232,287.526023136651,302.892114002021
40000,36.4720000000067,-366350.315853431,869121.076788374,502770.760934943,289.851951571911,286.478338344943,291.859483763578
40100,36.5631800000064,-375379.065557011,878169.763102722,502790.697545711,292.86968921218,294.078011458654,291.82008297352
40200,36.6543600000062,-386230.63270322,888989.260168089,502758.62746487,296.477992385556,300.158056619485,293.777551235949
40300,36.7455400000059,-386169.265370565,888887.884178273,502718.618807707,296.4441834845,289.204468440881,301.023623360675
40400,36.8367200000056,-363756.820254326,866535.22247767,502778.402223344,288.989568943695,289.27272678176,288.559972410865
40500,36.9279000000053,-371310.607562689,874076.803580193,502766.196017504,291.504686870166,297.189447842258,287.471925649712
40600,37.0190800000051,-381195.877296896,884029.274546846,502833.39724995,294.823836767332,304.497052669275,288.129339635397
40700,37.1102600000048,-387985.70766839,890771.772285126,502786.064616736,297.072460325205,291.054379707884,300.836953686481
40800,37.2014400000045,-372490.147147784,875313.472596531,502823.325448747,291.917116090222,301.572899600735,285.236662819806
40900,37.2926200000042,-358688.174874896,861531.886010997,502843.711136101,287.320955814906,306.141402366394,274.5345573174
41000,37.383800000004,-372129.213292235,874930.953394051,502801.740101817,291.789545904303,298.443017812897,287.110740010319
41100,37.4749800000037,-368875.700168588,871685.800032642,502810.099864054,290.707286987708,294.234771338828,288.113374681137
41200,37.5661600000034,-377139.765306894,879917.62488159,502777.859574696,293.452601261161,298.807472405296,289.638143330686
41300,37.6573400000031,-372847.855085197,875690.404481116,502842.549395919,292.042822905158,301.990855703575,285.167432020459
41400,37.7485200000028,-372839.813413131,875679.119294444,502839.305881313,292.039059294462,303.654415103121,284.052122872611
41500,37.8397000000026,-367253.169128301,870127.280223748,502874.111095447,290.1875205015,305.900009353793,279.470704999554
41600,37.9308800000023,-395300.738379952,898119.842674988,502819.104295036,299.523042412869,308.284654108217,293.432365413959
41700,38.022060000002,-368820.276420324,871684.242127144,502863.96570682,290.706767426094,290.107444772043,290.864060222606
41800,38.1132400000017,-376378.011437233,879200.657673291,502822.646236058,293.213492637416,299.505745757814,288.77431264662
41900,38.2044200000015,-367115.739004789,869932.863357209,502817.12435242,290.1226824603,291.904904832077,288.692765310398
42000,38.2956000000012,-385458.822286387,888320.006608868,502861.184322482,296.254796267757,307.259874764396,288.671198273107
42100,38.3867800000009,-381063.441870263,883891.105594941,502827.663724678,294.777757410352,303.750200783967,288.550480363435
42200,38.4779600000006,-363838.348249597,866738.653298568,502900.305048971,289.057413139426,301.113135765083,280.779383544705
42300,38.5691400000004,-367401.388218402,870172.995530318,502771.607311916,290.202766560053,293.203663485144,287.960332971192
42400,38.6603200000001,-371003.063587073,873874.13000065,502871.066413578,291.437095214491,308.299264507996,279.952784772808
42500,38.7514999999998,-396453.922765591,899131.291959111,502677.36919352,299.860360833454,292.921749146675,304.236218323946
42600,38.8426799999995,-382134.32079313,884970.594742241,502836.273949112,295.137767130979,296.479677661439,293.997211971398
42700,38.9338599999993,-376128.7901139,878899.854654128,502771.064540228,293.113174805445,294.520185652413,291.930906595129
42800,39.025039999999,-371919.132901405,874730.880327261,502811.747425855,291.722821519847,292.347606822315,291.063195633601
42900,39.1162199999987,-381029.221112645,883875.420933714,502846.199821068,294.772526574525,304.978110622826,287.723160103513
43000,39.2073999999984,-385249.52142273,888041.562900705,502792.041477975,296.161935267869,296.431793408812,295.735228227851
43100,39.2985799999982,-362729.159784457,865605.318612413,502876.158827956,288.679445927101,288.723346257038,288.409612835538
43200,39.3897599999979,-396145.52183199,898828.739678631,502683.217846642,299.759459622688,309.616377942298,292.938381193262
43300,39.4809399999976,-375442.289954699,878244.5209519,502802.230997201,292.894620961114,307.434880531367,282.957035730147
43400,39.5721199999973,-376329.407227458,879006.157392001,502676.750164543,293.148626777389,297.792090713461,289.808693631027
43500,39.6632999999971,-364186.193521494,867077.837804077,502891.644282583,289.170531200292,292.501374784453,286.708993368186
43600,39.7544799999968,-376066.444071313,878816.745851578,502750.301780264,293.085458012866,296.344509435743,290.668519182603
43700,39.8456599999965,-353249.191083499,856150.041271352,502900.850187853,285.526110145523,288.552729637569,283.270425392371
43800,39.9368399999962,-384524.436270758,887252.670433549,502728.234162791,295.898839564299,285.415813558379,302.640941201942
43900,40.028019999996,-386068.715950637,888843.182430061,502774.466479425,296.429275447744,299.601191279197,294.067640497236
44000,40.1191999999957,-390529.628116768,893244.556874622,502714.928757854,297.89713419197,310.066633216389,289.53588723053
44100,40.2103799999954,-368956.894558571,871725.745993594,502768.851435024,290.720608969016,288.276149954909,292.107981137612
44200,40.3015599999951,-376524.443127171,879372.341445735,502847.898318564,293.27074918984,290.858195924376,294.634725742492
44300,40.3927399999949,-374010.921576487,876854.485906383,502843.564329896,292.43104415754,290.847850067486,293.242814347444
44400,40.4839199999946,-359634.056508345,862580.930786502,502946.874278157,287.670812335002,298.558645149597,280.172531448327
44500,40.5750999999943,-401484.149284397,904253.186266816,502769.036982418,301.568513012111,314.069817506283,292.983002921819
44600,40.666279999994,-362276.954001671,865198.863408659,502921.909406988,288.543893082761,289.2401485963,287.839269496165
44700,40.7574599999937,-387790.986582568,890491.886758981,502700.900176412,296.9791184789,291.980610653472,300.063974430452
44800,40.8486399999935,-341773.342228388,844713.944694128,502940.60246574,281.712170983534,294.103892122623,273.21626341499
44900,40.9398199999932,-379201.971747683,881988.005492283,502786.033744601,294.143073367445,297.770189354969,291.479876814622
45000,41.0309999999929,-358213.96598855,861186.297498356,502972.331509806,287.205702017127,285.433329515195,288.147945600069
45100,41.1221799999926,-362039.866720699,864866.295126391,502826.428405692,288.432981532897,283.880603938369,291.227539111305
45200,41.2133599999924,-373891.181570829,876743.011046437,502851.829475608,292.393867282454,283.248463810763,298.247141374179
45300,41.3045399999921,-381228.352017683,884012.715083071,502784.363065388,294.818314184783,291.651291152935,296.683980944194
45400,41.3957199999918,-386014.601556671,888787.501719345,502772.900162674,296.410705926078,298.530929894945,294.750214358563
45500,41.4868999999915,-383165.180645635,885964.321783102,502799.141137467,295.469175181958,299.719183395868,292.389612060033
45600,41.5780799999913,-379602.148065118,882411.089804155,502808.941739037,294.284172020729,293.976915883709,294.243772635392
45700,41.669259999991,-369599.877515555,872455.721881,502855.844365446,290.964055988328,301.84144111705,283.469995855856
45800,41.7604399999907,-369463.686211436,872267.961369199,502804.275157764,290.901437841987,294.858677770904,288.020860024509
45900,41.8516199999904,-378626.94770124,881450.834747848,502823.887046607,293.963926879389,291.187090684691,295.57018107012
46000,41.9427999999902,-379743.71936878,882477.995145061,502734.27577628,294.306484957499,301.899124379027,288.999469939016
46100,42.0339799999899,-362742.360634676,865608.643503008,502866.282868332,288.680554778392,293.175541954837,285.44332953178
46200,42.1251599999896,-374441.898183878,877260.366775935,502818.468592057,292.566405461376,298.586402559008,288.30926872507
46300,42.2163399999893,-351993.993915176,854853.355612653,502859.361697477,285.093665370236,290.238397900903,281.42626562865
46400,42.3075199999891,-386538.108840526,889316.768945427,502778.660104901,296.587216590104,291.710182315895,299.591416759084
46500,42.3986999999888,-361087.520393495,863862.182728246,502774.662334751,288.098109964398,300.2789386469,279.737475751092
46600,42.4898799999885,-372946.85259259,875767.916138375,502821.063545786,292.068673049316,286.558172383994,295.498949598656
46700,42.5810599999882,-368666.730017648,871477.853350158,502811.12333251,290.637936751762,289.070623575724,291.440613921827
46800,42.672239999988,-384513.346957104,887349.419574145,502836.07261704,295.931105410754,304.198412856708,290.172957858942
46900,42.7634199999877,-373028.136095969,875859.883600662,502831.747504693,292.099344205657,290.835046330277,292.698793335739
47000,42.8545999999874,-372340.490149252,875099.052001163,502758.561851912,291.84560680379,298.104953970192,287.429504020517
47100,42.9457799999871,-374544.509662791,877341.330389058,502796.820726267,292.593406833102,295.193012213134,290.61650874072
47200,43.0369599999869,-401092.13373031,903825.615142757,502733.481412447,301.425918006589,315.592725667676,291.730191300858
47300,43.1281399999866,-375471.283977862,878278.424368001,502807.140390138,292.90592775321,304.501378093572,284.931539253174
47400,43.2193199999863,-392405.553945163,895162.337038977,502756.783093814,298.536714036677,296.214805873702,299.835872216963
47500,43.310499999986,-369132.008248843,872007.552788138,502875.544539295,290.814591558492,301.728057717176,283.296601959738
47600,43.4016799999858,-368948.130456811,871766.134004043,502818.003547231,290.734078373868,288.177497495384,292.196187227544
47700,43.4928599999855,-377131.348511105,880004.313019058,502872.964507953,293.481511762234,306.549713180571,284.524809556875
47800,43.5840399999852,-390389.145793946,893131.315484694,502742.169690748,297.859368178987,302.607025287055,294.446047300126
47900,43.6752199999849,-373920.962847863,876778.452159773,502857.48931191,292.405686896706,296.828294180624,289.213610635013
48000,43.7663999999846,-401991.742981596,904755.876608725,502764.133627129,301.73616028305,313.992211577806,293.314012619643
48100,43.8575799999844,-372424.07348066,875310.422343009,502886.348862349,291.916098830418,307.135505989003,281.526563975669
48200,43.9487599999841,-382715.664370904,885584.794470635,502869.130099731,295.342602791608,288.006134373871,299.987462901107
48300,44.0399399999838,-370521.090109817,873369.588769072,502848.498659255,291.268830671693,305.582387023511,281.483735744922
48400,44.1311199999835,-361923.002031122,864730.107141124,502807.105110002,288.387562828455,284.788277805297,290.546763208204
48500,44.2222999999833,-395142.770512922,897897.404704074,502754.634191152,299.448859331024,305.520460324564,295.15158461922
48600,44.313479999983,-372074.528538473,874880.673820735,502806.145282262,291.77277766241,291.233147476799,291.889387138099
48700,44.4046599999827,-372920.182752202,875745.671393933,502825.488641731,292.06125442519,297.725211361712,288.041898755487
48800,44.4958399999824,-364653.315863108,867483.709220173,502830.393357065,289.3058893514,295.330096563426,285.048662968923
48900,44.5870199999822,-361407.493523033,864250.723763408,502843.230240375,288.227688432019,296.127702618868,282.720822567092
49000,44.6781999999819,-363977.726837986,866817.771701429,502840.044863443,289.083799133376,291.654351662741,287.129194281189
49100,44.7693799999816,-379146.765509838,882006.210584584,502859.445074745,294.149144767245,294.357713677403,293.764974539834
49200,44.8605599999813,-378408.314495061,881186.664453088,502778.349958027,293.875826064061,298.602705112151,290.479676843613
49300,44.9517399999811,-378774.549442018,881588.720261284,502814.170819265,294.009911709616,299.799416442566,289.905233627892
49400,45.0429199999808,-353368.354377455,856239.609071946,502871.254694491,285.555981014489,285.274827849515,285.505453140294
49500,45.1340999999805,-378571.057739815,881481.373107597,502910.315367782,293.974111424911,294.997287567885,293.047015570076
49600,45.2252799999802,-379684.545316865,882551.611534395,502867.066217529,294.33103602948,313.516592484467,281.295389196129
49700,45.31645999998,-376060.324121018,878875.928687195,502815.604566177,293.105195493478,298.291229860678,289.403584919102
49800,45.4076399999797,-378670.810320367,881435.242090261,502764.431769893,293.958726726784,287.074386760597,298.303321098637
49900,45.4988199999794,-366652.064969876,869446.150951618,502794.085981741,289.960363832455,301.660252737216,281.918804259421
50000,45.5899999999791,-367741.835312016,870599.760852027,502857.925540011,290.345092830424,295.2252199578,286.849720501482
50100,45.6811799999789,-353990.764096741,856797.964831442,502807.200734701,285.742192706834,275.37469573009,292.415738864074
50200,45.7723599999786,-361850.86903379,864734.921064421,502884.052030631,288.389168272277,300.215793672638,280.264427031808
50300,45.8635399999783,-373104.077680176,875873.603206516,502769.525526341,292.103919695353,294.612880489005,290.187859233173
50400,45.954719999978,-384576.382888368,887372.880592839,502796.49770447,295.938929662444,301.879579085771,291.73188093884
50500,46.0458999999778,-386793.472786706,889480.075358104,502686.602571398,296.641679292347,303.131434628638,292.067974335409
50600,46.1370799999775,-371559.226964937,874344.162245836,502784.935280899,291.593851007449,290.95301979409,291.778076940516
50700,46.2282599999772,-388181.503736318,890915.059186521,502733.555450203,297.120246518767,290.799462985777,301.086502001993
50800,46.3194399999769,-384907.645923725,887723.702837307,502816.056913581,296.055928910224,288.874159650591,300.597061809221
50900,46.4106199999767,-368245.730381754,871028.012464931,502782.282083177,290.487914779033,294.118350965321,287.825550725858
51000,46.5017999999764,-370420.092861119,873220.746583114,502800.653721995,291.219191790266,292.840125678846,289.895886538054
51100,46.5929799999761,-380684.475720021,883453.420671596,502768.944951575,294.631789451924,307.74103663336,285.646764839757
51200,46.6841599999758,-387048.172242157,889778.614084081,502730.441841924,296.741241982351,289.7920715407,301.126737908467
51300,46.7753399999756,-376079.442713012,878872.853757786,502793.411044774,293.104170004264,288.599041349249,295.863335632604
51400,46.8665199999753,-366800.049800381,869623.814707906,502823.764907525,290.01961470999,289.706137308656,289.986916631955
51500,46.957699999975,-365232.857521437,868112.75265336,502879.895131923,289.515675388815,290.00213053748,288.950108893546
51600,47.0488799999747,-368969.416662457,871722.053346199,502752.636683741,290.719377470802,281.641002860457,296.529361063139
51700,47.1400599999744,-373947.240622569,876730.008710207,502782.768087637,292.389531002237,295.531617451928,290.05114875994
51800,47.2312399999742,-391679.367162904,894378.652634019,502699.285471115,298.275355222284,297.276938586541,298.692403516759
51900,47.3224199999739,-388560.309529088,891335.077996322,502774.768467234,297.260322826854,298.727429340256,296.03453488223
52000,47.4135999999736,-382456.064312243,885222.535032587,502766.470720344,295.221789238815,291.22946353069,297.6373215532
52100,47.5047799999733,-363728.41163809,866576.717223026,502848.305584936,289.003407444731,284.756290671566,291.59398245397
52200,47.5959599999731,-363882.499129159,866697.203342505,502814.704213346,289.043589575623,289.659010847823,288.39243906951
52300,47.6871399999728,-381500.765106589,884257.265233124,502756.500126536,294.899871680215,294.513914972039,294.911426259265
52400,47.7783199999725,-379509.062105849,882252.06434208,502743.002236231,294.231137015868,292.56659546397,295.095638769619
52500,47.8694999999722,-378948.341039069,881646.67174027,502698.330701201,294.02923853269,292.583511295202,294.748032325572
52600,47.960679999972,-374312.818276688,877132.526724427,502819.708447739,292.523770793539,291.29382498693,293.099964855617
52700,48.0518599999717,-385111.776703891,887856.39483949,502744.618135599,296.100181704015,299.683280082287,293.464699300414
52800,48.1430399999714,-360322.644240419,863185.659922185,502863.015681766,287.872489552171,292.307405295411,284.675985315383
52900,48.2342199999711,-361112.61786354,863824.427132686,502711.809269146,288.08551847013,290.194518925061,286.439446901452
53000,48.3253999999709,-372900.292205806,875727.756840947,502827.46463514,292.055279920276,295.34955360446,289.615718064219
53100,48.4165799999706,-379514.377188013,882302.162353124,502787.785165111,294.247844706728,297.334853421467,291.944632359646
53200,48.5077599999703,-357002.258584271,859762.33577325,502760.077188979,286.730810663081,284.949457931087,287.679436808859
53300,48.59893999997,-356536.940079728,859316.308928072,502779.368848344,286.582060673027,292.159100913905,282.62521546188
53400,48.6901199999698,-373887.684239372,876604.839204999,502717.154965627,292.347786961814,299.725203354242,287.18588621106
53500,48.7812999999695,-366121.405327685,868939.237864879,502817.832537193,289.791308275764,284.121679314907,293.329568159439
53600,48.8724799999692,-381861.957379309,884617.505069283,502755.547689974,295.020011695609,300.093609557799,291.391763111068
53700,48.9636599999689,-355988.565065821,858779.296635747,502790.731569926,286.402967028763,291.309593368336,282.893213663191
53800,49.0548399999687,-376868.546511899,879575.099132961,502706.552621063,293.338368895435,296.759689971804,290.81303953711
53900,49.1460199999684,-352187.724164756,855004.281474128,502816.557309372,285.143999157621,283.172577553358,286.220660227833
54000,49.2371999999681,-357778.732936846,860581.933050559,502803.200113713,287.004146423398,286.830082483203,286.881018928176
54100,49.3283799999678,-358332.762535345,861175.101660084,502842.339124739,287.20196820413,292.742629877463,283.268858781738
54200,49.4195599999676,-354873.147551921,857632.158216601,502759.01066468,286.020396270336,278.476298503515,290.811444451324
54300,49.5107399999673,-374232.607901488,877029.524709163,502796.916807675,292.489419612861,294.803972248731,290.702643339269
54400,49.601919999967,-360322.296805456,863117.901538357,502795.604732901,287.849892125515,278.779201219952,293.657144485786
54500,49.6930999999667,-346176.575208501,849001.264611747,502824.689403245,283.141992533516,278.43860060203,286.041635494062
54600,49.7842799999665,-357146.972950745,859973.381650813,502826.408700068,286.801194480845,283.713581691669,288.620602011561
54700,49.8754599999662,-362635.698561031,865401.71941906,502766.02085803,288.611545579143,294.878096193631,284.193335548168
54800,49.9666399999659,-354189.146669738,857039.373935524,502850.227265785,285.822702663173,280.918469734952,288.854005696434
54900,50.0578199999656,-377880.39042601,880664.471721868,502784.081295858,293.701674744662,293.502032550867,293.590018144905
55000,50.1489999999653,-359284.940045709,862136.161812835,502851.221767126,287.522481845201,291.268806316847,284.785330129232
55100,50.2401799999651,-378736.187459782,881453.720256244,502717.532796462,293.96488919668,300.612062819659,289.288469373696
55200,50.3313599999648,-363460.993277167,866261.365013135,502800.371735968,288.89823745644,303.364428981859,279.013361241613
55300,50.4225399999645,-374228.651706814,877005.254318394,502776.60261158,292.481325435516,284.236840590136,297.733914227904
55400,50.5137199999642,-366898.303224574,869765.914946994,502867.61172242,290.067005151574,284.98135730097,293.215714547683
55500,50.604899999964,-366978.11181759,869834.641850382,502856.530032792,290.089925579584,293.826702761142,287.356999187228
55600,50.6960799999637,-380420.494577833,883223.99158919,502803.497011357,294.555274833814,299.770291242413,290.833134499053
55700,50.7872599999634,-379931.397016784,882725.921566797,502794.524550013,294.389168439819,293.389222054917,294.810475056054
55800,50.8784399999631,-381086.039773391,883820.877428727,502734.837655336,294.754336311064,297.556483851918,292.640609336904
55900,50.9696199999629,-370449.633713776,873289.859034083,502840.225320307,291.242240798427,304.262344848544,282.319469564351
56000,51.0607999999626,-382219.515324306,885019.204899846,502799.689575539,295.153978622593,302.670866383452,289.896758466502
56100,51.1519799999623,-353727.744704271,856662.10977037,502934.365066099,285.69688503264,287.649263455165,284.157218680095
56200,51.243159999962,-361483.055184387,864295.395348438,502812.340164051,288.242586409351,290.741365787786,286.336531335053
56300,51.3343399999618,-338460.862952765,841369.828630721,502908.965677956,280.596907997573,280.263498582966,280.585350183979
56400,51.4255199999615,-363004.787514056,865746.935301846,502742.147787791,288.726675104835,286.817262875698,289.75901102834
56500,51.5166999999612,-371248.753776996,874010.717437648,502761.963660652,291.482647136117,294.457715419398,289.25636607465
56600,51.6078799999609,-389686.356724382,892427.045421502,502740.68869712,297.624494054194,290.117952006034,302.380835007922
56700,51.6990599999607,-369700.095093915,872473.188250305,502773.09315639,290.969881023947,292.876578515745,289.456274461895
56800,51.7902399999604,-362968.821965465,865838.735978726,502869.914013261,288.757290638228,306.477676755634,276.703068817757
56900,51.8814199999601,-364920.355145204,867783.80874397,502863.453598766,289.405972567607,285.996487047494,291.437791270544
57000,51.9725999999598,-382822.919717834,885640.1613168,502817.241598965,295.36106763942,295.18690984446,295.231038613027
57100,52.0637799999596,-390338.481001249,893042.705840756,502704.224839507,297.829816855346,312.629923724484,287.714887428541
57200,52.1549599999593,-376764.821009212,879510.379307906,502745.558298694,293.316784828383,296.16892730917,291.170925853835
57300,52.246139999959,-384657.561023222,887397.016099654,502739.455076433,295.946978855979,312.129311916984,284.91213433293
57400,52.3373199999587,-382615.275193217,885427.573848429,502812.298655211,295.290169700993,290.647706372264,298.139070112061
57500,52.4284999999585,-359523.459091294,862368.773319499,502845.314228205,287.600057802067,302.176030065867,277.643076244701
57600,52.5196799999582,-361919.308692928,864761.705679769,502842.396986841,288.398100943728,292.419970443642,285.476522859666
57700,52.6108599999579,-369095.043801849,871946.353928102,502851.310126254,290.794181733568,297.783167497129,285.892529406415
57800,52.7020399999576,-387752.522082427,890512.752246813,502760.230164386,296.986077120831,300.698395636612,294.26370971271
57900,52.7932199999574,-349951.132226346,852772.94561695,502821.813390604,284.399848463215,283.400681208293,284.828960092776
58000,52.8843999999571,-379388.097282037,882156.17553367,502768.078251634,294.199158090269,306.250978534788,285.91944516218
58100,52.9755799999568,-353651.375121738,856465.768057349,502814.392935611,285.631405054977,287.557377233779,284.109397431564
58200,53.0667599999565,-381623.464270354,884381.688850453,502758.224580099,294.941366966968,299.834471335588,291.433512915415
58300,53.1579399999562,-368934.314485096,871759.952413903,502825.637928807,290.732016813041,292.487899337007,289.319151783053
58400,53.249119999956,-378747.886489282,881523.703740364,502775.817251082,293.988228694469,294.502917276066,293.400112782826
58500,53.3402999999557,-370386.102667726,873208.991482751,502822.888815025,291.215271463315,305.055339127496,281.74588029431
58600,53.4314799999554,-389571.866848354,892312.840155734,502740.97330738,297.586406588539,301.518985861512,294.716698401067
58700,53.5226599999551,-374487.667608201,877314.009952812,502826.34234461,292.584295465337,288.61401639968,294.987327929554
58800,53.6138399999549,-380837.500872995,883607.850560165,502770.34968717,294.683291832638,302.267754837082,289.381413753148
58900,53.7050199999546,-372350.129353966,875133.814579091,502783.685225124,291.857200126427,301.462444944569,285.21048924756
59000,53.7961999999543,-376967.807558317,879644.170983311,502676.363424994,293.361404363285,290.192314269836,295.229663255281
59100,53.887379999954,-370310.514691977,873071.038137803,502760.523445827,291.169264011273,290.610458733295,291.299159809916
59200,53.9785599999538,-355685.393259682,858493.965754111,502808.572494429,286.307809155948,289.488691626695,283.948631001156
59300,54.0697399999535,-372810.064921313,875638.338090011,502828.273168697,292.025458759383,294.17379091791,290.349882771401
59400,54.1609199999532,-347157.778010028,850046.051927364,502888.273917336,283.490429190383,277.65005187523,287.147772042827
59500,54.2520999999529,-373786.029067693,876577.748495969,502791.719428276,292.338752208094,290.397197402882,293.389506451395
59600,54.3432799999527,-366960.390753258,869760.26496762,502799.874214362,290.065120882982,293.495656358311,287.536376298692
59700,54.4344599999524,-389895.257492698,892547.831359337,502652.57386664,297.664776174533,292.095331431077,301.129685356691
59800,54.5256399999521,-366944.049793488,869673.282307931,502729.232514443,290.036112158723,286.230400339201,292.331556611606
59900,54.6168199999518,-373837.615518739,876555.090790357,502717.475271617,292.331195861383,296.462203041519,289.333581744742
60000,54.7079999999516,-369116.54471811,871936.25908018,502819.71436207,290.790815100944,289.243709493083,291.579893160266
60100,54.7991799999513,-364214.674778552,867076.444728567,502861.769950014,289.170066609494,296.940174916653,283.749019349211
60200,54.890359999951,-362978.53827357,865789.469829791,502810.93155622,288.74086037345,288.241323109751,288.833267832272
60300,54.9815399999507,-367707.16417494,870457.066703917,502749.902528977,290.297504320132,290.283940654383,290.064632177031
60400,55.0727199999505,-385733.376300254,888360.224685222,502626.848384967,296.268208999574,305.478913415492,289.880849214797
60500,55.1638999999502,-400362.663692229,903026.360762073,502663.697069844,301.159366603993,312.390724474765,293.42082855131
60600,55.2550799999499,-378711.467538232,881476.615016886,502765.147478654,293.972524601263,305.313550903272,286.166863296089
60700,55.3462599999496,-370880.506796324,873712.756444371,502832.249648046,291.383277120017,290.293814061178,291.86676642831
60800,55.4374399999494,-362803.140184197,865646.684241879,502843.544057682,288.693241367977,290.195833843712,287.450935349679
60900,55.5286199999491,-363861.343403792,866654.604521141,502793.261117349,289.029382865146,291.010968515441,287.467467945895
61000,55.6197999999488,-372539.431472083,875282.227584646,502742.796112564,291.906695876153,291.658312094652,291.829029483924
61100,55.7109799999485,-356147.497951542,858910.961872679,502763.463921137,286.446877396258,295.254573422038,280.336374314574
61200,55.8021599999483,-368049.698936967,870782.532759725,502732.833822759,290.40604727688,280.382934119169,296.846117675958
61300,55.893339999948,-379940.421383476,882713.526339933,502773.104956456,294.385034630626,288.48259537718,298.074673270731
61400,55.9845199999477,-364676.02959591,867493.384517329,502817.35492142,289.309116063808,286.21351758215,291.131757454859
61500,56.0756999999474,-368519.176483275,871361.751652197,502842.575168922,290.599216825812,284.13057346418,294.669479719546
61600,56.1668799999471,-369108.188127022,871917.335944034,502809.147817012,290.784504233461,292.644670286122,289.302073111492
61700,56.2580599999469,-365985.210433477,868728.52864539,502743.318211913,289.721036733497,283.203256331899,293.824789470617
61800,56.3492399999466,-375943.442620387,878639.728658632,502696.286038245,293.026422764259,279.911251478488,301.525681602471
61900,56.4404199999463,-369825.110672866,872565.796938763,502740.686265897,291.000766029269,300.470939277993,284.444816558428
62000,56.531599999946,-368741.108365218,871541.896448404,502800.788083186,290.659295130367,293.257384330522,288.68501958432
62100,56.6227799999458,-362571.680988894,865479.100048996,502907.419060102,288.637352025678,291.538338766654,286.462829738339
62200,56.7139599999455,-372365.630684258,875226.466095827,502860.835411569,291.888099414983,300.762528868912,285.728573029518
62300,56.8051399999452,-369643.905973828,872416.232652723,502772.326678895,290.950886327405,291.866865917722,290.097774195253
62400,56.8963199999449,-363218.800750448,866015.929103603,502797.128353155,288.816384560148,298.166358586349,282.342388222213
62500,56.9874999999447,-391422.980843843,894199.264493497,502776.283649653,298.215529262464,297.704546142117,298.307671734977
62600,57.0786799999444,-351366.566140029,854248.977464864,502882.411324835,284.892105207559,289.435898398881,281.625499659003
62700,57.1698599999441,-359965.274775243,862797.747326285,502832.472551043,287.743120669096,298.321151323249,280.451314299105
62800,57.2610399999438,-371998.664434738,874804.152876516,502805.488441778,291.747257921133,293.460287603619,290.362115417873
62900,57.3522199999436,-377258.743513438,880006.311465924,502747.567952486,293.48217824443,302.678636868381,287.106637346591
63000,57.4433999999433,-379031.782082646,881829.128594754,502797.346512108,294.090087908872,294.878466681341,293.319426987302
63100,57.534579999943,-374635.984703887,877412.626336439,502776.641632552,292.617184037498,298.950220390849,288.151312148568
63200,57.6257599999427,-358173.157025556,861008.494661522,502835.337635965,287.146404756219,272.625335261783,296.587829081879
63300,57.7169399999425,-366473.875653393,869248.865739027,502774.990085634,289.894569197608,293.245552175087,287.419001738291
63400,57.8081199999422,-373916.300780528,876723.029892196,502806.729111667,292.387203565848,297.505777401125,288.731165006024
63500,57.8992999999419,-378315.411371358,881075.456047048,502760.04467569,293.838738051375,284.318973185951,299.940382346615
63600,57.9904799999416,-374070.648676612,876843.069353271,502772.420676659,292.427236736125,288.737118649139,294.643626096835
63700,58.0816599999414,-359819.904494598,862605.827500422,502785.923005824,287.67911539117,295.38659209302,282.301064993778
63800,58.1728399999411,-367393.19742507,870194.190847286,502800.993422215,290.209835200029,294.184627945041,287.318131840687
63900,58.2640199999408,-368449.48666635,871307.509470347,502858.022803997,290.581127053642,296.143506435927,286.630723192907
64000,58.3551999999405,-355651.001109178,858520.04562373,502869.044514552,286.316506794641,290.141605356418,283.527843997794
64100,58.4463799999403,-366442.980512937,869260.554728119,502817.574215182,289.898467476445,300.195607309148,282.792125531744
64200,58.53755999994,-378381.46549804,881141.878352795,502760.412854754,293.860889895879,300.675359763339,289.073025909326
64300,58.6287399999397,-402366.037801038,905079.432463995,502713.394662956,301.844066187759,307.761047228206,297.647875438971
64400,58.7199199999394,-356599.46895995,859420.358729206,502820.889769256,286.616761290381,285.316834567864,287.244531804316
64500,58.8110999999392,-361563.65212474,864393.413076361,502829.760951622,288.275275329785,287.762483090947,288.376907426237
64600,58.9022799999389,-368644.095352961,871434.490865421,502790.39551246,290.623475359487,293.658746055045,288.357775332981
64700,58.9934599999386,-372440.634951549,875225.8053243,502785.170372752,291.887879047624,290.070777801468,292.856039979188
64800,59.0846399999383,-372979.377446044,875727.705713321,502748.328267278,292.055262869208,297.046738976176,288.484232745506
64900,59.175819999938,-350360.747437692,853180.599657996,502819.852220305,284.535801119892,287.059773219602,282.616039885819
65000,59.2669999999378,-382320.132319555,885042.853532627,502722.721213072,295.161865443597,281.88836427845,303.764897999159
65100,59.3581799999375,-378349.668374456,881151.105356966,502801.43698251,293.86396710254,295.124553840282,292.778689304794
65200,59.4493599999372,-391615.877017974,894381.310644117,502765.433626143,298.276241668874,308.074067333485,291.495794357742
65300,59.5405399999369,-377343.371795808,880169.625202472,502826.253406664,293.536643389185,296.105810661741,291.579251337991
65400,59.6317199999367,-364121.94801451,866932.829303068,502810.881288557,289.122170853116,297.723867730901,283.146771125548
65500,59.7228999999364,-351714.822475004,854528.408515251,502813.586040247,284.98529548616,281.15951817904,287.298325944668
65600,59.8140799999361,-379407.285046154,882220.573321956,502813.288275802,294.220634758031,299.589785931313,290.396016780212
65700,59.9052599999358,-372419.074092282,875153.848685635,502734.774593353,291.86388150263,301.329190034558,285.310455913424
65800,59.9964399999356,-377073.252324065,879853.919265619,502780.666941553,293.431355432923,294.140967311706,292.71375471754
65900,60.0876199999353,-356080.272319664,858877.001540536,502796.729220872,286.435551622657,287.620272916792,285.407041133548
66000,60.178799999935,-371698.845414741,874516.436106316,502817.590691575,291.651304354283,292.479640004397,290.856037833911
66100,60.2699799999347,-354721.590662838,857527.547104133,502805.956441295,285.985508455605,284.437523431715,286.779177214486
66200,60.3611599999345,-371242.05640152,874037.701151668,502795.644750148,291.491646206993,288.891379277454,292.982247788179
66300,60.4523399999342,-376754.632249006,879530.842042575,502776.209793569,293.323609152101,295.584203336298,291.572110021676
66400,60.5435199999339,-381667.410195121,884420.54425118,502753.134056059,294.95432524635,299.151961739549,291.910105646512
66500,60.6346999999336,-359602.412698361,862388.106704758,502785.694006397,287.606505487663,291.792514707857,284.576160586294
66600,60.7258799999334,-372715.623552012,875492.798778948,502777.175226936,291.976921387009,291.192312591745,292.25667981603
66700,60.8170599999331,-378443.971409475,881288.750718526,502844.779309051,293.909871842096,297.91825777105,290.992689662925
66800,60.9082399999328,-373552.40179365,876342.384836877,502789.983043227,292.260258408163,284.310485960359,297.316556491359
66900,60.9994199999325,-377649.044649207,880422.555180967,502773.510531759,293.620995558101,295.619473679019,292.043992647858
67000,61.0905999999323,-378234.520390182,881018.120864194,502783.600474012,293.819616763113,285.988383881153,298.795589003784
67100,61.181779999932,-383018.344857302,885813.437148293,502795.092290992,295.41885514367,289.267842493505,299.273347864493
67200,61.2729599999317,-370132.038417712,872962.322935135,502830.284517423,291.133007482119,292.875394137656,289.72880553886
67300,61.3641399999314,-378225.914536303,881075.738462681,502849.823926378,293.838832237012,284.734749795228,299.663354838005
67400,61.4553199999312,-388603.74900227,891391.047340625,502787.298338355,297.278988607846,313.758505905307,286.044911252365
67500,61.5464999999309,-375232.827204861,878046.885928384,502814.058723522,292.828709664293,287.066681646187,296.426037751644
67600,61.6376799999306,-380819.389331508,883563.193087087,502743.803755578,294.668398561643,295.986370475802,293.544193620069
67700,61.7288599999303,-375982.316790134,878698.099645049,502715.782854915,293.045889493096,299.530153657249,288.478841809083
67800,61.8200399999301,-392307.399815109,895048.447737082,502741.047921974,298.498731945,301.934967972219,295.959158983567
67900,61.9112199999298,-390039.161901227,892829.672183633,502790.510282406,297.758770112934,302.847940860335,294.11785730624
68000,62.0023999999295,-392428.013699501,895243.986476443,502815.972776942,298.56394413088,306.134813793932,293.267894402069
68100,62.0935799999292,-380876.239034732,883652.165619325,502775.926584593,294.698070908563,302.346873487233,289.353287463692
68200,62.1847599999289,-378316.373564126,881051.467202904,502735.093638778,293.830737769853,298.768692830354,290.293908781378
68300,62.2759399999287,-379588.739670192,882349.974169965,502761.234499773,294.263789951631,296.8569658966,292.289786163359
68400,62.3671199999284,-373357.932436726,876131.913100684,502773.980663958,292.190066066595,290.573141453511,293.024524086927
68500,62.4582999999281,-378379.751993343,881151.666414485,502771.914421142,293.864154215269,278.819798838613,303.648837671195
68600,62.5494799999278,-374531.265756051,877367.111611064,502835.845855013,292.602004872791,298.501864893213,288.424929855116
68700,62.6406599999276,-384552.602546585,887317.367021354,502764.764474769,295.920415881726,294.941540331084,296.326399235586
68800,62.7318399999273,-377525.82236137,880322.157436028,502796.335074657,293.587512901793,293.316990585799,293.523204851706
68900,62.823019999927,-395944.702540041,898625.363278976,502680.660738935,299.691633576447,302.300978189666,297.702327472987
69000,62.9141999999267,-369969.385809354,872748.207946205,502778.822136851,291.061600115459,292.464801924074,289.88358090962
69100,63.0053799999265,-372244.169513614,875079.821272574,502835.65175896,291.839193354202,296.714485607923,288.345799190592
69200,63.0965599999262,-375662.930124702,878515.181770473,502852.251645771,292.984886366674,298.027681281851,289.378869017918
69300,63.1877399999259,-387738.119596192,890505.468108595,502767.348512403,296.983647860129,306.811185656202,290.184469622862
69400,63.2789199999256,-374706.986500337,877457.940962933,502750.954462596,292.632296469212,299.561999129433,287.768634448674
69500,63.3700999999254,-368959.5560517,871748.773689605,502789.217637905,290.728288707556,289.645408466202,291.207935294537
69600,63.4612799999251,-387259.622730764,890043.375348582,502783.752617818,296.829539886137,296.203617172099,296.999463745591
69700,63.5524599999248,-357611.025349537,860518.447019045,502907.421669508,286.982973826595,296.932938391883,280.110511638214
69800,63.6436399999245,-389721.454485832,892478.808293099,502757.353807268,297.641756976188,296.954593085226,297.851831439349
69900,63.7348199999243,-362778.049274227,865707.066249516,502929.01697529,288.713378772558,295.446447570222,283.984071758472
70000,63.825999999924,-371270.462467621,874053.33791828,502782.875450659,291.496861069962,293.262246448439,290.077023433419
70100,63.9171799999237,-360128.630982545,863020.116441164,502891.485458619,287.817280787449,285.658811442825,289.016412616542
70200,64.0083599999234,-379302.6606484,882054.068252152,502751.407603751,294.165105303369,298.334116001451,291.140627250228
70300,64.0995399999232,-371118.352310192,873925.356856005,502807.004545813,291.454179375023,297.891927543839,286.919468779667
70400,64.1907199999229,-362443.629087383,865343.522188863,502899.89310148,288.59213679802,292.863899484481,285.503801559712
70500,64.2818999999226,-366948.328815171,869872.082753447,502923.753938276,290.102412123878,290.97893779853,289.276309664006
70600,64.3730799999223,-380042.862470876,882913.95449612,502871.092025244,294.451877437425,301.727269166375,289.356239720261
70700,64.4642599999221,-384225.622972202,887031.530464179,502805.907491978,295.825089366076,298.876660412198,293.544187760857
70800,64.5554399999218,-381327.16236362,884055.82813017,502728.66576655,294.832692389585,302.590178856514,289.415340834641
70900,64.6466199999215,-375513.480611813,878273.46452094,502759.983909126,292.904273643802,293.949695568134,291.963238799544
71000,64.7377999999212,-369742.176409209,872610.83048146,502868.654072251,291.015784719513,295.410527053676,287.843443342804
71100,64.828979999921,-379513.980462405,882347.842992292,502833.862529887,294.263079203699,300.620128385748,289.779827182998
71200,64.9201599999207,-365020.302979153,867876.428903364,502856.125924211,289.436861398487,290.789430095567,288.293951549269
71300,65.0113399999204,-388923.005414197,891736.319042773,502813.313628576,297.394136749299,309.471180960669,289.094945494427
71400,65.1025199999201,-367065.234897744,869932.319472485,502867.084574741,290.122501074699,293.055787090358,287.925208313365
71500,65.1936999999199,-377364.520148705,880172.813563999,502808.293415294,293.53770670802,295.162180783974,292.210109235127
71600,65.2848799999196,-373636.831290128,876395.521745667,502758.69045554,292.277979571675,292.704875475606,291.74981731941
71700,65.3760599999193,-367908.664672646,870730.405136945,502821.740464299,290.388662710337,299.434281401248,284.11625969747
71800,65.467239999919,-362568.180163145,865472.527495019,502904.347331873,288.635160078379,296.651703103158,283.050268761795
71900,65.5584199999188,-371239.53673863,874120.996355503,502881.459616873,291.519425164416,286.326025646198,294.738758655591
72000,65.6495999999185,-367896.417915951,870743.678508998,502847.260593047,290.393089381023,292.021319227106,289.065608575818
72100,65.7407799999182,-373134.061379593,875875.226803475,502741.165423881,292.104461165074,299.996963805578,286.599372353767
72200,65.8319599999179,-377484.75436742,880222.202188457,502737.447821037,293.554177818395,297.369624437298,290.76591825761
72300,65.9231399999177,-370248.283670366,873048.275168594,502799.991498228,291.161672559144,297.629367308109,286.607241332702
72400,66.0143199999174,-387841.755341788,890637.478245852,502795.722904064,297.02767325191,297.902980977273,296.19661170729
72500,66.1054999999171,-361881.760539989,864703.350148252,502821.589608262,288.378639369102,303.971774853159,277.742900180255
72600,66.1966799999168,-373093.602206083,875907.456960852,502813.854754769,292.115209925247,292.696203074531,291.484451817455
72700,66.2878599999165,-366800.986040678,869568.033166636,502767.047125958,290.001011561326,283.516574724713,294.082301942766
72800,66.3790399999163,-390668.381987066,893460.25688472,502791.874897654,297.969070163322,301.102867925099,295.631564096999
72900,66.470219999916,-404960.77974934,907644.984272404,502684.204523065,302.699677929766,300.520832989415,303.899991491727
73000,66.5613999999157,-382379.273168671,885163.261952071,502783.9887834,295.202021661521,287.031610354576,300.4029608481
73100,66.6525799999154,-361898.307073996,864685.780098664,502787.473024667,288.372779756099,289.844201949353,287.151520977466
73200,66.7437599999152,-363681.471606879,866509.387505803,502827.915898924,288.980952978424,288.985065939712,288.737393543416
73300,66.8349399999149,-371844.742386368,874729.278103338,502884.53571697,291.722287178035,298.842683447376,286.732254425825
73400,66.9261199999146,-376598.617607794,879420.888726986,502822.271119193,293.286939712185,296.14146996719,291.139513759087
73500,67.0172999999143,-377223.025477275,879971.362670179,502748.337192904,293.470522818136,297.998760422336,290.207138979653
73600,67.1084799999141,-378485.74965536,881193.950933152,502708.201277792,293.87825610577,300.908746120154,288.946364216093
73700,67.1996599999138,-368352.120961235,871099.825843786,502747.704882551,290.511864546869,293.534731838588,288.254526465265
73800,67.2908399999135,-391261.102857796,894033.56922529,502772.466367493,298.160269876702,305.900342761037,292.75175439558
73900,67.3820199999132,-360378.913530297,863326.844000807,502947.93047051,287.919574454163,294.655632457751,283.188936139727
74000,67.473199999913,-383074.564561254,885872.823013213,502798.258451959,295.438660334572,296.959598501918,294.178502672728
74100,67.5643799999127,-356120.19701727,858962.065411694,502841.868394424,286.46392043078,290.885211495709,283.277673120469
74200,67.6555599999124,-392821.73049443,895438.191296911,502616.460802481,298.628711454698,300.683644096744,297.009899100456
74300,67.7467399999121,-362835.847196662,865587.091917159,502751.244720497,288.673367322714,277.411052381123,295.94101614434
74400,67.8379199999119,-394239.737977979,896897.328356308,502657.590378329,299.115333785662,293.787067299243,302.41824866512
74500,67.9290999999116,-364588.942074821,867468.057709609,502879.115634787,289.300669571322,292.612532438954,286.851677101592
74600,68.0202799999113,-382595.082218105,885420.321346004,502825.239127899,295.28775099083,293.826102219537,296.0161103792
74700,68.111459999911,-358146.365372251,861079.711398836,502933.346026585,287.170155544051,298.554589592742,279.34122438197
74800,68.2026399999108,-380253.13698468,883053.181407893,502800.044423213,294.49830962411,296.770753822375,292.737931567248
74900,68.2938199999105,-365228.473096889,868070.241200533,502841.768103645,289.501497815752,301.293477440326,281.398926817858
75000,68.3849999999102,-370627.112044602,873309.482836731,502682.370792129,291.248785338246,299.80347439016,285.302951982522
75100,68.4761799999099,-355162.438300792,857917.811894969,502755.373594177,286.115661795887,292.235084194517,281.797617145305
75200,68.5673599999097,-375429.206415881,878204.681621501,502775.47520562,292.881334541104,291.699242408747,293.42532818389
75300,68.6585399999094,-362402.540970098,865308.163864614,502905.622894515,288.580344793935,293.649861506744,284.960183364734
75400,68.7497199999091,-380059.75643781,882903.760953835,502844.004516026,294.448477890224,288.305255630127,298.298585665379
75500,68.8408999999088,-380359.398231074,883179.106461301,502819.708230227,294.54030563992,286.552266786156,299.620214621063
75600,68.9320799999086,-385293.350863793,887955.37536966,502662.024505867,296.13319171908,293.914559752127,297.365502037281
75700,69.0232599999083,-383751.104272204,886508.018930027,502756.914657823,295.650498225789,283.746421087054,303.340174236423
75800,69.114439999908,-395623.346391682,898317.637806591,502694.291414909,299.58900710575,293.995305600837,303.068483936438
75900,69.2056199999077,-378491.706000882,881308.174636863,502816.468635981,293.916349720481,299.455817239341,289.978441083141
76000,69.2967999999074,-386511.037264192,889262.555437224,502751.518173031,296.569136380598,302.614445144936,292.291789590723
76100,69.3879799999072,-361561.261449257,864386.785958768,502825.524509511,288.273065185516,293.810207082138,284.341409700112
76200,69.4791599999069,-392405.169629802,895144.216333353,502739.046703551,298.530670779841,310.991542475748,289.974647423586
76300,69.5703399999066,-384220.877975355,886969.52190367,502748.643928314,295.804409505976,295.812510394145,295.552505239275
76400,69.6615199999063,-386593.620570218,889248.369807947,502654.749237729,296.564405472052,299.78076506905,294.173028736158
76500,69.7526999999061,-393169.201929366,895857.324292018,502688.122362652,298.768492343511,299.645197494017,297.935048499554
76600,69.8438799999058,-378625.33419919,881385.991095168,502760.656895978,293.942301515814,307.546166564326,284.628106232209
76700,69.9350599999055,-381780.160145333,884500.614602378,502720.454457045,294.98102871515,289.547386360291,298.357639427792
76800,70.0262399999052,-364611.441630402,867477.251754551,502865.810124149,289.303735786077,297.029339072451,283.912247148673
76900,70.117419999905,-379969.058013682,882620.297542065,502651.239528382,294.353942818764,304.317795733104,287.466079256856
77000,70.2085999999047,-371501.144373301,874313.687682495,502812.543309194,291.583687738034,303.636186340898,283.30570226301
77100,70.2997799999044,-382666.441902084,885320.130783569,502653.688881484,295.254337429905,297.16174821586,293.736684958077
77200,70.3909599999041,-380443.231207658,883229.856813125,502786.625605466,294.557230886485,305.781594003423,286.828857782787
77300,70.4821399999039,-365867.040231215,868588.596514742,502721.556283526,289.674369356259,289.986006131028,289.225216198616
77400,70.5733199999036,-368206.10528937,870976.125902145,502770.020612775,290.470610606018,290.575085170654,290.158902054088
77500,70.6644999999033,-390902.344210321,893625.576879612,502723.232669291,298.024204395402,295.37043024464,299.545033658913
77600,70.755679999903,-355664.810140485,858497.057560044,502832.247419559,286.308840273485,287.778172554647,285.090694719148
77700,70.8468599999028,-389704.625654826,892480.649274242,502776.023619417,297.642370943553,305.130989126957,292.401923512163
77800,70.9380399999025,-389285.711151075,892098.153161402,502812.442010327,297.51480845803,310.828623846658,288.391002525228
77900,71.0292199999022,-375210.774278363,877996.572047145,502785.797768782,292.811929980705,296.797457595329,289.910901629307
78000,71.1203999999019,-369701.645641385,872470.948321693,502769.302680308,290.969134007568,290.958205355481,290.733945497286
78100,71.2115799999017,-375402.585326789,878200.87458183,502798.28925504,292.880064893056,294.467088325847,291.577982550451
78200,71.3027599999014,-377650.735669899,880416.71434548,502765.978675581,293.619047638979,301.947997985255,287.821731535095
78300,71.3939399999011,-381294.484214112,884059.023044697,502764.538830585,294.833757893846,293.105028935567,295.740549067788
78400,71.4851199999008,-369911.158582171,872724.040347882,502812.881765711,291.053540219404,293.812683712015,288.971566607479
78500,71.5762999999006,-358185.016385623,861021.438996337,502836.422610714,287.150721692959,281.715762210767,290.534735746343
78600,71.6674799999003,-370856.52429068,873704.09095914,502847.56666846,291.38038717997,290.572235986117,291.676337653222
78700,71.7586599999,-380848.405278751,883650.67909506,502802.273816309,294.697575152596,302.453895865152,289.281113364932
78800,71.8498399998997,-373885.86845256,876694.261977318,502808.393524758,292.377609463838,308.460289041419,281.412175070898
78900,71.9410199998995,-373907.163026362,876677.706524602,502770.543498241,292.372088218977,291.767724915124,292.531353681363
79000,72.0321999998992,-362043.462332815,864906.047166259,502862.584833445,288.446238841507,299.638799083315,280.744160147935
79100,72.1233799998989,-360527.137318438,863304.773689811,502777.636371373,287.912214003606,286.054257067212,288.910925116199
79200,72.2145599998986,-350039.052194007,852947.423597199,502908.371403191,284.458036884175,282.577650362879,285.474579534301
79300,72.3057399998983,-381701.066217126,884413.153805582,502712.087588456,294.951860532127,299.029321251607,291.987760168697
79400,72.3969199998981,-379943.746073577,882810.813289553,502867.067215976,294.417479836436,301.095985580339,289.719794773971
79500,72.4880999998978,-368013.08642098,870739.448591743,502726.362170763,290.391678703266,287.66942975163,291.964518272104
79600,72.5792799998975,-364638.075337546,867438.087480016,502800.01214247,289.290674497254,292.554252674149,286.873880150577
79700,72.6704599998972,-378137.396683363,880878.505568307,502741.108884944,293.773055050294,299.895606804439,289.446543001655
79800,72.761639999897,-386347.898390363,889117.369466061,502769.471075699,296.520716847111,293.019308595136,298.607888417721
79900,72.8528199998967,-361266.265370591,864106.807147086,502840.541776495,288.179692228476,289.397336152679,287.127779868817
80000,72.9439999998964,-373757.054184877,876514.752013881,502757.697829004,292.317742876065,296.53997686909,289.259322094986
80100,73.0351799998961,-370733.036112788,873550.944380014,502817.908267226,291.329312783063,288.349689191997,293.072954083122
80200,73.1263599998959,-395523.507321116,898216.52752265,502693.020201534,299.555286817625,298.700733238678,299.875359797909
80300,73.2175399998956,-388441.223925393,891269.979776027,502828.755850634,297.238612564958,294.284104448107,298.960585799055
80400,73.3087199998953,-391163.114739726,893844.623064443,502681.508324718,298.097256316306,294.766372859557,300.069430907208
80500,73.399899999895,-372579.284925111,875395.397241672,502816.11231656,291.944437966207,292.844633658011,291.101020473365
80600,73.4910799998948,-392311.089956607,894954.887556426,502643.797599819,298.46752961695,292.922577020066,301.915441740192
80700,73.5822599998945,-372780.580320721,875581.997916017,502801.417595297,292.006669306659,300.043990526541,286.405116268983
80800,73.6734399998942,-406522.920787279,909213.459005704,502690.538218425,303.222764384093,308.451190056286,299.484461632311
80900,73.7646199998939,-375053.901959138,877923.196288011,502869.294328873,292.787459158917,304.721303301881,284.587573514307
81000,73.8557999998937,-399377.328832532,902083.222895926,502705.894063394,300.844830046999,302.065998215056,299.78001390992
81100,73.9469799998934,-372387.558508822,875166.130535576,502778.572026754,291.867977500609,296.271846986662,288.688841195323
81200,74.0381599998931,-378168.303086577,880919.989282934,502751.686196358,293.786889872581,302.235408919563,287.909721433033
81300,74.1293399998928,-381095.808692942,883851.22128032,502755.412587378,294.764455988101,290.833109733508,297.139716444506
81400,74.2205199998926,-367010.388038174,869792.516820261,502782.128782086,290.075876878526,297.959821784148,284.578183710714
81500,74.3116999998923,-388547.62996334,891259.170476021,502711.540512681,297.235007662505,298.07865815477,296.424878161275
81600,74.402879999892,-378448.541267468,881276.877555092,502828.336287624,293.905912141101,296.620236265824,291.851441131169
81700,74.4940599998917,-364508.23117423,867326.449211086,502818.218036856,289.253443125258,294.466479735022,285.537040849478
81800,74.5852399998915,-361012.661188938,863854.195819254,502841.534630317,288.095446329583,294.077365184556,283.86742088766
81900,74.6764199998912,-366616.137675984,869356.930156545,502740.792480561,289.93060868986,296.303396804632,285.440474439437
82000,74.7675999998909,-378647.843420572,881363.532137235,502715.688716663,293.934811451471,294.593679202926,293.250620607625
82100,74.8587799998906,-370171.868512886,872916.545441789,502744.676928903,291.117740684272,288.540036282261,292.593612168375
82200,74.9499599998904,-365315.995967819,868168.973334764,502852.977366945,289.53442499075,285.359195968706,292.076632317954
82300,75.0411399998901,-378293.623306888,881091.56033971,502797.937032822,293.84410883432,304.960021711969,286.188630158527
82400,75.1323199998898,-364076.218765694,866894.385287836,502818.166522142,289.109349770831,295.055772954296,284.904143190378
82500,75.2234999998895,-382656.872270499,885406.871111982,502749.998841484,295.283265336662,290.289940089155,298.366079447219
82600,75.3146799998893,-369573.337387701,872327.639310645,502754.301922944,290.921340440435,294.490378754209,288.299547114219
82700,75.405859999889,-376667.35539248,879478.103191274,502810.747798794,293.306020740795,287.60205991655,296.864239606341
82800,75.4970399998887,-379797.203631472,882554.646194748,502757.442563276,294.33204808896,287.348172755543,298.742688271164
82900,75.5882199998884,-372212.016099228,875002.24371054,502790.227611312,291.813321230795,300.881787549572,285.524499250586
83000,75.6793999998881,-374847.98708786,877626.425413844,502778.438325984,292.688486047638,299.576862628122,287.852327922277
83100,75.7705799998879,-353550.318989959,856374.962591993,502824.643602034,285.60112142471,276.074078919057,291.714482160625
83200,75.8617599998876,-373509.044449062,876336.825634395,502827.781185333,292.258404413672,282.856223948112,298.2829760537
83300,75.9529399998873,-367389.374449588,870178.504759672,502789.130310084,290.204603888502,294.852945823267,286.863872095418
83400,76.044119999887,-370554.530129381,873312.855070675,502758.324941294,291.249909978548,291.527447703938,290.822176569974
83500,76.1352999998868,-360356.847667845,863127.207929524,502770.360261679,287.852995807745,286.13098279366,288.761126987295
83600,76.2264799998865,-366884.816086008,869693.369778854,502808.553692846,290.042811331951,287.081009006691,291.775643872681
83700,76.3176599998862,-376162.317655523,878943.130807316,502780.813151793,293.127607406142,309.612007214326,281.893734527846
83800,76.4088399998859,-349572.708641773,852418.467937193,502845.759295419,284.281630127461,281.672286146673,285.784291422881
83900,76.5000199998857,-371712.719977813,874434.307584357,502721.587606544,291.623914485362,289.443596368936,292.834439967574
84000,76.5911999998854,-354906.503973306,857774.37831687,502867.874343564,286.067826685633,287.16238249945,285.099732954182
84100,76.6823799998851,-373608.679588248,876369.925166999,502761.245578751,292.269443110555,278.168710724084,301.426373498944
84200,76.7735599998848,-375021.963365651,877840.638598475,502818.675232824,292.759926162573,292.770449938759,292.508943706647
84300,76.8647399998846,-373031.425904211,875797.634796804,502766.208892592,292.07858422438,291.836268538504,291.996729194777
84400,76.9559199998843,-374018.143430258,876801.868363599,502783.724933341,292.413496202634,297.666509033069,288.667809735508
84500,77.047099999884,-375808.906421245,878638.518716442,502829.612295197,293.026019248438,300.671537731374,287.684818577107
84600,77.1382799998837,-371143.909964736,873954.756761154,502810.846796418,291.463984245841,286.021157479002,294.849648770195
84700,77.2294599998835,-372553.839731477,875374.732808876,502820.893077399,291.937546376147,301.918326335381,285.040411781344
84800,77.3206399998832,-382011.172002514,884753.44322941,502742.271226896,295.065347083345,291.8187015668,296.983889638471
84900,77.4118199998829,-363693.676617972,866527.081781844,502833.405163873,288.986854020959,291.283076792954,287.215216461277
85000,77.5029999998826,-380757.182241357,883564.340925835,502807.158684478,294.668781365961,298.207631907241,292.06399035397
85100,77.5941799998824,-359668.11656084,862543.277449581,502875.160888741,287.658254943999,302.986153817464,277.19994048257
85200,77.6853599998821,-373596.066437879,876344.119730571,502748.053292692,292.260836995355,286.142026718069,296.096493149383
85300,77.7765399998818,-385766.611749911,888564.298888909,502797.687138997,296.336267763518,306.814265741168,289.103988888616
85400,77.8677199998815,-363428.274383622,866283.311856408,502855.037472786,288.905556730501,296.717217711225,283.457028112744
85500,77.9588999998813,-354788.163787332,857654.407073663,502866.243286331,286.027816266021,280.120407797342,289.727732064918
85600,78.050079999881,-378036.52788834,880903.831504805,502867.303616465,293.781501252228,297.991454720665,290.730047688893
85700,78.1412599998807,-376223.365055846,878964.774095043,502741.409039197,293.134825444403,300.376668018999,288.062651373469
85800,78.2324399998804,-379121.02295689,881938.834500132,502817.811543242,294.126674837463,289.676551959107,296.848317860668
85900,78.3236199998802,-358476.714541643,861307.803277002,502831.088735359,287.246224204436,286.844116443527,287.274924191539
86000,78.4147999998799,-360427.209899095,863339.097989974,502911.888090879,287.923661160572,282.93225370769,291.011329744859
86100,78.5059799998796,-384003.46395604,886849.087399115,502845.623443075,295.764244588666,295.707639602847,295.555511042055
86200,78.5971599998793,-351014.973021019,853955.933192462,502940.960171444,284.79437491828,278.362611511218,288.844888543889
86300,78.688339999879,-375354.55746629,878169.701371395,502815.143905105,292.869668624777,297.257709925812,289.700249700232
86400,78.7795199998788,-346321.961361999,849273.698803799,502951.7374418,283.232849359279,285.985359121223,281.161815476849
86500,78.8706999998785,-365613.094007338,868378.076745318,502764.98273798,289.604160995604,289.370567865067,289.518552948467
86600,78.9618799998782,-383592.250227285,886409.67943502,502817.429207735,295.617701996005,299.239682476275,292.956700257494
86700,79.0530599998779,-373490.31012341,876281.197864522,502790.887741111,292.239852547781,281.311715520885,299.281744021921
86800,79.1442399998777,-356581.223603045,859454.089964577,502872.866361533,286.628010660189,295.456228057617,280.503675719687
86900,79.2354199998774,-354952.318527804,857851.048352103,502898.729824299,286.093396148775,282.850930807941,288.016628545874
87000,79.3265999998771,-376141.430224288,878972.710455591,502831.280231303,293.137472221308,289.643893740695,295.222243314865
87100,79.4177799998768,-359820.307645956,862642.887234919,502822.579588963,287.691474815714,282.750573064621,290.745666420764
87200,79.5089599998766,-380308.935125035,883024.894637862,502715.959512827,294.488875983946,303.154601493453,288.466318247622
87300,79.6001399998763,-370468.909855256,873284.066313214,502815.156457957,291.240308925534,287.087984292164,293.765825090345
87400,79.691319999876,-368739.882271015,871502.605566145,502762.72329513,290.646191617857,291.991655724268,289.507010387236
87500,79.7824999998757,-353260.938533738,856098.886685511,502837.948151772,285.50905008688,292.602056047615,280.542455237986
87600,79.8736799998755,-387534.307051953,890285.320830394,502751.013778441,296.910228724494,295.342467038869,297.707977990973
87700,79.9648599998752,-361460.733594585,864312.299523369,502851.565928785,288.2482239531,288.448681516149,287.87437872444
87800,80.0560399998749,-390835.256431154,893541.753927523,502706.497496369,297.996249433891,292.350944591257,301.511455787786
87900,80.1472199998746,-382996.279058124,885726.19922579,502729.920167666,295.389761289241,295.336117811787,295.179365473136
88000,80.2383999998744,-392570.403745601,895217.53022854,502647.12648294,298.555120969998,299.299400261733,297.810138841368
88100,80.3295799998741,-377937.197937564,880680.124443382,502742.926505817,293.706894928592,292.822529240554,294.051716308175
88200,80.4207599998738,-382426.88682447,885177.83094538,502750.94412091,295.206880422004,286.827372374685,300.547213386532
88300,80.5119399998735,-383570.802113157,886376.774636447,502805.97252329,295.606728242937,300.825139746265,291.881448300516
88400,80.6031199998733,-381446.8172981,884174.833032312,502728.015734212,294.872380534371,294.75915825548,294.702135069853
88500,80.694299999873,-383657.177567413,886410.914523856,502753.736956443,295.618113898235,302.023843054645,291.101279365713
88600,80.7854799998727,-373812.120188291,876529.705120517,502717.584932226,292.322729738375,279.169204190994,300.84814449518
88700,80.8766599998724,-402272.561720308,905023.632671169,502751.07095086,301.825456952199,308.032186392254,297.436116111369
88800,80.9678399998722,-387395.341278413,890116.933136431,502721.591858018,296.854071414518,302.418752057375,292.896905926434
88900,81.0590199998719,-378836.180388984,881657.268192356,502821.087803373,294.032772450344,293.841531018144,293.915239428102
89000,81.1501999998716,-349220.467136653,852104.600968993,502884.13383234,284.176955467398,284.869194221517,283.478648835095
89100,81.2413799998713,-371903.881487628,874753.922522167,502850.041034539,291.730506093769,294.974039486018,289.325041743859
89200,81.3325599998711,-374434.471008555,877262.095928656,502827.624920102,292.566982133952,297.251119026565,289.200418387098
89300,81.4237399998708,-371162.294340938,873885.799987101,502723.505646163,291.440987155945,291.40558378891,291.221721911339
89400,81.5149199998705,-368436.999301945,871233.436399947,502796.437098001,290.556423678488,293.086845618866,288.62734536517
89500,81.6060999998702,-368497.803318011,871345.960457999,502848.157139988,290.59395046123,298.306846487521,285.209858151651
89600,81.6972799998699,-363457.647418436,866319.219766057,502861.57234762,288.917532021363,276.656186352522,296.850997857238
89700,81.7884599998697,-377213.092982456,880088.312249147,502875.219266692,293.509525512472,308.057035044745,283.566594553031
89800,81.8796399998694,-372943.149412268,875770.24266399,502827.093251722,292.069448945803,291.581146496056,292.151592704846
89900,81.9708199998691,-376841.767865217,879640.813686936,502799.045821719,293.360284704664,292.418545336296,293.743644046324
90000,82.0619999998688,-389452.308942272,892227.976413962,502775.66747169,297.558104523583,304.183692535659,292.893080761763
90100,82.1531799998686,-377262.235669212,880047.263430545,502785.027761333,293.495835728046,303.664467994366,286.472167687393
90200,82.2443599998683,-397470.371312459,900237.913181395,502767.541868936,300.22941910335,295.36369691197,303.223042715017
90300,82.335539999868,-376595.48183403,879421.131628443,502825.649794414,293.287020719841,296.476002635473,290.916626925487
90400,82.4267199998677,-376085.505962453,878905.89215721,502820.386194756,293.115188313226,294.372630990126,292.032630538366
90500,82.5178999998675,-383197.576079952,885935.681739288,502738.105659336,295.459623724959,305.301081042616,288.652435826748
90600,82.6090799998672,-379766.690703255,882552.237374916,502785.546671661,294.331244747346,292.669653790725,295.19369601447
90700,82.7002599998669,-386664.466615505,889371.187895094,502706.721279589,296.605365314355,287.169292307316,302.648909514618
90800,82.7914399998666,-361730.252458902,864644.719032879,502914.466573977,288.359085887237,290.699759276281,286.558337722969
90900,82.8826199998664,-375578.122225266,878331.774250675,502753.652025409,292.92371994353,289.781924295074,294.774147275881
91000,82.9737999998661,-370330.986026344,873196.768996651,502865.782970307,291.211195263182,297.656125871345,286.671898861688
91100,83.0649799998658,-382766.528392247,885474.817455392,502708.289063145,295.305925447855,301.080117465673,291.210375831436
91200,83.1561599998655,-352002.504783271,854803.255110397,502800.750327126,285.076956848557,275.893478623571,290.961711534507
91300,83.2473399998653,-382775.607016975,885478.604708109,502702.997691134,295.307188496952,292.562480596229,296.890904440352
91400,83.338519999865,-365797.835633763,868637.296872204,502839.461238441,289.690610929533,293.044401524055,287.213341690745
91500,83.4296999998647,-371403.236713406,874154.418645298,502751.181931892,291.53057150085,292.145942197774,290.87738222665
91600,83.5208799998644,-391576.266258742,894432.741785172,502856.47552643,298.293393958704,300.695254784114,296.443575580129
91700,83.6120599998642,-406010.614095496,908769.727671186,502759.113575689,303.074779947035,308.073004192198,299.490068133637
91800,83.7032399998639,-367258.288395071,870087.796986097,502829.508591026,290.174352838451,298.366168584459,284.471330380415
91900,83.7944199998636,-370616.163530629,873378.225343671,502762.061813042,291.271710970042,293.490745256425,289.549628353311
92000,83.8855999998633,-376336.548680408,879124.694485854,502788.145805446,293.188158908072,291.152282476923,294.301086396416
92100,83.9767799998631,-397226.085732591,899930.098081351,502704.01234876,300.126762741821,307.860608144477,294.720760171098
92200,84.0679599998628,-373426.351993959,876212.24386626,502785.891872301,292.216856383612,289.143685891329,294.022122664813
92300,84.1591399998625,-363643.867363485,866459.83468011,502815.967316625,288.964427106923,291.559944399486,286.993278555959
92400,84.2503199998622,-354474.990505778,857282.128913795,502807.138408016,285.903661468666,293.649016179907,280.501838609949
92500,84.341499999862,-384379.357426775,887136.421492955,502757.06406618,295.860070532918,298.289897525019,293.993635812741
92600,84.4326799998617,-393566.905437261,896289.746598685,502722.841161423,298.912705218838,291.14956951602,303.839035099699
92700,84.5238599998614,-377721.138314696,880437.862212105,502716.723897409,293.626100454262,297.289760100345,290.938972273162
92800,84.6150399998611,-361987.629164936,864740.126813085,502752.497648149,288.39090438989,283.919346858545,291.131616990462
92900,84.7062199998608,-366787.552888413,869572.317093116,502784.764204703,290.002440251164,309.23198257109,276.941076671003
93000,84.7973999998606,-376411.285898123,879186.983902448,502775.698004325,293.208932433699,293.056414735926,293.066270121854
93100,84.8885799998603,-396983.412931056,899717.645795794,502734.232864738,300.055909886875,311.684021180652,292.053789099452
93200,84.97975999986,-396625.997090223,899317.524528132,502691.527437908,299.922469410749,309.712141938942,293.146085667446
93300,85.0709399998597,-396852.263033398,899587.639793956,502735.376760558,300.012552874423,293.480282566809,304.117389285437
93400,85.1621199998595,-388345.133697543,891054.17755675,502709.043859207,297.166642506837,307.176448603286,290.245799573781
93500,85.2532999998592,-380630.910157224,883434.147395978,502803.237238753,294.625361812899,295.290751421929,293.936247605368
93600,85.3444799998589,-390967.589092914,893655.653085436,502688.063992523,298.034234812552,301.18028513481,295.688506068702
93700,85.4356599998586,-397122.962890477,899935.593601298,502812.630710821,300.128595498182,303.311123315471,297.75680312374
93800,85.5268399998584,-395309.322352258,897994.906507514,502685.584155256,299.4813761906,289.287001831901,306.028057949574
93900,85.6180199998581,-371008.026094253,873762.314524345,502754.288430092,291.39980474382,293.50239392745,289.75524545078
94000,85.7091999998578,-385928.220666144,888523.796999852,502595.576333708,296.322760380141,290.772130862504,299.776244424915
94100,85.8003799998575,-377333.875485454,880079.746589772,502745.871104317,293.506668864356,294.837585140528,292.374802456188
94200,85.8915599998573,-387959.04562352,890697.357030697,502738.311407177,297.047642831648,287.228954282585,303.345895495331
94300,85.982739999857,-355503.381481524,858375.293689091,502871.912207567,286.26823201237,280.672175639944,289.760379400643
94400,86.0739199998567,-372996.337793656,875732.297498091,502735.959704435,292.056794229812,292.368504050331,291.60560702094
94500,86.1650999998564,-366799.996485056,869592.697357437,502792.700872381,290.009237071015,283.47189537821,294.125790501992
94600,86.2562799998562,-386402.275750964,889092.845453545,502690.56970258,296.512538086892,299.689267089854,294.147624969844
94700,86.3474599998559,-361466.477845987,864289.235029645,502822.757183658,288.240531942519,283.964838537504,290.850793769244
94800,86.4386399998556,-374974.460711403,877701.289030256,502726.828318853,292.713453069954,296.211880581115,290.137240184955
94900,86.5298199998553,-359478.742232241,862299.079544557,502820.337312316,287.576814922313,288.591143668872,286.660948412172
95000,86.6209999998551,-386400.643856648,889149.911070646,502749.267213999,296.531569474953,299.361102878753,294.39810423119
95100,86.7121799998548,-369651.302038967,872480.163171802,502828.861132835,290.972207160848,290.870016538032,290.797857403423
95200,86.8033599998545,-358366.803576152,861156.954704974,502790.151128822,287.195916193088,290.832172650435,284.532415291363
95300,86.8945399998542,-363943.453814253,866742.506035755,502799.052221503,289.058698027599,287.004585133318,290.18722437543
95400,86.985719999854,-389330.014264187,892053.599121553,502723.584857365,297.499949682025,301.935432981073,294.295044191259
95500,87.0768999998537,-377509.585910066,880248.139695208,502738.553785141,293.562827979059,296.341946598604,291.465446542713
95600,87.1680799998534,-379765.895226433,882630.662457819,502864.767231386,294.357399519032,291.964867593197,295.70712296999
95700,87.2592599998531,-383899.567733592,886712.995029127,502813.427295535,295.718857771928,294.238275220384,296.459480424815
95800,87.3504399998529,-374040.129666904,876861.603685435,502821.474018531,292.433417937447,294.763472589005,290.636353654795
95900,87.4416199998526,-402176.801830907,904908.369764374,502731.567933467,301.787016763173,301.100282269865,301.993350578075
96000,87.5327999998523,-394473.597442589,897229.567149185,502755.969706597,299.226135450787,300.167260290758,298.34936377793
96100,87.623979999852,-369263.354704945,872084.792728558,502821.438023613,290.840351085062,301.522777138195,283.476366757068
96200,87.7151599998517,-383809.970411807,886618.072060989,502808.101649182,295.68720095414,301.521168214897,291.551483446175
96300,87.8063399998515,-374349.316387273,877166.755923604,502817.43953633,292.535186234318,297.349905045926,289.081594371385
96400,87.8975199998512,-367822.006139303,870675.249044787,502853.242905484,290.370268149004,290.992066400457,289.71376075791
96500,87.9886999998509,-384416.703079883,887198.636290582,502781.933210699,295.880819173114,302.580131034535,291.168043916189
96600,88.0798799998506,-369624.426507421,872432.820350749,502808.393843328,290.956418326079,296.564458779469,286.975261008549
96700,88.1710599998504,-384710.165856346,887405.369298674,502695.203442328,295.949764648549,308.821416366385,287.12203869945
96800,88.2622399998501,-378616.049903317,881365.440045479,502749.390142163,293.935447739029,302.004460231692,288.311159870806
96900,88.3534199998498,-387318.511703504,890108.567619117,502790.055915613,296.851281513796,297.90983648321,295.898202132926
97000,88.4445999998495,-361096.375312311,863998.118781908,502901.743469597,288.143444649627,295.433152004093,283.043520209443
97100,88.5357799998493,-371644.623795331,874523.585138971,502878.96134364,291.653688557269,284.467950513459,296.201135846011
97200,88.626959999849,-361400.166927426,864283.912652231,502883.745724805,288.238756929208,300.198701669244,280.025261471743
97300,88.7181399998487,-395019.455126802,897733.006581105,502713.551454304,299.394032543307,308.557557516776,293.035520867206
97400,88.8093199998484,-383582.350084679,886323.661955903,502741.311871224,295.589015159548,299.710139801049,292.595274552581
97500,88.9004999998482,-372290.458385886,875077.668215087,502787.209829201,291.83847530935,301.541788049164,285.12640142005
97600,88.9916799998479,-378672.795784801,881481.388537516,502808.592752715,293.974116570791,297.374138420147,291.462456907412
97700,89.0828599998476,-387362.531175365,890249.499783928,502886.968608563,296.898282402511,303.554242172748,292.213560653684
97800,89.1740399998473,-383651.412068824,886493.139464861,502841.727396038,295.645535922915,290.618671620039,298.750407511564
97900,89.2652199998471,-375358.821497046,878222.586167337,502863.764670291,292.887305708633,301.22903401844,287.082080747339
98000,89.3563999998468,-375844.693594934,878616.498300606,502771.804705671,293.018675437921,287.708620590547,296.314529773306
98100,89.4475799998465,-382813.863557389,885565.949730256,502752.086172867,295.33631806912,293.775290805809,296.130889312936
98200,89.5387599998462,-384733.866732627,887484.008248181,502750.141515553,295.975990744766,298.782653055314,293.85823587878
98300,89.629939999846,-377671.279754701,880498.274281885,502826.994527184,293.646247884571,292.021885740597,294.484450773981
98400,89.7211199998457,-373015.472791425,875885.009719486,502869.536928061,292.10772376838,300.111147718868,286.528684698247
98500,89.8122999998454,-363196.366694076,866091.827682472,502895.460988397,288.841696742529,296.161570579706,283.721079437126
98600,89.9034799998451,-389208.88136793,891992.579144671,502783.697776741,297.479599514648,283.667868837102,306.439520300082
98700,89.9946599998449,-380085.288381961,882883.620036327,502798.331654366,294.441760892555,289.57236995909,297.442653380788
98800,90.0858399998446,-384313.710457382,887039.35679316,502725.646335778,295.827699447444,291.047941066764,298.767681951691
98900,90.1770199998443,-376380.741404905,879229.882143673,502849.140738768,293.223239000725,313.188944012114,279.668416293965
99000,90.268199999844,-384499.693285091,887275.551814172,502775.858529081,295.906470506644,292.595127502825,297.867443783767
99100,90.3593799998438,-377011.308089672,879915.120835721,502903.812746049,293.451766161654,294.001058179181,292.841028344836
99200,90.4505599998435,-389391.837839113,892171.409409158,502779.571570044,297.539239422764,301.07431689524,294.934571741594
99300,90.5417399998432,-369531.637821269,872373.77286132,502842.135040051,290.936725983432,302.127910670419,283.233488920455
99400,90.6329199998429,-377826.316118136,880566.787225149,502740.471107012,293.669096956861,296.102858284439,291.801865157679
99500,90.7240999998427,-383059.079763182,885812.357737431,502753.277974249,295.418495160057,287.3645408644,300.541615944527
99600,90.8152799998424,-377415.001975335,880217.614414884,502802.612439549,293.552647795526,299.571296080512,289.295588399038
99700,90.9064599998421,-389715.094697711,892490.015896128,502774.921198417,297.645494712732,294.947184165853,299.196330498391
99800,90.9976399998418,-358110.077645056,861000.13132664,502890.053681584,287.143615583338,284.561330141481,288.625852864924
99900,91.0888199998415,-374817.971746779,877594.667156798,502776.695410019,292.677894666266,291.762184266428,293.044470020603
100000,91.1799999998413,-372404.741285394,875190.792948731,502786.051663337,291.876202417452,300.888773444804,285.624591563871
100100,91.271179999841,-391486.244497058,894186.614154566,502700.369657508,298.211310373375,301.910974562504,295.496358155311
100200,91.3623599998407,-360869.982613288,863654.550453124,502784.567839837,288.028864583333,280.874841461461,292.558189277428
100300,91.4535399998404,-385444.65334201,888245.502986247,502800.849644237,296.229949303401,298.621762867524,294.388548636233
100400,91.5447199998402,-376416.094074318,879233.850742397,502817.756668079,293.22456252873,300.644666897998,288.033472480444
100500,91.6358999998399,-377732.673886868,880514.985798899,502782.31191203,293.651821176888,287.802144958806,297.306895471297
100600,91.7270799998396,-383923.201601572,886656.374135447,502733.172533874,295.699974699165,289.424693080868,299.637079132448
100700,91.8182599998393,-386906.801133781,889640.918954146,502734.117820365,296.695320645038,294.749406850071,297.745350407812
100800,91.9094399998391,-379993.158498336,882691.44932936,502698.290831024,294.37767194576,291.085674518907,296.327022170372
100900,92.0006199998388,-395361.203499251,898153.573398162,502792.36989891,299.53429161186,306.180675592608,294.853757048351
101000,92.0917999998385,-373859.203397996,876606.018111008,502746.814713012,292.348180127066,302.577045503925,285.285313059055
101100,92.1829799998382,-377234.959836593,880037.168880377,502802.209043784,293.492469194723,293.59430306187,293.180002892296
101200,92.274159999838,-381312.04229395,884043.515942058,502731.473648108,294.828586273823,304.292283754986,288.273764131154
101300,92.3653399998377,-387427.425670091,890194.935093126,502767.509423034,296.880085073579,295.159160917392,297.779967773475
101400,92.4565199998374,-396085.976929676,898822.897839568,502736.920909892,299.757511368874,303.530249733334,296.992554533092
101500,92.5476999998371,-390569.151610169,893306.54468704,502737.393076871,297.91780713258,295.378206600071,299.362609314975
101600,92.6388799998369,-393181.918950853,895943.571611645,502761.652660792,298.797255831798,295.696758965993,300.615256029141
101700,92.7300599998366,-370893.63165929,873703.71872793,502810.087068639,291.38026304083,290.88816765549,291.465509745189
101800,92.8212399998363,-370848.406960039,873655.563068824,502807.156108785,291.364203124503,278.51919240027,299.684740104722
101900,92.912419999836,-388584.728520083,891307.686279281,502722.957759198,297.251187686937,313.101317555024,286.436725118474
102000,93.0035999998358,-389322.038518126,892043.495252665,502721.45673454,297.496580040909,300.893242473412,294.984224602539
102100,93.0947799998355,-376686.985464707,879471.343017718,502784.357553011,293.303766222351,295.738643398979,291.43609496608
102200,93.1859599998352,-350074.311529865,852952.268999886,502877.957470021,284.459652826375,280.67606457271,286.744995284797
102300,93.2771399998349,-364989.331956903,867823.947646299,502834.615689396,289.41935889488,287.180424355889,290.670799121795
102400,93.3683199998347,-348390.053549561,851258.606460406,502868.552910845,283.89481622825,284.199460542639,283.455141005134
102500,93.4594999998344,-370341.514449538,873093.235371535,502751.720921997,291.176666790574,291.267391372435,290.873536513674
102600,93.5506799998341,-352262.632040967,855071.251412013,502808.619371046,285.16633363749,281.212216399538,287.56477318476
102700,93.6418599998338,-372788.668070101,875588.766515613,502800.098445512,292.008926635189,285.041582915834,296.410481675897
102800,93.7330399998336,-372398.693971112,875198.136330129,502799.442359017,291.878651435761,288.519520297421,293.874839985124
102900,93.8242199998333,-366545.472134124,869440.597779731,502895.125645607,289.958511849168,286.510290366805,292.015694077537
103000,93.915399999833,-380024.050821383,882837.507846591,502813.457025208,294.426382473434,291.689611628043,296.005541051634
103100,94.0065799998327,-363039.943106408,865919.032366961,502879.089260553,288.784069490399,285.713100277975,290.590728907439
103200,94.0977599998324,-393319.732790509,896040.712784553,502720.979994044,298.829652421061,297.164881811026,299.690474784068
103300,94.1889399998322,-380617.711858002,883382.571557135,502764.859699133,294.608161266345,302.350133621396,289.201339561923
103400,94.2801199998319,-376408.959895751,879152.189059832,502743.229164081,293.197328350786,303.28934578333,286.224985622132
103500,94.3712999998316,-355097.559908995,857993.496693095,502895.9367841,286.140902682373,288.099148546788,284.596954687195
103600,94.4624799998313,-376460.282067961,879298.421564099,502838.139496138,293.246096903151,299.861151911871,288.591688483252
103700,94.5536599998311,-364514.287515192,867362.462816709,502848.175301517,289.265453665736,293.561818266395,286.160156053908
103800,94.6448399998308,-382963.262118098,885700.585118481,502737.323000383,295.381218982318,284.238023771784,302.563864773523
103900,94.7360199998305,-361142.18736558,863922.338435683,502780.151070104,288.118171897843,294.279750652157,283.770354251719
104000,94.8271999998302,-374223.378286961,876966.949645744,502743.571358783,292.468550823993,286.349962854678,296.30388567785
104100,94.91837999983,-386223.979811564,888970.91133356,502746.931521996,296.471873047711,291.694723993939,299.409579189352
104200,95.0095599998297,-382996.399691877,885743.42740131,502747.027709433,295.395506887214,299.788414487544,292.220738897921
104300,95.1007399998294,-403856.992714288,906590.235488741,502733.242774453,302.347919122475,290.469263034337,310.015066581964
104400,95.1919199998291,-393922.285921209,896614.243335244,502691.957414034,299.020924907535,289.264368472658,305.27611176003
104500,95.2830999998289,-374570.21205434,877305.477699921,502735.265645581,292.581449958286,287.899323179485,295.459049935855
104600,95.3742799998286,-384266.11327035,886949.561675314,502683.448404964,295.797752768156,289.529247868812,299.730257907079
104700,95.4654599998283,-384646.731687796,887411.018233409,502764.286545613,295.951648568754,299.871690154052,293.091661138081
104800,95.556639999828,-378878.199755167,881546.822087761,502668.622332594,293.995938665253,288.555113368118,297.378158914454
104900,95.6478199998278,-369358.473065225,872154.216483856,502795.743418632,290.863503913242,292.230647110721,289.709688861662
105000,95.7389999998275,-378972.112560497,881691.033995606,502718.921435109,294.044033348543,293.750709233441,293.994546064155
105100,95.8301799998272,-390864.150116978,893583.497327483,502719.347210505,298.010170861258,301.539876037256,295.408692268209
105200,95.9213599998269,-377148.363070445,879807.547658347,502659.184587902,293.415890498031,290.380279048852,295.19511822207
105300,96.0125399998267,-390842.236843424,893570.319352653,502728.082509229,298.005776005554,294.603753015552,300.02545318555
105400,96.1037199998264,-381694.119519275,884443.636070222,502749.516550948,294.962026369926,291.211201790007,297.21677440123
105500,96.1948999998261,-360852.694232858,863669.287526715,502816.593293857,288.033779398604,287.676560013913,288.031897505565
105600,96.2860799998258,-385974.689635024,888720.249278887,502745.559643864,296.388277231578,296.189127231413,296.274053667328
105700,96.3772599998256,-396078.174744366,898747.388440656,502669.21369629,299.732328978041,303.072100271781,297.256037841398
105800,96.4684399998253,-366409.331674643,869134.25685502,502724.925180377,289.856347125236,289.546797129852,289.821166832887
105900,96.559619999825,-371306.166074605,874032.295579715,502726.12950511,291.489843448296,297.119551640804,287.493796450416
106000,96.6507999998247,-378175.296022557,881039.561132943,502864.265110386,293.826767094528,300.590542630433,289.072727764679
106100,96.7419799998245,-380393.101516351,883193.808768747,502800.707252396,294.545208860679,292.173586718323,295.880835948201
106200,96.8331599998242,-361329.046940682,864222.194461784,502893.147521103,288.218173907549,288.389154813855,287.864004825088
106300,96.9243399998239,-373125.257110219,875911.552765382,502786.295655163,292.116575876399,296.844385166601,288.721272536367
106400,97.0155199998236,-363021.407855044,865830.825669693,502809.417814649,288.754652549506,285.428833120217,290.731236625241
106500,97.1066999998233,-365608.541019394,868371.364431689,502762.823412294,289.601922438449,291.319859495704,288.21529613158
106600,97.1978799998231,-389476.513958926,892252.164370978,502775.650412053,297.566171209264,288.121672560076,303.614531832715
106700,97.2890599998228,-367032.508041468,869878.083070333,502845.575028864,290.104413230059,286.690960068392,292.138294993479
106800,97.3802399998225,-382564.403624191,885418.399608606,502853.995984414,295.287110091248,307.221954771419,287.084474379391
106900,97.4714199998222,-386544.475752741,889440.554941403,502896.079188661,296.628499230083,292.426572178962,299.182593514806
107000,97.562599999822,-370352.672840512,873148.832511636,502796.159671124,291.195208441433,296.182257835524,287.62784617167
107100,97.6537799998217,-385758.862234314,888537.967268851,502779.105034537,296.327486166033,291.388573193168,299.373155242805
107200,97.7449599998214,-379344.691235519,882027.698479581,502683.007244062,294.156310982018,295.642353751588,292.920485543154
107300,97.8361399998211,-361943.563534784,864782.728099552,502839.164564768,288.405111922479,294.70092358543,283.967566553909
107400,97.9273199998209,-375833.7951278,878650.835967425,502817.040839625,293.030127052668,294.690707255637,291.678881811476
107500,98.0184999998206,-368105.469740933,870944.679977117,502839.210236184,290.4601233874,292.615146974688,288.781390893051
107600,98.1096799998203,-346344.528905356,849213.204520245,502868.675614889,283.21267451067,290.406620456377,278.180699984774
107700,98.20085999982,-358467.925690839,861299.070459088,502831.144768249,287.243311808934,279.045222424292,292.469335305521
107800,98.2920399998198,-378844.861125856,881656.291158475,502811.43003262,294.032446609463,289.212362198973,297.000809177617
107900,98.3832199998195,-389146.062718928,891890.915291946,502744.852573018,297.445694611288,295.84959593785,298.261888981402
108000,98.4743999998192,-370897.08888204,873722.438685607,502825.349803568,291.386506148277,284.215894100181,295.924092091883
108100,98.5655799998189,-381123.727247874,883922.549633503,502798.822385629,294.788243999834,293.366088652789,295.49069069453
108200,98.6567599998187,-377920.421275847,880789.214489315,502868.793213467,293.743276468006,293.988242183167,293.335179927507
108300,98.7479399998184,-375227.543234537,878045.990513607,502818.447279069,292.828411043391,294.148578031718,291.704276041969
108400,98.8391199998181,-370118.090742035,872958.265798349,502840.175056315,291.131654426663,287.101721947537,293.575666367392
108500,98.9302999998178,-386017.844708805,888751.154737052,502733.310028247,296.398584204453,308.103718988885,288.348162194661
108600,99.0214799998176,-378114.518171715,880889.950250843,502775.432079128,293.776871852874,302.423067203363,287.767927559338
108700,99.1126599998173,-399060.187030948,901754.432444991,502694.245414042,300.735178404199,290.522355411668,307.293114417215
108800,99.203839999817,-367109.122842338,869997.083727406,502887.960885068,290.144099959115,297.246006194083,285.167709052503
108900,99.2950199998167,-384479.712536779,887281.653150292,502801.940613513,295.908505302749,287.164001228201,301.491584264695
109000,99.3861999998165,-370875.410749725,873775.571434571,502900.160684845,291.404225924486,300.081742331043,285.376378131844
109100,99.4773799998162,-393070.528859157,895829.402987573,502758.874128416,298.759180586151,306.531497079267,293.328670273585
109200,99.5685599998159,-379353.528481544,882133.786390044,502780.2579085,294.191691309002,290.746591181093,296.243264984851
109300,99.6597399998156,-366167.188342576,868912.583174877,502745.394832301,289.782418934426,293.623076400924,286.980495274316
109400,99.7509199998154,-378111.61016921,880899.648595685,502788.038426475,293.780106251687,296.723253682435,291.573191209313
109500,99.8420999998151,-371916.406220649,874748.84548045,502832.439259801,291.728812899933,293.749333353623,290.138691920057
109600,99.9332799998148,-357918.744053015,860744.362111442,502825.618058426,287.058316528745,291.582282540717,283.803123923656
109700,100.024459999815,-366644.740783654,869467.22757184,502822.486788187,289.967392887057,283.482475182433,294.049031862734
109800,100.115639999814,-367053.237658883,869845.950897456,502792.713238573,290.093697147726,292.532036443058,288.226392869881
109900,100.206819999814,-381815.101627248,884644.475351915,502829.373724667,295.029006287115,303.346494059341,289.238156933725
110000,100.297999999814,-374358.701769123,877103.476974417,502744.775205295,292.514082699489,292.981672751427,291.958594262613
110100,100.389179999813,-352221.080391549,855033.076346534,502811.995954985,285.15360224997,288.144491169122,282.922048301993
110200,100.480359999813,-374018.760713695,876798.385610486,502779.624896791,292.412334704181,297.854154538038,288.540777869356
110300,100.571539999813,-366842.650461681,869669.660363294,502827.009901612,290.034904239884,295.440162600488,286.189702912616
110400,100.662719999813,-380224.440305023,882997.40146579,502772.961160767,294.479707008768,292.099439574291,295.821152209245
110500,100.753899999812,-370922.742204872,873631.985382947,502709.243178074,291.356339964298,287.652094625289,293.583039907
110600,100.845079999812,-386848.189400166,889571.327636693,502723.138236527,296.672111934865,302.852757611859,292.30445472359
110700,100.936259999812,-376421.647634118,879211.743800473,502790.096166355,293.217189861755,292.074944914647,293.734338834941
110800,101.027439999811,-374984.501173631,877826.879945118,502842.378771487,292.755337650531,296.326747856548,290.130434731812
110900,101.118619999811,-369741.32446725,872605.50036657,502864.175899319,291.014007125753,285.68398493101,294.324843582976
111000,101.209799999811,-385123.953540602,887849.725039372,502725.77149877,296.09795732512,291.442715445128,298.95470361401
111100,101.300979999811,-379002.835085906,881805.649465693,502802.814379787,294.082257617373,284.252703107958,300.390225408968
111200,101.39215999981,-382006.175534056,884735.92856002,502729.753025963,295.059505939643,293.546925138311,295.822010218915
111300,101.48333999981,-364111.391527096,866957.407102511,502846.015575414,289.130367551279,272.599655798247,299.909900080341
111400,101.57451999981,-379247.241695173,881959.922216138,502712.680520965,294.133707592509,291.063532394182,295.935379635066
111500,101.66569999981,-368703.563380965,871610.768752031,502907.205371066,290.682264049368,298.601763237141,285.160362704144
111600,101.756879999809,-372094.904272163,874885.056586398,502790.152314235,291.774239315123,294.289391546814,289.854325961233
111700,101.848059999809,-341929.202603271,844872.33075914,502943.128155869,281.764992749421,284.305204235731,279.83671426459
111800,101.939239999809,-387978.416689505,890617.5102044,502639.093514894,297.021013908421,285.446963439884,304.489530042521
111900,102.030419999808,-368026.448306782,870838.285456423,502811.837149641,290.424640805877,292.055869491962,289.09513448115
112000,102.121599999808,-373549.557771841,876259.727872901,502710.17010106,292.232692303786,282.05173694741,298.776468631115
112100,102.212779999808,-356953.271638112,859849.78329132,502896.511653207,286.759974417649,274.531652511029,294.673222376714
112200,102.303959999808,-373310.317027493,876107.081747453,502796.76471996,292.181784808222,293.979631411366,290.739735585451
112300,102.395139999807,-379618.977195494,882411.965693763,502792.988498268,294.284464129986,303.76946802274,287.715891148041
112400,102.486319999807,-381239.785492829,883970.524362868,502730.738870039,294.804243576077,295.014679700035,294.418282623791
112500,102.577499999807,-381081.008529468,883814.557057892,502733.548528424,294.752228466864,300.661304562189,290.567217546259
112600,102.668679999807,-370574.324161512,873320.829657771,502746.505496259,291.252569504009,291.668808949932,290.732366065474
112700,102.759859999806,-378502.309254874,881230.794678169,502728.485423295,293.890543497805,293.668263903647,293.793821107662
112800,102.851039999806,-361270.313178025,864101.702569824,502831.389391799,288.177989851534,288.009947177441,288.049869976052
112900,102.942219999806,-377228.856926061,880023.071202345,502794.214276285,293.487767617924,296.12370562525,291.485902473358
113000,103.033399999805,-373396.939874474,876234.539916583,502837.600042109,292.224292118253,289.553925100159,293.76101655355
113100,103.124579999805,-383617.066561888,886362.956266262,502745.889704374,295.602119815328,289.917266914728,299.145686649216
113200,103.215759999805,-380332.683769963,883049.872912828,502717.189142864,294.49720624073,292.673859963363,295.467356087106
113300,103.306939999805,-372422.035000393,875130.179808313,502708.14480792,291.855987930069,282.671126537221,297.73601553536
113400,103.398119999804,-369310.07978719,872061.798877831,502751.719090641,290.832682633927,290.526092769569,290.794715307971
113500,103.489299999804,-373757.881429021,876583.870113007,502825.988683986,292.340793767886,296.177874946364,289.53912232076
113600,103.580479999804,-384503.223373768,887292.719312932,502789.495939164,295.912195868912,278.745322478092,307.110184632901
113700,103.671659999803,-372780.5103955,875594.285061562,502813.774666062,292.010767070723,290.01212928229,293.099849957118
113800,103.762839999803,-369442.469429945,872180.89051181,502738.421081865,290.872399703788,286.074681720123,293.828484693146
113900,103.854019999803,-389515.71781176,892278.130692328,502762.412880569,297.574830979599,293.750092132933,299.87667785156
114000,103.945199999803,-389783.238443744,892557.541401605,502774.302957861,297.668014474439,303.816974312734,293.320651236846
114100,104.036379999802,-366063.229980817,868873.225668255,502809.995687438,289.769293202686,287.427384870377,291.089091013224
114200,104.127559999802,-370624.617139204,873409.64259581,502785.025456606,291.28218862625,291.106377970555,291.156660572858
114300,104.218739999802,-369944.991152907,872754.653148777,502809.661995869,291.063749591054,288.398464923158,292.598052911659
114400,104.309919999802,-384601.634678029,887385.734586854,502784.099908825,295.94321647052,305.788729875102,289.132921520407
114500,104.401099999801,-376942.898340752,879741.685495432,502798.78715468,293.393925461208,298.341413019889,289.851105484202
114600,104.492279999801,-371035.482703126,873847.864293269,502812.381590142,291.428335598889,294.207020244852,289.333022221914
114700,104.583459999801,-367496.0289635,870353.745486963,502857.716523463,290.263046685664,294.78243048696,287.008238279229
114800,104.6746399998,-354457.056540709,857324.025624464,502866.969083754,285.917634025167,288.53631520327,283.933581878077
114900,104.7658199998,-366439.58312412,869254.774181671,502815.19105755,289.896539663722,296.265361304169,285.40907812037
115000,104.8569999998,-359960.586264521,862790.414379947,502829.828115426,287.740675130881,287.959532126628,287.354986571108
115100,104.9481799998,-399311.506858313,902010.889649876,502699.382791563,300.82070690341,308.562317028585,295.408949564208
115200,105.039359999799,-387295.078269356,890112.60005592,502817.521786564,296.852626331806,296.842734593419,296.611843635455
115300,105.130539999799,-381877.14708177,884662.88026236,502785.73318059,295.035144326283,282.718587085157,303.000319866762
115400,105.221719999799,-343674.573930542,846581.329913709,502906.755983167,282.334944109958,287.764436529985,278.480003376514
115500,105.312899999799,-369637.165550887,872407.614895333,502770.449344446,290.948012304597,295.365924196854,287.760281032838
115600,105.404079999798,-366599.720800142,869466.450662445,502866.729862304,289.967133787709,287.719243188531,291.224088242338
115700,105.495259999798,-383888.614619254,886590.332669599,502701.718050345,295.677949864799,297.94254786757,293.921819571397
115800,105.586439999798,-383681.921567952,886442.997131311,502761.075563359,295.628813450496,297.623895617973,294.052401327636
115900,105.677619999797,-382851.868883865,885565.504439865,502713.635555999,295.336169564737,304.359477056397,289.074517762326
116000,105.768799999797,-358435.958726865,861253.727415066,502817.7686882,287.228189899972,289.179943065011,285.687664298362
116100,105.859979999797,-351528.02129867,854412.075391539,502884.054092869,284.946498379703,290.741999537791,280.845375525661
116200,105.951159999797,-366365.922298533,869247.511433041,502881.589134508,289.894117536449,288.412549069914,290.64025141619
116300,106.042339999796,-375685.17616409,878506.643800294,502821.467636204,292.982038952908,297.419928586743,289.779294164556
116400,106.133519999796,-357940.461646074,860715.659961793,502775.198315719,287.048744359444,293.614824977895,282.432149993511
116500,106.224699999796,-371957.739063329,874683.699512654,502725.960449326,291.707086714242,302.034065913338,284.579344675916
116600,106.315879999795,-361146.669893937,863980.122618921,502833.452724984,288.137442927771,291.983421061318,285.333342969635
116700,106.407059999795,-383043.468066898,885791.046284658,502747.57821776,295.41138778878,307.711786379939,286.96494590485
116800,106.498239999795,-366693.238353686,869602.954373382,502909.716019696,290.012657786687,292.782446210483,287.924454956001
116900,106.589419999795,-350811.866214683,853623.971833058,502812.105618375,284.683665777241,279.344854555738,288.005636870096
117000,106.680599999794,-366127.388202919,868970.215851739,502842.82764882,289.801639436965,295.434971053945,285.804583659446
117100,106.771779999794,-391824.068991711,894566.943314452,502742.874322741,298.338150179907,305.502289718979,293.313442028709
117200,106.862959999794,-389291.650187221,892010.253126482,502718.602939262,297.485493789055,307.883006122608,290.305914321863
117300,106.954139999794,-372332.72192401,875094.303515745,502761.581591735,291.844023183507,283.872330561838,296.915281578633
117400,107.045319999793,-368620.616820931,871437.205064145,502816.588243214,290.624380544987,296.327976889518,286.579795998181
117500,107.136499999793,-383892.601733926,886720.310448804,502827.708714878,295.721297465001,307.478571153443,287.636680591486
117600,107.227679999793,-375764.881252063,878635.43381045,502870.552558387,293.024990432033,287.183523253731,296.675114392207
117700,107.318859999792,-373232.925305213,876098.322472999,502865.397167786,292.178863589461,292.50183291918,291.720068316658
117800,107.410039999792,-373427.093454107,876199.770593241,502772.677139134,292.21269654602,292.791099031079,291.583584308858
117900,107.501219999792,-389194.510546562,891936.940757773,502742.430211211,297.461044107978,309.263634704087,289.344766173816
118000,107.592399999792,-376339.993066341,879063.470088415,502723.477022074,293.167740566422,304.046560283942,285.670887637602
118100,107.683579999791,-378927.092766394,881730.527195841,502803.434429447,294.057204334114,289.651018080099,296.749614166513
118200,107.774759999791,-378935.248593837,881845.356220866,502910.10762703,294.095499823534,297.127074647601,291.829370357636
118300,107.865939999791,-375301.216518269,878190.889629266,502889.673110996,292.876734910544,297.835730709865,289.326673765238
118400,107.957119999791,-354461.164219635,857338.788862667,502877.624643032,285.922557566339,282.127712131048,288.214185725227
118500,108.04829999979,-376509.345889924,879290.835748359,502781.489858435,293.243567032969,287.458125202734,296.856158613931
118600,108.13947999979,-380769.266650504,883553.821595466,502784.554944962,294.665273168406,304.52925941599,287.843727942376
118700,108.23065999979,-364553.77573907,867333.27635298,502779.500613911,289.255719977649,301.478536115153,280.866129452666
118800,108.321839999789,-369714.78098886,872521.281439709,502806.500450849,290.985920106623,293.201080207156,289.266658439515
118900,108.413019999789,-372522.528586896,875437.021661287,502914.493074391,291.958319713619,306.226650653502,282.202800487271
119000,108.504199999789,-364942.691651356,867778.35978336,502835.668132004,289.404155338789,284.767900188679,292.253821976081
119100,108.595379999789,-365484.977971488,868343.672160448,502858.69418896,289.592687063681,288.945739779578,289.782658013862
119200,108.686559999788,-382827.589040302,885598.781292695,502771.192252393,295.347267397931,295.630914605936,294.912046536429
119300,108.777739999788,-375355.816958353,878108.471464096,502752.654505742,292.849248445588,286.395842175078,296.907478252223
119400,108.868919999788,-379807.90593883,882601.502567516,502793.596628687,294.347674693185,290.547922832552,296.635552871364
119500,108.960099999788,-365626.459535928,868458.82350712,502832.363971193,289.631090047397,282.838863546166,293.917881806513
119600,109.051279999787,-379527.556623771,882394.872075734,502867.315451964,294.278763406948,286.649241468349,299.119879063174
119700,109.142459999787,-355121.039665988,857986.906015536,502865.866349549,286.138704690858,292.620727564141,281.578907188093
119800,109.233639999787,-380821.568788064,883581.219693891,502759.650905827,294.674410436515,293.984882527638,294.888533700403
119900,109.324819999786,-374864.884532552,877622.682240225,502757.797707673,292.687237698924,286.526948104858,296.550191396885
120000,109.415999999786,-391843.710448656,894551.231163772,502707.520715116,298.332910176346,285.787212593192,306.448097806634
120100,109.507179999786,-379127.945650747,881831.420305301,502703.474654555,294.090852194531,305.230842562725,286.419116238905
120200,109.598359999786,-393035.557857538,895828.96860552,502793.410747983,298.7590357197,295.157692389353,300.910965410164
120300,109.689539999785,-369220.208007508,872046.045628548,502825.837621041,290.827428923978,288.68246379854,292.0150494835
120400,109.780719999785,-379092.497770434,881900.495709919,502807.997939485,294.11388884773,300.336077179156,289.720668386075
120500,109.871899999785,-386958.386898646,889671.18276285,502712.795864204,296.705413627764,296.517130834336,296.583680978692
120600,109.963079999784,-405778.651097508,908426.961814774,502648.310717266,302.960467505344,299.794805516284,304.81844177513
120700,110.054259999784,-386380.497992748,889051.337467243,502670.839474495,296.498695169999,299.336381221778,294.359822222839
120800,110.145439999784,-366108.425953871,868920.386119976,502811.960166105,289.785021217267,293.973688378758,286.751088925258
120900,110.236619999784,-367085.011435109,869880.499865189,502795.48843008,290.105219231345,292.971468363434,287.952632127261
121000,110.327799999783,-378446.349283464,881168.209864664,502721.8605812,293.869671457283,295.119630839681,292.79147380947
121100,110.418979999783,-388814.363919745,891537.575406526,502723.21148678,297.32785573004,300.465781944396,294.98813170736
121200,110.510159999783,-381251.287216944,883900.714266201,502649.427049257,294.780961903019,300.122532785472,290.974263846464
121300,110.601339999783,-374306.883852553,877101.072557119,502794.188704566,292.513280826119,287.250006653713,295.778369207036
121400,110.692519999782,-374162.128782202,876878.189029614,502716.060247412,292.438949151113,288.138709345179,295.062076564111
121500,110.783699999782,-371664.715827009,874409.260953732,502744.545126723,291.61556143196,293.752539496363,289.947896421164
121600,110.874879999782,-386493.533902642,889209.904235444,502716.370332802,296.551577200415,300.877945300489,293.420205486033
121700,110.966059999781,-363886.879251863,866642.071691712,502755.192439849,289.025203165487,298.359924403699,282.561201337374
121800,111.057239999781,-365643.214239453,868427.314356925,502784.100117472,289.62058174318,278.452971595056,296.824304690477
121900,111.148419999781,-378020.655846031,880729.182484846,502708.526638816,293.72325578951,302.21683927701,287.816097418017
122000,111.239599999781,-384830.552600892,887550.927469472,502720.37486858,295.998308310646,301.373765014037,292.168005251459
122100,111.33077999978,-373432.463096461,876143.296941284,502710.833844823,292.193862578384,280.009156463206,300.07350510302
122200,111.42195999978,-349287.488397461,852127.569187381,502840.08078992,284.184615370145,285.982434718745,282.749248624937
122300,111.51313999978,-386205.313767494,889001.875054732,502796.561287238,296.482199451303,292.90288749202,298.621338924616
122400,111.60431999978,-371918.966738361,874758.95419172,502839.987453359,291.732184155985,287.862576640778,294.068812345992
122500,111.695499999779,-381269.851140049,884010.501759712,502740.650619664,294.817576041258,300.396560166296,290.852571977865
122600,111.786679999779,-371074.008547136,873924.488378649,502850.479831513,291.453889737752,292.242953247135,290.684969156715
122700,111.877859999779,-356772.725805301,859605.03291781,502832.307112508,286.678350147677,289.192240673279,284.763524505486
122800,111.969039999778,-354998.070953665,857899.114758596,502901.043804931,286.109426299348,289.170115354005,283.830542407662
122900,112.060219999778,-368039.560011992,870852.234289535,502812.674277543,290.429292742883,288.607478360855,291.401811253615
123000,112.151399999778,-350451.940979692,853307.224162149,502855.283182456,284.578030402584,284.392514537058,284.464559287599
123100,112.242579999778,-357985.828784767,860884.025569964,502898.196785197,287.104894303807,285.389654770576,288.009133247374
123200,112.333759999777,-379227.962784961,882080.008748779,502852.045963818,294.173756461157,292.626771349189,294.959935072084
123300,112.424939999777,-363116.954577798,865982.303092355,502865.348514557,288.805170282593,281.157214040029,293.663136802399
123400,112.516119999777,-380911.844590836,883632.393374075,502720.548783239,294.691476863123,299.804343833813,291.037322651944
123500,112.607299999776,-363971.649044605,866791.5023957,502819.853351095,289.075038317725,292.551833784457,286.516278807973
123600,112.698479999776,-371016.851909168,873835.124272018,502818.27236285,291.42408680074,291.977407685588,290.812352805173
123700,112.789659999776,-366619.291163281,869458.831183802,502839.540020521,289.964592690946,292.067928083961,288.320731935027
123800,112.880839999776,-356836.308502534,859616.78588161,502780.477379076,286.682269762084,285.329224936364,287.345397754429
123900,112.972019999775,-381136.687587243,883936.548234132,502799.860646889,294.792912534311,290.468103187125,297.430458005323
124000,113.063199999775,-379961.750095589,882769.107679062,502807.357583473,294.40357101186,297.3601574311,292.187177089857
124100,113.154379999775,-374141.682890577,876966.187805111,502824.504914534,292.468296750079,292.371895016564,292.288840991797
124200,113.245559999775,-382895.813024084,885691.082677357,502795.269653272,295.378049917411,295.820007295233,294.837263290599
124300,113.336739999774,-402057.599710896,904744.882467404,502687.282756508,301.732493736003,312.688356207316,294.177141677015
124400,113.427919999774,-374001.07960278,876784.937976028,502783.858373248,292.407849916968,298.343656821553,288.206972105647
124500,113.519099999774,-398156.282809252,900838.890371703,502682.607562452,300.429845046424,295.230989883172,303.645390284388
124600,113.610279999773,-377413.5141659,880247.67642436,502834.16225846,293.562673478192,293.668607400915,293.247415301811
124700,113.701459999773,-394631.477509745,897252.826488952,502621.348979207,299.233892442539,304.503487361448,295.471467586231
124800,113.792639999773,-385745.447702459,888530.432232405,502784.984529947,296.32497323075,293.056053119529,298.257315827205
124900,113.883819999773,-384296.803842,886940.388686443,502643.584844444,295.794693575602,299.730747233874,292.924162225441
125000,113.974999999772,-376929.385664067,879698.182044451,502768.796380384,293.379417056679,295.579345371481,291.668315332596
125100,114.066179999772,-393524.390410601,896236.499769097,502712.109358495,298.894947396731,298.313839612536,299.033273463362
125200,114.157359999772,-391290.412331586,894035.665057158,502745.252725572,298.160968836804,292.761517209992,301.512135780648
125300,114.248539999772,-380048.04313577,882830.759484765,502782.716348995,294.424131894202,278.637066778225,304.703488528275
125400,114.339719999771,-384618.669330993,887346.932504694,502728.263173701,295.930275972884,295.497400539683,295.972251031708
125500,114.430899999771,-390892.463521991,893669.130374709,502776.666852718,298.038729489648,288.662219947585,304.041370243115
125600,114.522079999771,-376257.957622922,878957.809614943,502699.851992021,293.132502789709,290.658173763459,294.537778388217
125700,114.61325999977,-394668.443961396,897448.475535595,502780.0315742,299.299141415906,290.936508155974,304.624814304682
125800,114.70443999977,-385974.799877447,888738.047492785,502763.247615339,296.394212937397,300.961142451464,293.102598083904
125900,114.79561999977,-377453.194424973,880295.69940814,502842.504983167,293.578689147287,307.46108438114,284.079110083763
126000,114.88679999977,-380280.887319632,883090.693254292,502809.80593466,294.510819828011,294.474727271145,294.289455849399
126100,114.977979999769,-388201.154095136,890949.435581766,502748.28148663,297.131711049447,297.345863186809,296.741333198664
126200,115.069159999769,-403313.263399763,906037.239499653,502723.97609989,302.163494914008,309.654637840048,296.917596717554
126300,115.160339999769,-382766.548515148,885533.624324749,502767.075809601,295.325537543688,295.234272175189,295.140276508068
126400,115.251519999768,-379295.081851886,882067.611027284,502772.529175399,294.169621820005,296.131733944072,292.61640571911
126500,115.342699999768,-389821.504789568,892620.432088532,502798.927298964,297.688988523773,293.455059998863,300.263533383277
126600,115.433879999768,-385336.371255196,888140.195107765,502803.82385257,296.194829117147,291.503569024091,299.075506821588
126700,115.525059999768,-383383.164358232,886173.399342103,502790.234983871,295.538902565317,305.159457828147,288.878916637959
126800,115.616239999767,-377333.811255059,880097.389711375,502763.578456316,293.512552846882,286.93805435883,297.650958044877
126900,115.707419999767,-381921.018183944,884664.893115,502743.874931056,295.035815612806,286.9895107896,300.1541556486
127000,115.798599999767,-387061.400625078,889843.139359874,502781.738734796,296.762761167208,306.211681487976,290.21617865239
127100,115.889779999767,-391215.607941868,893959.503994539,502743.896052671,298.135569116071,286.17482791821,305.860950273714
127200,115.980959999766,-380944.759502411,883714.416175973,502769.656673562,294.718831474395,295.453305421739,293.983583149939
127300,116.072139999766,-372858.855403995,875641.948235412,502783.092831417,292.026662743176,287.262819208435,294.959202880717
127400,116.163319999766,-378090.843625642,880818.404023435,502727.560397793,293.753011180068,296.370043838482,291.763528565142
127500,116.254499999765,-359001.959277443,861822.400497566,502820.441220123,287.417842420399,288.934913212989,286.166947023322
127600,116.345679999765,-385210.608925854,887912.183840311,502701.574914457,296.11878734044,297.169446782231,295.171582056463
127700,116.436859999765,-370861.552037863,873694.42021409,502832.868176227,291.37716198569,299.800542327949,285.518760789194
127800,116.528039999765,-372849.075307116,875585.015545539,502735.940238423,292.007675686356,292.542259330123,291.407946860773
127900,116.619219999764,-360496.040346428,863359.939596593,502863.899250165,287.930611838117,306.383079220059,275.389024740289
128000,116.710399999764,-393614.525088541,896271.230169343,502656.705080802,298.906529988108,299.297688399096,298.396668939127
128100,116.801579999764,-366748.151558294,869588.589496114,502840.43793782,290.007867098921,287.809377626921,291.231853524339
128200,116.892759999764,-375065.188124774,877781.679259299,502716.491134525,292.740263218042,295.532521395627,290.634807546971
128300,116.983939999763,-364518.976912018,867337.934272408,502818.95736039,289.257273394167,270.294042572412,301.658379547508
128400,117.075119999763,-373953.229131684,876674.455541676,502721.226409992,292.3710040159,287.664730007713,295.264877518012
128500,117.166299999763,-369388.673532455,872181.996435618,502793.322903163,290.872768529471,290.957201641107,290.574085814606
128600,117.257479999762,-387719.939217192,890510.448538115,502790.509320923,296.985308833789,290.502883198955,301.059438166315
128700,117.348659999762,-376455.011968146,879312.978691418,502857.966723272,293.250951706326,280.417628735685,301.562124560331
128800,117.439839999762,-363753.396324129,866556.505176605,502803.108852476,288.996666725565,285.054744371391,291.383784406074
128900,117.531019999762,-389716.647912302,892495.850268671,502779.202356369,297.647440476462,299.435328002572,296.207475925324
129000,117.622199999761,-398664.982453089,901365.578231936,502700.595778847,300.605495491724,309.60582216473,294.354773130144
129100,117.713379999761,-387831.862078457,890619.437164733,502787.575086277,297.021656549853,294.56738370131,298.410320401756
129200,117.804559999761,-379877.833113655,882687.698409913,502809.865296258,294.376421013811,294.911028117592,293.774702593778
129300,117.89573999976,-387273.126116644,890065.306499123,502792.18038248,296.836853926671,305.776618186783,290.629647041658
129400,117.98691999976,-379209.7781098,882039.115067711,502829.33695791,294.160118415111,301.57095582815,288.97442670774
129500,118.07809999976,-384412.062911104,887149.885144785,502737.822233681,295.864560661926,302.122410853829,291.446106733439
129600,118.16927999976,-357349.875741898,860186.360709593,502836.484967695,286.872223014705,292.725246068672,282.731147459549
129700,118.260459999759,-372339.89302478,875062.926771126,502723.033746347,291.83355903656,293.442565602122,290.517693360323
129800,118.351639999759,-380421.351921663,883190.633138603,502769.28121694,294.544149787762,302.779063524352,288.808753838545
129900,118.442819999759,-385321.329387682,888116.356895551,502795.027507869,296.186879071386,299.413432377096,293.789021135021
130000,118.533999999759,-356059.343374185,858886.418733949,502827.075359764,286.438692257445,287.824975783751,285.275804329692
130100,118.625179999758,-374436.876546376,877335.397009338,502898.520462962,292.591428050471,293.063845180946,292.032657106778
130200,118.716359999758,-369259.538926605,872094.914936198,502835.376009593,290.843726842154,294.211585175638,288.356118180797
130300,118.807539999758,-375780.64153269,878521.08914442,502740.44761173,292.986856476378,282.612643864217,299.658842504088
130400,118.898719999757,-399907.619067789,902493.849423833,502586.230356044,300.981774028292,299.386229515254,301.794652225293
130500,118.989899999757,-390028.507981809,892740.963963396,502712.455981587,297.729185914089,296.603169966353,298.231755557652
130600,119.081079999757,-366181.431977289,868970.686744938,502789.254767648,289.801796479886,290.720463842897,288.947850074145
130700,119.172259999757,-362362.889072987,865258.247071976,502895.357998989,288.563697539428,292.610788993992,285.625166821769
130800,119.263439999756,-384595.542475392,887387.340963705,502791.798488313,295.943752197334,288.175546729293,300.875936049196
130900,119.354619999756,-390868.034815475,893572.279052303,502704.244236827,298.00642956555,302.198006440247,294.963706291115
131000,119.445799999756,-367279.612843446,870018.515639898,502738.902796451,290.151247503718,291.482040688509,289.022259340938
131100,119.536979999756,-387569.908234937,890289.870414004,502719.962179067,296.911746011007,292.645956529867,299.508179210092
131200,119.628159999755,-371742.837540446,874506.426954244,502763.589413798,291.647966301232,292.030449070491,291.149937816475
131300,119.719339999755,-381268.800786457,884078.390830041,502809.590043584,294.840217051873,298.423779354889,292.205475335652
131400,119.810519999755,-371426.481365293,874234.886024582,502808.404659289,291.55740737855,290.247501583447,292.187713402469
131500,119.901699999754,-389067.013569762,891806.414209902,502739.400640141,297.417513493381,302.871953048447,293.533372528759
131600,119.992879999754,-377769.993222088,880550.65678654,502780.663564452,293.66371745424,291.503678750848,294.859023491958
131700,120.084059999754,-381790.405014009,884424.65313033,502634.24811632,294.955695557889,285.264839079185,301.170470130727
131800,120.175239999754,-381082.924404194,883827.313233575,502744.388829382,294.756482652518,295.920861157317,293.734599913775
131900,120.266419999753,-386790.662961629,889514.430925593,502723.767963964,296.653136876969,302.031758391207,292.820178253412
132000,120.357599999753,-380716.334020645,883597.128046035,502880.79402539,294.679715873282,306.133302303315,286.798425156698
132100,120.448779999753,-368512.469553528,871338.997527253,502826.527973725,290.591628323246,300.497308106729,283.745682110654
132200,120.539959999752,-366410.736397744,869252.97451064,502842.238112896,289.895939473283,297.013447410995,284.909354231915
132300,120.631139999752,-372904.873816399,875641.221153344,502736.347336945,292.026420261245,282.275673374726,298.283562835375
132400,120.722319999752,-385464.649995425,888191.029682915,502726.37968749,296.211782452198,300.58139694563,293.0518629712
132500,120.813499999752,-377247.068461475,880029.897292263,502782.828830788,293.490044119481,296.112614064693,291.497089119239
132600,120.904679999751,-364539.850988287,867325.339152214,502785.488163927,289.253072920532,281.815183754881,293.970621470199
132700,120.995859999751,-375199.314662589,878053.857534522,502854.542871933,292.831034695522,295.696343217371,290.676803152043
132800,121.087039999751,-380917.628325244,883697.922997282,502780.294672038,294.713330997926,295.126226123628,294.192473138293
132900,121.178219999751,-373798.569260441,876624.434938548,502825.865678107,292.354322140586,288.267722573734,294.835093250037
133000,121.26939999975,-378802.214867994,881568.135550856,502765.920682862,294.003046706972,298.863659006448,290.517635968399
133100,121.36057999975,-385609.879490087,888330.258077232,502720.378587145,296.258215133311,300.19723975858,293.385316870519
133200,121.45175999975,-372307.734191085,875102.100088346,502794.365897261,291.846623341119,309.149541587763,280.068138990572
133300,121.542939999749,-387976.243898627,890739.071368226,502762.827469599,297.061554566692,307.959491165851,289.548712205113
133400,121.634119999749,-366162.793854797,868986.273601564,502823.479746766,289.80699469787,297.581930984327,284.382198011317
133500,121.725299999749,-384389.395733334,887142.405208124,502753.009474791,295.862066102426,292.133738846334,298.101065884735
133600,121.816479999749,-396509.374424204,899261.512215412,502752.137791207,299.903789299787,305.077538613313,296.204703266353
133700,121.907659999748,-383164.881191754,885925.372512906,502760.491321152,295.456185597101,294.781133950832,295.66000653995
133800,121.998839999748,-358156.251511049,860915.227835133,502758.976324084,287.115300261842,294.136811202563,282.19503021781
133900,122.090019999748,-367463.747034837,870229.384875252,502765.637840416,290.22157241129,285.71768807883,292.982310655919
134000,122.181199999748,-378065.78210343,880798.833169817,502733.051066387,293.746484298755,298.068720907387,290.620204489418
134100,122.272379999747,-377851.946820506,880588.696954648,502736.750134142,293.676403853476,290.374154809792,295.633172879387
134200,122.363559999747,-374162.97142051,876924.282901304,502761.311480794,292.454321461165,288.528507192371,294.827819039144
134300,122.454739999747,-370963.539918177,873749.339931313,502785.800013136,291.395477715962,293.563946892162,289.707002033733
134400,122.545919999746,-369855.925456832,872584.021750284,502728.096293451,291.006844005431,287.449075074724,293.136184255897
134500,122.637099999746,-377042.08826045,879812.400960553,502770.312700103,293.417509074722,298.54847597125,289.752349886139
134600,122.728279999746,-373847.942850818,876588.987530856,502741.044680038,292.342500427166,283.724600530716,297.844148274444
134700,122.819459999746,-350397.361677954,853266.078483059,502868.716805105,284.564308315177,289.969033423636,280.724021319276
134800,122.910639999745,-360672.62206553,863403.415866183,502730.793800653,287.94511117765,288.573831246488,287.286010205776
134900,123.001819999745,-358293.680052092,861093.132951566,502799.452899474,287.174631633005,285.267734380357,288.206584275074
135000,123.092999999745,-391758.74310807,894398.711736031,502639.96862796,298.282044934478,293.586854414222,301.163603577203
135100,123.184179999744,-381316.896284608,884145.281612846,502828.385328238,294.862525133515,302.142952783841,289.76318792902
135200,123.275359999744,-361421.835440965,864233.47913348,502811.643692515,288.2219373465,272.432077191481,298.50832583539
135300,123.366539999744,-378818.414169725,881670.610576509,502852.196406783,294.037222136571,289.079390048897,297.097412509907
135400,123.457719999744,-385971.989799433,888700.615092924,502728.625293491,296.381729228922,286.735786923009,302.565372658507
135500,123.548899999743,-385467.214046818,888228.996718971,502761.782672153,296.224444461888,296.07044798567,296.080255075648
135600,123.640079999743,-376583.762454293,879370.648543793,502786.8860895,293.270184606901,290.034252091966,295.183081129685
135700,123.731259999743,-378631.709637305,881440.880355936,502809.170718632,293.960607088857,293.569300219659,293.976511162415
135800,123.822439999743,-385925.930947695,888695.890856822,502769.959909127,296.380153695789,295.590469140699,296.659626604435
135900,123.913619999742,-365908.521829713,868621.278325894,502712.756496181,289.685268743003,284.776985096308,292.716053450181
136000,124.004799999742,-378600.178331309,881403.055047329,502802.87671602,293.947992345282,295.385933365157,292.744408338412
136100,124.095979999742,-374711.779017633,877522.037476236,502810.258458603,292.653672661743,302.546464504524,285.814600039338
136200,124.187159999741,-384675.092573418,887498.998245383,502823.905671964,295.980989910083,282.655665198003,304.61788889321
136300,124.278339999741,-369558.524800996,872314.000189916,502755.475388921,290.916791792535,287.465403735041,292.975286504371
136400,124.369519999741,-387744.344842171,890481.863716946,502737.518874775,296.975775793545,302.102943487538,293.310184184389
136500,124.460699999741,-376979.691232396,879773.460636778,502793.769404382,293.404522473496,292.979786334165,293.44317613099
136600,124.55187999974,-380838.622628602,883652.571523754,502813.948895152,294.698206277724,288.644430502538,298.48847495595
136700,124.64305999974,-379156.936139369,881977.274854305,502820.338714936,294.139494698784,286.79667299031,298.789592925518
136800,124.73423999974,-376558.849104026,879356.896505,502798.047400974,293.265598300817,315.927354756888,277.913372664852
136900,124.82541999974,-374099.453410479,876876.262479689,502776.80906921,292.438306646553,290.482420584371,293.498532099136
137000,124.916599999739,-360641.336453014,863465.726975437,502824.390522423,287.965891937781,288.648909352387,287.270575418096
137100,125.007779999739,-367261.349025518,870054.040352504,502792.691326985,290.163094998334,292.776052268407,288.179320905787
137200,125.098959999739,-383810.316114687,886536.18762802,502725.871513333,295.659892488918,292.097527907014,297.788418966446
137300,125.190139999738,-380585.662223803,883336.63637123,502750.974147428,294.592841878016,293.24609179688,295.245181230542
137400,125.281319999738,-387692.131134299,890482.434656973,502790.303522674,296.975966202092,304.179609204801,291.926057561784
137500,125.372499999738,-376159.599033906,879017.181194364,502857.582160458,293.152303216396,291.743369771109,293.847298593908
137600,125.463679999738,-368387.749394675,871183.327731071,502795.578336396,290.53971243324,295.064053910575,287.281368354657
137700,125.554859999737,-369838.543085951,872574.598881164,502736.055795213,291.003701477794,293.433903768809,289.141063532553
137800,125.646039999737,-379011.230234881,881716.679345027,502705.449110146,294.052586074713,292.422701799546,294.894131769762
137900,125.737219999737,-371541.359108259,874293.970457158,502752.611348899,291.57711204174,300.37718788322,285.467413887387
138000,125.828399999736,-370093.146263408,872860.051000561,502766.904737153,291.098899783412,293.774121353149,289.072836320434
138100,125.919579999736,-385785.624471427,888593.034627895,502807.410156468,296.345851134866,302.088445945459,292.270499718523
138200,126.010759999736,-396254.198747948,899002.702847849,502748.504099901,299.817476354127,294.098935059318,303.37998932037
138300,126.101939999736,-381469.247359492,884262.81260394,502793.565244448,294.901721728844,301.782268232358,290.068939291728
138400,126.193119999735,-385419.323075857,888162.231555126,502742.908479269,296.202178274179,299.283732469167,293.900973662292
138500,126.284299999735,-373590.732161677,876385.526869544,502794.794707867,292.274646279654,290.824511295382,292.997840730604
138600,126.375479999735,-388189.104250337,890871.160945989,502682.056695652,297.105606451889,297.87795464588,296.343119650519
138700,126.466659999735,-374455.147740477,877172.463359762,502717.315619286,292.537089664753,296.012622042684,289.976287171413
138800,126.557839999734,-380914.605998296,883684.570883151,502769.964884855,294.70887806675,296.210115970027,293.462462066177
138900,126.649019999734,-372972.067478075,875757.011559868,502784.944081793,292.065036371475,289.077786448598,293.81314878975
139000,126.740199999734,-353599.074276311,856456.616138294,502857.541861983,285.628352889209,285.310777346254,285.602046290438
139100,126.831379999733,-378771.319308797,881432.59112837,502661.271819573,293.957842630772,292.682307056533,294.563234811406
139200,126.922559999733,-368145.646497141,870872.541754487,502726.895257345,290.436065284138,290.605595437326,290.081015127608
139300,127.013739999733,-375487.324361385,878219.432774041,502732.108412656,292.886254051706,291.171045959075,293.785654235083
139400,127.104919999733,-362870.429223854,865680.973380589,502810.544156735,288.704676798596,292.725867251588,285.783295932602
139500,127.196099999732,-375726.093049991,878476.562968091,502750.469918101,292.97200699286,296.90344201265,290.106906973841
139600,127.287279999732,-378726.222199005,881456.067102171,502729.844903166,293.965671869992,295.936061157038,292.407107618738
139700,127.378459999732,-376700.407360487,879417.721716446,502717.314355959,293.285883513906,296.656103277374,290.79466543533
139800,127.469639999732,-349050.885362645,851833.662364173,502782.777001528,284.086597420101,280.184137812429,286.451498327366
139900,127.560819999731,-350132.193265337,852910.208092969,502778.014827632,284.445625510412,288.266692960398,281.661209189162
140000,127.651999999731,-375298.229377958,878039.345992959,502741.116615001,292.826195095201,290.805044539925,293.929606969472
140100,127.743179999731,-367625.758197779,870354.971927512,502729.213729733,290.263455703689,290.668175641012,289.751756199054
140200,127.83435999973,-381557.188625971,884294.86958729,502737.680961319,294.912412735464,289.953766621975,297.972416467179
140300,127.92553999973,-369707.509547402,872502.517352882,502795.00780548,290.979662282102,280.508325589471,297.71807035862
140400,128.01671999973,-374485.089830107,877193.715976575,502708.626146468,292.544177414232,292.533877092826,292.307257480658
140500,128.107899999731,-384295.971236082,887049.765390978,502753.794154897,295.831170715684,302.121894093319,291.390829154999
140600,128.199079999732,-384439.697093415,887186.628752709,502746.931659294,295.876814658232,276.65564453556,308.444364061133
140700,128.290259999734,-363257.768612058,866082.168405345,502824.399793287,288.838475372801,291.816147838445,286.612661666229
140800,128.381439999735,-365775.507419129,868566.343233837,502790.835814708,289.666947885222,284.729748551069,292.717024984753
140900,128.472619999736,-388623.154374342,891323.053381842,502699.8990075,297.256312616922,300.459431346461,294.873186536716
141000,128.563799999737,-387168.292977455,889847.533854573,502679.240877119,296.764226731557,289.705418263409,301.22279552138
141100,128.654979999738,-377278.897862,879973.459016416,502694.561154417,293.47122194978,301.362832761612,287.965588723601
141200,128.746159999739,-355017.24864773,857865.340039613,502848.091391883,286.098162427751,287.959837598334,284.618630512006
141300,128.83733999974,-364210.863930011,867082.184529535,502871.320599525,289.171980833595,294.650718159294,285.278512632436
141400,128.928519999742,-374422.168213529,877260.077112687,502837.908899158,292.566308858658,295.728204096772,290.214573442534
141500,129.019699999743,-382511.75987658,885277.345753242,502765.585876662,295.240068618723,301.347252437132,290.922579349269
141600,129.110879999744,-373684.020601515,876470.966700228,502786.946098713,292.303140470311,291.155798985465,292.82444884315
141700,129.202059999745,-377937.246976366,880688.754685706,502751.507709341,293.709773115126,284.070551791462,299.891162519973
141800,129.293239999746,-380546.292824873,883346.487006401,502800.194181528,294.596127065666,294.559049485237,294.375348680065
141900,129.384419999747,-383533.998583376,886276.279345491,502742.280762115,295.573213055024,300.65534670283,291.938812945608
142000,129.475599999748,-361348.536740904,864180.339914184,502831.80317328,288.204215412434,282.85612727857,291.529437322167
142100,129.56677999975,-356643.742940313,859510.266951467,502866.524011154,286.646745690001,285.29649637271,287.308039613452
142200,129.657959999751,-374072.786819328,876913.749349066,502840.962529738,292.450808520616,290.71421953395,293.364825504626
142300,129.749139999752,-369539.270691489,872309.095517639,502769.82482615,290.915156083922,296.584704668269,286.893027730954
142400,129.840319999753,-390889.896063768,893620.435927437,502730.53986367,298.022489887423,294.593401164556,300.060196961094
142500,129.931499999754,-377236.871735802,880026.542857196,502789.671121394,293.488925415106,288.318641490462,296.691207260355
142600,130.022679999755,-375408.991888139,878276.96234212,502867.970453981,292.905440167457,292.640049236318,292.838279588078
142700,130.113859999756,-379212.146882902,882036.07107218,502823.924189279,294.159103242348,298.930585017386,290.732982806287
142800,130.205039999758,-386552.641429227,889354.092640219,502801.451210992,296.599664045429,309.543446031574,287.723309667961
142900,130.296219999759,-380457.228357021,883198.188904591,502740.960547571,294.546669636349,289.933455223573,297.376690353503
143000,130.38739999976,-379787.878697803,882549.676317893,502761.79762009,294.330390634615,292.830525877311,295.085025147289
143100,130.478579999761,-368084.276628034,870894.288275417,502810.011647383,290.443317750681,291.031545719828,289.809129673124
143200,130.569759999762,-373098.666128478,875903.748332398,502805.08220392,292.113973097348,295.17135113363,289.832292762244
143300,130.660939999763,-363433.986158416,866272.902721983,502838.916563567,288.902085283303,290.709151902342,287.456622466207
143400,130.752119999764,-374388.674125808,877164.309848148,502775.63572234,292.53437046795,293.985463612243,291.323196396365
143500,130.843299999766,-375119.511197151,877909.757135162,502790.245938011,292.782977200321,283.390996197259,298.800312054694
143600,130.934479999767,-378690.273342115,881472.381286416,502782.107944302,293.971112651798,298.773011603739,290.524870756628
143700,131.025659999768,-376831.253411402,879622.422355816,502791.168944414,293.354151194202,286.777060878756,297.494416278504
143800,131.116839999769,-368303.211188307,871100.399346135,502797.188157827,290.51205580995,296.431814618432,286.323456557787
143900,131.20801999977,-385032.892446966,887847.354573275,502814.46212631,296.097166774479,300.804734334987,292.712040761829
144000,131.299199999771,-371177.120828933,873974.460614762,502797.339785829,291.470555482662,288.116460798898,293.463726475603
144100,131.390379999773,-377573.450472723,880427.574183267,502854.123710543,293.622669395787,303.158617591764,287.02068504064
144200,131.481559999774,-381313.89355572,884079.323277392,502765.429721672,294.840528023142,309.815171006768,284.611732260706
144300,131.572739999775,-378853.686047966,881588.107832419,502734.421784453,294.009707464539,295.756706209218,292.6000335452
144400,131.663919999776,-375431.172976407,878168.361925885,502737.188949478,292.869221919588,289.843395863604,294.642381605311
144500,131.755099999777,-375015.293879368,877795.925943714,502780.632064346,292.745014488482,288.255683868384,295.493947389807
144600,131.846279999778,-374636.433118191,877445.819970153,502809.386851963,292.62825411711,293.472084545118,291.821843620006
144700,131.937459999779,-373418.456466854,876290.302747617,502871.846280763,292.242889027053,294.411156323354,290.553841755329
144800,132.028639999781,-378906.977886116,881633.701720258,502726.723834142,294.024913029934,296.48442151887,292.140219943119
144900,132.119819999782,-359332.372857951,862121.966102379,502789.593244429,287.51774757458,287.424331499281,287.340426835135
145000,132.210999999783,-382240.785227436,884928.858042153,502688.072814717,295.12384793802,289.500544408804,298.62678041755
145100,132.302179999784,-372820.028426455,875648.54305769,502828.514631235,292.028862116955,290.952689830942,292.502952922534
145200,132.393359999785,-383956.204514767,886699.323425404,502743.118910637,295.714298290947,288.460926829243,300.303450683507
145300,132.484539999786,-364874.517505946,867741.612695638,502867.095189692,289.39190018197,300.095740924607,282.014846436727
145400,132.575719999787,-374340.394176083,877048.319391879,502707.925215796,292.495687641113,287.518314859695,295.570189755691
145500,132.666899999789,-377527.042583947,880319.558286999,502792.515703053,293.586646085376,295.750166443628,291.899643641469
145600,132.75807999979,-383446.042868751,886159.715394021,502713.672525269,295.534338967491,291.540311420406,297.950745383074
145700,132.849259999791,-366392.269736726,869208.856591611,502816.586854885,289.881226143609,298.032955599748,284.205172151064
145800,132.940439999792,-374634.156215712,877385.007374227,502750.851158514,292.607973111298,289.902357567922,294.167876829289
145900,133.031619999793,-371210.211874719,874018.44828738,502808.236412661,291.485225375148,290.188944607,292.106508199434
146000,133.122799999794,-364830.950719597,867614.219120188,502783.268400591,289.349414413936,288.794882630892,289.477977757288
146100,133.213979999795,-359208.339288374,861992.689526228,502784.350237854,287.474633825655,285.710116025048,288.411416831205
146200,133.305159999797,-373305.781784041,876070.579623871,502764.797839831,292.169611346964,296.090556909695,289.312172962354
146300,133.396339999798,-386065.411932387,888797.601517221,502732.189584833,296.414074209512,294.864281692724,297.200257492196
146400,133.487519999799,-389939.127523873,892675.106606441,502735.979082568,297.707222480054,306.443352006763,291.635046776848
146500,133.5786999998,-393671.56243181,896377.65243087,502706.08999906,298.942021821201,303.519146226808,295.641487199278
146600,133.669879999801,-367208.684934058,869999.422778552,502790.737844494,290.144880032867,285.947681744701,292.701224824951
146700,133.761059999802,-368958.637827666,871679.333586855,502720.695759189,290.705130427499,296.809900271881,286.393029589222
146800,133.852239999803,-384997.967024372,887740.875689959,502742.908665588,296.061656058015,284.814404914277,303.31310544046
146900,133.943419999805,-399722.072574166,902386.964555446,502664.891981281,300.946127915773,305.258958765258,297.820118909521
147000,134.034599999806,-385540.949827178,888286.138934149,502745.189106971,296.243501395414,291.168666997775,299.379854742678
147100,134.125779999807,-372468.073477338,875232.492629029,502764.419151691,291.890109264308,298.362443559453,287.331977976491
147200,134.216959999808,-387371.860372658,890102.601688612,502730.741315954,296.849291875475,296.59892459279,296.768828987367
147300,134.308139999809,-405262.590612972,907957.615809516,502695.025196544,302.803940573459,297.678003415168,305.968895395174
147400,134.39931999981,-379435.017834357,882190.976409256,502755.958574899,294.210764185178,305.388983095141,286.51344260838
147500,134.490499999811,-375309.738165865,878059.913800243,502750.175634378,292.833054460645,288.418787392151,295.531871627589
147600,134.581679999813,-355319.505195582,858139.36860588,502819.863410298,286.189550977449,282.591390764064,288.349833160558
147700,134.672859999814,-389851.538699784,892531.167563589,502679.628863804,297.659218797261,303.978649955952,293.198215342469
147800,134.764039999815,-386125.590236527,888913.906405754,502788.316169228,296.452861899535,294.266412594329,297.663450718089
147900,134.855219999816,-384239.432133926,886964.589471354,502725.157337428,295.802764539388,298.759678142287,293.584986500338
148000,134.946399999817,-373276.666133188,876150.382513786,502873.716380598,292.196225617404,295.697773262368,289.61836366608
148100,135.037579999818,-389596.922103508,892378.601550433,502781.679446924,297.608338019154,295.008773768108,299.093373904835
148200,135.128759999819,-358687.79944887,861524.638346397,502836.838897527,287.318538718158,287.055591150267,287.254404981153
148300,135.219939999821,-383074.297485702,885748.310025787,502674.012540085,295.397135242884,294.530542646714,295.728699360961
148400,135.311119999822,-393428.821039008,896202.249295104,502773.428256096,298.883524860799,295.602328023292,300.821919815086
148500,135.402299999823,-375330.062816593,878086.550846607,502756.488030014,292.841937917828,288.269209562784,295.646388539593
148600,135.493479999824,-366245.392018157,869125.994644515,502880.602626358,289.853591677344,297.55341621153,284.478830661487
148700,135.584659999825,-378839.02420525,881575.090011948,502736.065806698,294.005366020326,293.057746669403,294.392107782591
148800,135.675839999826,-395460.111181891,898228.134817078,502768.023635187,299.559157851285,303.966508531538,296.371291432907
148900,135.767019999827,-388743.785004334,891462.730174938,502718.945170604,297.302894839066,295.233632190668,298.434650858964
149000,135.858199999829,-375402.581911989,878195.373361784,502792.791449795,292.878230235713,291.32792126595,293.667704357025
149100,135.94937999983,-371277.144090414,874050.034553594,502772.890463181,291.495759397564,298.152215296967,286.815208998462
149200,136.040559999831,-393560.752123359,896254.658891578,502693.906768219,298.901003465592,292.686190336165,302.795128048988
149300,136.131739999832,-383326.418967166,886067.789735208,502741.370768043,295.503681752612,284.217737858759,302.781391280387
149400,136.222919999833,-349581.858503129,852434.837098238,502852.978595109,284.287089244035,277.635178959329,288.484790192802
149500,136.314099999834,-357165.004566519,859975.665657058,502810.661090539,286.801956197118,291.869651974514,283.184490715356
149600,136.405279999835,-379807.08040587,882597.792574491,502790.71216862,294.346437410202,294.736917773162,293.840828470387
149700,136.496459999837,-390399.747841695,893098.184885486,502698.437043792,297.848319121389,299.555110000505,296.462251602711
149800,136.587639999838,-374459.760231347,877184.715845446,502724.955614098,292.54117586975,295.146277244686,290.560657306568
149900,136.678819999839,-366355.333580024,869201.344772359,502846.011192335,289.878720951262,294.476182799317,286.572180785098
150000,136.76999999984,-365899.890109092,868729.019746777,502829.129637684,289.72120051585,285.615957927961,292.216594574013
150100,136.861179999841,-370536.168749965,873355.074041992,502818.905292027,291.263990009002,289.570130624322,292.150509607113
150200,136.952359999842,-372891.208491907,875677.707012923,502786.498521016,292.038588298457,294.31583732637,290.277056789601
150300,137.043539999844,-360914.115543976,863687.666346683,502773.550802706,288.039908736596,281.039375081062,292.466897916338
150400,137.134719999845,-366300.025576787,869127.328543143,502827.302966356,289.854036532647,291.611220539365,288.441035497725
150500,137.225899999846,-388752.476820791,891530.287410037,502777.810589246,297.325425182604,306.512330509724,290.953050443537
150600,137.317079999847,-387938.610766675,890685.981529716,502747.370763041,297.043849101123,292.271569363593,299.977832385224
150700,137.408259999848,-375171.008642455,877972.661495802,502801.652853347,292.803955809839,291.253067262115,293.593878211814
150800,137.499439999849,-355825.984418745,858578.149646065,502752.16522732,286.335884490934,277.842890910528,291.759266974128
150900,137.59061999985,-379479.00693412,882297.722512141,502818.71557802,294.24636401939,288.570832956726,297.78484609115
151000,137.681799999852,-381775.937153534,884558.836406768,502782.899253234,295.000445691769,298.235844446792,292.597679483677
151100,137.772979999853,-384284.375144473,887058.766544312,502774.391399839,295.834172601071,305.170193661821,289.363630083403
151200,137.864159999854,-383118.715863291,885883.910211005,502765.194347714,295.44235791596,294.759619434789,295.651314938477
151300,137.955339999855,-371794.294768537,874583.819798352,502789.525029815,291.673776821195,288.388056553641,293.621195518878
151400,138.046519999856,-358805.025350235,861640.068924175,502835.04357394,287.357034825471,278.305174124932,293.152144430143
151500,138.137699999857,-381429.227433294,884192.020880514,502762.79344722,294.87811268318,306.941949266351,286.589823200496
151600,138.228879999858,-366886.041468203,869639.784300605,502753.742832402,290.024940570487,277.038019726855,298.441200349098
151700,138.32005999986,-384336.480176432,887073.559463494,502737.079287062,295.839106040852,296.656816569257,295.047433100214
151800,138.411239999861,-372019.613347788,874800.773995539,502781.160647751,291.746131064045,294.453257934408,289.698258041249
151900,138.502419999862,-363444.685512423,866250.497795326,502805.812282903,288.894613238394,289.910928122165,287.976324471515
152000,138.593599999863,-376930.981116795,879693.588519792,502762.607402997,293.377885115822,288.783011219887,296.196652808848
152100,138.684779999864,-388298.192720249,891042.264956772,502744.072236523,297.162669653751,303.105451881842,292.953179276978
152200,138.775959999865,-380108.042439508,882822.127525196,502714.085085688,294.421253134966,292.443275479913,295.494553860724
152300,138.867139999866,-382405.941545966,885150.372762644,502744.431216678,295.197723115773,284.334281638328,302.194019331472
152400,138.958319999868,-367210.844373319,870010.686931974,502799.842558655,290.148636628972,289.476359853894,290.355030615168
152500,139.049499999869,-382890.42446882,885650.539270457,502760.114801637,295.36452868783,288.000706008542,300.027606700115
152600,139.14067999987,-374541.102215216,877354.039247757,502812.93703254,292.597645238538,302.094513427874,286.022568407949
152700,139.231859999871,-397317.688241389,900090.021442436,502772.333201048,300.180097196077,304.485720518052,297.059531567096
152800,139.323039999872,-365839.398663249,868658.376865194,502818.978201945,289.697641108952,299.971977780281,282.606668627144
152900,139.414219999873,-375851.001544504,878578.202008682,502727.200464179,293.005903621371,287.086942619372,296.707706036354
153000,139.505399999874,-388029.198722319,890771.984435199,502742.78571288,297.072531077272,288.273555396406,302.690954421952
153100,139.596579999876,-382934.871916001,885650.94329706,502716.071381059,295.364663430735,294.674220466621,295.57882152062
153200,139.687759999877,-379072.713768261,881828.2323929,502755.518624639,294.089789025479,301.533365565534,288.882329841254
153300,139.778939999878,-360944.454118554,863800.099482099,502855.645363546,288.077405196631,287.852749141889,287.987111395462
153400,139.870119999879,-381322.225449005,884173.732219848,502851.506770843,294.872013413323,291.627539587898,296.789269285762
153500,139.96129999988,-362534.293943341,865357.325751223,502823.031807882,288.596740287218,286.611494368522,289.679740282777
153600,140.052479999881,-393914.163427972,896670.359896619,502756.196468646,299.039639785432,315.30824089558,287.944706012179
153700,140.143659999882,-376079.152873195,878830.981666174,502751.828792979,293.09020565822,293.383850560863,292.650200551744
153800,140.234839999884,-376285.136191706,879069.21118966,502784.074997953,293.169655224165,280.808077105538,301.16639925723
153900,140.326019999885,-375172.349404891,877993.330860909,502820.981456018,292.810849044825,301.842579555343,286.545686330276
154000,140.417199999886,-373210.983947515,876032.088859277,502821.104911762,292.156774673763,295.936107527307,289.393755459172
154100,140.508379999887,-380664.567461339,883460.492337917,502795.924876578,294.634147853232,297.802783427038,292.276195680817
154200,140.599559999888,-361640.640777258,864467.817114755,502827.176337497,288.300089082793,294.061428596056,284.218945999714
154300,140.690739999889,-380982.248273677,883778.625665713,502796.377392036,294.740245344577,296.932119532452,293.033379014873
154400,140.78191999989,-371738.22429882,874539.511793571,502801.287494751,291.659000097906,298.08532708099,287.131732942435
154500,140.873099999892,-397835.444808867,900536.644891971,502701.200083104,300.329046153734,302.074222587036,298.915320993071
154600,140.964279999893,-370592.794911656,873371.096546484,502778.301634827,291.269333515586,292.514957464522,290.196193105032
154700,141.055459999894,-382918.777151961,885678.6065363,502759.829384339,295.373889123328,293.719077874555,296.230951714908
154800,141.146639999895,-373582.492312433,876406.979536292,502824.487223859,292.281800745803,297.280909733234,288.705493253562
154900,141.237819999896,-370211.328006997,872983.883876094,502772.555869097,291.140198057727,291.350124306604,290.757630393427
155000,141.328999999897,-380900.219170308,883682.136214603,502781.917044295,294.708066104587,297.187589096064,292.809460721849
155100,141.420179999898,-383835.342483507,886566.823836362,502731.481352855,295.670109666954,305.123649976398,289.121357702601
155200,141.5113599999,-374646.735182069,877404.350435541,502757.615253473,292.614424023859,303.04178864221,285.419002258271
155300,141.602539999901,-379678.130946155,882404.428736221,502726.297790066,294.281950554017,288.173750188764,298.108849172057
155400,141.693719999902,-379696.883724254,882426.212370357,502729.328646104,294.289215397818,302.119043471263,288.82408900269
155500,141.784899999903,-376894.936757691,879652.313661233,502757.376903541,293.364119947051,300.897338163336,288.097504369572
155600,141.876079999904,-367509.776597079,870287.782410678,502778.005813599,290.241047994223,289.641739806314,290.398719246168
155700,141.967259999905,-366243.777106336,869072.301766369,502828.524660033,289.835685098005,287.767254618802,290.973109013226
155800,142.058439999907,-377785.263151883,880564.574512235,502779.311360352,293.66835901692,296.155559530011,291.765501709013
155900,142.149619999908,-375753.30492537,878505.776812903,502752.471887532,292.98174981254,296.705181673849,290.255310446823
156000,142.240799999909,-374128.042624995,876863.566431193,502735.523806198,292.434072513321,285.001047590981,297.14572740112
156100,142.33197999991,-355322.570121888,858105.400395725,502782.830273837,286.17822257653,272.339281336009,295.165701551395
156200,142.423159999911,-361744.990638685,864523.751377318,502778.760738633,288.318743164021,292.306595298486,285.419909455075
156300,142.514339999912,-357531.058366442,860395.035543586,502863.977177145,286.94181608924,283.550270226433,288.963728484372
156400,142.605519999913,-377022.234644101,879812.952798275,502790.718154174,293.417693112648,291.762061278154,294.276932924716
156500,142.696699999915,-354266.977457937,857119.708257453,502852.730799517,285.849494166234,286.639253540128,285.084780005168
156600,142.787879999916,-376975.175643782,879754.246352237,502779.070708455,293.398114508,307.126808983435,284.001153095619
156700,142.879059999917,-367024.085850944,869832.620215766,502808.534364822,290.089251364271,294.011119095384,287.232931834058
156800,142.970239999918,-365440.655573246,868200.973811895,502760.318238649,289.545097152541,283.750575736667,293.16682384883
156900,143.061419999919,-362226.864530398,865044.0448808,502817.180350402,288.492261090812,288.00010606167,288.579954225997
157000,143.15259999992,-365080.009152632,867889.982328395,502809.973175763,289.441381466865,282.802826673302,293.625883511351
157100,143.243779999921,-368279.140622194,871139.804169938,502860.663547744,290.525197321974,302.844797426771,282.07002625434
157200,143.334959999923,-343127.807620512,845995.098759299,502867.291138787,282.139435971085,279.530355564111,283.643706712427
157300,143.426139999924,-373614.982815125,876444.137303644,502829.154488518,292.294192864313,297.187757474935,288.788237963179
157400,143.517319999925,-380317.199939618,883064.339495701,502747.139556083,294.502030847324,292.486313048414,295.600424354223
157500,143.608499999926,-370197.006565431,873009.795438491,502812.78887306,291.148839565947,287.790553552325,293.14507287539
157600,143.699679999927,-373274.363812175,876019.785650205,502745.42183803,292.152671552511,296.610732028066,288.937170675847
157700,143.790859999928,-365609.826557084,868458.342987519,502848.516430435,289.63092979407,279.783348652463,295.954624780312
157800,143.882039999929,-362207.414964969,864975.77424559,502768.359280621,288.469492828278,282.595909820149,292.144823589673
157900,143.973219999931,-367738.409679932,870615.996765016,502877.587085084,290.35050750876,298.37638199412,284.757965762263
158000,144.064399999932,-367986.131274374,870740.608089224,502754.476814849,290.392065395772,293.360536328638,288.171091386031
158100,144.155579999933,-367566.934350635,870402.623022802,502835.688672166,290.279347347941,297.495513076804,285.226670739243
158200,144.246759999934,-368592.434165532,871316.175133011,502723.740967479,290.584017052863,284.842480011454,294.169555066259
158300,144.337939999935,-367908.037634416,870652.338905561,502744.301271145,290.362627615661,296.673455913532,285.913439894068
158400,144.429119999936,-357658.669462644,860419.146761483,502760.477298839,286.949857182419,287.920706693536,286.063499294022
158500,144.520299999937,-365365.086011292,868160.260095703,502795.174084411,289.531519124797,298.22230103345,283.496388253091
158600,144.611479999939,-373932.959753373,876708.419654518,502775.459901145,292.382331050364,287.385571356468,295.469852237085
158700,144.70265999994,-365106.613228802,867934.132026255,502827.518797452,289.456105394782,286.032861252598,291.497054735078
158800,144.793839999941,-377814.991934438,880562.930875186,502747.938940748,293.667810863827,295.417325246177,292.256744766543
158900,144.885019999942,-382549.757896908,885309.91418696,502760.156290051,295.250930194084,305.2132736334,288.363325459379
159000,144.976199999943,-387889.564680514,890572.898189109,502683.333508595,297.006135797602,297.348829477045,296.530168231476
159100,145.067379999944,-380988.004248458,883765.225499638,502777.221251181,294.735776388074,291.842113518734,296.419271820644
159200,145.158559999945,-376416.789806723,879135.765569624,502718.975762902,293.191851115433,290.497899156521,294.743492545444
159300,145.249739999947,-370436.576959085,873236.331942627,502799.754983542,291.224389508963,287.709131012535,293.325208181992
159400,145.340919999948,-367478.196237162,870258.78395809,502780.587720927,290.231377007867,281.460176425526,295.836984581921
159500,145.432099999949,-351391.533851726,854214.137798001,502822.603946275,284.880486175755,275.291652709119,291.035641415031
159600,145.52327999995,-373631.679824214,876407.203273732,502775.523449518,292.281875362259,295.45549090787,289.922563435715
159700,145.614459999951,-379829.683754828,882575.591870333,502745.908115505,294.339033473514,300.822071045443,289.771725897666
159800,145.705639999952,-372771.104501708,875452.896968564,502681.792466856,291.96361412992,289.015905665599,293.685450094359
159900,145.796819999953,-362771.336231643,865507.461791649,502736.125560006,288.646810669218,275.613136789807,297.095387579934
160000,145.887999999955,-359575.900328916,862374.896439736,502798.99611082,287.602099863177,291.152171009368,284.995717349163
160100,145.979179999956,-363444.250553262,866279.636041357,502835.385488095,288.904330845875,288.387824127774,289.007915048905
160200,146.070359999957,-371953.647494755,874737.504199577,502783.856704822,291.725030581816,287.525630711424,294.28152630326
160300,146.161539999958,-384586.701420002,887343.136784852,502756.43536485,295.929010100001,289.557449800858,299.93010945768
160400,146.252719999959,-385662.868627754,888353.131955981,502690.263328227,296.26584357378,299.11873922585,294.117024936089
160500,146.34389999996,-369502.122258778,872228.935247881,502726.812989102,290.888422627274,287.409498442139,292.965298398508
160600,146.435079999961,-370738.37811803,873463.026216483,502724.648098453,291.299992068195,280.924026265462,297.974552609961
160700,146.526259999963,-379641.855783483,882333.909778928,502692.053995446,294.258432475881,282.325697010658,301.968374092299
160800,146.617439999964,-360246.297396229,863070.583973666,502824.286577437,287.834111713746,288.449610645082,287.183917333093
160900,146.708619999965,-369812.513698335,872582.677372784,502770.163674449,291.006395655422,286.399955089729,293.834850702838
161000,146.799799999966,-366538.10866741,869393.793123313,502855.684455903,289.942902492351,284.973289912381,293.014358460254
161100,146.890979999967,-378634.643702645,881330.25739333,502695.613690685,293.923714321604,287.50260325506,297.959518604031
161200,146.982159999968,-382410.761379581,885162.308913931,502751.54753435,295.201703823222,297.875697444789,293.173039988992
161300,147.07333999997,-390553.997476394,893182.185689704,502628.18821331,297.8763333966,300.149720198799,296.112511917306
161400,147.164519999971,-378230.981060243,880986.219992122,502755.23893188,293.808977819617,292.186494298755,294.645792685343
161500,147.255699999972,-383423.972092342,886112.86486685,502688.892774508,295.518714312773,290.197241513616,298.820097250283
161600,147.346879999973,-367850.648147041,870667.176415009,502816.528267968,290.367575926299,288.633673024423,291.281538214279
161700,147.438059999974,-367162.309590177,869943.637570112,502781.327979935,290.126275661201,292.680957009853,288.181382865716
161800,147.529239999975,-363809.459072497,866651.600312358,502842.141239861,289.028380961267,283.516828756055,292.46189211394
161900,147.620419999976,-396159.076438456,898859.750483241,502700.674044784,299.769801728611,297.262511192552,301.191520584543
162000,147.711599999978,-400567.62195378,903245.523754306,502677.901800526,301.232457480176,301.387877972821,300.877816770513
162100,147.802779999979,-382246.875548905,884908.336146626,502661.460597721,295.117003884151,285.711449214959,301.14144282704
162200,147.89395999998,-367450.867505869,870193.208772897,502742.341267028,290.209507678138,289.387111870449,290.515930293531
162300,147.985139999981,-375701.128089385,878521.569493777,502820.441404392,292.987016672929,297.681344755994,289.613308770325
162400,148.076319999982,-383226.493746614,886081.573923383,502855.080176769,295.508278780518,287.393491384349,300.671880145647
162500,148.167499999983,-362559.426329911,865373.208499443,502813.782169532,288.602037185074,290.150891918776,287.328965664951
162600,148.258679999984,-374921.053977969,877626.898149709,502705.84417174,292.688643705089,297.872998668072,288.988499860012
162700,148.349859999986,-388573.294259133,891227.652797044,502654.358537911,297.224496513938,299.625757298294,295.375968910606
162800,148.441039999987,-373271.328401635,875921.006896717,502649.678495082,292.119728829987,281.111204600528,299.215311875602
162900,148.532219999988,-347073.649242305,849845.31503551,502771.665793204,283.423483420213,277.113408704479,287.394013661185
163000,148.623399999989,-368831.426510401,871614.528277876,502783.101767475,290.683517851551,289.53045302094,291.209991473749
163100,148.71457999999,-378045.899323696,880915.004196088,502869.104872392,293.785227345702,294.172115883254,293.282480631213
163200,148.805759999991,-370862.849376456,873652.554761455,502789.705384999,291.363199853745,284.132488842554,295.940871194662
163300,148.896939999992,-367090.606463737,869852.091652944,502761.485189207,290.095745090193,292.700988380831,288.117169775525
163400,148.988119999994,-387654.334941488,890336.737353742,502682.402412254,296.927376139317,296.448951600951,296.998886351447
163500,149.079299999995,-398135.291368888,900738.500683736,502603.209314848,300.396365077117,287.941253786218,308.449442300153
163600,149.170479999996,-374162.837392395,876923.28056691,502760.443174514,292.453987182561,294.360723394575,290.939118051901
163700,149.261659999997,-377255.1498485,880058.017578508,502802.867730009,293.499422237288,293.677288666431,293.136261765996
163800,149.352839999998,-360714.487911463,863532.804842273,502818.31693081,287.988262411964,281.079961757168,292.35380596315
163900,149.444019999999,-365977.335581428,868804.55887911,502827.223297681,289.746392822781,280.005287857913,295.999007472008
164000,149.5352,-383228.677274609,885917.996566135,502689.319291526,295.453725718237,289.656022300568,299.072649891918
164100,149.626380000002,-375698.215563245,878455.307544285,502757.09198104,292.964918307249,285.805766008157,297.493549074722
164200,149.717560000003,-380851.535794721,883495.528600488,502643.992805767,294.645832449721,302.618482372636,289.085194307402
164300,149.808740000004,-380197.66870107,882965.866698596,502768.197997526,294.469190161279,289.935145773861,297.246495427758
164400,149.899920000005,-390141.742244763,892858.94900559,502717.206760827,297.768533935498,311.227021531297,288.548068426686
164500,149.991100000006,-372724.73079661,875575.911785669,502851.18098906,292.004639581681,290.469439487901,292.784769111215
164600,150.082280000007,-381339.058607004,884078.885186327,502739.826579323,294.840381919736,293.162094681861,295.713539760053
164700,150.173460000008,-395056.507695752,897859.771140017,502803.263444265,299.436308534273,304.801621957746,295.609902661513
164800,150.26464000001,-378920.414506567,881624.323895655,502703.909389088,294.021785524647,294.134602978539,293.701555734117
164900,150.355820000011,-370585.050212277,873315.337081613,502730.286869336,291.250737729402,287.989349603599,293.182287531829
165000,150.447000000012,-364059.215824096,866787.918633638,502728.702809542,289.073843132779,280.789545116296,294.355813607824
165100,150.538180000013,-376711.319363903,879491.442167971,502780.122804068,293.310469290636,291.915243049799,293.996194726784
165200,150.629360000014,-369282.36332169,872087.471550984,502805.108229294,290.841244472564,299.53046596824,284.806062438387
165300,150.720540000015,-382498.073605436,885286.876715285,502788.80310985,295.243247195359,292.713853966007,296.683473308932
165400,150.811720000016,-370030.263467329,872858.143160807,502827.879693478,291.098263518695,294.467764078913,288.609347925617
165500,150.902900000018,-369056.778881006,871879.353467306,502822.5745863,290.771837074306,297.548529266404,286.011732415344
165600,150.994080000019,-374924.572325202,877713.390708726,502788.818383523,292.717488980732,298.454347831853,288.648985172501
165700,151.08526000002,-371334.478484596,874092.615900126,502758.13741553,291.509960280182,296.729001900371,287.787674233156
165800,151.176440000021,-389223.613959385,891965.833294944,502742.219335558,297.470679771534,296.634340946877,297.780346754829
165900,151.267620000022,-377216.380474228,880050.482597843,502834.102123615,293.496909320608,290.584073499047,295.194219110548
166000,151.358800000023,-373726.306459251,876554.876864715,502828.570405465,292.331124517164,293.576512402669,291.257256656395
166100,151.449980000024,-366926.877960749,869809.081450516,502882.203489767,290.081401184097,295.625223163999,286.143785363177
166200,151.541160000026,-392085.078635042,894871.742984171,502786.664349128,298.439800895171,297.886575911906,298.559917716603
166300,151.632340000027,-385745.169362701,888571.938964076,502826.769601375,296.338815729223,293.235878118371,298.160491790015
166400,151.723520000028,-392050.150142505,894729.611445352,502679.461302846,298.392400015125,299.945088297969,297.108614159884
166500,151.814700000029,-370860.787126118,873674.080144303,502813.293018185,291.37037857072,288.878182108113,292.789034230314
166600,151.90588000003,-398578.095042827,901316.005620746,502737.910577919,300.58896302176,303.885618107442,298.14070216212
166700,151.997060000031,-373949.145228107,876806.335059304,502857.189831196,292.414985846024,285.338321969351,296.889082608936
166800,152.088240000032,-368417.121775526,871221.250952513,502804.129176986,290.552359830753,278.077313616232,298.626930340574
166900,152.179420000034,-378908.084997745,881765.948104956,502857.863107211,294.069017210257,305.698215556886,286.071160798163
167000,152.270600000035,-371964.079064802,874811.010502751,502846.931437949,291.749544940054,295.999515118112,288.673106867231
167100,152.361780000036,-392546.627636826,895290.856415576,502744.22877875,298.579575259488,286.54812488866,306.351725860658
167200,152.452960000037,-382193.274152086,885000.310753917,502807.036601831,295.147677423351,296.085224240118,294.276689814318
167300,152.544140000038,-393195.416953692,895887.366261292,502691.949307599,298.778511342769,294.611203949231,301.307734179009
167400,152.635320000039,-364113.077415546,866953.410480054,502840.333064508,289.129034677357,289.337591937581,288.749055641643
167500,152.726500000041,-381536.174610448,884338.807986594,502802.633376145,294.927066195296,284.856996114813,301.394673693789
167600,152.817680000042,-349839.041967042,852747.419942759,502908.377975717,284.391335648744,287.81520663855,281.871762209167
167700,152.908860000043,-381765.321950965,884543.124983311,502777.803032346,294.995205930736,296.212861883239,293.937605957459
167800,153.000040000044,-374975.209962074,877768.522843315,502793.312881241,292.735875552214,291.569227142595,293.269694595667
167900,153.091220000045,-361643.741478201,864375.681207349,502731.939729148,288.269361749991,286.925801081939,288.9248443939
168000,153.182400000046,-374282.623772233,877053.959123787,502771.335351555,292.497568492175,288.069731888705,295.205711587413
168100,153.273580000047,-372361.384766138,875107.804130399,502746.419364261,291.848525639619,298.474223114064,287.18818688529
168200,153.364760000049,-376750.386502587,879557.455755523,502807.069252936,293.332484827588,290.747296252557,294.811500140252
168300,153.45594000005,-363381.738169033,866219.687408581,502837.949239548,288.884337971846,293.525929380832,285.549206750878
168400,153.547120000051,-351098.840099201,853945.681325141,502846.84122594,284.790955919673,282.088351780086,286.355366216132
168500,153.638300000052,-357100.633235087,859876.183445267,502775.55021018,286.768778871191,288.671547495177,285.261292472808
168600,153.729480000053,-370182.900587526,872934.748471812,502751.847884285,291.123811396302,285.026350069017,294.946182438328
168700,153.820660000054,-373049.775033612,875791.256474738,502741.481441126,292.076457053439,289.509462129332,293.5443899553
168800,153.911840000055,-371499.658825251,874321.986378242,502822.327552991,291.586455353758,296.860964469374,287.827127230551
168900,154.003020000057,-369992.010838391,872793.366429646,502801.355591255,291.076660473452,284.51144097055,295.210909591659
169000,154.094200000058,-367842.016072603,870686.576047173,502844.55997457,290.374045705244,290.823652263482,289.83232962833
169100,154.185380000059,-381645.457805575,884436.592834658,502791.135029083,294.959677450278,292.933185641317,296.064872258376
169200,154.27656000006,-366409.613388883,869227.260990461,502817.647601578,289.88736401216,291.524340381699,288.554473629124
169300,154.367740000061,-374328.421343207,877067.891916408,502739.4705732,292.502215079676,293.625612820373,291.509531406645
169400,154.458920000062,-372955.823056353,875739.588144384,502783.765088031,292.059225660959,299.487154530331,286.863890393326
169500,154.550100000063,-388454.456465892,891164.826267579,502710.369801687,297.203543861123,299.650970292766,295.324256620145
169600,154.641280000065,-393973.806958959,896742.398564481,502768.591605522,299.063664687171,291.486786760835,303.865696917488
169700,154.732460000066,-370863.177540491,873625.018026636,502761.840486146,291.354016350387,296.645207713227,287.583760428203
169800,154.823640000067,-357448.945402039,860308.718797253,502859.773395214,286.913029447141,286.083414180477,287.227012100378
169900,154.914820000068,-370307.07438142,873064.522551056,502757.448169636,291.16709106255,297.619531632475,286.622824773381
170000,155.006000000069,-377264.883191816,880028.588836409,502763.705644593,293.489607749344,295.978840198904,291.585544776514
170100,155.09718000007,-374714.094311882,877466.007972634,502751.913660752,292.63498681762,284.281231120699,297.960294793219
170200,155.188360000071,-382697.13454297,885461.187224921,502764.052681951,295.301379764856,295.328844224948,295.036985641657
170300,155.279540000073,-365660.623535406,868488.796154251,502828.172618845,289.641085927714,296.95844058822,284.52148191577
170400,155.370720000074,-360705.004021095,863483.932716023,502778.928694928,287.971963553785,291.460905226463,285.406025802371
170500,155.461900000075,-373747.811885546,876535.356138324,502787.544252777,292.324614353285,290.750129957324,293.130666771963
170600,155.553080000076,-376915.043422895,879608.809761622,502693.766338727,293.349611392904,292.775045409928,293.48819737206
170700,155.644260000077,-380721.455315302,883479.321662554,502757.866347251,294.640427434568,299.907807213528,290.883307225733
170800,155.735440000078,-379081.870256747,881854.274227072,502772.403970325,294.098473979347,293.392581796828,294.323986706043
170900,155.826620000079,-371901.902713812,874685.789281411,502783.886567598,291.707783652296,293.465335597914,290.292992535507
171000,155.917800000081,-373818.932539242,876539.198501703,502720.265962461,292.325895781792,285.81104952351,296.425521707493
171100,156.008980000082,-373461.347206999,876228.17619405,502766.82898705,292.222169816258,283.252761825529,297.958256668564
171200,156.100160000083,-380800.641840006,883529.975009997,502729.333169992,294.657320330164,295.139436998324,294.090361451115
171300,156.191340000084,-372150.53433115,874946.669346787,502796.135015637,291.79478717585,284.402069710194,296.480103163642
171400,156.282520000085,-370279.548647061,873009.271373917,502729.722726856,291.148664790367,290.813627291881,291.129399235366
171500,156.373700000086,-384290.271303014,887055.902505535,502765.631202521,295.8332174439,302.184876012984,291.352250716641
171600,156.464880000087,-377834.481438932,880559.470352035,502724.988913103,293.666656779068,288.26697067144,297.021725303504
171700,156.556060000089,-357859.911479193,860655.210860298,502795.299381106,287.028584579056,285.8889187568,287.549171306742
171800,156.64724000009,-384803.094369177,887511.52697532,502708.432606144,295.985168242561,288.997519316327,300.396946553183
171900,156.738420000091,-377894.993872027,880606.888178359,502711.894306332,293.6824706281,295.244597503127,292.396317319226
172000,156.829600000092,-365735.859853923,868513.917210606,502778.057356683,289.649463802103,286.927672378747,291.222616864505
172100,156.920780000093,-377544.966631482,880326.967627854,502782.000996372,293.589117101168,298.767784005826,289.892014900479
172200,157.011960000094,-365821.687096891,868692.285782956,502870.598686065,289.708949735853,294.243472202706,286.444510633171
172300,157.103140000095,-380677.397550784,883400.663491706,502723.265940922,294.614194928033,291.151061140436,296.677438957324
172400,157.194320000097,-368228.963616925,871019.236957522,502790.273340597,290.484988146581,293.48908322435,288.240187271278
172500,157.285500000098,-389570.485348158,892195.250408489,502624.765060331,297.547190398029,294.563264036352,299.288518647147
172600,157.376680000099,-373796.459277587,876593.045148641,502796.585871054,292.343853643035,300.608013916279,286.590793582836
172700,157.4678600001,-385912.085434526,888612.49998568,502700.414551154,296.35234283331,300.345677714859,293.44315929325
172800,157.559040000101,-370234.938182786,873092.993584362,502858.055401577,291.176586154531,285.17862754214,294.93257807433
172900,157.650220000102,-364365.068235645,867158.909566244,502793.841330599,289.197568639735,295.101176419101,285.02083214629
173000,157.741400000104,-362412.397661134,865235.976114207,502823.578453073,288.556270173155,289.299878956432,287.820067425828
173100,157.832580000105,-375536.463623694,878268.952617391,502732.488993697,292.902768923592,293.939865781334,291.967285377661
173200,157.923760000106,-379632.767806297,882346.390786432,502713.622980134,294.262594892924,289.384772911612,297.26925738472
173300,158.014940000107,-379109.239565354,881815.580792501,502706.341227147,294.085569715691,291.949834259563,295.264322045013
173400,158.106120000108,-362089.138592987,864889.643441203,502800.504848217,288.440768197833,292.236285246137,285.670056192133
173500,158.197300000109,-367658.674764488,870467.394461553,502808.719697065,290.300948628165,293.478356755036,287.940759086395
173600,158.28848000011,-372560.452322695,875416.489596804,502856.037274109,291.951472268402,275.41922435929,302.729677980919
173700,158.379660000112,-374928.854700036,877694.985075929,502766.130375893,292.71135070066,281.227313170738,300.123449595025
173800,158.470840000113,-366591.79627747,869349.757126754,502757.960849283,289.928216483826,284.400083367889,293.372031714048
173900,158.562020000114,-361886.059742433,864603.543882792,502717.484140358,288.34535397125,287.546686781185,288.637510969651
174000,158.653200000115,-363061.986775931,865784.232840828,502722.246064896,288.739113837195,289.674431941538,287.8749525061
174100,158.744380000116,-365113.701211995,867903.44424058,502789.743028585,289.445871015701,291.617429343235,287.756960571497
174200,158.835560000117,-386336.857526798,889123.86146646,502787.003939661,296.522881929785,285.478094425183,303.638971197911
174300,158.926740000118,-382861.74524811,885661.314637682,502799.569389572,295.368122273698,299.237062432231,292.542688732782
174400,159.01792000012,-378819.408620749,881638.120420817,502818.711800068,294.026386666939,289.714597003898,296.655891120076
174500,159.109100000121,-392146.09228731,894868.637136891,502722.544849582,298.438765094844,286.364182358858,306.239787947923
174600,159.200280000122,-373087.249821655,875858.510614991,502771.260793335,292.098886314821,304.718925048507,283.442111420436
174700,159.291460000123,-378649.613210501,881398.156940137,502748.543729637,293.946358826125,280.595907151453,302.601704643552
174800,159.382640000124,-383681.182026312,886467.319771335,502786.137745023,295.636925052971,289.298582076708,299.616122932936
174900,159.473820000125,-359926.918423936,862751.801286015,502824.882862079,287.727797660836,283.909994512817,290.033226594797
175000,159.565000000126,-376660.701701389,879367.175337243,502706.473635854,293.269026292227,289.579583035329,295.484264274916
175100,159.656180000128,-362670.195662007,865434.922288947,502764.72662694,288.622618739019,293.687171917549,285.005731104382
175200,159.747360000129,-361993.41491094,864706.100959636,502712.686048696,288.379556764928,285.701098761781,289.924879136388
175300,159.83854000013,-368374.21101031,871216.667200648,502842.456190338,290.550831149124,284.475485090723,294.3589361621
175400,159.929720000131,-385569.562661369,888335.321436587,502765.758775218,296.259903764078,296.460286353825,295.879432117776
175500,160.020900000132,-371351.401394575,874116.887394621,502765.486000046,291.51805482562,291.146201595659,291.523025266572
175600,160.112080000133,-376679.305212673,879417.882954342,502738.577741669,293.285937286757,296.005911957701,291.228215891723
175700,160.203260000134,-374840.098699875,877556.495237348,502716.396537473,292.665164327947,290.410518635919,293.924373819025
175800,160.294440000136,-385040.364016604,887688.980779699,502648.616763095,296.044349101117,297.112902802338,295.085276342719
175900,160.385620000137,-382262.450585591,884939.043696613,502676.593111022,295.127244854632,299.682695432427,291.844338432055
176000,160.476800000138,-379697.019086379,882396.525161426,502699.506075047,294.279314711164,296.346051023703,292.656257740546
176100,160.567980000139,-390095.235631976,892912.789817847,502817.554185871,297.786489850874,293.485887547177,300.40540264513
176200,160.65916000014,-365065.016630036,867886.346492542,502821.329862506,289.440168915305,302.347899378618,280.593815132334
176300,160.750340000141,-367252.417468151,870026.01337632,502773.595908169,290.15374799944,281.110535831906,295.940761321129
176400,160.841520000142,-381520.705866373,884149.468705805,502628.762839432,294.863921529366,293.27436139503,295.677908350982
176500,160.932700000144,-381594.405144028,884298.523654321,502704.118510292,294.913631367124,289.43853686838,298.317933006814
176600,161.023880000145,-382061.368376067,884776.582350056,502715.213973989,295.07306398201,296.313277795457,294.000360553062
176700,161.115060000146,-362573.964417935,865385.94109701,502811.976679075,288.606283507424,288.963214735068,288.127824119405
176800,161.206240000147,-360190.957862323,863036.390420315,502845.432557992,287.822708160852,289.30478703586,286.594803320712
176900,161.297420000148,-376734.794605926,879512.829295141,502778.034689215,293.31760189933,279.106499517515,302.547238818957
177000,161.388600000149,-362869.805255651,865643.468074275,502773.662818624,288.692168775813,285.881256054534,290.325533782686
177100,161.47978000015,-375579.490745321,878236.410077308,502656.919331988,292.891915983761,279.141535818966,301.814759496972
177200,161.570960000152,-383806.318674842,886511.239994314,502704.921319472,295.651572450997,293.528386334098,296.820653551887
177300,161.662140000153,-392102.325276673,894776.684784064,502674.35950739,298.40809897751,289.714039255985,303.955465376046
177400,161.753320000154,-363917.559594846,866684.582318571,502767.022723725,289.039380463088,287.499748602529,289.824935553074
177500,161.844500000155,-392900.186510058,895680.572492911,502780.385982853,298.709545603772,293.901388084484,301.666059328626
177600,161.935680000156,-361553.391651825,864372.640815448,502819.249163623,288.268347779039,286.343796317665,289.311158463473
177700,162.026860000157,-381177.928841425,883873.444321381,502695.515479956,294.771867374147,295.474422948965,294.057853768124
177800,162.118040000158,-394664.65380743,897339.657377178,502675.003569749,299.262850551002,288.047234721745,306.490542061714
177900,162.20922000016,-400905.781950579,903523.011937911,502617.229987332,301.324999812543,300.978127706722,301.305143716579
178000,162.300400000161,-383253.961344538,886011.696008091,502757.734663553,295.484974489942,295.631153775032,295.141284154473
178100,162.391580000162,-354599.555250184,857473.60971761,502874.054467426,285.967520332703,286.918889504048,285.094967951529
178200,162.482760000163,-360292.498907543,863130.595314265,502838.096406722,287.854125500839,297.918698062412,280.904532021873
178300,162.573940000164,-375742.522417117,878437.671815217,502695.1493981,292.959036790134,278.416919662401,302.409649011298
178400,162.665120000165,-383977.063878423,886598.626349067,502621.562470643,295.680715807593,284.563884943136,302.84553578739
178500,162.756300000167,-383172.410654254,885826.41057818,502653.999923927,295.423181783619,292.382093801957,297.204387786573
178600,162.847480000168,-370481.945266648,873290.686813934,502808.741547286,291.242516863076,284.533313911615,295.47261673333
178700,162.938660000169,-367591.335340639,870365.171365485,502773.836024846,290.266857217104,288.244277862875,291.373354405575
178800,163.02984000017,-362731.422799448,865539.4115129,502807.988713453,288.657465903919,288.849661745402,288.288787454676
178900,163.121020000171,-383176.8393682,885902.911973397,502726.072605197,295.448695005302,288.58434228133,299.778722908778
179000,163.212200000172,-380388.839816156,883117.996534231,502729.156718075,294.519925474147,297.036475581063,292.596792131642
179100,163.303380000173,-385551.531542744,888235.158519776,502683.626977032,296.22649942297,291.694060268919,299.001270109486
179200,163.394560000175,-395271.09214804,897874.269343681,502603.177195641,299.441143686403,300.597161119967,298.420931110955
179300,163.485740000176,-387807.860777103,890487.591392334,502679.730615231,296.977685973765,285.559038941555,304.342635923593
179400,163.576920000177,-373335.282688497,876110.060631413,502774.777942916,292.182778266271,292.712011294925,291.586470598613
179500,163.668100000178,-363206.914423303,866073.824793639,502866.910370336,288.835692777602,291.106493550023,287.08112918534
179600,163.759280000179,-362770.953258817,865607.169516543,502836.216257726,288.680063203783,298.114603397428,282.149803022016
179700,163.85046000018,-381068.138652028,883741.030143745,502672.891491717,294.727707234866,299.109466532464,291.560927947104
179800,163.941640000181,-403472.150935375,906049.053153038,502576.902217664,302.167434768397,311.21388098638,295.884664427434
179900,164.032820000183,-393896.123523792,896511.005665669,502614.882141877,298.986495136124,297.158569698838,299.955956681702
180000,164.124000000184,-370865.526219614,873593.563162122,502728.036942508,291.343526150449,295.003796922511,288.66055936395
180100,164.215180000185,-372135.239236842,874964.883436144,502829.644199301,291.800861576169,287.310291731793,294.551407421106
180200,164.306360000186,-386368.124445246,889126.496581182,502758.372135935,296.523760740764,307.581721296974,288.904683902674
180300,164.397540000187,-365843.811553607,868630.447561163,502786.636007556,289.68832668373,294.560267266912,286.19895935604
180400,164.488720000188,-379965.616973495,882665.334930147,502699.717956652,294.368962791445,290.672954441823,296.587660888868
180500,164.579900000189,-373244.23135289,875944.132687068,502699.901334178,292.127441282998,282.638634130225,298.209873183777
180600,164.671080000191,-379880.262269749,882506.145323159,502625.883053409,294.315873044242,295.391038374309,293.353832929992
180700,164.762260000192,-394283.726226643,896942.467817198,502658.741590555,299.130387799633,296.564333286521,300.591815485207
180800,164.853440000193,-376191.7122532,878930.774869811,502739.062616611,293.123486699954,284.191783087541,298.833686202645
180900,164.944620000194,-380296.662328185,883142.627237647,502845.964909462,294.52813981579,300.204840133545,290.498232820774
181000,165.035800000195,-379927.027402548,882711.373334686,502784.345932138,294.384316603197,292.029237084803,295.709049351623
181100,165.126980000196,-381881.753990476,884567.970564615,502686.216574139,295.003491934172,284.347679260282,301.861530806819
181200,165.218160000197,-384317.311831616,887010.765097016,502693.4532654,295.818164114396,284.249530312077,303.284071512514
181300,165.309340000199,-387216.099755981,889921.878289881,502705.7785339,296.78902060693,303.262365261961,292.226133319738
181400,165.4005200002,-358790.879968055,861617.066890564,502826.186922509,287.349363645344,284.898059867484,288.74410836088
181500,165.491700000201,-388256.601922623,891067.930739658,502811.328817035,297.171229194483,286.146591191595,304.27334517208
181600,165.582880000202,-374069.603649329,876859.627311653,502790.023662324,292.432758816626,291.321084423923,292.930181112747
181700,165.674060000203,-370396.475040109,873129.096574985,502732.621534876,291.188626504914,291.018604310333,291.05931744588
181800,165.765240000204,-382806.107903246,885495.734568723,502689.626665477,295.312901306894,298.515375933845,292.931824137838
181900,165.856420000205,-379560.759474882,882322.464577307,502761.705102425,294.254615500186,298.27074846793,291.331981342107
182000,165.947600000207,-374147.829723271,876909.727065836,502761.897342566,292.449467088823,293.148608393522,291.739664996449
182100,166.038780000208,-368189.609260977,870943.591301944,502753.982040967,290.459760314138,294.061457575593,287.816579006241
182200,166.129960000209,-394148.86217516,896856.131013028,502707.268837868,299.101594468244,298.918967821311,298.974094237475
182300,166.22114000021,-387111.364089731,889823.938786026,502712.574696295,296.756357774229,296.598575498315,296.614248993359
182400,166.312320000211,-380173.207780989,882921.578470229,502748.37068924,294.454420033426,297.690541085031,292.051627315661
182500,166.403500000212,-378660.423977843,881326.261790049,502665.837812206,293.922381787577,294.321511494788,293.411359997947
182600,166.494680000213,-383841.048212828,886502.606763323,502661.558550495,295.648693267741,301.73423054939,291.345294502251
182700,166.585860000215,-396917.720817084,899625.060278476,502707.339461392,300.02503260913,305.014065023269,296.448990139196
182800,166.677040000216,-355630.229493349,858481.863854628,502851.634361278,286.303773171462,275.261326265424,293.426817964509
182900,166.768220000217,-366545.64327172,869331.959831908,502786.316560188,289.922281084512,284.82347093086,293.079885952709
183000,166.859400000218,-365436.940726286,868169.32388021,502732.383153923,289.534541897685,291.074439930341,288.266664424333
183100,166.950580000219,-378301.040877475,880902.326194958,502601.285317483,293.780999231268,295.652404398741,292.288578286927
183200,167.04176000022,-377028.896563333,879798.230662148,502769.334098815,293.412783279022,289.235748607628,295.952962407219
183300,167.132940000221,-383368.454735359,886159.065657028,502790.610921669,295.534122280149,283.987136634033,302.985834275661
183400,167.224120000223,-347731.638202908,850677.889259743,502946.251056835,283.701146993411,286.669867096041,281.485582635829
183500,167.315300000224,-357248.848488864,860058.15489091,502809.306402046,286.829466363485,278.928291277383,291.857891865584
183600,167.406480000225,-376817.426779982,879541.456400806,502724.029620823,293.327149041456,277.360756090973,303.726971717577
183700,167.497660000226,-378615.774862601,881358.695371182,502742.920508581,293.933198389589,289.635221812905,296.553571775387
183800,167.588840000227,-370381.949790918,873085.129874371,502703.180083453,291.173963606594,278.179801064125,299.594093665233
183900,167.680020000228,-372469.250066116,875291.696780602,502822.446714485,291.909853853794,283.496406195586,297.275560747721
184000,167.771200000229,-362135.594539157,864907.836863041,502772.242323884,288.446835705533,288.528776725686,288.151835995676
184100,167.862380000231,-359941.253837033,862800.479402762,502859.225565729,287.744031816829,285.479732258706,289.013778162396
184200,167.953560000232,-375193.169188457,878003.504619721,502810.335431263,292.814241994237,290.269216792572,294.266913593687
184300,168.044740000233,-369630.957805134,872471.983039711,502841.025234577,290.969479086113,299.036652159794,285.348889137755
184400,168.135920000234,-388874.054427313,891591.188108387,502717.133681074,297.345735570581,302.939108796586,293.369031973602
184500,168.227100000235,-368799.066216906,871525.512147672,502726.445930766,290.653830964706,286.051080074643,293.480120032277
184600,168.318280000236,-361341.594222062,864117.865896402,502776.271674339,288.183380322295,285.600721169492,289.665000273895
184700,168.409460000238,-356102.233814072,858997.294150202,502895.06033613,286.47566921801,284.872005822206,287.306048424196
184800,168.500640000239,-345043.316584353,847955.37358476,502912.057000407,282.793187788814,286.81395505243,279.877015289914
184900,168.59182000024,-363251.389702888,866117.583465756,502866.193762868,288.850286298401,303.625003071885,278.759766544163
185000,168.683000000241,-374780.221246951,877561.454200189,502781.232953238,292.666818142468,295.663411055633,290.425200518572
185100,168.774180000242,-372443.686831606,875203.298504738,502759.611673132,291.880373021423,289.195776245139,293.426870561429
185200,168.865360000243,-370208.287008205,872958.231678767,502749.944670561,291.131643047779,289.935465786906,291.686484852488
185300,168.956540000244,-349178.236021342,851959.904082295,502781.668060952,284.12869904362,287.478827441913,281.658506195554
185400,169.047720000246,-358500.58722477,861344.202343148,502843.615118378,287.258363296031,292.701860622921,283.38998310869
185500,169.138900000247,-364894.426541078,867737.753736273,502843.327195195,289.3906132187,283.430561410138,293.122822246727
185600,169.230080000248,-366360.391779095,869221.148520966,502860.756741871,289.885325503074,286.978466733932,291.581660244582
185700,169.321260000249,-369787.528877373,872613.873538124,502826.344660751,291.016799579164,291.590759150839,290.391645865065
185800,169.41244000025,-375146.325559079,877873.268086046,502726.942526967,292.770808099398,294.243989328805,291.544711606378
185900,169.503620000251,-372641.202100414,875346.424062235,502705.221961821,291.928105406782,288.025409830786,294.286629036273
186000,169.594800000252,-364511.38460715,867274.537426821,502763.15281967,289.236130540877,291.588473935076,287.426871502628
186100,169.685980000254,-376571.174665941,879384.544732961,502813.370067021,293.274818987147,303.227719204243,286.395156493261
186200,169.777160000255,-375169.226631338,878032.829254939,502863.602623601,292.824021762527,297.31211884657,289.587937021696
186300,169.868340000256,-366089.997454124,868912.963840611,502822.966386487,289.78254588648,293.205550513286,287.259057347038
186400,169.959520000257,-371416.251592015,874206.383789565,502790.13219755,291.547901880795,274.104092904588,302.934151280033
186500,170.050700000258,-360545.384959909,863315.658825038,502770.27386513,287.915844197111,289.544140377238,286.590383540196
186600,170.141880000259,-381666.497373518,884384.976144705,502718.478771187,294.942463279875,291.816271330514,296.78080586005
186700,170.23306000026,-367314.204507083,870038.725906382,502724.521399299,290.157987629275,295.944619398344,286.058434793538
186800,170.324240000262,-359777.758357158,862564.066394523,502786.308037365,287.66518805887,288.101869567416,287.134346063125
186900,170.415420000263,-376272.847329359,879062.395555501,502789.548226142,293.167382209605,296.270671658668,290.854216425055
187000,170.506600000264,-366684.722788067,869466.216972532,502781.494184465,289.967055852103,293.830367228184,287.149875721505
187100,170.597780000265,-366753.997177062,869528.999494252,502775.00231719,289.987993828331,300.441003422281,282.777664104176
187200,170.688960000266,-370412.435746546,873160.995012498,502748.559265953,291.199264636484,306.138980699278,280.996787874092
187300,170.780140000267,-373307.724656457,876036.356677627,502728.63202117,292.158197991538,289.364798893491,293.77699889191
187400,170.871320000268,-381865.301157208,884590.333765412,502725.032608204,295.010950063502,296.578254822583,293.720237765729
187500,170.96250000027,-381475.703526494,884198.803773334,502723.10024684,294.8803747785,307.388102626898,286.296155900587
187600,171.053680000271,-379562.12694222,882291.707730876,502729.580788656,294.244358089337,287.50786349091,298.490150856546
187700,171.144860000272,-369935.660537919,872703.429358258,502767.768820339,291.046666452646,294.651440603755,288.400944796528
187800,171.236040000273,-380015.612707628,882755.773993051,502740.161285422,294.399124226463,290.862574816965,296.511491229272
187900,171.327220000274,-376981.911436307,879722.732207043,502740.820770736,293.38760453795,285.356503898544,298.497181960441
188000,171.418400000275,-379837.994412368,882545.941444558,502707.94703219,294.329145054046,287.570868651334,298.589388368308
188100,171.509580000276,-370381.439164471,873089.691551887,502708.252387417,291.175484926426,294.199608268005,288.916756461268
188200,171.600760000278,-371968.99237674,874692.938763649,502723.946386909,291.710168005219,285.912211769517,295.332380355683
188300,171.691940000279,-378694.197951149,881461.864492985,502767.666541836,293.967605300312,293.048744820348,294.335205949203
188400,171.78312000028,-371650.278537597,874409.745347748,502759.466810151,291.615722977405,293.944580987939,289.820137867901
188500,171.874300000281,-364056.179631317,866838.183964861,502782.004333544,289.090606624933,291.499039683116,287.24407574729
188600,171.965480000282,-376651.606937999,879375.791556886,502724.184618887,293.271899802197,303.185321571473,286.418558706176
188700,172.056660000283,-376919.968178876,879651.155965022,502731.187786147,293.363733855268,295.069554164229,291.982050537748
188800,172.147840000284,-375468.636491579,878176.680493753,502708.044002175,292.871996162666,289.901552925979,294.608231656989
188900,172.239020000286,-367783.776375137,870581.98992439,502798.213549253,290.339166224576,288.342858373149,291.42808882034
189000,172.330200000287,-389302.323227361,892010.231740495,502707.908513134,297.485486656827,296.448840678681,297.928679403376
189100,172.421380000288,-367345.752770904,870157.47503113,502811.722260226,290.19759047228,279.127750019121,297.335652782326
189200,172.512560000289,-380766.45545662,883477.567635561,502711.112178942,294.63984246642,290.320174003142,297.274088239885
189300,172.60374000029,-366000.272082313,868786.764320888,502786.492238575,289.740458336131,289.392451989374,289.731012185356
189400,172.694920000291,-375651.024248159,878378.474082718,502727.449834558,292.93929434141,285.157441318222,297.883080278251
189500,172.786100000292,-388015.191848513,890740.028720576,502724.836872064,297.061873843781,294.303060067197,298.653531466633
189600,172.877280000294,-382666.181920665,885371.517562242,502705.335641576,295.271474924876,293.659665980897,296.099954658426
189700,172.968460000295,-377202.302199441,879898.177695461,502695.87549602,293.446115622965,294.194837488196,292.702429283126
189800,173.059640000296,-369886.334381918,872609.698621508,502723.36423959,291.015407244125,295.529621362976,287.763418325521
189900,173.150820000297,-394928.632999318,897621.880827594,502693.247828275,299.356972095246,299.524778361361,298.995637107755
190000,173.242000000298,-383076.466154134,885775.281748505,502698.815594371,295.406130314659,296.524420076708,294.414432031365
190100,173.333180000299,-372911.901827248,875674.691951654,502762.790124406,292.037582775272,283.986974373051,297.161290391108
190200,173.424360000301,-359765.855558194,862498.09320093,502732.237642735,287.643185993307,292.645641577739,284.06851294869
190300,173.515540000302,-383665.841143086,886386.019105135,502720.177962048,295.609811274015,292.875155170373,297.186573833714
190400,173.606720000303,-372733.041893053,875473.368688578,502740.326795525,291.970441450251,287.09129239179,294.979898788016
190500,173.697900000304,-376957.126890478,879629.311261653,502672.184371175,293.356448644873,283.898301048172,299.417416668803
190600,173.789080000305,-383983.36792927,886724.631420508,502741.263491238,295.722738509424,290.492076763582,298.963410724561
190700,173.880260000306,-395525.111793213,898257.960425458,502732.848632246,299.569104694166,289.177214837142,306.247390344935
190800,173.971440000307,-357746.558911338,860567.988269149,502821.429357811,286.999495837635,279.703534557753,291.62430377769
190900,174.062620000309,-356369.366308741,859174.584596068,502805.218287327,286.534795596488,279.575698422583,290.935414716094
191000,174.15380000031,-354066.597184095,856771.100163157,502704.502979062,285.733233337721,281.806260021963,288.113104520447
191100,174.244980000311,-371750.010098503,874442.602115845,502692.592017342,291.626680712304,284.545382395579,296.104524022861
191200,174.336160000312,-374706.081991493,877367.554228873,502661.47223738,292.602152485867,288.192209778514,295.298279163698
191300,174.427340000313,-379385.874944518,882125.329855207,502739.454910689,294.188871053929,302.142620304201,288.641214161203
191400,174.518520000314,-355776.500837559,858612.613854405,502836.113016846,286.347378307289,290.05028010667,283.640154292445
191500,174.609700000315,-351298.906707524,854158.869139591,502859.962432067,284.862054073567,287.943378917214,282.570452466075
191600,174.700880000317,-346381.921107202,849220.944994556,502839.023887354,283.215255959498,277.508960350218,286.783440319053
191700,174.792060000318,-373612.981788165,876321.116183285,502708.13439512,292.253165310417,298.201742951341,288.04390257871
191800,174.883240000319,-365542.585402562,868277.989876275,502735.404473713,289.570782016433,287.186288773675,290.91913519326
191900,174.97442000032,-361963.923343163,864673.767924536,502709.844581373,288.368773695026,282.970663516075,291.727206502914
192000,175.065600000321,-371427.714950289,874243.182915618,502815.467965329,291.560174392402,291.633080551628,291.268603474258
192100,175.156780000322,-361329.552675506,864180.937992397,502851.385316891,288.204414871568,293.521674570799,284.419404726355
192200,175.247960000323,-343607.606607305,846517.122755465,502909.51614816,282.31353101733,285.866278556669,279.709771381923
192300,175.339140000325,-359984.747869877,862793.362126768,502808.61425689,287.741658204692,285.019755965464,289.31647498234
192400,175.430320000326,-385442.856426132,888128.962187482,502686.105761349,296.191082937296,292.465325545702,298.428095295911
192500,175.521500000327,-390491.976871906,893132.316981192,502640.340109285,297.859702178153,292.013070896927,301.509239947155
192600,175.612680000328,-367670.426166552,870348.874135443,502678.447968891,290.261422089526,285.080467398551,293.473507365101
192700,175.703860000329,-360051.370176398,862815.825209511,502764.455033112,287.749149644659,292.806315998929,284.137914450442
192800,175.79504000033,-355390.752507091,858220.765871763,502830.013364672,286.216696972407,285.488165360724,286.463870799386
192900,175.886220000331,-355814.948842702,858663.636191784,502848.687349082,286.364394261059,290.182650090716,283.580253379403
193000,175.977400000333,-374467.126433299,877204.372919918,502737.246486619,292.547731505725,287.06023272272,295.962274251474
193100,176.068580000334,-357934.891745147,860641.621018346,502706.729273199,287.024052365632,293.672327206269,282.352682428235
193200,176.159760000335,-393544.031611893,896162.852452187,502618.820840294,298.870386010401,293.616191788013,302.124123503652
193300,176.250940000336,-377731.3315662,880450.736851964,502719.405285763,293.630394147728,289.786091898766,295.94857031858
193400,176.342120000337,-384126.406961702,886843.803982158,502717.397020456,295.76248256867,287.990076026536,300.697618194619
193500,176.433300000338,-387513.35152897,890286.218720746,502772.867191777,296.910528171001,308.823069465085,288.721408534802
193600,176.524480000339,-365225.263697311,868002.888132408,502777.624435098,289.479035561917,298.260336565295,283.383602363364
193700,176.615660000341,-369709.459114148,872400.52693709,502691.067822942,290.945648469932,286.664353474232,293.557390426672
193800,176.706840000342,-368923.366495556,871645.274212754,502721.907717197,290.693771623396,295.652077091228,287.145989835156
193900,176.798020000343,-404371.993876688,906964.787465068,502592.793588379,302.472832237808,297.745052407086,305.372624764758
194000,176.889200000344,-378687.07444073,881410.047925492,502722.973484762,293.950324470733,285.116575585782,299.594531790308
194100,176.980380000345,-352900.734713654,855603.989752057,502703.255038403,285.344001918312,291.243692035597,281.173088505189
194200,177.071560000346,-374149.196134368,876932.722022778,502783.52588841,292.457135908881,298.433924133945,288.22889614558
194300,177.162740000347,-379351.545599025,882085.632035962,502734.086436938,294.175631827901,290.660517934822,296.273894730098
194400,177.253920000349,-389120.616450332,891859.723932867,502739.107482535,297.435292290434,297.270272608378,297.29744266823
194500,177.34510000035,-369379.009274034,872166.487786106,502787.478512073,290.867596393566,289.200975425144,291.736287375519
194600,177.436280000351,-382949.257016788,885634.786366723,502685.529349935,295.359275093121,279.870134671765,305.439235978115
194700,177.527460000352,-367508.641666995,870340.488886393,502831.847219398,290.258625608268,300.70717735041,283.051042258832
194800,177.618640000353,-386228.338227179,888858.160847416,502629.822620237,296.434270751181,311.240495495439,286.316425696049
194900,177.709820000354,-371394.289932621,874176.28562152,502781.995688899,291.537864139243,298.688534813451,286.527802136322
195000,177.801000000355,-381719.303030428,884377.170605684,502657.867575255,294.939860131961,282.837860850916,302.76207643588
195100,177.892180000357,-377566.313862086,880359.815760449,502793.501898363,293.600071956128,299.285019637566,289.565440108539
195200,177.983360000358,-370076.765571003,872837.513055713,502760.74748471,291.091383376926,294.869917695482,288.329784345075
195300,178.074540000359,-364165.152159724,866975.742540478,502810.590380754,289.13648242137,295.648459133139,284.55421754484
195400,178.16572000036,-380185.124969229,882911.019824294,502725.894855064,294.450898724127,283.283969768612,301.650142278868
195500,178.256900000361,-360168.852925554,862934.189755372,502765.336829819,287.788624230573,295.553938847149,282.371923965996
195600,178.348080000362,-373391.072950111,876119.943759098,502728.870808988,292.186074290178,293.783372026131,290.877720737634
195700,178.439260000364,-369196.386591331,871966.53745553,502770.150864198,290.800912941647,288.550387045386,292.058929445038
195800,178.530440000365,-386629.275054947,889347.038800425,502717.763745478,296.59731158927,310.795518322371,286.884676007543
195900,178.621620000366,-379429.512176886,882135.949888415,502706.437711529,294.19241283589,292.534270490425,295.05268072217
196000,178.712800000367,-371229.241031674,874012.725266632,502783.484234957,291.483316747251,290.230687279218,292.075500295317
196100,178.803980000368,-359911.381289374,862718.162605958,502806.781316584,287.716579158232,282.765982250072,290.777213281039
196200,178.895160000369,-362695.654862433,865501.367629142,502805.712766708,288.644778265513,283.33319391088,291.945297186714
196300,178.98634000037,-379701.99832714,882396.364543633,502694.366216493,294.279261145117,295.73676030245,293.062362322608
196400,179.077520000372,-388405.34084503,891102.841351813,502697.500506783,297.182871886548,289.635036106566,301.967110013296
196500,179.168700000373,-393216.038164716,895905.033958271,502688.995793555,298.784403521184,292.940107676383,302.431613748117
196600,179.259880000374,-343632.372897671,846433.467310484,502801.094412813,282.285631919454,270.282924305836,290.0521989686
196700,179.351060000375,-372484.793865684,875270.984369979,502786.190504295,291.902946263124,277.70600440505,301.124321713288
196800,179.442240000376,-366293.184736361,869087.08186848,502793.897132118,289.840614263292,279.658071671833,296.387442145712
196900,179.533420000377,-371850.081028654,874660.208925946,502810.127897292,291.699252601616,290.904041931515,291.986310337847
197000,179.624600000378,-380869.073351713,883633.752345726,502764.678994012,294.691930080282,293.234582362993,295.41791861674
197100,179.71578000038,-362819.77334289,865606.481846181,502786.708503291,288.67983386566,292.969316882452,285.579611992911
197200,179.806960000381,-368726.344920541,871449.898989586,502723.554069045,290.62861397018,288.640682197495,291.711711306996
197300,179.898140000382,-375137.651053428,877943.656834652,502806.005781224,292.794282752927,286.898416410832,296.480865078696
197400,179.989320000383,-384681.209344984,887462.259811342,502781.050466358,295.968737639267,296.055868653025,295.664009682063
197500,180.080500000384,-362577.116042497,865442.463424521,502865.347382024,288.625133708361,286.236584146182,289.97697913839
197600,180.171680000385,-375037.663953117,877800.338753632,502762.674800516,292.746486160958,285.494747397541,297.337023264768
197700,180.262860000386,-388062.079293765,890782.633054658,502720.553760893,297.076082392749,292.71591418363,299.735297796832
197800,180.354040000388,-385375.370875104,888091.062361942,502715.691486838,296.178443342318,290.08736723308,299.992345379026
197900,180.445220000389,-361382.71633703,864230.998741771,502848.282404741,288.221110135658,287.030336402357,288.774775032745
198000,180.53640000039,-375914.72629693,878740.394520615,502825.668223685,293.059994837624,292.094794595224,293.459245003526
198100,180.627580000391,-377991.329392682,880797.390301982,502806.0609093,293.746003102212,287.72459015372,297.515490065289
198200,180.718760000392,-398226.094490416,900937.627051923,502711.532561507,300.46277373751,304.409588625033,297.581178167713
198300,180.809940000393,-387113.138438292,889786.456914873,502673.318476581,296.743857567074,284.688623357443,304.533393825523
198400,180.901120000394,-374507.601682344,877258.229784321,502750.628101977,292.565692774494,283.466957453782,298.387711577657
198500,180.992300000396,-386415.543391028,889155.288064263,502739.744673235,296.533362702772,301.938213325133,292.683017818945
198600,181.083480000397,-367910.188848855,870757.557547512,502847.368698658,290.397718041525,290.152562656609,290.319156866435
198700,181.174660000398,-365650.389141581,868461.18555468,502810.796413099,289.631877790455,280.222723660574,295.663287312218
198800,181.265840000399,-381658.894704497,884498.283339127,502839.388634629,294.980251238662,299.151546904306,291.953570585533
198900,181.3570200004,-371271.541412536,874016.940388646,502745.39897611,291.484722490794,284.489881800898,295.905045681983
199000,181.448200000401,-384376.747640557,887100.060260316,502723.312619759,295.847944058801,305.574172065007,289.117252101282
199100,181.539380000402,-361842.476179958,864525.343271825,502682.867091867,288.319274060972,289.171428753987,287.510904870577
199200,181.630560000404,-383262.145500455,885973.003595631,502710.858095176,295.472070567161,304.538392931645,289.181628932032
199300,181.721740000405,-381751.474684113,884534.323123618,502782.848439505,294.992270509794,300.732595948189,290.919559992106
199400,181.812920000406,-390356.406829803,893143.274588514,502786.867758711,297.863356541108,290.661978563303,302.416055729195
199500,181.904100000407,-394456.90669147,897193.04899873,502736.14230726,299.213956644566,307.221788921671,293.626056829291
199600,181.995280000408,-392983.094667479,895692.880932167,502709.786264688,298.71365046929,295.881589891762,300.352762812252
199700,182.086460000409,-382166.941654659,884858.587615986,502691.645961327,295.100412745034,293.741786034931,295.760246874483
199800,182.17764000041,-385978.428741169,888658.161864655,502679.733123486,296.367571073755,294.15860513418,297.593242057576
199900,182.268820000412,-367469.486683276,870223.507573278,502754.020890001,290.219612330591,284.036482767505,294.09984902904
200000,182.360000000413,-383060.401566903,885783.278391391,502722.876824488,295.408797195728,301.221569696152,291.287441531116
200100,182.451180000414,-373343.798003883,876128.962074129,502785.164070246,292.189081898992,283.104791312171,298.001784721956
200200,182.542360000415,-375712.452194187,878492.406519703,502779.954325516,292.977290818644,296.856647246918,290.146905457446
200300,182.633540000416,-361594.893532547,864335.024422794,502740.130890246,288.255802708952,276.237455906277,296.027820741812
200400,182.724720000417,-364354.872605563,867090.073073416,502735.200467853,289.174611663637,275.056158306134,298.34593505892
200500,182.815900000418,-367899.382526009,870623.92750334,502724.544977331,290.353152410652,292.135323193126,288.923077595327
200600,182.90708000042,-371533.91663086,874377.954019035,502844.037388175,291.605120566628,296.783211610476,287.910055603592
200700,182.998260000421,-366749.710833384,869574.007665732,502824.296832348,290.003004057273,289.545896179994,290.066073472077
200800,183.089440000422,-362858.888080408,865733.536569942,502874.648489534,288.722206626627,286.351035517908,290.062385526918
200900,183.180620000423,-381024.959721455,883788.004737978,502763.045016523,294.743373265959,298.43906376494,292.03396012225
201000,183.271800000424,-380206.946470326,882945.107698441,502738.161228115,294.462267032997,294.877266503837,293.940215496575
201100,183.362980000425,-371381.465355427,874151.086328926,502769.620973499,291.529460173062,294.910587765183,289.032433894838
201200,183.454160000426,-373309.542987474,876064.954205033,502755.411217559,292.167735269312,295.506592440046,289.6983573761
201300,183.545340000428,-357011.728901063,859796.893533945,502785.164632882,286.742335679155,284.199897903141,288.198342250097
201400,183.636520000429,-386554.466252782,889286.256275648,502731.790022866,296.577040612189,299.628112900528,294.295844886118
201500,183.72770000043,-372015.208249642,874807.287166642,502792.078917,291.748303207151,284.298714971647,296.471571778147
201600,183.818880000431,-381682.382764139,884470.682833232,502788.300069093,294.971046467644,290.896007916868,297.441929629437
201700,183.910060000432,-348122.281718985,850923.751674104,502801.469955119,283.783142129099,275.511560331687,289.061044042266
201800,184.001240000433,-377084.023753596,879763.313959862,502679.290206266,293.401138555899,286.871160763557,297.50995613533
201900,184.092420000435,-387697.690389592,890402.633675094,502704.943285502,296.949352567982,307.976781337236,289.350275594673
202000,184.183600000436,-393419.288165303,896164.085640173,502744.79747487,298.870797278697,285.161065578094,307.7615594147
202100,184.274780000437,-376499.642393987,879324.912868585,502825.270474598,293.254931755406,297.357211169974,290.275699702566
202200,184.365960000438,-370995.770610432,873802.142542964,502806.371932533,291.41308739135,295.808949550727,288.239668378939
202300,184.457140000439,-387038.999934022,889801.362983383,502762.36304936,296.748828742165,296.475077097624,296.684039147907
202400,184.54832000044,-374944.518767822,877717.349389333,502772.830621511,292.718809201045,289.508463874772,294.615107077559
202500,184.639500000441,-392896.212023344,895605.933958915,502709.721935571,298.684653646462,297.580323247238,299.171970034574
202600,184.730680000443,-379039.831156128,881801.106043908,502761.274887781,294.080742385829,291.746424102325,295.391887289511
202700,184.821860000444,-372721.041609767,875399.613798557,502678.57218879,291.94584418828,287.074209733155,294.950312288207
202800,184.913040000445,-371733.772806761,874500.703467148,502766.930660387,291.646057517808,284.969887285004,295.853799291746
202900,185.004220000446,-383148.629934813,885877.320591744,502728.690656931,295.440160277387,295.771843576344,294.972837944518
203000,185.095400000447,-368491.802491099,871305.94373419,502814.141243091,290.580604880504,289.928832165356,290.772969519869
203100,185.186580000448,-378847.014643469,881579.199045831,502732.184402362,294.006736383469,296.340993806104,292.205559154726
203200,185.277760000449,-396352.947764369,899057.923513487,502704.975749119,299.835892450721,297.349730341456,301.243470613188
203300,185.368940000451,-383307.478531607,886013.765782624,502706.287251017,295.485664759921,293.109634388294,296.823446953706
203400,185.460120000452,-384495.618463795,887224.448238768,502728.829774973,295.889427459986,298.835180335292,293.6790176869
203500,185.551300000453,-370700.387201098,873489.739181024,502789.351979926,291.308900844097,291.660799092556,290.831544594421
203600,185.642480000454,-390690.273380532,893435.330045007,502745.056664474,297.960757060199,284.006717237269,307.015149644603
203700,185.733660000455,-370304.32036853,873057.154382307,502752.834013777,291.164633777658,291.728424038168,290.54613640917
203800,185.824840000456,-383106.754935511,885812.107804543,502705.352869032,295.418411807418,297.026787790584,294.099979142134
203900,185.916020000457,-393832.423971093,896569.956907373,502737.53293628,299.006155380148,296.15522871005,300.657601364062
204000,186.007200000459,-389571.542386789,892300.316277284,502728.773890495,297.582229874032,303.260218649874,293.548918831909
204100,186.09838000046,-379941.60033443,882707.343542755,502765.743208325,294.382972667252,292.60996041166,295.319661693757
204200,186.189560000461,-404184.375023511,906838.988345884,502654.613322373,302.430878221072,293.484967362973,308.142793061286
204300,186.280740000462,-389150.788490487,891935.697916013,502784.909425526,297.460629620148,307.270703279203,290.672696656095
204400,186.371920000463,-356326.198123667,859133.318908253,502807.120784586,286.521033486161,290.536093969391,283.605558969436
204500,186.463100000464,-374354.980210255,877128.392166804,502773.41195655,292.522391918227,294.060454709722,291.253248063966
204600,186.554280000465,-384877.550601192,887581.900620686,502704.350019494,296.008637859158,289.858621030654,299.861975213278
204700,186.645460000467,-377081.485832152,879750.919194682,502669.433362531,293.397004900678,285.443589513149,298.454784321612
204800,186.736640000468,-372188.417694656,874943.142447827,502754.724753171,291.793610954753,282.261688827302,297.905064363927
204900,186.827820000469,-375001.574340952,877763.170695123,502761.596354171,292.734090610346,292.555044525652,292.609509591301
205000,186.91900000047,-367785.570412281,870600.567433078,502814.997020798,290.345361825272,289.960822327707,290.359767022128
205100,187.010180000471,-389074.9416876,891817.651772769,502742.710085169,297.421261221534,289.920982965948,302.173595674239
205200,187.101360000472,-371100.155506017,873887.178099364,502787.022593347,291.441446756499,300.528105356035,285.140806484511
205300,187.192540000473,-380948.097197351,883712.431763273,502764.334565922,294.718169672594,295.012753231019,294.276182158917
205400,187.283720000475,-387951.744987648,890728.542552577,502776.797564929,297.058043205795,288.099453213879,302.782888164401
205500,187.374900000476,-383307.486948287,886041.730542582,502734.243594295,295.494991009699,299.429836272383,292.625515008734
205600,187.466080000477,-378488.004262576,881198.598269815,502710.594007239,293.879805992935,288.391197391441,297.293978555603
205700,187.557260000478,-368418.928040867,871258.202970782,502839.274929915,290.564683331927,296.30220435499,286.497532080442
205800,187.648440000479,-369426.466488502,872213.823605382,502787.35711688,290.883382893241,290.297980247578,291.031248504605
205900,187.73962000048,-359399.35122475,862328.325841186,502928.974616436,287.586568564678,287.420213571281,287.457816419805
206000,187.830800000481,-376327.199520645,879042.47998272,502715.280462075,293.160740364422,285.955261520668,297.720092309955
206100,187.921980000483,-374271.865622133,877106.82093537,502834.955313236,292.515197910745,289.551179882063,294.247447264942
206200,188.013160000484,-392974.934544172,895632.610645006,502657.676100834,298.693550323497,294.069245088657,301.527509188121
206300,188.104340000485,-367040.715311205,869837.703656952,502796.988345747,290.09094669233,293.206561453286,287.77212772945
206400,188.195520000486,-373514.625705394,876245.53052182,502730.904816427,292.227957486016,279.822203487931,300.254936853502
206500,188.286700000487,-373166.063844346,875976.929165769,502810.865321424,292.138378911379,290.432216899942,293.032371603244
206600,188.377880000488,-379682.716774964,882494.655994808,502811.939219845,294.312041352279,284.252335613306,300.773251810467
206700,188.469060000489,-375879.250663947,878718.679272905,502839.428608958,293.052752800702,286.383576948295,297.254659408307
206800,188.560240000491,-367641.25377851,870527.847058717,502886.593280207,290.32110957436,290.028564840232,290.274205139132
206900,188.651420000492,-377339.648531447,880042.742154143,502703.093622696,293.494327881989,286.521175250592,297.898517696351
207000,188.742600000493,-385413.574705242,888099.205811103,502685.631105861,296.181159183293,292.04896837527,298.689135422655
207100,188.833780000494,-389509.737966362,892135.771213124,502626.033246762,297.527354081415,285.06504702197,305.587619325977
207200,188.924960000495,-370216.539471631,873055.487077779,502838.947606149,291.164077731459,288.023829316854,293.014939943086
207300,189.016140000496,-357571.034036175,860405.13579683,502834.101760655,286.945184524539,282.915169347288,289.392740322268
207400,189.107320000498,-360828.696997872,863770.735848615,502942.038850743,288.067612422416,297.799691308153,281.339503488241
207500,189.198500000499,-365279.921442769,868033.681346941,502753.759904173,289.489305101531,285.351619303733,292.006521212477
207600,189.2896800005,-365366.627682379,868129.403003762,502762.775321383,289.521228282062,289.234993183029,289.470783991183
207700,189.380860000501,-378638.447820949,881330.540124911,502692.092303961,293.92380861261,299.068984782771,290.24875465866
207800,189.472040000502,-388226.266213306,890920.835607535,502694.569394228,297.122172955656,304.421115702767,292.008609313453
207900,189.563220000503,-357343.745867452,860117.531787889,502773.785920438,286.849268563578,273.792566779931,295.314695362206
208000,189.654400000504,-383333.56889765,886115.45237363,502781.88347598,295.5195772465,309.548123061935,285.920947055171
208100,189.745580000506,-359584.736447516,862505.345799411,502920.609351895,287.645604735505,297.664646247587,280.726539056838
208200,189.836760000507,-371885.622449009,874733.732200013,502848.109751004,291.723772619647,283.296034327712,297.099161670422
208300,189.927940000508,-381892.358918781,884683.006631913,502790.647713132,295.041856472207,287.785332504706,299.63367090348
208400,190.019120000509,-397378.595333184,900074.478477171,502695.883143988,300.174913615865,305.183655932862,296.585606309854
208500,190.11030000051,-383994.671191025,886684.362329446,502689.691138421,295.709308764197,296.156504026646,295.164754165261
208600,190.201480000511,-386588.929071419,889357.10201943,502768.172948011,296.600667673647,288.126105330792,302.003208679153
208700,190.292660000512,-400012.890635634,902804.678264304,502791.78762867,301.085435472504,314.452795753383,291.922957422358
208800,190.383840000514,-369015.349341549,871885.056941139,502869.70759959,290.773739183305,305.613186752309,280.638462687982
208900,190.475020000515,-372555.732490665,875355.633757992,502799.901267327,291.931176841085,286.976589378715,294.990959168629
209000,190.566200000516,-369433.818689394,872278.326083048,502844.507393654,290.90489447492,282.032649339291,296.577303819943
209100,190.657380000517,-401364.370580948,904045.124517803,502680.753936856,301.499124401469,309.1954885682,296.116965686645
209200,190.748560000518,-383603.545903227,886360.646543157,502757.10063993,295.60134952248,290.804206316825,298.553110534982
209300,190.839740000519,-391720.646910809,894440.430554822,502719.783644013,298.295958164023,302.358453672596,295.339047859835
209400,190.93092000052,-363977.970111382,866828.051725124,502850.081613742,289.087227522136,284.352209319221,292.003000301145
209500,191.022100000522,-374281.780156065,877171.927218682,502890.147062617,292.536910861658,291.121347152283,293.23683924219
209600,191.113280000523,-377263.259098124,880104.059624644,502840.800526521,293.514777263513,296.56832170566,291.23448532103
209700,191.204460000524,-382704.832884014,885524.680012227,502819.847128213,295.322554614716,299.26883551259,292.445598553955
209800,191.295640000525,-363868.889594595,866648.104354439,502779.214759844,289.027215059009,283.812213907909,292.263026480528
209900,191.386820000526,-377835.919739193,880612.53008452,502776.610345327,293.684352204275,286.542264911131,298.201006772869
210000,191.478000000527,-375045.244400972,877772.47513735,502727.230736378,292.737193642605,305.86306268568,283.742666619185
210100,191.569180000528,-389627.885434016,892433.089755081,502805.204321065,297.626509839947,290.850641112648,301.895733566613
210200,191.66036000053,-395853.462076157,898618.783244512,502765.321168355,299.689439134405,301.742762904404,298.070815421794
210300,191.751540000531,-350971.737593953,853853.875702757,502882.138108804,284.760338736954,284.128412212976,284.944322803991
210400,191.842720000532,-380680.167684472,883476.568299947,502796.400615475,294.63950918791,293.876020061079,294.902969014806
210500,191.933900000533,-387203.277778384,890041.586454301,502838.308675917,296.828943289745,296.379110915932,296.881474086212
210600,192.025080000534,-376658.244600047,879466.673467141,502808.428867093,293.302208926844,286.320666779741,297.712151850808
210700,192.116260000535,-382387.010771169,885179.28730622,502792.276535051,295.207366118466,303.805890631765,289.2290103045
210800,192.207440000536,-374993.700227816,877755.166193804,502761.465965989,292.731421108489,282.709783590752,299.168569936058
210900,192.298620000538,-374225.064573943,876981.455879993,502756.39130605,292.473388654325,292.225947746823,292.394621435448
211000,192.389800000539,-361044.412980457,863834.389451021,502789.976470564,288.088840904126,280.742084119002,292.746604726787
211100,192.48098000054,-374056.274519093,876885.9996595,502829.725140408,292.441553996832,291.706306815456,292.688017489419
211200,192.572160000541,-362875.836090127,865719.808123195,502843.972033068,288.717628188492,295.381711233334,284.034308135108
211300,192.663340000542,-363668.454345147,866474.902160572,502806.447815426,288.969452112914,296.893033110275,283.446256904579
211400,192.754520000543,-384805.813657946,887527.980745882,502722.167087936,295.990655576415,300.525579544402,292.720714051445
211500,192.845700000544,-393024.324084779,895721.036363181,502696.712278403,298.723040307881,302.041659734518,296.261691489866
211600,192.936880000546,-382816.172666399,885461.788042695,502645.615376297,295.301580137634,280.066248207157,305.212383441171
211700,193.028060000547,-378437.063968546,881189.213504257,502752.149535711,293.876676172839,303.098993452646,287.483567422824
211800,193.119240000548,-367596.678144951,870369.684607763,502773.006462812,290.26836238378,292.041784090399,288.844190944047
211900,193.210420000549,-369404.070372089,872228.466695819,502824.39632373,290.888266365122,285.836833756328,294.013481215681
212000,193.30160000055,-394895.181967928,897640.989818266,502745.807850338,299.363344945228,304.429917305095,295.73616058453
212100,193.392780000551,-384577.332669135,887333.488633514,502756.155964379,295.925792440725,300.948850622948,292.330482158877
212200,193.483960000552,-382994.795477096,885676.881512987,502682.086035891,295.37331382791,292.748014139147,296.877369192228
212300,193.575140000554,-380945.896680922,883646.987038656,502701.090357735,294.696343851478,291.98974790819,296.255160860462
212400,193.666320000555,-396039.47851007,898775.892155425,502736.413645355,299.741834969293,292.740051996338,304.159905422123
212500,193.757500000556,-380190.540052116,883011.37750884,502820.837456724,294.48436802029,303.583625028904,288.172793041198
212600,193.848680000557,-377219.047517607,880051.187882433,502832.140364826,293.497144533078,305.094603903894,285.520923998755
212700,193.939860000558,-380702.938843148,883560.810275645,502857.871432498,294.667603893829,286.056588546489,300.162724455477
212800,194.031040000559,-387596.499450737,890336.618151458,502740.11870072,296.927336385345,291.57350271388,300.249119386001
212900,194.122220000561,-375526.481567822,878295.561221671,502769.079653849,292.911642895338,294.00154024893,291.940951623864
213000,194.213400000562,-403767.736765225,906470.95272868,502703.215963454,302.308138312049,307.211391999557,298.787379071783
213100,194.304580000563,-378977.24071791,881769.207133324,502791.966415415,294.07010409649,293.651174810049,294.10433186737
213200,194.395760000564,-377943.102214394,880745.098127499,502801.995913105,293.728563657662,284.069011594168,299.923491230276
213300,194.486940000565,-366068.331784522,868940.323456775,502871.991672254,289.791670320752,291.601559485697,288.343584485522
213400,194.578120000566,-373039.281227118,875889.285196416,502850.003969298,292.109149640292,295.06813267726,289.893069990947
213500,194.669300000567,-370071.53016178,872957.405199297,502885.875037518,291.131367416808,298.850072098283,285.742954822977
213600,194.760480000569,-380804.805330932,883593.184881676,502788.379550744,294.678400827639,281.069083151578,303.505713944324
213700,194.85166000057,-386633.394738444,889398.092941781,502764.698203337,296.614338149668,297.685659227819,295.652945482443
213800,194.942840000571,-386317.858228134,889094.743425872,502776.885197738,296.513171060821,290.544696206997,300.245059987485
213900,195.034020000572,-382148.894540644,885010.869213326,502861.974672681,295.151198670444,295.76802884504,294.494019221821
214000,195.125200000573,-374377.12450426,877267.181937725,502890.057433465,292.568678318401,293.169987416599,291.923998354337
214100,195.216380000574,-380915.589681097,883799.766817914,502884.177136817,294.747295920598,294.962899102317,294.35793771952
214200,195.307560000575,-378701.697943518,881574.937332471,502873.239388953,294.005315101708,293.785613480176,293.906778420146
214300,195.398740000577,-385113.962571796,887926.91462809,502812.952056295,296.123700059393,304.17443115389,290.509776246346
214400,195.489920000578,-375071.846011257,877860.343092443,502788.497081187,292.766497612954,312.609030397406,279.294170341976
214500,195.581100000579,-387485.932995792,890267.623209085,502781.690213294,296.904326566312,302.348827737092,293.027238846986
214600,195.67228000058,-394202.569250105,896987.842807772,502785.273557668,299.145520362772,299.15493934124,298.889953110159
214700,195.763460000581,-374707.314039518,877514.270531842,502806.956492324,292.65108238514,294.014704714595,291.498124930184
214800,195.854640000582,-375281.276212601,878173.333579217,502892.057366615,292.870879966389,306.056552089166,283.836372817898
214900,195.945820000583,-380784.110169677,883634.937597629,502850.827427952,294.692325361891,309.728738230344,284.422473178455
215000,196.037000000585,-378391.700857403,881220.778260763,502829.07740336,293.887203021765,284.06856445449,300.188056064096
215100,196.128180000586,-397083.516567776,899745.916152801,502662.399585026,300.065338053294,312.216517186674,291.714497515996
215200,196.219360000587,-398393.87095847,901128.803167301,502734.932208831,300.526530987928,305.312842909896,297.08521759746
215300,196.310540000588,-381974.026762893,884708.447929916,502734.421167023,295.050341147212,292.883501138049,296.249025869032
215400,196.401720000589,-377487.997273136,880319.645567351,502831.648294216,293.58667519338,300.645741674936,288.635975309682
215500,196.49290000059,-377514.624212746,880364.681282207,502850.057069461,293.60169460804,298.358747784641,290.185657744799
215600,196.584080000591,-385307.726118843,888148.880146044,502841.154027201,296.197725578137,298.767726659898,294.237560085647
215700,196.675260000593,-382020.431041192,884819.111048057,502798.680006865,295.087247306339,307.826009437728,286.348833179324
215800,196.766440000594,-388415.620331108,891143.041557022,502727.421225914,297.196278658337,301.394127597741,294.150049133185
215900,196.857620000595,-380384.523186574,883104.658308333,502720.135121759,294.515477174699,298.812931817236,291.405077848696
216000,196.948800000596,-386093.63460076,888826.772684992,502733.138084232,296.423802796396,294.73537626981,297.302400645122
216100,197.039980000597,-385330.919611161,888125.345685499,502794.426074338,296.189876833583,299.475526540063,293.752618798569
216200,197.131160000598,-366772.636275929,869598.543156207,502825.906880278,290.011186645392,292.472614593506,288.128558691112
216300,197.222340000599,-354679.403330546,857513.070458226,502833.66712768,285.980680492989,290.331570802248,282.841769719738
216400,197.313520000601,-394652.005392608,897424.907664362,502772.902271755,299.291281528885,301.278409286502,297.7171202892
216500,197.404700000602,-385611.032365311,888321.400546702,502710.368181391,296.25526114614,294.016026539282,297.501204833092
216600,197.495880000603,-380028.811219105,882732.633783443,502703.822564339,294.39140696463,282.747502333363,301.908683879672
216700,197.587060000604,-376309.384685854,879045.452313246,502736.067627392,293.1617316369,281.500146172422,300.691820503521
216800,197.678240000605,-371187.806455373,874046.510690827,502858.704235453,291.494584189037,286.415269982116,294.637881506825
216900,197.769420000606,-365263.534700847,868117.976397869,502854.441697022,289.517417508044,293.615646551618,286.544000297738
217000,197.860600000607,-379028.52061536,881822.847997749,502794.32738239,294.087993329248,297.824268185204,291.352070097501
217100,197.951780000609,-384763.23298898,887541.984394774,502778.751405794,295.995325794489,293.744914457615,297.248937247575
217200,198.04296000061,-376386.406910529,879089.502183873,502703.095273344,293.176422272427,291.40778617224,294.111199320659
217300,198.134140000611,-378007.28046315,880748.13918791,502740.85872476,293.729577851563,289.71344302838,296.162226418809
217400,198.225320000612,-369500.530460948,872278.523462562,502777.993001614,290.904960301005,282.874094280302,296.016450181222
217500,198.316500000613,-370184.259922899,873006.269720424,502822.009797524,291.147663738677,288.505757738573,292.666311352299
217600,198.407680000614,-358236.489810543,861114.0486381,502877.558827558,287.181607016208,286.953817531883,287.094148666578
217700,198.498860000615,-371362.074195097,874139.651122012,502777.576926915,291.525646530603,286.826819597322,294.415259780681
217800,198.590040000617,-370723.06513417,873491.623549802,502768.558415632,291.309529281241,287.632973578657,293.51780847523
217900,198.681220000618,-384836.394259182,887553.028661065,502716.634401883,295.999009058217,294.949657676816,296.451910804936
218000,198.772400000619,-388844.487070546,891495.061788085,502650.574717539,297.313677434746,298.841003266071,296.047698816
218100,198.86358000062,-381959.406710919,884745.893178452,502786.486467533,295.062829140721,294.742100060204,295.030762836782
218200,198.954760000621,-393717.519779116,896442.979993986,502725.46021487,298.963808568946,298.960620593162,298.716797378995
218300,199.045940000622,-383142.451115415,885969.908718522,502827.457603106,295.471038425387,299.140174200581,292.778722043234
218400,199.137120000623,-394630.996806639,897353.259123511,502722.262316871,299.267386734537,294.396867848843,302.265009836054
218500,199.228300000625,-391725.551129353,894473.757577635,502748.206448283,298.30707272891,300.989190056996,296.270405282911
218600,199.319480000626,-389277.374935126,891988.209880218,502710.834945092,297.478142364588,307.510313137819,290.542130063798
218700,199.410660000627,-385142.535307291,887819.735426327,502677.200119036,296.087955786669,297.710417386955,294.759574756656
218800,199.501840000628,-402867.084734696,905620.833750605,502753.749015909,302.024623561983,309.098982746536,297.056696919312
218900,199.593020000629,-381270.536663534,884033.015319464,502762.47865593,294.825084315312,299.046185617641,291.765329210164
219000,199.68420000063,-381175.425972956,883983.022490343,502807.596517387,294.808411702632,294.44700066407,294.803678718589
219100,199.775380000632,-372561.936165021,875334.512691735,502772.576526714,291.924132963727,298.156461244141,287.525977332647
219200,199.866560000633,-377562.444785306,880333.123590204,502770.678804899,293.591170115126,294.644893243174,292.644028721331
219300,199.957740000634,-397223.688981366,899920.842086584,502697.153105218,300.123675866795,303.718285685405,297.477166257832
219400,200.048920000635,-387844.394850306,890556.152498466,502711.75764816,297.000551108376,292.568305848904,299.7078808221
219500,200.140100000636,-361317.455708663,864133.026883643,502815.57117498,288.188436512804,282.085796721939,292.016706009621
219600,200.231280000637,-369804.165034171,872604.985145728,502800.820111557,291.013835299559,297.481009989954,286.459873976546
219700,200.322460000638,-371642.732359672,874462.214753613,502819.482393941,291.633221528635,277.607027814963,300.740989653143
219800,200.41364000064,-385431.579989579,888193.107627205,502761.527637626,296.212475446792,297.98331640843,294.785071076162
219900,200.504820000641,-384536.235521612,887307.364466531,502771.128944918,295.917080028858,299.537830320436,293.256648934448
220000,200.596000000642,-388663.412421609,891406.198331491,502742.785909881,297.284041464562,307.774846264936,290.042434896426
220100,200.687180000643,-370746.450784169,873562.795927637,502816.345143468,291.333265275183,283.490450853555,296.319030501872
220200,200.778360000644,-386168.944594225,888904.698740658,502735.754146433,296.449791142457,281.954963838021,305.865967852796
220300,200.869540000645,-375438.299053057,878250.934793896,502812.635740839,292.896759977954,306.258789031213,283.744659975801
220400,200.960720000646,-383286.322737642,886075.696501385,502789.373763744,295.506318659792,284.284151097155,302.741508435999
220500,201.051900000648,-382395.129644348,885218.199906193,502823.070261845,295.220343473801,301.695223262421,290.65773999516
220600,201.143080000649,-374021.644387162,876813.84583199,502792.201444828,292.417490689341,289.22463026438,294.302383063742
220700,201.23426000065,-402256.746534653,904958.697743979,502701.951209327,301.803801148567,289.254966752618,309.918187578242
220800,201.325440000651,-385831.733142801,888638.133546492,502806.40040369,296.360891627978,292.744356389839,298.52494771038
220900,201.416620000652,-401180.217109593,903951.092005918,502770.874896325,301.467764550915,311.747321633491,294.363503358738
221000,201.507800000653,-357822.589528628,860749.384030225,502926.794501598,287.059991339078,290.498733069797,284.528280192483
221100,201.598980000654,-411105.231837433,913803.109280834,502697.877443401,304.753413133512,308.39760886826,302.069988132734
221200,201.690160000656,-391291.217828548,894127.655173218,502836.43734467,298.19164754818,307.782398681066,291.549320419968
221300,201.781340000657,-407886.78506536,910551.357930226,502664.572864866,303.668953786969,306.193234859377,301.733042277207
221400,201.872520000658,-372515.262222353,875362.051271892,502846.789049538,291.933317082505,290.620535096988,292.565227308614
221500,201.963700000659,-387459.902777112,890186.671795404,502726.769018292,296.877329263099,297.278438783304,296.362525141911
221600,202.05488000066,-385578.055057481,888404.529854988,502826.474797508,296.282984777385,292.672007535117,298.443400451582
221700,202.146060000661,-393894.079789444,896625.10385886,502731.024069416,299.024546893067,303.363092515123,295.882996022618
221800,202.237240000662,-377445.649092579,880247.707515494,502802.058422915,293.562683847088,301.668738379555,287.914011922238
221900,202.328420000664,-393549.105058613,896279.974346856,502730.869288244,298.909446172038,292.059037906221,303.227293810774
222000,202.419600000665,-381870.850085065,884677.863821503,502807.013736437,295.040141344507,294.167970877523,295.375721538042
222100,202.510780000666,-396913.461503163,899691.523048338,502778.061545175,300.04719794842,310.490823189723,292.834741789261
222200,202.601960000667,-383471.759613368,886242.733582384,502770.973969016,295.562025540231,299.598439520819,292.624781198556
222300,202.693140000668,-374396.059309417,877175.524298077,502779.46498866,292.538110487936,283.563340465458,298.277508744183
222400,202.784320000669,-389310.212046867,892045.608417632,502735.396370765,297.497284781602,296.2562177138,298.076748422817
222500,202.87550000067,-378163.08310089,880951.35824423,502788.27514334,293.797351423789,308.411024782146,283.81007139203
222600,202.966680000672,-375195.092011363,877906.022330153,502710.93031879,292.781731642539,280.280271558534,300.872053588841
222700,203.057860000673,-376139.686121959,878936.426565318,502796.740443359,293.125371540876,300.517140921792,287.953254143982
222800,203.149040000674,-375876.491038149,878680.119121141,502803.628082992,293.039892986874,298.519321340068,289.142740840588
222900,203.240220000675,-365122.363163979,867944.825126719,502822.46196274,289.459671544679,285.634128245529,291.768817351158
223000,203.331400000676,-368978.379104238,871800.003586672,502821.624482434,290.745373882498,289.056503003155,291.628999990493
223100,203.422580000677,-373941.087446016,876699.078941129,502757.991495112,292.37921592167,284.165142697098,297.611615391451
223200,203.513760000678,-356556.798934463,859385.364776115,502828.565841652,286.605090804107,291.089636169437,283.376556318217
223300,203.60494000068,-361213.733201146,863997.027367799,502783.294166653,288.143080662931,288.457918386697,287.693069613202
223400,203.696120000681,-365090.199681653,868032.320348231,502942.120666578,289.488851208348,298.901673411564,282.972395696863
223500,203.787300000682,-360292.187206394,863156.294660546,502864.107454152,287.862696234966,284.569906190081,289.818004018027
223600,203.878480000683,-369246.813611103,872113.249711011,502866.436099908,290.849841491083,300.806541943721,283.969666321416
223700,203.969660000684,-385037.203097789,887868.050976407,502830.847878619,296.104069026649,293.430346964311,297.639797010686
223800,204.060840000685,-370888.594515186,873712.284414724,502823.689899538,291.38311969809,292.392974482762,290.467063908561
223900,204.152020000686,-391408.94353762,894261.586275339,502852.642737719,298.236313581904,302.41283726285,295.203434199954
224000,204.243200000688,-388145.880050195,890916.707453169,502770.827402974,297.120796215831,288.696637522549,302.489301347838
224100,204.334380000689,-387488.830584704,890353.229680166,502864.399095462,296.932876331554,299.762054169219,294.799313709502
224200,204.42556000069,-373076.556636867,875873.384444454,502796.827807586,292.103846738187,280.408258396346,299.657485760466
224300,204.516740000691,-380662.328638442,883512.475801554,502850.147163113,294.651484342689,292.870331924492,295.593376384535
224400,204.607920000692,-368882.246374352,871634.150455415,502751.904081063,290.690061849396,304.348378929287,281.342275411261
224500,204.699100000693,-364792.559488912,867628.568463953,502836.008975041,289.354199921278,288.070241421538,289.969043754504
224600,204.790280000695,-376711.394177072,879529.428121902,502818.033944831,293.323137609439,307.563223426534,283.5853111167
224700,204.881460000696,-396610.915448548,899447.974089788,502837.05864124,299.965974350438,310.595441646674,292.629691174322
224800,204.972640000697,-386106.375149818,888897.651959402,502791.276809584,296.447441040321,310.714075658983,286.689311760346
224900,205.063820000698,-399866.80169262,902640.904650367,502774.102957748,301.030816958602,290.683040892008,307.678475322199
225000,205.155000000699,-384028.506339457,886717.813793818,502689.307454361,295.720464830354,284.816017400257,302.743662729728
225100,205.2461800007,-390812.397075669,893544.209884925,502731.812809256,297.99706849589,287.992165000143,304.418673269308
225200,205.337360000701,-390255.317640895,892964.521021575,502709.20338068,297.803742211631,287.106518029885,304.687055214287
225300,205.428540000703,-388189.376884515,890937.271074528,502747.894190013,297.127654185269,289.721639057789,301.8173912251
225400,205.519720000704,-370341.840848852,873143.780398254,502801.939549402,291.193523561199,282.909999653889,296.473211563105
225500,205.610900000705,-374565.078222755,877392.926091193,502827.847868439,292.610614004066,293.874512589126,291.524172769023
225600,205.702080000706,-376520.483230033,879236.897644066,502716.414414033,293.225578670691,298.877176669445,289.213492022629
225700,205.793260000707,-385648.318414202,888394.761188,502746.442773798,296.27972692613,298.145463657203,294.789002666308
225800,205.884440000708,-396075.604369906,898746.975463919,502671.371094013,299.732191250265,298.642044461651,300.209178949966
225900,205.975620000709,-380373.755676151,883190.813030318,502817.057354167,294.544209781663,291.633499423104,296.239229845886
226000,206.066800000711,-383091.415186461,885835.041514704,502743.626328243,295.426060201669,308.177051346606,286.679211054876
226100,206.157980000712,-387167.395039482,889949.320138716,502781.925099234,296.798172465805,310.246528732836,287.58526981073
226200,206.249160000713,-401806.367159339,904566.453671062,502760.086511723,301.672987717546,315.898837411644,291.937693765048
226300,206.340340000714,-396433.123502836,899158.582049396,502725.45854656,299.869462080839,291.224472497497,305.382897251332
226400,206.431520000715,-388617.473038431,891383.185153964,502765.712115534,297.276366567939,302.515530032841,293.535860619199
226500,206.522700000716,-387859.442066921,890537.317116597,502677.875049677,296.994269506953,290.689882585,300.949698897
226600,206.613880000717,-372030.15369064,874858.252100687,502828.098410047,291.765300016904,306.303119550735,281.83028257767
226700,206.705060000719,-388222.927058933,890960.330479621,502737.403420688,297.13534449879,298.873065232117,295.729251222822
226800,206.79624000072,-363650.630459864,866493.544087101,502842.913627237,288.975669196966,289.450698390328,288.418170010394
226900,206.887420000721,-383236.562441538,885963.615267511,502727.052825973,295.46893955895,305.474427151931,288.552390380663
227000,206.978600000722,-386476.957226387,889280.118432956,502803.161206569,296.574993641139,292.893709861273,298.782036999681
227100,207.069780000723,-388520.399242808,891235.141470202,502714.742227394,297.226993987061,300.735055163883,294.64059737419
227200,207.160960000724,-393578.863044932,896363.99593087,502785.132885938,298.937467377312,284.027987864726,308.628005829555
227300,207.252140000725,-380829.101707177,883595.937404725,502766.835697548,294.679318794306,295.363065957167,293.977921253403
227400,207.343320000727,-381082.662590275,883913.048351626,502830.385761351,294.785075321536,296.219775023718,293.58295462398
227500,207.434500000728,-378527.725433191,881289.096953728,502761.371520537,293.909987311565,283.171541958877,300.824025890598
227600,207.525680000729,-375045.565985419,877850.431565465,502804.865580046,292.76319211788,286.99690614956,296.363413436663
227700,207.61686000073,-378654.215761574,881463.800630064,502809.58486849,293.968251002189,305.643562291311,285.939736600273
227800,207.708040000731,-368544.749186747,871338.136330774,502793.387144027,290.591341114149,288.80305784348,291.541370510333
227900,207.799220000732,-377693.964709538,880527.856678204,502833.891968666,293.656113616209,306.423966219156,284.899498452898
228000,207.890400000733,-387454.397574553,890203.825045826,502749.427471272,296.883049873545,289.516364215246,301.546771104183
228100,207.981580000735,-381058.696940188,883821.590147004,502762.893206816,294.754574002669,283.922287655621,301.730469422365
228200,208.072760000736,-411505.267511899,914196.342088542,502691.074576643,304.884556307668,311.131435790479,300.465899522204
228300,208.163940000737,-382448.953283034,885194.983409754,502746.030126721,295.212600770303,301.315281539497,290.898136423532
228400,208.255120000738,-371042.526701091,873816.355984544,502773.829283453,291.417827575302,298.431493200123,286.499202302442
228500,208.346300000739,-386690.01089301,889467.066490937,502777.055597928,296.637340834063,302.425734833072,292.531213717362
228600,208.43748000074,-398792.6061268,901530.043639581,502737.437512781,300.660344718886,292.78158423099,305.662301423552
228700,208.528660000741,-395988.64664816,898667.571082879,502678.924434719,299.705709882568,299.129902765282,299.839826535858
228800,208.619840000743,-387658.089325264,890415.972969007,502757.883643743,296.953801223614,289.237882508906,301.850285532401
228900,208.711020000744,-387796.068517306,890518.138909673,502722.070392367,296.987873573344,299.900322913845,294.798750785033
229000,208.802200000745,-368519.202855957,871307.098752774,502787.895896817,290.580990079298,273.505754386327,301.722329716212
229100,208.893380000746,-376195.180101919,878875.554259242,502680.374157322,293.105070621725,294.6963022462,291.799995313225
229200,208.984560000747,-373965.787220815,876743.613768157,502777.826547341,292.394068290197,288.544498424271,294.716786477239
229300,209.075740000748,-379158.550793121,881869.474560965,502710.923767845,294.103543291968,290.038783193182,296.568297071748
229400,209.166920000749,-394751.920477379,897523.267807797,502771.347330418,299.324084644921,301.970557114594,297.310332927935
229500,209.258100000751,-383119.084321739,885816.17755398,502697.093232241,295.419769069195,296.342864421829,294.558189026549
229600,209.349280000752,-397335.886210599,900031.232100181,502695.345889582,300.160490945533,304.528869643465,296.99810473779
229700,209.440460000753,-391102.225640924,893791.710549957,502689.484909033,298.079609988313,310.517739521704,289.53912395773
229800,209.531640000754,-387896.315352047,890646.624568796,502750.309216749,297.030723551374,303.547760562274,292.438506607815
229900,209.622820000755,-377265.90179502,880063.12922661,502797.22743159,293.501126972356,291.216840815765,294.779400137607
230000,209.714000000756,-389973.764940565,892717.414105403,502743.649164837,297.721332034485,289.380258291245,303.033946753282
230100,209.805180000758,-397792.416745043,900528.831766876,502736.415021833,300.326440475863,305.997673284612,296.295346569635
230200,209.896360000759,-387747.137736467,890462.354093864,502715.216357396,296.969269332621,292.421482232774,299.753653008076
230300,209.98754000076,-381440.37343802,884249.265220355,502808.891782335,294.897203675289,306.591592330974,286.855196901769
230400,210.078720000761,-386882.859545342,889641.264947819,502758.405402477,296.695436033957,303.35003632453,292.011789643546
230500,210.169900000762,-369846.656909403,872645.300916522,502798.644007119,291.02728061248,285.118924609469,294.723661880645
230600,210.261080000763,-380900.419185275,883711.751594332,502811.332409057,294.717942836195,287.588557012194,299.225268433168
230700,210.352260000764,-382056.431613258,884854.469248808,502798.037635549,295.099039269237,294.730957287686,295.09851139088
230800,210.443440000766,-388118.915905918,890958.161723464,502839.245817546,297.13462121843,310.004660141456,288.306983085399
230900,210.534620000767,-392956.147567406,895698.126206465,502741.978639059,298.715399768706,300.1737432835,297.494241259036
231000,210.625800000768,-374245.244751751,877065.282269547,502820.037517796,292.50134476223,292.411983296338,292.31716795219
231100,210.716980000769,-392517.823273594,895274.793094942,502756.969821348,298.574218140718,301.563724154846,296.332402282848
231200,210.80816000077,-374494.226011518,877347.739441835,502853.513430317,292.595544252738,291.381029094716,293.161391404543
231300,210.899340000771,-380945.657835959,883784.856563153,502839.198727194,294.742323349392,308.144158162938,285.562148204236
231400,210.990520000772,-366011.050928809,868871.301376821,502860.250448012,289.768651451333,293.302887085729,287.171020485526
231500,211.081700000774,-377474.785123956,880271.485687456,502796.7005635,293.57061386942,282.172085560211,300.924990564002
231600,211.172880000775,-401612.55248867,904375.655767114,502763.103278443,301.609356600672,316.527137942688,291.412827908826
231700,211.264060000776,-393425.652228915,896220.264150604,502794.61192169,298.88953281661,312.820279579588,289.353293697276
231800,211.355240000777,-384384.323281746,887182.748234721,502798.424952974,295.875520505159,290.867316844261,298.967760012006
231900,211.446420000778,-384330.355167918,887199.601461714,502869.246293796,295.881141057767,293.850623150577,296.988252045012
232000,211.537600000779,-372011.449736547,874816.258309207,502804.80857266,291.751295083944,284.128090803957,296.590305191367
232100,211.62878000078,-396700.585508779,899502.381996274,502801.796487495,299.984119391787,309.509752848576,293.383710321101
232200,211.719960000782,-392907.437575978,895628.052020716,502720.614444738,298.692030021916,292.523471289906,302.555492484904
232300,211.811140000783,-351132.726028876,854014.353867581,502881.627838705,284.813858218303,282.165494211472,286.34208934101
232400,211.902320000784,-378915.718827843,881671.943012312,502756.224184469,294.037666504023,302.229758640183,288.331240357829
232500,211.993500000785,-383904.409364555,886741.840351933,502837.430987378,295.728477689489,301.274181796984,291.78490121975
232600,212.084680000786,-379607.868041774,882285.376580912,502677.508539138,294.242246650296,292.86105572479,294.917838728424
232700,212.175860000787,-369937.789283868,872745.77693123,502807.987647362,291.060789371762,296.052448065879,287.490466251208
232800,212.267040000788,-373589.235629864,876377.950684422,502788.715054558,292.272119621285,298.689442520269,287.750344255611
232900,212.35822000079,-378648.51361145,881427.675220349,502779.161608899,293.956203175037,301.51928503185,288.669185101183
233000,212.449400000791,-372991.758288794,875773.585871946,502781.827583152,292.070563905935,299.019465500283,287.194570706449
233100,212.540580000792,-375990.103196884,878814.157763793,502824.054566909,293.084594885374,305.05912581291,284.857337104613
233200,212.631760000793,-361107.481593339,863955.3678463,502847.886252961,288.129187209038,296.97360191304,281.992803083694
233300,212.722940000794,-375853.390671243,878605.643863747,502752.253192504,293.015055482323,291.398975267379,293.848263079384
233400,212.814120000795,-385855.673201549,888618.665538884,502762.992337336,296.354399045818,286.191429618033,302.88274999847
233500,212.905300000796,-356195.264214978,858935.471981676,502740.207766698,286.455051519652,287.259776808311,285.679855450946
233600,212.996480000798,-382219.665092847,885035.49440289,502815.829310043,295.159411173217,294.012435526885,295.678095428125
233700,213.087660000799,-388377.15608338,891173.461193938,502796.305110558,297.206423609784,280.662349797649,307.988134131533
233800,213.1788400008,-359481.616255466,862291.554549013,502809.938293547,287.574305335672,298.534642909839,280.027768365114
233900,213.270020000801,-367463.693415789,870237.264854076,502773.571438287,290.224200384884,284.860683434104,293.558024851749
234000,213.361200000802,-389536.350534322,892263.611426419,502727.260892097,297.569988803208,299.468002568319,296.056671302465
234100,213.452380000803,-375987.374630566,878783.090672284,502795.716041718,293.074234007765,302.622458301453,286.464522616967
234200,213.543560000804,-383656.573648264,886439.980684675,502783.407036411,295.627807465291,299.278528368348,292.947637023699
234300,213.634740000806,-373450.547034867,876353.128947773,502902.581912906,292.263841570043,299.465351537092,287.219281724033
234400,213.725920000807,-382745.618934062,885501.76506429,502756.146130228,295.314912477669,289.859289926443,298.705898418089
234500,213.817100000808,-390752.522412355,893600.902877504,502848.380465149,298.015975613642,303.449070924649,294.145565426624
234600,213.908280000809,-385040.585725608,887786.377939165,502745.792213556,296.076831061919,301.669057118139,292.101949665221
234700,213.99946000081,-375902.346823519,878744.030639603,502841.683816083,293.061207483609,301.375439900616,287.274168199369
234800,214.090640000811,-383041.911116187,885766.532742233,502724.621626046,295.403212520338,283.797736659463,302.894027083819
234900,214.181820000812,-381242.170484401,884055.35643563,502813.185951229,294.832535079416,300.618236227812,290.729707201252
235000,214.273000000814,-384099.823976201,886912.615040726,502812.791064526,295.78543106244,289.892257919506,299.467725298511
235100,214.364180000815,-369333.398111085,872209.138624112,502875.740513027,290.881820451596,283.509589915629,295.554239291866
235200,214.455360000816,-388339.100258615,891118.196980007,502779.096721392,297.18799298983,299.318704361245,295.519862081397
235300,214.546540000817,-379911.816550159,882604.919536586,502693.102986427,294.348814252655,287.500068901446,298.669353808251
235400,214.637720000818,-376503.006426302,879280.695527659,502777.689101357,293.240185268521,286.905456953776,297.218970657294
235500,214.728900000819,-371666.179513413,874399.650367135,502733.470853722,291.612356300529,291.809301344876,291.23804930738
235600,214.82008000082,-355570.479528091,858461.908249297,502891.428721206,286.29711797542,285.472321203248,286.608401558556
235700,214.911260000822,-372711.653268315,875510.986344606,502799.333076291,291.982986941673,298.627211410307,287.310184806798
235800,215.002440000823,-363435.413990918,866309.329515023,502873.915524105,288.914233621819,294.193676793422,285.153842979398
235900,215.093620000824,-364502.191299766,867270.395363003,502768.204063236,289.234749162249,298.008382379885,283.144631392856
236000,215.184800000825,-371366.145012135,874210.76906568,502844.624053545,291.549364370745,281.934525566113,297.716299103524
236100,215.275980000826,-380385.258828196,883104.346876732,502719.088048536,294.515373312234,297.140523096919,292.519843978016
236200,215.367160000827,-392540.108309714,895345.916428856,502805.808119142,298.597937778508,297.832098200664,298.859665882256
236300,215.458340000829,-364916.48839287,867679.634117808,502763.145724938,289.371230321097,283.418428520629,293.098622162808
236400,215.54952000083,-375672.270760513,878509.245464426,502836.974703913,292.982906608113,292.887519328215,292.802345705872
236500,215.640700000831,-378731.125304467,881527.435438903,502796.310134436,293.989473216242,294.627811591214,293.318923071915
236600,215.731880000832,-392594.270558781,895361.808679889,502767.538121108,298.603237845553,302.244154896841,295.927123779821
236700,215.823060000833,-363231.356618603,866013.821742707,502782.465124105,288.815681755113,294.891965305401,284.524146320126
236800,215.914240000834,-386710.403899812,889446.129227874,502735.725328062,296.630358255086,296.492815105181,296.474861723143
236900,216.005420000835,-392445.262891364,895167.359834266,502722.096942901,298.538389139325,301.572014092134,296.26719051317
237000,216.096600000837,-365531.215114102,868325.532826526,502794.317712424,289.586637594306,286.744808434345,291.239868169617
237100,216.187780000838,-387025.561940157,889775.246690615,502749.684750458,296.74011895635,309.926803931518,287.701712207107
237200,216.278960000839,-383177.733595322,885979.070317597,502801.336722275,295.474093819442,297.630833020304,293.790039274019
237300,216.37014000084,-372138.613773024,874891.590897072,502752.977124048,291.776418508278,288.644773972898,293.621034516442
237400,216.461320000841,-374100.337120483,876883.607955254,502783.270834772,292.440756363266,286.103452137397,296.421925216877
237500,216.552500000842,-376537.905211386,879250.675589844,502712.770378458,293.230173616756,277.691626036172,303.344846859131
237600,216.643680000843,-378772.559680604,881524.128603343,502751.568922739,293.988370386308,300.108377907706,289.663375063388
237700,216.734860000845,-383877.698571384,886586.674976048,502708.976404664,295.676730023695,298.535984475678,293.52416311402
237800,216.826040000846,-368076.105801795,870869.49692977,502793.391127975,290.435049834841,288.618003207422,291.404385044924
237900,216.917220000847,-368060.181778531,870781.837228705,502721.655450175,290.405815317227,280.453397674425,296.798755566332
238000,217.008400000848,-374865.197156287,877691.180280175,502825.983123888,292.710081800959,301.765719719289,286.429064787237
238100,217.099580000849,-400860.11086753,903511.760444721,502651.649577191,301.321247438626,307.889248114171,296.691479282063
238200,217.19076000085,-387176.241271535,889922.101040257,502745.859768722,296.7890948942,299.292089894835,294.873107314696
238300,217.281940000851,-382643.3835217,885287.755528429,502644.372006729,295.243540279616,289.269515070991,298.980187468466
238400,217.373120000853,-351173.064679167,853948.250191235,502775.185512068,284.79181263673,288.211904190051,282.274425090651
238500,217.464300000854,-371913.249251007,874632.858819437,502719.60956843,291.690131338815,297.911891608018,287.299216049897
238600,217.555480000855,-354960.902519098,857763.0297842,502802.127265102,286.064041949041,283.545816636404,287.504472122509
238700,217.646660000856,-369214.972389217,871947.859842315,502732.887453097,290.794683956083,282.083318874594,296.359931773779
238800,217.737840000857,-385570.911007641,888316.019068346,502745.108060705,296.25346642266,304.106827730308,290.771014328875
238900,217.829020000858,-388581.860101562,891295.768792438,502713.908690876,297.247213204082,308.0632081495,289.788843896133
239000,217.920200000859,-372131.460459424,874856.694326876,502725.233867452,291.764780499208,294.54915899044,289.665390854636
239100,218.011380000861,-369708.694752586,872473.368275424,502764.673522837,290.969941062339,292.010029122276,290.034074071496
239200,218.102560000862,-378127.428784521,880857.464304788,502730.035520268,293.766037787156,294.487271704204,293.040410144302
239300,218.193740000863,-382578.697309975,885361.874821141,502783.177511166,295.268259069915,304.342671764797,288.972593724101
239400,218.284920000864,-376814.188228495,879572.541245462,502758.353016967,293.33751583974,287.845928202453,296.754126334732
239500,218.376100000865,-359693.890436089,862497.235132417,502803.344696328,287.642899827386,283.746700409815,290.000663689245
239600,218.467280000866,-366253.06101358,869016.610233358,502763.549219778,289.817111967103,296.23255992167,285.298632404086
239700,218.558460000867,-358364.574582602,861170.977666094,502806.403083492,287.200592851791,283.47807600046,289.442936925301
239800,218.649640000869,-371067.752505032,873824.971531186,502757.219026155,291.420700860826,295.968478651775,288.145998416143
239900,218.74082000087,-371780.906241045,874555.116139993,502774.209898948,291.664204148739,292.513757346742,290.854781846612
240000,218.832000000871,-367361.099293184,870135.463559228,502774.364266043,290.190249644565,295.319285202059,286.529067398198
240100,218.923180000872,-367617.946335986,870454.135972959,502836.189636973,290.296526921113,293.504148278962,287.916198910113
240200,219.014360000873,-371176.627453915,873998.413224578,502821.785770663,291.478543680033,284.620465569269,295.807696967474
240300,219.105540000874,-367660.611351658,870503.063289736,502842.451938078,290.312844185338,293.384384604804,288.023223202207
240400,219.196720000875,-369495.866372231,872264.986060205,502769.119687974,290.90044557619,300.131281683872,284.504137799755
240500,219.287900000877,-384575.375780506,887293.022330493,502717.646549986,295.912296925294,289.320950617423,300.059934216437
240600,219.379080000878,-390206.022026697,892903.737224285,502697.715197588,297.783470810167,285.998480157546,305.391978352905
240700,219.470260000879,-358305.11139433,861155.031646092,502849.920251762,287.19527485279,289.868087838219,285.17407013346
240800,219.56144000088,-392821.323994795,895604.710780531,502783.386785737,298.684245716369,303.887143022599,294.966743974118
240900,219.652620000881,-369700.626371568,872589.065999544,502888.439627976,291.00852626298,300.713620935375,284.295956042831
241000,219.743800000882,-393927.363881726,896652.337221762,502724.973340037,299.033629221865,298.244661399968,299.310413078778
241100,219.834980000883,-371584.590222609,874352.806777431,502768.216554822,291.596733959457,292.402137389187,290.816801061338
241200,219.926160000885,-377208.286127821,879906.266560919,502697.980433098,293.44881326027,298.559757598356,289.796976357162
241300,220.017340000886,-379486.976473386,882270.800099685,502783.823626299,294.237385392591,297.561260429544,291.776270880128
241400,220.108520000887,-367094.642815637,869903.737703914,502809.094888277,290.112969052498,279.953961917426,296.643879668335
241500,220.199700000888,-374472.09031208,877319.4976766,502847.407364521,292.586125621678,286.503661073925,296.397280215494
241600,220.290880000889,-373291.85730331,876118.683070222,502826.825766912,292.185653850333,299.424234587672,287.116445313896
241700,220.38206000089,-372265.365374529,875098.711161004,502833.345786475,291.845493133568,286.17242576784,295.384333466442
241800,220.473240000892,-358602.790497306,861315.387664416,502712.59716711,287.248753598271,284.059167391152,289.135770441686
241900,220.564420000893,-383672.196150521,886368.176771862,502695.980621341,295.603860854381,295.176196770869,295.642633692678
242000,220.655600000894,-388712.965629274,891449.550761622,502736.585132348,297.298499503626,298.669685520462,296.136626742816
242100,220.746780000895,-373499.150501169,876302.34230578,502803.191804611,292.246904220704,304.684141181396,283.711873826725
242200,220.837960000896,-370768.733129408,873632.523082566,502863.789953158,291.356519287166,295.914276858625,288.07521714012
242300,220.929140000897,-374125.507774774,876968.539741636,502843.031966862,292.469081121106,299.074413995806,287.821801637037
242400,221.020320000898,-369287.194168185,872034.198697197,502747.004529012,290.823477971385,296.75111644366,286.629366091558
242500,221.1115000009,-399824.211926872,902529.336402131,502705.124475259,300.993608938513,306.937695258032,296.780056718052
242600,221.202680000901,-390786.87430619,893477.392933293,502690.518627102,297.974785036949,295.799396039495,299.176732047722
242700,221.293860000902,-383704.181267996,886468.338627589,502764.157359593,295.637264841617,293.315106474982,296.939006032005
242800,221.385040000903,-387560.549199598,890465.595883428,502905.04668383,296.970350469711,289.614568174717,301.626730040981
242900,221.476220000904,-381887.936041621,884710.664709905,502822.728668284,295.051080443523,295.648225694078,294.407107709451
243000,221.567400000905,-367202.468776951,870068.287884844,502865.819107893,290.167846551557,297.172230685103,285.256450590401
243100,221.658580000906,-400778.76981663,903488.769889672,502710.000073042,301.313580086601,300.887884452948,301.34628252563
243200,221.749760000908,-378314.688148749,881064.661346392,502749.973197643,293.835138017806,292.912771252223,294.205186579846
243300,221.840940000909,-378476.512713123,881266.788280659,502790.275567536,293.902547367237,291.226727618608,295.441508410182
243400,221.93212000091,-357877.596575986,860715.244093855,502837.647517869,287.048605667452,283.526034478218,289.157779288885
243500,222.023300000911,-380979.2260465,883861.692172154,502882.466125654,294.7679480314,287.389367010657,299.441362088538
243600,222.114480000912,-376660.615027776,879549.340181137,502888.725153362,293.329778282854,297.582221509127,290.250374650103
243700,222.205660000913,-386701.972733242,889488.591636647,502786.618903405,296.644519471952,304.143156880692,291.398224099898
243800,222.296840000914,-373274.43597578,876021.955539203,502747.519563423,292.153395210673,289.034023385064,293.989515265071
243900,222.388020000916,-399277.283926842,901928.722691326,502651.438764484,300.793304215883,302.837551276157,299.17981175552
244000,222.479200000917,-395948.522926087,898730.852552369,502782.329626282,299.726814257919,309.079049629676,293.242218331532
244100,222.570380000918,-378392.868682207,881206.044294087,502813.17561188,293.88228924265,308.561829568223,283.8510271179
244200,222.661560000919,-352063.381262862,854970.523050761,502907.141787898,285.132740720614,286.982683863129,283.661834675004
244300,222.75274000092,-386072.792471874,888868.220145404,502795.42767353,296.437625527899,302.555677352302,292.111892957023
244400,222.843920000921,-380639.379562971,883407.022443978,502767.642881007,294.616315639146,289.965919141344,297.471066374647
244500,222.935100000922,-388333.423220935,890972.154567793,502638.731346859,297.139287833181,291.066401521394,300.940262634511
244600,223.026280000924,-368778.379144776,871505.25619304,502726.877048264,290.647075602148,298.651241961919,285.068758799298
244700,223.117460000925,-388922.538953044,891626.62245209,502704.083499046,297.35755292716,303.220541953228,293.201095615674
244800,223.208640000926,-377014.917578992,879819.700958067,502804.783379075,293.419943624501,294.456812295863,292.484181223906
244900,223.299820000927,-357790.64962903,860650.464766334,502859.815137304,287.027001756323,298.894641952107,278.876052457669
245000,223.391000000928,-370622.328674556,873453.280363717,502830.951689161,291.296741825485,294.65927276462,288.812307247875
245100,223.482180000929,-386030.799569103,888736.838215346,502706.038646242,296.39380964327,289.666158955395,300.631915260485
245200,223.57336000093,-391740.125765216,894409.707850753,502669.582085537,298.285712139654,295.349695082376,299.994485417723
245300,223.664540000932,-386383.84676096,889015.288645549,502631.441884589,296.486672884959,308.906059082085,287.960009859471
245400,223.755720000933,-388955.038362516,891680.053439863,502725.015077347,297.375372166037,297.549886631288,297.011216379064
245500,223.846900000934,-370170.770344192,872949.396106748,502778.625762556,291.128696383775,286.146900498739,294.207286393479
245600,223.938080000935,-371553.792489369,874402.522415577,502848.729926208,291.613314128923,299.206304524996,286.308309436433
245700,224.029260000936,-384455.602614762,887272.386804174,502816.784189412,295.905414975546,311.248392397648,285.430175514998
245800,224.120440000937,-374592.608846465,877289.629901363,502697.021054899,292.576164716146,293.749073565793,291.550412012452
245900,224.211620000938,-385341.221773864,888039.192224281,502697.970450417,296.161144647084,288.982228812942,300.700287582638
246000,224.30280000094,-372590.585975457,875259.111389372,502668.525413915,291.898986623102,291.434261274463,291.965554366675
246100,224.393980000941,-372123.770379155,874862.746115737,502738.975736581,291.766798771298,296.482839611942,288.379632545226
246200,224.485160000942,-386687.09951927,889399.612848032,502712.513328761,296.61484503853,292.766045793097,298.933532164619
246300,224.576340000943,-384556.574738935,887353.272534239,502796.697795304,295.932390373266,291.569302382895,298.594505374869
246400,224.667520000944,-368103.682322318,870939.674540605,502835.992218288,290.458454073905,290.193864781159,290.392798224008
246500,224.758700000945,-385853.888755782,888629.386257813,502775.497502031,296.357974406474,296.312116182081,296.141581577397
246600,224.849880000946,-400114.798150716,902807.237383363,502692.439232647,301.086288938924,285.881397989001,310.971977664756
246700,224.941060000948,-403580.030218172,906227.978783353,502647.948565181,302.227106481025,298.010058783012,304.786615690966
246800,225.032240000949,-386276.975877656,889004.033442711,502727.057565055,296.482919273874,287.5015802265,302.223409539395
246900,225.12342000095,-368623.484402335,871398.610421879,502775.126019545,290.611509228574,300.566063114372,283.732963713685
247000,225.214600000951,-383191.562289539,886005.152693041,502813.590403503,295.482792293827,302.981331193468,290.237530700489
247100,225.305780000952,-373899.295623159,876720.124239589,502820.82861643,292.386234530461,287.328097957007,295.514670383991
247200,225.396960000953,-375759.103159704,878547.920207263,502788.817047558,292.995804638073,291.379978793311,293.828858697383
247300,225.488140000955,-363437.181892571,866269.801783552,502832.619890981,288.901051120077,284.44256924716,291.632621492755
247400,225.579320000956,-383912.609852254,886603.868421047,502691.258568793,295.682464039035,296.583021750011,294.835690178352
247500,225.670500000957,-360046.467667323,862846.496814121,502800.029146798,287.759378627354,279.135551686839,293.268797105508
247600,225.761680000958,-383803.165452265,886490.487098282,502687.321646017,295.64465135844,289.592693277258,299.432919536429
247700,225.852860000959,-376323.097682229,879168.010675633,502844.912993403,293.202604860975,296.644504817445,290.663669385943
247800,225.94404000096,-373156.433949939,875878.281192011,502721.847242072,292.105479803905,300.626457890836,286.181406512784
247900,226.035220000961,-369047.454806175,871852.063375963,502804.608569787,290.762735826568,297.138845997417,286.269693432813
248000,226.126400000963,-378972.086259528,881667.95754962,502695.871290092,294.036337351883,288.682947948767,297.3602333395
248100,226.217580000964,-362838.676502814,865607.244080389,502768.567577575,288.680088070832,295.467686064025,283.914456001979
248200,226.308760000965,-364413.698834466,867173.846855549,502760.148021083,289.202550226963,278.763391810066,295.920987046373
248300,226.399940000966,-356845.484388628,859678.584895303,502833.100506675,286.702879738304,289.352339975547,284.697653847026
248400,226.491120000967,-374357.486012385,877148.854503302,502791.368490918,292.529216109155,289.858775943001,294.065735206501
248500,226.582300000968,-374796.529000369,877556.593870728,502760.064870359,292.665197222187,290.514804368948,293.854904793329
248600,226.673480000969,-372093.447047569,874874.663364814,502781.216317245,291.770773174859,293.379233573974,290.455323931136
248700,226.764660000971,-377472.677653354,880215.217795253,502742.540141899,293.551848522679,296.938188167273,291.049662219181
248800,226.855840000972,-383245.943772418,886089.480803803,502843.537031384,295.510915725797,297.785107893168,293.748528517779
248900,226.947020000973,-380300.225325407,883101.990791701,502801.765466294,294.514587557679,297.19868080198,292.479763238513
249000,227.038200000974,-354578.298523781,857435.15686347,502856.85833969,285.954696302641,287.703595928707,284.550467638344
249100,227.129380000975,-367128.083274166,869883.826482954,502755.743208788,290.106328658647,287.991453488487,291.274490164871
249200,227.220560000976,-393428.797563359,896216.526293292,502787.728729933,298.888286240884,298.554194939285,298.861940203418
249300,227.311740000977,-388348.682336705,891034.444825687,502685.762488983,297.160061639382,291.976825613796,300.367918938405
249400,227.402920000979,-376104.111087893,878933.930752815,502829.819664922,293.124539187199,298.918969055914,289.017315492066
249500,227.49410000098,-389855.340999752,892638.112956933,502782.771957182,297.694885094858,295.877856996526,298.658158089501
249600,227.585280000981,-377574.199589368,880482.621271866,502908.421682498,293.641027604424,299.304238430832,289.620852863815
249700,227.676460000982,-378934.925150843,881725.795178395,502790.870027552,294.055626205901,297.374526145534,291.597979890974
249800,227.767640000983,-381302.824117224,884089.834215433,502787.010098209,294.844033421855,290.11591368649,297.750409884248
249900,227.858820000984,-383215.809616106,885879.236054062,502663.426437956,295.44079908423,299.144804102258,292.725261739641
250000,227.950000000985,-380728.285521775,883433.130777487,502704.845255712,294.625022770548,301.812699088624,289.587717706187
250100,228.041180000987,-368980.457710649,871818.981971214,502838.524260565,290.751703175326,294.58983053927,287.950658513383
250200,228.132360000988,-375709.767006613,878577.40657244,502867.639565827,293.005638343318,293.275573118839,292.58151046102
250300,228.223540000989,-368903.305705287,871775.829175612,502872.523470325,290.737311714394,302.883073068852,282.397856384994
250400,228.31472000099,-390954.170413787,893701.226755259,502747.056341472,298.049433635237,288.134278442054,304.411162569329
250500,228.405900000991,-386043.111283141,888754.548890811,502711.43760767,296.399716155014,294.792102179319,297.224459042016
250600,228.497080000992,-386956.845157788,889642.647002358,502685.801844569,296.69589694926,294.09521745404,298.182436698617
250700,228.588260000993,-378310.498085147,881057.652600872,502747.154515725,293.832800600591,296.278090491446,291.957746672854
250800,228.679440000995,-372414.220174813,875260.500185418,502846.280010606,291.899449786699,296.076692737533,288.871371611322
250900,228.770620000996,-364394.855466931,867222.934605596,502828.079138665,289.218920995696,281.387496947565,294.198854593622
251000,228.861800000997,-372671.78803088,875507.658403269,502835.870372389,291.981877072959,282.760565352949,297.886099988739
251100,228.952980000998,-387807.806068279,890487.369032883,502679.562964604,296.97761181687,314.380604507445,285.128135346639
251200,229.044160000999,-385993.918179816,888664.427723617,502670.509543802,296.369660738242,299.462235102815,294.060969777911
251300,229.135340001,-378534.408477342,881235.908387403,502701.499910061,293.892248920261,304.704346009258,286.43927398683
251400,229.226520001001,-370594.264217007,873376.905802688,502782.64158568,291.271270903014,299.649399585021,285.44312572259
251500,229.317700001003,-367866.683386922,870707.043768093,502840.360381171,290.380871691877,288.490234830643,291.399312206289
251600,229.408880001004,-372552.242512858,875325.406399159,502773.163886301,291.921096014393,292.087821537817,291.566678085432
251700,229.500060001005,-398562.722225637,901310.043195044,502747.320969407,300.586974552291,313.852692022376,291.492673760107
251800,229.591240001006,-394203.995019311,896807.290460796,502603.295441485,299.085306140002,295.483876562873,301.237021436305
251900,229.682420001007,-371501.985406743,874228.948137585,502726.962730841,291.555427092741,305.463181385337,282.040628041766
252000,229.773600001008,-389641.207090899,892397.361674492,502756.154583593,297.614594522092,307.204523374006,290.973296458714
252100,229.864780001009,-375730.400048429,878590.292212277,502859.892163849,293.009935705278,286.066506757085,297.394713390986
252200,229.955960001011,-365264.372692597,868028.69881322,502764.326120623,289.48764342612,291.728877031211,287.752247986537
252300,230.047140001012,-370722.046703228,873515.255026738,502793.208323511,291.31741038077,290.911742349898,291.345091226034
252400,230.138320001013,-384138.141636523,886780.537929842,502642.396293319,295.741383334948,297.7774368592,294.137563166
252500,230.229500001014,-375769.400037908,878478.733161418,502709.33312351,292.972730752516,294.093551409398,291.981373038968
252600,230.320680001015,-394174.95782419,896843.806122876,502668.848298686,299.09748411635,292.639893850123,303.153296390404
252700,230.411860001016,-388203.04010801,890969.465366601,502766.425258591,297.138390984359,310.31080855347,288.109163945799
252800,230.503040001017,-372983.954703622,875798.209675317,502814.254971696,292.078775946412,289.6817157063,293.433417126533
252900,230.594220001019,-386154.816085828,888940.990040514,502786.173954686,296.461894293985,299.543221161858,294.160624803491
253000,230.68540000102,-378059.024876614,880791.468803738,502732.443927124,293.744028282054,292.013553290208,294.652891586381
253100,230.776580001021,-384409.377091557,887050.304715544,502640.927623987,295.831350580472,299.306733129122,293.267902755887
253200,230.867760001022,-384752.034542978,887423.703420445,502671.668877467,295.955879079688,291.112107053962,298.938430530939
253300,230.958940001023,-373912.161501366,876726.183493204,502814.021991839,292.388255292047,295.284983355992,290.213446370007
253400,231.050120001024,-387044.137834201,889854.283537243,502810.145703041,296.76647775129,312.651854660278,285.928921080505
253500,231.141300001026,-365737.775893733,868617.826572331,502880.050678598,289.684117582902,300.962396926512,281.923861255842
253600,231.232480001027,-379116.529247566,881854.502428656,502737.97318109,294.098550084594,289.557906608582,296.880563610199
253700,231.323660001028,-384426.717722622,887156.985282788,502730.267560166,295.866928558542,296.283794368958,295.342462244466
253800,231.414840001029,-398044.711840152,900733.193749237,502688.481909084,300.394595214019,307.294338636425,295.544437436404
253900,231.50602000103,-383826.196088252,886610.172973978,502783.976885727,295.684566607963,290.607283914725,298.823017931282
254000,231.597200001031,-383290.211478038,886098.834063846,502808.622585809,295.514035038801,301.027585329408,291.592073149198
254100,231.688380001032,-385947.369573247,888787.356573594,502839.987000347,296.410657519958,291.88259700326,299.182355649824
254200,231.779560001034,-391159.16066385,893936.001734975,502776.841071125,298.127731110547,294.204170996682,300.494998077198
254300,231.870740001035,-378935.242643406,881742.230779153,502806.988135746,294.061107480124,305.721100685364,286.042727753731
254400,231.961920001036,-379653.095199959,882460.463222947,502807.368022988,294.300638060012,304.153610043997,287.486739538971
254500,232.053100001037,-378912.480776798,881633.923199864,502721.442423066,294.024986893401,295.360269771713,292.889777485448
254600,232.144280001038,-375111.47385057,877945.621769642,502834.147919072,292.79493805891,295.303586094193,290.878510253672
254700,232.235460001039,-404041.464196563,906785.353990349,502743.889793786,302.412991159029,305.288233149373,300.244152339501
254800,232.32664000104,-348425.456773376,851401.231692546,502975.77491917,283.942381755059,288.831874755969,280.446101102991
254900,232.417820001042,-358751.434452629,861552.349912487,502800.915459858,287.32778052776,283.868517690275,289.394515935642
255000,232.509000001043,-378093.630972948,880940.928312103,502847.297339155,293.793873040555,285.300064378141,299.211583921295
255100,232.600180001044,-390256.645633064,892938.43962606,502681.793992996,297.795044064052,289.955474034687,302.773261546908
255200,232.691360001045,-374582.693757277,877395.285947367,502812.59219009,292.611401016297,305.308964687502,283.902515734648
255300,232.782540001046,-378311.211500557,881039.113695147,502727.90219459,293.826617873986,298.629455149144,290.379870842319
255400,232.873720001047,-373366.728552678,876195.776259703,502829.047707025,292.211364435452,287.410922552248,295.168149553892
255500,232.964900001048,-384059.419037888,886811.582035207,502752.162997319,295.751736546676,295.285525444921,295.81608416739
255600,233.05608000105,-395407.266683091,898192.704634436,502785.437951345,299.54734188242,310.153551520537,292.226912672107
255700,233.147260001051,-383460.149974384,886222.909082944,502762.759108559,295.555414068015,300.954827563232,291.709508892815
255800,233.238440001052,-391399.817840546,894118.939936516,502719.12209597,298.188741016013,297.101542238339,298.665049583616
255900,233.329620001053,-393520.643539219,896244.012138226,502723.368599007,298.897452772462,287.855405881471,306.009736155811
256000,233.420800001054,-382496.690511439,885155.175536648,502658.485025209,295.199324841303,291.112788231619,297.677683143725
256100,233.511980001055,-387715.209505244,890477.711962324,502762.50245708,296.974391183033,302.696825436099,292.911956355003
256200,233.603160001056,-378718.961881391,881497.273154761,502778.31127337,293.979414091966,298.23123999453,290.899880645182
256300,233.694340001058,-386691.472096942,889488.838011695,502797.365914754,296.644601638051,307.754349427338,288.99089927716
256400,233.785520001059,-392317.315028312,895036.246762994,502718.931734682,298.494662919124,297.531430022612,298.888072631033
256500,233.87670000106,-397692.653060396,900394.360121277,502701.707060882,300.281594170845,294.259379614931,304.046169212978
256600,233.967880001061,-375346.095902693,878079.17026729,502733.074364597,292.83947649401,304.672828729044,284.706542106909
256700,234.059060001062,-381889.415864021,884680.498210122,502791.082346101,295.041019913331,290.616828732152,297.744613184188
256800,234.150240001063,-370901.593503778,873654.867012075,502753.273508297,291.36397098952,285.455814660354,295.059938566471
256900,234.241420001064,-385249.790545955,887987.122364587,502737.331818632,296.143779344534,299.185935162909,293.868888982831
257000,234.332600001066,-381474.60820862,884217.208151538,502742.599942919,294.886512640166,295.32246181873,294.350141093922
257100,234.423780001067,-382094.556745686,884828.746888196,502734.19014251,295.090460859829,297.65601520026,293.134182582158
257200,234.514960001068,-370212.487790848,873031.193011069,502818.70522022,291.155975658185,296.822545470479,287.135632470274
257300,234.606140001069,-372189.333860822,874916.738714927,502727.404854106,291.78480530763,299.059509593415,286.691848446016
257400,234.69732000107,-390571.007339287,893336.863809478,502765.856470192,297.927918562441,291.101539155162,302.230564901824
257500,234.788500001071,-401280.325812896,903978.289497261,502697.963684366,301.476834916545,284.081739671026,312.822334384461
257600,234.879680001072,-374617.582075695,877397.762723548,502780.180647853,292.61222702136,280.305908650214,300.572595746273
257700,234.970860001074,-375122.021712995,877930.191236431,502808.169523436,292.789791974798,286.89969050775,296.472534792851
257800,235.062040001075,-370721.108523622,873539.869160769,502818.760637147,291.325619196521,296.488178077348,287.641141926639
257900,235.153220001076,-386437.252877302,889233.976416683,502796.723539381,296.559605274865,290.617170788122,300.274095261632
258000,235.244400001077,-392611.72508593,895344.817561106,502733.092475176,298.597571306022,298.404159741464,298.477681039639
258100,235.335580001078,-373569.17340386,876379.404893203,502810.231489343,292.272604600034,308.331601883999,281.323045906891
258200,235.426760001079,-392160.646820221,894853.640158019,502692.993337799,298.43376360114,304.558193337134,294.10211564081
258300,235.51794000108,-376845.37211138,879649.737570835,502804.365459455,293.363260820689,295.432835511848,291.739074975899
258400,235.609120001082,-384116.75613072,886830.503920293,502713.747789574,295.75804699693,300.149281340041,292.584092395691
258500,235.700300001083,-360237.095416919,863098.754548913,502861.659131994,287.843506602939,294.81803639667,282.95395048495
258600,235.791480001084,-369687.424952402,872537.264691129,502849.839738726,290.991250522304,289.217852345451,291.93102326477
258700,235.882660001085,-378867.847282634,881724.580357083,502856.733074449,294.055221062892,290.640720302655,296.086508885499
258800,235.973840001086,-382631.613188799,885424.169252581,502792.556063783,295.289034267994,299.032926826912,292.547031700158
258900,236.065020001087,-367641.001395074,870402.578038017,502761.576642943,290.279332345512,287.731745832508,291.735823910559
259000,236.156200001089,-383426.229771416,886168.264071461,502742.034300045,295.53718995213,296.653748190114,294.546536801847
259100,236.24738000109,-381995.008497752,884744.598145842,502749.58964809,295.062397247238,303.849906311841,288.958172539795
259200,236.338560001091,-380587.122488624,883407.83542757,502820.712938947,294.616586769241,298.294552288346,291.919095934198
259300,236.429740001092,-387727.258050702,890466.987787345,502739.729736643,296.970814669783,296.67328103236,296.921694749174
259400,236.520920001093,-378765.906745801,881618.791004392,502852.884258591,294.01994030495,291.453670625289,295.485770141136
259500,236.612100001094,-386926.601079759,889652.551986026,502725.950906267,296.69920026214,293.155303415647,298.81454882625
259600,236.703280001095,-366539.41164284,869362.464511122,502823.052868281,289.932454397573,286.614873334297,291.902564727758
259700,236.794460001097,-379982.322060975,882693.845715507,502711.523654532,294.378471140739,295.793682102133,293.189681773859
259800,236.885640001098,-366140.737375665,868865.315753421,502724.578377756,289.76665524543,292.072339288504,287.988060337343
259900,236.976820001099,-376032.90353525,878738.422190931,502705.518655681,293.05933706551,294.460741254907,291.88085149169
260000,237.0680000011,-372693.482678695,875472.216127684,502778.73344899,291.970057071097,287.41195192114,294.765485456842
260100,237.159180001101,-366477.222340174,869248.675158086,502771.452817912,289.894505638848,287.471678800018,291.268144776702
260200,237.250360001102,-387377.474281858,890157.410444513,502779.936162656,296.867570600138,293.499215749362,298.865750858488
260300,237.341540001103,-361521.014608348,864275.330199752,502754.315591404,288.235894680591,289.931339526953,286.865401537449
260400,237.432720001105,-368490.421668586,871271.540087559,502781.118418973,290.569131261484,293.537797207246,288.347879688257
260500,237.523900001106,-384059.271948608,886789.39888604,502730.126937432,295.744338464579,288.202622011626,300.525695817827
260600,237.615080001107,-387977.739330645,890695.156684396,502717.417353751,297.046909015973,301.685313245956,293.707100438472
260700,237.706260001108,-372069.847719256,874868.464705654,502798.616986398,291.768705921512,298.835303539057,286.814500254882
260800,237.797440001109,-375181.355405942,877955.938694068,502774.583288126,292.798378754066,301.294017180845,286.890621153918
260900,237.88862000111,-376919.44034304,879763.292244721,502843.851901681,293.401131313897,288.967207250685,296.112579746611
261000,237.979800001111,-384891.655482966,887668.994217428,502777.338734461,296.037683580933,296.138307086583,295.723903174181
261100,238.070980001113,-370344.940311919,873096.852961472,502751.912649553,291.177873257119,295.849589362752,287.820747625651
261200,238.162160001114,-385480.56989493,888191.596208333,502711.026313403,296.211971388472,301.206512476027,292.635434020612
261300,238.253340001115,-376970.17700571,879729.390679301,502759.213673591,293.389825139003,293.02230294452,293.390348414376
261400,238.344520001116,-386716.370402065,889421.431960286,502705.061558221,296.622121714286,294.688375353957,297.664100853076
261500,238.435700001117,-369713.200844418,872551.943467412,502838.742622994,290.996145895418,281.453490382935,297.115419448828
261600,238.526880001118,-382625.876561366,885382.365575743,502756.489014377,295.275092738284,304.96281898632,288.570545995645
261700,238.618060001119,-375363.67162492,878184.427962369,502820.75633745,292.874579944095,294.974798211032,291.230372282851
261800,238.709240001121,-365782.435687402,868572.539033316,502790.103345914,289.669014184864,295.404246876468,285.604134878641
261900,238.800420001122,-370705.082965996,873444.758315898,502739.675349902,291.293899721827,281.701632736603,297.445999462208
262000,238.891600001123,-372445.49973347,875270.795358772,502825.295625302,291.902883227871,296.156231881353,288.824065056193
262100,238.982780001124,-377808.021989589,880558.176454162,502750.154464572,293.666225264019,300.859658143195,288.625881490183
262200,239.073960001125,-367705.822594247,870503.260494313,502797.437900066,290.312909953081,290.543435426839,289.917298878947
262300,239.165140001126,-382502.610818492,885269.791215529,502767.180397037,295.237549179766,295.626174871768,294.732434094116
262400,239.256320001127,-362952.223470651,865760.063440993,502807.839970343,288.731053340335,284.44927423216,291.344963534668
262500,239.347500001129,-368237.706750242,871015.328269665,502777.621519423,290.483684598854,279.991399686556,297.236471469887
262600,239.43868000113,-368130.425901691,870956.035757721,502825.609856031,290.463910541178,290.174716336293,290.414653418982
262700,239.529860001131,-369414.801165057,872143.944647968,502729.143482911,290.860078255117,288.667722625303,292.079265276448
262800,239.621040001132,-374453.617921328,877271.849383282,502818.231461953,292.570234911883,301.558210365898,286.33444274678
262900,239.712220001133,-383233.08241085,885968.005260611,502734.922849761,295.470403622015,304.616515523817,289.126770351127
263000,239.803400001134,-365047.66794928,867861.419009049,502813.751059769,289.431855597482,279.556782854898,295.774044212872
263100,239.894580001135,-385204.279749682,887917.201471349,502712.921721667,296.12046072081,298.426188898405,294.336541551812
263200,239.985760001137,-367971.082347948,870733.249161991,502762.166814043,290.389611192927,283.44358872413,294.77830149613
263300,240.076940001138,-347157.284563676,849970.622020815,502813.337457139,283.46527331026,284.007887903951,282.867309186707
263400,240.168120001139,-375022.356257972,877747.476159742,502725.119901771,292.728856481488,290.79673635289,293.772995853485
263500,240.25930000114,-359864.818517031,862680.429083881,502815.61056685,287.703995025473,281.228426288557,291.781287520896
263600,240.350480001141,-364239.464779358,866932.322607667,502692.857828309,289.122001870158,286.093973407133,290.899752510615
263700,240.441660001142,-387132.799791628,889899.880429073,502767.080637445,296.781684318517,295.317404227487,297.510552975605
263800,240.532840001143,-369102.120231143,871843.67673871,502741.556507568,290.759938882345,282.088553494137,296.298562525415
263900,240.624020001145,-387800.650351252,890557.556813574,502756.906462322,297.001019447582,298.986522221509,295.42985008209
264000,240.715200001146,-380343.330519446,883031.927240917,502688.596721471,294.491221357651,302.878428011121,288.654340904206
264100,240.806380001147,-370960.556401326,873710.231013587,502749.674612261,291.38243488864,292.304655002905,290.524802783389
264200,240.897560001148,-355817.651520078,858532.990916745,502715.339396666,286.32082405094,284.16071556223,287.522295690037
264300,240.988740001149,-376051.396081028,878824.806120883,502773.410039855,293.088146113351,293.922099009222,292.287937394341
264400,241.07992000115,-370027.215236778,872786.850385304,502759.635148526,291.074487372121,295.855019281324,287.644904026509
264500,241.171100001152,-366488.007037062,869238.001549536,502749.994512475,289.890945989507,280.167230570328,296.1318471473
264600,241.262280001153,-394307.911400837,897053.152117127,502745.240716291,299.167301022887,308.350113247928,292.796120122008
264700,241.353460001154,-381616.535115234,884288.104470173,502671.56935494,294.910156568342,296.340457267233,293.710864305273
264800,241.444640001155,-400205.926071341,902908.886418052,502702.960346711,301.120188900468,296.251925498107,304.114764344624
264900,241.535820001156,-370656.099241812,873379.049001694,502722.949759882,291.271985660061,292.771927288182,290.029297919931
265000,241.627000001157,-367779.235427856,870557.852894198,502778.617466343,290.331116522994,290.754348200123,289.807019474472
265100,241.718180001158,-362373.356125265,865172.45015865,502799.094033385,288.535084261681,281.535801834014,292.96082664324
265200,241.80936000116,-381602.118635231,884338.36933285,502736.250697619,294.926919904235,291.752602006837,296.797359402581
265300,241.900540001161,-378416.091161632,881111.664387753,502695.57322612,293.850813536019,284.31923089482,299.960326285537
265400,241.991720001162,-395881.701391546,898618.506064632,502736.804673086,299.689346694891,310.453335921107,292.263612755168
265500,242.082900001163,-357561.080730751,860357.091301523,502796.010570773,286.929161681348,281.663803575656,290.200292783741
265600,242.174080001164,-371637.444244518,874473.512721876,502836.068477358,291.636989401993,301.101787742868,285.084093016907
265700,242.265260001165,-368777.782701013,871555.444790978,502777.662089966,290.663813503745,286.220313381735,293.383927073832
265800,242.356440001166,-393066.387336806,895836.217948822,502769.830612016,298.761453376295,302.613321419903,295.944573469412
265900,242.447620001168,-383783.897577153,886506.572393587,502722.674816435,295.650015805765,290.867423652626,298.592035561354
266000,242.538800001169,-378260.124554303,880992.644432739,502732.519878436,293.811120371099,294.827577586382,292.888639627267
266100,242.62998000117,-370475.00326476,873232.474480439,502757.471215679,291.223103045002,292.118211074563,290.383678439424
266200,242.721160001171,-373884.942340493,876718.407945621,502833.465605128,292.38566214628,299.360287634705,287.492257102209
266300,242.812340001172,-394694.178874434,897483.984185162,502789.805310727,299.310983553497,306.754397117307,294.099282024663
266400,242.903520001173,-387319.350061641,890138.970248172,502819.620186531,296.861420793121,298.904163496923,295.252207806591
266500,242.994700001174,-374622.341955092,877415.432998296,502793.091043204,292.618120059462,294.641267132925,291.025506910437
266600,243.085880001176,-374365.048413312,877119.990230615,502754.941817303,292.519589871808,298.74659143819,288.124489169326
266700,243.177060001177,-384218.443190773,887013.418334027,502794.975143254,295.81904896916,291.226337695808,298.634340610587
266800,243.268240001178,-365717.374392047,868420.951733912,502703.577341865,289.618459807875,295.701029598203,285.322064564482
266900,243.359420001179,-368997.738779237,871852.863903673,502855.125124436,290.763002802626,285.41587025745,294.085455330408
267000,243.45060000118,-373674.126444041,876436.304287611,502762.17784357,292.291580552813,302.44308991619,285.280331326768
267100,243.541780001181,-372245.527034508,875055.850332367,502810.323297859,291.831199043644,298.46602619976,287.164788273698
267200,243.632960001182,-390167.32127185,892932.5234192,502765.20214735,297.793071008571,299.267872223428,296.561709306158
267300,243.724140001184,-376497.840083407,879279.119384446,502781.279301038,293.239659624628,307.749003394938,283.322397394733
267400,243.815320001185,-363813.182384612,866611.828439959,502798.646055347,289.015117038505,287.293198413322,289.922216857762
267500,243.906500001186,-363281.951127515,866078.786181643,502796.835054129,288.837347400915,284.035792836463,291.797685987715
267600,243.997680001187,-359626.966941675,862413.952620796,502786.985679121,287.615125102817,285.209105186501,288.979459109441
267700,244.088860001188,-386318.810015915,889059.682588728,502740.872572813,296.501478268711,306.202582716709,289.786990738154
267800,244.180040001189,-374189.036712384,876935.519585978,502746.482873593,292.458068896441,300.693695540702,286.723936076187
267900,244.27122000119,-390128.296384168,892875.084433539,502746.788049371,297.773915102064,292.199358684836,301.242141117629
268000,244.362400001192,-364283.75221292,867123.010598359,502839.258385439,289.185596330952,286.649469639179,290.635359461858
268100,244.453580001193,-370265.305074425,873051.534686681,502786.229612256,291.162759608698,296.510081857908,287.355242476217
268200,244.544760001194,-372138.002765982,874937.281038244,502799.278272262,291.791656174168,292.142358991003,291.314694582801
268300,244.635940001195,-391832.516601496,894601.990534238,502769.473932742,298.349838430628,291.716639630617,302.523346098611
268400,244.727120001196,-379997.322337227,882772.036764183,502774.714426956,294.404547861992,293.577294828587,294.710712761044
268500,244.818300001197,-385702.936648687,888435.201551295,502732.264902609,296.29321379066,306.186344538694,289.450882280478
268600,244.909480001198,-376355.208644076,879095.067839543,502739.859195467,293.178278419057,299.85805953788,288.480775774492
268700,245.0006600012,-363652.024860227,866410.051103375,502758.026243149,288.947824279932,289.791806979204,288.144379293517
268800,245.091840001201,-357494.514518144,860367.235532484,502872.72101434,286.93254478322,282.241587453563,289.820739215673
268900,245.183020001202,-382422.696234758,885256.574562779,502833.878328021,295.233141424972,294.122369788855,295.727628231195
269000,245.274200001203,-368437.272087214,871275.502560231,502838.230473017,290.57045274645,290.877812931729,290.123403912309
269100,245.365380001204,-376626.000164735,879384.912913861,502758.912749126,293.274941775508,295.755255056018,291.377003803688
269200,245.456560001205,-390518.670510044,893148.635599713,502629.965089669,297.86514443879,296.312974776867,298.651703259707
269300,245.547740001206,-367923.75077783,870709.094815134,502785.344037304,290.381555716236,282.247444226835,295.562312079407
269400,245.638920001208,-365919.007267192,868720.373177126,502801.365909934,289.718316884151,286.745227365192,291.458944632719
269500,245.730100001209,-359829.030835123,862760.01391756,502930.983082438,287.730536574141,290.862654642576,285.402682414704
269600,245.82128000121,-378692.944076735,881449.035110085,502756.09103335,293.963326700045,288.946390734063,297.06298123845
269700,245.912460001211,-373823.967953703,876535.326673721,502711.358720018,292.324604526837,282.616493488935,298.553074715
269800,246.003640001212,-386304.910289625,888966.104651068,502661.194361443,296.470270018699,284.138128030477,304.444639452498
269900,246.094820001213,-380525.776508529,883202.756388666,502676.979880137,294.548192892668,288.742876587574,298.172946935321
270000,246.186000001214,-364958.509967647,867750.08089866,502791.570931013,289.394724328384,289.267132881319,289.238623022822
270100,246.277180001216,-363427.062515002,866222.608145676,502795.545630674,288.885312037911,287.95858720442,289.26239083354
270200,246.368360001217,-368601.581532316,871450.217491127,502848.635958811,290.628720190471,289.932555918993,290.850639104632
270300,246.459540001218,-373392.854377795,876191.769851279,502798.915473484,292.210028297908,284.058499593181,297.400872410812
270400,246.550720001219,-379222.03489765,881961.824969576,502739.790071926,294.134342160939,287.29192945784,298.450838677871
270500,246.64190000122,-384524.581611438,887221.417433945,502696.835822507,295.888416686325,288.635219170283,300.477308016447
270600,246.733080001221,-371636.69401853,874347.7874447,502711.09342617,291.595060011573,286.3639942698,294.839441289411
270700,246.824260001223,-353605.452670831,856429.533581993,502824.080911162,285.619320854425,280.946633872768,288.49642940815
270800,246.915440001224,-350105.939151409,852995.428024783,502889.488873374,284.474046364777,272.624660129331,292.136575483103
270900,247.006620001225,-362664.508365165,865543.651015061,502879.142649896,288.658879778243,289.189418580941,288.064638176629
271000,247.097800001226,-367203.730453374,869996.345234631,502792.614781257,290.143853671713,297.598073269703,284.932587394993
271100,247.188980001227,-364867.35816047,867571.959602395,502704.601441924,289.335320861229,284.17091377244,292.537146153038
271200,247.280160001228,-373462.004085383,876131.503165585,502669.499080202,292.189929353205,287.653426726948,294.970772829583
271300,247.371340001229,-358110.31881068,860849.002323481,502738.683512801,287.093214048184,289.888619527824,284.99036605005
271400,247.462520001231,-352189.30629299,854959.9064832,502770.600190209,285.129200094447,278.126437910366,289.560100550423
271500,247.553700001232,-376343.630279937,879203.526107248,502859.895827311,293.21444926038,301.022480615097,287.764749649518
271600,247.644880001233,-366538.7912947,869349.939123046,502811.147828346,289.928277179605,285.651251553772,292.538020699177
271700,247.736060001234,-373114.140562616,875905.237468398,502791.096905782,292.114469724328,297.610945630459,288.206723728803
271800,247.827240001235,-375406.287107447,878087.112751228,502680.825643781,292.842125313066,295.036014650824,291.135497316799
271900,247.918420001236,-393602.500318445,896279.688944177,502677.188625733,298.909350990221,280.665071392604,310.823112929473
272000,248.009600001237,-394329.263623459,896953.222634194,502623.959010735,299.133974531997,301.512938898742,297.298719975391
272100,248.100780001239,-358642.485897568,861506.31542138,502863.829523812,287.312428021137,294.02171605255,282.600142310178
272200,248.19196000124,-369181.723477941,871936.580944724,502754.857466783,290.790922442796,291.863833883302,289.833322380423
272300,248.283140001241,-375683.114061097,878526.939395711,502843.825334614,292.988807535672,303.064656195981,286.027417755853
272400,248.374320001242,-385082.866846828,887777.702753624,502694.835906796,296.073937886818,270.463010198337,312.901161397566
272500,248.465500001243,-363488.092558505,866229.217194154,502741.124635649,288.88751615613,290.359760258433,287.665280491131
272600,248.556680001244,-369256.697480886,871982.209520341,502725.512039455,290.806139576569,293.352864412428,288.865984569682
272700,248.647860001245,-379500.070428341,882254.089714551,502754.01928621,294.231812477756,286.963778276077,298.831975435144
272800,248.739040001247,-379714.975940082,882497.234450555,502782.258510473,294.312901267485,294.140757601182,294.182402960632
272900,248.830220001248,-373863.83553152,876643.592847195,502779.757315675,292.360711304717,293.232680571892,291.535764533847
273000,248.921400001249,-384203.764284217,886929.077975778,502725.31369156,295.790921452652,293.576696209401,297.020579180275
273100,249.01258000125,-374812.462947364,877551.334998627,502738.872051263,292.663443387903,280.554124843571,300.492436214635
273200,249.103760001251,-371778.691082299,874517.487007598,502738.795925299,291.651654829948,281.903956029423,297.907077651272
273300,249.194940001252,-377093.448079829,879822.359724335,502728.911644506,293.420830323273,292.000514690423,294.123190053237
273400,249.286120001253,-398337.435205202,901088.798036751,502751.362831549,300.513189273554,295.30964328151,303.731792277188
273500,249.377300001255,-371652.494804486,874456.947377605,502804.452573119,291.631464858298,289.602733161025,292.740926435762
273600,249.468480001256,-388559.862331395,891285.051619822,502725.189288427,297.24363902612,291.245822076737,300.994480626521
273700,249.559660001257,-371584.248323405,874384.377402578,502800.129079174,291.607262765576,291.836329713896,291.211545414391
273800,249.650840001258,-376352.271136062,879056.967325479,502704.696189417,293.16557189444,281.632608303586,300.609909645098
273900,249.742020001259,-370369.002229642,873172.444747874,502803.442518232,291.203083124187,298.321258038641,286.214963945281
274000,249.83320000126,-366436.404285737,869269.577425211,502833.173139473,289.901476546677,283.227159547517,294.109436648995
274100,249.924380001261,-374820.22542647,877590.580334922,502770.354908452,292.676531710829,294.459557830067,291.243950521579
274200,250.015560001263,-363664.07357407,866476.832796664,502812.759222595,288.970095980212,304.995802337229,278.045483328884
274300,250.106740001264,-391802.451192729,894434.202599847,502631.751407117,298.293881140519,297.179839597999,298.787997267915
274400,250.197920001265,-366243.911656206,868988.836127837,502744.924471632,289.807849300596,290.342092196656,289.210180828805
274500,250.289100001266,-378585.438159948,881285.979861146,502700.541701198,293.908947760929,295.872315907042,292.355111540386
274600,250.380280001267,-366770.699442182,869639.611676336,502868.912234154,290.024883000279,289.315442003128,290.256156262545
274700,250.471460001268,-376049.613714464,878793.624381953,502744.010667489,293.077747000818,289.890966601843,294.958035810968
274800,250.562640001269,-367211.068271179,870066.491705263,502855.423434084,290.167247525517,296.391026068362,285.776255790682
274900,250.653820001271,-392496.462582111,895113.884896061,502617.42231395,298.520555242975,289.865964214044,304.041515466227
275000,250.745000001272,-356592.936169144,859366.469712653,502773.533543509,286.598789298867,273.654314078374,294.989607121447
275100,250.836180001273,-387584.215589003,890187.736907516,502603.521318514,296.877684478078,288.367987997278,302.303417394879
275200,250.927360001274,-360159.38868384,862958.262602125,502798.873918284,287.796652526972,303.831007833775,276.867251778663
275300,251.018540001275,-371726.134120104,874543.297905246,502817.163785142,291.660262766465,301.439545021905,284.897691043867
275400,251.109720001276,-362286.855426798,865158.777039983,502871.921613186,288.530524275466,297.281490273715,282.456104839736
275500,251.200900001277,-347664.177830079,850476.804697268,502812.626867189,283.63408527506,289.208926330238,279.681162833879
275600,251.292080001279,-383118.153977236,885811.530961002,502693.376983765,295.418219430049,300.052652502314,292.082415532347
275700,251.38326000128,-387939.413981071,890655.179562953,502715.765581881,297.033576642639,306.146932441651,290.710478129429
275800,251.474440001281,-388663.830622463,891352.999469273,502689.168846809,297.266299639577,290.61499904268,301.452778121143
275900,251.565620001282,-380579.115363873,883371.478350001,502792.362986128,294.604461680841,296.889695423393,292.835468801072
276000,251.656800001283,-360944.265232187,863734.094622209,502789.829390022,288.055392570355,281.814912807501,291.975666251782
276100,251.747980001284,-368557.609705639,871452.804114969,502895.19440933,290.629582829738,297.559207992152,285.767641402437
276200,251.839160001286,-381712.014970513,884432.197757547,502720.182787034,294.958211691695,281.366876527573,303.773303291366
276300,251.930340001287,-362253.549059827,865056.147137534,502802.598077707,288.496297194442,296.571899404224,282.872148806925
276400,252.021520001288,-390867.328487961,893510.453447459,502643.124959498,297.98581072118,298.48132010615,297.407149622265
276500,252.112700001289,-380733.886484166,883575.032426911,502841.145942746,294.672346982462,290.904934157508,296.938395243278
276600,252.20388000129,-371601.535850771,874410.350581538,502808.814730767,291.615924822924,291.585582962045,291.393139459492
276700,252.295060001291,-358366.825303108,861207.406425117,502840.581122009,287.212741845962,291.488952196606,284.122590993994
276800,252.386240001292,-378622.446557066,881391.898049284,502769.451492218,293.944271485504,297.785685621364,291.138375168693
276900,252.477420001294,-375963.223376932,878711.943962299,502748.720585367,293.050506574053,294.419536521542,291.893611186916
277000,252.568600001295,-382602.896991947,885379.922791658,502777.025799711,295.274278069588,297.213624562135,293.735318509498
277100,252.659780001296,-381083.970682836,883824.337316015,502740.366633179,294.755490183763,292.306426910905,296.142569457182
277200,252.750960001297,-365229.625041538,868069.192719734,502839.567678196,289.501148147318,288.481029338576,289.939976396358
277300,252.842140001298,-365725.077557223,868467.123632995,502742.046075772,289.633858140068,288.675792454873,290.031207048415
277400,252.933320001299,-357918.395489992,860779.934598116,502861.539108124,287.070179956017,293.660756878358,282.437236857825
277500,253.0245000013,-368455.611339177,871251.902661201,502796.291322025,290.562582178156,296.048923611896,286.662885737182
277600,253.115680001302,-374408.54149741,877179.558941164,502771.017443754,292.539456041742,289.959836796811,294.015419324994
277700,253.206860001303,-371861.852622976,874594.582155388,502732.729532411,291.677366068163,289.69078464335,292.758689212981
277800,253.298040001304,-378379.49220159,881145.798871648,502766.306670058,293.862197389244,296.399089821591,291.926050603189
277900,253.389220001305,-348772.280372852,851585.83831855,502813.557945699,284.003948080224,278.105460231302,287.699603356105
278000,253.480400001306,-351753.193679364,854548.290851062,502795.097171698,284.991926246811,275.4682884255,291.103524855813
278100,253.571580001307,-368295.445163785,871113.039962052,502817.594798267,290.516271456412,288.530125745413,291.598271704197
278200,253.662760001308,-388115.017188511,890796.975002019,502681.957813508,297.08086543339,287.042119771662,303.525795153346
278300,253.75394000131,-382441.84896177,885178.001829102,502736.152867332,295.20693741174,296.100926722098,294.364938756991
278400,253.845120001311,-379744.816140256,882431.189870388,502686.373730132,294.290875394493,305.460098484539,286.599484271633
278500,253.936300001312,-356489.509562366,859299.420121837,502809.910559471,286.57642825474,296.170834640272,279.941343640838
278600,254.027480001313,-376907.608664828,879697.225676842,502789.617012014,293.379098108001,298.588433119616,289.661725518501
278700,254.118660001314,-377270.595629609,880024.273260994,502753.677631385,293.488168504584,302.908233178221,286.963551915071
278800,254.209840001315,-358425.48236744,861221.333750764,502795.851383324,287.217386610226,285.942046523581,287.828265512482
278900,254.301020001316,-374256.390261074,876950.384577811,502693.994316737,292.463026372457,289.166004794478,294.417321569132
279000,254.392200001318,-381246.789626958,883961.319087337,502714.529460378,294.80117361592,300.946803283811,290.45841952598
279100,254.483380001319,-370358.109907049,873043.481486766,502685.371579717,291.160073865855,291.91001332009,290.417480834811
279200,254.57456000132,-371864.724301544,874598.598795372,502733.874493828,291.678705617933,281.249069421799,298.388730827341
279300,254.665740001321,-371552.389297534,874316.78994314,502764.400645606,291.584722342218,305.961169206154,281.757437164309
279400,254.756920001322,-369964.177457753,872792.983118705,502828.805660952,291.076532639221,289.143302258593,292.122789115774
279500,254.848100001323,-374907.064626812,877644.776418553,502737.71179174,292.694606109239,295.119974944923,290.833781380358
279600,254.939280001324,-373678.736282432,876429.017607445,502750.281325014,292.289150444371,304.473598408087,283.922610843189
279700,255.030460001326,-386249.997037523,888897.214452133,502647.21741461,296.44729513161,292.497038549802,298.833760106874
279800,255.121640001327,-367226.647678168,870005.00902686,502778.361348692,290.146743047144,290.092824938461,289.940899500392
279900,255.212820001328,-363526.557113108,866331.243473696,502804.686360587,288.921541928863,291.558216795969,286.922990732518
280000,255.304000001329,-379379.892671347,882177.976884635,502798.084213288,294.206428842633,296.106890648433,292.694282281398
280100,255.39518000133,-381328.324255775,884083.750706883,502755.426451107,294.842004571247,294.092004997321,295.096302616721
280200,255.486360001331,-386179.608088313,888870.065547917,502690.457459604,296.438240969791,295.741511267158,296.655695570737
280300,255.577540001332,-384695.925657938,887389.479837486,502693.554179548,295.944465511918,298.102925257013,294.258871960594
280400,255.668720001334,-377120.011931136,879851.911629494,502731.899698358,293.430685886108,296.403633424665,291.204195288831
280500,255.759900001335,-371727.948355568,874485.802486959,502757.85413139,291.641088039673,295.450114306876,288.858702954837
280600,255.851080001336,-391883.072564443,894579.474874321,502696.402309878,298.342329456168,308.173062356343,291.539888914838
280700,255.942260001337,-368635.774074674,871484.847616138,502849.073541464,290.640269340049,289.257529525145,291.319895658869
280800,256.033440001337,-370775.140309231,873443.016683663,502667.876374431,291.293318887331,290.922594194784,291.297724249956
280900,256.124620001335,-346672.633418964,849604.077431161,502931.444012197,283.34303065905,288.900896209034,279.401667766844
281000,256.215800001334,-379434.661413814,882105.205195056,502670.543781242,294.182159478091,303.142795237556,287.96325050555
281100,256.306980001332,-360325.606274502,863173.601654038,502847.995379536,287.868468118739,277.542283928676,294.512700522015
281200,256.39816000133,-374014.670484623,876721.509667457,502706.839182834,292.386696570771,292.156464421602,292.296529089742
281300,256.489340001329,-351181.896325428,854036.064635146,502854.168309718,284.821098761096,294.942525136847,277.836130261628
281400,256.580520001327,-365021.717536717,867807.486493372,502785.768956655,289.413869099007,290.316960150022,288.570630174081
281500,256.671700001325,-376692.776820303,879508.641885818,502815.865065515,293.316205397972,288.887894960996,296.02398218479
281600,256.762880001324,-355635.113671503,858386.218806513,502751.10513501,286.271875539941,289.680080549843,283.76117897039
281700,256.854060001322,-359323.335011857,862115.365092018,502792.030080161,287.515546137074,275.339523399708,295.393298340205
281800,256.94524000132,-385094.625383593,887830.019950482,502735.394566889,296.091385676332,291.59990566335,298.83896286359
281900,257.036420001319,-352063.038672756,854855.702177058,502792.663504302,285.094447949661,277.623628362503,289.837415634475
282000,257.127600001317,-357436.46895702,860210.977591809,502774.50863479,286.880432746977,290.886828190591,283.970435423945
282100,257.218780001315,-374545.683893724,877296.329126899,502750.645233175,292.578398908421,291.952447447622,292.751884549863
282200,257.309960001313,-378640.600888687,881418.809510912,502778.208622225,293.953246460201,303.444269074829,287.380937011731
282300,257.401140001312,-359508.113944172,862385.444465113,502877.330520941,287.60561763052,294.028445050704,283.084061335705
282400,257.49232000131,-369108.86411641,871940.887849629,502832.023733218,290.792358795941,283.690277154575,295.284752924521
282500,257.583500001308,-342718.630946959,845597.142319111,502878.511372152,282.006717465103,275.967859041922,285.797617482669
282600,257.674680001307,-359689.365531692,862472.197827346,502782.832295654,287.634549884057,282.725979529994,290.667234661864
282700,257.765860001305,-361556.428128577,864346.558597155,502790.130468578,288.259649357063,297.230858641889,282.038626792717
282800,257.857040001303,-378909.50286249,881649.067877922,502739.565015432,294.030037644796,297.666562722974,291.360662561307
282900,257.948220001302,-369979.907669236,872785.286145214,502805.378475979,291.07396569792,284.399523530125,295.281032171703
283000,258.0394000013,-370654.6699356,873476.681962405,502822.012026805,291.304546260599,298.875551328466,286.014455760137
283100,258.130580001298,-367242.958289232,870053.071518997,502810.113229765,290.162771892279,299.333227261773,283.807332669375
283200,258.221760001296,-366148.299994457,868948.599414707,502800.29942025,289.794430353412,286.436219838299,291.79174200486
283300,258.312940001295,-375743.57064895,878461.644602764,502718.073953814,292.96703171678,286.42089779414,297.086981805443
283400,258.404120001293,-366504.230697661,869247.680528254,502743.449830593,289.894173929716,283.401415492553,293.981101076217
283500,258.495300001291,-393585.522112337,896241.469490572,502655.947378235,298.896604799257,294.820236300211,301.365103294621
283600,258.58648000129,-355600.1223237,858432.880253297,502832.757929597,286.287437136334,281.448787214098,289.274630886877
283700,258.677660001288,-368938.744398961,871668.498941261,502729.7545423,290.70151707229,284.617453483356,294.515308200685
283800,258.768840001286,-359254.873108984,862111.838445251,502856.965336267,287.514370000084,292.077692543308,284.232559662934
283900,258.860020001285,-390321.529116981,893035.304124012,502713.775007031,297.827348382195,293.933875043446,300.174807817709
284000,258.951200001283,-385244.918978682,888025.193311267,502780.274332585,296.156476008427,297.644425488338,294.917712625145
284100,259.042380001281,-383524.984719133,886170.149206305,502645.164487173,295.537818644757,298.072084640741,293.60202646523
284200,259.133560001279,-355340.365218855,858148.474745648,502808.109526793,286.19258787582,293.290236981521,281.222327982122
284300,259.224740001278,-375867.863913204,878603.394177917,502735.530264713,293.014305211912,290.039579297352,294.753277233942
284400,259.315920001276,-378067.243912604,880926.877022846,502859.633110243,293.789186934416,297.802274249383,290.868971068659
284500,259.407100001274,-378004.852424103,880761.165354619,502756.312930516,293.733922079246,301.649759597052,288.211918798976
284600,259.498280001273,-384182.902860243,886942.480007918,502759.577147675,295.795391031488,297.94061713585,294.118744136054
284700,259.589460001271,-393745.122870428,896453.837194931,502708.714324503,298.967429446367,307.438444519734,293.070946539583
284800,259.680640001269,-373567.369397644,876287.453877743,502720.084480098,292.241938928712,290.304592533439,293.28996824312
284900,259.771820001268,-374792.558805988,877509.386981246,502716.828175259,292.649453720609,293.259447195923,291.998916858967
285000,259.863000001266,-365011.60663779,867763.385594229,502751.778956439,289.399161445466,300.043793209464,282.061574301596
285100,259.954180001264,-381548.011009239,884347.440641529,502799.429632289,294.929945186436,292.866576893466,296.059749094095
285200,260.045360001263,-348205.920920377,851026.544717796,502820.623797419,283.817423617741,283.271516396253,283.944847245717
285300,260.136540001261,-367285.175010215,870126.874201529,502841.699191314,290.187385093056,289.021350591774,290.722918606334
285400,260.227720001259,-366705.455460138,869488.178964288,502782.723504149,289.974380178185,283.511355102714,294.041418245017
285500,260.318900001257,-365144.595361917,867954.465133446,502809.869771529,289.462886487726,284.155914472017,292.759648759459
285600,260.410080001256,-388427.391792646,891139.625149159,502712.233356513,297.195139286029,296.442111201566,297.449495392934
285700,260.501260001254,-370959.506829623,873764.161745257,502804.654915634,291.400420792149,288.362494109643,293.182871563158
285800,260.592440001252,-360465.902293901,863377.849775951,502911.947482051,287.936584884426,298.08508704802,280.930969621293
285900,260.683620001251,-368636.766895938,871417.471770292,502780.704874354,290.617799489842,294.247524107615,287.955801578418
286000,260.774800001249,-366210.175397112,869019.437522492,502809.26212538,289.818054868265,295.90431813202,285.519030980037
286100,260.865980001247,-383097.714235584,885736.81804806,502639.103812476,295.393302667354,288.762105653458,299.567939591062
286200,260.957160001246,-369968.484937839,872715.808539858,502747.323602019,291.050794910741,282.824139364823,296.292689612261
286300,261.048340001244,-392371.196448306,895107.723216654,502736.526768348,298.518500322379,296.396040707787,299.684707981838
286400,261.139520001242,-366413.244942758,869226.5094641,502813.264521342,289.887113378056,302.792009357728,281.042276797126
286500,261.23070000124,-357048.225324338,859851.76966365,502803.544339312,286.760636872986,285.060185015635,287.65530424716
286600,261.321880001239,-365114.549260424,867889.164685378,502774.615424955,289.441108782851,286.033297040527,291.471782353748
286700,261.413060001237,-368734.254423804,871442.055967434,502707.80154363,290.625998321639,298.814630592643,284.924721809036
286800,261.504240001235,-383958.471609173,886620.755005972,502662.283396799,295.688095716516,291.686139425917,298.109659830484
286900,261.595420001234,-377760.143594819,880490.00839787,502729.864803051,293.643491211562,281.373009092843,301.579109714699
287000,261.686600001232,-396404.896375895,899082.159277221,502677.262901326,299.843975079947,293.610188323722,303.749962938197
287100,261.77778000123,-354873.055511551,857757.067458805,502884.011947255,286.062053513025,290.982121473883,282.543623161192
287200,261.868960001229,-375130.150129926,877943.497027369,502813.346897443,292.794229457185,295.230175766392,290.926270059833
287300,261.960140001227,-364226.620522986,867103.841706264,502877.221183278,289.17920350384,290.12770714565,288.305885073047
287400,262.051320001225,-382153.881988612,884905.362980145,502751.480991533,295.116012332882,294.508939022481,295.274797862872
287500,262.142500001223,-367638.101776981,870272.157319078,502634.055542097,290.235837024872,292.889635825927,288.224774626648
287600,262.233680001222,-358225.292845211,861006.953608743,502781.660763532,287.145890814988,294.987283080541,281.679007728941
287700,262.32486000122,-368842.814876514,871579.11289628,502736.298019766,290.671706818836,297.710588104968,285.736892872398
287800,262.416040001218,-359343.696364892,862241.203379232,502897.50701434,287.557513216352,300.648892768301,278.590295587372
287900,262.507220001217,-380539.816007767,883304.91189385,502765.095886083,294.582261762165,294.767700364444,294.213150809177
288000,262.598400001215,-369891.903564694,872687.050844793,502795.147280099,291.04120421704,285.636003195509,294.40213722788
288100,262.689580001213,-373778.417105421,876461.321996444,502682.904891023,292.299923960795,279.761891000683,300.415029330901
288200,262.780760001212,-381525.68049641,884228.153992139,502702.473495729,294.890163078919,287.297130825401,299.706442778698
288300,262.87194000121,-373536.524702708,876187.554826996,502651.030124287,292.208622586959,292.276283214021,291.920008316762
288400,262.963120001208,-375510.513863319,878233.555670107,502723.041806788,292.890964038722,298.555090119653,288.870804181402
288500,263.054300001207,-378525.27835773,881352.784322687,502827.505964957,293.931227054423,304.290971292838,286.779788206268
288600,263.145480001205,-370539.326367329,873320.795409851,502781.469042522,291.252558082325,296.191249566086,287.717386628083
288700,263.236660001203,-363695.8570628,866581.997394483,502886.140331683,289.005168382352,289.169930217361,288.654489518695
288800,263.327840001201,-400905.531646178,903504.24666276,502598.715016582,301.318741591716,291.119070808625,307.867423162451
288900,263.4190200012,-351180.756683973,854031.900810919,502851.144126946,284.819710125369,286.046178098266,283.764715051667
289000,263.510200001198,-368278.643858696,870943.726984443,502665.083125746,290.459805564263,296.287372270671,286.332711255355
289100,263.601380001196,-367281.219801406,870130.552316919,502849.332515514,290.188611744846,293.675330249403,287.622308898687
289200,263.692560001195,-396013.055392845,898703.012012597,502689.956619752,299.717529435584,304.059121785221,296.573369927962
289300,263.783740001193,-358400.222266159,861184.998887133,502784.776620973,287.205268930176,287.64995750266,286.669472157744
289400,263.874920001191,-365084.282612517,867846.21962378,502761.937011263,289.426786601227,289.775311927939,288.953247394586
289500,263.96610000119,-362443.907829205,865157.801604818,502713.893775613,288.530198967757,284.873388683891,290.72763065786
289600,264.057280001188,-377560.334563239,880271.450489776,502711.115926537,293.570602130991,287.30610034199,297.502294488549
289700,264.148460001186,-384265.075862382,886947.597830869,502682.521968487,295.797097825869,299.125382986937,293.331743470303
289800,264.239640001184,-366030.71058838,868811.63718176,502780.92659338,289.748753437305,296.469056860094,285.027093860915
289900,264.330820001183,-360381.634819037,863132.762461491,502751.127642453,287.854848244619,284.594069770371,289.788821520581
290000,264.422000001181,-382214.47063734,884911.085246772,502696.614609432,295.117920709279,297.002944869996,293.615306334875
290100,264.513180001179,-380572.796553563,883224.962786845,502652.166233282,294.555598728312,294.856434591359,294.10957848734
290200,264.604360001178,-380959.967860329,883563.809439625,502603.841579296,294.668604115266,301.312870040155,289.993536328577
290300,264.695540001176,-353393.68047316,856181.110141303,502787.429668142,285.536471616242,289.648686020038,282.557048287364
290400,264.786720001174,-352571.375394716,855383.37602788,502812.000633163,285.270427222905,276.509910645985,290.873046251499
290500,264.877900001173,-365058.419253093,867896.369178073,502837.949924979,289.443511481765,296.133918222234,284.742037395218
290600,264.969080001171,-373733.356592128,876487.524143643,502754.167551516,292.308662379071,291.245655087523,292.773743354787
290700,265.060260001169,-379100.628703321,881822.67717287,502722.048469549,294.087936359136,284.329584210417,300.348431177983
290800,265.151440001167,-385792.702545197,888490.828330104,502698.125784907,296.311765326031,276.304450648545,309.403048639916
290900,265.242620001166,-362954.14799606,865662.418107039,502708.270110979,288.69848861332,283.269043828784,292.077536395832
291000,265.333800001164,-384958.899075782,887652.062091063,502693.163015281,296.032036715379,306.249580285784,288.973647637846
291100,265.424980001162,-367919.208962113,870735.563974568,502816.355012455,290.390383183114,291.923362209666,289.126405179427
291200,265.516160001161,-379164.000006637,881936.905839954,502772.905833317,294.126031629133,299.887965803285,290.039637153341
291300,265.607340001159,-357945.04824368,860787.912966385,502842.864722705,287.0728407425,285.058293424574,288.176644920497
291400,265.698520001157,-374696.299203222,877414.040545093,502717.741341871,292.617655676203,308.250111707099,281.952170275874
291500,265.789700001156,-365185.449484807,867839.333795691,502653.884310884,289.424490176985,294.112247540705,286.058131526024
291600,265.880880001154,-369077.385733066,871762.484463998,502685.098730932,290.732861251958,299.678773166142,284.52664259146
291700,265.972060001152,-383746.210218558,886486.153856796,502739.943638238,295.643206222043,292.281752414844,297.637806088324
291800,266.063240001151,-353701.397000447,856515.01254453,502813.615544084,285.647828095558,282.856166844383,287.270895739594
291900,266.154420001149,-357483.179308125,860271.909628924,502788.730320798,286.900753586434,293.565629481396,282.218419028472
292000,266.245600001147,-367093.387444159,869848.540575072,502755.153130914,290.094560805427,285.343349025006,293.02028985837
292100,266.336780001145,-369435.164682784,872187.429903642,502752.265220858,290.87458059151,293.238881434908,289.055984545416
292200,266.427960001144,-373751.121168142,876514.97090316,502763.849735018,292.317815875658,290.123011641034,293.537420518843
292300,266.519140001142,-349527.625163815,852304.051994089,502776.426830274,284.243472400897,285.859058708314,282.929545302284
292400,266.61032000114,-351152.460522601,853997.873397809,502845.412875208,284.80836198026,289.301988499088,281.575270666058
292500,266.701500001139,-361922.549170834,864721.886613087,502799.337442253,288.38482128167,288.504157406684,288.064943180592
292600,266.792680001137,-365902.209613981,868724.882857459,502822.673243478,289.719820862918,287.851595744864,290.723871090902
292700,266.883860001135,-373189.982107066,875927.687562544,502737.705455478,292.121956832598,287.603933560066,294.890537383591
292800,266.975040001134,-382730.346713475,885441.468225408,502711.121511933,295.294803476875,298.114690788535,293.168799599537
292900,267.066220001132,-384440.073141566,887197.66910313,502757.595961563,295.880496616018,280.010691346019,306.213799715505
293000,267.15740000113,-369137.535088898,871936.297808206,502798.762719308,290.790828016744,290.842279431334,290.514201383669
293100,267.248580001128,-366736.61641807,869586.252852472,502849.636434402,290.007087828071,294.866727231177,286.525655652812
293200,267.339760001127,-361055.161498875,863822.716463197,502767.554964322,288.084947961713,283.462216231885,290.926698324964
293300,267.430940001125,-367942.175293978,870699.96481776,502757.789523782,290.378510861351,299.389492548606,284.129207644129
293400,267.522120001123,-367317.688848495,870048.957241754,502731.268393258,290.161399780475,287.562930484063,291.651911478266
293500,267.613300001122,-361849.673627451,864598.305422416,502748.631794965,288.343606944277,277.128838182399,295.579833113075
293600,267.70448000112,-372182.416617429,874953.910488751,502771.493871322,291.797202097299,293.296061809218,290.554797954272
293700,267.795660001118,-360872.674813675,863711.381480371,502838.706666697,288.047817735658,283.146697875507,291.075191127645
293800,267.886840001117,-358422.214578717,861218.694432357,502796.47985364,287.216506397318,286.206810319954,287.650290026895
293900,267.978020001115,-378758.207930184,881566.20404246,502807.996112276,294.002402548761,290.529103059134,296.072933539722
294000,268.069200001113,-366455.439062663,869133.86096584,502678.421903177,289.856215096161,281.332819371909,295.296932066415
294100,268.160380001111,-368000.382393655,870730.934040739,502730.551647083,290.388839099796,289.877683353528,290.487618898058
294200,268.25156000111,-378404.231258039,881108.676496153,502704.445238114,293.849817073921,302.275854823362,287.987583726732
294300,268.342740001108,-381871.114211769,884627.751057386,502756.636845618,295.023428733496,288.903316913634,298.857650422793
294400,268.433920001106,-373234.34424442,876068.2248408,502833.88059638,292.168826026613,300.43853523134,286.412212535106
294500,268.525100001105,-372290.199247024,875070.648817052,502780.449570028,291.83613433952,291.62992001844,291.730413774958
294600,268.616280001103,-363818.484605569,866602.903704577,502784.419099008,289.012140638512,300.308566464963,281.240346637012
294700,268.707460001101,-370992.471504987,873755.464083182,502762.992578194,291.397520121121,293.554422519527,289.716753922084
294800,268.7986400011,-372246.346455382,875017.804368053,502771.457912671,291.818510711373,300.829476396885,285.568018162106
294900,268.889820001098,-369963.601601405,872740.170154365,502776.568552961,291.058919511211,292.795477822037,289.658664871068
295000,268.981000001096,-363058.357676973,865834.030039913,502775.67236294,288.755721207241,287.499173732255,289.352789756226
295100,269.072180001095,-365563.365646763,868343.802120283,502780.436473521,289.592730405297,288.13594639285,290.32259247159
295200,269.163360001093,-361164.558456213,864046.96439551,502882.405939297,288.159734665836,290.936984208733,286.06810185835
295300,269.254540001091,-369020.918843734,871784.313113977,502763.394270243,290.740141108547,291.303721134542,290.122137640293
295400,269.345720001089,-369919.541046601,872753.441902286,502833.900855685,291.063345640249,280.797744254657,297.664527109276
295500,269.436900001088,-374597.945707854,877335.812849842,502737.867141987,292.591566733314,290.660875738523,293.634867757565
295600,269.528080001086,-366750.103345724,869547.478719929,502797.375374205,289.994156651636,280.220656894674,296.268161359067
295700,269.619260001084,-363993.489332757,866844.309243874,502850.819911117,289.092649405994,296.942171682988,283.618724013495
295800,269.710440001083,-376744.4845774,879574.841817797,502830.357240396,293.338283080806,301.625623448864,287.568940932867
295900,269.801620001081,-377332.326744635,880153.446971186,502821.12022655,293.531247947702,302.372251436445,287.392636248584
296000,269.892800001079,-368624.469095484,871435.886671373,502811.417575889,290.623940860888,291.438009502354,289.839041815859
296100,269.983980001078,-384412.679187413,887132.819790806,502720.140603394,295.858869364951,299.484448243944,293.195267721154
296200,270.075160001076,-378502.822892383,881289.407441407,502786.584549024,293.910090859232,287.766212925159,297.761084406232
296300,270.166340001074,-361644.907233356,864416.899423456,502771.9921901,288.2831080285,288.431588628952,287.943885038174
296400,270.257520001072,-353523.301415307,856377.281125096,502853.979709789,285.601894655693,292.710948050279,280.624524147089
296500,270.348700001071,-361488.541816786,864341.043787067,502852.501970281,288.257810167439,301.107192024685,279.451340754136
296600,270.439880001069,-382230.308254881,885016.118557892,502785.810303011,295.152949327294,285.961347588464,301.034723028743
296700,270.531060001067,-367712.619234872,870548.500250198,502835.881015326,290.32799741544,290.546318656858,289.940509923316
296800,270.622240001066,-363135.462576565,865958.617280517,502823.154703952,288.79727106237,294.355527212807,284.851102569527
296900,270.713420001064,-377913.716959285,880664.322303607,502750.605344323,293.701624913659,300.261716844382,289.083478939083
297000,270.804600001062,-379033.788997858,881781.328822417,502747.539824559,294.074146680813,299.682039243224,290.090489850305
297100,270.895780001061,-356382.513558815,859168.902556738,502786.388997923,286.532900635897,275.976907416611,293.331452031558
297200,270.986960001059,-375058.133729801,877816.260179387,502758.126449586,292.751795957775,288.678528080621,295.223348045912
297300,271.078140001057,-356174.220859257,858985.001007327,502810.78014807,286.471569453836,283.443666750284,288.251444948326
297400,271.169320001055,-382949.200558745,885658.729634331,502709.529075586,295.367260174864,295.724324928113,294.883077622553
297500,271.260500001054,-361103.068922096,863864.796948827,502761.728026731,288.098981807179,292.910718886458,284.65107460282
297600,271.351680001052,-363988.670046864,866783.58711949,502794.917072626,289.07239857245,299.935910840784,281.58916339475
297700,271.44286000105,-361399.630404748,864195.76733984,502796.136935092,288.209360460177,287.504535332236,288.439069411754
297800,271.534040001049,-377239.469998548,880044.822478808,502805.35248026,293.495021670438,292.908183223322,293.641668117123
297900,271.625220001047,-387046.859765462,889727.732364387,502680.872598926,296.724272924591,296.679807301255,296.506646446045
298000,271.716400001045,-364755.358442308,867566.395013635,502811.036571327,289.333465070414,286.246052467062,291.150628918422
298100,271.807580001044,-382290.911836713,884948.894377317,502657.982540604,295.130530057468,285.526876464956,301.287023677427
298200,271.898760001042,-354135.816560711,857002.091239301,502866.27467859,285.810268880874,277.954533242012,290.809250749382
298300,271.98994000104,-380161.777687265,882868.900550977,502707.122863711,294.436851942964,288.185985244687,298.358732365196
298400,272.081120001039,-380909.700841714,883748.174051333,502838.473209619,294.730089728642,295.48007022061,293.98449432589
298500,272.172300001037,-379741.420364351,882439.301621702,502697.881257352,294.293580664233,285.545190508127,299.880596117751
298600,272.263480001035,-378214.7018597,880968.041782333,502753.339922633,293.802915385137,290.970475154131,295.446373109654
298700,272.354660001033,-381105.821135957,883850.442992519,502744.621856563,294.764196429054,297.924449879955,292.411723964762
298800,272.445840001032,-366640.503318376,869412.58962112,502772.086302744,289.949171125936,298.541407387523,283.97938930894
298900,272.53702000103,-380300.777517331,883097.823181832,502797.045664501,294.51319765944,290.610418562333,296.86962272613
299000,272.628200001028,-378849.486813618,881617.2878074,502767.800993781,294.019438988628,294.612763896809,293.378872850683
299100,272.719380001027,-377283.202973517,880084.428308539,502801.225335023,293.508230217955,299.457208486909,289.29765451347
299200,272.810560001025,-379140.92629989,881849.134753592,502708.208453702,294.096759964513,299.967547366441,289.937821063258
299300,272.901740001023,-367649.288738612,870470.338278972,502821.04954036,290.30193039152,279.980373311001,296.941050169873
299400,272.992920001022,-365939.018120041,868703.982102847,502764.963982805,289.712850459512,293.357024246035,287.041973893113
299500,273.08410000102,-358182.501932881,861052.504700373,502870.002767492,287.161082107845,294.453975074216,282.059852561841
299600,273.175280001018,-385069.36103287,887881.833732893,502812.472700023,296.108665577086,295.313918431039,296.391739786471
299700,273.266460001016,-371587.660463627,874459.571339634,502871.910876007,291.632339949853,312.00953714479,277.804514869935
299800,273.357640001015,-357499.563753259,860372.560984493,502872.997231233,286.934320821908,287.525701619339,286.300955022937
299900,273.448820001013,-368080.890720102,870902.094255246,502821.203535144,290.445921045605,302.064330104179,282.458276739018
300000,273.540000001011,-368053.435878946,870827.654688023,502774.218809077,290.42109544373,282.668420014527,295.347528150329
