step,time,Epot,Ekin,Etot,T,T_CH3_K,T_CH2_K
100,0.0911800000000001,-378378.4338713,878068.012008117,499689.578136817,292.835755213646,289.119202273884,295.069427377476
200,0.18236,-380036.010052496,879674.983203428,499638.973150932,293.371680241263,293.821783701501,292.82713486757
300,0.273539999999999,-384014.290247257,883725.930706267,499711.64045901,294.722671571208,301.77473977252,289.775690544025
400,0.364720000000001,-397544.354990862,897101.412038115,499557.057047253,299.18339571056,299.072394275969,299.008077170528
500,0.455900000000003,-368841.471569,868544.997430623,499703.525861622,289.65982905807,291.500299193035,288.191465777212
600,0.547080000000005,-377131.640083425,876751.947069766,499620.306986341,292.396847446979,282.259437979906,298.911456385488
700,0.638260000000007,-366054.134444983,865806.816063774,499752.681618791,288.74664534393,287.618816858334,289.25790879654
800,0.729440000000008,-382203.039774121,881884.579200859,499681.539426738,294.108580690632,293.17687185151,294.484629432803
900,0.82062000000001,-370353.197226196,870020.41077713,499667.213550934,290.151879532143,290.995256488478,289.347834994977
1000,0.911800000000012,-364169.495209498,863858.701286959,499689.206077461,288.096948903438,301.884598865132,278.665101471554
1100,1.00298000000001,-381698.89787317,881319.743358914,499620.845485744,293.92020789025,289.020273527745,296.941897292011
1200,1.09416,-383929.995229136,883602.717453806,499672.722224669,294.681579941239,297.692873243797,292.428483089583
1300,1.18533999999999,-398768.924879988,898394.356630745,499625.431750757,299.614592840002,310.505233180059,292.104487119263
1400,1.27651999999999,-380754.760250736,880430.675978799,499675.915728062,293.623703844855,298.337556418436,290.236449042597
1500,1.36769999999998,-381299.246271841,880941.157508092,499641.911236251,293.793949477436,296.495413979649,291.748144851396
1600,1.45887999999997,-378657.33141446,878334.041090593,499676.709676133,292.924475934832,294.672258284451,291.515183971807
1700,1.55005999999996,-382196.278335709,881783.787325624,499587.508989915,294.074966591837,304.923084700845,286.597825380339
1800,1.64123999999995,-378554.171389164,878234.326905569,499680.155516406,292.891221245813,310.713510002773,280.765619390135
1900,1.73241999999994,-376470.026630941,876052.37488496,499582.348254019,292.163540065019,291.244329038729,292.532877799158
2000,1.82359999999993,-382422.788382709,882063.946581381,499641.158198672,294.168399726991,300.149717304558,289.935714342173
2100,1.91477999999992,-399672.336809191,899305.283937214,499632.947128023,299.918387172658,303.438001659916,297.322045525176
2200,2.00595999999991,-397180.782477753,896772.082218301,499591.299740547,299.073564188194,307.840652671803,292.979610562297
2300,2.0971399999999,-377087.927234986,876802.994765621,499715.067530635,292.413871857803,300.358047645175,286.874076439672
2400,2.18831999999989,-391207.485385856,890809.251826316,499601.766440461,297.084959755316,291.196806964336,300.762824149508
2500,2.27949999999988,-368032.828846623,867703.018920748,499670.190074125,289.379029154827,286.769687176007,290.877441283077
2600,2.37067999999987,-364013.352342856,863692.310088223,499678.957745367,288.041457424787,287.718899046996,288.016461795459
2700,2.46185999999987,-386912.988624228,886554.96742337,499641.978799142,295.666155552233,299.093977326692,293.134552572967
2800,2.55303999999986,-371882.949602928,871563.575642203,499680.626039275,290.666525143306,286.495176379079,293.205202215172
2900,2.64421999999985,-382266.797555116,881950.314311779,499683.516756663,294.130503355604,296.48544622112,292.315432692464
3000,2.73539999999984,-379043.051388632,878699.990200479,499656.938811846,293.04651999349,293.72347999779,292.351007890629
3100,2.82657999999983,-377426.575574802,877111.692735904,499685.117161102,292.51682265663,288.301834817896,295.083050530239
3200,2.91775999999982,-379426.621803054,879132.556866592,499705.935063537,293.190781012704,289.51525010962,295.396809297247
3300,3.00893999999981,-364303.955903738,863992.645205343,499688.689301605,288.141619211387,289.252979009828,287.160594663082
3400,3.1001199999998,-371844.828383332,871576.235212995,499731.406829663,290.670747111221,295.741803577665,287.047817177665
3500,3.19129999999979,-379344.964661828,878971.291010141,499626.326348312,293.136998836132,279.663848082105,301.874818506452
3600,3.28247999999978,-362394.24398296,862105.227624321,499710.983641362,287.512165290752,285.94299046892,288.318688367566
3700,3.37365999999977,-378502.151457237,878146.308027034,499644.156569796,292.861866942482,293.517751301764,292.180559147177
3800,3.46483999999976,-371819.591080161,871537.232215771,499717.64113561,290.657739608394,291.31275893942,289.978845271371
3900,3.55601999999975,-385641.966432987,885274.927073089,499632.960640102,295.239261988691,307.597322533967,286.754522240183
4000,3.64719999999974,-372099.402229671,871769.675092535,499670.272862863,290.735259327175,301.42055262445,283.369451079552
4100,3.73837999999974,-375411.762859185,875058.301425681,499646.538566496,291.832016483469,293.268731999814,290.63101279217
4200,3.82955999999973,-360604.596985649,860281.923375133,499677.326389485,286.90409317163,286.351336192361,287.033511080167
4300,3.92073999999972,-373882.167083381,873566.401314378,499684.234230997,291.334467671962,297.71681503044,286.836790709916
4400,4.01191999999971,-379711.020602796,879372.875681694,499661.855078898,293.270927357577,304.317127303762,285.662401620656
4500,4.1030999999997,-376066.583099932,875765.079152551,499698.49605262,292.067726914308,295.324359787579,289.653248559698
4600,4.19427999999969,-374598.800598258,874191.755232391,499592.954634133,291.543023255758,300.143813521802,285.566210559014
4700,4.28545999999968,-364529.042567072,864231.280425705,499702.237858632,288.221204077274,301.884518091713,278.872143730916
4800,4.37663999999967,-399318.039452334,898894.705649933,499576.666197599,299.781459279617,301.2916525547,298.524845880163
4900,4.46781999999966,-383754.99155135,883413.164536079,499658.172984729,294.618364027373,292.12732108598,296.033544018279
5000,4.55899999999965,-384901.774059818,884499.815776488,499598.04171667,294.980762306649,296.512356538029,293.713882183807
5100,4.65017999999964,-383085.171799022,882767.826610547,499682.654811525,294.403143775403,311.527449925697,282.741603722062
5200,4.74135999999963,-391553.48345939,891168.965416628,499615.481957238,297.204924267677,299.029364197087,295.74096021118
5300,4.83253999999962,-371021.924760356,870687.154405031,499665.229644675,290.374238587638,297.205943316922,285.577790235959
5400,4.92371999999961,-374379.803449859,873953.99738645,499574.193936591,291.463730994314,296.523879580251,287.847412161194
5500,5.01489999999961,-403698.583072184,903258.699022272,499560.115950088,301.236851433141,300.13234290783,301.722159740486
5600,5.1060799999996,-371769.457603894,871376.690230238,499607.232626344,290.604198842834,297.327803909721,285.879625299206
5700,5.19725999999959,-390232.874360575,889858.36503648,499625.490675905,296.767838931626,297.86568117519,295.78863757014
5800,5.28843999999958,-367405.5303122,867038.644756304,499633.114444104,289.157460315593,299.725479805144,281.871149438961
5900,5.37961999999957,-381333.326930585,880943.954769198,499610.627838612,293.794882364248,295.163791188243,292.637447412948
6000,5.47079999999956,-399796.575457714,899384.153259632,499587.577801917,299.94469009826,302.803127836503,297.789111031015
6100,5.56197999999955,-380691.543433745,880273.422823437,499581.879389692,293.571259904431,296.782581190126,291.185736330713
6200,5.65315999999954,-378536.80072988,878123.823933209,499587.02320333,292.854368495317,300.721777198505,287.36538405278
6300,5.74433999999953,-380137.516769877,879672.117053016,499534.60028314,293.370724379862,287.861651469311,296.798964049913
6400,5.83551999999952,-379718.243638534,879322.786092028,499604.542453493,293.254222475247,294.428410008864,292.22705226744
6500,5.92669999999951,-388433.263833327,888069.076052861,499635.812219534,296.171110906407,305.331260992717,289.817534923112
6600,6.0178799999995,-380347.61972014,879995.359995533,499647.740275393,293.478525928142,307.689184766037,283.760187931271
6700,6.10905999999949,-382888.227092107,882517.338363104,499629.111270997,294.319605923997,306.910821710469,285.680195728078
6800,6.20023999999948,-399437.372340733,899003.068118646,499565.695777913,299.817598171968,303.370958189675,297.198843495021
6900,6.29141999999948,-391512.630207039,891135.02673135,499622.396524311,297.193605713307,296.964177126942,297.098896766122
7000,6.38259999999947,-389584.530767912,889243.205405471,499658.674637559,296.562683143395,297.661435267205,295.583046158237
7100,6.47377999999946,-382599.372905011,882265.454062164,499666.081157152,294.235602488632,301.626106014085,289.063403802924
7200,6.56495999999945,-390477.035138427,890083.756982401,499606.721843974,296.843007164382,298.521679810676,295.476522894217
7300,6.65613999999944,-390562.922222164,890218.616635433,499655.694413269,296.887982869913,296.833681862763,296.676776888954
7400,6.74731999999943,-377798.918640428,877443.869672341,499644.951031914,292.627603692627,309.810560333398,280.928442929036
7500,6.83849999999942,-396230.789086409,895853.109860355,499622.320773946,298.7670868302,307.532593317078,292.674443266589
7600,6.92967999999941,-404498.555467224,904111.143028698,499612.587561474,301.521141580356,309.739944878177,295.790671763826
7700,7.0208599999994,-386339.195956913,885982.983980768,499643.788023855,295.475399026436,306.743845961705,287.716871570401
7800,7.11203999999939,-384747.479825953,884408.11762895,499660.637802997,294.9501809668,296.4673596804,293.692936673595
7900,7.20321999999938,-398866.861764486,898499.033028466,499632.17126398,299.649502427369,303.671938577944,296.718170408295
8000,7.29439999999937,-384594.117864978,884221.133718246,499627.015853267,294.88782181699,301.682509102416,290.11229044186
8100,7.38557999999936,-377024.388560688,876602.654386548,499578.26582586,292.347058324678,296.265802950214,289.49093935905
8200,7.47675999999935,-384775.8813584,884375.637826265,499599.756467865,294.939348949897,300.300844696683,291.119235661248
8300,7.56793999999935,-390985.339191658,890590.175986425,499604.836794767,297.011897944447,294.438321124513,298.480105909451
8400,7.65911999999934,-396871.286592972,896513.032404189,499641.745811217,298.98717105359,308.136006812814,292.638791238228
8500,7.75029999999933,-388587.738847813,888231.16880273,499643.429954916,296.225168852003,304.016907112058,290.783822371255
8600,7.84147999999932,-380281.727631803,879928.013393973,499646.28576217,293.456065830907,296.28918782945,291.322771110351
8700,7.93265999999931,-399320.678361354,898914.193142904,499593.514781549,299.787958360148,310.775657868763,292.213002055772
8800,8.02383999999932,-402441.10770816,902053.804541839,499612.696833679,300.835019023458,312.57836818062,292.755423736165
8900,8.1150199999994,-376305.417291126,875921.145641363,499615.728350237,292.119775101338,291.55139847242,292.255259708033
9000,8.20619999999948,-396987.887596455,896582.339711446,499594.452114991,299.010285046338,308.402131941277,292.499878545507
9100,8.29737999999956,-404815.681165085,904418.216971144,499602.535806059,301.623550765764,307.87724577188,297.203067802717
9200,8.38855999999964,-400520.731463636,900139.452695145,499618.721231509,300.196582522976,307.691133497748,294.950051387693
9300,8.47973999999972,-382542.903782456,882187.232539213,499644.328756757,294.209515604206,296.197620291314,292.638937883131
9400,8.5709199999998,-381454.439232708,881068.34854021,499613.909307502,293.836367697252,284.183773394846,300.026566925775
9500,8.66209999999988,-394105.114615382,893686.509410769,499581.394795387,298.044525399623,303.73498692032,294.00251394799
9600,8.75327999999996,-365836.792254378,865433.407815697,499596.615561319,288.622113662063,290.603943527877,287.060375323469
9700,8.84446000000004,-376670.340978363,876352.935649596,499682.594671233,292.263777105085,292.582704004062,291.807606024847
9800,8.93564000000012,-382592.274790314,882220.996835824,499628.722045509,294.220775999941,294.901361000003,293.521868686567
9900,9.0268200000002,-371929.095230187,871591.255816489,499662.160586302,290.675756483738,279.473664787169,297.901587817714
10000,9.11800000000028,-367481.192171616,867160.392364951,499679.200193335,289.198063153227,302.130415177434,280.335496751129
10100,9.20918000000036,-363489.65459596,863160.993586497,499671.338990537,287.864263327163,285.588268783277,289.141706136981
10200,9.30036000000044,-382126.069738522,881739.968599229,499613.898860707,294.060353042931,289.929461561882,296.569230402761
10300,9.39154000000052,-403784.037290237,903338.205211741,499554.167921504,301.263366753957,305.934215081795,297.898415063104
10400,9.4827200000006,-384173.841379039,883740.077309091,499566.235930052,294.727389464429,297.702091214352,292.498648806593
10500,9.57390000000068,-389964.295007036,889591.472235849,499627.177228814,296.678830160363,294.301200275603,298.016684391738
10600,9.66508000000075,-385006.917555529,884631.460431077,499624.542875547,295.02466580993,306.952201786348,286.827121270811
10700,9.75626000000083,-368397.969201841,868074.752711425,499676.783509584,289.503002405011,297.084856977831,284.207180187792
10800,9.84744000000091,-380503.276840603,880107.15215413,499603.875313528,293.515808622355,296.688050916982,291.156383918751
10900,9.93862000000099,-376817.672364919,876375.927619179,499558.255254259,292.271444928857,306.408116575955,282.603437626685
11000,10.0298000000011,-399020.22986946,898519.21001113,499498.98014167,299.65623145277,286.613468826235,308.101693010916
11100,10.1209800000012,-379956.060223935,879554.440159464,499598.379935529,293.331479126051,290.087728542022,295.249536616133
11200,10.2121600000012,-371330.486488683,870970.732209601,499640.245720918,290.468811809105,302.728498029849,282.053630318767
11300,10.3033400000013,-364534.581347737,864227.107355078,499692.526007342,288.219812357872,289.983062926281,286.804128801966
11400,10.3945200000014,-370901.304961629,870552.81111423,499651.506152601,290.329435088954,292.338863503453,288.747874950048
11500,10.4857000000015,-397303.868116053,896912.696825938,499608.828709885,299.120459171565,294.714885447414,301.80824127169
11600,10.5768800000015,-384931.239151074,884513.285710513,499582.04655944,294.98525453077,289.456969817691,298.42495662738
11700,10.6680600000016,-388196.298949843,887741.652008637,499545.353058795,296.061914960359,302.610864276784,291.449230486941
11800,10.7592400000017,-375525.616573321,875165.933335804,499640.316762483,291.867911734469,283.470300372971,297.223096049022
11900,10.8504200000018,-374334.536924386,873944.323902732,499609.786978346,291.460504886687,284.00419770769,296.18849258528
12000,10.9416000000019,-383130.266876527,882856.254684046,499725.987807519,294.432634545288,296.635872030988,292.718449026034
12100,11.0327800000019,-372415.082478948,872066.993377381,499651.910898433,290.83441499996,284.811334900315,294.607439720557
12200,11.123960000002,-380701.997743758,880351.962947402,499649.965203643,293.597453042322,299.678708800179,289.298617992882
12300,11.2151400000021,-377947.217912451,877511.465195509,499564.247283059,292.650146805239,288.015770740043,295.495855726366
12400,11.3063200000022,-389883.647729153,889446.942543503,499563.29481435,296.630629495916,291.963711945405,299.494715671677
12500,11.3975000000023,-379527.478534901,879143.473669134,499615.995134234,293.194421767262,306.806230628104,283.875553841894
12600,11.4886800000023,-376758.348490859,876391.050190139,499632.701699281,292.276488307533,294.104116481658,290.814505784528
12700,11.5798600000024,-386169.352421956,885877.870271498,499708.517849542,295.440343595631,296.32108756421,294.606980663581
12800,11.6710400000025,-372723.783850573,872379.070525455,499655.286674882,290.938492754862,285.880019766314,294.068359336599
12900,11.7622200000026,-367878.339154019,867526.452195379,499648.11304136,289.320144137195,291.124586047459,287.876082743572
13000,11.8534000000027,-396025.803985655,895576.873790017,499551.069804362,298.674962077711,308.700150592692,291.742607265993
13100,11.9445800000027,-366797.677139775,866400.815058386,499603.137918611,288.944744058158,282.609394661518,292.927523035869
13200,12.0357600000028,-376919.677974971,876582.423447313,499662.745472341,292.340311304757,300.589102660933,286.597500141217
13300,12.1269400000029,-376150.724430793,875896.428773062,499745.704342269,292.111532023699,293.994418036018,290.612848405467
13400,12.218120000003,-369702.60456302,869458.378959145,499755.774396125,289.964441873985,289.899848467182,289.765867110293
13500,12.3093000000031,-379300.868453037,878929.205808695,499628.337355658,293.122963417941,299.492113021468,288.632594546074
13600,12.4004800000031,-359437.608575912,859150.595565295,499712.986989383,286.526795252725,291.451352947802,283.004984459963
13700,12.4916600000032,-376052.412730111,875570.118342918,499517.705612807,292.00270746804,296.871719766367,288.5133636796
13800,12.5828400000033,-364521.454329489,864241.834194626,499720.379865137,288.224723760089,287.165000566813,288.69101861914
13900,12.6740200000034,-368059.812630113,867689.314248613,499629.501618501,289.374458645527,286.271375616724,291.202035282525
14000,12.7652000000035,-355496.128741058,855284.157264139,499788.028523082,285.237337756925,282.994446762898,286.494900638144
14100,12.8563800000035,-361913.431703775,861611.945066975,499698.5133632,287.34765551675,288.73126948541,286.185789824713
14200,12.9475600000036,-375751.137450782,875432.527659906,499681.390209123,291.956820963784,291.607326222326,291.946520107285
14300,13.0387400000037,-367683.093643721,867351.223459876,499668.129816154,289.261705339295,289.141385510282,289.10086713752
14400,13.1299200000038,-374186.614778588,873796.912119136,499610.297340548,291.411343044568,292.543026103379,290.414044886157
14500,13.2211000000039,-390322.929334145,889916.924116149,499593.994782004,296.787368389578,303.659568273313,291.95857899343
14600,13.3122800000039,-383870.01597598,883498.895772758,499628.879796778,294.646955401954,295.622593868636,293.750990627997
14700,13.403460000004,-362739.731513633,862444.644579577,499704.913065945,287.625360873629,298.256140320122,280.29848677524
14800,13.4946400000041,-363388.873952139,863073.915510133,499685.041557994,287.835222781435,297.382322471371,281.230626969161
14900,13.5858200000042,-373881.712889742,873601.215312045,499719.502422303,291.346078143087,292.50233775158,290.332450005637
15000,13.6770000000043,-386443.820023266,885994.87486446,499551.054841194,295.479364637139,302.194468659479,290.75639581838
15100,13.7681800000043,-371682.147277171,871323.020073218,499640.872796048,290.586299840993,299.142230994003,284.64019048912
15200,13.8593600000044,-373916.362203319,873506.36773987,499590.005536551,291.314446469858,301.861050943719,284.040614781892
15300,13.9505400000045,-361616.313856328,861377.863626531,499761.549770203,287.269589336846,288.389296528712,286.283726551154
15400,14.0417200000046,-383781.573656563,883432.61677821,499651.043121647,294.624851351746,301.309514101839,289.92288880889
15500,14.1329000000047,-372752.403566549,872465.426446318,499713.022879769,290.96729246167,284.197696336223,295.237883801583
15600,14.2240800000047,-372415.374581753,872031.39283597,499616.018254217,290.822542216432,287.23763399376,292.970128913032
15700,14.3152600000048,-374417.990081948,874116.445316028,499698.45523408,291.517907392372,304.718828131812,282.474361976585
15800,14.4064400000049,-393261.013521898,892857.315124289,499596.301602391,297.767989035948,304.422201674272,293.083707286201
15900,14.497620000005,-379564.931928385,879207.800709755,499642.86878137,293.215874840672,291.383230688639,294.193291046328
16000,14.588800000005,-384169.490513372,883838.561436373,499669.070923001,294.760233929089,307.637701849756,285.929621787036
16100,14.6799800000051,-379979.055091463,879640.70257152,499661.647480058,293.360247647664,300.459590198252,288.382885740899
16200,14.7711600000052,-365789.92310794,865488.909799608,499698.986691668,288.640623578325,295.857076317457,283.589121232589
16300,14.8623400000053,-369615.326459867,869226.593739073,499611.267279206,289.887141483766,289.537086932037,289.878938567016
16400,14.9535200000054,-379899.631423702,879521.556690224,499621.925266522,293.320512486318,283.779442933,299.436791761458
16500,15.0447000000054,-403170.076301071,902738.625972497,499568.549671426,301.063407027679,304.391603212073,298.593723398894
16600,15.1358800000055,-363989.685581024,863654.357936232,499664.672355208,288.028800378933,294.959680911949,283.168189356608
16700,15.2270600000056,-372381.368397214,872087.663765975,499706.295368762,290.84130857628,282.957085450943,295.855089569358
16800,15.3182400000057,-371922.894922935,871624.645524374,499701.750601438,290.686891954102,295.671205546031,287.121777149521
16900,15.4094200000058,-385836.506868592,885470.655303623,499634.148435031,295.304537369893,288.889143704945,299.335379365383
17000,15.5006000000058,-381391.453583156,880970.513254346,499579.05967119,293.803739621259,296.286774453416,291.903546616802
17100,15.5917800000059,-384748.306073327,884346.211129469,499597.905056142,294.929535144062,295.622690601806,294.221656892946
17200,15.682960000006,-371051.940033172,870679.87504678,499627.935013607,290.371810921054,285.1993047552,293.578171855855
17300,15.7741400000061,-393589.416220274,893245.600486065,499656.184265791,297.897482236473,290.258214031701,302.742079804457
17400,15.8653200000062,-371229.750702602,870874.812486793,499645.061784191,290.436822573551,290.438007316397,290.194002059509
17500,15.9565000000062,-378886.936487248,878502.574676413,499615.638189166,292.980681899754,293.908771258671,292.117805092226
17600,16.0476800000063,-391707.48055232,891277.674713155,499570.194160835,297.241178827132,306.753677426007,290.651812112193
17700,16.1388600000064,-402219.593102355,901711.495788475,499491.90268612,300.720859025671,309.81674749042,294.40633266665
17800,16.2300400000065,-371092.837625487,870676.089998474,499583.252372987,290.370548607128,291.992667202043,289.047160753345
17900,16.3212200000066,-373871.416589389,873522.199206276,499650.782616887,291.319726265225,298.428417526021,286.337832319473
18000,16.4124000000066,-361005.372215289,860674.037636792,499668.665421502,287.034863310586,276.500873388234,293.818327539395
18100,16.5035800000067,-357005.771005913,856696.342168861,499690.571162948,285.708301540391,285.643163848243,285.513636417206
18200,16.5947600000068,-370522.088645975,870133.243785468,499611.155139493,290.189509349831,287.962900125267,291.432090908416
18300,16.6859400000069,-373725.491476526,873260.937713718,499535.446237191,291.232595535674,284.980913209059,295.157689923805
18400,16.777120000007,-382415.036772598,881959.067906912,499544.031134314,294.133422680311,303.323967233681,287.761281792497
18500,16.868300000007,-371809.852210284,871367.025337677,499557.173127392,290.600975600359,277.883762447834,298.836950222376
18600,16.9594800000071,-365608.108422447,865282.748311883,499674.639889436,288.57186870498,290.840682606507,286.818849546708
18700,17.0506600000072,-369935.745773601,869626.080832848,499690.335059247,290.020370462847,284.952416874575,293.157322546309
18800,17.1418400000073,-359085.034779603,858781.891736713,499696.85695711,286.403832495152,282.290942854357,288.907089061936
18900,17.2330200000074,-387364.805407013,886978.810970699,499614.005563686,295.807507410605,289.266426684351,299.921721638599
19000,17.3242000000074,-382653.652245804,882184.353081428,499530.700835624,294.208555304795,298.298409252927,291.236812209952
19100,17.4153800000075,-377203.226326854,876773.296235196,499570.069908342,292.40396739543,296.776633504944,289.245186682924
19200,17.5065600000076,-395271.706735671,894815.259864649,499543.553128978,298.420963770101,300.217233338406,296.97476658809
19300,17.5977400000077,-371127.459558223,870798.797279568,499671.337721345,290.411471495604,275.005431391012,300.440155339086
19400,17.6889200000078,-386991.54279016,886642.362348102,499650.819557942,295.695301766918,301.112013920938,291.837747579433
19500,17.7801000000078,-372409.691164742,872061.078358046,499651.387193304,290.832442340519,281.712918819601,296.669764319179
19600,17.8712800000079,-397367.978042933,896883.472924374,499515.494881441,299.110712997957,309.455943555729,291.96463369861
19700,17.962460000008,-390472.500225865,890052.001891947,499579.501666082,296.832416839069,293.841733331975,298.578845496432
19800,18.0536400000081,-395329.535157418,894827.997168619,499498.462011201,298.425211662037,295.110651686725,300.386230635862
19900,18.1448200000081,-368048.573920179,867722.465727856,499673.891807677,289.385514666619,280.55565550876,295.030932842968
20000,18.2360000000082,-402061.026804748,901647.584569083,499586.557764335,300.699544628675,305.124076137361,297.499274002362
20100,18.3271800000083,-378191.068594109,877890.818223007,499699.749628899,292.776661071538,297.27856741014,289.531409628244
20200,18.4183600000084,-385209.424101895,884772.603797059,499563.179695163,295.071737134253,286.989212341774,300.214193881627
20300,18.5095400000085,-380235.170044803,879838.828476967,499603.658432164,293.426322653649,299.710936376019,288.992058236524
20400,18.6007200000085,-386489.885509896,886000.772934973,499510.887425077,295.481331644146,299.916134039164,292.278562271097
20500,18.6919000000086,-376923.85034245,876531.328601526,499607.478259076,292.323271169427,293.539402249778,291.268914389885
20600,18.7830800000087,-374810.984115365,874432.398364222,499621.414248857,291.623277760288,296.156420137391,288.358163444084
20700,18.8742600000088,-354051.322423232,853780.471740263,499729.14931703,284.735858509342,294.111542497404,278.248122635209
20800,18.9654400000089,-385404.242237468,884984.402900076,499580.160662608,295.142372152768,292.632451761258,296.569700436982
20900,19.0566200000089,-382145.986223802,881752.699814223,499606.713590421,294.064598904193,286.698642698151,298.730182542469
21000,19.147800000009,-392965.985182387,892441.414382014,499475.429199627,297.629286103723,295.355891869816,298.896857854575
21100,19.2389800000091,-383015.779894273,882586.494375445,499570.714481172,294.342669459878,295.189746991795,293.532665547384
21200,19.3301600000092,-379264.933642852,878829.164849708,499564.231206856,293.089599749778,302.919537985966,286.292066259195
21300,19.4213400000093,-367098.883188091,866772.918232326,499674.035044236,289.068840497691,291.798985951263,287.007852828227
21400,19.5125200000093,-390600.110428507,890260.598346576,499660.487918069,296.901983774079,296.73009276941,296.76915945738
21500,19.6037000000094,-376509.172639397,876120.014079476,499610.841440079,292.18609774203,301.722966246431,285.584696990977
21600,19.6948800000095,-396356.056472323,895930.916317998,499574.859845676,298.793035290311,307.047416597591,293.041120222717
21700,19.7860600000096,-378347.838553341,877854.983677132,499507.145123791,292.764710247501,288.794204674977,295.167743370644
21800,19.8772400000097,-378527.492863481,878097.355549463,499569.862685981,292.845541287131,295.507103311829,290.827128652927
21900,19.9684200000097,-386312.684424583,885891.850596842,499579.166172259,295.445006035298,301.025535173369,291.478449104887
22000,20.0596000000098,-363854.297357175,863533.028978812,499678.731621637,287.988337161518,300.431365447643,279.4529946898
22100,20.1507800000099,-394573.574936161,894173.591979342,499600.017043181,298.206967476852,296.156407424155,299.325501705752
22200,20.24196000001,-379846.582628868,879467.545981061,499620.963352194,293.302499910309,299.020421921696,289.246133152792
22300,20.3331400000101,-387165.748477661,886667.280737058,499501.532259397,295.703612051712,285.522437050337,302.244642375919
22400,20.4243200000101,-368096.067355626,867696.830583174,499600.763227547,289.37696534373,290.970406307881,288.073523896509
22500,20.5155000000102,-379282.493588376,878900.96083022,499618.467241844,293.113543715264,300.577289251712,287.893452071204
22600,20.6066800000103,-379548.010453731,879159.752858396,499611.742404665,293.199850878238,284.410557452329,298.815046619778
22700,20.6978600000104,-370535.519824637,870226.643176196,499691.12335156,290.220658054426,296.218575782452,285.980195687364
22800,20.7890400000105,-389907.240994777,889467.684000034,499560.443005257,296.637546773398,297.349616086269,295.915635942507
22900,20.8802200000105,-378609.270724176,878218.776526503,499609.505802327,292.886035193098,296.17601497924,290.448643639675
23000,20.9714000000106,-373272.17326723,872873.521504202,499601.348236972,291.103392197499,301.45189245706,283.961805864295
23100,21.0625800000107,-379947.698593147,879587.550237422,499639.851644275,293.342521339811,303.006066371488,286.655705884242
23200,21.1537600000108,-359462.338545286,859172.05481078,499709.716265494,286.533951912883,283.411196743486,288.377010399219
23300,21.2449400000109,-381615.422520824,881292.355020593,499676.932499769,293.911073877136,296.960261549246,291.633356200831
23400,21.3361200000109,-369683.384831812,869367.105790763,499683.720958952,289.93400226472,295.074650442092,286.265291811252
23500,21.427300000011,-363780.510939655,863353.656279195,499573.14533954,287.928516351241,289.95234347943,286.339357835487
23600,21.5184800000111,-363250.543913206,862875.806840179,499625.262926974,287.769153523488,288.666744386357,286.930951986973
23700,21.6096600000112,-377398.393903406,876961.957869337,499563.56396593,292.466886066145,301.615804140034,286.123884945165
23800,21.7008400000113,-356311.791683292,856027.392212871,499715.600529578,285.485206674294,286.443411339067,284.60849922555
23900,21.7920200000113,-369448.117604723,869097.111762308,499648.994157585,289.843959233719,293.296232244896,287.30090726024
24000,21.8832000000114,-365038.367671688,864765.908825574,499727.541153886,288.399502693205,306.773058496972,275.910132571782
24100,21.9743800000115,-362563.835841693,862213.809548544,499649.973706851,287.548377371534,290.45327868718,285.372152846626
24200,22.0655600000116,-373050.857811722,872671.510917933,499620.653106211,291.036021650136,297.236516471817,286.65982841764
24300,22.1567400000116,-373258.401846156,872804.55021183,499546.148365674,291.080390265743,282.438343657176,296.599187679566
24400,22.2479200000117,-379833.294072362,879423.909017319,499590.614944957,293.287946979263,299.02624736891,289.218006763682
24500,22.3391000000118,-380264.53896952,879912.190798211,499647.65182869,293.4507889939,290.717999374945,295.028106415709
24600,22.4302800000119,-379322.662110435,879061.450191422,499738.788080987,293.167066930606,290.726384367139,294.549882750474
24700,22.521460000012,-374391.991215493,874110.776215361,499718.784999868,291.516016746827,297.411952442767,287.342462935577
24800,22.612640000012,-366903.381952063,866532.631490559,499629.249538496,288.988704849278,283.110977169765,292.666366048245
24900,22.7038200000121,-380491.126761524,880097.19092455,499606.064163026,293.512486551459,289.895456082619,295.679246458559
25000,22.7950000000122,-399616.51069935,899151.283091262,499534.772391912,299.867027877693,300.43598617481,299.237833156382
25100,22.8861800000123,-358348.288415137,858085.120073316,499736.831658178,286.171459087315,285.970350325202,286.067055379486
25200,22.9773600000124,-373564.432996125,873224.516590551,499660.083594426,291.220449088061,292.898567575712,289.859019722053
25300,23.0685400000124,-361920.37117011,861700.554991096,499780.183820985,287.377206933832,305.127390840809,275.304269990069
25400,23.1597200000125,-391264.380986401,890946.790424018,499682.409437617,297.130828889117,296.470446126961,297.323475039813
25500,23.2509000000126,-385269.211719334,884933.873995142,499664.662275808,295.12552075876,299.094032928886,292.233908044711
25600,23.3420800000127,-391633.459712781,891222.352337308,499588.892624527,297.222728810174,305.438215718152,291.498051930848
25700,23.4332600000128,-383525.523588443,883093.450929579,499567.927341136,294.511739512949,284.001491370942,301.273145158027
25800,23.5244400000128,-375525.725412885,875179.762020082,499654.036607196,291.872523601828,301.597369086287,285.146066175854
25900,23.6156200000129,-368610.753209654,868312.395942753,499701.642733099,289.582256442472,295.345649045629,285.498676159998
26000,23.706800000013,-357439.007285118,857206.430978212,499767.423693093,285.878416200838,294.002035172039,280.224438206537
26100,23.7979800000131,-362494.911353471,862186.780365778,499691.869012307,287.539363136828,291.623496512083,284.576991417378
26200,23.8891600000132,-369648.551620178,869280.702734214,499632.151114036,289.905186838157,293.941778469989,286.972538094571
26300,23.9803400000132,-380905.774710672,880463.037205013,499557.262494341,293.634496316496,304.117608292946,286.401059585264
26400,24.0715200000133,-385390.375573311,884958.259834231,499567.88426092,295.133653438129,298.037354439743,292.951908059189
26500,24.1627000000134,-389698.907674448,889321.837442637,499622.92976819,296.588906934346,297.198141516704,295.935593123662
26600,24.2538800000135,-376834.834610312,876494.523784698,499659.689174386,292.310996759946,302.936835916998,284.983511491276
26700,24.3450600000136,-395749.642767802,895418.378125393,499668.735357591,298.622103760345,303.444639010434,295.158228507151
26800,24.4362400000136,-370703.335735901,870373.214345579,499669.878609678,290.269539551636,293.721390148167,287.726414537656
26900,24.5274200000137,-371593.750739782,871227.769964137,499634.019224356,290.554533921673,300.164816838925,283.905549865239
27000,24.6186000000138,-380229.447536486,879759.745542171,499530.298005685,293.399948488301,280.152212092007,301.987272795424
27100,24.7097800000139,-371396.827859339,870995.034657751,499598.206798412,290.476916677589,290.129720496134,290.466316701327
27200,24.800960000014,-376966.890163471,876518.383353651,499551.493190179,292.318953928181,291.942067553889,292.32661238277
27300,24.892140000014,-369452.024969333,869193.053659086,499741.028689753,289.875955864294,289.281659412008,290.030590202598
27400,24.9833200000141,-383810.944300258,883411.718890981,499600.774590723,294.617881904613,297.447203513066,292.486152597389
27500,25.0745000000142,-377024.652904481,876695.160241925,499670.507337444,292.377909035159,285.142676377215,296.95774921626
27600,25.1656800000143,-385645.602402623,885226.233102651,499580.630700028,295.22302254549,288.719664655603,299.312575286627
27700,25.2568600000144,-372877.063875392,872501.253147523,499624.189272131,290.979240669509,300.293001561148,284.527584041191
27800,25.3480400000144,-369116.508673486,868734.94602247,499618.437348984,289.723176929288,299.694816597496,282.833981169707
27900,25.4392200000145,-384489.98759711,884110.422332798,499620.434735688,294.850899560713,295.458120552055,294.200376483517
28000,25.5304000000146,-372359.56181973,871997.4323683,499637.870548571,290.811216397632,289.053591594548,291.740623586023
28100,25.6215800000147,-389701.554895881,889300.137304801,499598.582408919,296.581669936568,294.741871872231,297.561050587845
28200,25.7127600000148,-367290.315694446,866969.9918087,499679.676114255,289.134564551843,295.071839629846,284.935435696047
28300,25.8039400000148,-381948.449288508,881531.982033645,499583.532745137,293.990989505968,295.628308227774,292.654451200175
28400,25.8951200000149,-383511.012108453,883190.124253048,499679.112144595,294.543980074387,291.23867052337,296.502066458336
28500,25.986300000015,-372533.418221965,872118.958994662,499585.540772696,290.851745537656,284.955229578825,294.540379722263
28600,26.0774800000151,-377723.022885927,877365.471960356,499642.44907443,292.601458049143,297.207482038442,289.286940841235
28700,26.1686600000151,-383756.034766255,883277.193182207,499521.158415952,294.57301756952,311.607729681265,282.971065313715
28800,26.2598400000152,-376612.167456973,876267.261253665,499655.093796692,292.235204686899,293.935080707553,290.858424669224
28900,26.3510200000153,-385134.035367334,884745.594322044,499611.55895471,295.062729472084,302.633053479177,289.769961192795
29000,26.4422000000154,-374320.671031136,874030.157314878,499709.486283742,291.489130336794,290.06298625261,292.196985450971
29100,26.5333800000155,-366913.356986517,866648.134325667,499734.77733915,289.027225054416,296.00815019104,284.132418942455
29200,26.6245600000155,-380016.979602386,879706.704443493,499689.724841107,293.38225927747,296.734595389904,290.902883319781
29300,26.7157400000156,-386741.513098403,886362.606311475,499621.093213072,295.602003105378,291.437635727006,298.131913021705
29400,26.8069200000157,-386398.374682446,885889.239049415,499490.864366969,295.444135084014,287.81479085947,300.28416112114
29500,26.8981000000158,-389755.356701031,889352.788471188,499597.431770157,296.599229104948,292.276475179222,299.233899031178
29600,26.9892800000159,-379408.218044832,878992.403548027,499584.185503195,293.144039869277,295.963411339466,291.020172189259
29700,27.0804600000159,-371372.833040111,871073.239082713,499700.406042601,290.502997859834,297.996302811929,285.265375393554
29800,27.171640000016,-389973.21597801,889598.784652394,499625.568674384,296.68126885189,291.754129012454,299.718794354139
29900,27.2628200000161,-387100.804103581,886724.348391961,499623.54428838,295.72264411938,296.863184116255,294.715848584698
30000,27.3540000000162,-383276.921387747,882837.550869693,499560.629481946,294.426396821642,296.480652721738,292.811537557561
30100,27.4451800000163,-378842.118494929,878395.750937682,499553.632442753,292.945056173981,297.84713171174,289.43288493533
30200,27.5363600000163,-391722.931772136,891272.004479899,499549.072707764,297.239287803868,304.866204538632,291.906977240856
30300,27.6275400000164,-397430.039025616,896989.439789059,499559.400763443,299.146052956165,298.236167999354,299.503354549907
30400,27.7187200000165,-377688.501318148,877380.327798502,499691.826480354,292.606412472404,300.053334184806,287.397959320409
30500,27.8099000000166,-380620.818489935,880253.680944518,499632.862454583,293.564675986166,280.599983194121,301.963167284207
30600,27.9010800000167,-371651.448664531,871320.392400528,499668.943735997,290.585423511932,298.097222101359,285.335403266054
30700,27.9922600000167,-391519.944855773,891019.469901075,499499.525045302,297.155067500775,300.993680472411,294.348362963435
30800,28.0834400000168,-375058.19226471,874666.94483035,499608.75256564,291.701499026296,289.516491329189,292.915086241847
30900,28.1746200000169,-393864.780871031,893385.443236633,499520.662365602,297.944119805447,308.270522883569,290.811564320196
31000,28.265800000017,-365061.573672039,864720.845205213,499659.271533174,288.384473972057,285.558320192272,290.028256096937
31100,28.3569800000171,-385154.550342513,884763.260339374,499608.709996862,295.068621090337,306.149511181082,287.435470512263
31200,28.4481600000171,-386687.061611909,886375.971064129,499688.909452219,295.606460251502,307.524127634444,287.415009945998
31300,28.5393400000172,-390610.098713355,890217.55765805,499607.458944695,296.887629700867,302.080777909251,293.178124537193
31400,28.6305200000173,-393190.155920002,892734.280750797,499544.124830795,297.72695706213,293.302340474649,300.428595656231
31500,28.7217000000174,-395805.79091346,895367.311805775,499561.520892314,298.605073138494,298.648020626908,298.327603918602
31600,28.8128800000175,-384087.895957307,883619.755050095,499531.859092789,294.687261981022,293.778997112473,295.04719917507
31700,28.9040600000175,-383388.624426431,883068.290194715,499679.665768284,294.503348405774,304.553338316951,287.557935674652
31800,28.9952400000176,-384860.490763478,884451.045532811,499590.554769333,294.964497426317,297.081236270774,293.307534448822
31900,29.0864200000177,-363329.374996965,863023.141405154,499693.766408189,287.818289613191,282.760768708871,290.950121641395
32000,29.1776000000178,-378256.503399265,877763.195121134,499506.691721869,292.734098756423,294.385185901476,291.389428910756
32100,29.2687800000179,-380073.580820024,879676.574007892,499602.993187868,293.372210774685,304.720022701577,285.562525981112
32200,29.3599600000179,-379665.01175001,879243.771053097,499578.759303087,293.227870953176,304.261395959436,285.627831056541
32300,29.451140000018,-380953.988052452,880588.987063929,499634.999011477,293.676500604945,294.254486532777,293.046446235887
32400,29.5423200000181,-368820.931916994,868494.969907326,499674.037990332,289.643144874879,294.914700138976,285.887405411419
32500,29.6335000000182,-397309.806373202,896865.882989721,499556.076616518,299.104846753284,301.122173572105,297.510708168442
32600,29.7246800000182,-372506.284384092,872159.422876366,499653.138492274,290.865240245578,298.680038316394,285.412987164829
32700,29.8158600000183,-391887.886293768,891421.391357164,499533.505063396,297.289108339891,294.69135122061,298.773205495795
32800,29.9070400000184,-368297.485568602,868008.547538467,499711.061969865,289.48092297431,292.609154783678,287.15420099892
32900,29.9982200000185,-394196.050991958,893756.874403701,499560.823411744,298.067992130632,290.490478669269,302.871277778099
33000,30.0894000000186,-376901.365713568,876605.557886039,499704.192172471,292.348026642001,306.974660924253,282.353313764965
33100,30.1805800000186,-377364.77273739,876940.40118979,499575.6284524,292.459696911719,294.633498402657,290.766779503667
33200,30.2717600000187,-391299.125122374,890991.202105958,499692.076983585,297.145640188747,308.029920888088,289.641831689028
33300,30.3629400000188,-388100.124714573,887690.945630421,499590.820915848,296.045004378996,305.977489348298,289.17664356248
33400,30.4541200000189,-361458.492161863,861146.605063828,499688.112901965,287.192464586903,286.734554274103,287.258411074948
33500,30.545300000019,-386411.841779336,886023.981011106,499612.13923177,295.489071539472,290.97124991126,298.254711731996
33600,30.636480000019,-382187.118342641,881886.438529278,499699.320186637,294.109200776814,309.028671362492,283.917796052381
33700,30.7276600000191,-381957.570837862,881625.948623005,499668.377785143,294.022327371354,308.39679011195,284.194333604814
33800,30.8188400000192,-374424.19921345,874048.143737809,499623.944524359,291.495128810341,292.203419754867,290.780022239983
33900,30.9100200000193,-375685.142951749,875335.230343738,499650.087391989,291.92437230073,291.881734565947,291.709527147002
34000,31.0012000000194,-387314.999354545,886877.582283121,499562.582928576,295.773747634858,293.907897099689,296.771169868607
34100,31.0923800000194,-361577.103679898,861304.058654737,499726.954974839,287.244975372599,281.006469207675,291.164608669737
34200,31.1835600000195,-369362.312328003,869038.581468615,499676.269140611,289.824439375893,293.38172869653,287.211392795989
34300,31.2747400000196,-353919.306646933,853686.171143482,499766.86449655,284.704409252454,287.186702586925,282.812293355096
34400,31.3659200000197,-380704.955632558,880289.742585392,499584.786952834,293.576702546404,291.72566650751,294.566079320211
34500,31.4571000000198,-375267.700080025,874936.577697697,499668.877617672,291.791421610037,290.860994779788,292.168546645528
34600,31.5482800000198,-371427.349902638,871034.286853663,499606.936951025,290.490007288198,281.989933731753,295.914647986422
34700,31.6394600000199,-353424.347163102,853089.046132565,499664.698969463,284.505268011528,283.369568221755,285.025313481366
34800,31.73064000002,-374901.749745849,874572.898846741,499671.149100892,291.670134682922,300.8619526267,285.299197608166
34900,31.8218200000201,-375650.964508813,875347.408583365,499696.444074552,291.928433744661,303.108587917632,284.23172393456
35000,31.9130000000202,-373675.438106329,873448.578757567,499773.140651238,291.295173839442,310.52716541813,278.231100142117
35100,32.0041800000202,-351890.104790133,851566.210465538,499676.105675405,283.997402189607,277.848965065344,287.859695770625
35200,32.0953600000199,-362448.888878538,862096.979327313,499648.090448775,287.509414483013,288.424318585632,286.659887235864
35300,32.1865400000197,-393886.905217442,893405.196230179,499518.291012737,297.950707430441,298.776422461652,297.151938486775
35400,32.2777200000194,-372717.127698758,872324.212930065,499607.085231307,290.920197742226,288.765780529823,292.11404238571
35500,32.3689000000191,-376415.768285509,876088.134100739,499672.36581523,292.175465766463,284.948981564853,296.749642346063
35600,32.4600800000188,-365425.432775743,865146.928945663,499721.49616992,288.526572935022,304.386912312531,277.712574539237
35700,32.5512600000186,-365936.574268914,865671.907331466,499735.333062552,288.701653270457,303.364767574361,278.685659023464
35800,32.6424400000183,-387835.794424455,887429.380938919,499593.586514463,295.957772532573,301.130856635937,292.262418319885
35900,32.733620000018,-380396.074762773,879983.296216529,499587.221453756,293.474502656838,293.783200843556,293.024141780145
36000,32.8248000000177,-389680.244168396,889234.458660768,499554.214492373,296.559766103308,308.619751475553,288.272642716725
36100,32.9159800000175,-393603.426110156,893175.278567995,499571.852457839,297.874029870934,314.844970019178,286.311841413878
36200,33.0071600000172,-372971.551356212,872620.095440738,499648.544084526,291.018874584205,278.345121990677,299.22552725107
36300,33.0983400000169,-367039.386806297,866754.634740744,499715.247934447,289.062742951724,299.445809518043,281.89981295505
36400,33.1895200000166,-385380.920470404,885022.702032708,499641.781562304,295.155144916694,300.215490600968,291.535618506414
36500,33.2807000000164,-371452.254244397,871081.239736506,499628.985492109,290.505666078541,289.218268625166,291.121842992392
36600,33.3718800000161,-373192.344926877,872724.218365856,499531.873438979,291.053599588413,288.640933286253,292.419499123529
36700,33.4630600000158,-399657.070489892,899172.184925392,499515.1144355,299.873998641118,297.23376232284,301.384261187768
36800,33.5542400000155,-382068.007445794,881647.262324667,499579.254878873,294.029435492635,293.211735400609,294.329544357742
36900,33.6454200000153,-374310.525296927,873951.353047638,499640.827750711,291.4628491071,285.467995261715,295.216532629766
37000,33.736600000015,-366250.985929108,865952.629660807,499701.643731698,288.795274190698,290.265933884409,287.574171666398
37100,33.8277800000147,-376812.442767948,876476.294956379,499663.85218843,292.304917444182,286.308526159637,296.058924202675
37200,33.9189600000144,-379363.9118426,879002.999116784,499639.087274184,293.147573492341,290.206993854373,294.863670273074
37300,34.0101400000142,-386815.92162349,886352.33689324,499536.41526975,295.59857825354,293.294061155798,296.888590836824
37400,34.1013200000139,-366613.109919937,866237.703347797,499624.59342786,288.890346289077,286.456386292632,290.272244331467
37500,34.1925000000136,-378230.458284282,877767.052949009,499536.594664726,292.735385342341,299.216785148429,288.17050598383
37600,34.2836800000133,-376640.080737989,876282.097587492,499642.016849502,292.240152605467,293.542929858043,291.128100976577
37700,34.3748600000131,-382900.713068293,882430.543006632,499529.829938339,294.290659665377,287.35873714915,298.666699126475
37800,34.4660400000128,-363451.992093821,863145.592344844,499693.600251023,287.859127011787,308.661957147721,273.750690981988
37900,34.5572200000125,-396319.501289597,895850.893749289,499531.392459692,298.766347756975,301.299586811953,296.828549763858
38000,34.6484000000122,-392926.44799761,892530.420981755,499603.972984144,297.658969812158,307.5344933384,290.82723831982
38100,34.7395800000119,-400294.172126516,899755.142876758,499460.970750242,300.068415166503,310.444100445815,292.901234634323
38200,34.8307600000117,-398941.773636707,898506.070923199,499564.297286492,299.651849565849,286.631886833301,308.082114846243
38300,34.9219400000114,-372131.636255745,871769.925658808,499638.289403063,290.735342891048,284.350421377826,294.749677780785
38400,35.0131200000111,-370064.940135025,869737.552062991,499672.611927965,290.057546127394,306.24074125018,279.027034757098
38500,35.1043000000108,-381480.993398875,881104.086982768,499623.093583893,293.848286470825,277.445290206059,304.538743741941
38600,35.1954800000106,-386265.613152294,885814.067504982,499548.454352689,295.419065367678,294.539922159914,295.758978285048
38700,35.2866600000103,-371206.610831619,870843.825816617,499637.214984999,290.426488516464,290.43785507707,290.17688873563
38800,35.37784000001,-380619.538473167,880202.122703761,499582.584230594,293.547481308575,294.105371985549,292.930931289502
38900,35.4690200000097,-360875.795014713,860574.726170813,499698.931156099,287.001742928402,282.632746783527,289.675238905877
39000,35.5602000000095,-390341.350737075,889927.385124426,499586.034387351,296.79085713671,294.885614514518,297.813693170558
39100,35.6513800000092,-358071.436165004,857755.47563551,499684.039470506,286.061522639823,286.709836360282,285.390928890651
39200,35.7425600000089,-397801.961944084,897338.210722287,499536.248778203,299.262368091475,293.083376079077,303.132310792996
39300,35.8337400000086,-381893.272983822,881482.626673883,499589.353690062,293.974529489372,291.529900471222,295.359303393565
39400,35.9249200000084,-360311.130265028,859932.679206353,499621.548941325,286.787620212224,278.010650396884,292.39994373894
39500,36.0161000000081,-387792.451155432,887375.925961844,499583.474806412,295.939945293261,296.34452675611,295.423607696951
39600,36.1072800000078,-387016.46849543,886670.3362974,499653.86780197,295.704631081341,296.55831615167,294.889087175219
39700,36.1984600000075,-379151.698095878,878731.2476182,499579.549522322,293.056944344906,294.89805777004,291.585321274529
39800,36.2896400000073,-377005.148582346,876675.142018741,499669.993436395,292.371232956059,299.085094825864,287.651682348726
39900,36.380820000007,-387847.301525522,887375.498147947,499528.196622425,295.939802617291,294.158136320073,296.880963646588
40000,36.4720000000067,-383691.185772751,883248.932991587,499557.747218836,294.563592793592,289.663745139445,297.584688235696
40100,36.5631800000064,-399230.29558214,898726.0589568,499495.76337466,299.725215593397,301.201930051795,298.490968274803
40200,36.6543600000062,-374692.817700878,874380.539703634,499687.722002756,291.605982892658,287.814680333598,293.890512946285
40300,36.7455400000059,-387107.255859579,886710.852487369,499603.59662779,295.718143234073,291.747853500215,298.118571270618
40400,36.8367200000056,-383122.792330523,882782.656332313,499659.864001791,294.408089488849,294.645087962213,294.004750432032
40500,36.9279000000053,-378762.191551851,878373.570978076,499611.379426226,292.937659155603,296.031788508391,290.630791537782
40600,37.0190800000051,-375714.96960412,875329.817924241,499614.848320121,291.922567258376,289.570106674166,293.247605508468
40700,37.1102600000048,-373237.614385403,872868.921587201,499631.307201797,291.101858124796,289.503147864854,291.925080082987
40800,37.2014400000045,-380763.308504586,880322.341083724,499559.032579139,293.587574148316,298.42210843481,290.119894978862
40900,37.2926200000042,-379026.356687846,878712.174424222,499685.817736376,293.050583433124,304.334841783946,285.283535713048
41000,37.383800000004,-395280.359813931,894904.060271798,499623.700457867,298.450578713289,301.754493243634,295.999260210799
41100,37.4749800000037,-350994.82199174,850791.450965322,499796.628973582,283.73901983169,292.526925417067,277.643966924913
41200,37.5661600000034,-371425.295500532,871085.583184386,499660.287683855,290.507114618772,303.625507559712,281.519430062629
41300,37.6573400000031,-377702.592930002,877413.42739637,499710.834466367,292.617451191052,298.313186496166,288.576446444985
41400,37.7485200000028,-373393.551517665,873004.864119841,499611.312602175,291.147194970766,300.520255548535,284.655865256444
41500,37.8397000000026,-366970.650789984,866693.576744171,499722.925954186,289.042380104776,292.10219595032,286.761634224327
41600,37.9308800000023,-374401.097664553,874063.865738987,499662.768074434,291.500372099045,285.214937707491,295.447744716665
41700,38.022060000002,-372271.854833627,871968.236768553,499696.381934926,290.801479662682,303.247623668363,282.261715759175
41800,38.1132400000017,-373869.921000544,873517.373491088,499647.452490544,291.318116888807,298.822344429056,286.072533431233
41900,38.2044200000015,-362612.305830721,862299.314595231,499687.00876451,287.576893311733,299.050238729915,279.688348955186
42000,38.2956000000012,-368810.062914863,868467.495040456,499657.432125593,289.633982004488,288.157002558534,290.377273316787
42100,38.3867800000009,-373018.821823228,872720.119372602,499701.297549374,291.052232573821,296.766182690662,287.000388968782
42200,38.4779600000006,-365612.74050327,865267.641280681,499654.900777412,288.566830508815,287.247237589746,289.20608676277
42300,38.5691400000004,-375161.48173194,874780.315814796,499618.834082856,291.739308259062,295.2109271342,289.18177958542
42400,38.6603200000001,-371188.266758914,870830.111855698,499641.845096784,290.421914909354,293.976741816541,287.810012042139
42500,38.7514999999998,-357529.730577992,857132.333972926,499602.603394934,285.853704843397,289.701879776436,283.050043467334
42600,38.8426799999995,-365912.37869524,865567.265290666,499654.886595426,288.666755141126,280.994547088413,293.541004880318
42700,38.9338599999993,-378995.804614847,878632.589867328,499636.78525248,293.024041976764,301.111929339108,287.387930366889
42800,39.025039999999,-382432.600207646,882078.412059276,499645.811851629,294.173223965074,296.131458973906,292.622589605883
42900,39.1162199999987,-371317.216030039,870982.251538026,499665.035507987,290.472653506095,295.627674611085,286.793912224847
43000,39.2073999999984,-393591.529270247,893188.89611406,499597.366843813,297.878571323682,300.736299867891,295.725186818105
43100,39.2985799999982,-372733.032750959,872357.489496439,499624.45674548,290.931295479886,296.161945453344,287.201752751348
43200,39.3897599999979,-383212.997389288,882784.683197595,499571.685808307,294.408765448589,297.039031525044,292.409914093079
43300,39.4809399999976,-384689.955032038,884290.243412779,499600.288380741,294.910869905879,293.544322554756,295.576142415039
43400,39.5721199999973,-399067.910435534,898637.049440262,499569.139004727,299.69553091221,311.260177784782,291.736020054735
43500,39.6632999999971,-374540.566805265,874207.452946345,499666.88614108,291.548258444671,289.614502945675,292.594471895297
43600,39.7544799999968,-381433.314344894,881066.717160676,499633.402815781,293.835823632041,299.287011867125,289.956834955626
43700,39.8456599999965,-377765.102743407,877417.350494145,499652.247750738,292.618759544487,307.479762312988,282.467575399202
43800,39.9368399999962,-373016.95401229,872606.972382172,499590.018369882,291.014498043079,297.780976876489,286.261000072436
43900,40.028019999996,-376874.245293121,876417.33768989,499543.092396769,292.285255190892,294.539117989543,290.539108945797
44000,40.1191999999957,-380056.618491567,879631.281478556,499574.662986989,293.357105712375,289.929507099081,295.397707199812
44100,40.2103799999954,-366306.73821368,865938.647789406,499631.909575726,288.79061123542,285.651682177014,290.642571764995
44200,40.3015599999951,-375398.901188457,875117.662840093,499718.761651636,291.851813520124,300.296245325897,285.978982471676
44300,40.3927399999949,-376630.788032533,876263.495238851,499632.707206318,292.233948720644,293.316438139057,291.268760817769
44400,40.4839199999946,-354122.599958059,853814.237060116,499691.637102057,284.747119246328,290.4155086082,280.730903739042
44500,40.5750999999943,-371582.796172857,871155.447655979,499572.651483122,290.530414425872,290.34513873121,290.411822876956
44600,40.666279999994,-392179.2486256,891827.773944689,499648.525319088,297.424636966713,306.625991627418,291.042546662104
44700,40.7574599999937,-379208.546021292,878756.238872863,499547.692851571,293.06527893042,283.987324666675,298.873027373808
44800,40.8486399999935,-365602.6704728,865251.607500787,499648.937027987,288.561483241883,282.164076030284,292.585953480248
44900,40.9398199999932,-367341.960142825,866942.52720815,499600.567065325,289.125405105269,308.538500080815,275.942403950652
45000,41.0309999999929,-364403.037828755,864112.025707271,499708.987878516,288.181432618733,280.310278749608,293.188717337634
45100,41.1221799999926,-379777.798491608,879399.099591176,499621.301099568,293.279673033575,303.118726721163,286.475904180989
45200,41.2133599999924,-370925.123076716,870564.565550754,499639.442474038,290.333355194515,301.955489348804,282.34332129566
45300,41.3045399999921,-374390.645203354,873913.462568616,499522.817365262,291.450212629187,293.209547935183,290.034447248
45400,41.3957199999918,-393042.458813043,892663.97399193,499621.515178887,297.703509752186,301.959417377032,294.618151744161
45500,41.4868999999915,-369994.511735893,869646.814150527,499652.302414634,290.027285026022,297.028047954749,285.118420336016
45600,41.5780799999913,-356037.133183765,855759.975170024,499722.841986258,285.396023068209,292.432271151243,280.467360993629
45700,41.669259999991,-389448.228887944,889117.37809068,499669.149202736,296.520719723422,311.739248169347,286.127933493035
45800,41.7604399999907,-387056.0835593,886674.683232857,499618.599673557,295.706080784678,307.099135934747,287.864288950644
45900,41.8516199999904,-388240.809530529,887835.154293575,499594.344763045,296.093097980182,297.570647391361,294.861320791077
46000,41.9427999999902,-397360.010352095,896947.437392838,499587.427040743,299.132045153523,307.25103382282,293.470109336363
46100,42.0339799999899,-403286.788546324,902861.09693487,499574.308388546,301.104251103842,324.255826922799,285.418947015285
46200,42.1251599999896,-385117.644667982,884736.196592305,499618.551924322,295.059595328432,299.390012785214,291.926767361138
46300,42.2163399999893,-384936.354644006,884554.258830157,499617.904186151,294.998919069587,298.919178426006,292.139580399416
46400,42.3075199999891,-383255.304930654,882926.836642469,499671.531711815,294.456173634307,303.784818092876,287.991697183897
46500,42.3986999999888,-391663.582686963,891279.537827479,499615.955140516,297.241800175914,304.224539103703,292.338939390576
46600,42.4898799999885,-376465.048397839,876066.777387893,499601.728990054,292.168343300948,291.983453861073,292.048129308113
46700,42.5810599999882,-387666.315296163,887201.912704046,499535.597407883,295.881911857277,299.713609114783,293.080878759058
46800,42.672239999988,-373907.459329826,873467.596756857,499560.137427031,291.301516343791,288.246517481541,293.095430988337
46900,42.7634199999877,-386375.664983258,885973.525252185,499597.860268927,295.472244539665,302.35504377733,290.637484844105
47000,42.8545999999874,-388034.634384531,887707.655479151,499673.02109462,296.050577114941,300.523570605152,292.821872640538
47100,42.9457799999871,-375700.340989283,875374.503679574,499674.162690291,291.937469961505,300.854965419475,285.749191764556
47200,43.0369599999869,-382530.530802733,882141.364900825,499610.834098092,294.19421874298,296.022417635715,292.730257632204
47300,43.1281399999866,-391921.792451912,891500.645864081,499578.853412169,297.315539724556,308.316684015421,289.733680580877
47400,43.2193199999863,-398198.910156406,897762.924869444,499564.014713038,299.404010294962,295.632224408237,301.669030877533
47500,43.310499999986,-391893.802372573,891524.351549535,499630.549176962,297.323445572631,302.280019945718,293.771293119263
47600,43.4016799999858,-373515.277424098,873170.510594745,499655.233170648,291.202438083957,291.9006970476,290.494263409791
47700,43.4928599999855,-383180.082253963,882790.225507029,499610.143253066,294.410613809248,302.113569111985,289.029968095915
47800,43.5840399999852,-386022.269983581,885614.497378264,499592.227394683,295.352508713778,291.718112032017,297.529312744357
47900,43.6752199999849,-372278.907278597,871914.30011357,499635.392834973,290.783491783749,287.160607727588,292.956428244703
48000,43.7663999999846,-374243.774950268,873839.995157787,499596.220207519,291.42571124155,302.42073212065,283.852842562781
48100,43.8575799999844,-358162.905061362,857829.454238959,499666.549177596,286.086194510241,290.026671206428,283.220804884025
48200,43.9487599999841,-368018.516696293,867521.128587687,499502.611891394,289.318368713586,286.384587542463,291.033124187072
48300,44.0399399999838,-368358.606096325,868029.69246501,499671.086368685,289.487974809075,291.763153740579,287.72994887573
48400,44.1311199999835,-391841.682628686,891393.741530606,499552.05890192,297.279887120429,300.820007845719,294.672073397634
48500,44.2222999999833,-370465.830207867,870177.223903804,499711.393695938,290.204176722963,291.137891716846,289.339863246438
48600,44.313479999983,-369799.162835803,869302.461530085,499503.298694282,289.912443398394,279.349239714352,296.712985484923
48700,44.4046599999827,-364762.895452105,864399.821500915,499636.92604881,288.277412539908,279.788446192323,293.696492261182
48800,44.4958399999824,-379984.995847796,879512.60453413,499527.608686334,293.317526941514,298.92286357273,289.336204581585
48900,44.5870199999822,-361445.647928804,861145.774087334,499700.12615853,287.192187456173,284.479582706359,288.761263799835
49000,44.6781999999819,-377363.107240771,876918.300640933,499555.193400163,292.452326376833,291.784722142802,292.653685594207
49100,44.7693799999816,-383459.190163123,883090.56782567,499631.377662547,294.510777997555,302.967694114579,288.627408271208
49200,44.8605599999813,-378153.926688259,877707.110863263,499553.184175004,292.715394651747,291.222000975271,293.467060940521
49300,44.9517399999811,-375173.991853391,874776.004230068,499602.012376677,291.737870345195,300.252248387119,285.818503425292
49400,45.0429199999808,-373739.787310829,873310.465819371,499570.678508541,291.249113163038,285.351966795953,294.937836480126
49500,45.1340999999805,-385414.653562095,884994.504969115,499579.85140702,295.145741193635,290.821682120999,297.782492457732
49600,45.2252799999802,-370214.195669719,869865.278323986,499651.082654267,290.100142846085,278.622102742965,297.510419462459
49700,45.31645999998,-370618.227721578,870266.362396179,499648.134674602,290.233904417602,280.946826273095,296.183428260259
49800,45.4076399999797,-369104.348463591,868717.891031387,499613.542567796,289.71748908834,280.940019512823,295.32770423111
49900,45.4988199999794,-390548.959582923,890106.611486249,499557.651903326,296.850629143321,292.546606454777,299.472602078065
50000,45.5899999999791,-391199.960656198,890738.491794847,499538.531138649,297.061361278922,297.659587653231,296.41499256165
50100,45.6811799999789,-365880.156577968,865463.36080096,499583.204222992,288.632102985146,289.833349244964,287.590745392779
50200,45.7723599999786,-377386.757812289,877017.240538987,499630.482726699,292.485322841083,288.910054754858,294.625097129531
50300,45.8635399999783,-394588.850987554,894222.800629215,499633.949641661,298.223378565688,286.031597062985,306.102713418685
50400,45.954719999978,-391523.592576808,891155.485001014,499631.892424206,297.200428547945,308.648281501088,289.320859555393
50500,46.0458999999778,-378488.187408065,878152.849511669,499664.662103603,292.864048528154,295.038137787188,291.170602315024
50600,46.1370799999775,-384398.879283345,883987.765603758,499588.886320412,294.809993531352,303.895169481424,288.507534570027
50700,46.2282599999772,-405966.173016492,905523.956218389,499557.783201897,301.992314896912,314.784375503662,293.212614229997
50800,46.3194399999769,-401733.058664124,901276.372280191,499543.313616067,300.57574529938,313.890968546582,291.448450013496
50900,46.4106199999767,-395319.768545659,894896.468265342,499576.699719683,298.448046778503,301.180526825425,296.37768670824
51000,46.5017999999764,-375169.769403755,874790.922295143,499621.152891388,291.742845521142,305.009118281476,282.655544642984
51100,46.5929799999761,-377115.985300695,876741.480964564,499625.49566387,292.393357000021,298.512704974163,288.070130553094
51200,46.6841599999758,-398862.930561469,898458.151503314,499595.220941845,299.635868435322,318.326467835784,286.925772277985
51300,46.7753399999756,-389669.246219669,889290.684101468,499621.437881799,296.578517292469,299.380933117571,294.463091311324
51400,46.8665199999753,-392127.768602903,891672.017329108,499544.248726205,297.372692122431,307.253903934092,290.537407004554
51500,46.957699999975,-382667.332370816,882212.487867639,499545.155496823,294.217938258342,293.794893577192,294.254786430561
51600,47.0488799999747,-374574.510889754,874115.090291491,499540.579401738,291.517455491576,288.099041465749,293.553466962551
51700,47.1400599999744,-392620.324320698,892214.264839322,499593.940518624,297.553531712297,309.421342051488,289.393696876408
51800,47.2312399999742,-372214.168597181,871872.720233519,499658.551636337,290.769624890285,293.533366032266,288.684822774889
51900,47.3224199999739,-388498.445431082,888106.990528044,499608.545096962,296.183755387041,305.416107455539,289.782034211889
52000,47.4135999999736,-373436.077434961,873101.520670057,499665.443235096,291.179429938322,295.174351612075,288.273499297537
52100,47.5047799999733,-378206.88117864,877734.929528336,499528.048349696,292.724672178868,284.763858947282,297.78794377311
52200,47.5959599999731,-389300.936432095,888898.166488538,499597.230056442,296.447612635831,300.770426605658,293.318696978749
52300,47.6871399999728,-399457.801655696,898949.050763866,499491.24910817,299.799583379645,300.533692961219,299.06034400578
52400,47.7783199999725,-367229.969105091,866886.484204437,499656.515099346,289.106714758859,286.719722607154,290.457120597696
52500,47.8694999999722,-369885.953733528,869464.452284571,499578.498551042,289.966467328521,294.886635282833,286.444716636206
52600,47.960679999972,-373381.358626561,873094.15396007,499712.795333509,291.176973139927,300.287213868499,284.860831843261
52700,48.0518599999717,-382128.525005463,881740.891422445,499612.366416983,294.060660804551,295.730562729691,292.702342303787
52800,48.1430399999714,-384005.797333349,883658.288473987,499652.491140638,294.700112881103,298.082844505677,292.199375037319
52900,48.2342199999711,-381106.260827745,880685.050411916,499578.789584171,293.708537739508,295.76994668924,292.089507991572
53000,48.3253999999709,-368874.711997604,868468.493335207,499593.781337603,289.63431493587,300.462095370083,282.174432717281
53100,48.4165799999706,-372998.931244,872660.122384625,499661.191140626,291.032223573328,302.5201671704,283.131067655637
53200,48.5077599999703,-382309.676901587,881970.406360987,499660.729459401,294.13720405569,296.002919507046,292.648279418075
53300,48.59893999997,-383866.646722413,883554.622993093,499687.97627068,294.665540434582,295.326881309775,293.979091900758
53400,48.6901199999698,-381230.139522977,880845.507431638,499615.367908661,293.762050168964,303.727789129467,286.873422486822
53500,48.7812999999695,-365874.932679012,865507.226486344,499632.293807332,288.646732194879,290.483876526308,287.181430363763
53600,48.8724799999692,-374340.936384226,873937.827100018,499596.890715792,291.458338202441,297.46904005286,287.208321686992
53700,48.9636599999689,-373355.55551556,872984.490707351,499628.93519179,291.140400436002,302.284765888877,283.468206467054
53800,49.0548399999687,-371454.085189462,871074.226038824,499620.140849362,290.50332700978,291.789729637105,289.403639152388
53900,49.1460199999684,-374636.65261887,874262.484990159,499625.832371289,291.566611635871,298.01170862156,287.026908135716
54000,49.2371999999681,-377055.017494692,876660.064453859,499605.046959167,292.366204586913,301.364760093648,286.123529078601
54100,49.3283799999678,-394834.078098947,894394.437412495,499560.359313548,298.280619447222,301.757030648346,295.714444796933
54200,49.4195599999676,-374695.046540801,874334.20312301,499639.156582208,291.590529639156,296.512456503671,288.06625295478
54300,49.5107399999673,-375832.401279154,875415.326411094,499582.92513194,291.951084345871,296.957493503319,288.370185670617
54400,49.601919999967,-371799.077542244,871491.647659653,499692.570117409,290.642537155129,303.580147341994,281.775261582922
54500,49.6930999999667,-390609.402492952,890172.37969419,499562.977201238,296.872562846153,294.779148305191,298.020778737755
54600,49.7842799999665,-368935.517031955,868570.816135633,499635.299103678,289.668439598343,298.898575424603,283.273625347838
54700,49.8754599999662,-376655.187822186,876215.157828184,499559.970005997,292.217828190156,291.395991409079,292.522204520716
54800,49.9666399999659,-380842.712812797,880476.792979416,499634.080166619,293.639083868406,292.713993203925,294.011111741503
54900,50.0578199999656,-374853.128755363,874480.562032684,499627.433277321,291.639340347735,293.010324851698,290.482317894804
55000,50.1489999999653,-372101.205951486,871732.832783536,499631.62683205,290.722972414052,287.7807203885,292.442204620742
55100,50.2401799999651,-369737.311053151,869425.393038379,499688.081985228,289.95344106666,291.586316298613,288.623229711135
55200,50.3313599999648,-375622.136670447,875216.473561606,499594.33689116,291.884766903987,288.75851549458,293.725697204506
55300,50.4225399999645,-397296.161376819,896946.865271684,499650.703894865,299.13185435107,294.847925104303,301.738530636955
55400,50.5137199999642,-378544.21556097,878128.060925874,499583.845364904,292.855781532724,281.513976577982,300.172938351275
55500,50.604899999964,-384690.848242364,884326.665821331,499635.817578967,294.923016782168,299.965249889919,291.315758863017
55600,50.6960799999637,-382410.092731041,881950.515116049,499540.422385007,294.130570323845,307.178696167874,285.186710952556
55700,50.7872599999634,-367711.095493919,867428.552826848,499717.457332929,289.287494689627,294.365250842866,285.66125100856
55800,50.8784399999631,-362861.914699112,862554.216166994,499692.301467882,287.661903007168,286.990402806916,287.86985155483
55900,50.9696199999629,-350414.45033939,850217.762825179,499803.312485789,283.547694789121,294.67974637915,275.890037316777
56000,51.0607999999626,-360241.810881297,859910.411785878,499668.600904582,286.780194025639,305.946569976869,273.763626563132
56100,51.1519799999623,-381807.098691467,881447.449786098,499640.351094631,293.962797994363,305.34946107271,286.126720277137
56200,51.243159999962,-385789.246245316,885357.975217332,499568.728972016,295.26695855172,297.182037494201,293.74418345794
56300,51.3343399999618,-379165.76834641,878813.672942791,499647.90459638,293.084433197529,294.807375983712,291.691567645742
56400,51.4255199999615,-362353.485994219,862036.221119371,499682.735125151,287.489151615598,282.941964659613,290.281035293242
56500,51.5166999999612,-368934.526045915,868617.953198618,499683.427152703,289.684159812779,287.959727199847,290.592378088222
56600,51.6078799999609,-362693.142647756,862426.849049818,499733.706402062,287.619426062971,275.425391205961,295.509099779257
56700,51.6990599999607,-371846.36695122,871583.257215242,499736.890264023,290.673088949556,292.402725971618,289.277770027388
56800,51.7902399999604,-381539.592765957,881214.656910951,499675.064144994,293.885161551093,296.344583223381,292.000642801608
56900,51.8814199999601,-370028.671974335,869662.369924131,499633.697949796,290.032472877816,295.173720084136,286.363281012871
57000,51.9725999999598,-375416.435902699,874985.958514329,499569.52261163,291.807890116501,292.017348632318,291.425077864193
57100,52.0637799999596,-359577.736173793,859243.562721058,499665.826547265,286.557799806923,282.598775153314,288.958351409489
57200,52.1549599999593,-383655.346126129,883281.44654862,499626.100422491,294.574436067574,311.99872458631,282.712765025027
57300,52.246139999959,-372526.530138742,872215.005113571,499688.474974829,290.88377692632,282.772348860149,296.048992489663
57400,52.3373199999587,-371792.225620084,871471.302084089,499679.076464005,290.635751903982,300.291133977762,283.956634061542
57500,52.4284999999585,-386301.753664075,885924.585914532,499622.832250457,295.455923266477,300.645784356529,291.749802603721
57600,52.5196799999582,-384794.630966307,884393.761540154,499599.130573847,294.94539320999,296.776306967353,293.478996210739
57700,52.6108599999579,-374121.522521728,873735.355940567,499613.833418839,291.390814053883,297.371969710003,287.160551271424
57800,52.7020399999576,-388171.553895894,887808.146709778,499636.592813884,296.084090948734,298.331963886089,294.33877224804
57900,52.7932199999574,-385367.624632534,885034.246204617,499666.621572083,295.158994898989,298.442086326859,292.724301451326
58000,52.8843999999571,-386877.266900428,886519.108733834,499641.841833406,295.654196676283,297.903542616119,293.908254219162
58100,52.9755799999568,-372014.79748076,871645.924931277,499631.127450517,290.693988638078,293.268698332066,288.735270518221
58200,53.0667599999565,-388050.737566289,887637.826938903,499587.089372614,296.027289290947,307.073048661989,288.416760302509
58300,53.1579399999562,-403981.80551089,903574.727543784,499592.922032894,301.342246971414,305.279924084981,298.466010356559
58400,53.249119999956,-374338.162545863,873968.210158009,499630.047612146,291.468470954814,302.73972862597,283.711408781581
58500,53.3402999999557,-375458.92511604,875045.235489881,499586.310373841,291.82765899279,306.272360140536,281.9546685118
58600,53.4314799999554,-372835.10702314,872508.312301647,499673.205278506,290.981594897998,291.648543141294,290.294478073386
58700,53.5226599999551,-401617.646452722,901147.356014929,499529.709562207,300.532718364158,292.075292609711,305.920558268486
58800,53.6138399999549,-381550.221173034,881177.640320329,499627.419147296,293.872816515034,299.337482706762,289.984811706786
58900,53.7050199999546,-394517.973672347,894022.148750577,499504.17507823,298.156461147433,299.692112616938,296.884229783472
59000,53.7961999999543,-380066.603385069,879733.364822178,499666.761437109,293.391150515984,293.683512555708,292.951749864071
59100,53.887379999954,-400678.564197881,900185.555531387,499506.991333505,300.211957822707,292.033358407358,305.41418080142
59200,53.9785599999538,-375956.658201796,875635.955162875,499679.296961079,292.024664052985,290.586185648012,292.740295769589
59300,54.0697399999535,-385571.042035864,885098.445288702,499527.403252838,295.180405298883,293.433645990767,296.098927833211
59400,54.1609199999532,-381904.112208899,881543.904925386,499639.792716487,293.994965791358,300.23913040513,289.587193577349
59500,54.2520999999529,-402364.451826967,901908.318397459,499543.866570492,300.786499382178,298.236118887399,302.236097629211
59600,54.3432799999527,-417499.511137747,917043.517350063,499544.006212317,305.834089494769,322.313261463475,294.593113107718
59700,54.4344599999524,-385832.039496612,885408.508124351,499576.468627739,295.283811280424,298.496470005079,292.895968954588
59800,54.5256399999521,-386640.788836105,886172.052605022,499531.263768917,295.538453428388,299.829876537462,292.431222644481
59900,54.6168199999518,-372106.19740772,871755.327575155,499649.130167435,290.730474428933,301.804971058705,283.105201280394
60000,54.7079999999516,-396181.507893398,895735.629082214,499554.121188816,298.727906980895,301.37062941824,296.717152100182
60100,54.7991799999513,-381499.858274301,881109.621796623,499609.763522321,293.850132331707,296.847530101064,291.606992041859
60200,54.890359999951,-387372.18545794,886912.95718482,499540.771726879,295.785545167524,297.27685322582,294.544851841019
60300,54.9815399999507,-380983.92089857,880529.132410416,499545.211511846,293.656539073009,293.339876657804,293.622933567251
60400,55.0727199999505,-380456.62842271,880022.678350547,499566.049927837,293.487636601817,285.031548023797,298.880455956663
60500,55.1638999999502,-351215.092592364,850833.53170509,499618.439112725,283.753053761911,283.048778635619,283.986109634636
60600,55.2550799999499,-385531.886193051,885141.809691378,499609.923498327,295.194867330792,297.75058143523,293.245062205056
60700,55.3462599999496,-379957.065602682,879573.480590814,499616.414988133,293.337829111494,292.298765234046,293.786090172198
60800,55.4374399999494,-389289.899335077,888872.249497297,499582.350162221,296.438969317091,291.237931489414,299.659295394444
60900,55.5286199999491,-373212.705485563,872811.475554814,499598.770069251,291.082699868206,282.133640961549,296.806170222753
61000,55.6197999999488,-390127.420250686,889662.902842901,499535.482592215,296.702652273771,289.097034147538,301.525812147697
61100,55.7109799999485,-377883.444671728,877479.793162644,499596.348490916,292.639584179638,292.241203489176,292.661304986462
61200,55.8021599999483,-375092.959999866,874607.601630629,499514.641630763,291.681708064242,293.403435580749,290.290821629851
61300,55.893339999948,-365930.76085949,865571.063609565,499640.302750076,288.668021880795,296.078281973682,283.487291800637
61400,55.9845199999477,-379567.254208071,879187.764730456,499620.510522385,293.209192839905,295.173340976571,291.655419754761
61500,56.0756999999474,-380128.233290206,879792.330814952,499664.097524746,293.410815679491,290.568523818073,295.061167907368
61600,56.1668799999471,-373666.133835926,873233.098276556,499566.964440631,291.223311081059,295.219837724047,288.316273893167
61700,56.2580599999469,-373151.086966102,872773.701475339,499622.614509237,291.070102209551,299.212740335387,285.399118373818
61800,56.3492399999466,-387107.482797798,886660.567042077,499553.084244279,295.701373033876,287.126023398051,301.171854980231
61900,56.4404199999463,-369697.622536167,869328.352480106,499630.729943939,289.921078032385,283.603841954982,293.890967852293
62000,56.531599999946,-393139.486210811,892754.135224007,499614.649013196,297.733578530601,302.955817036448,294.003974877928
62100,56.6227799999458,-370015.988677345,869703.299457237,499687.310779891,290.046122880519,284.656812235469,293.397291541484
62200,56.7139599999455,-376157.075911002,875801.297325452,499644.22141445,292.079805677989,292.0227357549,291.874452455317
62300,56.8051399999452,-363231.839676293,862940.989409002,499709.149732708,287.790891915625,285.639648178374,288.985228663862
62400,56.8963199999449,-372659.155676255,872310.070840682,499650.915164426,290.915481354238,295.965320848889,287.306492123342
62500,56.9874999999447,-359501.138692962,859252.217482006,499751.078789045,286.560686170421,291.223734597665,283.213186647116
62600,57.0786799999444,-377147.734694817,876775.601395955,499627.866701138,292.404736166735,292.044065237648,292.401512839321
62700,57.1698599999441,-364032.615407959,863740.975943365,499708.360535406,288.057687491534,293.093285222683,284.460574264526
62800,57.2610399999438,-348950.546365854,848613.534997817,499662.988631963,283.012684674943,298.281438533079,272.59767153229
62900,57.3522199999436,-357319.749320934,857062.918152179,499743.168831245,285.83055466139,287.841663796377,284.251623109182
63000,57.4433999999433,-365531.481685066,865159.413773721,499627.932088655,288.53073662622,292.629857823849,285.557546880612
63100,57.534579999943,-374942.619018019,874607.908742474,499665.289724455,291.681810486068,293.744702330168,290.063481081262
63200,57.6257599999427,-359522.509185879,859144.491671155,499621.982485275,286.52475960352,282.145740005823,289.205335368982
63300,57.7169399999425,-367804.012017121,867493.527083847,499689.515066725,289.309163609754,300.046966324285,281.909537497058
63400,57.8081199999422,-369768.416455762,869427.600141275,499659.183685513,289.95417713566,292.403911145966,288.079392647842
63500,57.8992999999419,-375810.796308694,875491.01462641,499680.218317717,291.97632637199,297.161767391329,288.276052087119
63600,57.9904799999416,-375282.447584606,874858.754241105,499576.306656499,291.765467480775,291.74869265201,291.533512810385
63700,58.0816599999414,-375002.4109663,874638.280224405,499635.869258105,291.691939377824,292.386296269671,290.98595816711
63800,58.1728399999411,-364985.805352978,864600.368800915,499614.563447937,288.344295081179,283.749182963542,291.167416247037
63900,58.2640199999408,-379060.407789241,878630.0552919,499569.647502659,293.023196695648,288.872324287966,295.546258970189
64000,58.3551999999405,-378276.881672865,877909.871331035,499632.98965817,292.783015284654,312.382966977851,279.472394976453
64100,58.4463799999403,-389045.41963798,888615.264468736,499569.844830756,296.35326478864,299.107058362955,294.270441351772
64200,58.53755999994,-370187.349576496,869889.443436008,499702.093859512,290.108201912959,295.980188610578,285.951787279619
64300,58.6287399999397,-393193.617138643,892758.927392846,499565.310254203,297.735176719308,302.47916231487,294.324407008335
64400,58.7199199999394,-383675.768277451,883317.933077959,499642.164800507,294.58660432815,305.829498709922,286.845852570029
64500,58.8110999999392,-388287.089321767,887828.554717962,499541.465396195,296.090897021164,288.640046556658,300.811388249984
64600,58.9022799999389,-377746.117212894,877379.679565966,499633.562353072,292.606196286799,299.571633349736,287.718733081269
64700,58.9934599999386,-382711.498307797,882321.508847469,499610.010539672,294.254296764205,297.985565502698,291.521572357905
64800,59.0846399999383,-388236.745912463,887897.806662287,499661.060749824,296.113992550371,303.70501570264,290.8065487884
64900,59.175819999938,-393080.712715688,892702.377190513,499621.664474825,297.716317222116,295.739669599526,298.785985372824
65000,59.2669999999378,-369557.536293751,869162.675635106,499605.139341354,289.865824790764,286.468684093105,291.889030401878
65100,59.3581799999375,-384524.509558384,884143.853283651,499619.343725267,294.86204878561,305.081188987525,287.803570277011
65200,59.4493599999372,-373550.607782983,873138.65855559,499588.050772608,291.191815426243,295.615307129131,288.000161111463
65300,59.5405399999369,-399880.308011314,899495.022934605,499614.714923292,299.981665144107,290.969788581068,305.739598131848
65400,59.6317199999367,-382051.935188109,881689.480325605,499637.545137496,294.043515199468,296.235960817725,292.336848524631
65500,59.7228999999364,-377167.384144078,876854.691679759,499687.307535681,292.431112782978,300.292133933534,286.946739421954
65600,59.8140799999361,-351911.645506993,851589.867083901,499678.221576908,284.005291673804,283.500398441638,284.105216085519
65700,59.9052599999358,-356875.350207267,856517.477378064,499642.127170797,285.648650117747,288.684506144763,283.386705557973
65800,59.9964399999356,-388785.307696171,888383.640473437,499598.332777266,296.276018166896,292.88369040206,298.290673328315
65900,60.0876199999353,-384268.899806675,883829.161424058,499560.261617383,294.757099024198,283.260079538172,302.176147765695
66000,60.178799999935,-348597.72130557,848283.90244165,499686.18113608,282.902752189978,296.928833871405,273.316278775536
66100,60.2699799999347,-366947.104626015,866624.556580794,499677.451954778,289.019361874535,293.202570708489,285.989706517005
66200,60.3611599999345,-367748.217567068,867500.432527881,499752.214960814,289.311466575915,294.449262582692,285.645176349251
66300,60.4523399999342,-387362.395272766,886951.534536519,499589.139263753,295.798410717532,300.50863223592,292.411764363009
66400,60.5435199999339,-371825.360360491,871431.288493633,499605.928133143,290.622407368228,289.648379428147,291.029573988809
66500,60.6346999999336,-379155.525629348,878666.310130853,499510.784501506,293.035287687461,296.745983153669,290.317294636916
66600,60.7258799999334,-369326.898800764,868932.799910531,499605.901109766,289.789161217452,301.336474432601,281.849461439672
66700,60.8170599999331,-353336.089102585,853006.748289588,499670.659187003,284.477821674033,288.532309598412,281.537764873052
66800,60.9082399999328,-373486.525088373,873105.56347813,499619.038389757,291.180778215151,288.354778065404,292.82212766647
66900,60.9994199999325,-379436.73879676,879092.049859503,499655.311062742,293.177271922462,291.766012285391,293.87379728724
67000,61.0905999999323,-376053.254819852,875538.154871141,499484.900051289,291.992047647538,281.927547451826,298.458387738306
67100,61.181779999932,-365042.770890476,864700.208928223,499657.438037747,288.37759177196,286.471999817144,289.407671748696
67200,61.2729599999317,-397118.754997966,896585.951460679,499467.196462712,299.011489565009,291.82698037985,303.55198611381
67300,61.3641399999314,-369686.994839804,869293.296074838,499606.301235034,289.909386718305,299.541803198006,283.24618457624
67400,61.4553199999312,-385671.107779512,885181.265278483,499510.157498971,295.20802577238,290.992813880726,297.772160345339
67500,61.5464999999309,-355297.137180262,854966.760070824,499669.622890562,285.131485766491,296.431546604221,277.360502303199
67600,61.6376799999306,-378034.740043818,877572.123443252,499537.383399433,292.670376335918,287.852914958445,295.638125273956
67700,61.7288599999303,-394150.449361204,893767.751918962,499617.302557758,298.071619782879,296.758417589125,298.698694895563
67800,61.8200399999301,-406756.98645964,906257.671588749,499500.685129109,302.2370090341,309.530320466021,297.122937238623
67900,61.9112199999298,-355513.21653847,855196.449481582,499683.232943113,285.208087204129,284.249413304708,285.609529731074
68000,62.0023999999295,-386407.819730623,885981.846715485,499574.026984863,295.475019748369,309.435694841837,285.921673836268
68100,62.0935799999292,-380723.65330257,880383.525977708,499659.872675138,293.60797931556,293.777524044806,293.250276179966
68200,62.1847599999289,-374189.331500227,873741.749211421,499552.417711194,291.392946210245,291.657669338372,290.973636669652
68300,62.2759399999287,-367720.658439544,867321.322606143,499600.664166599,289.251733402082,291.71790895314,287.366573256876
68400,62.3671199999284,-378602.356475044,878144.259088808,499541.902613763,292.861183621413,298.23474773229,289.034756561144
68500,62.4582999999281,-379949.507875476,879586.663784166,499637.15590869,293.342225707576,308.674550967224,282.87622367972
68600,62.5494799999278,-376288.136049176,875916.265939847,499628.129890671,292.118147720476,290.240178955942,293.126695107063
68700,62.6406599999276,-361995.150823369,861659.079594546,499663.928771177,287.363374885625,290.053304488412,285.330619004696
68800,62.7318399999273,-394802.711415487,894425.314502566,499622.603087079,298.290916959335,300.944426128646,296.273335082327
68900,62.823019999927,-384539.045255685,884132.094042549,499593.048786864,294.858127077722,288.284086233588,298.995105867913
69000,62.9141999999267,-373340.834221502,872868.757413793,499527.923192291,291.101803372951,289.75175187182,291.759252870893
69100,63.0053799999265,-369531.611201813,869149.054261285,499617.443059471,289.861282061459,289.546934838517,289.829295808368
69200,63.0965599999262,-393581.609691945,893114.304604497,499532.694912551,297.853695049023,302.656929143416,294.403327573555
69300,63.1877399999259,-373816.855338622,873474.964483955,499658.109145333,291.303973481392,291.582249932503,290.875702536084
69400,63.2789199999256,-382476.787131227,882149.451518563,499672.664387336,294.19691563067,295.98501032898,292.759688402104
69500,63.3700999999254,-389886.959248025,889524.346228747,499637.386980722,296.656443631398,295.597480968953,297.115205036669
69600,63.4612799999251,-381828.180139741,881415.267619962,499587.087480221,293.952065239274,296.63771627989,291.916671157831
69700,63.5524599999248,-398670.502870847,898142.650702542,499472.147831695,299.53064889196,292.756274494373,303.797289616276
69800,63.6436399999245,-380218.284758666,879819.51879965,499601.234040984,293.419882874654,276.989240780626,304.12912770161
69900,63.7348199999243,-380092.188321313,879678.1039647,499585.915643388,293.372721015408,290.750342539306,294.876496065297
70000,63.825999999924,-362871.650373141,862582.096166927,499710.445793786,287.67120098947,295.26406297247,282.369566999978
70100,63.9171799999237,-380468.410667566,880081.934862696,499613.524195129,293.507398653559,290.277582023114,295.416020241644
70200,64.0083599999234,-370576.550628091,870240.661593788,499664.110965697,290.225333197862,290.145061518639,290.036993206345
70300,64.0995399999232,-382258.482522484,881797.252373607,499538.769851124,294.079457186462,292.50814801906,294.881930417076
70400,64.1907199999229,-386277.896302471,885846.858404722,499568.962102252,295.430001135475,295.695190771534,295.007016377156
70500,64.2818999999226,-386578.33521841,886142.147974149,499563.812755738,295.528480231499,303.760958146637,289.79388788788
70600,64.3730799999223,-381719.675875746,881291.735563311,499572.059687565,293.910867288081,293.108235048948,294.201029724763
70700,64.4642599999221,-376421.471558478,876069.748998144,499648.277439666,292.169334333215,279.573184807495,300.323292905084
70800,64.5554399999218,-391984.762199492,891529.999673691,499545.237474199,297.325329222508,290.280217968414,301.774298950886
70900,64.6466199999215,-374222.49790305,873814.002046726,499591.504143676,291.417042536844,295.207178709299,288.647437553094
71000,64.7377999999212,-385178.537161125,884667.505797436,499488.968636311,295.036686942617,288.244505936101,299.318943707841
71100,64.828979999921,-370721.018967961,870235.238131406,499514.219163446,290.223524472705,288.388503993927,291.205018521498
71200,64.9201599999207,-386499.5441031,886054.945828571,499555.401725471,295.499398308678,290.493606027359,298.590343664299
71300,65.0113399999204,-373298.292528271,872909.110916027,499610.818387756,291.11526126931,300.85560459537,284.37910300088
71400,65.1025199999201,-365695.104683323,865344.763894633,499649.659211309,288.592550906998,283.388071986974,291.821709727925
71500,65.1936999999199,-367076.609230687,866658.159745458,499581.550514771,289.030568532752,280.998187252344,294.144630579248
71600,65.2848799999196,-369002.562397411,868650.960875518,499648.398478107,289.695167875777,290.52569627022,288.900069639584
71700,65.3760599999193,-390385.869015435,889838.604096543,499452.735081108,296.761248656509,295.127721158653,297.602965947867
71800,65.467239999919,-374525.189611907,874166.922908194,499641.733296287,291.534741673568,290.026587053092,292.297232469157
71900,65.5584199999188,-389631.192257525,889187.625884558,499556.433627032,296.544147368537,301.74891946872,292.82717917894
72000,65.6495999999185,-358978.535109419,858720.080184991,499741.545075572,286.383218337499,282.983967561029,288.410732839864
72100,65.7407799999182,-398675.487159289,898286.23770194,499610.750542651,299.578535168231,311.601977633986,291.313258078421
72200,65.8319599999179,-374076.254951905,873758.384963536,499682.130011631,291.398494234963,287.646733631164,293.6568358923
72300,65.9231399999177,-379567.105348049,879069.272271384,499502.166923335,293.169675594926,300.189371112861,288.245570519972
72400,66.0143199999174,-366661.030033466,866273.242675399,499612.212641933,288.902198657795,282.040445754026,293.235948761426
72500,66.1054999999171,-388095.577472003,887650.798508378,499555.221036375,296.031615310448,296.919150398756,295.193232238817
72600,66.1966799999168,-375574.378388899,875243.114175867,499668.735786968,291.893651551065,299.424346467323,286.629943563933
72700,66.2878599999165,-369051.170133643,868741.928290193,499690.75815655,289.725505516156,291.817813274235,288.089195756174
72800,66.3790399999163,-384912.887241525,884556.151972957,499643.264731433,294.999550432869,286.886942270267,300.16212291591
72900,66.470219999916,-366531.160600761,866152.956445466,499621.795844706,288.862083190084,295.051681206918,284.494966109536
73000,66.5613999999157,-388601.106434385,888096.09717316,499494.990738774,296.180122452279,283.930221088028,304.09990659307
73100,66.6525799999154,-353110.182098176,852730.33760443,499620.155506253,284.385638687487,280.312400875981,286.864142529583
73200,66.7437599999152,-387986.515881709,887555.932514422,499569.416632712,295.999977493554,311.834070497276,285.197248843161
73300,66.8349399999149,-372962.260012955,872594.233060505,499631.97304755,291.010249478241,286.099542217161,294.041545777729
73400,66.9261199999146,-372494.300826484,872125.259465648,499630.958639165,290.853846745255,290.302493929283,290.979037083616
73500,67.0172999999143,-364092.221445591,863710.443549002,499618.222103411,288.047504935468,287.908328749766,287.900249471823
73600,67.1084799999141,-373885.928066041,873433.78050469,499547.852438648,291.290238620874,297.17482167122,287.124441388457
73700,67.1996599999138,-387674.288955095,887206.666775486,499532.377820391,295.883497340499,305.263361475458,289.383685002742
73800,67.2908399999135,-390651.603964231,890126.767011729,499475.163047498,296.857351012749,304.070148214744,291.801438418909
73900,67.3820199999132,-373025.604226309,872599.519133974,499573.914907666,291.012012384184,298.446571183176,285.813129841204
74000,67.473199999913,-389420.63539837,889028.708846832,499608.073448461,296.491148523205,310.009304809321,287.231968375358
74100,67.5643799999127,-369526.946373885,869174.308267451,499647.361893566,289.869704274621,284.278781443985,293.355428074817
74200,67.6555599999124,-367994.329654231,867596.652290223,499602.322635991,289.343555874678,295.579593187562,284.945078036193
74300,67.7467399999121,-375888.37931739,875448.456702806,499560.077385415,291.962133300919,297.664826318136,287.917036178356
74400,67.8379199999119,-402032.586092709,901543.376643382,499510.790550673,300.664791276766,302.675149094736,299.073998738721
74500,67.9290999999116,-362358.912980944,861989.720916849,499630.807935905,287.47364379418,281.781168090317,291.029066226927
74600,68.0202799999113,-387914.351696811,887489.54947756,499575.197780748,295.977838745226,301.86344378107,291.807453855709
74700,68.111459999911,-377083.152887345,876785.613097929,499702.460210584,292.408075070178,296.515364601329,289.42620865352
74800,68.2026399999108,-378828.686094551,878393.725643475,499565.039548925,292.944380738194,286.509840593933,296.98995385042
74900,68.2938199999105,-373704.908881643,873320.753448111,499615.844566468,291.252544088081,308.243932394931,279.682241430108
75000,68.3849999999102,-381377.599088477,880965.74715384,499588.148065363,293.802150126343,293.814006460072,293.549410778752
75100,68.4761799999099,-384196.454597769,883825.22911137,499628.774513601,294.755787597589,297.221337562693,292.866457797855
75200,68.5673599999097,-380871.699206921,880506.24583823,499634.54663131,293.648906399276,293.184014495472,293.714126913148
75300,68.6585399999094,-364671.670655,864382.954224073,499711.283569072,288.271787301675,286.730529517248,289.059066001876
75400,68.7497199999091,-371678.903930808,871311.40714748,499632.503216672,290.582426929291,290.047406194206,290.696955396908
75500,68.8408999999088,-362462.551251834,862199.60508253,499737.053830695,287.543640180934,290.439097692615,285.373715472995
75600,68.9320799999086,-373773.609657586,873340.201750148,499566.592092563,291.259030098432,286.851488771898,293.954675124372
75700,69.0232599999083,-376242.443307689,875893.549450407,499651.106142718,292.110571769354,293.968664887868,290.628417547203
75800,69.114439999908,-386766.491770739,886369.527789585,499603.036018846,295.604311418905,298.522630784811,293.412428248784
75900,69.2056199999077,-364012.967683499,863651.767208138,499638.799524639,288.027936370898,294.867196951598,283.228406036788
76000,69.2967999999074,-363890.299813858,863565.500083313,499675.200269455,287.999166277576,294.513331066238,283.416390446571
76100,69.3879799999072,-366354.449513051,866014.061300699,499659.611787648,288.815761647723,274.315674170741,298.241806831006
76200,69.4791599999069,-371185.562966741,870795.300385115,499609.737418374,290.410305281012,288.440349042722,291.481600852137
76300,69.5703399999066,-359193.276724197,858843.649464316,499650.372740119,286.424428702457,274.838997497248,293.90936248201
76400,69.6615199999063,-378989.820962374,878588.078701503,499598.257739129,293.009197499251,298.600892946035,289.037226203479
76500,69.7526999999061,-353804.033044087,853451.679691371,499647.646647283,284.626206333624,280.794781387372,286.943301125848
76600,69.8438799999058,-372974.273569672,872606.603741636,499632.330171964,291.014375101429,285.944196850058,294.151981956424
76700,69.9350599999055,-371112.997310197,870723.477301796,499610.479991598,290.386352276737,296.069673147381,286.35548306941
76800,70.0262399999052,-367386.353036899,867000.267648873,499613.914611973,289.144661547064,275.877049703175,297.748782225035
76900,70.117419999905,-371262.39960927,870826.76870716,499564.36909789,290.420799969038,295.144488845008,287.029656718416
77000,70.2085999999047,-374906.078559585,874478.808683593,499572.730124008,291.638755605667,293.568403756086,290.10929120905
77100,70.2997799999044,-380214.133176031,879838.182429504,499624.049253473,293.426107196766,307.73689453745,283.641060546981
77200,70.3909599999041,-389546.325701605,889130.340428914,499584.014727309,296.525042664304,293.36980786887,298.381428325706
77300,70.4821399999039,-379465.000350965,879108.08140496,499643.081053994,293.182618444209,292.115215623326,293.649901476094
77400,70.5733199999036,-388936.70042302,888516.779627604,499580.079204584,296.320420085911,305.596261622917,289.889592044502
77500,70.6644999999033,-390673.672408792,890205.842271022,499532.169862229,296.883722618316,287.193161859877,303.096693355093
77600,70.755679999903,-383318.558059555,882837.958383348,499519.400323793,294.42653272748,292.907009932457,295.194192480222
77700,70.8468599999028,-383338.251471125,882903.787028565,499565.53555744,294.448486586148,303.246218692473,288.337958109776
77800,70.9380399999025,-388850.028885068,888426.473495896,499576.444610828,296.290302983457,303.713325938446,291.094712427644
77900,71.0292199999022,-401900.608288857,901526.783238973,499626.174950116,300.659257375012,289.018180895915,308.169425646597
78000,71.1203999999019,-388305.242994374,887933.894256074,499628.6512617,296.126027765908,303.097681083302,291.231487197839
78100,71.2115799999017,-410048.716815859,909599.149602209,499550.43278635,303.351392230185,300.240019197702,305.172848091648
78200,71.3027599999014,-392443.10003374,891976.621006056,499533.520972316,297.474277474089,291.040304101956,301.515697824281
78300,71.3939399999011,-381111.018623608,880610.050582466,499499.031958858,293.683525290134,288.40504265989,296.957777439221
78400,71.4851199999008,-399424.355466844,899028.989364854,499604.633898011,299.82624290974,295.342858478281,302.565310661621
78500,71.5762999999006,-378857.41201132,878429.383090895,499571.971079575,292.956272499882,292.861833831587,292.775101384995
78600,71.6674799999003,-374166.366574083,873916.718800965,499750.352226882,291.451298582946,299.953778151944,285.54010278813
78700,71.7586599999,-368858.150506626,868463.588644494,499605.438137869,289.632679221109,276.702802081521,298.011236748149
78800,71.8498399998997,-364719.732047413,864409.916519673,499690.18447226,288.280779229506,292.220906361375,285.413793825568
78900,71.9410199998995,-399104.186201719,898626.772107076,499522.585905358,299.692103420736,304.776070759086,296.053048442319
79000,72.0321999998992,-385461.946675844,885060.469533663,499598.522857819,295.167740381412,304.097078666375,288.968875074453
79100,72.1233799998989,-374726.058771952,874293.664283631,499567.60551168,291.577009932844,278.106204629303,300.314565960259
79200,72.2145599998986,-366908.115880415,866608.058105003,499699.942224588,289.013859631484,280.987510882877,294.123913914195
79300,72.3057399998983,-359545.605312643,859259.765268602,499714.159955959,286.56320335788,310.759104455713,270.193799956526
79400,72.3969199998981,-357075.118547213,856834.42630515,499759.307757937,285.754352611356,292.173367140084,281.236880965027
79500,72.4880999998978,-351182.036445536,850916.93566256,499734.899217024,283.780868988681,280.620721626321,285.651149839429
79600,72.5792799998975,-377421.61724152,877038.192376275,499616.575134755,292.492310280565,298.787622122944,288.051692127079
79700,72.6704599998972,-363648.161392655,863255.867963029,499607.706570374,287.895903939646,289.415462921551,286.642951365094
79800,72.761639999897,-374486.303061614,874044.207666139,499557.904604526,291.493816130112,296.107988981422,288.174789382463
79900,72.8528199998967,-346654.989301227,846334.659960835,499679.670659608,282.252679660109,281.151185955586,282.751798230074
80000,72.9439999998964,-387733.989707261,887348.903008062,499614.913300801,295.930933135922,288.534260884838,300.615438859032
80100,73.0351799998961,-360913.616600694,860625.222689921,499711.606089227,287.018583521735,294.639868837555,281.698544491587
80200,73.1263599998959,-375947.784554163,875646.074830305,499698.290276143,292.028038962917,297.943564485834,287.840998581836
80300,73.2175399998956,-409749.801220519,909310.312444684,499560.511224166,303.255065014068,301.256194910267,304.334932529091
80400,73.3087199998953,-390132.952051535,889717.753785343,499584.801733808,296.720945067648,305.607061708346,290.54959985296
80500,73.399899999895,-397809.246071868,897299.478304309,499490.232232441,299.24945082685,296.032072847612,301.144994937319
80600,73.4910799998948,-370876.692279642,870487.060936842,499610.3686572,290.307507399314,288.122192151839,291.52246130813
80700,73.5822599998945,-379353.209119021,878973.428262377,499620.219143355,293.13771160993,294.315312895401,292.108362659941
80800,73.6734399998942,-382987.943041496,882553.640214033,499565.697172537,294.331712594308,298.610374168247,291.233995117853
80900,73.7646199998939,-381405.446899667,880995.682571572,499590.235671905,293.812133590653,292.549262030834,294.409204519206
81000,73.8557999998937,-379810.107906993,879376.766560866,499566.658653873,293.272224966105,298.583074378089,289.487265170644
81100,73.9469799998934,-380891.935088742,880500.115305433,499608.180216691,293.646861866077,295.375683824554,292.249608175538
81200,74.0381599998931,-383661.720229418,883234.10107517,499572.380845752,294.558646348231,292.567322261219,295.640730200949
81300,74.1293399998928,-379371.313362728,878944.426516565,499573.113153836,293.128039525284,302.907627088456,286.364041116899
81400,74.2205199998926,-393067.488729856,892549.646090521,499482.157360666,297.665381387534,294.689483526439,299.401258810441
81500,74.3116999998923,-378232.158818139,877805.535401657,499573.376583518,292.748219243507,294.885261930342,291.079567269583
81600,74.402879999892,-371968.217773923,871497.470233805,499529.252459882,290.644478984094,295.248304104601,287.333058504602
81700,74.4940599998917,-384058.124105996,883630.077811695,499571.953705699,294.690704622877,301.824973401444,289.68894984998
81800,74.5852399998915,-388328.943285181,887900.508873238,499571.565588058,296.114893737948,300.241037756477,293.117368647482
81900,74.6764199998912,-378561.160696498,878077.346647583,499516.185951085,292.838868316686,296.410816316197,290.213537260082
82000,74.7675999998909,-357213.190202644,856845.883986669,499632.693784025,285.758173749098,285.779327789129,285.505939244285
82100,74.8587799998906,-385297.373960064,884866.324962511,499568.951002447,295.102993150746,289.486033690756,298.601713629779
82200,74.9499599998904,-385154.047983509,884693.900266419,499539.85228291,295.045489500223,298.219889279355,292.683351739551
82300,75.0411399998901,-379833.150747392,879352.261716097,499519.110968704,293.264052598331,286.80218530153,297.327577419032
82400,75.1323199998898,-385018.685975553,884586.816884136,499568.130908583,295.009777183304,288.262807821899,299.261915276588
82500,75.2234999998895,-384839.380296357,884405.840573245,499566.460276888,294.949421568533,302.724369135791,289.520332005719
82600,75.3146799998893,-361920.997231632,861569.240351918,499648.243120286,287.333413490718,293.980642041342,282.66248327906
82700,75.405859999889,-395350.847147448,894895.393825705,499544.546678256,298.447688452795,290.647419545784,303.399161317092
82800,75.4970399998887,-384008.097022308,883654.518170988,499646.42114868,294.698855484738,295.954424937064,293.616226803618
82900,75.5882199998884,-379359.536370167,878950.105983965,499590.569613799,293.129933628136,290.617041105368,294.560920365292
83000,75.6793999998881,-386384.703710192,885987.984345541,499603.280635349,295.477066648504,285.314544716276,302.005850381117
83100,75.7705799998879,-370099.946025719,869710.494692723,499610.548667004,290.048522492154,296.39858900243,285.573437716559
83200,75.8617599998876,-391037.909437306,890614.135185283,499576.225747977,297.019888339264,298.931635307481,295.497873786837
83300,75.9529399998873,-380881.499937528,880491.46893241,499609.968994882,293.643978299953,296.96419733988,291.185795624752
83400,76.044119999887,-374952.879286286,874599.813228162,499646.933941875,291.67911063137,300.909434135458,285.282495703116
83500,76.1352999998868,-401703.675922065,901287.775514585,499584.09959252,300.579548279001,296.693073878759,302.920048255597
83600,76.2264799998865,-380465.098724726,880138.134615306,499673.03589058,293.52614127574,282.391118886853,300.704884417269
83700,76.3176599998862,-397486.726732189,897037.697152859,499550.97042067,299.162146791015,299.765595327645,298.510545977602
83800,76.4088399998859,-382946.972052002,882544.79389348,499597.821841478,294.328762345666,296.0269296264,292.951376856557
83900,76.5000199998857,-395598.727922551,895116.646206825,499517.918284274,298.521476140345,306.686061899661,292.829651070685
84000,76.5911999998854,-384536.118763014,884156.422233852,499620.303470838,294.86624053155,298.499910762691,292.198071843679
84100,76.6823799998851,-385979.209343483,885520.898937015,499541.689593531,295.321293625818,298.45544170062,292.985760497928
84200,76.7735599998848,-372450.71493082,872077.239491978,499626.524561158,290.837832080033,290.134747783885,291.064190084064
84300,76.8647399998846,-375761.309228589,875318.200237243,499556.891008654,291.918692758794,291.924969409801,291.671242747489
84400,76.9559199998843,-365687.200979157,865339.771153319,499652.570174161,288.590885827353,277.134156052642,295.988213272305
84500,77.047099999884,-378956.558972417,878504.001040127,499547.442067711,292.981157592172,282.364911701926,299.814503887676
84600,77.1382799998837,-370969.724400727,870556.245757478,499586.521356751,290.330580542764,289.197449429372,290.844059134573
84700,77.2294599998835,-392836.224825245,892313.906541841,499477.681716596,297.586762228395,300.922428306127,295.114995874716
84800,77.3206399998832,-398784.03537142,898343.372157977,499559.336786556,299.597589514083,295.45606342703,302.108942247521
84900,77.4118199998829,-369278.692463529,868822.777597636,499544.085134107,289.752468766929,287.86319397114,290.770524906815
85000,77.5029999998826,-389171.328367722,888790.633130651,499619.304762929,296.41175025201,296.846584770579,295.874850781087
85100,77.5941799998824,-386084.611148232,885605.12633213,499520.515183897,295.349383469111,298.749493967826,292.836518650411
85200,77.6853599998821,-372296.5967825,871882.56740216,499585.97061966,290.772908921847,285.05146987043,294.344890865358
85300,77.7765399998818,-385488.269372815,884987.863699732,499499.594326917,295.143526329742,297.448190859406,293.361130371359
85400,77.8677199998815,-383519.126110356,883078.366432392,499559.240322036,294.50670883188,296.315908378096,293.05515354371
85500,77.9588999998813,-387913.181320966,887439.429530198,499526.248209232,295.961123738602,309.947784756214,286.390048790412
85600,78.050079999881,-388497.654225488,888089.071630699,499591.417405211,296.177779433283,294.433933141622,297.093528811528
85700,78.1412599998807,-365759.672246485,865364.596741836,499604.924495351,288.599165163194,296.807731394173,282.886288371571
85800,78.2324399998804,-386939.483365364,886533.410161507,499593.926796143,295.658966203604,296.474213168624,294.869085755088
85900,78.3236199998802,-387341.403294276,886870.546084772,499529.142790495,295.771401062122,300.601053484304,292.305156613115
86000,78.4147999998799,-391361.48414722,890927.022224501,499565.538077281,297.12423619293,289.000499446128,302.292457160639
86100,78.5059799998796,-373379.951532574,872981.141988448,499601.190455874,291.139283637968,288.584745503504,292.599692991246
86200,78.5971599998793,-382109.448043813,881747.368415497,499637.920371684,294.062820882274,296.344833119543,292.296427040024
86300,78.688339999879,-390556.159409746,890204.80374191,499648.644332164,296.883376268771,313.253600477314,285.722490649519
86400,78.7795199998788,-367187.71759083,866780.302091947,499592.584501117,289.07130301549,274.054902134393,298.841344183708
86500,78.8706999998785,-363558.753090305,863204.820820675,499646.06773037,287.878879713415,288.36159137359,287.317172873538
86600,78.9618799998782,-381795.380126844,881326.573219934,499531.19309309,293.92248564947,303.202127969479,287.491122031422
86700,79.0530599998779,-370896.379915528,870562.115697983,499665.735782455,290.332538168412,300.465606828187,283.335215280088
86800,79.1442399998777,-372152.633953802,871689.340828008,499536.706874206,290.708467843257,288.432909491394,291.983249687963
86900,79.2354199998774,-362902.743117277,862602.486908024,499699.743790747,287.678001303326,297.168846296133,281.111039640368
87000,79.3265999998771,-375850.392283279,875362.06329302,499511.671009741,291.933321091553,298.721638288024,287.16449852633
87100,79.4177799998768,-361633.069019052,861301.082114579,499668.013095527,287.243982696208,285.06944205992,288.454306468153
87200,79.5089599998766,-377560.938751959,877121.186510163,499560.247758204,292.519988831137,290.981465649476,293.301904294884
87300,79.6001399998763,-358319.010974035,857931.054002271,499612.043028235,286.120078039777,288.73118517867,284.140906548815
87400,79.691319999876,-365390.23942791,864973.002532112,499582.763104203,288.468568461602,293.63555073319,284.783523140158
87500,79.7824999998757,-376692.333558077,876332.881789587,499640.548231511,292.2570891411,300.040954435794,286.824298037018
87600,79.8736799998755,-388464.586787827,888095.206679265,499630.619891439,296.179825472491,303.132199990143,291.298092606163
87700,79.9648599998752,-366123.551640071,865772.038201474,499648.486561403,288.735046923953,291.865801778995,286.407264481488
87800,80.0560399998749,-385892.226326431,885435.357437116,499543.131110685,295.29276552847,305.018251079186,288.563031190052
87900,80.1472199998746,-375586.715948071,875169.844165075,499583.128217003,291.869215996356,293.174308841305,290.75592975306
88000,80.2383999998744,-380583.802220301,880124.253566441,499540.451346141,293.521511944786,293.969824619727,292.978035568205
88100,80.3295799998741,-395573.13328692,895196.597861169,499623.464574249,298.548140023735,298.870714749276,298.084300090021
88200,80.4207599998738,-376855.545721734,876430.476711671,499574.930989937,292.289637055752,300.686220930084,286.448339775318
88300,80.5119399998735,-382077.567674969,881747.225310675,499669.657635706,294.062773156803,290.233528589743,296.370550557213
88400,80.6031199998733,-376297.127569486,875838.570330351,499541.442760865,292.092236228231,290.117011335204,293.165642626727
88500,80.694299999873,-372246.913777112,871853.170507228,499606.256730116,290.763105054937,294.507236965128,288.024714527263
88600,80.7854799998727,-372120.470370757,871670.484849642,499550.014478885,290.7021793729,286.690675423087,293.134263523298
88700,80.8766599998724,-375841.765236552,875443.620305142,499601.85506859,291.960520361895,287.836190622988,294.466773087531
88800,80.9678399998722,-386913.993959926,886490.50373193,499576.509772004,295.644656905763,290.164579012294,299.051671620654
88900,81.0590199998719,-367006.635608642,866614.879565563,499608.243956921,289.016134589149,289.887204765137,288.194574359666
89000,81.1501999998716,-368831.840568818,868474.742598864,499642.902030046,289.636399065821,286.547439225367,291.454341960234
89100,81.2413799998713,-376829.246766935,876483.282217223,499654.035450288,292.307247696256,290.741841283649,293.107262598246
89200,81.3325599998711,-357601.146037563,857278.62947823,499677.483440667,285.902494406613,287.875138750088,284.349146098958
89300,81.4237399998708,-362209.85356052,861892.905833614,499683.052273095,287.441355955849,291.447622114715,284.530977386642
89400,81.5149199998705,-387201.763297734,886829.158878324,499627.395580589,295.757598425321,303.282872368582,290.494284464459
89500,81.6060999998702,-372266.335025628,871827.990086206,499561.655060578,290.754707382427,287.098373120577,292.949967967508
89600,81.6972799998699,-381731.838446348,881329.284656644,499597.446210296,293.923389913838,306.461256755064,285.319875861425
89700,81.7884599998697,-382529.092977882,882138.345232141,499609.252254259,294.193211683222,294.324109337886,293.860785570376
89800,81.8796399998694,-361678.240483756,861384.498440553,499706.257956796,287.271802047875,293.505005109857,282.876940171514
89900,81.9708199998691,-371547.922011513,871204.541241649,499656.619230136,290.546787140787,302.567231828835,282.291035026138
90000,82.0619999998688,-380786.28198063,880464.468265789,499678.186285159,293.634973575384,294.417289826979,292.868733596341
90100,82.1531799998686,-382490.580625896,882123.34233162,499632.761705724,294.188208214647,300.125398408521,289.984924578554
90200,82.2443599998683,-377502.301243399,877184.272003692,499681.970760293,292.541027848488,291.620511051309,292.910921523402
90300,82.335539999868,-379372.841833896,878981.553208326,499608.71137443,293.140421280082,296.760907385023,290.482480192389
90400,82.4267199998677,-373274.923356811,872948.432045595,499673.508688785,291.1283748693,293.760827343493,289.130799574113
90500,82.5178999998675,-371713.806320483,871264.985741915,499551.179421432,290.566945386665,294.632251314494,287.614602313623
90600,82.6090799998672,-356119.117837038,855906.540082614,499787.422245577,285.444902478778,286.489037158903,284.510941939962
90700,82.7002599998669,-363257.004497253,862924.422386664,499667.417889411,287.785366812294,283.829731184615,290.182636091737
90800,82.7914399998666,-350067.765834333,849846.480842564,499778.715008231,283.423872216963,284.100838991053,282.736374474057
90900,82.8826199998664,-364635.574336061,864237.389610325,499601.815274265,288.223241490854,284.965279856332,290.155029879294
91000,82.9737999998661,-393865.55885906,893418.862390649,499553.303531589,297.955265096098,297.903753528035,297.741310087225
91100,83.0649799998658,-369974.057809299,869583.471463555,499609.413654256,290.006160234636,295.01147961297,286.427608848885
91200,83.1561599998655,-376922.456823915,876509.489078166,499587.032254252,292.315987686565,294.578729085073,290.563896764487
91300,83.2473399998653,-383704.997260481,883315.183719359,499610.186458878,294.585687416828,287.898336716461,298.798433144224
91400,83.338519999865,-369061.306929261,868687.188779948,499625.881850687,289.707249884925,297.126057082699,284.519955711505
91500,83.4296999998647,-384899.314828308,884517.015399055,499617.700570747,294.986498382209,301.343135782505,290.50291803336
91600,83.5208799998644,-371051.097849961,870709.750146701,499658.65229674,290.381774269368,285.310979410169,293.52031936361
91700,83.6120599998642,-399648.918731218,899176.69745508,499527.778723862,299.875503570145,308.744658389261,293.71283743776
91800,83.7032399998639,-379484.152812983,879074.936610947,499590.783797963,293.171564652642,297.107101414381,290.303563840938
91900,83.7944199998636,-384178.058519808,883683.256007701,499505.197487893,294.708439555678,292.573510153756,295.886135457331
92000,83.8855999998633,-381792.935421254,881479.688155424,499686.75273417,293.973549493221,287.831027098422,297.823586465177
92100,83.9767799998631,-392933.139686563,892568.631801266,499635.492114704,297.671713123651,311.257331937946,288.366574153184
92200,84.0679599998628,-369194.876240471,868834.291526306,499639.415285836,289.7563086631,296.242056513655,285.191013172178
92300,84.1591399998625,-373434.922208963,873026.982093944,499592.059884981,291.154571316973,294.950383697438,288.381400920565
92400,84.2503199998622,-366835.713806926,866424.988900935,499589.275094009,288.952806036663,291.399162939547,287.081107429711
92500,84.341499999862,-367627.851558772,867235.666899406,499607.815340634,289.223167216744,279.88907668673,295.204874930739
92600,84.4326799998617,-392699.383627301,892304.324609845,499604.940982544,297.583566653275,299.878053186342,295.805922659019
92700,84.5238599998614,-389025.663460503,888626.496418455,499600.832957952,296.357010644808,294.556794055179,297.310190862357
92800,84.6150399998611,-386624.877874777,886185.974472274,499561.096597497,295.543096372278,297.117898315241,294.246942496658
92900,84.7062199998608,-360200.243116744,859772.321730615,499572.07861387,286.734140980695,283.769622485631,288.471541526588
93000,84.7973999998606,-380235.659771701,879825.735539795,499590.075768094,293.421956158011,281.70237425469,300.990492463426
93100,84.8885799998603,-385534.537409333,885113.16396961,499578.626560277,295.185313980193,307.65272726356,286.627717362965
93200,84.97975999986,-392246.418871009,891832.035098949,499585.61622794,297.426058062014,290.028012290558,302.110233527933
93300,85.0709399998597,-389096.80974929,888657.784097094,499560.974347804,296.367445088242,304.575792834933,290.648240386208
93400,85.1621199998595,-377629.183944914,877176.00097488,499546.817029966,292.53826945969,294.958965608023,290.680690136251
93500,85.2532999998592,-377114.63565831,876670.883618547,499556.247960237,292.369812779238,280.713979248114,299.896726956006
93600,85.3444799998589,-379753.288220598,879357.870799114,499604.582578516,293.265923227985,290.555374396786,294.82856751276
93700,85.4356599998586,-377800.019199984,877391.938720573,499591.919520589,292.610284715882,296.334358532929,289.883726933921
93800,85.5268399998584,-384086.074799039,883739.225673557,499653.150874518,294.727105443908,294.871331564782,294.385348775455
93900,85.6180199998581,-371378.083450781,871018.07566834,499639.992217559,290.484600856542,288.506715083448,291.561120871224
94000,85.7091999998578,-368137.887366004,867744.20999593,499606.322629926,289.392766381834,286.388843632576,291.154220909355
94100,85.8003799998575,-402888.697590844,902427.611752885,499538.914162042,300.959683759508,301.788589277037,300.15628034469
94200,85.8915599998573,-384237.367662143,883777.405484753,499540.03782261,294.739838414125,295.913616750481,293.711702991209
94300,85.982739999857,-366156.666371233,865755.711671294,499599.045300061,288.729602024777,294.225011200346,284.825387906043
94400,86.0739199998567,-372756.323583853,872426.035224144,499669.711640291,290.954155485791,286.079826819221,293.961246133931
94500,86.1650999998564,-378564.743432145,878202.152077978,499637.408645832,292.880490938128,299.070841836755,288.509523263263
94600,86.2562799998562,-378037.0937465,877590.893978609,499553.800232109,292.676636311025,292.685198967137,292.427030676691
94700,86.3474599998559,-379622.61114982,879211.314427369,499588.703277549,293.217046665789,292.332740994925,293.56223624081
94800,86.4386399998556,-386770.211105574,886309.598960054,499539.38785448,295.584325149259,299.895165456986,292.464111339816
94900,86.5298199998553,-356012.001456619,855620.295722912,499608.294266294,285.349439960951,279.970680264107,288.697488558879
95000,86.6209999998551,-385448.144878992,885031.929966028,499583.785087036,295.158222433226,287.690112590003,299.890997143348
95100,86.7121799998548,-376037.415398278,875635.23003072,499597.814632442,292.024422221351,303.817663194812,283.918907887191
95200,86.8033599998545,-364222.223326802,863873.464489642,499651.24116284,288.101872432764,293.793110467133,284.06762884949
95300,86.8945399998542,-361878.23556495,861522.067487658,499643.831922708,287.317681336554,279.743976780238,292.127386306318
95400,86.985719999854,-386593.730759292,886228.99668897,499635.265929678,295.557444285133,299.360770440676,292.775595644532
95500,87.0768999998537,-382605.767570982,882143.448331857,499537.680760875,294.194913567403,299.917150027189,290.134926832905
95600,87.1680799998534,-375220.082332956,874820.666224074,499600.583891118,291.75276512392,293.675742100171,290.227653168817
95700,87.2592599998531,-374796.968214024,874358.030716899,499561.062502875,291.598476143705,298.962050187501,286.446428051055
95800,87.3504399998529,-387182.414948805,886841.095265869,499658.680317064,295.761579211562,288.804495679249,300.153166917094
95900,87.4416199998526,-379563.040047182,879215.213185107,499652.173137925,293.21834690182,295.7567473881,291.281731288549
96000,87.5327999998523,-385494.328219164,885092.594311113,499598.266091949,295.17845399737,298.308498245552,292.845775786917
96100,87.623979999852,-381213.317821351,880775.926056894,499562.608235543,293.738844774685,282.35317145526,301.084511283657
96200,87.7151599998517,-382811.624380204,882371.889559525,499560.265179321,294.271098735876,298.857448243504,290.968306481844
96300,87.8063399998515,-370923.110680044,870519.10737021,499595.996690166,290.318194887514,289.900567917403,290.354681038516
96400,87.8975199998512,-397807.744388492,897365.509749711,499557.765361218,299.271472319397,308.194481421398,293.073406691129
96500,87.9886999998509,-374997.440185802,874592.920329544,499595.480143742,291.676811849106,293.391663982245,290.290513083806
96600,88.0798799998506,-382843.687512663,882493.213410215,499649.525897552,294.311560250197,294.066818794922,294.229461586839
96700,88.1710599998504,-377863.323004401,877549.861973858,499686.538969458,292.66295213402,290.348529547119,293.962014731842
96800,88.2622399998501,-361077.611685691,860701.450614313,499623.838928621,287.044005540875,289.917968304726,284.888827027024
96900,88.3534199998498,-375365.753055283,874938.24123501,499572.488179727,291.79197639987,291.32981411619,291.856924608656
97000,88.4445999998495,-374909.721189621,874409.333802433,499499.612612812,291.615585727008,290.477951515367,292.130995546662
97100,88.5357799998493,-369918.263010489,869598.068964803,499679.805954314,290.011028502519,284.179467310408,293.657060106841
97200,88.626959999849,-374966.686296291,874630.98629596,499664.299999669,291.689506852079,287.602281388747,294.171249238591
97300,88.7181399998487,-357847.165003171,857554.331215064,499707.166211893,285.994440958834,298.129056192397,277.666368768993
97400,88.8093199998484,-379354.033090963,878911.284729326,499557.251638362,293.116986736477,295.015416617869,291.607102659936
97500,88.9004999998482,-372614.745364038,872200.569120376,499585.823756338,290.878962521386,290.849058652852,290.656499298308
97600,88.9916799998479,-370399.777027144,869952.297620222,499552.520593078,290.129163788635,299.227122105774,283.822083940719
97700,89.0828599998476,-372770.850717237,872402.015407673,499631.164690436,290.946144874995,294.553890177568,288.298526219217
97800,89.1740399998473,-390382.529285912,889948.364303158,499565.835017246,296.797853694567,295.79102205303,297.221743244179
97900,89.2652199998471,-369434.071583894,869057.483904561,499623.412320666,289.830743339857,294.862313928206,286.234837328175
98000,89.3563999998468,-373970.300831818,873658.357993367,499688.057161549,291.365135232072,284.708849724452,295.559854624458
98100,89.4475799998465,-368617.182522313,868266.566432156,499649.383909843,289.566972296867,284.129959990516,292.950341357521
98200,89.5387599998462,-356619.397046018,856295.428496724,499676.031450706,285.574596797307,291.134955253378,281.62971232926
98300,89.629939999846,-371578.890928308,871110.109494534,499531.218566226,290.515294145251,289.057874573857,291.244811114393
98400,89.7211199998457,-363314.45914928,862919.374436617,499604.915287336,287.783683320533,281.159430354927,291.96003222817
98500,89.8122999998454,-375606.155367917,875256.414755571,499650.259387655,291.898087295505,287.998759940648,294.254390459331
98600,89.9034799998451,-359374.049000848,859066.446982185,499692.397981337,286.498731693242,293.15357266425,281.823422102824
98700,89.9946599998449,-373902.333879396,873592.529692666,499690.195813271,291.3431814883,286.841743102171,294.101354427812
98800,90.0858399998446,-389283.09988456,888826.077147468,499542.977262908,296.423570834573,311.364406729968,286.215993928613
98900,90.1770199998443,-369696.472798278,869325.593026698,499629.12022842,289.920157754443,275.704231465207,299.155841815805
99000,90.268199999844,-375708.811440935,875323.917090665,499615.105649729,291.920599329886,293.695585286554,290.494008192666
99100,90.3593799998438,-368921.957168636,868603.846996811,499681.889828176,289.6794553933,278.107634585381,297.152603052419
99200,90.4505599998435,-376804.821821607,876398.534511213,499593.712689606,292.278984329236,290.933080293748,292.932687865953
99300,90.5417399998432,-371050.549965592,870702.325552166,499651.775586574,290.379298166472,287.801701891918,291.855712934369
99400,90.6329199998429,-368078.820111119,867740.287572249,499661.46746113,289.39145825321,290.622247230795,288.32977271961
99500,90.7240999998427,-368091.663291073,867792.446196329,499700.782905256,289.408853158689,288.647991700628,289.67492008643
99600,90.8152799998424,-375523.46620049,875174.999072362,499651.532871871,291.870935158366,295.257061821483,289.370291603656
99700,90.9064599998421,-373767.433116468,873372.779147406,499605.346030938,291.269894663133,293.504503704975,289.537430389687
99800,90.9976399998418,-357844.705613315,857466.395860054,499621.690246738,285.965114510607,293.112908108359,280.961614516679
99900,91.0888199998415,-394211.67485116,893801.45195085,499589.77709969,298.082858746323,289.936007710378,303.265690387998
100000,91.1799999998413,-362663.605235899,862366.497678322,499702.892442423,287.599298875545,283.134899147298,290.335899278647
100100,91.271179999841,-396626.237261927,896165.730140795,499539.492878868,298.871345719792,305.604005157446,294.133846639922
100200,91.3623599998407,-381277.688928843,880918.026862761,499640.337933918,293.78623540529,293.638024793211,293.640220617172
100300,91.4535399998404,-382271.868441916,881834.776406753,499562.907964837,294.091971454645,295.923793750997,292.625679947531
100400,91.5447199998402,-365270.300414984,865017.705448017,499747.405033034,288.483476887783,291.485852786253,286.241490058063
100500,91.6358999998399,-378656.448932745,878249.946332138,499593.497399393,292.896430325876,302.406725426195,286.312153233725
100600,91.7270799998396,-381630.295214383,881246.516273052,499616.22105867,293.89578665101,302.872983612368,287.666075521228
100700,91.8182599998393,-391303.933999315,890802.015835192,499498.081835877,297.082546551673,284.94732577729,304.925124945802
100800,91.9094399998391,-389406.82800003,888948.198422095,499541.370422066,296.464298289843,302.921119496539,291.912697236804
100900,92.0006199998388,-376193.68144543,875753.94589839,499560.26445296,292.064013973117,288.830895680805,293.976039489678
101000,92.0917999998385,-384432.003445612,883989.543769817,499557.540324205,294.81058654988,295.248305267947,294.273098582378
101100,92.1829799998382,-377804.002611966,877383.85702008,499579.854408115,292.607589468094,295.687775289833,290.31029259571
101200,92.274159999838,-367772.079159788,867317.839283296,499545.760123508,289.250571713622,292.497690035409,286.844784022669
101300,92.3653399998377,-366834.372871115,866377.833219753,499543.460348638,288.937079613057,280.92464277249,294.037923273759
101400,92.4565199998374,-389629.865553048,889167.408060672,499537.542507624,296.537404722585,306.990623410187,289.321477760248
101500,92.5476999998371,-376724.456886683,876293.235419088,499568.778532405,292.243867073233,300.596059710524,286.432202092478
101600,92.6388799998369,-379676.797637867,879243.373414276,499566.575776409,293.227738340596,286.927637252363,297.183449284133
101700,92.7300599998366,-374991.554191284,874629.886996668,499638.332805384,291.689140235674,290.02013294628,292.558737478406
101800,92.8212399998363,-365206.728303343,864816.922310403,499610.19400706,288.416515694648,287.422476014117,288.838861718591
101900,92.912419999836,-376086.298003142,875728.250580427,499641.952577285,292.055444582434,297.116267378733,288.43818318108
102000,93.0035999998358,-386254.481789513,885798.015460449,499543.533670937,295.413712009488,300.246021240207,291.945994429001
102100,93.0947799998355,-390932.373687826,890475.968079233,499543.594391407,296.973809597877,298.139737368604,295.949046242727
102200,93.1859599998352,-397802.149946274,897358.70491199,499556.554965716,299.269202905449,301.041381358555,297.838359600958
102300,93.2771399998349,-378620.110521991,878253.76729967,499633.656777679,292.897704618866,290.51110065562,294.244692507182
102400,93.3683199998347,-379912.737309346,879583.487048813,499670.749739466,293.341166266071,308.653832287581,282.888271279843
102500,93.4594999998344,-386661.599057302,886265.729945555,499604.130888253,295.569694829266,297.128482576709,294.284194918614
102600,93.5506799998341,-378775.571710652,878386.569079733,499610.997369081,292.941994023589,295.075988599253,291.275212644794
102700,93.6418599998338,-388750.145395113,888305.40741194,499555.262016827,296.249927434364,308.753800167703,287.667137339275
102800,93.7330399998336,-371347.520009126,870978.264496504,499630.744487377,290.471323827415,282.220780272396,295.729626760904
102900,93.8242199998333,-378857.680835732,878443.657573586,499585.976737854,292.961033041049,289.836887978528,294.799662221862
103000,93.915399999833,-370493.125674419,870135.216326515,499642.090652097,290.190167192435,295.055328858051,286.704900942696
103100,94.0065799998327,-365714.359367804,865353.656425981,499639.297058177,288.595516566944,285.201081056654,290.617977309999
103200,94.0977599998324,-381344.26258649,881008.521177138,499664.258590648,293.816415266679,299.771862861885,289.601269857153
103300,94.1889399998322,-355312.771162406,854950.375292823,499637.604130417,285.126021441662,280.780503599176,287.785428318784
103400,94.2801199998319,-378109.769807556,877658.528401058,499548.758593502,292.699192396551,292.88810905762,292.329331962174
103500,94.3712999998316,-372769.534861552,872367.499599441,499597.964737889,290.934633850072,282.781355142204,296.127707460442
103600,94.4624799998313,-386697.237984199,886264.202953832,499566.964969633,295.569185577399,289.090243573917,299.642172591739
103700,94.5536599998311,-367645.468769106,867292.044800965,499646.576031859,289.241969251614,286.204754126324,291.025744360765
103800,94.6448399998308,-375525.633934363,875169.24448556,499643.610551197,291.869016003188,296.425560995997,288.588095161315
103900,94.7360199998305,-376363.919333618,875977.832943861,499613.913610243,292.138680321448,289.639443101317,293.561389567934
104000,94.8271999998302,-367043.025930967,866651.70858871,499608.682657743,289.028417071439,290.152974715823,288.037854960957
104100,94.91837999983,-377074.63828389,876587.472926942,499512.834643052,292.341995306634,292.790102374991,291.799638931641
104200,95.0095599998297,-372678.231084912,872233.152230637,499554.921145726,290.889828991375,297.56837860105,286.195054394099
104300,95.1007399998294,-380030.563733695,879586.841383966,499556.277650271,293.342284937124,285.567794000947,298.280826990459
104400,95.1919199998291,-390079.829970558,889688.466333673,499608.636363114,296.711177700074,288.849271122501,301.705189437041
104500,95.2830999998289,-375902.421741781,875541.177403959,499638.755662178,291.993055662484,304.626509243095,283.327425729026
104600,95.3742799998286,-372672.879548693,872305.668464889,499632.788916196,290.914013161544,290.145140094706,291.184166861802
104700,95.4654599998283,-382073.321236747,881677.193079017,499603.87184227,294.039417401707,294.453905071479,293.518059440691
104800,95.556639999828,-387221.668400644,886798.194044431,499576.525643787,295.747271650636,292.887358014179,297.407424681898
104900,95.6478199998278,-359887.003184155,859491.610723108,499604.607538953,286.640523836287,283.915948217738,288.21804047879
105000,95.7389999998275,-410364.279097818,909921.512752132,499557.233654313,303.458900367561,304.509853641433,302.505382434674
105100,95.8301799998272,-375620.464205473,875283.838314638,499663.374109165,291.90723305474,303.371242702526,284.021303928669
105200,95.9213599998269,-381402.919762502,880962.826852419,499559.907089917,293.801176205576,291.518743906711,295.077963424648
105300,96.0125399998267,-364849.791216813,864505.988944153,499656.19772734,288.31281939108,284.083826248822,290.891887469759
105400,96.1037199998264,-388974.960200251,888541.125365595,499566.165165345,296.328539391561,310.183281993602,286.845103874042
105500,96.1948999998261,-381967.881446033,881585.732383797,499617.850937764,294.008915252225,284.578528741367,300.05083216342
105600,96.2860799998258,-388359.345774099,887939.218602521,499579.872828422,296.127803435892,304.57897228633,290.246917699404
105700,96.3772599998256,-380258.954450302,879894.88077258,499635.926322279,293.445016098909,307.828529948316,283.611469352555
105800,96.4684399998253,-375701.777887893,875287.089568702,499585.311680809,291.908317348241,296.463483590367,288.628282922368
105900,96.559619999825,-384260.060392974,883864.762506043,499604.702113069,294.768971988008,293.349181832867,295.469857948112
106000,96.6507999998247,-368352.215923787,867940.33445333,499588.118529543,289.458173904729,289.311314603047,289.31486496093
106100,96.7419799998245,-376971.173691078,876568.182915853,499597.009224776,292.335562086328,286.608447568405,295.910025463205
106200,96.8331599998242,-391539.498307295,891100.239029742,499560.740722446,297.18200401192,295.046461860082,298.358047109802
106300,96.9243399998239,-368734.119249782,868329.938402975,499595.819153193,289.588106854419,287.112966829073,290.99687678227
106400,97.0155199998236,-369010.684502601,868644.027255403,499633.342752802,289.692855512891,287.583497317646,290.857683596793
106500,97.1066999998233,-375882.055375393,875432.924984168,499550.869608775,291.956953471458,292.178249002415,291.566125656262
106600,97.1978799998231,-380103.883722591,879701.603969897,499597.720247307,293.3805582691,306.38442662089,284.466828902683
106700,97.2890599998228,-381892.786176294,881407.365622627,499514.579446333,293.949429922504,284.577713733437,299.952282856945
106800,97.3802399998225,-375349.587143449,875005.00465674,499655.417513292,291.814242006583,292.753512773858,290.944882960062
106900,97.4714199998222,-382927.860449433,882555.434323293,499627.57387386,294.332310929896,290.321478719574,296.760922144335
107000,97.562599999822,-373152.888004214,872794.741845644,499641.85384143,291.077119174802,290.59817744004,291.153849398665
107100,97.6537799998217,-378055.625856158,877636.662973979,499581.037117821,292.691900274797,294.34502350685,291.3459082032
107200,97.7449599998214,-374965.800357187,874571.547617549,499605.747260363,291.669684047874,293.410341459095,290.266187703686
107300,97.8361399998211,-375759.308905085,875365.977353638,499606.668448552,291.934626431095,294.707279228421,289.842912377519
107400,97.9273199998209,-374932.633886342,874569.496019397,499636.862133055,291.668999839719,289.386523585631,292.947593175911
107500,98.0184999998206,-374992.761122616,874648.295084668,499655.533962052,291.695279334557,295.357806740925,289.010514997532
107600,98.1096799998203,-386727.001266637,886348.313325318,499621.31205868,295.597236393303,297.491273053244,294.088214256347
107700,98.20085999982,-375466.580506793,875150.095180047,499683.514673253,291.862629708203,288.928660131058,293.575390568208
107800,98.2920399998198,-359385.430679341,859077.869528812,499692.438849472,286.502541113494,286.954237266239,285.962658227403
107900,98.3832199998195,-394743.583996851,894386.62670125,499643.042704399,298.278014574371,297.933639470988,298.259032964481
108000,98.4743999998192,-394658.657691612,894228.152782942,499569.49509133,298.225163509402,286.717284703567,305.648561743701
108100,98.5655799998189,-371440.054630093,871055.360507105,499615.305877011,290.497035353378,299.154715121385,284.48316797858
108200,98.6567599998187,-373267.711743753,872899.338091337,499631.626347585,291.112002031462,294.830398000726,288.390478050258
108300,98.7479399998184,-376909.673740925,876585.747949774,499676.074208849,292.341420026605,290.164832764983,293.548860350997
108400,98.8391199998181,-399046.5996941,898670.988760436,499624.389066336,299.706849678318,302.769326581491,297.415442701471
108500,98.9302999998178,-370126.795016893,869830.686353936,499703.891337043,290.088606421189,289.571165907494,290.191826258302
108600,99.0214799998176,-374456.577010658,874037.518167063,499580.941156405,291.491585181612,292.374923754818,290.659783145155
108700,99.1126599998173,-376104.816933788,875692.271578475,499587.454644687,292.043445582283,291.036615083927,292.471296376535
108800,99.203839999817,-385946.635196868,885496.626431894,499549.991235026,295.313198743336,291.673912164792,297.493295463414
108900,99.2950199998167,-363862.159578556,863450.851679948,499588.692101392,287.960931025495,279.997330288718,293.030030740826
109000,99.3861999998165,-383976.202759078,883560.232566763,499584.029807685,294.667411227868,293.609871177754,295.126881751921
109100,99.4773799998162,-382558.342700509,882252.507144309,499694.1644438,294.231284690448,298.817796255649,290.928417576406
109200,99.5685599998159,-386271.805657079,885874.505760095,499602.700103016,295.439221530797,298.129089297121,293.399777001972
109300,99.6597399998156,-366463.14566464,866107.502373688,499644.356709048,288.846924253356,303.115476073978,279.093850602729
109400,99.7509199998154,-381783.532768225,881336.995560594,499553.462792369,293.925961500948,294.198265919964,293.499486920354
109500,99.8420999998151,-387734.79030689,887297.193966945,499562.403660055,295.913688166398,293.277801492436,297.424351208901
109600,99.9332799998148,-379101.55071441,878702.844417495,499601.293703085,293.047471875102,300.334455533513,287.945276542933
109700,100.024459999815,-384418.745366593,884017.404084432,499598.65871784,294.819877967128,295.620471723225,294.040465564755
109800,100.115639999814,-372001.370775795,871626.417034935,499625.04625914,290.687482753022,288.676681419764,291.785777406233
109900,100.206819999814,-397105.325412081,896695.594992153,499590.269580072,299.048055691897,299.619264642306,298.418043011881
110000,100.297999999814,-391801.2265998,891434.772896069,499633.546296269,297.293571084232,305.983515322758,291.252530282643
110100,100.389179999813,-373872.657910204,873469.789113591,499597.131203387,291.302247494945,301.257881613699,284.422406209529
110200,100.480359999813,-383605.254106565,883187.499627234,499582.245520669,294.543104761459,298.892681742802,291.397934186595
110300,100.571539999813,-391643.59375,891194.294652625,499550.700902625,297.213371569993,292.342775450527,300.212757839996
110400,100.662719999813,-380749.429167952,880353.526338844,499604.097170892,293.597974433498,300.756239327672,288.581132858688
110500,100.753899999812,-360129.905293377,859806.281123414,499676.375830037,286.745466441025,287.241469105685,286.175843442551
110600,100.845079999812,-389290.93081898,888925.465658823,499634.534839842,296.456716911397,306.585897283453,289.456882732599
110700,100.936259999812,-377822.345985586,877421.270901017,499598.924915431,292.620067000506,295.468597659702,290.477196505208
110800,101.027439999811,-362950.364699294,862563.503813308,499613.139114014,287.665000437988,288.88303369711,286.613257431541
110900,101.118619999811,-367429.715424098,867091.361215322,499661.645791224,289.17504125907,296.291151039167,284.18998887129
111000,101.209799999811,-348562.702874034,848282.354759024,499719.65188499,282.902236037694,283.070359629238,282.554401779967
111100,101.300979999811,-383009.899985437,882664.159130625,499654.259145188,294.368570662206,298.502783168605,291.367121849055
111200,101.39215999981,-357485.58796041,857188.544085817,499702.956125407,285.872450920733,287.109519134684,284.809511735664
111300,101.48333999981,-356242.074534711,855879.376169774,499637.301635062,285.43584331158,297.869745846731,276.908711752054
111400,101.57451999981,-372924.077288648,872614.141661534,499690.064372887,291.016888998344,284.863255766723,294.876797078595
111500,101.66569999981,-392862.155293722,892460.646007438,499598.490713716,297.635699852406,298.541335361039,296.783913096773
111600,101.756879999809,-379065.096359521,878671.922564636,499606.826205115,293.037159434596,289.272062600603,295.303026357729
111700,101.848059999809,-384922.046302509,884592.034523068,499669.988220559,295.011517266323,305.332278981815,287.885166524938
111800,101.939239999809,-376251.964464557,875943.816396663,499691.851932105,292.127335800121,298.666243378033,287.524624635012
111900,102.030419999808,-375144.720562828,874874.324170198,499729.60360737,291.770660053426,297.242007278501,287.879953019998
112000,102.121599999808,-363594.123077858,863295.782933534,499701.659855677,287.909215585638,295.945644590207,282.311671902935
112100,102.212779999808,-377927.91422163,877554.477252775,499626.563031145,292.664491329923,295.963002571784,290.221596759243
112200,102.303959999808,-368213.2405484,867859.084983501,499645.844435101,289.431077199767,286.828660534929,290.92482907866
112300,102.395139999807,-363438.460595738,863106.649338668,499668.18874293,287.846139515981,278.554579056765,293.800641372527
112400,102.486319999807,-372379.628217782,872036.855927844,499657.227710063,290.824364158027,294.644898660597,288.034987519516
112500,102.577499999807,-366477.116186541,866227.203877455,499750.087690913,288.886844714842,283.935103373513,291.947266571799
112600,102.668679999807,-390310.009606729,889914.773711267,499604.764104538,296.78665122937,302.817806761508,292.518558665253
112700,102.759859999806,-369587.689212456,869279.778944404,499692.089731949,289.904878754179,301.497143019402,281.9351151784
112800,102.851039999806,-373246.039845932,872867.921190991,499621.881345059,291.101524492577,284.238793711772,295.434093742703
112900,102.942219999806,-386956.851417964,886560.640625822,499603.789207858,295.668047565723,302.912364232292,290.592113081707
113000,103.033399999805,-396361.075134848,895935.495505402,499574.420370554,298.794562449692,299.146882012496,298.310687272448
113100,103.124579999805,-390066.729207828,889610.983022579,499544.253814752,296.685337009365,292.25436587552,299.392079984418
113200,103.215759999805,-367926.434661943,867582.999259925,499656.564597982,289.339002587936,298.26264506816,283.14879176563
113300,103.306939999805,-375750.421376975,875351.000405827,499600.579028851,291.929631617751,304.298558720446,283.44040552294
113400,103.398119999804,-386081.592473359,885661.539154117,499579.946680758,295.368197149947,308.903348941709,286.098622457815
113500,103.489299999804,-396681.720573639,896142.361425813,499460.640852174,298.863552251397,294.586210022133,301.466060777363
113600,103.580479999804,-382359.869414077,881919.797966381,499559.928552304,294.12032615187,306.061855902545,285.914206046293
113700,103.671659999803,-393453.906799754,893002.755357268,499548.848557514,297.816493365772,318.086765403345,284.054798262918
113800,103.762839999803,-398836.57326574,898454.584816675,499618.011550935,299.634678945031,306.21874808869,294.995603950136
113900,103.854019999803,-397822.407272185,897354.025097516,499531.617825331,299.267642186932,303.089815698068,296.470136811019
114000,103.945199999803,-374611.595168788,874187.805272376,499576.210103587,291.541705943764,294.100721729634,289.59274399823
114100,104.036379999802,-382580.978018414,882168.593822893,499587.615804479,294.20329959076,293.654680697481,294.323876103287
114200,104.127559999802,-380077.235309441,879651.828303472,499574.592994031,293.363958080197,295.169041787676,291.916098976812
114300,104.218739999802,-388920.996655245,888481.567094489,499560.570439244,296.308676703181,305.758445100454,289.761907207746
114400,104.309919999802,-386149.089319349,885754.142087742,499605.052768394,295.399080236032,279.897841651822,305.487073391976
114500,104.401099999801,-385566.781079216,885118.810340802,499552.029261586,295.187197045457,297.494157465103,293.403234101489
114600,104.492279999801,-371817.759791041,871487.084096345,499669.324305304,290.641015206385,301.494271653876,283.163310062052
114700,104.583459999801,-384178.520386203,883719.195219515,499540.674833312,294.720425285815,298.30737122251,292.08352764028
114800,104.6746399998,-371636.394675063,871271.94996772,499635.555292657,290.569267956552,287.722048227519,292.225273385943
114900,104.7658199998,-380999.674554066,880519.418757661,499519.744203595,293.653299569005,289.583631591924,296.121700470751
115000,104.8569999998,-361887.773995739,861557.912769668,499670.138773929,287.329635741093,296.801149147317,280.775852107161
115100,104.9481799998,-376651.246375934,876261.464778692,499610.218402757,292.233271562012,287.661779770105,295.037405030315
115200,105.039359999799,-369382.493650224,869092.926975305,499710.433325082,289.842563606905,292.907121393095,287.557989613107
115300,105.130539999799,-378695.826598102,878305.644004648,499609.817406546,292.915005504301,279.611059345338,301.54020710569
115400,105.221719999799,-381423.015745542,880955.152033057,499532.136287516,293.798616652679,282.498444323644,301.087232691492
115500,105.312899999799,-385781.595956145,885313.47621572,499531.880259575,295.252118130972,288.921158595842,299.226714389283
115600,105.404079999798,-379497.408560786,879071.731450533,499574.322889747,293.170495731377,297.143612050677,290.277442772067
115700,105.495259999798,-340431.923607004,840122.941737334,499691.01813033,280.181071114669,273.552535629477,284.366610545534
115800,105.586439999798,-363732.428538089,863385.608021193,499653.179483104,287.939172259861,289.170918242532,286.878058961196
115900,105.677619999797,-361326.756794985,861001.779635727,499675.022840742,287.144165294556,290.681216800324,284.546844152966
116000,105.768799999797,-383245.512913204,882861.48279387,499615.969880666,294.43437812035,296.330942421885,292.924639937561
116100,105.859979999797,-370105.577642446,869677.58209074,499572.004448295,290.037546136648,281.324722910881,295.604396998712
116200,105.951159999797,-375370.342676242,874956.14933115,499585.806654908,291.797948751426,287.246790148307,294.588889529545
116300,106.042339999796,-386520.048907739,886123.998736234,499603.949828495,295.522427459141,290.40026742001,298.690932129011
116400,106.133519999796,-365317.325011244,864994.428330187,499677.103318942,288.475713967046,284.353049554839,290.98376048021
116500,106.224699999796,-355075.830460432,854762.600689773,499686.770229341,285.063398595889,275.775299998428,291.017911495366
116600,106.315879999795,-362206.534684386,861803.276148319,499596.741463933,287.411464448331,283.543961408912,289.750290254236
116700,106.407059999795,-380412.168092658,880021.990466142,499609.822373484,293.48740719231,289.69006283884,295.774397255296
116800,106.498239999795,-387732.796232935,887268.792275071,499535.996042136,295.90421619979,295.161948245662,296.15247465571
116900,106.589419999795,-374198.522712133,873798.44666646,499599.923954327,291.411854816228,293.006346134716,290.106017391555
117000,106.680599999794,-390712.568236295,890304.940595537,499592.372359241,296.916771917804,300.253351977416,294.444954568132
117100,106.771779999794,-383583.643369488,883223.008307991,499639.364938504,294.554946909452,290.687039896855,296.888089128758
117200,106.862959999794,-367525.91499769,867131.871901999,499605.956904309,289.188551576455,292.716429960284,286.595642194254
117300,106.954139999794,-377787.489523081,877406.806867634,499619.317344553,292.615243244167,281.58336850575,299.725980367075
117400,107.045319999793,-374182.106011515,873773.294388713,499591.188377197,291.403466529502,294.431009232603,289.142268505326
117500,107.136499999793,-402649.522619363,902153.316684731,499503.794065368,300.868206331409,301.499621545776,300.196539349889
117600,107.227679999793,-377595.397039268,877207.340216748,499611.94317748,292.548721099466,289.457772745185,294.365562734737
117700,107.318859999792,-381545.708195481,881153.65827664,499607.950081158,293.864818501464,292.482095338741,294.541746594529
117800,107.410039999792,-352696.903887671,852417.98251282,499721.078625149,284.281468238392,281.363638605811,285.989786769914
117900,107.501219999792,-393890.836679366,893535.498912247,499644.662232882,297.994163385775,307.249484802633,291.575620638381
118000,107.592399999792,-370989.330028836,870649.945219467,499660.615190631,290.36182932115,291.23946723669,289.534769186356
118100,107.683579999791,-364491.511871796,864089.993323131,499598.481451335,288.174084816785,281.466965722719,292.405352475482
118200,107.774759999791,-377439.588832432,877007.205901627,499567.617069195,292.481976288687,282.410965905325,298.952248230686
118300,107.865939999791,-383873.323818893,883425.678882151,499552.355063257,294.622537562832,297.978636948622,292.139619191003
118400,107.957119999791,-386388.559651146,885915.974067202,499527.414416056,295.453051214675,303.388650868606,289.916440569375
118500,108.04829999979,-375260.017499849,874902.397211203,499642.379711354,291.780022414942,285.009253499744,296.050718339728
118600,108.13947999979,-381625.459461094,881244.381778683,499618.922317589,293.89507479696,300.085724988034,289.523062107246
118700,108.23065999979,-377199.10155055,876868.612743959,499669.51119341,292.435755459049,285.098538278165,297.083537116756
118800,108.321839999789,-370128.396880294,869755.156412624,499626.75953233,290.063417179465,281.015938907425,295.853349846507
118900,108.413019999789,-385151.230248074,884705.511687959,499554.281439885,295.049361910275,286.626300876747,300.418861464369
119000,108.504199999789,-387534.178504658,887073.80886497,499539.630360311,295.839189216265,298.387057786244,293.894077511931
119100,108.595379999789,-388637.482292675,888223.135196496,499585.652903821,296.222489643654,303.81791862857,290.912018245675
119200,108.686559999788,-375391.875237802,875073.23737391,499681.362136108,291.836997623448,298.258278626645,287.312946123298
119300,108.777739999788,-385009.541161344,884647.05613749,499637.514976146,295.02986697932,294.330411218289,295.250312597524
119400,108.868919999788,-378480.031741613,878154.50740028,499674.475658667,292.864601434144,305.831149661988,283.976182114387
119500,108.960099999788,-386770.279535139,886365.108640744,499594.829105605,295.602837632398,301.905689926714,291.154600404827
119600,109.051279999787,-378532.782366538,878198.575021454,499665.792654916,292.879297989479,294.679637953709,291.435005265002
119700,109.142459999787,-375062.330144792,874710.359910034,499648.029765241,291.715977958991,286.979755421542,294.630363002325
119800,109.233639999787,-377129.963519017,876740.958487453,499610.994968437,292.393182753861,295.288341491552,290.219415943106
119900,109.324819999786,-378484.929567806,878109.247616015,499624.318048209,292.849507292318,301.017255911004,287.16030029045
120000,109.415999999786,-381372.43451016,880980.106702835,499607.672192675,293.80693903713,285.839851718046,298.873491467322
120100,109.507179999786,-357621.273334916,857327.812063513,499706.538728597,285.918896802906,298.682029190368,277.171876130595
120200,109.598359999786,-364995.424613423,864648.34028536,499652.915671937,288.360293575241,281.955342878103,292.38996046202
120300,109.689539999785,-374597.001288493,874251.222453563,499654.22116507,291.562855578977,308.089203815947,280.302321041347
120400,109.780719999785,-367793.392455201,867417.27507949,499623.882624288,289.283733559943,293.473142190134,286.249724695182
120500,109.871899999785,-384552.720346307,884159.55169792,499606.831351613,294.867284208077,294.215399533444,295.056151254326
120600,109.963079999784,-386991.511641444,886592.042565102,499600.530923657,295.678520115091,296.773397872954,294.702202843086
120700,110.054259999784,-364550.957264499,864205.11659488,499654.159330381,288.212478437512,295.858454649197,282.874983897691
120800,110.145439999784,-365584.573128083,865145.776050054,499561.202921971,288.52618844424,294.700220940306,284.169728289826
120900,110.236619999784,-362104.186324757,861796.148789625,499691.962464868,287.409087473612,285.780804209341,288.255102076898
121000,110.327799999783,-381201.76407377,880794.822824191,499593.058750422,293.745146848155,297.415028789869,291.053771264638
121100,110.418979999783,-374194.816216648,873900.608320568,499705.79210392,291.445925736391,292.507651717767,290.495236810692
121200,110.510159999783,-377274.494166695,876857.299110287,499582.804943592,292.431982361276,292.666170405187,292.032163680034
121300,110.601339999783,-368645.390769532,868297.007461381,499651.616691848,289.577124382652,297.351784966054,284.15270305673
121400,110.692519999782,-390648.522549296,890235.35414738,499586.831598083,296.893564831542,308.215141950292,289.09843544835
121500,110.783699999782,-388467.633521176,888085.239985557,499617.60646438,296.176501579309,309.175103843874,287.26395298495
121600,110.874879999782,-367019.243358719,866702.794434451,499683.551075733,289.045454205253,291.595859534345,287.104312774022
121700,110.966059999781,-375753.493200414,875359.458053807,499605.964853393,291.932452244058,296.853084250537,288.408753862868
121800,111.057239999781,-371937.46648052,871644.836847007,499707.370366487,290.693625761883,304.015948943822,281.569832285789
121900,111.148419999781,-375971.542284983,875550.629255673,499579.086970691,291.996207855819,280.511620708695,299.409269114022
122000,111.239599999781,-364823.211706923,864526.570431521,499703.358724598,288.319683318833,282.036065917008,292.268495183951
122100,111.33077999978,-368810.397989512,868437.744359991,499627.346370478,289.624060150072,283.237243079945,293.640584813363
122200,111.42195999978,-370722.045671103,870372.051786312,499650.006115208,290.269151838023,287.396348827212,291.942462885366
122300,111.51313999978,-364359.847472376,864001.674500393,499641.827028017,288.144630482039,288.046042073725,287.97023556218
122400,111.60431999978,-377791.329102722,877428.422814416,499637.093711695,292.622452164221,288.071402614182,295.412633154109
122500,111.695499999779,-364969.299289743,864629.029032952,499659.729743209,288.353853270953,295.130546588019,283.595762848517
122600,111.786679999779,-382353.755759338,881995.967862875,499642.212103537,294.145728818701,299.530746732554,290.310595435451
122700,111.877859999779,-376651.851218719,876338.44140066,499686.590181941,292.258943271856,291.545462479173,292.491048014251
122800,111.969039999778,-391869.156324745,891493.327009687,499624.170684942,297.313098886005,297.843233955262,296.711914590762
122900,112.060219999778,-366038.384409669,865710.415100072,499672.030690403,288.714495614498,286.448895516782,289.984300266631
123000,112.151399999778,-371111.187755916,870742.935240182,499631.747484265,290.392841500811,297.625618582901,285.328996078166
123100,112.242579999778,-363167.829603905,862866.921979498,499699.092375593,287.76619042171,305.875649084575,275.453412821116
123200,112.333759999777,-371346.579255959,871003.111447673,499656.532191714,290.479610287701,290.733319659074,290.068404364879
123300,112.424939999777,-373396.615843012,873056.102544861,499659.486701849,291.164282989782,303.437797268887,282.739303234554
123400,112.516119999777,-380923.14142371,880572.270005862,499649.128582152,293.670925464686,289.77964883854,296.020384110897
123500,112.607299999776,-388514.111866948,888104.434277209,499590.322410261,296.182902877175,300.352412610652,293.156410635793
123600,112.698479999776,-368632.7276745,868253.152412256,499620.424737756,289.562498720112,280.722263019077,295.214687105203
123700,112.789659999776,-379589.94670213,879159.094394898,499569.147692768,293.199631280606,306.714758072454,283.945213726641
123800,112.880839999776,-390135.92590882,889755.2390119,499619.313103079,296.73344639383,292.206818203231,299.5039206489
123900,112.972019999775,-376977.133282165,876565.402768331,499588.269486167,292.334634906897,307.984420931793,281.657832027878
124000,113.063199999775,-366020.409769969,865693.392159927,499672.982389958,288.70881846254,298.561918441543,281.899494461152
124100,113.154379999775,-375144.098617121,874753.491827317,499609.393210196,291.730362457001,294.48347776122,289.651843618807
124200,113.245559999775,-377207.062506439,876834.253087071,499627.190580632,292.424296510612,290.929606651654,293.177069502826
124300,113.336739999774,-389499.216631561,889022.624352393,499523.407720832,296.489119343803,296.565311971933,296.191249992263
124400,113.427919999774,-372082.212902791,871684.05859806,499601.845695269,290.70670621913,290.845295429762,290.372057823525
124500,113.519099999774,-390959.240929111,890425.507354495,499466.266425384,296.956980941969,292.573757514622,299.631665742749
124600,113.610279999773,-384386.897904132,884010.441860936,499623.543956803,294.817556065011,292.836359310253,295.892672604795
124700,113.701459999773,-399981.549615484,899519.825662583,499538.276047099,299.989936855956,298.490449188762,300.739603686705
124800,113.792639999773,-371651.53830132,871312.406052671,499660.867751351,290.582760064256,297.388421971381,285.803499826119
124900,113.883819999773,-376706.895295662,876288.83975807,499581.944462408,292.242401119917,292.272821846903,291.978585300993
125000,113.974999999772,-376263.259463919,875813.846537907,499550.587073988,292.08399084139,296.781175159858,288.709131303376
125100,114.066179999772,-366026.683006946,865544.099551171,499517.416544225,288.659029365073,293.910512739848,284.917491257419
125200,114.157359999772,-388254.083099809,887721.070769501,499466.987669691,296.055051115391,294.933776404797,296.555855046524
125300,114.248539999772,-388015.58886285,887565.272770458,499549.683907609,296.003092469721,288.737082568015,300.600429827133
125400,114.339719999771,-378562.789117603,878132.938851696,499570.149734093,292.857408321393,290.772588080886,294.003240641463
125500,114.430899999771,-371452.154344706,871147.794259076,499695.63991437,290.527862017367,303.400478627829,281.704011058712
125600,114.522079999771,-369651.483599948,869290.035864691,499638.552264743,289.908299437949,280.368419906333,296.026628876164
125700,114.61325999977,-374846.931671402,874452.261853506,499605.330182104,291.62990223562,295.584002563631,288.75081043175
125800,114.70443999977,-399698.273858214,899162.999133655,499464.725275441,299.870935178808,294.708414249644,303.062723352269
125900,114.79561999977,-388417.216897312,887944.208619787,499526.991722476,296.129467607066,285.725097367885,302.818939876847
126000,114.88679999977,-383202.297445642,882763.649780138,499561.352334496,294.401750802114,299.65340993627,290.655309920342
126100,114.977979999769,-371466.46995501,871118.79482214,499652.32486713,290.518190702731,283.581125039307,294.900802652761
126200,115.069159999769,-372316.7695534,871997.793834617,499681.024281216,290.811336946679,298.002293170884,285.775023349752
126300,115.160339999769,-362237.86280812,861956.509360442,499718.646552321,287.462567737349,298.012781195376,280.189539958882
126400,115.251519999768,-378429.756899671,878080.507079655,499650.750179985,292.839922321046,293.381353413362,292.234934990901
126500,115.342699999768,-362183.110909625,861749.978526578,499566.867616953,287.393689687036,300.020396677545,278.736390285291
126600,115.433879999768,-370898.384645346,870468.152153588,499569.767508242,290.301201318522,285.254372302365,293.423836328194
126700,115.525059999768,-382855.207436645,882364.94630191,499509.738865265,294.268783158883,291.529132542874,295.849992916923
126800,115.616239999767,-373312.786394577,872956.827766375,499644.041371797,291.13117484288,299.187343878328,285.517786173545
126900,115.707419999767,-377926.454846287,877509.833871696,499583.379025409,292.649602758611,284.635583424816,297.74840764551
127000,115.798599999767,-377025.222022213,876689.447787216,499664.225765003,292.376003931038,291.422492151611,292.768031780713
127100,115.889779999767,-367247.539083514,866875.353227005,499627.814143491,289.103002576957,284.436558384889,291.973046202854
127200,115.980959999766,-383348.387641749,882868.780463084,499520.392821335,294.436811893641,296.33055853441,292.928950123218
127300,116.072139999766,-377060.690342818,876659.40333074,499598.712987922,292.365984102298,303.067950637981,284.987701425091
127400,116.163319999766,-403373.345985417,902885.728746518,499512.382761101,301.11246581508,305.281094864648,298.082452727189
127500,116.254499999765,-374373.45684721,874005.661390382,499632.204543172,291.480960943933,290.148198854822,292.126568202553
127600,116.345679999765,-378967.872475654,878484.307483122,499516.435007469,292.974589789269,286.535142909421,297.023408884344
127700,116.436859999765,-364721.440536279,864363.742596593,499642.302060314,288.265380222309,281.43634926025,292.577846380162
127800,116.528039999765,-368609.483763402,868167.042273865,499557.558510463,289.533780981779,285.98027661843,291.661505739862
127900,116.619219999764,-383775.017452161,883408.957672983,499633.940220821,294.61696103818,298.020169785057,292.10264107273
128000,116.710399999764,-389605.836229882,889114.942430315,499509.106200434,296.519907430487,298.584558086357,294.896373737048
128100,116.801579999764,-371820.591726851,871423.300732588,499602.709005737,290.619743449254,295.708292794357,286.985194099645
128200,116.892759999764,-385017.288664129,884575.175524365,499557.886860236,295.005894788849,306.03380504209,287.408116374364
128300,116.983939999763,-375376.687915742,875002.818106412,499626.13019067,291.813512791867,300.397652753609,285.847574890044
128400,117.075119999763,-386771.30518482,886363.531027484,499592.225842665,295.602311498244,294.025275048249,296.407333871991
128500,117.166299999763,-380011.203242318,879628.35406443,499617.150822111,293.35612941952,303.937532296033,286.057397393993
128600,117.257479999762,-368519.908390538,868208.238911396,499688.330520858,289.547520063831,298.912816067864,283.062699794422
128700,117.348659999762,-371523.504494954,871123.43045337,499599.925958416,290.519736686133,288.945753098578,291.326959297265
128800,117.439839999762,-374353.036809156,873980.302178793,499627.265369637,291.472503644753,294.156935316043,289.439988777522
128900,117.531019999762,-380329.886413513,879877.689346354,499547.80293284,293.43928275683,289.091786884444,296.093080602788
129000,117.622199999761,-370491.855636518,870083.550217121,499591.694580603,290.172936540644,296.199060440322,285.913709827074
129100,117.713379999761,-377927.538253066,877525.487217581,499597.948964515,292.654823150769,291.872823526886,292.932277214066
129200,117.804559999761,-355333.183193861,855001.817735601,499668.634541739,285.143177500617,287.470284238667,283.354153694001
129300,117.89573999976,-358015.95282679,857665.059743936,499649.106917146,286.031368932445,300.898040555847,275.881895042733
129400,117.98691999976,-369106.144183594,868773.697491237,499667.553307643,289.736100547353,287.396466532877,291.054409806547
129500,118.07809999976,-357238.02907641,856879.207222702,499641.178146292,285.769287051093,285.642586869469,285.6156127663
129600,118.16927999976,-373251.074580063,872844.408545565,499593.333965502,291.093683023367,284.808962561388,295.0409185955
129700,118.260459999759,-366075.196112397,865683.212489086,499608.016376688,288.705423541466,279.439106843075,294.642380154109
129800,118.351639999759,-384091.619059878,883687.468847835,499595.849787958,294.709844538214,294.169127233334,294.824731204352
129900,118.442819999759,-354252.321435031,853937.728315523,499685.406880493,284.788303590303,286.80214551628,283.208418719992
130000,118.533999999759,-374689.991829417,874329.612139578,499639.620310162,291.588998545799,299.929040189936,285.785979950918
130100,118.625179999758,-364609.778604176,864278.693362934,499668.914758759,288.237016295793,288.452167597786,287.853384580884
130200,118.716359999758,-380406.911749267,880026.986288819,499620.074539552,293.489073299589,289.15618956874,296.13308822574
130300,118.807539999758,-365468.614547545,865105.188098812,499636.573551268,288.512652359117,286.487721755486,289.622178884571
130400,118.898719999757,-382986.015229233,882616.979714462,499630.964485229,294.352836322982,310.12794980907,283.590799968655
130500,118.989899999757,-363534.334270569,863210.281159123,499675.946888554,287.880700736743,288.132060229007,287.47322715795
130600,119.081079999757,-378871.089854511,878498.16396373,499627.074109219,292.979210926707,296.863505766708,290.145531690934
130700,119.172259999757,-344125.162099789,843838.582523475,499713.420423686,281.420237626638,284.826296099734,278.915015113218
130800,119.263439999756,-376644.718142507,876236.176298854,499591.458156347,292.224837851877,294.398514136961,290.532199630279
130900,119.354619999756,-381635.86743339,881238.723023893,499602.855590503,293.893187601765,285.999950517457,298.910434668302
131000,119.445799999756,-374520.828768784,874114.811667172,499593.982898388,291.517362570343,290.320516008547,292.072329142732
131100,119.536979999756,-363320.028882272,862916.20421875,499596.175336478,287.78262605261,282.352965493509,291.162580903633
131200,119.628159999755,-355312.03495316,854986.609831274,499674.574878114,285.138105663256,284.814012828931,285.116552464755
131300,119.719339999755,-371274.728525337,870884.997619531,499610.269094194,290.440219316168,299.558464416573,284.119355733133
131400,119.810519999755,-370046.935472678,869680.149472951,499633.214000273,290.03840235883,285.917197046532,292.544173898396
131500,119.901699999754,-367538.3420287,867132.816243844,499594.474215145,289.188866514539,281.32685714844,294.189215369843
131600,119.992879999754,-372640.368609062,872248.484389361,499608.115780299,290.894942267588,293.67129415148,288.80162855977
131700,120.084059999754,-387201.203742799,886770.360283025,499569.156540226,295.737989088886,296.190418466884,295.189921179313
131800,120.175239999754,-382903.946425783,882416.46166501,499512.515239227,294.285963536772,307.36296386778,285.322725013153
131900,120.266419999753,-376976.223302249,876536.225784737,499560.002482488,292.324904380436,282.739645835148,298.471472656978
132000,120.357599999753,-388254.368151121,887819.387331966,499565.019180845,296.08783969717,286.684738130191,302.109834208741
132100,120.448779999753,-382738.25835352,882347.319836965,499609.061483444,294.262904731354,299.155539106012,290.755929394306
132200,120.539959999752,-380802.550605911,880396.800493297,499594.249887386,293.612406367616,288.135628896173,297.018914343271
132300,120.631139999752,-394027.644705237,893609.209356174,499581.564650937,298.018745824971,297.924670682391,297.833113631837
132400,120.722319999752,-376797.673692313,876399.820966619,499602.147274305,292.279413362221,291.062546753371,292.847091590318
132500,120.813499999752,-385681.584238072,885171.710739526,499490.126501454,295.204839332842,298.253640772544,292.926301006931
132600,120.904679999751,-371632.970826574,871271.23819074,499638.267364166,290.569030578869,289.920098311894,290.759511231371
132700,120.995859999751,-390935.573726864,890492.388002904,499556.81427604,296.97928564379,289.451216629705,301.750515581811
132800,121.087039999751,-358107.113557703,857792.769905177,499685.656347474,286.073960281867,273.766172944362,294.040756873302
132900,121.178219999751,-386384.933332577,885931.367164843,499546.433832266,295.458184814021,303.251306481701,290.01655521489
133000,121.26939999975,-371807.069326415,871461.859884224,499654.790557809,290.632602929539,291.770334642194,289.631921285328
133100,121.36057999975,-373675.264874802,873226.448287021,499551.183412218,291.221093308995,287.866914939607,293.214527977495
133200,121.45175999975,-369810.428920561,869381.906743105,499571.477822544,289.93893838356,292.349866352411,288.090037289006
133300,121.542939999749,-376195.635163828,875790.337468278,499594.70230445,292.076150564708,290.315692884603,293.006392225975
133400,121.634119999749,-382225.644050835,881806.140905967,499580.496855132,294.082421512745,304.8703168697,286.645422590183
133500,121.725299999749,-363944.84792592,863669.865780915,499725.017854995,288.033972246428,292.669403296047,284.70365656981
133600,121.816479999749,-374254.605500728,873792.767412602,499538.161911874,291.409960784593,288.581598684434,293.052693884045
133700,121.907659999748,-378668.607400445,878303.795631258,499635.188230813,292.914389071622,299.411167526948,288.339108110511
133800,121.998839999748,-374896.024298091,874398.855150084,499502.830851993,291.612091095576,291.214925074009,291.633858367372
133900,122.090019999748,-369609.895284337,869293.160537832,499683.265253494,289.909341516702,283.703675043846,293.804861380676
134000,122.181199999748,-374403.071606389,873927.95178045,499524.880174061,291.455044782541,289.39144513987,292.587898673672
134100,122.272379999747,-375433.325893274,875096.688102117,499663.362208844,291.844818443261,289.245113363695,293.334751147602
134200,122.363559999747,-371817.681823624,871361.130943979,499543.449120355,290.599009819569,296.388610002683,286.497110522644
134300,122.454739999747,-368640.437732917,868276.470498646,499636.032765729,289.570275303867,281.424760811137,294.759309736268
134400,122.545919999746,-384701.616072838,884252.845641546,499551.229568709,294.898397746055,295.811941835628,294.043619688219
134500,122.637099999746,-376647.403535414,876250.665972398,499603.262436984,292.229670159212,297.811461558557,288.26495116785
134600,122.728279999746,-362093.410016519,861743.61048874,499650.200472222,287.391565945886,281.664826876721,290.969899020374
134700,122.819459999746,-369943.652192465,869579.907795739,499636.255603274,290.004971751122,286.396544772639,292.168918926985
134800,122.910639999745,-376911.392002782,876497.949721165,499586.557718383,292.312139310043,294.352615499297,290.708228401115
134900,123.001819999745,-360059.138772891,859623.286293063,499564.147520172,286.684437649846,277.888109140074,292.30975295832
135000,123.092999999745,-376644.707249667,876166.961329364,499522.254079696,292.201754653781,295.359540714545,289.853062484394
135100,123.184179999744,-356155.132636843,855744.129826183,499588.997189341,285.390738644717,293.600065622546,279.680028377294
135200,123.275359999744,-377465.014566303,877057.603916018,499592.589349715,292.498784030688,280.038339793842,300.561997868559
135300,123.366539999744,-375462.914330139,875123.649183984,499660.734853845,291.853809966311,287.375335577485,294.596248050556
135400,123.457719999744,-377638.471726118,877232.964760567,499594.493034449,292.557266886966,295.393821931933,290.422432467915
135500,123.548899999743,-360084.719664103,859734.303326865,499649.583662762,286.721461839875,299.431925411798,278.00888490706
135600,123.640079999743,-389099.865778289,888544.88514535,499445.019367062,296.329793278423,297.131460404245,295.548407033475
135700,123.731259999743,-377278.602753405,876855.51931993,499576.916566525,292.431388801044,283.094088746762,298.412562679897
135800,123.822439999743,-374491.173871643,873972.111987934,499480.938116291,291.469772215419,292.306463689157,290.669086422748
135900,123.913619999742,-371465.410938242,871126.313200694,499660.902262452,290.520698082606,287.67362915158,292.176643454888
136000,124.004799999742,-390322.808952089,889903.420157028,499580.611204939,296.782864818085,305.810919460927,290.516842668843
136100,124.095979999742,-364271.057079003,863916.119162888,499645.062083885,288.116097769847,287.334050319252,288.397365988769
136200,124.187159999741,-378518.828514306,878094.526750329,499575.698236023,292.844597882384,284.633922064544,298.074344596042
136300,124.278339999741,-375277.894980955,874789.967502977,499512.072522022,291.742527097874,288.97272270173,293.345944589388
136400,124.369519999741,-382541.635635166,882034.705539394,499493.069904228,294.15864783705,293.631024529206,294.265264502415
136500,124.460699999741,-379173.825134481,878692.93515949,499519.110025009,293.044167136732,297.714263499123,289.686566089191
136600,124.55187999974,-377300.899912006,876927.895715722,499626.995803716,292.455526335075,290.827657585526,293.297059229495
136700,124.64305999974,-375051.020712458,874701.652114386,499650.631401928,291.713073908416,295.719285391671,288.799172024656
136800,124.73423999974,-348097.128111697,847848.52437251,499751.396260812,282.75755356762,282.423613383256,282.744549062557
136900,124.82541999974,-382872.932492606,882394.557785834,499521.625293227,294.27865859124,305.340498486356,286.65886644567
137000,124.916599999739,-371076.092529712,870642.715370128,499566.622840416,290.359418165792,293.730538389863,287.870038501276
137100,125.007779999739,-388234.941757415,887674.905100673,499439.963343259,296.039654860988,302.411698795344,291.544925859034
137200,125.098959999739,-368540.353245728,868127.587457858,499587.23421213,289.520622797351,293.163609312221,286.850697935107
137300,125.190139999738,-376527.480184879,876133.653406663,499606.173221783,292.190646458784,294.44485913127,290.444345805077
137400,125.281319999738,-354665.578579286,854407.967420759,499742.388841473,284.945128371105,291.431773288344,280.383244152636
137500,125.372499999738,-366156.068219068,865780.93420331,499624.865984242,288.738013741307,290.088028203221,287.59738908858
137600,125.463679999738,-364861.629076336,864488.324072258,499626.694995923,288.30692815483,280.635169940581,293.181177857535
137700,125.554859999737,-361309.911876401,860846.996858429,499537.084982027,287.092545225422,285.511406859745,287.907393681519
137800,125.646039999737,-376579.588584657,876150.069584042,499570.480999385,292.196121255308,280.165197785127,299.973240134383
137900,125.737219999737,-364362.325017131,863977.1180251,499614.793007969,288.136440895481,295.415613067831,283.043545746501
138000,125.828399999736,-371651.770884659,871327.18839225,499675.417507591,290.587689975738,287.900668052987,292.136881515926
138100,125.919579999736,-351782.192393276,851581.88497707,499799.692583794,284.00262964051,281.398288283328,285.502188353931
138200,126.010759999736,-365681.842237039,865346.043585861,499664.201348822,288.592977684129,289.777814143987,287.562592562821
138300,126.101939999736,-364813.291117972,864454.205306006,499640.914188034,288.29554954344,290.306161141644,286.714895520018
138400,126.193119999735,-382534.250122733,882035.90600585,499501.655883117,294.159048192713,295.329511946063,293.133606483653
138500,126.284299999735,-372525.444889373,872088.740479182,499563.29558981,290.841667660224,282.915341295026,295.883517180639
138600,126.375479999735,-358289.804129963,857936.506369511,499646.702239548,286.121896404706,293.009186232842,281.291934938946
138700,126.466659999735,-363907.783456704,863600.778397107,499692.994940403,288.010931598168,287.295269969257,288.248030241111
138800,126.557839999734,-365897.256341658,865618.476859255,499721.220517598,288.68383420352,297.210566185154,282.758776353928
138900,126.649019999734,-364726.944795092,864357.160760784,499630.215965692,288.263185179518,284.448242072347,290.566261263316
139000,126.740199999734,-360055.827820994,859653.230414036,499597.402593042,286.694424016687,294.434581318961,281.29540712849
139100,126.831379999733,-356724.165018718,856261.979961472,499537.814942754,285.563441708011,284.716091326405,285.89037242766
139200,126.922559999733,-358615.960972738,858270.963444789,499655.002472051,286.233437867197,287.345761402917,285.253360978494
139300,127.013739999733,-364093.046989021,863705.555587834,499612.508598813,288.045874800011,292.678543374932,284.717390854398
139400,127.104919999733,-360316.473529558,860065.936894956,499749.463365398,286.832061662483,291.105580440574,283.744022425703
139500,127.196099999732,-367950.084557133,867589.094321458,499639.009764325,289.341035291465,295.716887188232,284.849349830879
139600,127.287279999732,-367467.912559242,867119.420320393,499651.507761152,289.184398972951,287.289844577369,290.20644823753
139700,127.378459999732,-377863.839916928,877415.663454317,499551.823537389,292.618196916564,294.932784518616,290.831290017765
139800,127.469639999732,-352698.058954484,852294.455627362,499596.396672878,284.240272011793,285.621012664157,283.082911350207
139900,127.560819999731,-370130.45049647,869759.84573976,499629.39524329,290.064981070455,287.714967123979,291.389936217215
140000,127.651999999731,-354924.403761665,854594.466757189,499670.062995524,285.007325915354,279.700017475865,288.308025436751
140100,127.743179999731,-366189.857488778,865880.943972372,499691.086483593,288.771367007628,282.833384417385,292.48937926195
140200,127.83435999973,-363251.843296099,862892.376465687,499640.533169587,287.774679494976,280.091104472092,292.657250610654
140300,127.92553999973,-374815.17629839,874371.221007035,499556.044708645,291.602875106565,286.178958735705,294.975816957884
140400,128.01671999973,-402464.129923169,902000.383111317,499536.253188148,300.817202971925,302.436643604167,299.486894881287
140500,128.107899999731,-386780.567062291,886335.421596013,499554.854533722,295.592937000504,293.940752327618,296.448066001594
140600,128.199079999732,-383103.55451938,882687.130955275,499583.576435895,294.376231767642,289.504113753284,297.378996917408
140700,128.290259999734,-376799.620360178,876379.870374794,499580.250014615,292.272759838184,299.26860691696,287.365301152467
140800,128.381439999735,-381980.11408897,881520.267317095,499540.153228126,293.987082647022,293.705748798884,293.929649310243
140900,128.472619999736,-371202.378157795,870727.291524213,499524.913366418,290.387624320231,288.894072233319,291.141336024573
141000,128.563799999737,-381381.53611364,880942.949266617,499561.413152977,293.794547029053,280.774786113911,302.229558849958
141100,128.654979999738,-375579.318687721,875124.577678485,499545.258990764,291.854119619305,287.320929664752,294.633034489324
141200,128.746159999739,-376835.290527159,876434.051666803,499598.761139644,292.290829303586,281.717286100241,299.096282414729
141300,128.83733999974,-370981.255553831,870595.965365722,499614.709811891,290.343827035425,293.033220540857,288.308944842607
141400,128.928519999742,-357414.037852757,857065.31834895,499651.280496194,285.831355127214,289.024378914993,283.464479806088
141500,129.019699999743,-367467.772283077,867045.280034283,499577.507751206,289.159673181352,286.998415944618,290.359544944855
141600,129.110879999744,-401225.84115072,900698.497099602,499472.655948882,300.383023878473,294.707289116083,303.916527866835
141700,129.202059999745,-389417.251973475,888956.760183913,499539.508210437,296.467153638123,298.246618449995,295.033787802178
141800,129.293239999746,-382100.633195917,881649.055480735,499548.422284818,294.030033510334,291.014440712823,295.795403680749
141900,129.384419999747,-377138.068734618,876789.191166758,499651.122432141,292.409268356431,294.181854419421,290.98386992414
142000,129.475599999748,-371212.221591344,870839.141238666,499626.919647322,290.424926209327,285.833918454141,293.243577274276
142100,129.56677999975,-371452.87732183,871047.677669803,499594.800347973,290.494473126498,296.483362383194,286.259801561094
142200,129.657959999751,-380202.345518284,879732.226316452,499529.880798169,293.39077082423,290.537627895862,295.048373800787
142300,129.749139999752,-371543.48709057,871101.87449474,499558.38740417,290.512547772133,291.550351838881,289.57858460449
142400,129.840319999753,-354879.392098415,854453.349687365,499573.95758895,284.960263360802,291.891528031368,280.101953360958
142500,129.931499999754,-375668.69775606,875268.500251473,499599.802495413,291.902117809396,297.953649278004,287.624511732149
142600,130.022679999755,-356553.590366592,856240.057422922,499686.46705633,285.556130539577,278.103781943966,290.286399494535
142700,130.113859999756,-369984.159004603,869623.635140549,499639.476135946,290.019554824262,287.244038661387,291.62821597049
142800,130.205039999758,-350930.665581934,850604.539116083,499673.873534149,283.676684714385,281.221787339347,285.076885727149
142900,130.296219999759,-376737.432329343,876339.074664765,499601.642335422,292.259154465488,289.57061870428,293.807962344239
143000,130.38739999976,-376102.311699878,875695.050476604,499592.738776726,292.04437234504,287.002068942434,295.162537636491
143100,130.478579999761,-370281.952083941,869864.654112607,499582.702028666,290.099934671538,295.304057693034,286.388769378315
143200,130.569759999762,-371619.06502521,871221.890865015,499602.825839805,290.552573241626,300.211258807208,283.871322386869
143300,130.660939999763,-380941.740127768,880555.465632812,499613.725505044,293.665321204873,286.694255459518,298.06797726744
143400,130.752119999764,-382642.727844684,882252.307465564,499609.579620881,294.23121809757,297.417821320538,291.861623267177
143500,130.843299999766,-369044.988468688,868612.968896176,499567.980427487,289.682497547499,289.828067556287,289.344048793684
143600,130.934479999767,-379308.000086287,878872.023011633,499564.022925347,293.103892950353,298.202140250861,289.460808172556
143700,131.025659999768,-383913.280697272,883457.550680254,499544.269982982,294.633166810157,285.224261384696,300.660242788122
143800,131.116839999769,-385038.275248555,884560.361829092,499522.086580537,295.000954420241,300.040570294784,291.395376375195
143900,131.20801999977,-379842.326430082,879381.325600574,499538.999170492,293.273745406228,296.471936852733,290.897222987385
144000,131.299199999771,-383224.872880277,882723.613225249,499498.740344971,294.38839860772,302.825095419031,288.518610401339
144100,131.390379999773,-375365.961114085,874991.355113475,499625.39399939,291.809689882766,295.265084495687,289.262918732583
144200,131.481559999774,-387956.341246061,887469.255991356,499512.914745295,295.971070865885,290.102433110236,299.636853477263
144300,131.572739999775,-361099.542359257,860751.263380909,499651.721021652,287.060618102688,292.888499530682,282.936146635605
144400,131.663919999776,-375792.426336168,875290.618458882,499498.192122714,291.909494233411,297.470319778577,287.95901929144
144500,131.755099999777,-366141.75197096,865800.470260128,499658.718289168,288.744529017885,286.288034196286,290.141571791435
144600,131.846279999778,-397186.08658317,896729.159387939,499543.07280477,299.05924942069,293.725831800828,302.36564512608
144700,131.937459999779,-352978.499814963,852620.380698255,499641.880883292,284.34896805011,283.337508830325,284.786316723259
144800,132.028639999781,-365675.107809118,865251.712855657,499576.60504654,288.561518377741,281.350105865571,293.128658787206
144900,132.119819999782,-362289.535535218,861840.803627906,499551.268092688,287.423979865902,284.087315260648,289.408902952851
145000,132.210999999783,-391473.200202646,891074.957965039,499601.757762393,297.173572774734,299.212846482688,295.566412325453
145100,132.302179999784,-380398.895416709,879959.064728208,499560.169311499,293.466421453463,299.645382771981,289.102558556573
145200,132.393359999785,-374263.249098205,873978.126607404,499714.877509199,291.471778091514,290.572405674828,291.828466554228
145300,132.484539999786,-363362.148507052,862966.059842707,499603.911335655,287.799252907356,296.959848771755,281.452356287
145400,132.575719999787,-379587.564797803,879234.058193729,499646.493395926,293.224631713767,292.661715253227,293.355555494365
145500,132.666899999789,-382720.521160648,882230.078892826,499509.557732178,294.223804866709,286.772432473956,298.946199957821
145600,132.75807999979,-382882.606182699,882458.910012815,499576.303830117,294.300120064304,287.233579875332,298.765896756898
145700,132.849259999791,-371726.922407934,871272.137955691,499545.215547757,290.569330650556,290.632126953651,290.285325339616
145800,132.940439999792,-364265.20110992,863941.893026434,499676.691916514,288.124693355489,285.677199458777,289.516252042169
145900,133.031619999793,-384232.144609817,883944.468984964,499712.324375147,294.795554105374,293.419794862806,295.467063971999
146000,133.122799999794,-364616.797778691,864328.155493352,499711.357714661,288.253511920411,294.715494716487,283.70531212976
146100,133.213979999795,-361706.968423588,861377.962414616,499670.993991029,287.26962228268,297.062842091094,280.501417725168
146200,133.305159999797,-384483.989108002,884062.180443077,499578.191335075,294.834810886469,299.586327037586,291.421437776652
146300,133.396339999798,-380424.188468289,879996.41097376,499572.222505471,293.478876429468,283.812356389211,299.678657392615
146400,133.487519999799,-375876.77623511,875456.714930199,499579.938695089,291.964887420443,291.038695718881,292.339044481968
146500,133.5786999998,-362557.604210672,862221.942087961,499664.337877289,287.551089574108,291.041069818651,284.984810169768
146600,133.669879999801,-367358.322805579,867028.626769784,499670.303964205,289.154119316253,291.767175775714,287.171119910515
146700,133.761059999802,-356413.062416438,856153.909553992,499740.847137554,285.527400218106,292.125231655866,280.890906426085
146800,133.852239999803,-377142.707227156,876785.754657579,499643.047430423,292.408122280333,298.508140554355,288.097769995751
146900,133.943419999805,-378868.379181447,878461.515389475,499593.136208028,292.966988624137,296.65220125202,290.266041048364
147000,134.034599999806,-375284.201470557,874842.979574578,499558.77810402,291.760206628173,289.371077230623,293.109826054352
147100,134.125779999807,-364817.875227488,864437.347036494,499619.471809006,288.289927309153,287.924854026599,288.29306789143
147200,134.216959999808,-378452.86043035,878124.493765359,499671.633335009,292.854591884395,287.740746196828,296.019776849537
147300,134.308139999809,-385312.922919354,884968.625931739,499655.703012385,295.137110532513,304.330466191522,288.762259167729
147400,134.39931999981,-373868.775624388,873572.67776214,499703.902137752,291.336560867814,286.220884014432,294.504231636012
147500,134.490499999811,-369675.37521638,869227.410119175,499552.034902795,289.887413746598,282.540482427355,294.543795114638
147600,134.581679999813,-363411.852170703,863043.566861891,499631.714691188,287.825101504716,277.235481873053,294.64499367457
147700,134.672859999814,-400934.399578304,900410.89193909,499476.492360787,300.287107533464,290.288264120005,306.702763886157
147800,134.764039999815,-369178.968862424,868768.663370787,499589.694508363,289.734421667763,284.485937099431,292.991966028595
147900,134.855219999816,-374859.466378392,874403.558228772,499544.09185038,291.61365957271,291.427791548846,291.494560205643
148000,134.946399999817,-365284.268823431,864930.747421329,499646.478597898,288.454476378632,293.409988588076,284.91042284202
148100,135.037579999818,-386285.743374269,885907.0185028,499621.275128531,295.4500645332,297.074935492728,294.120608839737
148200,135.128759999819,-371023.72753328,870638.977016907,499615.249483627,290.358171424681,294.953643957773,287.052557926433
148300,135.219939999821,-366673.895327457,866306.965272506,499633.069945049,288.913445146742,290.979059945479,287.295607409961
148400,135.311119999822,-385480.502232108,884989.138547473,499508.636315365,295.14395149157,286.190381700072,300.867044726326
148500,135.402299999823,-367807.50280535,867371.945135525,499564.442330175,289.268616019852,286.922344903744,290.591739583906
148600,135.493479999824,-369488.10040461,869014.089178486,499525.988773876,289.816271195093,288.984679732783,290.129151943971
148700,135.584659999825,-365644.365722331,865256.228416322,499611.862693991,288.563024317599,284.568398197881,290.98563921048
148800,135.675839999826,-372955.432699565,872564.957765584,499609.525066019,291.000486164944,293.35823057743,289.186156151483
148900,135.767019999827,-359945.916203701,859549.298407115,499603.382203414,286.659762683713,284.823000155134,287.645387900531
149000,135.858199999829,-367584.575198817,867216.326008748,499631.750809931,289.216717028097,290.35022163617,288.220033358525
149100,135.94937999983,-369034.971169978,868572.418008883,499537.446838906,289.668973823206,292.4449215284,287.576951208224
149200,136.040559999831,-362103.045934707,861715.677049638,499612.63111493,287.382250141617,278.903455273248,292.79529484541
149300,136.131739999832,-371978.058186657,871562.100243602,499584.042056946,290.66603309775,290.683764156375,290.411990697751
149400,136.222919999833,-378514.963613266,878117.214775342,499602.251162076,292.852164340618,290.274075604755,294.326846694242
149500,136.314099999834,-358181.97426478,857860.878838142,499678.904573362,286.096674616689,275.313595653827,293.046980029751
149600,136.405279999835,-377348.338426256,876922.648758868,499574.310332613,292.453776474527,297.5472400582,288.814422605015
149700,136.496459999837,-353862.66900607,853549.310944151,499686.64193808,284.658766364566,290.540242522485,280.50056662065
149800,136.587639999838,-378009.554048232,877593.230579355,499583.676531123,292.677415567569,301.365316999484,286.64158343332
149900,136.678819999839,-370492.140759665,870103.86456504,499611.723805375,290.179711377369,292.528404779827,288.372099349582
150000,136.76999999984,-375927.534048631,875516.178739102,499588.644690472,291.98471860567,291.916028483102,291.787191421878
150100,136.861179999841,-374429.724447336,874008.658046085,499578.933598749,291.48196032886,287.106902523755,294.155763898654
150200,136.952359999842,-352510.380320564,852111.152333717,499600.772013153,284.17914034808,290.175600580544,279.944684242814
150300,137.043539999844,-366312.893062667,865941.527094425,499628.634031757,288.791571483883,276.242725820434,296.916808949947
150400,137.134719999845,-372997.788469287,872526.786104342,499528.997635055,290.987755912737,300.027454417588,284.718800446242
150500,137.225899999846,-362646.405564583,862215.243558108,499568.837993524,287.548855613843,283.105615352735,290.271391741571
150600,137.317079999847,-363775.859325727,863353.375380781,499577.516055053,287.928422671596,289.095252358385,286.91059586151
150700,137.408259999848,-380964.182675665,880585.994712666,499621.812037,293.67550265555,295.502096074808,292.213044123831
150800,137.499439999849,-366984.635096277,866643.999780334,499659.364684057,289.025846183203,279.221185458547,295.321431794488
150900,137.59061999985,-380283.279726453,879844.637276992,499561.357550539,293.428259888942,294.688908478343,292.343303946101
151000,137.681799999852,-371564.930934114,871192.001911798,499627.070977684,290.542605273236,298.834486272358,284.772565769427
151100,137.772979999853,-379907.76407966,879417.06952187,499509.30544221,293.28566600696,289.541087123242,295.537647207766
151200,137.864159999854,-376064.306418766,875670.985685646,499606.679266881,292.03634673525,278.914914527032,300.540604585116
151300,137.955339999855,-371554.493297704,871123.243035019,499568.749737315,290.519674182097,289.019296759412,291.277826068735
151400,138.046519999856,-394949.701858504,894585.067537275,499635.365678771,298.34419460973,293.531183512706,301.304248512238
151500,138.137699999857,-382587.895862881,882161.128996061,499573.23313318,294.200810070389,299.150650768642,290.655748929827
151600,138.228879999858,-382582.065443452,882188.046729176,499605.981285724,294.209787136627,304.892128569891,286.843051358503
151700,138.32005999986,-375507.397450715,875124.493576453,499617.096125738,291.85409157127,289.397002733994,293.248939053145
151800,138.411239999861,-377775.731980576,877347.004678695,499571.272698119,292.59529920917,296.400744314253,289.814506389774
151900,138.502419999862,-368904.94627996,868515.693113869,499610.746833909,289.650056065989,289.018178556959,289.829932691955
152000,138.593599999863,-383599.937626123,883149.817871727,499549.880245604,294.530537892856,289.191198281267,297.844655519004
152100,138.684779999864,-394578.540318403,894190.979791356,499612.439472952,298.212766313609,301.640760657863,295.678926112178
152200,138.775959999865,-371346.645052058,870934.58788292,499587.942830862,290.456757673143,292.628355528571,288.766978471464
152300,138.867139999866,-382275.792232658,881943.239470076,499667.447237418,294.128143895306,298.045269768426,291.27161985998
152400,138.958319999868,-384105.863989666,883657.13444299,499551.270453323,294.699728011669,297.142655369,292.825526666772
152500,139.049499999869,-379341.705140076,879016.936173021,499675.231032944,293.152221501758,308.987521336023,282.351061427663
152600,139.14067999987,-366674.480642881,866259.08569767,499584.605054789,288.897477304542,287.407833964153,289.649824967047
152700,139.231859999871,-361689.608058548,861342.695850546,499653.087791998,287.257860880622,291.767804311628,284.011850375885
152800,139.323039999872,-378925.669270002,878406.408466439,499480.739196437,292.94861046071,280.31802041504,301.124879982438
152900,139.414219999873,-372927.940640968,872544.910698793,499616.970057824,290.993800466497,304.827236280202,281.529015090306
153000,139.505399999874,-379077.050399174,878663.709226085,499586.658826911,293.034420285504,298.169529401283,289.36681885808
153100,139.596579999876,-377634.262130908,877254.40802549,499620.145894582,292.564418217605,296.356399996443,289.792626683198
153200,139.687759999877,-376589.582396408,876194.177006104,499604.594609695,292.210831084243,301.224190487765,285.958415789326
153300,139.778939999878,-374922.627265824,874506.991311476,499584.364045652,291.648154514416,297.037944837489,287.811920836939
153400,139.870119999879,-372021.946490176,871658.69426213,499636.747771954,290.698247210982,308.65538421516,278.484574002188
153500,139.96129999988,-386695.289616179,886281.968246429,499586.678630249,295.575110303961,297.894698296925,293.782405716732
153600,140.052479999881,-373187.78135997,872787.104872597,499599.323512627,291.074572243654,292.163882485826,290.105803272004
153700,140.143659999882,-379982.652525474,879549.148613433,499566.496087958,293.329714395008,293.917469399554,292.693436296649
153800,140.234839999884,-379281.438084132,878880.993329522,499599.55524539,293.106884552117,306.791328517414,283.739666171458
153900,140.326019999885,-368160.565667765,867740.891499178,499580.325831413,289.391659662891,286.039926118401,291.384988976165
154000,140.417199999886,-381724.898643887,881349.38017726,499624.481533373,293.930091771639,299.026105071774,290.287807828406
154100,140.508379999887,-379742.722702517,879253.453296953,499510.730594437,293.231099982309,287.98740250929,296.48253904767
154200,140.599559999888,-369086.833710336,868673.358890619,499586.525180283,289.702637615681,276.744185188107,298.10018703605
154300,140.690739999889,-365130.375806055,864707.075168846,499576.699362791,288.379881663781,291.566531934514,286.015131581905
154400,140.78191999989,-379425.586471634,879026.913604042,499601.327132408,293.155548975835,302.077139981548,286.963525347881
154500,140.873099999892,-368473.751188305,868136.514188321,499662.763000016,289.523599862705,281.723972952317,294.482081469745
154600,140.964279999893,-389206.837112107,888829.907015877,499623.06990377,296.424848096007,296.049032253216,296.428371284453
154700,141.055459999894,-379985.426889058,879574.514348297,499589.087459238,293.3381738697,294.900892048423,292.051913272328
154800,141.146639999895,-381796.952205323,881396.306067343,499599.353862019,293.945741559894,289.927863297457,296.379372283553
154900,141.237819999896,-390062.975701818,889625.545354024,499562.569652206,296.690193548115,288.163476196068,302.127429954857
155000,141.328999999897,-375266.692342366,874883.687689629,499616.995347262,291.773782787937,288.990313111461,293.386284419931
155100,141.420179999898,-367077.125144164,866711.234670646,499634.109526482,289.048269024728,283.004956113655,292.836270741256
155200,141.5113599999,-376571.551298269,876206.718326587,499635.167028317,292.21501361567,286.401781085765,295.846989457593
155300,141.602539999901,-366660.236772395,866329.86971491,499669.632942515,288.921083780194,288.29734324783,289.096143231952
155400,141.693719999902,-374575.406252409,874209.939800255,499634.533547846,291.549087810657,288.379856899182,293.41895084513
155500,141.784899999903,-388885.472000796,888514.927310717,499629.455309921,296.319802338075,294.195518515268,297.489058384662
155600,141.876079999904,-377385.851957815,876950.326806532,499564.474848717,292.46300710573,290.814410723502,293.318352187961
155700,141.967259999905,-372403.019850448,871991.439262832,499588.419412384,290.809217696459,292.358990195459,289.533695015712
155800,142.058439999907,-377053.028747194,876680.424563303,499627.395816109,292.37299468511,286.998908445541,295.712074682587
155900,142.149619999908,-374892.638681035,874561.310231322,499668.671550287,291.666269878713,297.951680407366,287.232940968046
156000,142.240799999909,-380126.629339775,879749.328612627,499622.699272853,293.39647444143,287.504781567302,297.079772628814
156100,142.33197999991,-365790.506741671,865401.451615006,499610.944873335,288.611456266468,289.524182936709,287.762462272753
156200,142.423159999911,-372131.995776187,871798.473650081,499666.477873894,290.744863648518,309.194334470582,278.202929047435
156300,142.514339999912,-367591.629372298,867196.787466202,499605.158093903,289.210200922529,288.337932141619,289.550704942365
156400,142.605519999913,-376035.841488221,875678.531802818,499642.690314597,292.038863365956,294.172590946162,290.373012593013
156500,142.696699999915,-383703.772619,883248.12650603,499544.35388703,294.563323830592,293.593631530164,294.964315927686
156600,142.787879999916,-371333.575076054,870973.150924956,499639.575848901,290.469618450877,281.949664662736,295.907529627595
156700,142.879059999917,-379920.018482155,879528.609898472,499608.591416317,293.322864731857,295.178213891508,291.841529571478
156800,142.970239999918,-376230.120848031,875839.224074153,499609.103226122,292.092454251844,287.583022352813,294.855331805988
156900,143.061419999919,-375849.809342531,875401.367657158,499551.558314626,291.946429100269,293.581414124677,290.613150393081
157000,143.15259999992,-377862.467055185,877361.531249693,499499.064194507,292.600143821808,286.917050369236,296.145039337005
157100,143.243779999921,-372577.869014419,872177.645728842,499599.776714423,290.871317568398,292.127845592984,289.791239454034
157200,143.334959999923,-391475.853445245,891009.868137724,499534.014692478,297.151865311897,307.324260017825,290.122642286853
157300,143.426139999924,-377053.927242225,876641.544177162,499587.616934937,292.360028073091,291.249266158404,292.856902659486
157400,143.517319999925,-382844.968603949,882411.897949961,499566.929346012,294.284441537422,294.879199752788,293.642699025897
157500,143.608499999926,-353765.00854802,853403.59679211,499638.58824409,284.610170682711,285.79734273997,283.581547502304
157600,143.699679999927,-375168.237571938,874772.594423398,499604.35685146,291.736733174387,276.106430049344,301.913821313436
157700,143.790859999928,-384286.161549787,883878.489122359,499592.327572571,294.773549815694,293.628521315223,295.291257524495
157800,143.882039999929,-378185.202433669,877752.421923735,499567.219490067,292.730505894192,304.794900846778,284.443633837557
157900,143.973219999931,-370171.572765144,869786.759113439,499615.186348295,290.073956682821,294.703185137245,286.746076082635
158000,144.064399999932,-358460.740870551,858042.20353392,499581.462663369,286.157146417849,295.789057261546,279.49740823337
158100,144.155579999933,-366394.086940578,866097.414335465,499703.327394887,288.843559891768,290.140967913839,287.73791824381
158200,144.246759999934,-400337.572364097,899889.059930612,499551.487566516,300.113076515128,307.606806570554,294.867162247748
158300,144.337939999935,-373165.339455541,872823.705883992,499658.366428451,291.086778684006,288.181141793888,292.781297628514
158400,144.429119999936,-373921.466500723,873413.967870316,499492.501369593,291.283631105658,288.709242238907,292.757153990905
158500,144.520299999937,-360998.916831398,860653.273090493,499654.356259095,287.027938332664,281.514743296549,290.464211741463
158600,144.611479999939,-393084.083962859,892596.89620525,499512.812242391,297.681139304736,302.000458959062,294.553525252432
158700,144.70265999994,-373101.513313301,872713.67304471,499612.159731409,291.050082722932,296.946635866716,286.87650555814
158800,144.793839999941,-385210.682275702,884806.172167722,499595.48989202,295.082932188668,299.20187059332,292.091070808743
158900,144.885019999942,-386969.712531124,886557.453626419,499587.741095295,295.666984701157,295.747877064627,295.366667304926
159000,144.976199999943,-364713.620448848,864342.362740286,499628.742291438,288.258250038448,289.821026751301,286.97618368818
159100,145.067379999944,-381648.831937817,881219.218646264,499570.386708447,293.8866828902,304.64005166006,286.472864807885
159200,145.158559999945,-368943.912511448,868533.308534728,499589.39602328,289.655930810314,286.964450429086,291.208871122126
159300,145.249739999947,-373387.6928541,872903.70764115,499516.014787051,291.113459276689,292.724378590799,289.796918517884
159400,145.340919999948,-380189.958868446,879793.821427525,499603.862559079,293.411312798908,284.499779776469,299.107825386533
159500,145.432099999949,-387866.462346427,887450.672408301,499584.210061875,295.964873239387,289.019073187756,300.348769212773
159600,145.52327999995,-372803.495037866,872452.781649172,499649.286611306,290.963075420768,288.082726702485,292.640838670105
159700,145.614459999951,-391646.465336407,891210.289731516,499563.824395109,297.218705930137,290.158281904541,301.677973025592
159800,145.705639999952,-389113.60812106,888657.531241475,499543.923120415,296.367360760872,296.153440378678,296.263001548368
159900,145.796819999953,-386281.499559873,885774.916199898,499493.416640025,295.406008404168,293.271875879659,296.582591746837
160000,145.887999999955,-368958.748673142,868473.052567993,499514.303894851,289.635835440384,281.788860031994,294.625789183112
160100,145.979179999956,-388104.658070761,887651.520590661,499546.8625199,296.03185612495,292.790625433396,297.945983372548
160200,146.070359999957,-378708.560306773,878267.250764389,499558.690457616,292.902201355474,301.066634931629,287.215160470241
160300,146.161539999958,-382896.941665547,882465.633092878,499568.691427331,294.302362212065,286.778523675203,299.073002601463
160400,146.252719999959,-382171.541307715,881759.28640316,499587.745095445,294.066795532153,286.782836681688,298.677712436186
160500,146.34389999996,-394389.932135527,893915.252331807,499525.320196281,298.120811182861,293.81771895242,300.741105327169
160600,146.435079999961,-387218.063729788,886748.588372942,499530.524643154,295.730728155058,298.587524678045,293.579754866271
160700,146.526259999963,-397213.838571391,896754.598572652,499540.760001261,299.067733390913,298.853804703142,298.961129404934
160800,146.617439999964,-381159.933238016,880684.090833684,499524.157595668,293.708217720088,297.299745135118,291.069109261968
160900,146.708619999965,-374609.393862786,874193.79438627,499584.400523484,291.543703313747,299.904603763,285.726816594817
161000,146.799799999966,-387647.844072029,887309.084066651,499661.239994621,295.917653515641,314.412199056408,283.341358443868
161100,146.890979999967,-391055.394951314,890620.148510589,499564.753559274,297.021893783755,298.763780163181,295.61311795265
161200,146.982159999968,-356939.503496816,856572.947767355,499633.444270538,285.6671494972,281.732654851212,288.052089969945
161300,147.07333999997,-389674.535572027,889164.423896461,499489.888324434,296.536409503572,299.061808320088,294.605696617975
161400,147.164519999971,-364101.229591443,863729.006645047,499627.777053604,288.053695729547,287.979863865081,287.862872226082
161500,147.255699999972,-355693.761423934,855306.854493455,499613.09306952,285.244907284794,288.419810045724,282.89060135477
161600,147.346879999973,-375216.009310538,874843.810056807,499627.800746269,291.760483594066,284.449699371791,296.39120600592
161700,147.438059999974,-369142.696732833,868735.897217997,499593.200485164,289.723494153076,300.360762474923,282.390545693384
161800,147.529239999975,-368030.201288585,867626.905128443,499596.703839858,289.353645198747,286.884674590876,290.758497566328
161900,147.620419999976,-364060.354496019,863669.460373896,499609.105877877,288.033837043154,295.21122443079,283.008883920527
162000,147.711599999978,-355418.275608799,855139.531987599,499721.256378801,285.189105215141,280.119984525066,288.330861420845
162100,147.802779999979,-365903.320626058,865518.341635815,499615.021009757,288.650439098154,285.218687966539,290.697731153313
162200,147.89395999998,-360182.453454119,859854.329110087,499671.875655968,286.761490448587,294.545101247548,281.333448673905
162300,147.985139999981,-364187.571782558,863822.500529969,499634.928747412,288.084875947964,284.325788424551,290.350863566948
162400,148.076319999982,-383856.175174882,883512.412455563,499656.237280681,294.651463216796,290.917592301808,296.895167607441
162500,148.167499999983,-373993.313062649,873611.567765756,499618.254703106,291.349530687262,297.089746487915,287.27992887792
162600,148.258679999984,-373511.026040769,873123.084477678,499612.058436909,291.186621469961,291.47503217125,290.75169215121
162700,148.349859999986,-363145.101298778,862861.857004515,499716.755705736,287.764501252131,295.166046235268,282.590334178997
162800,148.441039999987,-382724.918819719,882397.246507698,499672.327687979,294.279555280206,288.127908161977,298.135420396292
162900,148.532219999988,-359208.857484902,858943.092499185,499734.235014283,286.457592962876,285.685195702889,286.733809808733
163000,148.623399999989,-374043.659868351,873634.468102443,499590.808234092,291.357167951457,289.576611198222,292.301408146987
163100,148.71457999999,-370626.080777902,870291.059535744,499664.978757842,290.242140915706,292.510294327369,288.4881701905
163200,148.805759999991,-394499.840347106,894024.601009253,499524.760662148,298.157278975906,306.556268975684,292.309487910241
163300,148.896939999992,-368889.089477963,868569.745565769,499680.656087805,289.668082563204,288.478600652047,290.219680435174
163400,148.988119999994,-374960.246546266,874581.156477318,499620.909931053,291.672888603408,283.250940318195,297.044460053046
163500,149.079299999995,-376072.89960325,875726.295157179,499653.395553929,292.054792448617,289.751490300165,293.346948220544
163600,149.170479999996,-359188.900154002,858832.753575429,499643.853421427,286.420794922604,288.302244626833,284.927811124016
163700,149.261659999997,-376160.159844233,875741.511769971,499581.351925738,292.059867190252,294.623132108754,290.107640688593
163800,149.352839999998,-377882.260226288,877502.70894954,499620.448723253,292.647226596478,300.709749019835,287.028338958744
163900,149.444019999999,-376164.880213977,875725.168017233,499560.287803256,292.054416547351,291.324810678271,292.297441779614
164000,149.5352,-373071.309269725,872656.835515756,499585.526246031,291.031127402286,287.608344427167,293.070456779531
164100,149.626380000002,-360516.011523582,860155.766852181,499639.755328599,286.862019960707,294.393772230951,281.601800097245
164200,149.717560000003,-371048.882442634,870660.915122631,499612.032679997,290.36548778477,289.918978455484,290.42118943114
164300,149.808740000004,-343963.61691657,843664.202787473,499700.585870903,281.362081970143,280.786729243143,281.511182053168
164400,149.899920000005,-382796.530396355,882342.611594656,499546.081198301,294.261334532151,307.250768109943,285.35649436818
164500,149.991100000006,-371208.363496478,870849.688879069,499641.325382591,290.428443848281,299.635298578128,284.04851699184
164600,150.082280000007,-376553.722922221,876048.242633075,499494.519710854,292.162161958671,304.043264999814,283.99795812961
164700,150.173460000008,-359366.16465437,859014.043991263,499647.879336893,286.4812552914,290.421413632887,283.615748684333
164800,150.26464000001,-372247.830162581,871787.570525644,499539.740363063,290.741227455609,294.817420298208,287.78148120433
164900,150.355820000011,-368581.786740495,868245.392671969,499663.605931474,289.55991084608,289.482484068162,289.37022877232
165000,150.447000000012,-380907.288430843,880500.077736451,499592.789305609,293.646849336819,303.093799043893,287.104177157656
165100,150.538180000013,-369813.044346669,869478.635731818,499665.591385149,289.971197509361,295.27186589192,286.195775923063
165200,150.629360000014,-368937.35888696,868579.154661603,499641.795774643,289.67122049745,287.696821670925,290.746093698052
165300,150.720540000015,-367565.808290241,867217.914416953,499652.106126712,289.217246762365,290.654466310454,288.01808602467
165400,150.811720000016,-373951.378005438,873609.485632902,499658.107627464,291.348836295782,300.500391098039,285.005009064031
165500,150.902900000018,-379344.091394101,878898.887095676,499554.795701575,293.112852124621,293.439057572082,292.651121116208
165600,150.994080000019,-371536.237723864,871188.66608418,499652.428360316,290.541492774447,290.76530379432,290.150167517221
165700,151.08526000002,-375932.26673298,875535.980980604,499603.714247624,291.991322654862,275.912617252407,302.467133487619
165800,151.176440000021,-371828.168577499,871475.321710273,499647.153132774,290.637092449649,288.940694907579,291.525826567321
165900,151.267620000022,-361521.420723397,861119.17914986,499597.758426463,287.183318042308,289.312857934626,285.524305349061
166000,151.358800000023,-363914.84147846,863589.020280311,499674.178801852,288.007010265236,297.011308904885,281.764138663582
166100,151.449980000024,-369892.315404118,869496.502749217,499604.187345098,289.977156161153,289.757581227195,289.881891820324
166200,151.541160000026,-370725.197035712,870355.059420673,499629.862384961,290.263484882666,285.32385847886,293.314682914466
166300,151.632340000027,-374741.790366261,874267.502145431,499525.711779169,291.568284857572,282.668995536671,297.258170834124
166400,151.723520000028,-383749.146817833,883342.94281279,499593.795994956,294.594945076802,291.67138735123,296.298487772953
166500,151.814700000029,-355103.573889505,854752.876237359,499649.302347854,285.060155490198,280.795621720869,287.665627873508
166600,151.90588000003,-372158.592635186,871808.032826842,499649.440191655,290.748051634765,299.310111456067,284.797721710868
166700,151.997060000031,-365025.07895508,864669.793978259,499644.715023179,288.367448383612,295.845401608534,283.141840026676
166800,152.088240000032,-392038.643730991,891592.169427064,499553.525696073,297.346062840442,298.062973808465,296.620333809394
166900,152.179420000034,-380185.327523216,879795.574486383,499610.246963167,293.411897444183,303.796385961869,286.244395184522
167000,152.270600000035,-388638.528639541,888214.290981077,499575.762341536,296.219540097074,291.294978324622,299.25573166196
167100,152.361780000036,-375944.122829432,875508.982144075,499564.859314642,291.982318540629,293.268464435789,290.881569345071
167200,152.452960000037,-393391.292271239,892902.393710404,499511.101439164,297.783022748175,289.523714170548,303.041075947636
167300,152.544140000038,-380741.955048687,880323.76535687,499581.810308182,293.588049143528,301.925710617749,287.784951453095
167400,152.635320000039,-373881.318661725,873513.216181378,499631.897519652,291.316730425672,288.07290268775,293.236518308932
167500,152.726500000041,-369613.408951676,869263.199081595,499649.790129919,289.899349368549,289.376434393125,290.006376561024
167600,152.817680000042,-373911.149067227,873531.945101475,499620.796034247,291.322976522086,285.49913267843,294.962769937422
167700,152.908860000043,-380686.908408038,880243.010408584,499556.102000547,293.561117361542,290.845089970043,295.127168024741
167800,153.000040000044,-378394.27385315,877975.992991974,499581.719138824,292.80506686409,287.439528999333,296.138087884874
167900,153.091220000045,-380607.589918177,880183.590543643,499576.000625466,293.54130083163,296.445019294028,291.360870772672
168000,153.182400000046,-370598.848747019,870166.440717722,499567.591970703,290.200580529505,301.300182139026,282.559012306051
168100,153.273580000047,-375628.463667675,875231.087157887,499602.623490212,291.889640539565,287.613608354467,294.497087295848
168200,153.364760000049,-391666.527505156,891180.765886697,499514.238381541,297.208859725428,292.638299393425,300.008225896994
168300,153.45594000005,-370881.16965516,870487.388157665,499606.218502505,290.307616527485,283.366017068668,294.693426486258
168400,153.547120000051,-367220.747581417,866819.518692074,499598.771110657,289.084381754902,293.504806108716,285.89652853423
168500,153.638300000052,-360265.405126209,859849.807881584,499584.402755376,286.759982618504,271.760703006765,296.520535707482
168600,153.729480000053,-379387.647567585,879028.571881738,499640.924314153,293.156102011585,281.892909332006,300.420600379628
168700,153.820660000054,-373504.522896168,873083.409502962,499578.886606794,291.173389862585,290.106750846056,291.641838048718
168800,153.911840000055,-359193.233832246,858855.023801542,499661.789969296,286.42822204487,281.760302438145,289.301478264316
168900,154.003020000057,-365559.175914658,865133.673108494,499574.497193836,288.522152112221,285.691497215362,290.168820250033
169000,154.094200000058,-389401.05944913,888957.755678885,499556.696229756,296.46748563578,296.832324614224,295.97720341212
169100,154.185380000059,-378019.887006311,877564.680618221,499544.79361191,292.66789415315,290.853416730057,293.633655856753
169200,154.27656000006,-382402.594239997,881982.938111644,499580.343871647,294.141383395579,297.895226938228,291.393703214317
169300,154.367740000061,-370619.956535948,870251.819848741,499631.863312792,290.229054476819,284.986766397085,293.482055651243
169400,154.458920000062,-374040.034312819,873633.434908513,499593.400595694,291.356823381195,286.553241908649,294.316413676741
169500,154.550100000063,-383626.043033203,883212.026686258,499585.983653056,294.551284537688,295.989653431183,293.346912538244
169600,154.641280000065,-371734.316845595,871271.103940867,499536.787095272,290.568985806525,280.875690672692,296.789041740908
169700,154.732460000066,-372523.511445441,872097.847281916,499574.335836475,290.844704779695,305.971740864499,280.517643469176
169800,154.823640000067,-378042.701370768,877562.074532008,499519.37316124,292.667025023181,289.31037875346,294.660900015475
169900,154.914820000068,-381947.764502791,881551.241388043,499603.476885252,293.997412502265,290.425421539854,296.133741966788
170000,155.006000000069,-388212.213178578,887719.479520523,499507.266341945,296.054520433725,305.949251788422,289.211320763566
170100,155.09718000007,-380610.1884167,880232.999582902,499622.811166202,293.557778750342,287.998735230994,297.01917628095
170200,155.188360000071,-375440.524470591,875007.536492218,499567.012021627,291.815086373926,295.272658233276,289.266859229048
170300,155.279540000073,-376076.828931391,875708.868479115,499632.039547725,292.04898065003,302.586704956188,284.780456962049
170400,155.370720000074,-363254.360021966,862848.352113391,499593.992091425,287.759997369815,280.224490135469,292.543868861572
170500,155.461900000075,-382115.680797979,881661.858411073,499546.177613095,294.034303288669,293.31061505087,294.271733527794
170600,155.553080000076,-392338.485883337,891847.191856975,499508.705973638,297.431112842079,293.306257985462,299.933156819122
170700,155.644260000077,-368603.2008525,868171.716247502,499568.515395003,289.535339752377,287.791164729752,290.456843651
170800,155.735440000078,-364691.539429575,864324.785155952,499633.245726377,288.252387912607,288.383749209131,287.924603391663
170900,155.826620000079,-369384.795636685,869070.201846578,499685.406209893,289.83498477458,295.274565639208,285.967068377515
171000,155.917800000081,-376963.064098346,876614.597377839,499651.533279493,292.35104131327,292.980331865213,291.687888410879
171100,156.008980000082,-379227.406437441,878776.614840179,499549.208402738,293.072074317218,286.820407003001,296.9956257981
171200,156.100160000083,-383671.910104206,883259.104215524,499587.194111317,294.566984897623,289.977592679323,297.381107222409
171300,156.191340000084,-382605.857797688,882163.78861122,499557.930813531,294.201697052266,301.989615320257,288.764583459396
171400,156.282520000085,-371164.918416605,870805.347814644,499640.429398039,290.413656099598,293.853281326614,287.878561234839
171500,156.373700000086,-364530.650964107,864213.644689644,499682.993725536,288.215322557827,284.329335532734,290.565801139089
171600,156.464880000087,-374782.50159845,874434.862768542,499652.361170092,291.624099639334,296.529277820069,288.110960769143
171700,156.556060000089,-367198.171251435,866831.459321042,499633.288069607,289.088363955658,291.814888783689,287.029773767008
171800,156.64724000009,-373925.768167386,873478.053211811,499552.285044425,291.30500357239,300.345250360418,285.035418210727
171900,156.738420000091,-374695.111391186,874278.345079986,499583.2336888,291.571900977151,290.312353569193,292.168622664975
172000,156.829600000092,-389431.042556388,888957.26997408,499526.227417692,296.467323653187,294.78030725144,297.344945151306
172100,156.920780000093,-357094.478087038,856749.252662489,499654.774575451,285.725947194427,292.595373260522,280.908224861035
172200,157.011960000094,-383064.382579551,882645.849096087,499581.466516536,294.362464264161,294.634035350957,293.936114819411
172300,157.103140000095,-353901.764031113,853592.912217552,499691.148186439,284.67330739288,276.898021733471,289.619603409659
172400,157.194320000097,-383787.368671167,883309.899331078,499522.530659911,294.583925072896,290.804348689045,296.858156057902
172500,157.285500000098,-398619.040872162,898102.941833182,499483.90096102,299.517405980718,302.098767383645,297.546900540449
172600,157.376680000099,-386342.578500382,885866.066570642,499523.48807026,295.436407060411,302.723904795981,290.331878230814
172700,157.4678600001,-387586.647266307,887125.772516021,499539.125249713,295.856519098223,291.831556615156,298.293280321018
172800,157.559040000101,-368584.378866781,868284.181145007,499699.802278227,289.572846805072,293.15800977342,286.941427453837
172900,157.650220000102,-391317.973714193,890840.548080943,499522.57436675,297.095397058844,299.98566892875,294.920969648024
173000,157.741400000104,-357747.822722347,857465.669754166,499717.847031819,285.964872354232,299.184972933104,276.913167908024
173100,157.832580000105,-373974.795064425,873500.986739006,499526.191674581,291.312651905621,296.48730862974,287.620120212954
173200,157.923760000106,-367334.980628667,867017.755685798,499682.775057131,289.150493808837,295.847352790894,284.444962409292
173300,158.014940000107,-390476.316729989,889961.76409785,499485.447367861,296.802322527214,288.853834539612,301.853979250175
173400,158.106120000108,-371102.843002409,870697.074923236,499594.231920826,290.377547081286,305.91358402511,279.778207829502
173500,158.197300000109,-382549.281677775,882070.503091671,499521.221413897,294.170586323719,288.06714463039,297.994405297336
173600,158.28848000011,-376758.23046839,876400.54869326,499642.31822487,292.279656059116,301.474355605292,285.906289981617
173700,158.379660000112,-366326.709940329,865970.295836368,499643.585896039,288.80116586172,295.943947285054,283.798643941279
173800,158.470840000113,-391768.341133506,891367.023571911,499598.682438405,297.270976678977,294.989802420463,298.544033704086
173900,158.562020000114,-389233.211545862,888792.055916662,499558.844370799,296.412224751263,291.04775940683,299.741524793593
174000,158.653200000115,-381700.792655873,881272.999929507,499572.207273634,293.904618952645,291.519849072481,295.249545023628
174100,158.744380000116,-373359.125157255,872926.10011627,499566.974959015,291.120927169008,282.620131199941,296.545523709079
174200,158.835560000117,-392303.157212602,891867.188684372,499564.03147177,297.437781785684,290.837881650518,301.589850390973
174300,158.926740000118,-379845.29176477,879412.842190296,499567.550425527,293.284256191528,296.56372549725,290.85353977422
174400,159.01792000012,-384732.240395278,884362.680130714,499630.439735436,294.93502755735,294.608033825328,294.907244189068
174500,159.109100000121,-373657.286679451,873327.257374964,499669.970695512,291.254713148229,293.636441897792,289.424181720896
174600,159.200280000122,-393172.212843788,892822.4281303,499650.215286512,297.756354220544,298.159921689054,297.239178946352
174700,159.291460000123,-391000.576091514,890561.948793517,499561.372702004,297.002484173259,289.871799785336,301.508771695064
174800,159.382640000124,-380891.188885826,880463.330272248,499572.141386422,293.634594054443,283.080614459344,300.425884956129
174900,159.473820000125,-400369.962205299,899816.129474161,499446.167268863,300.088754201821,302.821016339965,298.017172147892
175000,159.565000000126,-381519.729429212,881113.420263531,499593.690834319,293.851399120737,299.102745110095,290.105625628564
175100,159.656180000128,-392091.654926352,891664.323447956,499572.668521605,297.370126212425,305.819912089836,291.489127188975
175200,159.747360000129,-372396.651170589,872046.422730237,499649.771559648,290.827554687423,296.491273406022,286.809385912784
175300,159.83854000013,-380980.216423625,880591.690969444,499611.474545818,293.67740235766,293.467316170728,293.572728646984
175400,159.929720000131,-373002.231887026,872572.873553484,499570.641666458,291.003126080868,287.308931501579,293.223419861994
175500,160.020900000132,-361476.372027478,861067.506898883,499591.134871405,287.166085342299,294.860253250723,281.797334998898
175600,160.112080000133,-369204.920875713,868747.861540815,499542.940665102,289.727484255733,302.432318583346,281.016155133778
175700,160.203260000134,-365560.139422568,865182.058340439,499621.918917871,288.538288591108,275.20800405895,297.184696372055
175800,160.294440000136,-392004.551503322,891585.833290476,499581.281787154,297.343949738361,303.574881182067,292.942208817776
175900,160.385620000137,-385946.544008885,885614.356841456,499667.81283257,295.352461844741,292.684310225181,296.885102539578
176000,160.476800000138,-350947.010990987,850564.263950818,499617.252959831,283.663252943411,282.012868171654,284.527123413795
176100,160.567980000139,-375803.212970291,875401.621522946,499598.408552655,291.946513764531,284.516925349902,296.656283946147
176200,160.65916000014,-371949.700280047,871461.872083494,499512.171803447,290.632606997997,287.789451159693,292.285850384368
176300,160.750340000141,-369160.60141648,868773.007240259,499612.405823779,289.735870348594,289.50006139743,289.651629757415
176400,160.841520000142,-374957.213625523,874534.831492968,499577.617867445,291.657439217264,278.066091485896,300.475289838829
176500,160.932700000144,-364897.155094551,864575.798032389,499678.642937838,288.336100727827,271.653503785654,299.217551938668
176600,161.023880000145,-358910.657310518,858501.259745141,499590.602434623,286.310241702565,282.01087774135,288.937892475289
176700,161.115060000146,-375180.191298864,874805.801401184,499625.61010232,291.747807704247,289.67896337454,292.883914084297
176800,161.206240000147,-371599.205028544,871149.511174018,499550.306145474,290.528434608644,278.304468634921,298.435638228952
176900,161.297420000148,-370658.96951682,870292.768539089,499633.799022269,290.242710868464,289.993611946495,290.166907890719
177000,161.388600000149,-382670.506159735,882218.11044045,499547.604280715,294.219813386844,294.130983793254,294.033849938081
177100,161.47978000015,-359946.049861726,859562.979008226,499616.9291465,286.664325165325,278.09613716261,292.13756356283
177200,161.570960000152,-366486.530678491,866044.579175689,499558.048497198,288.825939361577,272.932332537359,299.180988961588
177300,161.662140000153,-385402.012699209,885010.279940161,499608.267240952,295.151002147794,296.959667149497,293.699266311536
177400,161.753320000154,-383934.509700783,883419.755768528,499485.246067745,294.620562203945,286.20991422542,299.982143721124
177500,161.844500000155,-376007.537612283,875582.331023259,499574.793410976,292.006780397952,281.666273354347,298.657112776691
177600,161.935680000156,-379946.379631334,879473.554462822,499527.174831488,293.304503739477,269.849319048579,308.696873113627
177700,162.026860000157,-383346.520938118,883001.850532211,499655.329594093,294.48119077279,288.869081368983,297.977196049685
177800,162.118040000158,-390470.666662476,889985.660238005,499514.993575528,296.810291891947,281.809233980887,306.563655256077
177900,162.20922000016,-380867.396810367,880489.418342898,499622.021532531,293.64329442818,297.31192777939,290.95283611535
178000,162.300400000161,-392616.96959813,892048.977314883,499432.007716753,297.498408309116,291.375094416688,301.332702230477
178100,162.391580000162,-365310.353170138,864937.448623036,499627.095452898,288.45671122996,272.608900958512,298.781537484901
178200,162.482760000163,-397536.179419898,897011.194822556,499475.015402658,299.153308261649,297.548771884194,299.9737047564
178300,162.573940000164,-372461.170779442,872074.768691712,499613.59791227,290.837008067938,293.409721502208,288.879501605035
178400,162.665120000165,-372935.148273327,872477.438380789,499542.290107462,290.971298442818,298.497074952175,285.711638021211
178500,162.756300000167,-370039.90619114,869656.682082617,499616.775891477,290.030575982197,276.691407641734,298.681662729188
178600,162.847480000168,-384750.392095468,884283.787125285,499533.395029817,294.908716733462,304.552100340018,288.234037065146
178700,162.938660000169,-401187.775654409,900735.006730484,499547.231076075,300.395199843416,304.225493822762,297.59134119065
178800,163.02984000017,-396354.434078276,895810.825662758,499456.391584482,298.752985046776,301.721300622923,296.525147175139
178900,163.121020000171,-381997.417602273,881561.445764924,499564.028162651,294.000815662806,289.591038546284,296.695666394102
179000,163.212200000172,-383492.846330705,883108.450454954,499615.604124249,294.516741855913,297.737241467763,292.124311496464
179100,163.303380000173,-369372.420276049,869025.823932666,499653.403656616,289.82018473659,286.279379945242,291.939204443542
179200,163.394560000175,-374457.732035993,874091.49054753,499633.758511537,291.509584974998,288.310708249153,293.399244804747
179300,163.485740000176,-385136.452392023,884668.835581649,499532.383189627,295.037130425763,302.228459144231,289.997047004763
179400,163.576920000177,-382047.435464572,881623.617337456,499576.181872884,294.021549887429,290.417870773543,296.17898467178
179500,163.668100000178,-404770.107199589,904298.24673475,499528.139535161,301.583540681924,299.121252072872,302.973746804057
179600,163.759280000179,-370530.98357894,870205.263441027,499674.279862087,290.213527910965,290.486663476119,289.789592927602
179700,163.85046000018,-370892.401485252,870544.479603635,499652.078118383,290.326656529476,282.56728297009,295.257633355293
179800,163.941640000181,-370043.540826636,869764.649495694,499721.108669058,290.06658312346,284.460894090712,293.561986992689
179900,164.032820000183,-383724.514619433,883339.502651356,499614.988031922,294.593797782677,301.733351761272,289.588600298795
180000,164.124000000184,-357591.59706105,857234.573579393,499642.976518342,285.887801760678,293.713709004504,280.432290429993
180100,164.215180000185,-383061.370808488,882572.52148301,499511.150674522,294.338009499086,284.556427082568,300.613782768849
180200,164.306360000186,-369571.187523458,869223.433507109,499652.245983651,289.886087546143,294.112943369314,286.826611924405
180300,164.397540000187,-373700.209565869,873271.882795278,499571.673229409,291.236245721287,294.164030454826,289.041692360826
180400,164.488720000188,-353686.881845925,853490.720570643,499803.838724718,284.639226470116,294.109580638177,278.08845766935
180500,164.579900000189,-381055.80573373,880668.576881963,499612.771148233,293.703043815896,286.487206391315,298.268849562436
180600,164.671080000191,-369688.356611139,869421.101620981,499732.745009842,289.9520098786,287.212295264472,291.53685961312
180700,164.762260000192,-390486.023281628,889930.803771249,499444.780489621,296.791997255711,296.364517310944,296.829657221176
180800,164.853440000193,-377628.408040956,877210.805869363,499582.397828407,292.549876894902,296.718169642546,289.527223499059
180900,164.944620000194,-388632.415357553,888088.179169452,499455.763811899,296.177481797383,305.290960111627,289.855015019722
181000,165.035800000195,-366928.583418469,866602.987279755,499674.403861286,289.01216851084,286.862433233725,290.204481888492
181100,165.126980000196,-369735.642360261,869446.101827167,499710.459466906,289.960347449447,284.069750759244,293.645778286707
181200,165.218160000197,-377778.133184381,877484.896586787,499706.763402407,292.641286172015,310.562421270508,280.449995034544
181300,165.309340000199,-369630.054562558,869312.900595337,499682.846032778,289.915924827526,301.966175588965,281.640827715875
181400,165.4005200002,-379966.956028103,879530.299788085,499563.343759982,293.323428310183,289.791617648331,295.43353256116
181500,165.491700000201,-383651.034277269,883200.352623526,499549.318346256,294.547391236794,292.428877937158,295.714277277187
181600,165.582880000202,-385587.385164937,885093.301662576,499505.916497639,295.178689899141,296.394739342728,294.122008028502
181700,165.674060000203,-374676.620243902,874267.90022558,499591.279981678,291.568417617335,289.477800726336,292.719188529988
181800,165.765240000204,-379416.829155829,879084.07983989,499667.250684061,293.174613920257,300.37579764672,288.129512591014
181900,165.856420000205,-369005.496902725,868663.40815619,499657.911253465,289.699319044919,286.217388952308,291.779189674121
182000,165.947600000207,-374558.189371833,874160.529561876,499602.340190042,291.532609492038,287.558017729825,293.939393492271
182100,166.038780000208,-381240.961144633,880748.834925314,499507.873780681,293.729809880045,298.496884447363,290.306985326932
182200,166.129960000209,-390840.876313187,890373.87081969,499532.994506504,296.939760153307,295.139061063927,297.892776412765
182300,166.22114000021,-391798.775013202,891386.988100421,499588.213087219,297.277634850899,293.085590229021,299.824599903108
182400,166.312320000211,-369284.288554349,868970.136843842,499685.848289493,289.801613087825,291.108147486664,288.689088811026
182500,166.403500000212,-364176.487601398,863855.296700758,499678.80909936,288.095813473656,297.064679569814,281.87648956499
182600,166.494680000213,-374625.360401982,874266.350959558,499640.990557576,291.567900936988,299.52961204587,286.017120280285
182700,166.585860000215,-382972.115844304,882581.161064398,499609.045220094,294.3408908002,299.729578253464,290.503148422356
182800,166.677040000216,-374981.023559443,874552.889800389,499571.866240946,291.663461664295,293.239545625516,290.369686138762
182900,166.768220000217,-384016.445014205,883614.175304419,499597.730290213,294.685401135374,301.005472944245,290.226448761847
183000,166.859400000218,-388274.71835047,887847.58660371,499572.86825324,296.097244156648,303.395631808033,290.984904685594
183100,166.950580000219,-363596.685483061,863292.555298664,499695.869815603,287.908139169139,295.751364574188,282.439398783132
183200,167.04176000022,-386125.591842007,885722.493320443,499596.901478436,295.388525369499,301.889801687654,290.808184052922
183300,167.132940000221,-361124.387379496,860856.876762372,499732.489382876,287.095840174211,289.884461076504,284.997513039204
183400,167.224120000223,-381453.989660263,880979.809182146,499525.819521883,293.806839813956,286.660818178246,298.326015204584
183500,167.315300000224,-382607.577778758,882190.526050028,499582.94827127,294.210613990338,295.962152507815,292.797746133695
183600,167.406480000225,-386291.631340572,885799.130828377,499507.499487805,295.414083984785,293.146255006906,296.679791566717
183700,167.497660000226,-368724.618000705,868460.00150334,499735.383502635,289.631482909235,295.293999715308,285.615112136095
183800,167.588840000227,-383602.047107895,883228.312723922,499626.265616028,294.556715932607,289.323177781157,297.800277436963
183900,167.680020000228,-376995.208960213,876693.766919983,499698.55795977,292.377444362175,302.006195552018,285.714629031977
184000,167.771200000229,-388883.497029393,888385.600151043,499502.103121649,296.276671719541,290.103818440771,300.145010012286
184100,167.862380000231,-376814.114145712,876444.477999206,499630.363853494,292.294306486312,292.691597228991,291.785867402453
184200,167.953560000232,-390416.394236471,889942.701466536,499526.307230066,296.795965138081,296.748564356886,296.580235687931
184300,168.044740000233,-388683.054873377,888343.434637723,499660.379764347,296.262609517333,294.517762769038,297.178955174932
184400,168.135920000234,-389122.691913269,888718.691315309,499595.99940204,296.387757650595,307.444272846725,288.769757721798
184500,168.227100000235,-382055.644516628,881637.569112268,499581.92459564,294.026202805492,304.099276267652,287.065798661713
184600,168.318280000236,-386902.652659063,886531.879905317,499629.227246254,295.658455863037,305.198150807294,289.05227718698
184700,168.409460000238,-380709.176475912,880287.696519642,499578.520043729,293.576020183306,298.599442045643,289.982425591594
184800,168.500640000239,-391749.286894302,891313.659873875,499564.372979572,297.253179881232,294.694098231491,298.711523331159
184900,168.59182000024,-376910.867096667,876421.46554833,499510.598451664,292.286631832026,286.397176821995,295.969362978853
185000,168.683000000241,-393042.659346301,892616.987681882,499574.328335581,297.687839813868,297.860901080219,297.324392436454
185100,168.774180000242,-367936.109265526,867650.51089503,499714.401629503,289.361517723872,287.79023309214,290.167906213591
185200,168.865360000243,-387219.794104944,886874.405029035,499654.610924091,295.772688020355,300.798545321773,292.175639246059
185300,168.956540000244,-376786.159592134,876426.099937766,499639.940345632,292.288177401289,292.81817254187,291.691273826402
185400,169.047720000246,-401435.72744326,900946.431395141,499510.703951881,300.465709986707,309.704374933908,294.056211930251
185500,169.138900000247,-380140.658993107,879693.573790416,499552.914797309,293.377880203574,293.404380276024,293.11573192177
185600,169.230080000248,-385512.000270497,885047.476434075,499535.476163578,295.163407181616,296.508223718945,294.020893317411
185700,169.321260000249,-373292.363565363,872979.261822206,499686.898256843,291.13865660237,292.921997060703,289.707147416313
185800,169.41244000025,-381604.118469345,881185.251510134,499581.133040789,293.875354847468,292.827285753007,294.329171448069
185900,169.503620000251,-378002.812623408,877657.351952388,499654.53932898,292.698800050821,291.419727745767,293.307599254149
186000,169.594800000252,-369206.603688996,868781.973046271,499575.369357275,289.738860445646,300.004787716963,282.653459881063
186100,169.685980000254,-388136.431034742,887724.292180717,499587.861145975,296.0561254563,308.628667863585,287.427717080231
186200,169.777160000255,-378740.7972089,878260.225555048,499519.428346148,292.899858447573,294.715199358015,291.445547958571
186300,169.868340000256,-390368.622129524,889939.964521901,499571.342392377,296.795052366817,297.894425676869,295.814807616476
186400,169.959520000257,-373992.169571158,873693.537101091,499701.367529933,291.376867467431,309.476089947704,279.067905091026
186500,170.050700000258,-377087.88314234,876783.299396598,499695.416254258,292.407303450591,289.937404398895,293.810230065513
186600,170.141880000259,-366576.607543854,866284.241982305,499707.634438452,288.905866927566,286.696037810222,290.138331450022
186700,170.23306000026,-391002.672937213,890516.857902431,499514.184965219,296.987446357322,304.869069122531,291.485541641886
186800,170.324240000262,-378643.44973191,878226.519545773,499583.069813863,292.88861749067,296.666730272139,290.125801788447
186900,170.415420000263,-390476.591005886,890011.428845751,499534.837839865,296.818885724779,298.455002810881,295.480791929274
187000,170.506600000264,-369974.532489724,869678.450539008,499703.918049284,290.037835764218,292.911717207332,287.880216605673
187100,170.597780000265,-391759.641092801,891339.708526033,499580.067433232,297.261867108899,290.678034685544,301.403370501878
187200,170.688960000266,-377306.353629142,876988.26133745,499681.907708307,292.475658274954,293.778990302206,291.363040541556
187300,170.780140000267,-391161.754863067,890672.682141837,499510.92727877,297.039413754156,296.780839849078,296.964263512746
187400,170.871320000268,-374544.107386256,874155.857621989,499611.750235733,291.531051399696,291.844933303752,291.07885425416
187500,170.96250000027,-388621.160470473,888061.260599416,499440.100128943,296.168504452031,300.757389662575,292.862440557959
187600,171.053680000271,-374742.323249009,874328.902847688,499586.579598679,291.588761996894,293.000123207196,290.404863888363
187700,171.144860000272,-377552.080277476,877050.63223344,499498.551955964,292.496458973967,291.368234874692,293.004861324339
187800,171.236040000273,-372892.786617186,872557.030352223,499664.243735037,290.997842371927,286.677181825123,293.635784534487
187900,171.327220000274,-371769.323314917,871360.283262045,499590.959947128,290.598727117574,298.649470247951,284.989399424725
188000,171.418400000275,-354679.460911752,854260.613699493,499581.152787741,284.895985892777,284.372655029618,285.007459813306
188100,171.509580000276,-393165.227985033,892686.39627025,499521.168285217,297.710987583875,294.696876547867,299.47230245156
188200,171.600760000278,-379036.639318971,878521.92378416,499485.284465188,292.987134828801,286.144869604536,297.304489032621
188300,171.691940000279,-364283.507599105,863882.30866664,499598.801067535,288.10482196653,291.97595939104,285.283976331885
188400,171.78312000028,-379345.49754812,878857.746600657,499512.249052537,293.099131766102,288.984254195767,295.598134203187
188500,171.874300000281,-364574.1946575,864247.166345232,499672.971687732,288.22650203276,289.595299088575,287.073781910524
188600,171.965480000282,-372549.241226376,872130.816547016,499581.575320639,290.855700032355,288.062266696687,292.475609172773
188700,172.056660000283,-349315.362845638,848964.766785892,499649.403940254,283.12982050555,279.316976367461,285.435775080522
188800,172.147840000284,-364927.263728886,864492.527784968,499565.264056083,288.308330093369,292.713260586714,285.131452822729
188900,172.239020000286,-381350.81682701,880911.932512233,499561.115685223,293.78420293888,289.736256705271,296.238013592171
189000,172.330200000287,-388065.261471205,887672.588613844,499607.327142639,296.038882312438,302.54765888846,291.452998859829
189100,172.421380000288,-378168.357862778,877814.338415004,499645.980552225,292.751155049193,286.339721531915,296.781484764838
189200,172.512560000289,-377593.910884341,877240.418964238,499646.508079898,292.559752864512,295.667284149644,290.244265547037
189300,172.60374000029,-381171.218015919,880799.200637217,499627.982621298,293.746606849163,292.406414208692,294.395279770436
189400,172.694920000291,-374259.183956257,873877.07145601,499617.887499753,291.438076190098,289.409881488941,292.547340927378
189500,172.786100000292,-375797.142641455,875385.771717857,499588.629076402,291.941227853212,284.84744877723,296.427129547322
189600,172.877280000294,-377744.20867357,877375.551984731,499631.34331116,292.604819738113,290.318674011862,293.885079539164
189700,172.968460000295,-373218.634910722,872851.460925354,499632.826014632,291.096034992614,285.837819930212,294.358931671724
189800,173.059640000296,-380123.701218116,879748.656915632,499624.955697516,293.396250430426,283.567504597438,299.704250777059
189900,173.150820000297,-362388.932093745,862085.798606693,499696.866512949,287.505685711754,287.588761530649,287.210713761062
190000,173.242000000298,-397391.994628176,896914.298502111,499522.303873935,299.120993330702,296.903755795383,300.349884193139
190100,173.333180000299,-372676.167763016,872334.920312661,499658.752549644,290.923768655214,281.437239244774,297.00568512163
190200,173.424360000301,-389598.228983034,889124.423026863,499526.194043829,296.523069210226,305.377135449686,290.373255826245
190300,173.515540000302,-377658.613132355,877311.997881596,499653.384749241,292.583624439418,287.587799361105,295.670354804595
190400,173.606720000303,-394909.287410015,894413.764526366,499504.477116351,298.287065041309,286.552572152868,305.86148774607
190500,173.697900000304,-384464.111067412,884047.901004971,499583.789937559,294.83004869267,286.6489440099,300.038426773941
190600,173.789080000305,-404992.507582519,904554.193979432,499561.686396913,301.668899109365,313.706633473147,293.392352117587
190700,173.880260000306,-370769.718037465,870407.739952417,499638.021914952,290.281053844394,302.160711349692,282.119381295993
190800,173.971440000307,-381805.233214581,881408.443700808,499603.210486227,293.949789461667,296.891590992427,291.743630283275
190900,174.062620000309,-392020.261030308,891594.216434604,499573.955404296,297.346745517627,296.36920282664,297.750651690353
191000,174.15380000031,-385298.041657023,884818.48317694,499520.441519916,295.087037911269,292.446482708822,296.601502181307
191100,174.244980000311,-351972.678075339,851559.117819195,499586.439743856,283.995036791461,285.870087585612,282.508340398034
191200,174.336160000312,-356486.689720458,856050.139386435,499563.449665977,285.492792858574,283.328100732048,286.69801028221
191300,174.427340000313,-381132.006840702,880701.126885497,499569.120044794,293.713899244788,305.46461815922,285.635325052463
191400,174.518520000314,-385169.609160081,884724.238332832,499554.629172752,295.055607247901,293.239865835748,296.020221849964
191500,174.609700000315,-373724.063272534,873319.900037195,499595.836764661,291.252259475469,292.796160830263,289.980281689378
191600,174.700880000317,-366004.228539038,865627.387996097,499623.159457059,288.6868060684,292.233133323886,286.082015559686
191700,174.792060000318,-391897.64123274,891428.248370762,499530.607138022,297.291395154498,283.858051712794,305.999214619673
191800,174.883240000319,-388474.537048056,888057.616252334,499583.079204278,296.167289061976,292.784579484147,298.175622706311
191900,174.97442000032,-393991.097907592,893508.044942496,499516.947034904,297.985007484574,298.752019226957,297.225345483415
192000,175.065600000321,-371817.229553574,871425.75684297,499608.527289396,290.620562562271,285.543631083698,293.762999745851
192100,175.156780000322,-371576.947295425,871176.352845515,499599.40555009,290.537386308326,282.57303245704,295.604841053925
192200,175.247960000323,-364782.2482549,864420.349312506,499638.101057606,288.284258566785,288.191171508862,288.106079723261
192300,175.339140000325,-377527.244939081,877142.416643034,499615.171703953,292.527069082219,290.110001662615,293.894674804387
192400,175.430320000326,-374313.810676488,873906.933652317,499593.122975829,291.448035235057,287.938304452468,293.544982394087
192500,175.521500000327,-371539.138462174,871146.265203455,499607.126741281,290.52735207719,298.664001227602,284.860813183519
192600,175.612680000328,-383495.098795474,883055.820561272,499560.721765798,294.499189781982,295.210610055578,293.779493608099
192700,175.703860000329,-379525.981805121,879124.104613754,499598.122808633,293.187962185678,299.910743759686,288.461784501184
192800,175.79504000033,-376040.902484406,875620.167103406,499579.264619,292.019398733836,296.693349644592,288.660081961053
192900,175.886220000331,-363020.866650377,862605.962539895,499585.095889518,287.679160426845,286.29184012977,288.364307991206
193000,175.977400000333,-384815.635239088,884412.438043326,499596.802804238,294.951621825355,297.483159508499,293.018137018404
193100,176.068580000334,-394189.907084596,893735.246951686,499545.33986709,298.060779373582,294.822568401706,299.971202705355
193200,176.159760000335,-386577.172640705,886169.966076561,499592.793435856,295.537757570973,283.435622036769,303.359566462467
193300,176.250940000336,-387668.805833151,887147.295116055,499478.489282904,295.863696887128,290.776523252748,299.008592895974
193400,176.342120000337,-381025.4679911,880624.289644793,499598.821653693,293.688274018607,290.720600542312,295.421982774455
193500,176.433300000338,-380466.462170501,879986.300496879,499519.838326378,293.475504584585,287.917845047244,296.936048022326
193600,176.524480000339,-371265.220281191,870923.467020794,499658.246739603,290.453048864697,280.615244956763,296.769540595933
193700,176.615660000341,-398716.040547531,898139.816158014,499423.775610483,299.529703571124,302.182160555629,297.511790828478
193800,176.706840000342,-378527.005845564,878122.780339742,499595.774494178,292.854020456809,279.839700315505,301.286188867297
193900,176.798020000343,-397782.554185877,897236.597866906,499454.043681029,299.228480195733,285.544179116079,308.10199051534
194000,176.889200000344,-371019.60315851,870636.730019831,499617.126861321,290.357422050969,278.790242768754,297.826910387405
194100,176.980380000345,-377965.162883945,877476.73931854,499511.576434595,292.638565722375,290.163010319717,294.045070519378
194200,177.071560000346,-390621.056979708,890198.501981004,499577.445001296,296.881274630983,306.779406925522,290.035118705764
194300,177.162740000347,-381133.95762859,880646.226495465,499512.268866874,293.695589960135,287.08698502247,297.856580260278
194400,177.253920000349,-380790.95854158,880346.122657406,499555.164115826,293.595505305121,294.896062097461,292.483804522474
194500,177.34510000035,-380958.301088123,880481.886818392,499523.585730269,293.640782664129,304.477716332876,286.171459566078
194600,177.436280000351,-386403.486131528,885939.452929695,499535.966798168,295.460881417274,297.016516158337,294.177574188717
194700,177.527460000352,-379764.995304201,879380.923474761,499615.92817056,293.273611297236,292.868693351305,293.299161918442
194800,177.618640000353,-385986.192317291,885561.934131334,499575.741814043,295.334978866545,291.78613155843,297.454764589566
194900,177.709820000354,-366061.957362624,865682.559930448,499620.602567824,288.705205913106,282.754960257123,292.431448678834
195000,177.801000000355,-381626.192624672,881180.337175143,499554.144550471,293.873715916339,298.340470026707,290.650985079496
195100,177.892180000357,-373519.600049407,873165.625492964,499646.025443558,291.200808902106,291.805905068961,290.554744116784
195200,177.983360000358,-378896.604038697,878492.906506771,499596.302468074,292.977457564373,296.586078108736,290.327562653494
195300,178.074540000359,-368261.213750799,867884.980637079,499623.766886281,289.439713402394,282.981284392115,293.504132981412
195400,178.16572000036,-380410.708217124,880021.834311896,499611.126094772,293.487355114856,286.732148384806,297.746253472294
195500,178.256900000361,-382523.025737365,882093.213360157,499570.187622792,294.178160200152,298.8974785813,290.78679947922
195600,178.348080000362,-372133.702370679,871805.636784302,499671.934413623,290.747252554378,281.863000018224,296.427798201352
195700,178.439260000364,-383975.239629631,883585.333512167,499610.093882536,294.675782395253,283.431135551497,301.926650472428
195800,178.530440000365,-372158.01242237,871850.144823069,499692.132400699,290.762095989017,290.876222016275,290.443710224189
195900,178.621620000366,-378546.235155766,878086.938778504,499540.703622738,292.842067293148,292.072775677054,293.110893314466
196000,178.712800000367,-395400.869417789,894994.437634458,499593.568216669,298.480719571272,289.949194350692,303.919669118683
196100,178.803980000368,-395664.693563516,895181.206469136,499516.51290562,298.543006993208,304.546444427394,294.291929531258
196200,178.895160000369,-366004.911051404,865682.389117502,499677.478066098,288.705148946974,303.271457642956,278.753688858864
196300,178.98634000037,-382995.745384574,882575.588053104,499579.84266853,294.339032200468,293.793204698383,294.457634675024
196400,179.077520000372,-385645.383203811,885305.944470055,499660.561266244,295.249606293165,297.576291665761,293.452441372855
196500,179.168700000373,-383947.793043544,883584.7907266,499636.997683055,294.675601376221,307.478498487675,285.894773634105
196600,179.259880000374,-373879.859410716,873464.793297977,499584.933887261,291.300581390021,291.582952855727,290.869583261724
196700,179.351060000375,-356856.848178829,856462.611306128,499605.763127299,285.630352278182,290.237975528948,282.320578150772
196800,179.442240000376,-389009.459167319,888498.443186154,499488.984018835,296.314304881158,291.874966556056,299.02693517716
196900,179.533420000377,-386454.58486776,886025.96463541,499571.37976765,295.489733078342,297.444171817967,293.94053247436
197000,179.624600000378,-368802.011869703,868328.73344519,499526.721575488,289.587705000897,282.501835307037,294.070295042637
197100,179.71578000038,-364140.267711776,863857.345373436,499717.07766166,288.096496706165,302.497045748064,278.256050264311
197200,179.806960000381,-377293.794798675,876929.230914458,499635.436115783,292.455971623965,299.63553125558,287.425885226533
197300,179.898140000382,-361115.792013126,860817.150302084,499701.358288957,287.082591396393,284.734297352079,288.408885266438
197400,179.989320000383,-401924.354141629,901407.627482113,499483.273340483,300.619518920164,298.561974004825,301.740699264624
197500,180.080500000384,-376659.110091626,876218.949253152,499559.839161526,292.219092630699,287.730096601745,294.968240739476
197600,180.171680000385,-385791.381892319,885247.837741671,499456.455849352,295.230227694404,288.720091199758,299.32429350109
197700,180.262860000386,-369747.86583798,869370.605720441,499622.739882461,289.935169491559,286.331217620045,292.096191431325
197800,180.354040000388,-376894.768932106,876508.535723822,499613.766791716,292.315669742812,281.052781303373,299.580665644318
197900,180.445220000389,-365949.911680218,865667.366296804,499717.454616586,288.700138835019,291.683714393302,286.470505013801
198000,180.53640000039,-376276.235086615,875870.244222127,499594.009135512,292.102799473779,288.366989599928,294.349920390119
198100,180.627580000391,-345718.677822044,845354.166361105,499635.488539061,281.92568496285,290.962875200386,275.665953400357
198200,180.718760000392,-384187.419621223,883655.539251048,499468.119629825,294.699196015023,297.351021232947,292.685729873061
198300,180.809940000393,-372937.235590852,872514.799283303,499577.563692451,290.983758306921,294.534436710205,288.374152906143
198400,180.901120000394,-375536.160419232,875067.286398159,499531.125978927,291.835012972539,283.626037345786,297.064467546231
198500,180.992300000396,-364388.495442894,864105.227313117,499716.731870223,288.179165353716,302.218055456369,278.579755980819
198600,181.083480000397,-384732.149512634,884347.079322968,499614.929810334,294.929824686666,296.019001937807,293.957931665334
198700,181.174660000398,-359773.056532214,859465.696531503,499692.639999288,286.631881451227,275.561966634481,293.772964761181
198800,181.265840000399,-392933.215943713,892489.17330556,499555.957361847,297.645213708708,299.434181032771,296.204531147909
198900,181.3570200004,-380420.296417334,879992.378276703,499572.081859369,293.477531524663,300.476717483276,288.566842942652
199000,181.448200000401,-394185.66249879,893722.659063434,499536.996564644,298.056581311801,302.695405011649,294.715651694142
199100,181.539380000402,-366850.314460132,866474.74904806,499624.434587928,288.969401049878,285.220591969589,291.227799269197
199200,181.630560000404,-367895.963292739,867564.877574892,499668.914282154,289.332959004466,298.876638735781,282.729395051086
199300,181.721740000405,-353612.264358749,853305.840718125,499693.576359376,284.577569023887,295.454029033007,277.089447710287
199400,181.812920000406,-367134.94971141,866804.55554158,499669.605830169,289.079391542965,291.594888505458,287.161494075016
199500,181.904100000407,-374622.251864836,874267.237564708,499644.985699872,291.568196619879,285.802962604865,295.168712466039
199600,181.995280000408,-369091.602139905,868699.985427038,499608.383287133,289.711517567797,298.222135898392,283.796345749426
199700,182.086460000409,-357935.638770391,857603.310317826,499667.671547435,286.010775493689,278.929415560588,290.493339802845
199800,182.17764000041,-377817.270107969,877420.376466137,499603.106358168,292.619768706399,290.661755827078,293.681260818691
199900,182.268820000412,-384970.376816338,884592.886295705,499622.509479366,295.011801332568,287.539774422557,299.747309438132
200000,182.360000000413,-379978.023100985,879553.916225787,499575.893124801,293.331304394126,304.237912518368,285.815789557636
200100,182.451180000414,-366283.490295613,865898.823440758,499615.333145146,288.777329811825,297.593303472364,282.65936626329
200200,182.542360000415,-383634.248112965,883235.613823987,499601.365711022,294.559150850087,296.737387365922,292.861527213823
200300,182.633540000416,-375891.03646992,875490.834185049,499599.797715129,291.97626619478,293.82284753391,290.501898413532
200400,182.724720000417,-371021.440741094,870699.38712723,499677.946386136,290.378318201511,287.906633032899,291.784126382084
200500,182.815900000418,-374397.056627084,873945.204147497,499548.147520413,291.46079844839,293.532122866173,289.837031504493
200600,182.90708000042,-354210.137087728,853836.344441785,499626.207354056,284.754492059958,307.258503529433,269.514522336926
200700,182.998260000421,-389564.554531064,889069.565434358,499505.010903294,296.504774198552,299.380545710987,294.340505878431
200800,183.089440000422,-371844.86713142,871450.79594001,499605.928808591,290.628913103222,292.402885877956,289.204073825812
200900,183.180620000423,-375661.711386752,875217.350365319,499555.638978567,291.885059318099,289.400754209122,293.298025174652
201000,183.271800000424,-365103.474223267,864782.929960516,499679.455737249,288.405179243127,290.682901345955,286.646360191872
201100,183.362980000425,-387098.950521584,886619.653239954,499520.70271837,295.687728277457,302.316404399163,291.022204422755
201200,183.454160000426,-366128.931330055,865761.845051418,499632.913721363,288.73164750756,289.758006326949,287.806798588378
201300,183.545340000428,-388198.627651552,887664.609701534,499465.982049982,296.036221344517,287.121384275863,301.732749205831
201400,183.636520000429,-385538.012172544,885141.702266836,499603.690094292,295.194831504698,298.846806864958,292.514185571604
201500,183.72770000043,-361970.408124414,861562.838721776,499592.430597362,287.331278546532,276.722869452648,294.164108543667
201600,183.818880000431,-353733.868310101,853385.10087658,499651.232566479,284.60400229334,276.355373801335,289.865917952765
201700,183.910060000432,-376620.512995068,876227.351312712,499606.838317644,292.221894718263,299.644692868042,287.029844372812
201800,184.001240000433,-394417.43114359,893927.072408597,499509.641265008,298.124753179456,294.741359513739,300.131911662284
201900,184.092420000435,-382773.742603194,882347.158137375,499573.415534181,294.262850804527,296.906214410548,292.255389358177
202000,184.183600000436,-385769.578608287,885302.007724537,499532.42911625,295.248293388206,291.508648300308,297.495349868983
202100,184.274780000437,-361606.16144083,861255.493972901,499649.33253207,287.228779047157,275.633441823992,294.719646546726
202200,184.365960000438,-368155.330481909,867765.655719951,499610.325238041,289.399918532583,289.56398415224,289.049374854034
202300,184.457140000439,-346964.695786837,846689.512973187,499724.81718635,282.371023169314,290.588744850354,276.657232862646
202400,184.54832000044,-376947.355204172,876568.048710668,499620.693506496,292.335517328887,290.808293907051,293.11005334567
202500,184.639500000441,-384710.807226943,884315.302575643,499604.4953487,294.919227138784,295.33085742713,294.399040923937
202600,184.730680000443,-373439.822926589,872978.740728708,499538.917802118,291.138482817645,284.142027552834,295.560170925171
202700,184.821860000444,-385719.123055343,885284.784713896,499565.661658553,295.242549512722,290.867654446992,297.913110765282
202800,184.913040000445,-373572.995745536,873268.686861187,499695.691115651,291.235179877001,294.044304163604,289.119734369368
202900,185.004220000446,-370158.411606951,869843.985176015,499685.573569064,290.093041579461,290.918073048409,289.301276398847
203000,185.095400000447,-368324.565762269,868004.353216442,499679.787454172,289.479524167564,305.759960105951,278.384667271834
203100,185.186580000448,-384354.018060878,883963.899023024,499609.880962146,294.802034024687,297.85487177153,292.521140498439
203200,185.277760000449,-362313.445437348,861946.632270816,499633.186833468,287.459273727136,282.965603958713,290.215504177978
203300,185.368940000451,-358324.969624236,857948.128953687,499623.15932945,286.125772537498,298.235667682423,277.814070963765
203400,185.460120000452,-372865.012898728,872421.655191607,499556.642292879,290.952694744575,289.337908869493,291.786758082342
203500,185.551300000453,-389637.13287607,889226.468930079,499589.336054008,296.557101527457,292.419582714971,299.068316484506
203600,185.642480000454,-381515.100434984,881056.689313695,499541.588878711,293.832479344237,293.78064076934,293.622177994715
203700,185.733660000455,-376330.140885716,875991.742341241,499661.601455525,292.143319106634,291.108092633507,292.590017322796
203800,185.824840000456,-359733.782672743,859360.993818426,499627.211145683,286.596963087686,284.987329699447,287.431221210605
203900,185.916020000457,-369591.350428828,869231.936904998,499640.58647617,289.888923430048,281.796976698337,295.041980481662
204000,186.007200000459,-371718.743187605,871202.017255425,499483.27406782,290.545945391171,291.455382796387,289.697532166534
204100,186.09838000046,-387790.836176857,887298.346740258,499507.510563401,295.914072616394,286.443914490779,301.98091630629
204200,186.189560000461,-382058.037889973,881588.716666463,499530.67877649,294.009910510743,298.429045708589,290.818812120087
204300,186.280740000462,-383119.486883096,882709.466074168,499589.979191072,294.383680531655,297.252445886944,292.22585056102
204400,186.371920000463,-381814.388474246,881354.099778608,499539.711304362,293.931665759082,293.907741511686,293.702672202547
204500,186.463100000464,-382765.317363917,882348.978712645,499583.661348728,294.263457966532,300.706815706674,289.722666591465
204600,186.554280000465,-370385.586851382,869979.747873884,499594.161022502,290.13831845052,288.106276516351,291.251231141257
204700,186.645460000467,-367601.195588286,867182.914054363,499581.718466077,289.205574138524,279.980832335848,295.114397361858
204800,186.736640000468,-389559.02140737,889060.001096393,499500.979689023,296.501584491043,301.771699614696,292.741089754866
204900,186.827820000469,-396008.792547813,895454.219604058,499445.427056245,298.634056896467,291.175077684744,303.357847990203
205000,186.91900000047,-381233.22219293,880782.112496148,499548.890303217,293.740907952692,299.326146724635,289.772631348104
205100,187.010180000471,-377607.828901106,877147.891498476,499540.06259737,292.528894946966,283.674335583238,298.188160443661
205200,187.101360000472,-375716.525510792,875351.411381667,499634.885870875,291.929768678228,295.296305745941,289.442135825853
205300,187.192540000473,-392580.521986454,892126.195663511,499545.673677058,297.524160634821,295.662169172135,298.517551476083
205400,187.283720000475,-383869.813915122,883424.035557811,499554.22164269,294.621989514027,315.557937573741,280.419172482957
205500,187.374900000476,-384163.627230775,883689.613900077,499525.986669302,294.710559913316,299.277178065291,291.420555678737
205600,187.466080000477,-382839.449915961,882399.666237309,499560.216321348,294.280362260233,297.069495334976,292.175706575186
205700,187.557260000478,-383449.911845709,882983.209302316,499533.297456607,294.474973921066,298.244982324345,291.716239173945
205800,187.648440000479,-390689.594090549,890231.903049323,499542.308958774,296.892413890053,306.115629386555,290.496193214142
205900,187.73962000048,-384545.246412943,884199.111441222,499653.86502828,294.880477385767,297.655721163356,292.784581136219
206000,187.830800000481,-378197.50459052,877803.294378241,499605.789787721,292.747471862011,291.935370262134,293.044916702046
206100,187.921980000483,-370896.119846278,870552.673022455,499656.553176177,290.329389035336,289.817017992747,290.429028572866
206200,188.013160000484,-391840.221101038,891382.840461417,499542.619360379,297.276251612945,301.65997899149,294.106036484238
206300,188.104340000485,-389489.1803927,889001.376973635,499512.196580935,296.482033341215,291.914407214735,299.280049064418
206400,188.195520000486,-381660.431168459,881177.506625024,499517.075456565,293.872771927638,288.389907872636,297.283120654367
206500,188.286700000487,-385779.420843172,885346.480563995,499567.059720823,295.263125083874,290.510187196326,298.185697738002
206600,188.377880000488,-382584.04896879,882146.576599238,499562.527630448,294.195956844835,306.661122396711,285.640683179546
206700,188.469060000489,-378422.390743523,878031.195056614,499608.804313091,292.82347675725,287.547334632807,296.096885276247
206800,188.560240000491,-400003.999613294,899508.003458721,499504.003845427,299.985994149982,307.316731348131,294.848847689425
206900,188.651420000492,-380159.335566532,879751.509892991,499592.174326459,293.397201898613,286.713317595175,297.608627099324
207000,188.742600000493,-385919.922902088,885504.208653134,499584.285751046,295.315727414752,302.624520959124,290.19710194566
207100,188.833780000494,-357017.924316658,856658.835879855,499640.911563197,285.69579318988,275.332637373865,292.366483906231
207200,188.924960000495,-370680.146465126,870249.571704971,499569.425239846,290.228304720684,293.114305839781,288.06244705402
207300,189.016140000496,-394880.946943994,894423.155700207,499542.208756213,298.290196998568,296.047612365613,299.536678256374
207400,189.107320000498,-378597.063558295,878181.308775416,499584.245217121,292.873539694986,292.383111790775,292.956430348045
207500,189.198500000499,-372008.43788466,871598.650180162,499590.212295501,290.67822250464,288.775096126824,291.704741571096
207600,189.2896800005,-388360.333514501,888015.755647892,499655.422133391,296.153328546904,287.025147747565,301.991987972675
207700,189.380860000501,-367693.014489023,867355.85455872,499662.840069697,289.263249811146,290.84130933079,287.970157423208
207800,189.472040000502,-386937.933304371,886565.716072972,499627.782768602,295.669740227771,290.701959463329,298.735202620543
207900,189.563220000503,-368453.863293955,868052.999818556,499599.136524601,289.495747813425,296.761296292877,284.410802370613
208000,189.654400000504,-375831.452699137,875418.190366184,499586.737667046,291.952039475132,291.501430785499,292.00915190199
208100,189.745580000506,-377100.483973549,876632.597987617,499532.114014068,292.357044518131,280.861241089167,299.777282600343
208200,189.836760000507,-382907.723469933,882495.262012938,499587.538543004,294.312243459376,297.59742277107,291.876863715363
208300,189.927940000508,-392143.24272788,891791.165601487,499647.922873608,297.412428081203,296.192566611874,297.977825370688
208400,190.019120000509,-369237.895825306,868862.623136245,499624.727310939,289.765757257377,293.458311632015,287.062582876571
208500,190.11030000051,-351450.009556621,851199.752945466,499749.743388846,283.87518857611,282.931658043169,284.267646274258
208600,190.201480000511,-377570.223286419,877111.504202301,499541.280915882,292.516759780657,296.840380676927,289.390581883328
208700,190.292660000512,-371352.029842798,870993.057611783,499641.027768985,290.476257332594,294.921607902058,287.270626738508
208800,190.383840000514,-381746.460737894,881245.813515347,499499.352777453,293.895552281256,297.012178042646,291.572888813428
208900,190.475020000515,-388219.419302273,887809.76377488,499590.344472607,296.08463024008,293.280362756874,297.707404703685
209000,190.566200000516,-371213.183378301,870859.340982733,499646.157604433,290.431662825657,300.374806123193,283.560874241614
209100,190.657380000517,-359924.169574917,859601.348813936,499677.179239018,286.677121498728,287.012211660933,286.214830456009
209200,190.748560000518,-363437.421904185,863096.322598236,499658.900694051,287.842695547186,286.536154161865,288.473854224444
209300,190.839740000519,-390888.432777642,890497.17412058,499608.741342938,296.980881814434,310.171006045274,287.939981592362
209400,190.93092000052,-380655.937469978,880270.876570066,499614.939100088,293.57041072872,309.394615579321,282.776298819379
209500,191.022100000522,-359500.279670835,859076.811684783,499576.532013947,286.502188322422,282.08056297182,289.211186732554
209600,191.113280000523,-360057.177852543,859718.586266343,499661.408413799,286.71622019888,290.048723454079,284.255621178582
209700,191.204460000524,-371556.526200712,871176.330881438,499619.804680726,290.537378983304,299.796332068219,284.122629110876
209800,191.295640000525,-358391.787087255,858103.599590634,499711.812503379,286.177622007882,288.044109119406,284.694815915193
209900,191.386820000526,-359890.696041881,859536.928647841,499646.23260596,286.655637367964,287.323212316291,285.971707704607
210000,191.478000000527,-378615.539176117,878264.921867816,499649.382691699,292.901424668273,288.731957260549,295.436985086199
210100,191.569180000528,-364933.196222856,864553.461980004,499620.265757148,288.328651652494,301.357330471128,279.402591897028
210200,191.66036000053,-372300.4348795,871867.185494105,499566.750614605,290.767779054229,289.245496803717,291.540327405358
210300,191.751540000531,-371810.22359904,871496.798405305,499686.574806265,290.644254929233,287.261315624193,292.657344253486
210400,191.842720000532,-380537.641658998,880213.97865222,499676.336993222,293.551435268374,296.134616993121,291.584687922486
210500,191.933900000533,-381938.967373002,881613.12014863,499674.152775628,294.01804907408,302.659381321452,288.012145868272
210600,192.025080000534,-363020.738614504,862688.662886522,499667.924272018,287.70674099934,285.817401795601,288.726544851001
210700,192.116260000535,-383927.541374781,883487.302680613,499559.761305832,294.643089104757,300.400226540681,290.55946157322
210800,192.207440000536,-383717.22292236,883310.046839675,499592.823917315,294.583974267025,292.011035908176,296.053779861036
210900,192.298620000538,-389998.670760012,889546.004938172,499547.33417816,296.663666812797,292.106318707475,299.454679160669
211000,192.389800000539,-371786.366228169,871409.393732405,499623.027504235,290.615105463533,296.843320451467,286.220782883692
211100,192.48098000054,-387255.386394949,886866.371690634,499610.985295686,295.770008901329,291.452627353317,298.401788259253
211200,192.572160000541,-376365.196433516,875997.175029499,499631.978595983,292.145130908621,285.738370713224,296.172850096462
211300,192.663340000542,-384770.574772531,884343.46962818,499572.894855649,294.928620853153,292.548575483884,296.269543915288
211400,192.754520000543,-387781.380101896,887357.664910907,499576.284809011,295.933855231251,293.865275582443,297.066296784432
211500,192.845700000544,-396446.859795735,895993.610614859,499546.750819123,298.813943843541,295.663615631756,300.665151031529
211600,192.936880000546,-372229.084375977,871852.545149373,499623.460773397,290.76289649804,303.679525212737,281.909508274496
211700,193.028060000547,-374507.25154682,874098.116075078,499590.864528258,291.511794588987,297.801010866229,287.076057242002
211800,193.119240000548,-370738.289011179,870383.753058989,499645.46404781,290.273054213436,287.239092070221,292.053801430402
211900,193.210420000549,-386639.237788896,886255.196560265,499615.95877137,295.566181944394,293.052600056632,296.995598051281
212000,193.30160000055,-363513.438889481,863089.4255757,499575.986686218,287.840395389595,294.392151382313,283.232691064957
212100,193.392780000551,-367691.970597708,867277.306682724,499585.336085016,289.237054087952,283.262512611573,292.979050860464
212200,193.483960000552,-371714.32091235,871355.41741606,499641.09650371,290.597104357532,294.801335696964,287.552119210945
212300,193.575140000554,-372215.417460844,871854.158780222,499638.741319378,290.763434644063,296.443126298747,286.734670678736
212400,193.666320000555,-366442.919713215,866138.148608358,499695.228895142,288.857144775173,292.930294324621,285.900997454896
212500,193.757500000556,-372428.813508737,872062.571966095,499633.758457359,290.832940458928,286.949852529153,293.17930496173
212600,193.848680000557,-360346.856357225,859968.032071376,499621.175714151,286.799410395657,281.090346180109,290.366453697359
212700,193.939860000558,-357973.935242491,857615.551582355,499641.616339864,286.01485795643,285.044371056762,286.423503507911
212800,194.031040000559,-362688.467301256,862337.913949051,499649.446647796,287.58976619945,294.713190851037,282.601158293225
212900,194.122220000561,-377637.431823921,877299.068712711,499661.636888791,292.579312560517,295.762075595067,290.213654443683
213000,194.213400000562,-355398.45089222,855119.673198304,499721.222306084,285.182482307255,279.525837631369,288.715926689256
213100,194.304580000563,-367449.676914841,867072.682387716,499623.005472875,289.168811868506,286.617166384238,290.628934848128
213200,194.395760000564,-371588.212815484,871226.801051141,499638.588235657,290.554210789108,287.55286605142,292.31297877191
213300,194.486940000565,-378971.230968474,878516.571903295,499545.340934822,292.985349976086,285.463839099379,297.755536102244
213400,194.578120000566,-363863.94566312,863481.359137715,499617.413474595,287.971105265204,279.801822798381,293.177317655365
213500,194.669300000567,-386162.237147698,885766.595055276,499604.357907577,295.403233301743,296.242809114988,294.597346731828
213600,194.760480000569,-377311.362397731,876951.668082984,499640.305685253,292.463454421539,289.597373621415,294.130455409604
213700,194.85166000057,-387356.930597609,886970.433465332,499613.502867724,295.804713511867,289.015999739005,300.084018765849
213800,194.942840000571,-378216.434025539,877808.981321256,499592.547295718,292.749368457981,300.48512050226,287.348242621412
213900,195.034020000572,-384411.348336857,883926.0733267,499514.724989844,294.789419151809,298.186816729191,292.278829584261
214000,195.125200000573,-396665.047700675,896178.078983159,499513.031282484,298.87546405975,291.892389310893,303.281784338937
214100,195.216380000574,-383261.574256849,882775.567147601,499513.992890751,294.405725245156,292.885596707118,295.173806166144
214200,195.307560000575,-386067.750390514,885659.428114412,499591.677723898,295.36749311803,302.383113834459,290.444273062811
214300,195.398740000577,-385473.751720066,885082.123042493,499608.371322427,295.174961828412,298.692565931368,292.583913291585
214400,195.489920000578,-373720.24226269,873344.807913659,499624.56565097,291.260566254347,289.475330544016,292.208006256022
214500,195.581100000579,-390292.790452221,889802.902783389,499510.112331168,296.749342265596,283.995815853979,305.00440208812
214600,195.67228000058,-396086.852994251,895610.352651564,499523.499657313,298.686127280828,306.481147242362,293.240542200406
214700,195.763460000581,-387933.5954564,887474.738914765,499541.143458365,295.972899421299,290.929545151547,299.088491518282
214800,195.854640000582,-368906.408515991,868407.111086797,499500.702570805,289.613843950908,282.303183066543,294.246273003859
214900,195.945820000583,-393517.616385644,893110.697835745,499593.081450101,297.852492191344,299.421929323576,296.557990359696
215000,196.037000000585,-381855.029777572,881469.789855053,499614.760077481,293.970248409222,295.796376236956,292.507854650391
215100,196.128180000586,-362442.341808635,862141.862853834,499699.521045198,287.524383142849,286.255109207243,288.130962113969
215200,196.219360000587,-372114.487819688,871709.324634061,499594.836814374,290.715132444242,284.839520171287,294.38994468251
215300,196.310540000588,-383672.262045967,883236.792172555,499564.530126588,294.559543829433,298.217737863775,291.875281520015
215400,196.401720000589,-386898.657306632,886345.100818454,499446.443511822,295.596165021996,286.15987539973,301.640694632655
215500,196.49290000059,-372462.769450796,872043.957177489,499581.187726693,290.826732425376,269.780542182555,304.615170310234
215600,196.584080000591,-385046.114096935,884661.905350525,499615.79125359,295.034819193105,301.587178508387,290.420717300256
215700,196.675260000593,-363292.734238541,863010.633541984,499717.899303443,287.814118239781,294.945341445438,282.820124337476
215800,196.766440000594,-372069.432090614,871685.783048215,499616.350957601,290.7072813234,288.12180704955,292.188674771531
215900,196.857620000595,-385752.754756303,885381.078468141,499628.323711837,295.274663487791,290.408539350522,298.272684026397
216000,196.948800000596,-383157.900537719,882687.115564714,499529.215026996,294.376226634889,282.448156129132,302.082960116532
216100,197.039980000597,-363415.083129014,863033.82726832,499618.744139306,287.821853349448,288.343259600326,287.234397637738
216200,197.131160000598,-372425.745939136,871986.098928352,499560.352989216,290.807436694465,279.872151035633,297.855287603106
216300,197.222340000599,-387922.685106128,887541.798347998,499619.11324187,295.995263747873,300.637039609078,292.654083787282
216400,197.313520000601,-361352.888560131,860940.982190054,499588.093629923,287.123889341355,287.283752965669,286.778043684028
216500,197.404700000602,-368094.844812267,867735.96042949,499641.115617223,289.390015150739,283.961360721049,292.767959757906
216600,197.495880000603,-383741.189464533,883345.824800681,499604.635336148,294.595906220004,287.231476431279,299.260029490636
216700,197.587060000604,-380340.046960619,879929.169587952,499589.122627333,293.456451421695,295.959331331985,291.543317771984
216800,197.678240000605,-374082.652761313,873625.23762655,499542.584865237,291.354089586977,290.70848041744,291.541700625346
216900,197.769420000606,-381880.939608832,881458.926648469,499577.987039637,293.966625528921,302.980429175926,287.712450909643
217000,197.860600000607,-356575.255526264,856282.619285375,499707.363759111,285.570324924254,278.093663193564,290.316790807276
217100,197.951780000609,-380417.783361002,880022.660703974,499604.877342972,293.487630716683,286.055333188285,298.197922710018
217200,198.04296000061,-383503.312349348,883123.267625364,499619.955276016,294.52168338348,292.398380018643,295.691784223884
217300,198.134140000611,-399851.075071513,899327.855166402,499476.780094889,299.925914679474,295.969374858461,302.31366963125
217400,198.225320000612,-390196.073359689,889756.132832708,499560.059473019,296.733744483144,292.988225758263,298.983478845997
217500,198.316500000613,-386668.803169885,886251.45404071,499582.650870825,295.56493381381,293.708179720384,296.556465764582
217600,198.407680000614,-379264.220807534,878925.89973688,499661.678929346,293.121860842715,287.220351643725,296.811932091339
217700,198.498860000615,-385237.136409116,884792.836632537,499555.700223421,295.078484786572,304.154605389941,288.781838980338
217800,198.590040000617,-373716.194535086,873306.454475542,499590.259940456,291.247775379537,302.052636910882,283.801827879157
217900,198.681220000618,-390627.793313301,890177.376605826,499549.583292525,296.8742293166,295.766340041864,297.365426975328
218000,198.772400000619,-375086.147269556,874688.122462365,499601.975192809,291.708561768339,288.634743844069,293.514683249713
218100,198.86358000062,-371381.273734113,871002.734167379,499621.460433266,290.479484464692,285.322754222565,293.675238389055
218200,198.954760000621,-375367.84574116,874914.758627609,499546.912886449,291.784144948344,298.294850899413,287.200520860174
218300,199.045940000622,-366050.184071972,865660.139258273,499609.955186301,288.697728617066,282.247807134011,292.757094831921
218400,199.137120000623,-384717.622186846,884284.583181949,499566.960995103,294.908982218425,288.6834515318,298.813578524326
218500,199.228300000625,-369319.701233727,868989.474120254,499669.772886527,289.80806207112,273.064878587319,300.728677675262
218600,199.319480000626,-388331.842580693,887850.581668818,499518.739088124,296.098243011111,302.924940466494,291.300362838347
218700,199.410660000627,-376426.125342688,875966.569670563,499540.444327875,292.134924018864,288.533407272397,294.29248941316
218800,199.501840000628,-378706.297607415,878221.787109367,499515.489501952,292.887039222734,299.780222086726,288.047511447387
218900,199.593020000629,-363684.335362637,863283.584344413,499599.248981776,287.905147355148,294.047865621123,283.57008088837
219000,199.68420000063,-382144.214677658,881709.348138486,499565.133460828,294.05014111672,298.244417383649,291.008915154504
219100,199.775380000632,-377622.378095019,877201.737225733,499579.359130714,292.546852501495,284.480321409572,297.68075085236
219200,199.866560000633,-404939.908438881,904442.394979518,499502.486540637,301.631614133573,309.4874023983,296.143062278643
219300,199.957740000634,-381443.985200196,880977.657333904,499533.672133708,293.806122172388,294.489476485565,293.105714195125
219400,200.048920000635,-390228.512772925,889813.053945243,499584.541172318,296.75272767892,292.953556969721,299.038214211988
219500,200.140100000636,-397429.124834019,896974.093720272,499544.968886253,299.140935040945,301.208600470564,297.513207308664
219600,200.231280000637,-389197.597316618,888799.208062604,499601.610745986,296.414609992531,300.621672981287,293.362889158366
219700,200.322460000638,-387419.2331068,886903.429754079,499484.196647279,295.782367768577,305.512995904706,289.048797038017
219800,200.41364000064,-377428.187305517,877025.266675846,499597.07937033,292.487999558395,303.533828998486,284.880373265368
219900,200.504820000641,-390546.67739992,890045.153888894,499498.476488973,296.830133029479,298.657447354246,295.364565035443
220000,200.596000000642,-387548.878112948,887090.402705888,499541.52459294,295.844723263595,299.088321493289,293.435787174411
220100,200.687180000643,-371997.433078477,871538.470188109,499541.037109633,290.658152472272,282.187496659133,296.063041220639
220200,200.778360000644,-378885.057453832,878464.745453966,499579.688000134,292.968065850914,287.531430179619,296.348349576903
220300,200.869540000645,-368470.82374993,868133.38900512,499662.56525519,289.522557613847,292.372082640969,287.381605464421
220400,200.960720000646,-375152.181009574,874736.481949541,499584.300939968,291.724689661344,284.453286732488,296.329187705864
220500,201.051900000648,-384594.595648981,884225.667702759,499631.072053778,294.889333901204,294.329134854525,295.017058820739
220600,201.143080000649,-400405.689431378,899847.775024911,499442.085593534,300.099307995635,296.086033149052,302.524741803361
220700,201.23426000065,-369237.44344581,868874.06104926,499636.61760345,289.769571802321,285.689543298465,292.248116161721
220800,201.325440000651,-369650.870727216,869282.247098138,499631.376370922,289.905701883655,282.519119165481,294.588502277535
220900,201.416620000652,-368172.989908966,867893.505243056,499720.51533409,289.442556359198,291.457386690134,287.858134008274
221000,201.507800000653,-368411.331885217,868041.373053663,499630.041168445,289.491870286364,300.130352469632,282.158305605614
221100,201.598980000654,-395502.842350556,895027.543923246,499524.701572691,298.491760521343,296.729322660439,299.41797596151
221200,201.690160000656,-385011.512392015,884619.114022917,499607.601630903,295.02054828178,291.292677620035,297.259944932709
221300,201.781340000657,-386945.473404936,886467.854120533,499522.380715597,295.637103258473,309.508927977035,286.142855860049
221400,201.872520000658,-367444.805544521,867145.186778545,499700.381234024,289.192992088893,287.888477696423,289.821674190465
221500,201.963700000659,-388311.197619593,887866.695743229,499555.498123636,296.103617056271,286.370388714473,302.34568293659
221600,202.05488000066,-349318.997898147,849093.334856765,499774.336958618,283.172697967905,288.636716393205,279.294041769399
221700,202.146060000661,-390907.529107354,890409.452936467,499501.923829113,296.951626792219,307.796364118838,289.474342218812
221800,202.237240000662,-386749.317236278,886399.674333721,499650.357097443,295.614365293887,302.435094850043,290.820866952038
221900,202.328420000664,-388477.921160322,887911.666795928,499433.745635606,296.118614906096,289.752568671238,300.115880216912
222000,202.419600000665,-380342.809722805,879942.868053719,499600.058330915,293.46101986117,292.507516446775,293.852137954216
222100,202.510780000666,-378213.660748271,877784.717654454,499571.056906183,292.741276523079,291.925457085355,293.04120508446
222200,202.601960000667,-386621.369226122,886289.590433744,499668.221207623,295.577652304067,294.396141526533,296.119011445503
222300,202.693140000668,-365871.580147827,865484.860025076,499613.279877249,288.639272978181,284.2136330715,291.349166855152
222400,202.784320000669,-363965.266125431,863605.475186352,499640.209060921,288.012497977773,299.353529503931,280.211799878685
222500,202.87550000067,-388171.014886474,887711.57232633,499540.557439856,296.051883383802,301.786320457428,291.982215431898
222600,202.966680000672,-387886.081544637,887350.511207895,499464.429663258,295.9314694707,291.937429236742,298.347553402113
222700,203.057860000673,-363794.839093022,863365.391661634,499570.552568613,287.932430102263,288.177191694886,287.529312015428
222800,203.149040000674,-369181.154484743,868770.413184866,499589.258700123,289.735005230904,286.296625970201,291.785812233681
222900,203.240220000675,-376896.93087435,876598.251656781,499701.320782432,292.345590013934,286.951126211551,295.698277890511
223000,203.331400000676,-381169.150542745,880728.84029129,499559.689748545,293.723141667931,285.304280192344,299.090946700266
223100,203.422580000677,-375587.831971764,875241.500963891,499653.668992127,291.893113544736,286.044772888373,295.548763054358
223200,203.513760000678,-380785.953200532,880269.392446743,499483.43924621,293.569915773468,301.600091219065,287.971823879925
223300,203.60494000068,-371627.868713433,871193.389946825,499565.521233392,290.543068183033,281.618479623693,296.250674665773
223400,203.696120000681,-384251.380519203,883791.98026983,499540.599750627,294.744699106163,293.733002632975,295.173542839033
223500,203.787300000682,-398368.035571613,897935.143782762,499567.108211149,299.461445316913,308.26637382238,293.341941775503
223600,203.878480000683,-373193.559759319,872788.177375866,499594.617616547,291.074929923584,295.344317511114,287.986109090293
223700,203.969660000684,-371790.332594339,871420.7550678,499630.422473461,290.618894469835,291.372901523169,289.874040688888
223800,204.060840000685,-390377.012440926,889944.903231932,499567.890791006,296.796699427024,297.875187605194,295.830376725389
223900,204.152020000686,-386137.852639368,885727.075342666,499589.222703297,295.390053474292,293.795651474807,296.206829762721
224000,204.243200000688,-385338.776934433,884894.463479194,499555.68654476,295.112377348405,285.44787904772,301.309449234404
224100,204.334380000689,-371176.326938307,870831.818446477,499655.491508171,290.422484057521,291.30922147388,289.589307043233
224200,204.42556000069,-387374.596270373,886964.453636825,499589.857366452,295.802719238561,293.629226545183,297.005212101448
224300,204.516740000691,-370096.342467603,869784.338422508,499687.995954905,290.073149382194,299.080710039058,283.826381319799
224400,204.607920000692,-393473.812488934,893007.133957711,499533.321468778,297.817953629385,304.657974062194,293.009758379489
224500,204.699100000693,-397956.819221105,897578.915676915,499622.09645581,299.342643213912,300.319733602445,298.441797418878
224600,204.790280000695,-410106.918454013,909583.745778567,499476.827324554,303.346255053716,298.156582927205,306.553247925512
224700,204.881460000696,-381900.911675809,881538.681006086,499637.769330277,293.993223613836,292.859837398327,294.503820071164
224800,204.972640000697,-386580.033061107,886143.525045776,499563.491984669,295.528939485001,304.725534328099,289.151602140032
224900,205.063820000698,-380177.520211,879894.367766016,499716.847555016,293.444845011178,293.405753505894,293.226368643857
225000,205.155000000699,-372723.028338315,872244.173425628,499521.145087313,290.893504560823,298.622247706204,285.49859787677
225100,205.2461800007,-361040.274348716,860660.864097751,499620.589749034,287.030469934217,292.504998302786,283.141592296893
225200,205.337360000701,-399017.133376287,898500.079777394,499482.946401107,299.649851518224,299.26974644207,299.653546692729
225300,205.428540000703,-373378.0142639,872986.953962911,499608.93969901,291.141221931936,296.340065142478,287.4327087733
225400,205.519720000704,-380946.910218451,880514.915125429,499568.004906978,293.65179760728,290.831347758189,295.287387675336
225500,205.610900000705,-358304.817973639,857997.919869469,499693.101895831,286.142377812063,287.973295215771,284.68331422808
225600,205.702080000706,-372147.097857134,871792.79752717,499645.699670036,290.742970661054,292.117227484227,289.584513636722
225700,205.793260000707,-373571.752053172,873221.675490432,499649.92343726,291.219501580935,305.595202527849,281.393018031674
225800,205.884440000708,-369710.918599534,869217.17767524,499506.259075706,289.884001225693,281.299762618203,295.365256962998
225900,205.975620000709,-376694.454787613,876244.914307783,499550.45952017,292.227751978584,288.254100326374,294.633329953409
226000,206.066800000711,-368607.691751725,868243.100281092,499635.408529367,289.559146333531,284.588933015652,292.631322590173
226100,206.157980000712,-362387.352264102,862116.244383742,499728.89211964,287.515839380938,298.239298608519,280.127270029732
226200,206.249160000713,-373203.189886333,872942.498510658,499739.308624326,291.126396034904,285.646006885308,294.537383471272
226300,206.340340000714,-374187.779599881,873814.531801023,499626.752201143,291.417219209946,283.493349564528,296.456951290884
226400,206.431520000715,-388647.040763702,888246.851227418,499599.810463716,296.230398941944,296.955762378938,295.499964651496
226500,206.522700000716,-383588.019324893,883145.020459256,499557.001134364,294.528937955397,306.435251931333,286.345954523142
226600,206.613880000717,-372202.00485104,871799.952301975,499597.947450935,290.745356779048,298.532812148412,285.311432068822
226700,206.705060000719,-381824.43090106,881446.517183564,499622.086282504,293.96248697134,300.239717317488,289.532698001432
226800,206.79624000072,-379758.023257481,879442.209122626,499684.185865146,293.294050065908,287.501715054067,296.911195032081
226900,206.887420000721,-378321.066173122,878040.272431995,499719.206258873,292.826504062696,284.780161728315,297.946710198898
227000,206.978600000722,-390230.165909419,889872.448402486,499642.282493068,296.772535735363,300.84822255149,293.808100744833
227100,207.069780000723,-395073.459859365,894746.84684441,499673.386985045,298.398148022148,300.547560584002,296.716541190893
227200,207.160960000724,-406754.621499708,906242.895324973,499488.273825265,302.232081148899,306.220710990881,299.321134519953
227300,207.252140000725,-389668.409507139,889251.39862026,499582.98911312,296.56541558121,295.411974819393,297.087238242772
227400,207.343320000727,-392422.097678462,892019.256950475,499597.159272013,297.488496565107,307.239086865171,290.740195951261
227500,207.434500000728,-375184.368153887,874927.12576247,499742.757608583,291.788269388851,291.076881192218,292.019371295449
227600,207.525680000729,-374341.066973126,874042.107872577,499701.040899451,291.493115848783,293.261644596171,290.071185753984
227700,207.61686000073,-399708.392601725,899289.800052767,499581.407451042,299.913223295903,298.954097830601,300.302712586692
227800,207.708040000731,-388901.20861292,888437.526332552,499536.317719632,296.293989105403,296.579037735996,295.857045027421
227900,207.799220000732,-390065.730822113,889606.853456372,499541.122634259,296.68395979869,289.86372594627,300.983545733804
228000,207.890400000733,-391764.899011528,891343.958712632,499579.059701104,297.263284546484,300.229638859579,295.037995600632
228100,207.981580000735,-387991.365057525,887594.988115629,499603.623058105,296.013002539813,295.099749650108,296.375160297499
228200,208.072760000736,-387551.821111944,887147.065339568,499595.244227625,295.863620256651,299.200427059023,293.392529371523
228300,208.163940000737,-382327.481861829,881985.412881603,499657.931019775,294.142208731567,293.81374881249,294.116063503674
228400,208.255120000738,-373687.903785219,873343.215591548,499655.311806329,291.26003521479,289.552164258477,292.155899156319
228500,208.346300000739,-382091.49219822,881696.63260867,499605.140410451,294.045900486467,307.075905827957,285.1141920084
228600,208.43748000074,-385231.942777236,884745.582785173,499513.640007936,295.062725624536,281.95219024218,303.55719694142
228700,208.528660000741,-391717.081163547,891221.864708626,499504.783545079,297.222566185968,293.014760529797,299.780084484928
228800,208.619840000743,-359341.798666692,858987.307885112,499645.509218421,286.47233879777,283.925610392569,287.931430785572
228900,208.711020000744,-357667.344351201,857357.299006257,499689.954655056,285.928730700769,278.616985644397,290.564953462767
229000,208.802200000745,-366747.168054526,866452.699251236,499705.53119671,288.962047440799,286.512600074994,290.354210645136
229100,208.893380000746,-379558.7343449,879118.478694753,499559.744349853,293.186085941222,288.589171572872,296.006373781837
229200,208.984560000747,-391406.063021271,890919.861876191,499513.79885492,297.121848216172,302.101803957925,293.55427618149
229300,209.075740000748,-374290.903647187,873861.754009154,499570.850361967,291.432967820295,287.347035965781,293.914061583452
229400,209.166920000749,-365002.466288881,864619.563390395,499617.097101514,288.350696478371,293.947197635974,284.379403459569
229500,209.258100000751,-368611.418105407,868280.271537795,499668.853432388,289.57154295074,287.842193506078,290.483132961389
229600,209.349280000752,-386185.969826837,885807.43876526,499621.468938423,295.416854682428,295.071408710561,295.40097128477
229700,209.440460000753,-385167.082432236,884802.494653607,499635.412221371,295.081705737404,299.028293885303,292.204745550692
229800,209.531640000754,-373649.764135159,873285.29610983,499635.531974671,291.240719062808,287.897263524115,293.226988822716
229900,209.622820000755,-370513.868926881,870065.705762645,499551.836835764,290.166985413588,286.681901839605,292.248568641732
230000,209.714000000756,-376376.835956729,875962.77833211,499585.942375381,292.133659607174,289.865638517325,293.402228950735
230100,209.805180000758,-378427.352488005,878004.304887948,499576.952399943,292.814508883758,305.976216399575,283.796025115809
230200,209.896360000759,-372296.638848868,871957.51875913,499660.879910262,290.797905205646,292.69271150414,289.292369418979
230300,209.98754000076,-374600.085132343,874277.573298629,499677.488166286,291.571643588004,292.696821623319,290.578548528136
230400,210.078720000761,-361282.780490705,860944.112809757,499661.332319052,287.124933403287,287.8614859591,286.394627588243
230500,210.169900000762,-383850.933810637,883409.414556172,499558.480745535,294.617113408762,291.770738967063,296.26918210872
230600,210.261080000763,-385669.348975539,885246.655664517,499577.306688978,295.229833471575,293.154136863308,296.367606349194
230700,210.352260000764,-391990.144864728,891515.519728439,499525.374863711,297.320500159559,287.862509385155,303.378060259029
230800,210.443440000766,-368086.859252795,867731.28293844,499644.423685645,289.388455207084,290.102982340512,288.670946738792
230900,210.534620000767,-365189.125080573,864839.648860623,499650.52378005,288.424095001041,294.290380139785,284.272884829379
231000,210.625800000768,-389539.188483257,889129.963538778,499590.775055521,296.524916971412,289.591052543521,300.900389159196
231100,210.716980000769,-383546.030807922,883145.547149572,499599.51634165,294.529113606661,285.923825214183,300.020531606974
231200,210.80816000077,-388653.981492627,888236.307545881,499582.326053254,296.226882623272,293.835906076463,297.574011252292
231300,210.899340000771,-389328.7400204,888902.31979783,499573.579777429,296.448997764826,291.152942671421,299.732660328957
231400,210.990520000772,-373319.265073024,872911.315654543,499592.050581519,291.115996549789,296.841101940073,287.056662959143
231500,211.081700000774,-356400.435153052,856019.074614095,499618.639461043,285.482432754409,285.803723010221,285.030337223239
231600,211.172880000775,-373906.51912866,873509.793180765,499603.274052104,291.315588854682,287.56177808639,293.575366376164
231700,211.264060000776,-386480.798985516,886116.180700849,499635.381715332,295.519820143688,301.04683010476,291.588880319522
231800,211.355240000777,-400655.611126171,900167.880702925,499512.269576754,300.206063265941,301.101192355904,299.359138819911
231900,211.446420000778,-373148.759193796,872775.024341444,499626.265147648,291.070543385507,293.385067353843,289.284968620462
232000,211.537600000779,-385644.391329829,885132.348367652,499487.957037822,295.19171197854,295.965725440314,294.429709910708
232100,211.62878000078,-358811.776770345,858538.248447204,499726.471676859,286.322577437787,279.655695714784,290.528563105258
232200,211.719960000782,-365017.145113815,864577.725845053,499560.580731239,288.336743653511,285.188434222036,290.195335988117
232300,211.811140000783,-363254.348470134,862933.817743283,499679.469273149,287.78850016451,281.997503096088,291.409341126654
232400,211.902320000784,-380062.755267687,879610.948201456,499548.192933769,293.350324562767,300.532606179008,288.317678214803
232500,211.993500000785,-361582.316348697,861222.052105901,499639.735757204,287.217626181724,288.018853230314,286.444126794179
232600,212.084680000786,-364259.054399464,863851.905830224,499592.85143076,288.094682618051,286.327395809782,289.032794921381
232700,212.175860000787,-362466.821588959,862096.419408602,499629.597819643,287.509227750076,288.42704892413,286.657755944248
232800,212.267040000788,-364442.288104886,864072.870897906,499630.58279302,288.168374486545,288.715661452324,287.563376197287
232900,212.35822000079,-377999.352525508,877639.645846243,499640.293320735,292.692895062946,295.333569872915,290.688534443747
233000,212.449400000791,-367992.232784583,867655.075036034,499662.842251451,289.363039865277,285.529898383292,291.67733165338
233100,212.540580000792,-368375.775574844,868088.835780841,499713.060205997,289.507699109835,284.428835939644,292.652351474038
233200,212.631760000793,-374253.583609534,873862.062340892,499608.478731358,291.433070648955,288.087479284774,293.420603999536
233300,212.722940000794,-388927.900421593,888514.242225085,499586.341803491,296.319573861959,295.661420485478,296.511409801395
233400,212.814120000795,-386638.656577197,886208.032118441,499569.375541244,295.550452599113,304.404771302188,289.401281419896
233500,212.905300000796,-369841.022532769,869478.407937304,499637.385404535,289.971121539871,286.115417636074,292.299948207786
233600,212.996480000798,-363995.136763517,863674.965347751,499679.828584234,288.035672952393,283.328181740167,290.93397069975
233700,213.087660000799,-378474.532603914,878102.029328781,499627.496724867,292.847099992923,297.277307762711,289.649588896405
233800,213.1788400008,-380057.48006559,879712.220190952,499654.740125361,293.384098779707,279.823413747541,302.180068718835
233900,213.270020000801,-393365.669829787,892913.894413207,499548.22458342,297.786858233519,294.63708438711,299.638551749264
234000,213.361200000802,-375031.813841323,874703.271803327,499671.457962004,291.713614074813,296.074770959454,288.563081473323
234100,213.452380000803,-384783.56877799,884308.215876857,499524.647098867,294.916863724148,293.42087892166,295.668422872703
234200,213.543560000804,-373149.592167018,872773.809582995,499624.217415977,291.070138263463,291.232085992454,290.719614662251
234300,213.634740000806,-378190.297058105,877731.55388423,499541.256826126,292.723546401277,292.600617882253,292.561562458626
234400,213.725920000807,-373799.846395086,873466.370218006,499666.523822921,291.301107292982,300.005790320502,285.255234351891
234500,213.817100000808,-379060.099244729,878676.75685073,499616.657606001,293.038771669411,303.12865855732,286.067981434414
234600,213.908280000809,-367071.578531603,866740.783414006,499669.204882403,289.058123533102,286.883351836029,290.26708956154
234700,213.99946000081,-388710.551704395,888257.347792592,499546.796088197,296.233899547304,308.681601346626,287.688570098133
234800,214.090640000811,-380257.998149498,879782.876951603,499524.878802105,293.407662815275,300.904348365153,288.16536606301
234900,214.181820000812,-376725.417358941,876254.277611349,499528.860252409,292.230874641104,292.018836799731,292.128707473152
235000,214.273000000814,-378227.816058939,877793.858465975,499566.042407037,292.744324984484,289.683046036788,294.541224012128
235100,214.364180000815,-382877.750861994,882510.115206286,499632.364344291,294.317197000596,306.934658758173,285.660291498042
235200,214.455360000816,-363395.130063777,862959.464162778,499564.334099001,287.79705324755,282.4450271204,291.125239787944
235300,214.546540000817,-377431.776193556,877039.507318356,499607.7311248,292.492748813859,283.659722220832,298.137689251866
235400,214.637720000818,-380746.32620327,880280.818500346,499534.492297075,293.573726363297,288.640322217778,296.61801768834
235500,214.728900000819,-391025.653881951,890521.186743629,499495.532861678,296.988890026223,297.683988924816,296.278000018806
235600,214.82008000082,-374351.489028695,873835.437523889,499483.948495194,291.424191270265,279.131089471539,299.37673897669
235700,214.911260000822,-387795.28048388,887291.33292568,499496.0524418,295.911733508648,298.215787233812,294.129104580615
235800,215.002440000823,-378622.743181078,878247.694726925,499624.951545847,292.895679415349,279.814385325065,301.372462409359
235900,215.093620000824,-383451.076780724,883063.282913431,499612.206132708,294.501678477049,300.55836130876,290.218471857178
236000,215.184800000825,-359865.691743409,859502.172530054,499636.480786646,286.644046199785,290.503314681053,283.832330507106
236100,215.275980000826,-376582.676474424,876081.821580917,499499.145106493,292.173360540576,286.008035475393,296.040099450247
236200,215.367160000827,-387626.235974555,887123.531746772,499497.295772217,295.855771801491,295.864381454049,295.603485556618
236300,215.458340000829,-379507.102153126,878935.706654717,499428.60450159,293.125131450631,297.466509305763,289.986608604334
236400,215.54952000083,-372210.152460448,871761.230107736,499551.077647287,290.732442924041,280.835922377153,297.087846252862
236500,215.640700000831,-363300.054380766,862908.417242602,499608.362861836,287.780029095415,298.187148495066,280.602132804734
236600,215.731880000832,-362035.503448128,861702.902203098,499667.39875497,287.377989729231,281.277069142963,291.205788461969
236700,215.823060000833,-382280.564835821,881921.307382913,499640.742547093,294.120829542409,302.196073921488,288.492232598405
236800,215.914240000834,-371622.759680838,871169.10464837,499546.344967531,290.534969033974,287.954432682655,292.013214127325
236900,216.005420000835,-371907.276095613,871399.035620078,499491.759524464,290.611651032209,284.653153108056,294.341806605782
237000,216.096600000837,-366954.856927964,866487.972652748,499533.115724784,288.973811123144,287.868969860761,289.469560455464
237100,216.187780000838,-388892.624856205,888456.052814202,499563.427957997,296.300167688578,291.198522283725,299.454347818741
237200,216.278960000839,-373415.219988429,873058.757981046,499643.537992617,291.165168577971,283.860412584197,295.792368266672
237300,216.37014000084,-376547.560517451,876178.836083918,499631.275566467,292.205714885415,288.259556308184,294.592982507832
237400,216.461320000841,-385170.09311867,884789.717646709,499619.624528039,295.077444604539,289.87076011084,298.302669729834
237500,216.552500000842,-385480.326017868,885063.502230127,499583.176212259,295.168751785935,298.912347365282,292.427047439883
237600,216.643680000843,-352175.608600867,851778.657099717,499603.04849885,284.068253159819,279.906027349155,286.606346822628
237700,216.734860000845,-374767.415336775,874344.611294256,499577.195957481,291.594000765135,279.966543947151,299.102643643153
237800,216.826040000846,-383471.178635361,883028.635696005,499557.457060644,294.490123627149,292.434171629203,295.615349856088
237900,216.917220000847,-373035.546642714,872621.075627604,499585.52898489,291.019201476606,289.712204997743,291.648016461285
238000,217.008400000848,-344805.459074317,844465.354419703,499659.895345386,281.629266106288,289.923866426753,275.864841504221
238100,217.099580000849,-378407.197611616,878001.664216288,499594.466604672,292.813628219539,293.730102103919,291.958634273103
238200,217.19076000085,-373833.253427527,873454.046981983,499620.793554456,291.296997492741,278.646832504645,299.487693320227
238300,217.281940000851,-396288.770658832,895788.836211288,499500.065552456,298.745651562877,297.332790155835,299.438604457937
238400,217.373120000853,-375140.49160512,874705.781064079,499565.289458959,291.714450913483,296.155988057239,288.510330775217
238500,217.464300000854,-368261.929815234,867793.6045201,499531.674704866,289.409239459763,288.900014751137,289.507548232631
238600,217.555480000855,-363485.464204698,863094.986891948,499609.522687249,287.842250089027,288.646869211823,287.065968798756
238700,217.646660000856,-385523.282638043,885062.765316774,499539.482678731,295.16850602527,298.65543394762,292.597913655351
238800,217.737840000857,-369996.578482558,869669.900481658,499673.3219991,290.034984319379,303.281741484627,280.962117055614
238900,217.829020000858,-376200.778250783,875718.471657905,499517.693407122,292.052183310957,293.203583503554,291.041206363133
239000,217.920200000859,-368349.475824242,867988.641398153,499639.165573911,289.474284274855,298.12625890156,283.465072620156
239100,218.011380000861,-382996.617662347,882527.292391458,499530.674729111,294.322925593283,298.643809776843,291.197067032914
239200,218.102560000862,-371468.533442607,871091.703341328,499623.169898721,290.509155691622,289.910354493233,290.666265527472
239300,218.193740000863,-366967.132432757,866588.148799357,499621.016366599,289.00721987639,293.278061070962,285.919153063445
239400,218.284920000864,-382914.429102153,882497.186699187,499582.757597034,294.3128853424,296.551492820238,292.57521961939
239500,218.376100000865,-363930.993831062,863526.601826535,499595.607995473,287.986193705698,293.44221769368,284.108855885621
239600,218.467280000866,-381877.407570524,881374.133300387,499496.725729863,293.938346940266,295.12283039681,292.903742680121
239700,218.558460000867,-384047.420032693,883687.115226128,499639.695193435,294.709726605345,283.908097169043,301.665221457375
239800,218.649640000869,-387581.993413066,887102.862237988,499520.868824922,295.848878518588,292.664144405152,297.725493862116
239900,218.74082000087,-374761.936421884,874427.586865899,499665.650444014,291.621673125196,306.056097271276,281.755705633538
240000,218.832000000871,-383781.177919565,883297.399944403,499516.222024838,294.579756526397,289.448529828724,297.755091194407
240100,218.923180000872,-367111.206510257,866743.935986977,499632.72947672,289.059174916451,291.967048106804,286.879710143784
240200,219.014360000873,-390067.992103469,889595.675484469,499527.683381,296.680231944128,314.939842511886,284.259924705669
240300,219.105540000874,-367941.601872969,867525.431796874,499583.829923906,289.319803834209,279.225482925107,295.808251270415
240400,219.196720000875,-376103.698188402,875659.421480281,499555.723291879,292.032490071796,306.645084280294,282.04740019107
240500,219.287900000877,-381214.852701074,880842.006301791,499627.153600717,293.760882541868,294.357216107945,293.118526095699
240600,219.379080000878,-367537.951845147,867151.183616845,499613.231771699,289.194992034966,295.527868655034,284.732078461558
240700,219.470260000879,-387273.356128503,886890.760414355,499617.404285852,295.778142542723,292.9035759392,297.448038492953
240800,219.56144000088,-376085.464265315,875631.426160424,499545.961895109,292.02315363029,286.917915597009,295.183293024453
240900,219.652620000881,-377558.562986321,877113.130481102,499554.567494781,292.517302144773,288.010323172702,295.278190374366
241000,219.743800000882,-369650.406954566,869262.658638091,499612.251683524,289.899169130596,296.301594170275,285.389303129866
241100,219.834980000883,-371104.790210422,870715.975580443,499611.185370021,290.38385045204,282.396322579928,295.466882491405
241200,219.926160000885,-368191.349591817,867908.370703918,499717.021112101,289.447513991635,287.575860180061,290.454076937693
241300,220.017340000886,-379470.617134854,879087.048498554,499616.4313637,293.175603968169,296.39896281346,290.782385068001
241400,220.108520000887,-358547.083748427,858147.079004422,499599.995255995,286.192122396005,276.335915018152,292.524433879243
241500,220.199700000888,-373904.801051607,873451.154597113,499546.353545507,291.296032882146,290.076809223462,291.866101960533
241600,220.290880000889,-394545.472713655,894057.99495167,499512.522238015,298.168415858486,300.317583633685,296.487163661804
241700,220.38206000089,-382730.198434946,882342.503189847,499612.304754901,294.261298379139,285.692148412373,299.728847275
241800,220.473240000892,-383561.327878237,883153.730605159,499592.402726923,294.531842789781,297.639853751883,292.214392279389
241900,220.564420000893,-346516.067814796,846222.812358089,499706.744543293,282.215378475267,283.942142828857,280.829022757479
242000,220.655600000894,-362560.318028035,862184.611234501,499624.293206466,287.538639731366,284.96257748624,289.01639902834
242100,220.746780000895,-364977.360693098,864592.608912005,499615.248218907,288.341707157581,285.813091595115,289.787166109926
242200,220.837960000896,-389615.506807746,889112.391053443,499496.884245697,296.519056546087,300.045000693174,293.921327900908
242300,220.929140000897,-380480.614880156,880096.677653468,499616.062773313,293.512315375511,287.748311389549,297.110391103338
242400,221.020320000898,-378578.945720365,878110.89758173,499531.951861365,292.850057556021,291.458857344928,293.533482648786
242500,221.1115000009,-383022.484283531,882648.398551524,499625.914267993,294.363314507762,286.373416311872,299.444610542932
242600,221.202680000901,-382423.123975648,882035.784323637,499612.660347988,294.159007611685,303.845826712824,287.455995704583
242700,221.293860000902,-359825.852009354,859508.710358496,499682.858349142,286.646226566115,285.824898433892,286.954906798792
242800,221.385040000903,-360720.796422729,860367.949208812,499647.152786083,286.932782794334,281.967662000417,290.003752671284
242900,221.476220000904,-388870.697057838,888384.712821625,499514.015763787,296.276375795106,290.416885216707,299.935805867544
243000,221.567400000905,-385791.386862632,885342.642742572,499551.25587994,295.261845170109,294.198918875765,295.72441116203
243100,221.658580000906,-394667.750075516,894166.529976681,499498.779901165,298.204612298376,286.016165863694,306.08173941125
243200,221.749760000908,-363144.547531695,862764.745408162,499620.197876467,287.732114526651,272.10357422979,297.911364629119
243300,221.840940000909,-387202.842086594,886735.789685885,499532.947599291,295.726459791858,280.229553821957,305.811291721965
243400,221.93212000091,-375310.616996364,874962.16625429,499651.549257925,291.799955395794,289.174347723254,293.307193881325
243500,222.023300000911,-389483.682418106,889003.3165465,499519.634128393,296.482680188928,305.488342673627,290.23183629897
243600,222.114480000912,-381804.075000722,881423.111477099,499619.036476377,293.954681166283,291.787886590392,295.154248649238
243700,222.205660000913,-386079.573314023,885532.233044768,499452.659730745,295.325073551698,282.205740856074,303.825191120821
243800,222.296840000914,-380215.679629035,879793.888223042,499578.208594007,293.411335075218,299.550767387604,289.073870754398
243900,222.388020000916,-370904.595776667,870378.216689497,499473.62091283,290.271207833749,279.381571793055,297.289072521016
244000,222.479200000917,-378713.215580118,878347.639423801,499634.423843684,292.92901098009,291.747280887449,293.4727235327
244100,222.570380000918,-386067.518586083,885620.932669456,499553.414083373,295.354654883927,294.703597857369,295.542564022563
244200,222.661560000919,-370884.791218413,870536.305375749,499651.514157336,290.323930423795,278.68434895363,297.84171479522
244300,222.75274000092,-376555.84440024,876083.038499329,499527.194099089,292.173766382968,292.307562433235,291.841090877471
244400,222.843920000921,-386027.587149387,885590.800342564,499563.213193177,295.344605750397,294.705074231063,295.524839591827
244500,222.935100000922,-383423.817479679,882990.903284417,499567.085804738,294.477539864738,294.712001918289,294.07583387915
244600,223.026280000924,-373906.828669228,873500.244958871,499593.416289642,291.312404521884,296.093595874589,287.882183282979
244700,223.117460000925,-351307.14790992,850971.519213872,499664.371303952,283.799072607595,287.863507433911,280.852950162877
244800,223.208640000926,-367237.248769147,866828.863723841,499591.614954694,289.087498323776,280.141085864134,294.810867048267
244900,223.299820000927,-379027.341284659,878659.61216586,499632.270881201,293.033053915578,289.226820594332,295.326348584814
245000,223.391000000928,-372531.987127004,872149.261596612,499617.274469608,290.861851457933,289.654255364419,291.42453064406
245100,223.482180000929,-379023.634784931,878650.333927101,499626.69914217,293.029959622178,293.455490239307,292.502080911074
245200,223.57336000093,-375662.982539951,875264.997325378,499602.014785427,291.900949583251,284.444650137781,296.628565088912
245300,223.664540000932,-367054.865019242,866698.070528455,499643.205509213,289.04387878221,287.281185015261,289.97813806119
245400,223.755720000933,-386822.620243605,886395.845799071,499573.225555466,295.613088477262,301.395629850245,291.511716654875
245500,223.846900000934,-379221.004755307,878816.428605188,499595.42384988,293.085352211168,284.635213049451,298.474540525469
245600,223.938080000935,-379499.527358868,879146.382290929,499646.854932062,293.195391792873,288.305923952819,296.210707526415
245700,224.029260000936,-368121.310255401,867779.784045546,499658.473790144,289.404630330347,299.442172551427,282.471764991018
245800,224.120440000937,-380999.560295488,880670.968494911,499671.408199423,293.703841419013,294.85591734202,292.691037602493
245900,224.211620000938,-392129.084945224,891743.246519561,499614.161574338,297.396447063385,296.043199926302,298.05078144889
246000,224.30280000094,-389590.486401313,889204.898288753,499614.411887441,296.549907716776,303.668737136932,291.556896513575
246100,224.393980000941,-384406.495044986,883987.654259221,499581.159214236,294.809956397939,297.367921023725,292.858971683751
246200,224.485160000942,-381666.0216284,881221.156876426,499555.135248026,293.88732929012,292.014318062854,294.891097333891
246300,224.576340000943,-374875.654352618,874471.428052911,499595.773700293,291.636294164719,282.751970381016,297.316146442051
246400,224.667520000944,-382976.586447518,882605.879970811,499629.293523293,294.349134557549,295.650629674818,293.236180200572
246500,224.758700000945,-369499.158889956,869167.832860514,499668.673970558,289.867544725868,295.024848673999,286.187785806508
246600,224.849880000946,-403311.117041168,902812.102308406,499500.985267238,301.087911391831,295.503018696593,304.56026659583
246700,224.941060000948,-369305.90779043,868842.060841828,499536.153051398,289.758899730474,290.420024013749,289.076684458517
246800,225.032240000949,-389594.450220796,889076.686395691,499482.236174895,296.50714903975,305.56525336066,290.221323534944
246900,225.12342000095,-375524.297006746,875149.22622548,499624.929218735,291.862339911783,294.082081211018,290.139293762365
247000,225.214600000951,-377322.809857783,876918.088841152,499595.278983369,292.452255741588,286.410428391433,296.236430428574
247100,225.305780000952,-379782.913248451,879418.600349618,499635.687101167,293.286176538142,306.639306992713,284.139684421313
247200,225.396960000953,-389425.16055804,889009.701574338,499584.541016298,296.484809596244,295.974344886823,296.578048727862
247300,225.488140000955,-380600.148132604,880208.915301912,499608.767169308,293.549746640624,306.689290690517,284.545425818495
247400,225.579320000956,-366530.349770485,866133.34035822,499602.990587736,288.855541223352,293.863173086637,285.276407030142
247500,225.670500000957,-393770.864793852,893336.850634572,499565.98584072,297.927914168608,301.734448309996,295.14195147921
247600,225.761680000958,-384023.932778409,883595.967609492,499572.034831083,294.679328867598,293.512408872809,295.2117094234
247700,225.852860000959,-368503.540647213,868108.05608637,499604.515439157,289.514109083332,284.079102606151,292.896184977217
247800,225.94404000096,-370884.22969426,870530.869702584,499646.640008323,290.322117626341,282.392203903839,295.366791676654
247900,226.035220000961,-366019.270843769,865691.777397339,499672.50655357,288.708279939083,287.698573346626,289.140827434104
248000,226.126400000963,-382556.647374197,882150.228705185,499593.581330988,294.197174822473,287.689873211361,298.290211584196
248100,226.217580000964,-378170.600520183,877790.582856824,499619.982336642,292.743232568559,298.034913819809,288.971492373919
248200,226.308760000965,-374308.239728582,873918.269023372,499610.02929479,291.451815582248,292.304171375673,290.640701873647
248300,226.399940000966,-378593.432340591,878268.826933376,499675.394592785,292.902727007963,293.078007048319,292.541788041885
248400,226.491120000967,-397520.275866894,897095.321574432,499575.045707538,299.181364540414,309.442995513834,292.090959421018
248500,226.582300000968,-373383.630607596,872983.029812676,499599.39920508,291.139913227506,295.914395172635,287.71430866973
248600,226.673480000969,-397906.993107219,897407.727385422,499500.734278203,299.285551904426,294.346441439656,302.328887587687
248700,226.764660000971,-374403.445830784,874099.076966491,499695.631135707,291.512115046354,308.823865476469,279.728021330405
248800,226.855840000972,-369229.785135047,868871.09689006,499641.311755013,289.768583254981,286.674044968094,291.590134960192
248900,226.947020000973,-389970.719841467,889645.185576879,499674.465735412,296.696743564075,291.635713003347,299.82351665159
249000,227.038200000974,-387341.135373802,886905.591980671,499564.456606869,295.783088871326,292.686861144916,297.600754781539
249100,227.129380000975,-391122.304516618,890630.007934261,499507.703417643,297.025181902371,292.6128255744,299.719231802767
249200,227.220560000976,-388059.594788922,887653.916712837,499594.321923915,296.032655231895,300.110269518868,293.067551827886
249300,227.311740000977,-370490.764053138,870093.763235932,499602.999182794,290.176342583269,293.069317826573,288.005878802246
249400,227.402920000979,-353823.675305889,853473.488580025,499649.813274136,284.633479599808,287.925764965263,282.201428123173
249500,227.49410000098,-372409.358747283,871993.883923784,499584.5251765,290.81003299109,281.636336906033,296.683488686969
249600,227.585280000981,-365085.151399443,864778.549109857,499693.397710414,288.403718229067,299.348897900781,280.866595349399
249700,227.676460000982,-349739.13578912,849279.297803908,499540.162014788,283.234716626283,278.399960599483,286.221858380294
249800,227.767640000983,-356683.076399995,856401.588523458,499718.512123463,285.610001175074,278.898070852584,289.846613055754
249900,227.858820000984,-371155.559459065,870642.27678169,499486.717322625,290.359271896512,290.508975704501,290.017503297937
250000,227.950000000985,-371246.125353075,870953.189646587,499707.064293512,290.462961362877,299.714760712966,284.053042661682
250100,228.041180000987,-360192.620837177,859799.849561818,499607.228724641,286.743321514697,284.880271934897,287.746401799968
250200,228.132360000988,-340182.993628598,839937.825989155,499754.832360557,280.119334997217,285.075387285036,276.581867359506
250300,228.223540000989,-360301.926461511,859924.146837863,499622.220376352,286.784774666621,294.447286393824,281.43744620293
250400,228.31472000099,-377006.662351638,876588.604262173,499581.941910536,292.342372607028,293.163042243976,291.551640871891
250500,228.405900000991,-366060.767480134,865590.167325255,499529.399845122,288.674392971571,286.499163358617,289.88398405273
250600,228.497080000992,-365460.924465461,865121.445201701,499660.520736241,288.518074104286,285.521433905087,290.275402508665
250700,228.588260000993,-360271.603084635,859901.760366429,499630.157281794,286.777308776531,283.502422796924,288.721585005623
250800,228.679440000995,-368745.737251876,868473.046354927,499727.309103051,289.635833368326,300.996158392306,281.820920157866
250900,228.770620000996,-373381.500351528,872990.593640786,499609.093289258,291.142435764811,304.138222502701,282.235959243081
251000,228.861800000997,-383860.331670828,883511.93865277,499651.606981941,294.651305203525,295.712592945372,293.698237287958
251100,228.952980000998,-384648.469861962,884262.625918065,499614.156056103,294.90165946909,298.120177638603,292.510229306522
251200,229.044160000999,-379843.656889516,879415.384712119,499571.727822603,293.285104122768,294.106507682704,292.493097496041
251300,229.135340001,-386479.011531516,886020.9132003,499541.901668784,295.488048424312,294.256695646633,296.062710235745
251400,229.226520001001,-378058.784295588,877657.514211125,499598.729915536,292.698854164124,290.424102614061,293.971439485695
251500,229.317700001003,-390121.938235839,889700.419899956,499578.481664117,296.715164215426,290.066265148897,300.900500956266
251600,229.408880001004,-374138.528962855,873832.969479978,499694.440517123,291.423368177415,306.787710117073,280.93762074416
251700,229.500060001005,-371805.420182909,871414.612765196,499609.192582288,290.616846011405,293.546916540023,288.421284953984
251800,229.591240001006,-369216.50852751,868868.707321725,499652.198794215,289.767786333742,282.043550312629,294.675803859206
251900,229.682420001007,-399139.779300316,898657.627819488,499517.848519172,299.702393803398,304.209191361037,296.44811010347
252000,229.773600001008,-384782.326546894,884408.794634391,499626.468087497,294.950406748171,310.376288300345,284.420693707765
252100,229.864780001009,-375363.480258763,874862.70438156,499499.224122798,291.766784852947,292.183803262516,291.245633592522
252200,229.955960001011,-363956.988598008,863608.12547223,499651.136874222,288.013381848334,288.673698905256,287.333159325514
252300,230.047140001012,-392226.1665491,891811.997458496,499585.830909396,297.419375507252,301.888606426732,294.192038748009
252400,230.138320001013,-367217.293656229,866932.731626613,499715.437970384,289.12213827801,292.056291476547,286.92510103042
252500,230.229500001014,-377196.239041024,876827.174075032,499630.935034008,292.421935659507,309.515493703272,280.782545350614
252600,230.320680001015,-390379.142989873,889951.33631309,499572.193323217,296.798844860127,298.220003850858,295.604073162256
252700,230.411860001016,-365016.02869316,864588.658211766,499572.629518606,288.340389598721,289.11350873338,287.584693184283
252800,230.503040001017,-393963.139556055,893464.634946398,499501.495390343,297.970530247256,291.313509709058,302.160235164182
252900,230.594220001019,-389461.615245258,889101.697004062,499640.081758803,296.515490079727,297.459232107316,295.639232486268
253000,230.68540000102,-380681.521225239,880235.519122469,499553.997897229,293.558619016998,292.267502790874,294.174730985232
253100,230.776580001021,-354710.352008843,854425.184900742,499714.832891898,284.950870402115,272.29253829885,293.15229941229
253200,230.867760001022,-378387.873377644,877972.06163795,499584.188260305,292.803755757195,301.516850171196,286.751023018064
253300,230.958940001023,-375079.502157296,874792.476437414,499712.974280119,291.743363827719,297.57926840185,287.60964130844
253400,231.050120001024,-387024.333402299,886583.507350834,499559.173948535,295.675673620421,304.63591136419,289.455785396559
253500,231.141300001026,-376626.322196944,876227.676827715,499601.354630771,292.222003277544,292.602045428483,291.72512350752
253600,231.232480001027,-390650.898896849,890154.854167013,499503.955270164,296.866718081378,303.0513542777,292.496238352097
253700,231.323660001028,-371898.846755261,871527.436463414,499628.589708154,290.654472724167,289.179728469244,291.39542350018
253800,231.414840001029,-396997.270937629,896625.615748129,499628.344810499,299.02471760818,294.30431524525,301.922465252127
253900,231.50602000103,-359110.440799088,858814.481881258,499704.041082171,286.414701311075,284.013516122203,287.77681251923
254000,231.597200001031,-375686.782217368,875318.177009271,499631.394791903,291.918685012263,292.031113082557,291.600467394558
254100,231.688380001032,-381221.804861984,880841.240200322,499619.435338337,293.760627046964,293.537044212768,293.664881747222
254200,231.779560001034,-393329.852322948,892861.79644841,499531.944125462,297.769483557916,293.247644277155,300.535901842125
254300,231.870740001035,-376631.107267862,876238.647428283,499607.540160421,292.225661973748,291.225432170824,292.648960457385
254400,231.961920001036,-377601.44406163,877194.325218188,499592.881156557,292.544380596361,288.276253983807,295.146011354233
254500,232.053100001037,-367847.927572823,867455.95478771,499608.027214887,289.29663324586,290.950800612093,287.952774474
254600,232.144280001038,-385516.097855883,885134.381240799,499618.283384916,295.192389941904,287.68984930129,299.948090044029
254700,232.235460001039,-378450.333430482,878023.922070685,499573.588640203,292.821051215836,294.054961231678,291.754426995928
254800,232.32664000104,-377206.05594248,876829.028642648,499622.972700167,292.422554157961,304.514826070791,284.11735408761
254900,232.417820001042,-389051.382590574,888603.578576712,499552.195986138,296.349367542675,305.108815500265,290.262777764663
255000,232.509000001043,-378635.502513561,878185.303801807,499549.801288247,292.874872036621,285.212205084854,297.739254277768
255100,232.600180001044,-387459.078712161,887068.444880451,499609.36616829,295.837400326981,284.056632613003,303.444714302694
255200,232.691360001045,-388671.153220354,888310.46051798,499639.307297626,296.25161264565,292.032407912926,298.817539456928
255300,232.782540001046,-377114.241765092,876828.210281107,499713.968516015,292.422281234319,284.714817639437,297.316905063211
255400,232.873720001047,-394326.813403731,893964.596529969,499637.783126238,298.137267477062,303.487922187435,294.321716613915
255500,232.964900001048,-377116.887110353,876657.842904738,499540.955794384,292.365463700096,290.880489278787,293.111808761219
255600,233.05608000105,-380135.482282024,879655.499516009,499520.017233985,293.365182429885,296.190162084461,291.237391674809
255700,233.147260001051,-382759.857392372,882314.056156271,499554.198763899,294.251811291069,298.495351184691,291.177574852579
255800,233.238440001052,-387038.95081484,886635.669592331,499596.718777491,295.69306973231,293.324545190169,297.025675202292
255900,233.329620001053,-398228.032119866,897816.178359337,499588.146239471,299.421770338282,309.278523420825,292.601083474637
256000,233.420800001054,-379994.116366702,879558.494265472,499564.37789877,293.332831170743,297.148029766612,290.544921414187
256100,233.511980001055,-383810.73720469,883364.699829658,499553.962624968,294.602201043741,301.560907308413,289.717561699757
256200,233.603160001056,-381239.532719301,880851.093452255,499611.560732954,293.763913107305,299.030256675774,290.008214134071
256300,233.694340001058,-391500.913665306,891049.04824272,499548.134577413,297.16493188018,291.328430471984,300.808295375744
256400,233.785520001059,-393535.824215711,893113.566298667,499577.742082956,297.853448823968,283.839261824474,306.948028949609
256500,233.87670000106,-381707.35416,881279.386308842,499572.032148841,293.906748810686,300.355935772148,289.362368545702
256600,233.967880001061,-377415.303486092,877072.944363918,499657.640877826,292.503900071342,303.211164374778,285.121970618992
256700,234.059060001062,-348763.365506914,848447.119448524,499683.753941611,282.957185075379,294.627330198633,274.941290672314
256800,234.150240001063,-377508.226631146,877145.576825876,499637.35019473,292.52812300346,296.025125041594,289.953014875534
256900,234.241420001064,-387706.113684894,887276.024492582,499569.910807688,295.906628144933,295.356047449978,296.027093084782
257000,234.332600001066,-366162.639967737,865765.885377275,499603.245409538,288.73299495657,276.606819852096,296.576500863756
257100,234.423780001067,-373422.274607773,873053.272219258,499630.997611484,291.163339075957,277.24504569241,300.19956521576
257200,234.514960001068,-360078.356360891,859760.774513962,499682.418153071,286.730289982979,287.106906648824,286.24027029743
257300,234.606140001069,-364003.887486683,863639.297889719,499635.410403036,288.023777852166,292.055932976276,285.095654621216
257400,234.69732000107,-388647.447268976,888256.035680358,499608.588411382,296.233461957765,303.015878333397,291.464989822378
257500,234.788500001071,-375192.754069334,874813.935424179,499621.181354845,291.750520401594,287.149080027689,294.575021883861
257600,234.879680001072,-377872.795897655,877557.100438301,499684.304540645,292.665366162515,290.00538058645,294.194802074756
257700,234.970860001074,-361752.083872261,861424.865677119,499672.781804858,287.285264524635,286.761009956432,287.395363183001
257800,235.062040001075,-364325.491405782,864032.299578544,499706.808172762,288.154843948155,291.459893174477,285.711348760651
257900,235.153220001076,-405108.835591018,904751.372997322,499642.537406304,301.734658328271,306.405570712648,298.369271190079
258000,235.244400001077,-379213.543084891,878876.831776367,499663.288691476,293.105496673793,289.981044747775,294.944210043909
258100,235.335580001078,-381402.758040699,881076.830102515,499674.072061816,293.839196298988,301.740561751668,288.326753333618
258200,235.426760001079,-377961.478520829,877579.741272082,499618.262751253,292.672916882469,298.068877290362,288.831715846472
258300,235.51794000108,-387585.212209789,887241.11172663,499655.89951684,295.894984734577,289.902710136533,299.643255312661
258400,235.609120001082,-384404.592392603,883954.718235559,499550.125842956,294.798972231302,289.607252408813,298.014452969435
258500,235.700300001083,-369036.430165899,868699.84210791,499663.411942011,289.711469770855,299.008002938884,283.272354767361
258600,235.791480001084,-381903.920346831,881457.672895498,499553.752548667,293.966207402201,302.893521421607,287.769692883094
258700,235.882660001085,-373995.705312063,873603.261652762,499607.556340699,291.346760597886,290.628666969178,291.582700716527
258800,235.973840001086,-372504.436175569,872001.610059207,499497.173883638,290.812609657898,278.110684382047,299.038216000416
258900,236.065020001087,-373201.226913758,872747.322125566,499546.095211808,291.061304694202,293.354257783809,289.290118213887
259000,236.156200001089,-386587.144243956,886149.19395024,499562.049706284,295.530830065112,286.757429611183,301.133488009344
259100,236.24738000109,-385036.573525564,884596.177053098,499559.603527534,295.012898800433,304.258789060381,288.603127878134
259200,236.338560001091,-369036.646046907,868638.352287785,499601.706240878,289.690962910717,293.524270379769,286.894015462256
259300,236.429740001092,-384177.81053915,883681.117205058,499503.306665908,294.707726264818,276.183765943695,306.811443373681
259400,236.520920001093,-390694.590805999,890186.413571349,499491.82276535,296.877243145356,297.54901903292,296.181994851024
259500,236.612100001094,-387090.316507531,886589.902460466,499499.585952936,295.677806390017,295.522508104428,295.534940408419
259600,236.703280001095,-391491.550702198,891026.718255721,499535.167553523,297.157484827654,296.969906497818,297.034905810189
259700,236.794460001097,-390439.576273937,889968.056596723,499528.480322786,296.804421076112,295.798174441194,297.227915148496
259800,236.885640001098,-395341.346232882,894850.493645903,499509.147413021,298.432714239087,296.734773930623,299.315980516198
259900,236.976820001099,-406082.069006602,905558.082613413,499476.01360681,302.003696052497,297.998990869559,304.421829761078
260000,237.0680000011,-393811.822384106,893314.212553072,499502.390168966,297.920364366541,296.924942722391,298.335711825669
260100,237.159180001101,-383106.072588869,882632.709368493,499526.636779624,294.358082163913,291.833794067009,295.79564249338
260200,237.250360001102,-396168.094543459,895665.414401358,499497.319857899,298.704490378976,302.664296516809,295.815699211771
260300,237.341540001103,-390648.118257181,890149.701184828,499501.582927647,296.86499956139,292.618016419346,299.448934156451
260400,237.432720001105,-391534.960806236,891051.958965369,499516.998159133,297.165902606426,297.031737379806,297.007707838667
260500,237.523900001106,-375325.173064317,874927.0380203,499601.864955983,291.78824012683,286.096419576852,295.339630293376
260600,237.615080001107,-378237.852750522,877805.650476789,499567.797726267,292.748257621073,281.214717542136,300.193327459015
260700,237.706260001108,-381924.417549693,881476.540101245,499552.122551551,293.97249961689,295.166234906502,292.931699007468
260800,237.797440001109,-387296.228251353,886830.626384013,499534.39813266,295.75808783859,297.166943797439,294.572385459492
260900,237.88862000111,-377323.837557729,876928.151025337,499604.313467608,292.455611480853,300.320300917823,286.968772179972
261000,237.979800001111,-371162.440240536,870800.546116364,499638.105875827,290.412054732821,285.799680223067,293.244961027045
261100,238.070980001113,-372984.759954091,872572.734120553,499587.974166462,291.003079579974,292.792414031082,289.567687379585
261200,238.162160001114,-381750.721537744,881366.236222522,499615.514684778,293.935713264139,295.366150628775,292.737141926662
261300,238.253340001115,-376686.718005038,876222.283403864,499535.565398826,292.22020457024,304.315272458853,283.913309140688
261400,238.344520001116,-388292.256581925,887931.846815926,499639.590234001,296.125344944448,295.292796091344,296.433606392397
261500,238.435700001117,-379229.029295753,878807.710367456,499578.681071703,293.082444678158,295.963208114937,290.91770034974
261600,238.526880001118,-371904.258399904,871558.101287387,499653.842887483,290.664699445518,296.925493455804,286.248616189124
261700,238.618060001119,-376433.761512772,876038.556431259,499604.794918488,292.158931609558,289.953970246007,293.385440075583
261800,238.709240001121,-383568.238474517,883246.964405663,499678.725931145,294.562936270023,304.049878441445,287.992839042182
261900,238.800420001122,-382323.598587291,881908.502998077,499584.904410787,294.116559278999,293.159858973003,294.509262350263
262000,238.891600001123,-362674.854724256,862321.05523302,499646.200508765,287.584143816248,303.31329665537,276.85838847032
262100,238.982780001124,-372374.829807768,871947.946238183,499573.116430415,290.794712769112,288.850285983182,291.848668365758
262200,239.073960001125,-379049.434742631,878692.806125122,499643.371382491,293.044124103759,292.901145433844,292.895239780284
262300,239.165140001126,-379256.073915796,878865.9565603,499609.882644504,293.101869788328,299.827484380292,288.373875168861
262400,239.256320001127,-381093.262899044,880752.115838516,499658.852939472,293.730904064871,299.849906181706,289.406793566928
262500,239.347500001129,-366157.631237103,865812.070610917,499654.439373815,288.74839773584,291.047337223171,286.975147746173
262600,239.43868000113,-381738.485040779,881323.716790964,499585.231750185,293.92153303017,302.539962230772,287.930978952243
262700,239.529860001131,-392071.402856374,891660.973666617,499589.570810243,297.369009060069,287.714045640253,303.557843832396
262800,239.621040001132,-377814.904378534,877396.514696941,499581.610318407,292.611810804383,287.585375041778,295.718924803782
262900,239.712220001133,-363984.185713054,863629.642794728,499645.457081674,288.020557877181,285.03031679727,289.774034798891
263000,239.803400001134,-372171.919188787,871720.606272981,499548.687084194,290.718894871763,300.579314882692,283.903015785417
263100,239.894580001135,-383545.245504471,883139.367157387,499594.121652917,294.527052578752,298.046553321051,291.93527954007
263200,239.985760001137,-359121.200969566,858722.143558103,499600.942588537,286.383906472604,287.079111643332,285.681783103391
263300,240.076940001138,-369984.236086674,869615.866187727,499631.630101054,290.016963877848,293.115189615459,287.709799249543
263400,240.168120001139,-345497.236693626,845158.723069489,499661.486375863,281.860504608801,270.311399421795,289.325024312966
263500,240.25930000114,-374334.478789911,873905.622558457,499571.143768546,291.447597985145,282.815797915851,296.959258366353
263600,240.350480001141,-360893.671459568,860493.579692359,499599.908232792,286.974680571072,284.594528328258,288.322303165806
263700,240.441660001142,-375938.325751715,875526.745086671,499588.419334956,291.988242483465,293.656483506844,290.632758265811
263800,240.532840001143,-381987.543481112,881601.535652742,499613.99217163,294.014185643736,297.516788691916,291.434105123579
263900,240.624020001145,-381826.650683858,881399.598869137,499572.948185279,293.946839709567,298.023677376135,290.983992232096
264000,240.715200001146,-370303.540403568,869895.642512125,499592.102108557,290.110269305361,278.972766288647,297.293512758749
264100,240.806380001147,-366063.928779581,865699.717926337,499635.789146756,288.710928106165,290.031344992258,287.590057742015
264200,240.897560001148,-390202.929466448,889853.171304469,499650.241838021,296.766106821567,291.25353410263,300.19385021184
264300,240.988740001149,-366361.48385278,865996.021352529,499634.537499749,288.809745323505,302.072898007886,279.726968746148
264400,241.07992000115,-377108.749788063,876689.352119322,499580.60233126,292.375972025787,288.219214698045,294.903496934258
264500,241.171100001152,-367321.504951753,866902.724491493,499581.21953974,289.112130895946,295.752569955188,284.44424474737
264600,241.262280001153,-389317.167160327,888850.876291776,499533.70913145,296.431841351268,289.752182408457,300.637920778683
264700,241.353460001154,-350013.97683738,849729.137490623,499715.160653243,283.384738199307,288.321796344251,279.857212154179
264800,241.444640001155,-382415.680591005,881992.500492437,499576.819901432,294.144572450371,294.000071735948,293.995785782944
264900,241.535820001156,-365605.99717329,865309.358037133,499703.360863843,288.58074305057,284.937203915162,290.769285188298
265000,241.627000001157,-401708.58031138,901248.499899512,499539.919588132,300.5664498581,299.73519549894,300.870147389325
265100,241.718180001158,-372790.976281987,872461.623968939,499670.647686953,290.966024335147,279.115335459517,298.624011898621
265200,241.80936000116,-365519.489799951,865140.487706115,499620.997906164,288.524424781095,291.84056449757,286.073227949461
265300,241.900540001161,-380915.128637831,880536.317770384,499621.189132553,293.658935391157,301.89434260776,287.923948133929
265400,241.991720001162,-389089.139353003,888670.815056979,499581.675703976,296.37179091445,295.967949957106,296.394041726919
265500,242.082900001163,-387254.783666144,886838.761155305,499583.977489161,295.760800785495,300.228208352573,292.536061740122
265600,242.174080001164,-374598.410306503,874303.263286055,499704.852979552,291.580211200952,304.788330351137,282.531814924829
265700,242.265260001165,-369160.094190481,868813.936105261,499653.84191478,289.749520128485,297.46883058682,284.361855222821
265800,242.356440001166,-364528.750054441,864204.200685365,499675.450630924,288.212172981612,282.674187639548,291.663986398838
265900,242.447620001168,-376437.145124586,876006.275452079,499569.130327493,292.14816590031,297.507884583444,288.331563306638
266000,242.538800001169,-387083.552124791,886651.137873396,499567.585748605,295.698228405335,308.068614519158,287.204889139115
266100,242.62998000117,-383315.584883235,882913.768773884,499598.183890649,294.451815499044,297.676402691709,292.056714191019
266200,242.721160001171,-368057.927833753,867712.194993189,499654.267159436,289.382089375751,289.511303528447,289.05479486614
266300,242.812340001172,-354304.592596344,853972.37560586,499667.783009516,284.799858464519,285.893562019598,283.833389545746
266400,242.903520001173,-369562.524555404,869163.065687581,499600.541132178,289.865954873297,304.43695365007,279.910400726387
266500,242.994700001174,-371305.143188105,870879.169959713,499574.026771608,290.438275791133,276.426939036734,299.53713506424
266600,243.085880001176,-384783.741186776,884349.773176869,499566.031990094,294.930723087167,284.283374726056,301.783179725334
266700,243.177060001177,-370738.051006787,870351.124870741,499613.073863954,290.262172709935,294.066649396951,287.483969774668
266800,243.268240001178,-380023.981590397,879568.779465322,499544.797874925,293.33626128575,289.5979105467,295.58404822738
266900,243.359420001179,-362755.448912839,862356.129160998,499600.68024816,287.595840974153,273.484018433782,296.764059466922
267000,243.45060000118,-373963.266535937,873560.263868618,499596.997332681,291.332420833289,291.030942038729,291.290629678968
267100,243.541780001181,-359146.309521642,858816.899183571,499670.589661929,286.415507481598,289.012474386701,284.445516621961
267200,243.632960001182,-376840.032543635,876393.686171675,499553.65362804,292.277367407596,284.563701398603,297.176246940752
267300,243.724140001184,-386958.619092891,886510.042431961,499551.42333907,295.651173063852,284.450253192178,302.872077000749
267400,243.815320001185,-386868.00466772,886350.440358493,499482.435690773,295.597945759044,296.688282191652,294.624723182505
267500,243.906500001186,-375342.62157305,874931.130904685,499588.509331635,291.789605104114,294.581088714539,289.685458026243
267600,243.997680001187,-382497.713383808,882064.015239651,499566.301855843,294.168422624529,290.762204244624,296.194094525613
267700,244.088860001188,-385166.166713157,884699.889367762,499533.722654606,295.04748686602,293.061162202666,296.125830402535
267800,244.180040001189,-382577.315601004,882118.448058785,499541.132457781,294.186575974249,286.853822652997,298.829922708438
267900,244.27122000119,-370155.930157261,869645.491795677,499489.561638416,290.026844020569,279.862170460744,296.561604023768
268000,244.362400001192,-364352.831106543,863955.353995318,499602.522888775,288.129182589734,286.635541820689,288.884835450273
268100,244.453580001193,-377391.543423382,876828.578954031,499437.035530649,292.42240418677,297.820169059278,288.580208934942
268200,244.544760001194,-365257.620056805,864835.296024997,499577.675968192,288.422643329997,283.92255325714,291.182351175794
268300,244.635940001195,-381611.674210643,881083.306082227,499471.631871584,293.841356038762,280.714411949439,302.34778430161
268400,244.727120001196,-366914.899691289,866560.868354018,499645.968662729,288.998121845596,298.549494579247,282.389708254956
268500,244.818300001197,-378884.179547655,878435.847799837,499551.668252182,292.958428480853,287.537420618068,296.328301698975
268600,244.909480001198,-371269.236259126,870866.661812389,499597.425553263,290.434104322958,278.566622419512,298.103730504986
268700,245.0006600012,-367626.364264069,867127.236967605,499500.872703535,289.187005825448,285.212211637281,291.595879446038
268800,245.091840001201,-365361.18855937,864971.678669989,499610.490110619,288.468126953473,294.286419254625,284.348875313577
268900,245.183020001202,-377868.809263321,877474.573116759,499605.763853438,292.6378432939,289.409433793294,294.546251424892
269000,245.274200001203,-377635.652681261,877237.573899186,499601.921217925,292.558804035079,298.021776131681,288.673023633982
269100,245.365380001204,-380922.690762342,880444.891280188,499522.200517846,293.628444649054,296.313148051999,291.593952009883
269200,245.456560001205,-375006.019391175,874481.90253264,499475.883141465,291.639787404582,293.367628063064,290.24486047609
269300,245.547740001206,-364819.525044235,864398.612699639,499579.087655404,288.277009404582,286.943064480714,288.926075179324
269400,245.638920001208,-374792.809346915,874314.988206219,499522.178859304,291.584121462804,296.359813364849,288.157340093556
269500,245.730100001209,-362425.017916554,862084.208152785,499659.190236231,287.505155295243,298.683439854059,279.813377959953
269600,245.82128000121,-378405.639375234,877990.606327854,499584.96695262,292.809940412824,288.040590105009,295.745499001024
269700,245.912460001211,-368431.651033756,868045.70611234,499614.055078583,289.493315361794,290.244541878461,288.751253254549
269800,246.003640001212,-384660.112637809,884196.364803865,499536.252166056,294.879561381979,293.590601645689,295.493134905023
269900,246.094820001213,-365008.665989384,864552.649276888,499543.983287504,288.328380615937,294.550536132342,283.940003287821
270000,246.186000001214,-371301.840935005,870885.778960159,499583.938025154,290.440479893333,284.660119306052,294.052019884942
270100,246.277180001216,-368089.397851979,867726.086019598,499636.688167619,289.386722034217,295.063705012866,285.360911113422
270200,246.368360001217,-378259.008494918,877888.318691746,499629.310196828,292.775827477654,289.019553997927,295.036029941241
270300,246.459540001218,-377042.990780998,876698.310718864,499655.319937866,292.378959719481,291.03333000677,293.032397061522
270400,246.550720001219,-365390.751434188,865022.412919429,499631.661485241,288.485046829891,292.600143926809,285.501244559588
270500,246.64190000122,-365771.476945265,865343.179347061,499571.702401796,288.59202246025,280.509742802573,293.73971554665
270600,246.733080001221,-373815.301536948,873420.112647016,499604.811110069,291.2856803892,292.200136793128,290.43330471959
270700,246.824260001223,-387869.332645328,887353.572312313,499484.239666986,295.932490349279,288.304701357205,300.771072602038
270800,246.915440001224,-370167.291772609,869760.441268137,499593.149495529,290.065179679219,288.880634171571,290.613155701252
270900,247.006620001225,-391677.721153202,891196.742971171,499519.021817969,297.214188084433,299.920002165174,295.162633540535
271000,247.097800001226,-375427.615279451,875035.504472557,499607.889193106,291.824413697701,293.060921672198,290.756888036622
271100,247.188980001227,-382031.918859167,881580.611577748,499548.692718581,294.007207462981,297.617572987881,291.355291106828
271200,247.280160001228,-369592.860441606,869189.900714382,499597.040272776,289.874904356972,292.135612561158,288.126203133884
271300,247.371340001229,-378742.716520718,878344.439355547,499601.722834829,292.927943757061,302.344730573305,286.405979259766
271400,247.462520001231,-383287.621631218,882900.125941574,499612.504310357,294.447265613331,297.425444000249,292.216440634042
271500,247.553700001232,-369245.088327951,868873.150654459,499628.062326508,289.769268185579,290.498919472112,289.041359604401
271600,247.644880001233,-383224.702660224,882819.647556366,499594.944896142,294.420426065155,310.395393850139,283.525097186777
271700,247.736060001234,-371038.322172448,870652.055859511,499613.733687063,290.36253321978,292.664503801401,288.585917387682
271800,247.827240001235,-382568.12741553,882130.849804573,499562.722389043,294.190711957503,289.156004703916,297.302024533263
271900,247.918420001236,-372190.93123949,871800.926743062,499609.995503571,290.745681755232,290.408625006369,290.728098186345
272000,248.009600001237,-372379.045241841,871947.468968074,499568.423726233,290.794553599491,282.669305087744,295.969057145989
272100,248.100780001239,-375993.854472474,875623.876972818,499630.022500344,292.020635975594,281.856471161842,298.553395321449
272200,248.19196000124,-374567.902442264,874181.185124144,499613.28268188,291.539498123777,287.061103711767,294.28214481668
272300,248.283140001241,-371848.983774563,871416.051801159,499567.068026595,290.617325930018,285.188055132001,293.994658690421
272400,248.374320001242,-379413.429194699,879022.133724919,499608.70453022,293.153954885749,289.618953648834,295.266327414623
272500,248.465500001243,-382622.512427861,882218.053948674,499595.541520813,294.219794546831,290.284992226755,296.597812931427
272600,248.556680001244,-368791.534188247,868404.070811282,499612.536623035,289.61283001877,284.59963956466,292.71361296316
272700,248.647860001245,-364827.437785093,864455.858479012,499628.420693919,288.296100876776,291.22983929664,286.100028512803
272800,248.739040001247,-367922.425814746,867539.907279054,499617.481464307,289.324631408722,280.238886796753,295.140690623861
272900,248.830220001248,-365461.635198442,865022.763568982,499561.12837054,288.485163771547,288.785856275313,288.044297799224
273000,248.921400001249,-377107.826193372,876735.619000174,499627.792806802,292.391402034408,287.786813967973,295.217467910337
273100,249.01258000125,-383471.498729854,883031.140222313,499559.641492459,294.490958886881,290.473044237228,296.92415952091
273200,249.103760001251,-373598.21557116,873258.446056712,499660.230485552,291.231764567855,288.080427270224,293.089962962469
273300,249.194940001252,-386547.91133981,886096.576821631,499548.665481821,295.513282248334,291.691604670046,297.814806231986
273400,249.286120001253,-353007.078186795,852662.851647022,499655.773460227,284.363132115065,271.035958229763,293.010945428503
273500,249.377300001255,-374438.651459295,874013.675375793,499575.023916497,291.483633608735,303.402645747528,283.2947224882
273600,249.468480001256,-366456.667411573,866140.593770851,499683.926359278,288.857960237069,286.417113804191,290.244476225456
273700,249.559660001257,-364686.05855335,864297.297423022,499611.238869672,288.243220751383,278.072849571147,294.783265520915
273800,249.650840001258,-372725.153044791,872280.7073054,499555.554260608,290.905688612773,288.19399883884,292.471060388218
273900,249.742020001259,-371123.419385732,870637.921617078,499514.502231346,290.35781944875,287.437757870056,292.062562318339
274000,249.83320000126,-381214.479472223,880794.891537973,499580.41206575,293.745169764206,288.510948491387,296.989862971282
274100,249.924380001261,-369685.143316977,869309.155770857,499624.01245388,289.91467592825,285.829473606407,292.396548579538
274200,250.015560001263,-354878.622794781,854557.734349431,499679.111554651,284.995075654304,271.446016098596,293.790286128398
274300,250.106740001264,-390326.183105625,889926.567895704,499600.384790079,296.790584590863,294.065642603547,298.359887095248
274400,250.197920001265,-372729.942131483,872332.808821479,499602.866689996,290.923064472729,297.149728302981,286.5295193655
274500,250.289100001266,-382214.01230311,881728.636784983,499514.624481873,294.056573881935,289.223563104507,297.033533921985
274600,250.380280001267,-366370.491190237,865920.57065498,499550.079464742,288.784582509581,288.085329747091,289.01009719915
274700,250.471460001268,-373942.226536621,873499.276926353,499557.050389732,291.312081682959,299.162142251685,285.835947902405
274800,250.562640001269,-360773.230708023,860392.719353784,499619.488645761,286.941043639748,286.715321604175,286.85240746043
274900,250.653820001271,-383878.235854257,883484.969804138,499606.733949881,294.642311090258,289.585478183016,297.767997769178
275000,250.745000001272,-359771.748913511,859405.256276693,499633.507363182,286.611724621208,282.735138835633,288.957272041073
275100,250.836180001273,-376085.06870205,875637.969643295,499552.900941245,292.025335882373,292.045703774834,291.76840284083
275200,250.927360001274,-369104.334184,868645.443609891,499541.109425892,289.693327867231,285.017717530499,292.568990318496
275300,251.018540001275,-381912.026211978,881378.687482488,499466.66127051,293.939865760376,283.066713174728,300.943684262676
275400,251.109720001276,-369279.495771222,868819.015904174,499539.520132952,289.751214241846,286.720914175332,291.529954940986
275500,251.200900001277,-381921.60635249,881514.364788313,499592.758435823,293.985114153181,284.680415428924,299.943259040892
275600,251.292080001279,-356711.239030115,856311.106481856,499599.86745174,285.579825406655,296.358439212413,278.156099681646
275700,251.38326000128,-362056.216042337,861738.24015881,499682.024116473,287.389774940407,287.54865225449,287.044365251901
275800,251.474440001281,-386356.300046941,885836.745717262,499480.445670321,295.426628553364,294.797139818091,295.600098853084
275900,251.565620001282,-373622.299813074,873204.824993846,499582.525180772,291.213881938918,303.62331094248,282.69825103493
276000,251.656800001283,-377308.975884035,876787.022309258,499478.046425224,292.408545042274,285.884080556188,296.514514245464
276100,251.747980001284,-380908.939858657,880497.022111889,499588.082253233,293.645830285773,296.232787340634,291.676487390627
276200,251.839160001286,-388241.732348936,887834.634950621,499592.902601685,296.092924779263,293.002187718044,297.906672049426
276300,251.930340001287,-368214.683285844,867864.569110156,499649.885824312,289.432906156463,273.926322015115,299.529434828899
276400,252.021520001288,-372824.065259261,872424.25777529,499600.192516029,290.95356270645,292.502046176989,289.678779090503
276500,252.112700001289,-379231.011861471,878838.109100367,499607.097238896,293.092582658118,298.009597214377,289.570329135063
276600,252.20388000129,-386252.191829151,885756.285593717,499504.093764566,295.399795095453,290.815620362161,298.209745088402
276700,252.295060001291,-369942.234311401,869523.589572887,499581.355261486,289.986189619105,284.774493671629,293.218998426073
276800,252.386240001292,-388845.24137027,888407.857981896,499562.616611626,296.284094707986,297.668794588958,295.114058041748
276900,252.477420001294,-385463.520819816,885089.420487866,499625.89966805,295.177395527052,296.061549015795,294.34197870495
277000,252.568600001295,-369994.110497467,869644.840625628,499650.730128161,290.026626855304,284.506097777573,293.465290718079
277100,252.659780001296,-374554.308870934,874132.630720252,499578.321849318,291.52330522603,292.227723112877,290.810757213779
277200,252.750960001297,-385782.877956197,885328.706510143,499545.828553946,295.257197435432,291.140406239214,297.755677235047
277300,252.842140001298,-398253.991915725,897720.410974656,499466.419058932,299.389831907506,295.829471966159,301.513913675148
277400,252.933320001299,-380879.024453341,880448.068682878,499569.044229536,293.629504313116,291.136333474763,295.046926951757
277500,253.0245000013,-381103.104039522,880670.323495805,499567.219456283,293.703626311758,293.710606382466,293.45421990936
277600,253.115680001302,-364837.393163953,864455.944523048,499618.551359095,288.296129572469,296.945033440708,282.289946885664
277700,253.206860001303,-367274.947295197,866886.850247024,499611.902951827,289.106836834092,289.562906600643,288.561867959028
277800,253.298040001304,-388656.888719078,888194.454008434,499537.565289356,296.212924465044,289.514929821608,300.431410123613
277900,253.389220001305,-381151.759497171,880732.304352133,499580.544854962,293.724296932511,291.444234568655,294.999568260971
278000,253.480400001306,-375552.297057884,875041.843328766,499489.546270882,291.826527706775,287.680196074463,294.347560021894
278100,253.571580001307,-385303.095298407,884893.286607127,499590.191308719,295.111984861473,295.153439214267,294.838421972226
278200,253.662760001308,-381431.941778929,880970.557192361,499538.615413432,293.803754274591,299.20904221422,289.955392519609
278300,253.75394000131,-366063.059198233,865750.621443569,499687.562245336,288.727904433406,281.59233863839,293.244341709724
278400,253.845120001311,-390471.528476896,890047.521173703,499575.992696807,296.830922519161,304.287635291802,291.612421568634
278500,253.936300001312,-366607.631293242,866155.161373282,499547.53008004,288.862818533694,290.699520445889,287.397631576786
278600,254.027480001313,-381731.684693671,881256.426947806,499524.742254135,293.899091861866,285.418315168341,299.308027080998
278700,254.118660001314,-388767.013003941,888262.488775132,499495.475771191,296.23561406541,296.369921188551,295.899212971595
278800,254.209840001315,-363808.0729057,863444.365459649,499636.292553948,287.958767870485,289.867895491222,286.446050483434
278900,254.301020001316,-387882.763996873,887436.61466443,499553.850667556,295.960184980634,290.119121868095,299.607593568175
279000,254.392200001318,-369061.031179872,868734.924550038,499673.893370165,289.72316976823,291.528392975373,288.278251655328
279100,254.483380001319,-386135.045744787,885606.223762149,499471.178017363,295.349749462114,293.984040726092,296.014097161578
279200,254.57456000132,-380094.35854339,879732.898530597,499638.539987208,293.390995007703,297.255532350619,290.570144283252
279300,254.665740001321,-389143.137162435,888630.704251615,499487.567089181,296.358413957517,288.974646492834,301.033960255675
279400,254.756920001322,-378997.742408243,878585.717656385,499587.975248141,293.008410090507,291.482372746389,293.781594644842
279500,254.848100001323,-368178.080375789,867740.432231445,499562.351855656,289.391506497064,288.28128338131,289.890495652152
279600,254.939280001324,-377221.023288282,876866.324451347,499645.301163065,292.434992313272,292.580512938755,292.094282736022
279700,255.030460001326,-368355.912655868,868012.020694626,499656.108038758,289.482081272178,297.377750432476,283.977066764253
279800,255.121640001327,-377803.92183009,877468.356180558,499664.434350467,292.635769945159,283.010098732512,298.809020945303
279900,255.212820001328,-373959.617176114,873472.023775203,499512.406599089,291.302992754778,292.716662317272,290.11779388582
280000,255.304000001329,-382483.161486925,881993.74715038,499510.585663455,294.144988210899,294.501907546448,293.66192116369
280100,255.39518000133,-391329.183774063,890805.739042627,499476.555268563,297.083788241663,292.837379652171,299.66715747779
280200,255.486360001331,-374837.009473748,874494.184386294,499657.174912546,291.6438834038,294.895542496798,289.233074105632
280300,255.577540001332,-375335.759086176,874974.242050785,499638.48296461,291.803982674933,293.567181260414,290.385346965715
280400,255.668720001334,-378176.245581302,877804.59881043,499628.353229128,292.747906890255,290.026714153665,294.31807879224
280500,255.759900001335,-380268.271772305,879802.63073655,499534.358964245,293.414250704202,286.791144716601,297.585142820349
280600,255.851080001336,-370931.028363405,870523.82121841,499592.792855005,290.319766956281,294.263318855956,287.448799217367
280700,255.942260001337,-376972.354206536,876508.431565082,499536.077358546,292.315635005864,296.662343965469,289.174232670288
280800,256.033440001337,-375717.839000352,875290.241838623,499572.402838271,291.909368630523,292.566451810434,291.228055370056
280900,256.124620001335,-384990.916946251,884461.637101022,499470.720154771,294.968029715198,287.505702386367,299.697107909657
281000,256.215800001334,-369243.371186089,868853.834582062,499610.463395973,289.762826273824,284.534640091747,293.006814706648
281100,256.306980001332,-375074.488529178,874658.122677627,499583.634148449,291.698556837628,301.839404111656,284.694909857578
281200,256.39816000133,-351435.089096372,851070.049687443,499634.960591071,283.831932528745,285.736598987147,282.325628279371
281300,256.489340001329,-374436.229318291,874033.833938139,499597.604619848,291.490356490959,299.496692236174,285.909890697073
281400,256.580520001327,-385385.064821195,884902.591970591,499517.527149396,295.115088200964,299.542101452924,291.917816792823
281500,256.671700001325,-372077.077749245,871707.242406145,499630.164656899,290.714438021059,286.227959447815,293.46316170487
281600,256.762880001324,-381711.864744123,881249.947060128,499538.082316004,293.896930818785,292.539753362392,294.556801680699
281700,256.854060001322,-359849.373878918,859524.817832178,499675.44395326,286.651598409931,286.596328078543,286.449568965515
281800,256.94524000132,-380542.508804035,880047.902364737,499505.393560702,293.496048812652,283.115760964541,300.171660670715
281900,257.036420001319,-366992.698387425,866564.436970205,499571.73858278,288.999311979391,278.871294845924,295.51049064172
282000,257.127600001317,-387300.273102649,886815.241542116,499514.968439467,295.752956992535,300.434527311263,292.385449315891
282100,257.218780001315,-364322.259823362,863968.052509255,499645.792685893,288.133417545191,297.440392204301,281.688656591162
282200,257.309960001313,-362448.461179292,862042.906198034,499594.445018742,287.49138108989,288.621278636005,286.498539908239
282300,257.401140001312,-378074.810042965,877728.85451072,499654.044467754,292.722646159987,287.0081111904,296.288400601243
282400,257.49232000131,-384418.148236334,883955.822724366,499537.674488032,294.799340578411,285.201042822935,300.952539631579
282500,257.583500001308,-376154.224619118,875724.283084151,499570.058465033,292.054121422095,296.955119192697,288.54341114051
282600,257.674680001307,-362555.04760456,862129.425698288,499574.378093728,287.520235350438,284.453078405238,289.325406451113
282700,257.765860001305,-368737.042931052,868367.69796312,499630.655032068,289.600699670876,287.289102308151,290.900430662965
282800,257.857040001303,-371567.127130364,871197.574598194,499630.44746783,290.544463764614,290.541087987695,290.30459389609
282900,257.948220001302,-379562.909984263,879194.713640252,499631.803655989,293.211510301902,296.718855699247,290.628937111753
283000,258.0394000013,-388296.332731217,887917.068222305,499620.735491088,296.120416282243,293.963055130933,297.311890036214
283100,258.130580001298,-374762.76635238,874351.390041003,499588.623688623,291.59626147774,294.968011259796,289.105431405137
283200,258.221760001296,-376730.754324623,876317.307881446,499586.553556823,292.251895241436,306.402757370962,282.57444390905
283300,258.312940001295,-384068.699959268,883616.462465874,499547.762506605,294.68616390391,292.905821839976,295.627486809945
283400,258.404120001293,-382924.975553732,882568.998325527,499644.022771795,294.336834525772,309.907255669511,283.711273067843
283500,258.495300001291,-371985.812892643,871634.530251113,499648.71735847,290.690188511293,287.590574703002,292.514355893061
283600,258.58648000129,-369234.305323419,868983.18861131,499748.883287891,289.805965853363,282.732461811038,294.28013024337
283700,258.677660001288,-377271.906243051,876922.063090404,499650.156847354,292.453581154045,291.542109282828,292.817517750561
283800,258.768840001286,-375255.076674677,874889.0089863,499633.932311623,291.77555744082,292.477412549955,291.064507736863
283900,258.860020001285,-382195.653989902,881733.002871492,499537.34888159,294.05802997215,302.13447630203,288.428684060588
284000,258.951200001283,-392221.612292221,891764.809716915,499543.197424694,297.403638391501,288.146932772709,303.32693910537
284100,259.042380001281,-378042.22385112,877650.414483056,499608.190631936,292.696486404221,297.907104488325,288.978827276149
284200,259.133560001279,-364826.182604314,864499.366633922,499673.184029608,288.310610850066,304.925052309571,276.994057701354
284300,259.224740001278,-375049.976628845,874710.446563826,499660.469934981,291.716006858038,294.465434468095,289.639958445618
284400,259.315920001276,-372229.594303686,871922.335032404,499692.740728718,290.78617142985,303.114626697667,282.32487944178
284500,259.407100001274,-388271.65102037,887866.362296733,499594.711276363,296.103505851837,308.481486692702,287.604765703049
284600,259.498280001273,-361638.176638345,861248.256012057,499610.079373712,287.226365186612,281.358727062919,290.898768631419
284700,259.589460001271,-382792.757323433,882285.29285721,499492.535533776,294.242218728434,304.094930352875,287.428542463199
284800,259.680640001269,-385953.029333979,885560.426994715,499607.397660736,295.334476236357,293.752882471709,296.142760015925
284900,259.771820001268,-386373.741938364,885923.51955719,499549.777618827,295.455567636215,298.568303913146,293.13419714523
285000,259.863000001266,-368729.525654445,868423.341743043,499693.816088598,289.619256876119,285.65275777059,292.022240232408
285100,259.954180001264,-367870.606433097,867473.504709855,499602.898276758,289.302486146358,294.679296854214,285.476860269332
285200,260.045360001263,-390565.934991586,890207.928087538,499641.993095952,296.884418238298,294.65015752579,298.126521698106
285300,260.136540001261,-385425.587039873,885015.793880132,499590.206840259,295.152841047234,282.405140217046,303.405347566488
285400,260.227720001259,-357351.518001777,856958.671182159,499607.153180381,285.795788288197,283.13896050307,287.328843654708
285500,260.318900001257,-373714.705381567,873348.77629852,499634.070916952,291.261889711029,288.324238747421,292.977605445342
285600,260.410080001256,-371488.088673283,871111.496220088,499623.407546806,290.515756618339,285.42165447961,293.669728246977
285700,260.501260001254,-360627.018926493,860350.109725727,499723.090799233,286.926833325238,294.16343370453,281.863327377939
285800,260.592440001252,-390446.291566163,890059.011899502,499612.720333339,296.834754677173,302.337486511622,292.918904491976
285900,260.683620001251,-370595.412075822,870262.161328458,499666.749252635,290.232503361166,290.981958993813,289.491005853268
286000,260.774800001249,-365394.04306129,865032.086960398,499638.043899108,288.488273123361,288.898483324851,287.974392761432
286100,260.865980001247,-377150.448130938,876761.944843826,499611.496712888,292.400181705461,296.953923567354,289.120686979446
286200,260.957160001246,-383852.576081217,883443.690416475,499591.114335258,294.628544411031,292.761781876867,295.627528980131
286300,261.048340001244,-383070.123608714,882620.524798114,499550.4011894,294.354018608676,299.916009500384,290.400729665362
286400,261.139520001242,-378267.266979222,877950.912383669,499683.645404447,292.796702479129,301.97513502767,286.433750194703
286500,261.23070000124,-382144.061439967,881719.878388753,499575.816948786,294.053652956062,293.238091880998,294.352315628642
286600,261.321880001239,-378608.648452512,878265.762605209,499657.114152697,292.901705054263,293.151714700832,292.49094720234
286700,261.413060001237,-397030.524223108,896504.169291006,499473.645067898,298.984215204604,298.71304367562,298.915842711258
286800,261.504240001235,-379182.945382927,878799.031687031,499616.086304104,293.079550337512,305.01619253584,284.877555913346
286900,261.595420001234,-380762.814026303,880320.161294334,499557.347268031,293.586847188372,288.001182863346,297.065967699066
287000,261.686600001232,-373681.533755974,873343.673111486,499662.139355512,291.260187797727,296.234420716244,287.701315695551
287100,261.77778000123,-374174.572071882,873781.926766355,499607.354694473,291.406345428166,302.474496363658,283.784739516647
287200,261.868960001229,-371946.898382259,871572.009731745,499625.111349486,290.669337912871,293.06052776722,288.832986895045
287300,261.960140001227,-387985.308584185,887545.223933143,499559.915348958,295.996406180805,293.428858997305,297.46144063132
287400,262.051320001225,-374128.823838166,873682.73867613,499553.914837964,291.373266191806,285.894559963132,294.782925955763
287500,262.142500001223,-382786.332903022,882384.56873575,499598.235832729,294.275327242205,299.733975176081,290.390999180253
287600,262.233680001222,-384815.386868591,884408.989528235,499593.602659644,294.950471745284,296.505972528882,293.667679163097
287700,262.32486000122,-387507.115002919,887161.557935735,499654.442932817,295.868453538681,286.112985988689,302.125541527394
287800,262.416040001218,-383921.81340517,883574.341793273,499652.528388103,294.672116656086,288.562922874555,298.499352413224
287900,262.507220001217,-371155.169207839,870793.528684092,499638.359476252,290.409714418573,285.581148730229,293.386750115453
288000,262.598400001215,-377398.789901627,876959.42851517,499560.638613543,292.46604252632,294.368095416635,290.954285564004
288100,262.689580001213,-382718.697887567,882264.921976563,499546.224088996,294.23542503804,286.208771551209,299.341331175063
288200,262.780760001212,-372727.832506577,872277.646020598,499549.813514022,290.904667674036,286.865712221766,293.354884085821
288300,262.87194000121,-364064.564192699,863705.314809032,499640.750616333,288.045794500261,293.061500289862,284.461952478444
288400,262.963120001208,-379390.923251079,879065.168193343,499674.244942265,293.168306884557,301.262987287174,287.527546360408
288500,263.054300001207,-362638.554798788,862293.147666934,499654.592868146,287.574836640632,291.272918480297,284.869803050321
288600,263.145480001205,-362150.074249855,861790.521339834,499640.447089979,287.407210718637,292.422179130144,283.824392435368
288700,263.236660001203,-363903.19403133,863506.860296818,499603.666265488,287.979609903891,279.27348976793,293.543706986279
288800,263.327840001201,-383163.2360826,882793.565640953,499630.329558353,294.41172774419,288.617296048613,298.029339101455
288900,263.4190200012,-377234.516572425,876856.874765324,499622.358192899,292.431840842196,292.329771456638,292.256193898532
289000,263.510200001198,-372145.911125141,871760.017460614,499614.106335473,290.732038506124,283.524761854556,295.294612908415
289100,263.601380001196,-373775.942052441,873426.174134829,499650.232082388,291.287701895891,303.026408643197,283.219157646107
289200,263.692560001195,-378652.471458987,878268.391066183,499615.919607196,292.902581646217,292.621325256118,292.846000421578
289300,263.783740001193,-367407.009751103,867035.172225994,499628.162474891,289.156302226445,292.997946502137,286.354242457461
289400,263.874920001191,-386254.698534881,885778.530440865,499523.831905985,295.407213753832,295.061054063203,295.39181420279
289500,263.96610000119,-389661.377090338,889200.272962205,499538.895871866,296.548365169987,298.518986060058,294.987494272297
289600,264.057280001188,-382794.36824174,882326.477961586,499532.109719846,294.255953964177,282.836548146325,301.623677881108
289700,264.148460001186,-381292.023366321,880965.67971006,499673.656343739,293.802127633837,297.042650792015,291.396943755357
289800,264.239640001184,-384303.899798169,883907.947254495,499604.047456326,294.783374105218,289.949602710442,297.760235556648
289900,264.330820001183,-381397.688205559,881040.615008662,499642.926803103,293.827118562168,300.569614485114,289.08726534807
290000,264.422000001181,-399111.985675529,898506.21847598,499394.23280045,299.651898774714,309.813881057494,292.627534003882
290100,264.513180001179,-380105.992229945,879676.27402982,499570.281799875,293.372110731973,296.095267563533,291.312196085323
290200,264.604360001178,-371976.22587768,871473.61042463,499497.38454695,290.636521735744,285.392395593524,293.890408729112
290300,264.695540001176,-366528.030844354,866216.079094524,499688.04825017,288.883134598807,289.442667067607,288.269377007442
290400,264.786720001174,-376526.483513058,876109.281227805,499582.797714747,292.182518335103,286.520501990694,295.713710466096
290500,264.877900001173,-375494.716972363,875109.047245597,499614.330273234,291.848940218642,289.907747811298,292.899861040021
290600,264.969080001171,-376980.886397911,876550.586981353,499569.700583442,292.329693840705,303.219784142077,284.82602556159
290700,265.060260001169,-384346.114838608,883910.508064652,499564.393226044,294.784228135619,291.941639585458,296.433633645611
290800,265.151440001167,-380386.442411114,879954.341390545,499567.89897943,293.464846219958,296.179254344301,291.410686765214
290900,265.242620001166,-396253.388792961,895682.307481085,499428.918688123,298.710124222473,276.364463372482,313.358306352282
291000,265.333800001164,-389168.021157928,888722.319471508,499554.298313581,296.38896764099,302.952966250583,291.76597776156
291100,265.424980001162,-382227.078349614,881723.820026818,499496.741677203,294.054967492686,287.416172175853,298.235785230997
291200,265.516160001161,-352363.147609,852095.821770448,499732.674161447,284.174027603951,286.689538843428,282.260208421297
291300,265.607340001159,-395045.017023679,894569.045252799,499524.02822912,298.338851176521,284.071840445452,307.601575954588
291400,265.698520001157,-394296.101519219,893818.471202654,499522.369683435,298.088534668219,297.5171851974,298.221027203208
291500,265.789700001156,-403334.670462817,902779.051506101,499444.381043284,301.076888946507,291.939611196349,306.917510039157
291600,265.880880001154,-379426.30782679,879016.444499771,499590.13667298,293.152057528688,287.22178092708,296.86128188182
291700,265.972060001152,-365917.925023929,865513.926761929,499596.001738,288.648966737345,283.361989250098,291.933077589894
291800,266.063240001151,-374375.124843547,873944.921927391,499569.797083844,291.460704327961,290.49158312424,291.863901210168
291900,266.154420001149,-377711.749173975,877260.48337347,499548.734199496,292.566444346663,284.42849369364,297.747939411723
292000,266.245600001147,-370272.970639386,869804.026234987,499531.055595601,290.079715269297,295.889486915159,285.964801076
292100,266.336780001145,-371524.159887641,871169.915518218,499645.755630578,290.535239459136,294.313107682828,287.774547943792
292200,266.427960001144,-370817.345186567,870356.33552707,499538.990340503,290.263910464256,292.623146259563,288.449200008664
292300,266.519140001142,-392597.081706372,892171.321846457,499574.240140085,297.539210220596,298.155464799605,296.880424492739
292400,266.61032000114,-390287.230277533,889783.625342613,499496.39506508,296.74291323749,294.526288618099,297.973377222719
292500,266.701500001139,-392783.078526702,892330.014303859,499546.935777157,297.59213416837,305.393203095929,292.143428104856
292600,266.792680001137,-377127.511994297,876662.159627289,499534.647632991,292.366903327427,293.992638384321,291.039440870058
292700,266.883860001135,-376959.711931567,876548.209221524,499588.497289957,292.328900857604,281.730929863799,299.150607436093
292800,266.975040001134,-384640.310492441,884127.140753533,499486.830261091,294.856475155422,290.076481074569,297.797424146694
292900,267.066220001132,-385987.807760589,885543.100977219,499555.29321663,295.328698008077,297.821520043167,293.42070940301
293000,267.15740000113,-375250.459072913,874877.624320351,499627.165247438,291.771760653777,287.19826363434,294.577615532857
293100,267.248580001128,-371078.201261265,870670.113341124,499591.912079859,290.368555391404,291.041142869259,289.678189943341
293200,267.339760001127,-376594.183463531,876211.29825066,499617.114787129,292.21654102073,300.93260359877,286.162318851186
293300,267.430940001125,-378227.582171668,877744.409393395,499516.827221726,292.727833714656,286.092486787501,296.90745847133
293400,267.522120001123,-389854.586693322,889445.207510917,499590.620817594,296.630050862403,295.12852662204,297.383875313594
293500,267.613300001122,-370121.962454814,869674.761737647,499552.799282832,290.036605548657,291.384482989349,288.896323416905
293600,267.70448000112,-368089.056681026,867724.847760386,499635.79107936,289.386309074666,296.336838373361,284.511467617975
293700,267.795660001118,-389600.085054231,889188.811976374,499588.726922142,296.544542930256,302.636673352971,292.236002196005
293800,267.886840001117,-379812.454059204,879453.161737984,499640.707678779,293.297702764043,284.368716200709,299.00594572063
293900,267.978020001115,-374075.042591973,873653.983292329,499578.940700356,291.363676268911,295.144033699669,288.600634918181
294000,268.069200001113,-372519.924527631,872176.830965199,499656.906437568,290.871045844655,298.199184241787,285.743227708362
294100,268.160380001111,-376711.524497865,876320.477427146,499608.952929281,292.252952285191,285.88274406866,296.256213635974
294200,268.25156000111,-368046.137524233,867642.721442516,499596.583918283,289.358919940809,288.190658511672,289.896628460284
294300,268.342740001108,-376157.302221578,875751.16888195,499593.866660372,292.063087837902,295.508819908513,289.522547217631
294400,268.433920001106,-380195.055974378,879742.99276393,499547.936789552,293.394361435361,294.956581964964,292.108385781097
294500,268.525100001105,-372611.817870282,872310.01778849,499698.199918208,290.915463661327,299.144847156575,285.186778444777
294600,268.616280001103,-387397.331516313,886992.94076157,499595.609245257,295.812219697039,301.450417598278,291.806910913132
294700,268.707460001101,-371824.895913714,871521.154147506,499696.258233792,290.652377571288,300.599817656595,283.778540533107
294800,268.7986400011,-372352.389374025,871907.188086946,499554.798712921,290.781119922276,300.660637996358,283.952456939622
294900,268.889820001098,-389015.304436037,888607.969094519,499592.664658483,296.35083178073,301.643374865186,292.575510697941
295000,268.981000001096,-374057.223908872,873654.058588514,499596.834679642,291.363701380195,287.614184516153,293.620576205072
295100,269.072180001095,-384644.213189501,884254.199521955,499609.986332453,294.898849265284,288.94953214444,298.619311638126
295200,269.163360001093,-372647.254181416,872331.950048589,499684.695867173,290.922778071899,305.137522249113,281.203846305363
295300,269.254540001091,-392022.261453196,891570.02650962,499547.765056424,297.338678175628,300.75497913575,294.8133619704
295400,269.345720001089,-355998.388611611,855664.165312156,499665.776700545,285.364070472622,289.867806827681,282.123776177188
295500,269.436900001088,-387184.739300194,886703.388606556,499518.649306363,295.7156540292,299.316663586803,293.068551279107
295600,269.528080001086,-365032.79898894,864711.944658057,499679.145669117,288.381505638839,283.448696849424,291.429726910417
295700,269.619260001084,-384469.690197015,883973.104205466,499503.414008451,294.805103953799,282.773424995239,302.580552339545
295800,269.710440001083,-364935.524532358,864629.446418715,499693.921886357,288.35399246914,285.276040012215,290.165665780032
295900,269.801620001081,-387070.13637566,886604.166645713,499534.030270053,295.682563496986,297.364677998178,294.314751693278
296000,269.892800001079,-393528.203310318,893190.801276007,499662.597965689,297.87920669535,297.35225877148,297.982272639018
296100,269.983980001078,-387191.869325414,886721.53414699,499529.664821576,295.721705568448,282.248147533902,304.457642836838
296200,270.075160001076,-369482.844171739,869127.616937598,499644.772765858,289.854132712222,287.213306878358,291.373138157538
296300,270.166340001074,-367902.390315081,867537.479468976,499635.089153896,289.323821733859,291.911176587898,287.357815313055
296400,270.257520001072,-355146.78820001,854859.657121387,499712.868921377,285.095766923924,287.049199185825,283.555898943554
296500,270.348700001071,-370080.209174276,869735.137387541,499654.928213264,290.05674083293,292.088572226929,288.46047261957
296600,270.439880001069,-381711.701334222,881304.612681195,499592.911346973,293.915161807969,297.83176509917,291.059163645662
296700,270.531060001067,-377073.602924936,876552.260848062,499478.657923126,292.330252075392,284.806027649286,297.102793149399
296800,270.622240001066,-384137.642156939,883723.566860351,499585.924703412,294.721883228398,288.229976536927,298.804219453354
296900,270.713420001064,-379791.538052252,879440.985853106,499649.447800854,293.293642105421,295.629612176456,291.491917356311
297000,270.804600001062,-377910.735290297,877568.787034302,499658.051744004,292.669263643256,287.406193599199,295.934085952924
297100,270.895780001061,-378588.79213858,878286.794748967,499698.002610388,292.90871927596,297.553075967528,289.568390882186
297200,270.986960001059,-384945.228261548,884507.802700144,499562.574438595,294.983425946354,296.387618476299,293.801478071436
297300,271.078140001057,-380010.613079202,879573.435988168,499562.822908966,293.337814236508,297.929953883973,290.031939626333
297400,271.169320001055,-400190.871476607,899665.654198969,499474.782722362,300.038570684999,306.012435090596,295.805962272363
297500,271.260500001054,-390226.059354285,889741.861081642,499515.801727358,296.728984852974,294.638138258386,297.875608428654
297600,271.351680001052,-380234.858354592,879808.47856251,499573.620207918,293.416200954647,291.122871984959,294.700573433645
297700,271.44286000105,-370335.357895888,869971.52066095,499636.162765062,290.13557467432,286.195784763315,292.520321636096
297800,271.534040001049,-367179.388092975,866832.315215186,499652.927122211,289.088649396427,285.177451884363,291.455207196638
297900,271.625220001047,-372433.99803229,872044.542760909,499610.544728619,290.826927717495,280.726485401798,297.318200154863
298000,271.716400001045,-402278.56662729,901807.73163613,499529.16500884,300.752953688888,298.931461972117,301.716654038661
298100,271.807580001044,-389593.778794251,889029.889381518,499436.110587266,296.491542231622,290.259118137617,300.399415342432
298200,271.898760001042,-376626.863849144,876120.635779134,499493.77192999,292.186305078917,294.232906661825,290.57841543608
298300,271.98994000104,-392193.138650334,891717.3272967,499524.188646366,297.3878030004,301.939360011921,294.105608490219
298400,272.081120001039,-370475.167015505,870157.055546263,499681.888530758,290.197450574041,306.011757628517,279.412747995578
298500,272.172300001037,-386860.403726803,886508.212952798,499647.809225995,295.650562932399,293.393174138203,296.909113326084
298600,272.263480001035,-380426.245697164,880001.563057858,499575.317360694,293.480594649944,290.763669384326,295.047310998149
298700,272.354660001033,-371752.818640311,871310.384758382,499557.566118071,290.582085962442,300.647753534344,283.629489176206
298800,272.445840001032,-391431.113261886,890861.525309971,499430.412048085,297.102392966474,294.961604992793,298.281999621456
298900,272.53702000103,-394551.329268488,894053.473831226,499502.144562738,298.166908064441,290.53375821557,303.007202206966
299000,272.628200001028,-389584.339347713,889150.086876926,499565.747529213,296.531628106362,303.952277190046,291.33741902715
299100,272.719380001027,-379687.394308186,879385.336981222,499697.942673036,293.275083202008,299.460701760713,288.906941593536
299200,272.810560001025,-377343.300556354,877059.392808632,499716.092252278,292.499380626524,287.061457811308,295.880913019479
299300,272.901740001023,-393797.095889005,893397.297727971,499600.201838966,297.948073279297,301.061114565917,295.624422360483
299400,272.992920001022,-396728.728843013,896201.425475919,499472.696632906,298.883250117032,290.756063697189,304.052305021829
299500,273.08410000102,-395226.638279072,894665.788992536,499439.150713464,298.371115221789,302.693625659391,295.240799000703
299600,273.175280001018,-390413.109286302,889902.671685949,499489.562399647,296.782615202918,292.249796261859,299.557175650954
299700,273.266460001016,-363159.729068112,862756.100180536,499596.371112423,287.729231342516,282.856634828254,290.73785465924
299800,273.357640001015,-366583.312201301,866234.885462675,499651.573261374,288.889406524154,298.342177469913,282.346818054878
299900,273.448820001013,-377354.504550098,876994.296667398,499639.7921173,292.477671057995,296.833091763544,289.330325861748
300000,273.540000001011,-382501.507746633,882099.180151516,499597.672404882,294.180150125568,295.535386494277,293.031509087991
