step,time,Epot,Ekin,Etot,T,T_CH3_K,T_CH2_K
100,0.0911800000000001,-383628.902167277,882496.745506129,498867.843338852,294.312738204478,299.507179141603,290.604516964559
200,0.18236,-369694.143311754,868558.609956352,498864.466644598,289.664368836536,298.166176124957,283.755110336891
300,0.273539999999999,-393034.039196239,891765.447914136,498731.408717897,297.403851230327,289.704694235374,302.288786017604
400,0.364720000000001,-370819.716051462,869629.434319299,498809.718267837,290.021488850859,298.241666971106,284.299685529984
500,0.455900000000003,-367677.744650217,866596.868473124,498919.123822906,289.010127888319,296.511283728148,283.768515555191
600,0.547080000000005,-367233.736650464,866165.348337237,498931.611686773,288.866215887023,312.274924346569,273.019688400752
700,0.638260000000007,-376150.139725107,875048.140504269,498898.000779162,291.828627815331,301.302366019072,285.26961182299
800,0.729440000000008,-372272.492255983,871068.982880403,498796.490624421,290.501578416009,287.597179145221,292.195759947855
900,0.82062000000001,-374725.574069161,873466.238584277,498740.664515117,291.301063393122,298.982069537268,285.937641744198
1000,0.911800000000012,-394456.226718404,893196.829507723,498740.602789319,297.88121711113,301.296057935203,295.356422214154
1100,1.00298000000001,-374757.517490978,873536.721496175,498779.204005197,291.324569450117,302.398053828281,283.699476056799
1200,1.09416,-375565.172118973,874433.465862336,498868.293743363,291.623633770998,295.911392874145,288.522108007424
1300,1.18533999999999,-379253.319196724,878115.578515677,498862.259318953,292.851618647883,299.601199847744,288.107854832436
1400,1.27651999999999,-386225.271754559,885054.500492103,498829.228737544,295.165749705554,300.860218142467,291.12346595619
1500,1.36769999999998,-386932.341384212,885709.423042396,498777.081658184,295.384166430681,310.615784194954,284.983601115806
1600,1.45887999999997,-388902.336650546,887693.51987065,498791.183220105,296.045862888328,300.552086339189,292.795009035345
1700,1.55005999999996,-375081.050911102,873827.34424304,498746.293331938,291.421492160427,292.432252799615,290.504800490834
1800,1.64123999999995,-367426.109028972,866307.756468974,498881.647440001,288.91370901083,294.819778073966,284.73556821123
1900,1.73241999999994,-376297.805466007,875106.858150643,498809.052684637,291.848210155292,305.571186718195,282.456352271561
2000,1.82359999999993,-356934.492538644,855890.460367922,498955.967829278,285.439539892587,282.898673435652,286.895584580634
2100,1.91477999999992,-374896.53636164,873665.881117041,498769.344755402,291.367644194444,289.42715785153,292.418495386226
2200,2.00595999999991,-377626.152932185,876426.52621781,498800.373285625,292.288319565719,295.587007807709,289.845620471422
2300,2.0971399999999,-367810.872190667,866558.65497186,498747.782781192,288.997383682461,288.285790751108,289.230947816961
2400,2.18831999999989,-365127.663095876,863943.928996903,498816.265901027,288.12537235181,286.124705032195,289.219046087927
2500,2.27949999999988,-363429.376333619,862339.581352195,498910.205018577,287.590322278538,285.957361102446,288.4393044607
2600,2.37067999999987,-365426.084670754,864310.071374388,498883.986703634,288.247480865229,294.228583211202,284.019873067192
2700,2.46185999999987,-350925.39149462,849816.510636495,498891.119141874,283.41387715074,291.948867092272,277.487705625428
2800,2.55303999999986,-386222.139651794,884952.091017042,498729.951365248,295.131596137082,290.68216616211,297.851939790284
2900,2.64421999999985,-374657.13948966,873523.97755361,498866.838063951,291.320319344209,289.973606556094,291.975360936832
3000,2.73539999999984,-382906.996707102,881635.893779349,498728.897072247,294.025644081824,300.575866879102,289.41380751357
3100,2.82657999999983,-375017.162929243,873962.927089489,498945.764160245,291.466709051022,297.252314494435,287.366749831203
3200,2.91775999999982,-395687.948716038,894491.848649553,498803.899933515,298.313106102902,301.323365529607,296.057672230014
3300,3.00893999999981,-372298.175065759,871248.24210213,498950.06703637,290.561361381401,282.852738808138,295.458308629092
3400,3.1001199999998,-385256.416571567,884099.218707344,498842.802135777,294.84716315069,299.307400236397,291.627965790926
3500,3.19129999999979,-381485.421765407,880384.35286508,498898.931099673,293.608255082568,280.07812553739,302.383667900118
3600,3.28247999999978,-381011.983639028,879873.772523832,498861.788884804,293.437976496192,295.531806090902,291.797558452639
3700,3.37365999999977,-370604.559529233,869453.94887439,498849.389345157,289.96296444035,299.163725760754,283.587487756381
3800,3.46483999999976,-376657.017117513,875464.344248272,498807.327130759,291.967431798657,301.801934850338,285.167790237703
3900,3.55601999999975,-385818.842027806,884688.159589728,498869.317561923,295.043574984068,297.105798129858,293.422889907721
4000,3.64719999999974,-363630.090514064,862440.893726523,498810.803212459,287.624109963823,282.484117454329,290.811084878516
4100,3.73837999999974,-346405.486825548,845324.235890393,498918.749064846,281.915703148372,285.900799396729,279.02404256351
4200,3.82955999999973,-373650.910135343,872463.221844077,498812.311708734,290.966557226639,286.117171933439,293.957008624417
4300,3.92073999999972,-387881.863595843,886720.546468183,498838.682872339,295.721376177483,298.506075667411,293.618475370717
4400,4.01191999999971,-394210.571857507,892974.356944773,498763.785087267,297.807022492838,300.148909179604,295.997592182916
4500,4.1030999999997,-378073.147337824,876844.048934865,498770.90159704,292.427563426668,291.046264621652,293.104739660491
4600,4.19427999999969,-386315.863599368,885100.648930787,498784.785331418,295.181140213702,290.463466430733,298.080271785505
4700,4.28545999999968,-383702.977162108,882508.796430787,498805.819268679,294.316757188857,292.400296517403,295.349133672169
4800,4.37663999999967,-371000.129593452,869845.650177457,498845.520584005,290.093596857581,296.055313285367,285.877374575009
4900,4.46781999999966,-369011.60686738,867868.243763535,498856.636896155,289.434131653672,294.839998091524,285.589025585392
5000,4.55899999999965,-367293.866415343,866159.533888609,498865.667473266,288.86427676792,285.655699512242,290.762608041066
5100,4.65017999999964,-388408.898456411,887178.192598508,498769.294142096,295.874001200103,301.533346609312,291.854542592963
5200,4.74135999999963,-366967.872233814,865803.626182018,498835.753948204,288.745581518098,289.232504211488,288.18034507124
5300,4.83253999999962,-376381.382048331,875127.728149377,498746.346101046,291.85517030161,286.178764242922,295.396228365484
5400,4.92371999999961,-374616.941571304,873481.329144246,498864.387572942,291.30609609613,312.587875233909,276.875488257529
5500,5.01489999999961,-379150.890145088,877968.524335117,498817.634190029,292.802576066406,291.434146026522,293.47086061294
5600,5.1060799999996,-373660.119997691,872520.538550377,498860.418552686,290.985672352969,295.561081570465,287.69291148101
5700,5.19725999999959,-372942.516175168,871795.054216292,498852.538041123,290.743723267064,293.672029315527,288.5492327987
5800,5.28843999999958,-371392.193956592,870219.640183823,498827.44622723,290.218322555885,296.014382258602,286.112434151946
5900,5.37961999999957,-382893.020119127,881672.052406054,498779.032286928,294.037702986845,297.674576110504,291.36808948525
6000,5.47079999999956,-385279.915218666,884116.865275717,498836.950057051,294.853048282714,297.167931609603,293.064081857885
6100,5.56197999999955,-378948.200446929,877771.669641989,498823.469195061,292.736925009835,286.095758278506,296.92042205988
6200,5.65315999999954,-355988.133650797,854901.54341373,498913.409762933,285.109736005913,285.599712495333,284.545493566296
6300,5.74433999999953,-395525.788918766,894366.508866121,498840.719947355,298.271305274678,319.457011138332,283.898941944513
6400,5.83551999999952,-381536.655767614,880435.974301153,498899.318533539,293.625470835802,295.766184578924,291.953640448025
6500,5.92669999999951,-365687.745302692,864565.751718218,498878.006415526,288.332750281213,291.418687390312,286.035181583246
6600,6.0178799999995,-363949.390550693,862783.885024863,498834.49447417,287.738497590416,297.603006706784,280.92237609818
6700,6.10905999999949,-376404.85165149,875207.222163259,498802.370511769,291.881681561867,294.644474718195,289.796584723013
6800,6.20023999999948,-369876.563920157,868727.165967119,498850.602046963,289.72058228018,290.975274546179,288.642686950948
6900,6.29141999999948,-376844.096084511,875729.812572629,498885.716488118,292.055965506963,290.285325595892,292.993012143089
7000,6.38259999999947,-356733.914058235,855712.636626992,498978.722568757,285.380235660161,287.959669932841,283.422795948657
7100,6.47377999999946,-368969.949686129,867863.08002298,498893.130336852,289.432409545766,291.973603336038,287.49708667763
7200,6.56495999999945,-392664.910006208,891488.322699751,498823.412693543,297.311429948224,298.055190742096,296.56782989402
7300,6.65613999999944,-389499.017638077,888300.624913167,498801.607275089,296.248332470624,285.312654057212,303.291911135839
7400,6.74731999999943,-372419.542736109,871219.73680856,498800.19407245,290.551854863618,296.515034468168,286.3342752482
7500,6.83849999999942,-371917.420506028,870807.993654931,498890.573148903,290.414538487554,296.207904296304,286.310282499649
7600,6.92967999999941,-387928.532926202,886840.895561971,498912.362635769,295.761512610296,290.920704910005,298.742249816647
7700,7.0208599999994,-372981.25132446,871818.134349088,498836.883024628,290.751420493276,286.485741579941,293.352913585089
7800,7.11203999999939,-379763.780940954,878684.12843603,498920.347495076,293.041230093724,280.459890910191,301.184588524335
7900,7.20321999999938,-383636.96683517,882461.900317266,498824.933482096,294.301117331088,293.780677616288,294.402826209845
8000,7.29439999999937,-369509.717780291,868407.454864217,498897.737083926,289.613958600706,280.941345000433,295.154356035388
8100,7.38557999999936,-384734.894230245,883550.57695494,498815.682724695,294.66419108052,300.31818731313,290.649306766212
8200,7.47675999999935,-384312.263575178,883149.67639972,498837.412824542,294.530490711929,293.405346938196,295.035144485492
8300,7.56793999999935,-365634.189522611,864453.957094583,498819.767571973,288.29546676491,283.570733124946,291.205042969249
8400,7.65911999999934,-377186.818971184,876045.093785841,498858.274814657,292.161111817856,294.713358071177,290.21614672246
8500,7.75029999999933,-377689.218159999,876548.206499437,498858.988339438,292.328899949787,291.456325052276,292.667009131504
8600,7.84147999999932,-367834.695949432,866693.331285853,498858.635336421,289.042298244407,297.119126918674,283.416877213024
8700,7.93265999999931,-368117.582972293,866991.594706293,498874.011734,289.141769119991,294.910482252038,285.055008891027
8800,8.02383999999932,-378674.415619213,877456.026015305,498781.610396092,292.631657834019,288.607955236159,295.07026651773
8900,8.1150199999994,-392363.859280597,891211.52723652,498847.667955923,297.219118638159,307.16701936866,290.339502218959
9000,8.20619999999948,-385389.54710507,884111.597368209,498722.05026314,294.851291435121,305.615688753637,287.42931714658
9100,8.29737999999956,-367107.994283761,865979.555184841,498871.56090108,288.804253855208,295.322376908108,284.218168275062
9200,8.38855999999964,-390215.55366157,888948.81281838,498733.25915681,296.464503191055,294.865075232324,297.283734744218
9300,8.47973999999972,-371282.2361732,870234.237948149,498952.001774949,290.223190911505,297.590309166252,285.069926082582
9400,8.5709199999998,-385179.912756362,883939.455357813,498759.542601451,294.793882060301,298.697705709239,291.945671392625
9500,8.66209999999988,-392118.974982759,891011.520368997,498892.545386238,297.152416331165,303.137028564683,292.915047828543
9600,8.75327999999996,-393848.225289062,892603.574782832,498755.34949377,297.683366610916,299.938783286344,295.931686021788
9700,8.84446000000004,-382659.893464145,881512.208139498,498852.314675353,293.984394910621,292.253673163024,294.89322241326
9800,8.93564000000012,-389450.093303818,888245.438765883,498795.345462064,296.229927885904,294.268672608915,297.290573130658
9900,9.0268200000002,-386521.113832787,885425.450734639,498904.336901851,295.289461642367,295.317097319366,295.024963306332
10000,9.11800000000028,-381030.725405945,879895.67845378,498864.953047835,293.445282125656,301.21217685711,288.022814569583
10100,9.20918000000036,-368859.386272739,867802.17798548,498942.791712741,289.412098711182,286.363127671307,291.203569322172
10200,9.30036000000044,-361753.469998098,860588.366512339,498834.896514241,287.006291983438,294.344748803738,281.874815526585
10300,9.39154000000052,-394187.089339375,893008.534466115,498821.44512674,297.818420699054,305.980966442938,292.128541519217
10400,9.4827200000006,-389422.519655398,888174.616709954,498752.097054556,296.206308724347,298.907735613906,294.158518874037
10500,9.57390000000068,-376801.147018352,875595.434866991,498794.287848639,292.011150530929,291.346192671347,292.21111314521
10600,9.66508000000075,-363005.42576933,861943.32305446,498937.89728513,287.458170103205,296.830024809419,280.970718490643
10700,9.75626000000083,-381656.214381261,880541.926651169,498885.712269908,293.660805953366,291.326543725704,294.972263433514
10800,9.84744000000091,-375450.764176931,874327.426497678,498876.662320746,291.588269634043,299.466985810178,286.092801958591
10900,9.93862000000099,-379634.709217664,878478.437213346,498843.727995683,292.972632053809,292.826653560405,292.825807189367
11000,10.0298000000011,-375607.474221932,874451.084645997,498843.610424066,291.629509636817,289.891791606559,292.544963732292
11100,10.1209800000012,-373107.461611073,871946.840970206,498839.379359132,290.79434416215,284.027780978206,295.063057664643
11200,10.2121600000012,-380460.62759097,879262.820432366,498802.192841396,293.23422392275,290.665091196965,294.702617220003
11300,10.3033400000013,-397093.625440865,895872.570697356,498778.945256491,298.773577020962,317.517916979935,286.028372400796
11400,10.3945200000014,-358325.152547162,857198.241372474,498873.088825312,285.875684966641,289.882062753107,282.966536704858
11500,10.4857000000015,-381043.151135446,879888.059861533,498844.908726087,293.442741324507,297.614002108898,290.417365183807
11600,10.5768800000015,-373772.168817169,872655.294480825,498883.125663656,291.030613467009,280.635726886287,297.718012342935
11700,10.6680600000016,-378503.804444715,877286.833055318,498783.028610603,292.575231967757,282.519288083546,299.035381863924
11800,10.7592400000017,-377446.927757494,876220.644321054,498773.716563559,292.219657935986,286.63971387774,295.696104259871
11900,10.8504200000018,-383699.093272814,882512.65272964,498813.559456826,294.318043264846,290.388625060677,296.692390364905
12000,10.9416000000019,-381625.247406572,880446.410731992,498821.16332542,293.628951386357,285.524383483853,298.787305861872
12100,11.0327800000019,-393952.117670738,892796.443498931,498844.325828193,297.747688343816,293.700031411483,300.198003225085
12200,11.123960000002,-385501.055910691,884322.511345582,498821.455434891,294.921631264159,288.712380126733,298.81536399639
12300,11.2151400000021,-367659.555551189,866502.894460871,498843.338909681,288.978787547397,284.562790422234,291.681969974549
12400,11.3063200000022,-382021.629976328,880851.372429747,498829.742453419,293.764006146322,305.43757780833,285.736821699861
12500,11.3975000000023,-386340.471388884,885172.774919901,498832.303531017,295.205194237085,301.023521584589,291.08030501022
12600,11.4886800000023,-389468.196712027,888315.259635114,498847.062923087,296.253213151614,302.736899973808,291.683877592525
12700,11.5798600000024,-382259.605851916,881020.335490591,498760.729638676,293.820355341201,280.560069362839,302.415695697324
12800,11.6710400000025,-368721.390788579,867622.169485618,498900.778697039,289.35206586147,298.574319838021,282.962769822218
12900,11.7622200000026,-389135.089566694,887914.532417686,498779.442850992,296.119570591191,302.676989548901,291.501191643891
13000,11.8534000000027,-394483.044717726,893407.662552258,498924.617834533,297.951529949061,301.715803654579,295.193721203758
13100,11.9445800000027,-398995.261610394,897709.137122594,498713.8755122,299.386072076903,300.211372246374,298.586383570525
13200,12.0357600000028,-372239.325464459,871101.884732653,498862.559268193,290.512551186477,295.114415851146,287.202547617376
13300,12.1269400000029,-385732.864096431,884494.349704922,498761.485608491,294.978939371326,301.82501195082,290.169075202188
13400,12.218120000003,-387095.917769249,885948.064182278,498852.146413029,295.463753270728,299.651971965334,292.425387679933
13500,12.3093000000031,-367721.474052733,866645.567009725,498924.092956992,289.026368854335,290.619107874228,287.723687533695
13600,12.4004800000031,-370939.817546767,869762.263953283,498822.446406517,290.065787544867,283.540504561005,294.174254711154
13700,12.4916600000032,-371294.763551094,870217.831936806,498923.068385712,290.217719505355,286.951573263369,292.153302233759
13800,12.5828400000033,-383974.416515503,882707.91140901,498733.494893506,294.383162050695,305.414023301113,286.783935248708
13900,12.6740200000034,-354431.717730099,853331.550578582,498899.832848483,284.586143264493,296.662426293656,276.298132792331
14000,12.7652000000035,-383907.843062857,882661.713421353,498753.870358497,294.36775501796,307.135386124734,285.610694484263
14100,12.8563800000035,-381563.456874799,880441.116982512,498877.660107713,293.627185920464,312.971072110572,280.486572472126
14200,12.9475600000036,-383969.10339805,882789.3388288,498820.23543075,294.410318101984,304.581652098454,287.384086839254
14300,13.0387400000037,-379467.839889877,878389.164766672,498921.324876795,292.9428596854,298.651065770114,288.89326991252
14400,13.1299200000038,-380590.957030616,879447.250972197,498856.293941581,293.29573152316,287.409933460213,296.975183788858
14500,13.2211000000039,-385507.088323869,884303.27676208,498796.188438212,294.915216528958,291.382862680569,297.024356414109
14600,13.3122800000039,-387496.010422265,886308.500791726,498812.490369461,295.583958910031,285.762244590679,301.885448490507
14700,13.403460000004,-381081.745263243,879847.33057362,498765.585310376,293.429158103592,281.557440152417,301.099112439288
14800,13.4946400000041,-377218.454971958,876094.744609386,498876.289637428,292.177670371648,290.362258995057,293.144463230731
14900,13.5858200000042,-376885.935713657,875809.515249048,498923.57953539,292.082546356194,298.479092072834,287.574780423138
15000,13.6770000000043,-382164.268168112,881027.71416598,498863.445997868,293.822816130058,304.085284036444,286.73631851236
15100,13.7681800000043,-362182.394110834,861083.533321004,498901.139210171,287.171430155413,300.002224170885,278.3782579533
15200,13.8593600000044,-393890.498838432,892676.246443167,498785.747604735,297.707602615697,299.692409438353,296.136308398414
15300,13.9505400000045,-375501.275748663,874364.402430463,498863.1266818,291.60060111071,290.76187002999,291.916754663596
15400,14.0417200000046,-374958.073844603,873764.075615825,498806.001771222,291.400392067976,290.50847554623,291.752169422416
15500,14.1329000000047,-387852.005828006,886636.89456915,498784.888741145,295.693478262181,294.839454099499,296.016416472084
15600,14.2240800000047,-379661.317419353,878511.518640167,498850.201220815,292.983664712412,296.058440659917,290.689661026815
15700,14.3152600000048,-357829.299504041,856699.2498171,498869.950313059,285.709271241321,287.836465776828,284.053050491614
15800,14.4064400000049,-381378.418387295,880258.028373393,498879.609986099,293.566125854058,288.595931211343,296.634950510989
15900,14.497620000005,-396086.485893467,894915.991196536,498829.505303068,298.454557677684,306.252870338521,293.006970439061
16000,14.588800000005,-398100.997884684,896808.895659085,498707.897774401,299.085841473765,299.609453187439,298.487528796754
16100,14.6799800000051,-375031.21831212,873853.263277179,498822.044965059,291.430136160473,290.984520708852,291.48435468142
16200,14.7711600000052,-367904.626227123,866765.058630376,498860.432403253,289.066219319785,290.448494979828,287.903813696991
16300,14.8623400000053,-383959.545532613,882814.957479641,498855.411947028,294.418861924176,299.417757304285,290.8409159525
16400,14.9535200000054,-368522.572128446,867403.831957062,498881.259828616,289.279250277493,293.715334442687,286.080794792131
16500,15.0447000000054,-404942.813924068,903660.247467313,498717.433543245,301.370767873041,289.112421777897,309.291856296576
16600,15.1358800000055,-379415.3476982,878228.858965932,498813.511267732,292.889397687488,294.289116616365,291.712177236832
16700,15.2270600000056,-369442.677432384,868255.324134037,498812.646701653,289.563222989507,297.611967312518,283.956090755008
16800,15.3182400000057,-369596.994058496,868470.166590387,498873.172531891,289.634872966612,291.488963443967,288.157450254237
16900,15.4094200000058,-375300.786360019,874113.971518939,498813.18515892,291.517082380837,289.452569912458,292.650493124438
17000,15.5006000000058,-366784.947919191,865661.404616699,498876.456697509,288.698150614207,285.9240682098,290.306957091633
17100,15.5917800000059,-374109.738438092,872937.01345948,498827.275021388,291.124566769878,288.832981886492,292.409686219829
17200,15.682960000006,-367378.354246996,866256.684427465,498878.330180469,288.896676480729,291.330861455053,287.033139267446
17300,15.7741400000061,-381022.486546852,879797.596223163,498775.10967631,293.412571693568,287.749213844933,296.943633116246
17400,15.8653200000062,-379719.256484733,878529.927216439,498810.670731706,292.989803974133,289.458009097154,295.100175722141
17500,15.9565000000062,-377588.980990293,876470.816878689,498881.835888396,292.303090504816,306.274045771818,282.74553441806
17600,16.0476800000063,-376535.621008872,875421.533020222,498885.91201135,291.953154250532,288.338783692661,294.119440327237
17700,16.1388600000064,-371241.200956662,870194.444627532,498953.24367087,290.209919835762,298.16578764685,284.66416636184
17800,16.2300400000065,-392845.610650903,891595.886310275,498750.275659372,297.347302421302,305.40229304667,291.729519252371
17900,16.3212200000066,-360251.380775098,859090.787807961,498839.407032862,286.506849360667,288.889457663216,284.679688117834
18000,16.4124000000066,-368495.388078738,867275.689213525,498780.301134787,289.236514661839,290.845017225214,287.923149190705
18100,16.5035800000067,-381601.634648003,880516.505312181,498914.870664178,293.652327934694,290.130279628941,295.755649865251
18200,16.5947600000068,-369215.053857512,868133.559899533,498918.506042021,289.522614607148,292.882412140961,287.0414807391
18300,16.6859400000069,-368196.793797889,867112.250728624,498915.456930734,289.182007913498,286.13647659005,290.971377122536
18400,16.777120000007,-374978.064970652,873849.967900094,498871.902929442,291.429037151941,296.479860972966,287.818963740297
18500,16.868300000007,-390195.690991831,888983.79925538,498788.108263548,296.476171170712,303.195213879465,291.749745888901
18600,16.9594800000071,-384445.81581147,883259.565705973,498813.749894503,294.567138804727,293.307649394442,295.161325795912
18700,17.0506600000072,-379176.392514709,877952.376680532,498775.984165823,292.797190822255,294.075590646867,291.700926613495
18800,17.1418400000073,-372243.261257887,871091.381099711,498848.119841824,290.509048224016,295.305217592135,287.069511105083
18900,17.2330200000074,-377567.099536825,876474.547279865,498907.447743041,292.304334593919,300.572883362944,286.548381802408
19000,17.3242000000074,-377224.475827274,876089.28293953,498864.807112256,292.175848904295,302.748962689325,284.883626506855
19100,17.4153800000075,-375962.304039519,874860.181414963,498897.877375444,291.765943443376,288.706193620346,293.562638372526
19200,17.5065600000076,-409731.73287202,908479.59661643,498747.86374441,302.978021216085,305.759381083498,300.871299620128
19300,17.5977400000077,-406923.950586629,905705.249038499,498781.298451871,302.052776067534,302.220805206924,301.68904599455
19400,17.6889200000078,-392517.859623665,891273.566220661,498755.706596997,297.239808644543,304.380156976691,292.231876582573
19500,17.7801000000078,-376649.978254031,875553.460560311,498903.48230628,291.997152096152,310.961467567401,279.110944155238
19600,17.8712800000079,-382668.19546719,881527.520221924,498859.324754734,293.989501491387,301.896147015425,288.473413224118
19700,17.962460000008,-370820.539347911,869692.693420451,498872.15407254,290.042585766367,297.714354321998,284.686371241141
19800,18.0536400000081,-394215.935437733,893006.702571545,498790.767133812,297.817809762063,293.698323397752,300.3159524968
19900,18.1448200000081,-368881.119387138,867689.218155329,498808.09876819,289.374426598409,290.533563546001,288.360523277848
20000,18.2360000000082,-383496.01773992,882262.433266096,498766.415526176,294.234595052892,296.227537876267,292.660771008097
20100,18.3271800000083,-384402.327262121,883130.986340515,498728.659078393,294.524257575626,305.987424677452,286.636709293097
20200,18.4183600000084,-380448.969062759,879188.969211734,498740.000148974,293.209594534512,301.724248457192,287.28881725728
20300,18.5095400000085,-371527.447185463,870392.654043551,498865.206858088,290.27602269253,298.519427406897,284.538522864042
20400,18.6007200000085,-366613.589281922,865463.635745869,498850.046463948,288.632194679296,305.087872853864,277.421215734018
20500,18.6919000000086,-378689.488508218,877483.619179652,498794.130671434,292.640860156629,295.915512212897,290.21389140232
20600,18.7830800000087,-381794.375680481,880535.911839835,498741.536159354,293.658800013285,299.076242855306,289.802455785261
20700,18.8742600000088,-374939.032154744,873684.058079224,498745.02592448,291.373706212848,295.053842645898,288.677470502304
20800,18.9654400000089,-373780.362426546,872621.742477396,498841.380050849,291.019423871067,289.389860170586,291.86328348483
20900,19.0566200000089,-374532.416565685,873359.20518653,498826.788620846,291.26536774605,283.311210467066,296.325418125582
21000,19.147800000009,-354594.717106083,853436.486400812,498841.769294729,284.621139369956,290.848210925268,280.232574050271
21100,19.2389800000091,-376830.760868403,875596.307744887,498765.546876484,292.01144163578,299.345564392247,286.878683596773
21200,19.3301600000092,-368802.445651382,867699.090812581,498896.645161199,289.377719130426,292.530173703612,287.034934649025
21300,19.4213400000093,-391698.868232141,890445.959144154,498747.090912013,296.963801615526,296.292293788872,297.164003665281
21400,19.5125200000093,-361709.385731422,860558.793209918,498849.407478496,286.996429284615,280.861507220389,290.847213636361
21500,19.6037000000094,-378383.177917272,877158.631931915,498775.454014644,292.532476882413,292.058351502137,292.604783405194
21600,19.6948800000095,-393449.9736176,892266.71693614,498816.74331854,297.571024490959,308.079564390084,290.317355371132
21700,19.7860600000096,-394938.42862615,893761.190600194,498822.761974044,298.069431582523,300.640898700684,296.10672897743
21800,19.8772400000097,-381642.072523907,880433.306954779,498791.234430872,293.624581275564,285.702402982417,298.661346319932
21900,19.9684200000097,-363560.582440823,862469.112206226,498908.529765403,287.633520829157,283.508452431885,290.143871826647
22000,20.0596000000098,-378644.451867378,877458.01105169,498813.559184312,292.632319843819,303.234895315078,285.320075929775
22100,20.1507800000099,-384168.869281977,883002.675161377,498833.8058794,294.481465786686,295.526371229945,293.539460936358
22200,20.24196000001,-385553.048557327,884345.804234719,498792.755677392,294.929399444629,298.508067508416,292.297846235901
22300,20.3331400000101,-366876.666266157,865724.096521479,498847.430255323,288.719058369678,294.147415357218,284.85955449601
22400,20.4243200000101,-368973.100123578,867887.330259765,498914.230136188,289.440497001756,282.946081420044,293.528906975396
22500,20.5155000000102,-379216.57447195,878028.750020389,498812.17554844,292.822661337465,285.731652206871,297.305981873414
22600,20.6066800000103,-362959.594417171,861871.028991894,498911.434574723,287.434060027312,279.864447744946,292.240939832199
22700,20.6978600000104,-383205.48274846,881949.128531631,498743.645783171,294.130107897826,295.09371932628,293.242591855608
22800,20.7890400000105,-373339.737742643,872227.690546453,498887.95280381,290.888007519244,296.203336359077,287.102048286422
22900,20.8802200000105,-374913.543926211,873653.468262823,498739.924336612,291.363504506528,292.869085664456,290.116980814154
23000,20.9714000000106,-366895.612229791,865780.762180907,498885.149951116,288.737956371822,283.763160964483,291.813871679738
23100,21.0625800000107,-377266.585002321,876077.346181576,498810.761179255,292.171867994523,293.653644028088,290.940540748816
23200,21.1537600000108,-384570.492429844,883383.604856064,498813.11242622,294.608505871624,296.954208242364,292.799197202903
23300,21.2449400000109,-380357.275173132,879149.387454587,498792.112281455,293.196394015203,295.764553202484,291.239957562004
23400,21.3361200000109,-369207.561501437,868006.903034939,498799.341533502,289.480374532246,288.867420062662,289.647777199858
23500,21.427300000011,-367865.475372882,866663.502363842,498798.026990959,289.032350296429,273.651197653087,299.045591766742
23600,21.5184800000111,-375018.147296222,873825.16074875,498807.013452528,291.420763964899,285.713110536907,294.98301561359
23700,21.6096600000112,-367600.269624492,866413.102154475,498812.832529983,288.948841805728,290.380573362278,287.753563399855
23800,21.7008400000113,-369670.798633843,868502.302489398,498831.503855554,289.645590291612,286.24233899066,291.673053167003
23900,21.7920200000113,-382339.811084942,881133.022352155,498793.211267214,293.857936418928,295.092053506115,292.790310080454
24000,21.8832000000114,-358973.519318089,857740.381340295,498766.862022206,286.056488691111,277.032123027532,291.834352059588
24100,21.9743800000115,-377388.621737778,876167.646044154,498779.024306377,292.201983006221,297.173777934604,288.643951401461
24200,22.0655600000116,-379629.843673506,878402.646983695,498772.803310189,292.947356005901,292.560965935465,292.960826589521
24300,22.1567400000116,-377487.32842937,876338.813684834,498851.485255464,292.259067428659,299.346381288242,287.290642299414
24400,22.2479200000117,-365840.379577792,864676.885319287,498836.505741495,288.369813346435,304.543066573803,277.347336350402
24500,22.3391000000118,-373361.810277479,872265.067488156,498903.257210677,290.900472732418,299.311902659412,285.050435720477
24600,22.4302800000119,-390370.717131067,889161.008680554,498790.291549487,296.535270528782,295.850785727157,296.744481004426
24700,22.521460000012,-384633.520228658,883453.909157178,498820.38892852,294.631952361907,290.405489458583,297.204067670488
24800,22.612640000012,-376772.833491339,875518.012411329,498745.178919991,291.985330135511,288.565066772645,294.022184602308
24900,22.7038200000121,-394894.902143006,893696.751940946,498801.84979794,298.047941284291,303.65597658477,294.060877799569
25000,22.7950000000122,-374974.22086671,873819.045423583,498844.824556873,291.418724503446,289.954373399153,292.152109635888
25100,22.8861800000123,-369978.247983799,868860.609720946,498882.361737148,289.765085783207,291.844707727559,288.137200248819
25200,22.9773600000124,-363771.82595427,862703.985659882,498932.159705612,287.711851145533,284.29720270181,289.748523565394
25300,23.0685400000124,-390321.696054083,889143.260577075,498821.564522992,296.529351534793,290.443157730496,300.339706278045
25400,23.1597200000125,-363240.709888767,862147.588263739,498906.878374973,287.52629256753,285.076177280441,288.920097515117
25500,23.2509000000126,-402831.851197235,901504.886990638,498673.035793404,300.651954974367,315.661882297679,290.394793463013
25600,23.3420800000127,-375748.823350398,874588.453810618,498839.63046022,291.675322264672,301.772343547508,284.700911974227
25700,23.4332600000128,-379381.88223508,878169.876435236,498787.994200156,292.869727008583,289.260000038757,295.032153549292
25800,23.5244400000128,-364323.3232579,863314.937435989,498991.614178088,287.915603613803,275.57077789808,295.905557754608
25900,23.6156200000129,-386384.047891819,885296.089918235,498912.042026416,295.246319799311,288.58336645953,299.442250092667
26000,23.706800000013,-374349.308197483,873223.864863145,498874.556665662,291.220231736917,303.801094163862,282.590306592507
26100,23.7979800000131,-381330.716296884,880099.615554668,498768.899257784,293.513295165806,295.657654224531,291.83912804735
26200,23.8891600000132,-380281.55528789,879065.831720131,498784.276432241,293.168528170796,283.901675857415,299.102122606242
26300,23.9803400000132,-389599.459552105,888379.384090393,498779.924538288,296.274598662796,300.429286963742,293.25791096328
26400,24.0715200000133,-386119.721145776,884961.678606124,498841.957460348,295.134793598841,288.868132005577,299.066622333018
26500,24.1627000000134,-356370.513546624,855293.40047483,498922.886928206,285.240420368461,283.433522969688,286.207318284002
26600,24.2538800000135,-377679.444910167,876565.739731134,498886.294820966,292.33474728402,288.003898480046,294.9783675306
26700,24.3450600000136,-352454.354330001,851402.231477296,498947.877147295,283.942715183357,286.539915854868,281.974629139697
26800,24.4362400000136,-397318.276954407,896086.973812837,498768.69685843,298.845080477851,288.586689183073,305.434970440639
26900,24.5274200000137,-387972.332140328,886781.427445581,498809.095305253,295.741679988521,298.927564994227,293.371305251394
27000,24.6186000000138,-398024.707533554,896800.674045436,498775.966511882,299.083099564928,302.920710519823,296.275456345361
27100,24.7097800000139,-365611.887794448,864431.535748975,498819.647954527,288.28798924428,281.575715948191,292.522598117304
27200,24.800960000014,-366534.446644809,865515.978018641,498981.531373831,288.649650831629,279.625974313485,294.424893801366
27300,24.892140000014,-376231.376804954,875084.714014957,498853.337210004,291.840825084194,287.541255746334,294.464003955199
27400,24.9833200000141,-367072.625330137,865996.682931642,498924.057601505,288.809965960194,282.819201942793,292.563133666828
27500,25.0745000000142,-380885.653383029,879621.51053128,498735.857148251,293.353847100644,297.817052211475,290.133915487506
27600,25.1656800000143,-382349.986398263,881196.470275759,498846.483877496,293.87909630674,296.008440789311,292.214634071436
27700,25.2568600000144,-357726.161253298,856593.751554971,498867.590301672,285.674087562105,277.43614302688,290.927988845952
27800,25.3480400000144,-379538.368683267,878399.887917456,498861.519234189,292.946435857081,290.92910982953,294.047197845567
27900,25.4392200000145,-367982.241413761,866809.748049807,498827.506636046,289.081123244892,290.846145209588,287.663540999057
28000,25.5304000000146,-383617.985831967,882433.06214099,498815.076309023,294.291499796895,299.557192764895,290.535794901731
28100,25.6215800000147,-382409.978755756,881217.109280438,498807.130524681,293.885979416521,297.002162330338,291.563619157795
28200,25.7127600000148,-374277.27002278,873138.451491,498861.18146822,291.191746370185,288.215069624784,292.933537745144
28300,25.8039400000148,-384370.281613883,883199.486432076,498829.204818192,294.547102361873,290.065339477589,297.289488366094
28400,25.8951200000149,-396957.172776862,895749.54225354,498792.369476678,298.732547024692,302.842005836601,295.743964027566
28500,25.986300000015,-391807.89797029,890603.120458928,498795.222488639,297.016214927106,301.61654589513,293.701814102651
28600,26.0774800000151,-390075.116671218,888835.977778233,498760.861107015,296.426872695759,293.506415276597,298.126821914621
28700,26.1686600000151,-376536.752209586,875420.832473552,498884.080263966,291.95292061816,291.559512763648,291.971898420653
28800,26.2598400000152,-392083.875256279,890902.22429921,498818.349042931,297.115966082778,303.710607619184,292.471941753437
28900,26.3510200000153,-385888.145841706,884723.569312438,498835.423470733,295.055384129544,297.596016660802,293.115749621931
29000,26.4422000000154,-372139.826129456,871008.258455203,498868.432325747,290.481326815142,288.094755657468,291.830306481244
29100,26.5333800000155,-383489.769825727,882339.705086162,498849.935260435,294.260365211326,301.163321647181,289.413177283082
29200,26.6245600000155,-381351.763558573,880188.884885149,498837.121326576,293.543066494964,298.09795497371,290.26185495372
29300,26.7157400000156,-395655.495627572,894383.658023178,498728.162395606,298.277024519986,303.622567200673,294.464765212429
29400,26.8069200000157,-396029.160109063,894754.401384651,498725.241275589,298.400667461948,301.464368879732,296.109532627207
29500,26.8981000000158,-385816.080749665,884649.894159529,498833.813409864,295.030813459906,296.678193720921,293.686700941347
29600,26.9892800000159,-383616.841338885,882546.617937775,498929.77659889,294.329370664591,294.379574250727,294.050627131613
29700,27.0804600000159,-369581.36262979,868515.420775492,498934.058145702,289.649965241118,297.954815442567,283.872023469118
29800,27.171640000016,-380386.537809086,879261.020513112,498874.482704026,293.233623649529,294.042219280536,292.450198542483
29900,27.2628200000161,-383260.275020596,882053.545433082,498793.270412486,294.164930943166,296.797692703853,292.164618993589
30000,27.3540000000162,-397464.980008876,896207.447023825,498742.46701495,298.88525830376,296.07770367523,300.50789034086
30100,27.4451800000163,-371781.356836221,870633.771321403,498852.414485182,290.356435324797,288.211988988013,291.544102519882
30200,27.5363600000163,-372017.212585421,870813.811391614,498796.598806192,290.416478703223,280.33434482096,296.895887559146
30300,27.6275400000164,-362681.123955184,861624.011530981,498942.887575798,287.351679683502,283.086604057359,289.955603701196
30400,27.7187200000165,-350525.681049546,849439.051167093,498913.370117547,283.287994386224,281.11854707865,284.498219262618
30500,27.8099000000166,-358439.112246295,857455.618343572,499016.506097276,285.961520207961,291.533561164944,282.0085249698
30600,27.9010800000167,-370823.813916149,869649.273126518,498825.459210369,290.02810509472,293.339903496192,287.578549406159
30700,27.9922600000167,-381264.994007015,880060.544402375,498795.55039536,293.500264933258,295.803296425082,291.720327051264
30800,28.0834400000168,-381750.698969744,880436.016000056,498685.317030312,293.62548474239,291.220113444237,294.984377703872
30900,28.1746200000169,-358152.242959745,857042.345451423,498890.102491678,285.823693663973,296.40267058213,278.532855973815
31000,28.265800000017,-366979.92272046,865859.736723853,498879.814003393,288.764294388479,296.925657801961,283.082748534167
31100,28.3569800000171,-361111.588765489,860151.946131861,499040.357366372,286.860745750162,298.829656993325,278.642420966594
31200,28.4481600000171,-365597.685058757,864481.549247196,498883.864188439,288.304668750107,295.871856142422,283.019623264606
31300,28.5393400000172,-366068.068785396,864944.780898316,498876.71211292,288.459156544378,282.796063423855,291.994169327605
31400,28.6305200000173,-381237.057904364,879982.881402072,498745.823497708,293.474364316182,302.6546242489,287.10962905744
31500,28.7217000000174,-379649.465348016,878405.680993758,498756.215645742,292.94836784851,298.55765307476,288.964720724471
31600,28.8128800000175,-370635.695752234,869453.480004792,498817.784252558,289.9628080723,296.438920882173,285.403763858991
31700,28.9040600000175,-385321.693352546,884153.062955852,498831.369603306,294.865120212057,298.530958389647,292.175507160153
31800,28.9952400000176,-353211.725274205,852222.399179865,499010.67390566,284.216241180545,297.078912074275,275.404280383741
31900,29.0864200000177,-382654.238848195,881472.062203099,498817.823354904,293.971006237485,301.540698714234,288.679568747788
32000,29.1776000000178,-394251.654965618,893093.033330826,498841.378365208,297.846601077481,296.229926788319,298.676178436024
32100,29.2687800000179,-412229.31878965,910880.701542685,498651.382753035,303.778789909183,305.933689487882,302.089041198458
32200,29.3599600000179,-394924.676634645,893604.359971582,498679.683336938,298.017128554805,284.826397596092,306.562601586818
32300,29.451140000018,-380432.824958926,879215.948541744,498783.123582818,293.21859214332,295.269691197273,291.606843947231
32400,29.5423200000181,-384841.808888993,883651.298281856,498809.489392863,294.697781651444,301.753868885996,289.748142010368
32500,29.6335000000182,-376824.118437686,875745.071066574,498920.952628888,292.061054215966,295.036211934228,289.834231525277
32600,29.7246800000182,-385868.820171648,884678.878092789,498810.057921142,295.040479604065,294.512446201387,295.14663480618
32700,29.8158600000183,-388791.966797177,887552.732863751,498760.766066574,295.998910409788,308.595966652176,287.354207156189
32800,29.9070400000184,-394504.062894458,893163.117184532,498659.054290074,297.869974048535,279.056835880387,310.16384118226
32900,29.9982200000185,-397893.541058179,896548.541576482,498655.000518304,298.99901336551,297.097904088432,300.01725370576
33000,30.0894000000186,-394284.400735627,892994.868425491,498710.467689864,297.813863073367,293.951312311759,300.14071869521
33100,30.1805800000186,-393030.900182595,891852.550525679,498821.650343084,297.432899958539,297.561425230353,297.099355694031
33200,30.2717600000187,-394452.21422821,893261.391267344,498809.177039134,297.902748463346,297.415651429865,297.979227528613
33300,30.3629400000188,-374034.703154313,872870.07983256,498835.376678247,291.10224439972,288.793032697949,292.3991336639
33400,30.4541200000189,-391267.761775208,890015.03806091,498747.276285702,296.820089398336,304.769116579024,291.273387870046
33500,30.545300000019,-391003.375507538,889756.7199745,498753.344466962,296.733940294981,298.755717565761,295.138810497547
33600,30.636480000019,-390779.419547485,889491.553017047,498712.133469563,296.645507092562,300.549049446448,293.79594093406
33700,30.7276600000191,-383333.01710594,882062.841704711,498729.82459877,294.168031250529,293.352597240504,294.466513897836
33800,30.8188400000192,-395603.307114027,894405.844006995,498802.536892969,298.284423547439,297.569459221857,298.512496078203
33900,30.9100200000193,-384995.245481212,883829.341816812,498834.0963356,294.757159185197,293.875558079829,295.099262289454
34000,31.0012000000194,-379982.548531987,878896.468817572,498913.920285585,293.112045628672,292.032449049718,293.587516643282
34100,31.0923800000194,-375189.682600981,873998.924354804,498809.241753824,291.478714142006,288.843354639149,292.992721548792
34200,31.1835600000195,-368327.865862478,867234.695321202,498906.829458724,289.222843195332,293.824656749012,285.913948456882
34300,31.2747400000196,-390667.448507178,889457.656001628,498790.207494451,296.634202435094,284.044229267321,304.78032271158
34400,31.3659200000197,-376639.796354097,875472.530746694,498832.734392597,291.970161996563,280.550039644743,299.340268429446
34500,31.4571000000198,-374602.282310741,873386.529428374,498784.247117633,291.274480382983,274.457917214639,302.242793761559
34600,31.5482800000198,-375017.442151097,873842.248691338,498824.806540241,291.426462795177,287.488975607916,293.808598867689
34700,31.6394600000199,-379430.978888661,878340.51897197,498909.540083309,292.926636308811,299.663666010719,288.191177643949
34800,31.73064000002,-381645.290041602,880503.046728782,498857.75668718,293.647839496009,291.887806618986,294.576488214444
34900,31.8218200000201,-367045.226485857,865911.811846776,498866.585360919,288.781661446315,289.659130484891,287.956030702726
35000,31.9130000000202,-385772.192277915,884532.100677003,498759.908399088,294.991529323663,308.919678973175,285.460269949551
35100,32.0041800000202,-382330.510234198,881135.53914329,498805.028909092,293.858775768981,289.262617143099,296.677999206429
35200,32.0953600000199,-391794.88838554,890586.335793167,498791.447407626,297.010617239675,287.682905280871,302.981583031178
35300,32.1865400000197,-389629.596006901,888541.403029341,498911.80702244,296.328631992443,295.712465541634,296.492469099655
35400,32.2777200000194,-376370.105341978,875192.666219883,498822.560877905,291.876827153538,292.397740811266,291.286320692425
35500,32.3689000000191,-367712.056208405,866661.857605499,498949.801397094,289.031801769384,291.290574906249,287.285093176667
35600,32.4600800000188,-388062.441167327,886898.001494114,498835.560326788,295.780557443427,293.464796508209,297.077914269034
35700,32.5512600000186,-374343.353423429,873252.782475481,498909.429052052,291.229875763042,289.996974586577,291.80911831755
35800,32.6424400000183,-359231.578082367,858031.787770413,498800.209688045,286.153672759851,280.173990347624,289.901666307369
35900,32.733620000018,-366999.789350201,865853.435992394,498853.646642194,288.762193094012,283.720081170308,291.882965882236
36000,32.8248000000177,-387339.500828186,886164.786479253,498825.285651066,295.536030174838,297.451689167368,294.012644154673
36100,32.9159800000175,-348788.76643718,847706.400179137,498917.633741957,282.710155137281,276.926482151941,286.33034533156
36200,33.0071600000172,-364522.828299866,863417.117606233,498894.289306367,287.949680709099,298.072344303039,280.961280245883
36300,33.0983400000169,-367418.897050233,866321.44672757,498902.549677337,288.918274713213,290.175758282823,287.839187104545
36400,33.1895200000166,-365695.462423953,864500.336879096,498804.874455143,288.310934426912,287.226186261638,288.793840758405
36500,33.2807000000164,-358901.343295391,857746.142602021,498844.79930663,286.058410072377,281.599571342882,288.792587216979
36600,33.3718800000161,-367623.501390665,866445.590958049,498822.089567384,288.959676824429,283.937821917229,292.066780365208
36700,33.4630600000158,-357599.198745639,856464.112628899,498864.91388326,285.630852969451,287.628026144567,284.061378475234
36800,33.5542400000155,-352433.814497312,851308.146192135,498874.331694822,283.911337732911,283.756766078816,283.777792720863
36900,33.6454200000153,-388992.041173253,887826.937241597,498834.896068344,296.090357592662,294.417321024455,296.95897334014
37000,33.736600000015,-376366.841893136,875272.257391131,498905.415497995,291.903370815785,287.467387924583,294.617439934239
37100,33.8277800000147,-384900.944664156,883733.464391309,498832.519727154,294.725184055798,299.147483256074,291.5313802689
37200,33.9189600000144,-381329.761248145,880216.376240582,498886.614992437,293.552234864293,301.882467500602,287.754119577699
37300,34.0101400000142,-379286.104520984,878080.993341738,498794.888820755,292.840084489491,288.834101066421,295.266706701129
37400,34.1013200000139,-368246.528921798,867104.925696898,498858.396775101,289.179565014807,288.432600805332,289.43655818361
37500,34.1925000000136,-389020.762722131,887790.479227288,498769.716505158,296.07819884185,296.396434152646,295.619310135619
37600,34.2836800000133,-375067.727940565,873968.62068616,498900.892745595,291.468607865986,281.460448941181,297.897823309301
37700,34.3748600000131,-381233.796338244,880083.778413734,498849.982075491,293.508013477984,301.545695974499,287.904968469075
37800,34.4660400000128,-369315.758324168,868200.187202898,498884.42887873,289.544834818375,302.164624128988,280.890354582284
37900,34.5572200000125,-373012.824324442,871849.906652502,498837.08232806,290.762016559114,298.991726620764,285.033241504214
38000,34.6484000000122,-365521.266421116,864397.010883543,498875.744462427,288.27647519878,269.864293873527,300.311032352951
38100,34.7395800000119,-394775.249895299,893624.764295194,498849.514399895,298.023933398431,303.152667278965,294.356424200242
38200,34.8307600000117,-384782.277244204,883604.717583403,498822.440339199,294.682246984627,298.411049886909,291.950809843951
38300,34.9219400000114,-357941.079738354,856765.372496157,498824.292757803,285.731323160299,284.13372240339,286.558280895606
38400,35.0131200000111,-370888.652972121,869713.080583381,498824.42761126,290.049384886904,291.753352123609,288.671698908361
38500,35.1043000000108,-359647.460027737,858543.598209988,498896.138182251,286.324361584121,280.910305645125,289.695128575466
38600,35.1954800000106,-355724.645879822,854640.944782364,498916.298902542,285.022826340625,291.827873483625,280.248609223341
38700,35.2866600000103,-351619.754943816,850502.608794564,498882.853850749,283.64269094366,281.546201475047,284.803981680282
38800,35.37784000001,-372037.887596204,870874.114546471,498836.226950267,290.436589810396,292.567376418533,288.774034913461
38900,35.4690200000097,-371632.294809328,870473.668827984,498841.374018656,290.303041129893,286.696310253633,292.46560917979
39000,35.5602000000095,-377753.191620812,876575.51488542,498822.323264608,292.33800729879,297.380146144717,288.732966395423
39100,35.6513800000092,-373633.838630905,872535.569324357,498901.730693452,290.990685117344,293.606467866435,289.004337713686
39200,35.7425600000089,-380517.950884618,879371.826644661,498853.875760043,293.270577503639,286.84300230884,297.311235485585
39300,35.8337400000086,-359769.042230838,858614.597813353,498845.555582516,286.348039957763,282.736676359297,288.516992323443
39400,35.9249200000084,-389995.089869177,888748.483330351,498753.393461174,296.397693290095,293.726455077526,297.931520687401
39500,36.0161000000081,-375385.434362466,874208.105699122,498822.671336656,291.548476137776,296.025965623025,288.320526084162
39600,36.1072800000078,-373506.932367638,872348.106011222,498841.173643584,290.928166086784,294.377283362456,288.386314431263
39700,36.1984600000075,-375552.924125697,874362.13897921,498809.214853514,291.599846249528,291.512335645185,291.415186780549
39800,36.2896400000073,-371218.622837417,870052.765400994,498834.142563577,290.162669801899,287.656000161926,291.59198067038
39900,36.380820000007,-380672.436369875,879470.610561646,498798.174191771,293.303521948189,298.76644385591,289.417154408085
40000,36.4720000000067,-379332.596287013,878161.848949458,498829.252662445,292.867049841407,294.734794696004,291.37783073014
40100,36.5631800000064,-376596.960230438,875404.424111298,498807.46388086,291.94744842798,294.518649589864,289.9900247797
40200,36.6543600000062,-378063.271053428,876838.750222329,498775.4791689,292.425796305596,295.734484796978,289.97631581442
40300,36.7455400000059,-370617.493550513,869435.594416237,498818.100865724,289.956843227026,287.945667004726,291.055996672536
40400,36.8367200000056,-387517.344942552,886359.840452802,498842.495510251,295.60108069128,300.607564814081,292.017090375502
40500,36.9279000000053,-363935.683824556,862795.624686732,498859.940862176,287.742412768628,278.572502841351,293.615900709507
40600,37.0190800000051,-377611.258175739,876395.990397141,498784.732221402,292.27813586698,299.468225691955,287.241177537108
40700,37.1102600000048,-379399.115030023,878199.283765855,498800.168735832,292.879534355796,290.576392679739,294.170895861205
40800,37.2014400000045,-397997.72488917,896707.28556607,498709.5606769,299.051954499273,283.86975323763,308.924212044952
40900,37.2926200000042,-386804.642972959,885589.50768326,498784.864710301,295.344174648411,288.386839689633,299.736277808723
41000,37.383800000004,-367715.225719832,866580.884573937,498865.658854105,289.004797256607,293.031047730802,286.079792942764
41100,37.4749800000037,-375746.940553144,874643.382196201,498896.441643057,291.693640885843,294.678029995462,289.460970112024
41200,37.5661600000034,-400066.861729092,898871.078993725,498804.217264633,299.773579787802,309.493283507334,293.043965991624
41300,37.6573400000031,-362777.19392975,861649.5536976,498872.35976785,287.360197998199,290.748414894704,284.861919902197
41400,37.7485200000028,-387792.809320812,886536.945011511,498744.135690699,295.660145076375,292.507178908028,297.515739067709
41500,37.8397000000026,-367690.574835812,866559.379485536,498868.804649723,288.997625307833,298.153516472544,282.652866510269
41600,37.9308800000023,-379275.349966522,878041.162869614,498765.812903092,292.826801023716,302.232832050152,286.312091338573
41700,38.022060000002,-359566.148913059,858442.2866444,498876.137731341,286.290574168551,280.116623544787,290.167965772586
41800,38.1132400000017,-359660.020232945,858628.719236294,498968.69900335,286.352749453492,282.787155430278,288.491184844423
41900,38.2044200000015,-363979.158539378,862896.613527042,498917.454987664,287.776092555292,282.063678093704,291.344555452554
42000,38.2956000000012,-382175.57522042,881008.538480522,498832.963260102,293.816421037359,296.095960690525,292.051880917719
42100,38.3867800000009,-394681.672385147,893422.862499045,498741.190113898,297.956599132581,303.523602781549,293.996966200659
42200,38.4779600000006,-383363.791113574,882117.30475086,498753.513637287,294.186194680961,288.241952443164,297.903867677257
42300,38.5691400000004,-384307.518675914,883128.403282844,498820.88460693,294.523396125678,303.197481585789,288.495236322167
42400,38.6603200000001,-371796.758692328,870701.228443332,498904.469751004,290.378932280584,293.44100211236,288.095569949166
42500,38.7514999999998,-376410.765407774,875343.044381384,498932.27897361,291.926978282936,293.530086396299,290.614967058792
42600,38.8426799999995,-383090.659055924,881968.545017327,498877.885961403,294.136583297424,303.713945797878,287.506561144374
42700,38.9338599999993,-382953.986715704,881792.212392422,498838.225676718,294.077776352317,285.445553448499,299.587526807902
42800,39.025039999999,-389326.880046484,888099.091524582,498772.211478098,296.181121068729,288.19990199883,301.255116181104
42900,39.1162199999987,-380966.100254557,879709.747830758,498743.647576201,293.383274247376,302.740343173267,286.90074223491
43000,39.2073999999984,-377578.778119719,876372.150934459,498793.372814739,292.270185404188,298.300013781906,288.006741331205
43100,39.2985799999982,-396979.712900287,895764.390232021,498784.677331734,298.737498826754,298.80062892129,298.446464181373
43200,39.3897599999979,-391365.101973433,890233.352071701,498868.250098269,296.892897139137,295.1900944881,297.780688158878
43300,39.4809399999976,-382763.872730937,881639.562991613,498875.690260676,294.02686776442,297.678520503705,291.347410215092
43400,39.5721199999973,-374045.026726259,872911.412785374,498866.386059116,291.11602894293,289.78358072846,291.761731061791
43500,39.6632999999971,-377308.130659819,876073.336746454,498765.206086635,292.170530847575,305.384202056557,283.117941265881
43600,39.7544799999968,-402055.006508906,900834.965573904,498779.959064998,300.428536126031,298.863401554535,301.221602060257
43700,39.8456599999965,-369487.076418553,868241.455540128,498754.379121575,289.558597812282,278.777803710841,296.5044950484
43800,39.9368399999962,-384991.772063043,883786.791817937,498795.019754895,294.742968757024,295.941698214544,293.698196644714
43900,40.028019999996,-376756.444858643,875587.406467701,498830.961609058,292.008473059097,289.048837959223,293.738222731463
44000,40.1191999999957,-374813.300577152,873694.974201654,498881.673624502,291.377346740588,295.505474332311,288.382447223823
44100,40.2103799999954,-383877.561182743,882710.851476456,498833.290293713,294.384142563434,293.494480050835,294.731930786363
44200,40.3015599999951,-390557.001136106,889388.965764278,498831.964628173,296.61129423521,302.644373846204,292.342065082685
44300,40.3927399999949,-385616.519643269,884355.015739396,498738.496096127,294.932471482206,277.155996426544,306.53767779308
44400,40.4839199999946,-392337.651948446,891126.801724705,498789.149776259,297.190862672905,307.166589045882,290.292719372027
44500,40.5750999999943,-401083.528814896,899882.918552056,498799.38973716,300.111028364868,292.803207501851,304.732816416574
44600,40.666279999994,-367790.071183117,866656.835215508,498866.764032392,289.030126801904,304.372701948655,278.560884931733
44700,40.7574599999937,-369021.286489884,867907.217840441,498885.931350556,289.447129511569,296.737974839254,284.34536001852
44800,40.8486399999935,-398049.163092578,896834.280645279,498785.117552701,299.094307368777,301.638927543348,297.148648662923
44900,40.9398199999932,-376708.000856402,875572.233183569,498864.232327167,292.003412767573,290.417440845897,292.817391204719
45000,41.0309999999929,-393767.934360901,892482.576272683,498714.641911782,297.643013597693,294.467768885791,299.511807560962
45100,41.1221799999926,-374082.953083362,872974.148929483,498891.195846121,291.13695145222,291.796506674628,290.454633844406
45200,41.2133599999924,-393292.848462295,892062.032974557,498769.184512262,297.502762372705,299.787594714413,295.731621842924
45300,41.3045399999921,-376153.669237896,875044.842850136,498891.17361224,291.827528047402,297.81669385333,287.591561236745
45400,41.3957199999918,-380090.644533216,878932.760690945,498842.116157729,293.124148971467,282.4540839738,299.993255512435
45500,41.4868999999915,-363641.081269532,862539.707994394,498898.626724862,287.657064530396,291.831394083537,284.634463941194
45600,41.5780799999913,-377063.28380849,875877.801570949,498814.517762459,292.105319850241,288.439644932195,294.305682029064
45700,41.669259999991,-381846.69161951,880620.980807772,498774.289188262,293.687170521185,293.352085538514,293.665821200864
45800,41.7604399999907,-398169.542213457,896903.738993783,498734.196780326,299.117471733795,300.487434283991,297.954898807218
45900,41.8516199999904,-376976.015670467,875839.238155661,498863.222485194,292.092458948028,291.660633765628,292.136932020502
46000,41.9427999999902,-362517.887067233,861474.687066795,498956.799999562,287.301879962246,290.873241099578,284.681554304057
46100,42.0339799999899,-380889.130537545,879774.786569461,498885.656031915,293.404964672156,291.361387086845,294.522845591805
46200,42.1251599999896,-390905.488644173,889771.101898747,498865.613254575,296.738736667916,299.982516840763,294.328934272128
46300,42.2163399999893,-373044.861723518,871750.620394554,498705.758671035,290.72890458381,281.60354575709,296.570203047803
46400,42.3075199999891,-373289.843818789,872085.04977995,498795.205961161,290.840436811722,299.741164895772,284.664251058347
46500,42.3986999999888,-390438.219171173,889218.701804081,498780.482632908,296.554511190289,308.555304279955,288.306853704518
46600,42.4898799999885,-385882.971259488,884748.46419975,498865.492940262,295.063686576538,300.53525461265,291.170088146984
46700,42.5810599999882,-365569.881886431,864422.965548879,498853.083662448,288.285131081834,287.022201617385,288.886846448898
46800,42.672239999988,-379403.217862985,878258.221927649,498855.004064664,292.899190237668,289.460995782567,294.94723721587
46900,42.7634199999877,-376915.588325907,875730.269382802,498814.681056895,292.056117853194,299.701905176523,286.715546206097
47000,42.8545999999874,-386143.884449813,884866.025845476,498722.141395662,295.10289339519,301.977419486381,290.273956923232
47100,42.9457799999871,-397544.650317903,896260.800971858,498716.150653956,298.903051849878,290.714149821726,304.113233992104
47200,43.0369599999869,-377859.271663544,876578.206308378,498718.934644834,292.33890488857,297.439221243518,288.695078231198
47300,43.1281399999866,-385499.32916067,884338.670490635,498839.341329965,294.927020340382,296.506824977613,293.628044731944
47400,43.2193199999863,-386100.394596821,884969.791419802,498869.396822981,295.137499222879,297.282367861864,293.461638880871
47500,43.310499999986,-379011.560435288,877841.74571975,498830.185284461,292.76029538761,284.573937793391,297.973900204266
47600,43.4016799999858,-383079.737497265,881821.668760302,498741.931263037,294.087600053461,300.665462197587,289.457285623998
47700,43.4928599999855,-391006.359426147,889691.092063831,498684.732637684,296.712053381301,291.419351722973,299.993261109035
47800,43.5840399999852,-390692.201774728,889475.61518055,498783.413405822,296.640191822761,282.251334942596,305.985562916353
47900,43.6752199999849,-375661.001294072,874498.927596939,498837.926302867,291.645465264945,291.245701965628,291.668936243436
48000,43.7663999999846,-375928.506348315,874806.586349398,498878.080001083,291.748069484542,283.92652096839,296.719311770739
48100,43.8575799999844,-395908.938146934,894685.378273584,498776.440126649,298.377648248652,297.950520462085,298.413752066157
48200,43.9487599999841,-374190.100920512,872995.145450101,498805.044529588,291.143953793597,286.153258450591,294.228464060773
48300,44.0399399999838,-373602.700531375,872372.915378883,498770.214847508,290.936440012967,281.742381053855,296.823365619032
48400,44.1311199999835,-378534.03951101,877355.718358005,498821.678846995,292.598205221946,296.561427698996,289.712225066227
48500,44.2222999999833,-407677.258907366,906408.240206588,498730.981299222,302.287223680703,306.491383498223,299.232544449289
48600,44.313479999983,-381366.471630387,880117.534109746,498751.062479359,293.519271005418,301.892169170345,287.692739502961
48700,44.4046599999827,-400689.190570824,899523.836488732,498834.645917908,299.991274466811,293.966129252738,303.758045214138
48800,44.4958399999824,-378037.275105594,876923.856505091,498886.581399497,292.454179257993,306.598418372651,282.78097469884
48900,44.5870199999822,-377606.315562351,876404.534495749,498798.218933398,292.280985324579,294.058009179002,290.852735267193
49000,44.6781999999819,-363612.410959431,862410.314488139,498797.903528708,287.613911785272,285.330058264855,288.896802539062
49100,44.7693799999816,-400474.638927549,899202.801206931,498728.162279382,299.884209173564,298.936008855716,300.26643921115
49200,44.8605599999813,-375356.782293848,874195.311081476,498838.528787629,291.544209131725,283.163795700669,296.888197911485
49300,44.9517399999811,-381053.804585933,879969.147063714,498915.342477781,293.469783913195,291.915718703979,294.261269232744
49400,45.0429199999808,-374744.249378413,873594.063759264,498849.814380851,291.343693099638,294.171604390802,289.215632494611
49500,45.1340999999805,-383189.504020303,882015.423858213,498825.919837909,294.152217394768,279.381650045461,303.754135446477
49600,45.2252799999802,-381289.072344159,880036.700842325,498747.628498166,293.492313103994,282.399559316378,300.642905368151
49700,45.31645999998,-390906.875209426,889716.554879807,498809.679670381,296.720545232552,293.132887424681,298.865049983439
49800,45.4076399999797,-374181.611266168,872999.215310381,498817.604044213,291.14531109234,279.068525732318,298.953880239778
49900,45.4988199999794,-371303.679238357,870213.762587954,498910.083349597,290.216362377173,292.770585027078,288.271700308589
50000,45.5899999999791,-386201.967507452,885005.863620501,498803.896113049,295.149529304819,296.65104830479,293.902558697087
50100,45.6811799999789,-382426.769206972,881329.978730663,498903.209523691,293.923621387581,298.047300318813,290.929565748937
50200,45.7723599999786,-382037.314694855,880821.087733773,498783.773038918,293.75390619769,298.287902534684,290.486447051195
50300,45.8635399999783,-371048.291841972,869881.785236842,498833.49339487,290.105647902899,305.295030340034,279.737638238223
50400,45.954719999978,-394798.765007179,893586.845868259,498788.08086108,298.011287599886,311.122274025168,289.022287243365
50500,46.0458999999778,-395039.848725411,893861.178404002,498821.329678591,298.102777523429,293.724291030468,300.773349537467
50600,46.1370799999775,-380396.045370111,879266.235888814,498870.190518703,293.23536297776,289.741436775791,295.320284309924
50700,46.2282599999772,-379902.994676175,878774.674857451,498871.680181275,293.071427332817,287.600603159946,296.47441725862
50800,46.3194399999769,-381192.41016691,880016.756210892,498824.346043982,293.485661567748,294.763983737376,292.388875403356
50900,46.4106199999767,-392468.294474332,891208.309394013,498740.01491968,297.218045487415,287.57247380771,303.400744902646
51000,46.5017999999764,-375482.967200092,874292.948817587,498809.981617496,291.576771324858,291.577411054123,291.333364195911
51100,46.5929799999761,-382425.737723241,881225.119676301,498799.38195306,293.888650884209,292.738769156963,294.410331493303
51200,46.6841599999758,-356858.877904958,855753.141060653,498894.263155695,285.393743892164,283.177352364455,286.63351012406
51300,46.7753399999756,-367131.201805951,866003.899648281,498872.69784233,288.812372735795,284.831417578584,291.225665863323
51400,46.8665199999753,-383909.317349216,882784.053671713,498874.736322496,294.408555501655,297.165217130831,292.325440619286
51500,46.957699999975,-376782.686439505,875608.253692851,498825.567253346,292.015425610422,297.609193214689,288.042901019569
51600,47.0488799999747,-388346.008879218,887130.720937151,498784.712057933,295.858169397082,295.473836003239,295.867843185147
51700,47.1400599999744,-372517.986005334,871295.122641554,498777.13663622,290.576996045207,296.104689289853,286.649719718739
51800,47.2312399999742,-370154.134398518,868952.44667753,498798.312279012,289.795713415885,275.381754116826,299.16352318741
51900,47.3224199999739,-373795.389763375,872659.012013494,498863.622250119,291.031853264464,293.756973685227,288.972579772902
52000,47.4135999999736,-379095.755006931,877986.239898665,498890.484891734,292.808484208326,287.255957613541,296.266161534676
52100,47.5047799999733,-386748.324326398,885586.881893195,498838.557566797,295.343298947205,295.653113449082,294.890636530164
52200,47.5959599999731,-389305.791255248,888077.923649637,498772.132394388,296.174061580669,297.283456072022,295.187653535117
52300,47.6871399999728,-390875.634837691,889610.729046893,498735.094209202,296.685252308452,286.926288254221,302.943990634349
52400,47.7783199999725,-375776.043139396,874538.564387901,498762.521248506,291.658684138036,303.353846569022,283.618860280597
52500,47.8694999999722,-386498.882138886,885275.185769083,498776.303630197,295.239348263826,287.553100395959,300.11748071885
52600,47.960679999972,-380063.795444325,878907.143491814,498843.348047489,293.115605633421,292.251085978317,293.447689065463
52700,48.0518599999717,-380295.433447158,879169.560378468,498874.12693131,293.203121687,286.298834903462,297.561643607952
52800,48.1430399999714,-372502.592995214,871362.38846832,498859.795473106,290.599429204042,293.051399885171,288.722615892286
52900,48.2342199999711,-392388.246160865,891163.802055336,498775.555894471,297.203202286255,296.774706877178,297.241196557067
53000,48.3253999999709,-370648.861617452,869464.588489737,498815.726872285,289.966512752956,283.10640945267,294.298276192519
53100,48.4165799999706,-379269.390812932,878027.787232663,498758.39641973,292.822340247678,285.92609616986,297.175817682684
53200,48.5077599999703,-377399.161792374,876251.36843387,498852.206641497,292.229904430172,302.347629627202,285.24122937846
53300,48.59893999997,-392684.469395464,891511.337432618,498826.868037155,297.319105363555,294.359509305652,299.044403481021
53400,48.6901199999698,-372969.805545088,871884.189587955,498914.384042867,290.773449920945,289.242520797948,291.55175812801
53500,48.7812999999695,-370104.571544335,868950.127957937,498845.556413603,289.794940122707,290.904584226268,288.813681603564
53600,48.8724799999692,-386774.623899541,885542.516257222,498767.892357681,295.328503003909,297.692473617577,293.506415508961
53700,48.9636599999689,-378106.007681435,876871.580215937,498765.572534502,292.436745111201,288.46093557712,294.843587512996
53800,49.0548399999687,-397808.471006556,896580.499421788,498772.028415233,299.009671309584,294.41272937248,301.825124541562
53900,49.1460199999684,-372370.379636284,871274.842697297,498904.463061012,290.570232682107,293.687473518408,288.249930264005
54000,49.2371999999681,-379276.220280824,878102.218127565,498825.997846741,292.847162957334,294.472365392739,291.519655364598
54100,49.3283799999678,-372238.577531773,871118.84480522,498880.267273447,290.518207372093,289.897670651588,290.689800012953
54200,49.4195599999676,-373837.194213282,872647.385004305,498810.190791023,291.02797565593,302.322721627978,283.25562169485
54300,49.5107399999673,-368948.878391416,867787.590164137,498838.711772722,289.407233671548,294.739284512445,285.611360416223
54400,49.601919999967,-389438.197881466,888229.808042821,498791.610161356,296.22471503846,301.590041244315,292.400976972023
54500,49.6930999999667,-391736.255660065,890512.721627263,498776.465967198,296.986066909209,293.367943826508,299.150660575252
54600,49.7842799999665,-376120.177093901,874916.719921136,498796.542827235,291.784799039899,301.094388692229,285.335251939145
54700,49.8754599999662,-365841.040447607,864717.23574049,498876.195292883,288.383270215271,291.079508611875,286.345458559022
54800,49.9666399999659,-367600.011129135,866420.62143971,498820.610310576,288.951349487981,286.715600370133,290.20105610864
54900,50.0578199999656,-380840.122247186,879650.547438441,498810.425191254,293.363530911603,283.283013217148,299.839406432146
55000,50.1489999999653,-386674.606248796,885433.37510994,498758.768861144,295.292104422191,282.677626800665,303.45567941619
55100,50.2401799999651,-371751.111329644,870570.023953304,498818.91262366,290.335175572221,287.772186240516,291.801889147048
55200,50.3313599999648,-372060.748227397,870895.780360212,498835.032132815,290.443815361085,291.501347421148,289.496757474908
55300,50.4225399999645,-362107.372817083,861001.132785751,498893.759968668,287.143949570035,290.117870699599,284.922048859018
55400,50.5137199999642,-377232.607156191,876028.592976291,498795.9858201,292.155608796495,292.847410599738,291.450944587003
55500,50.604899999964,-395337.911058417,894149.583693005,498811.672634588,298.198960711358,305.123810991637,293.333894723913
55600,50.6960799999637,-389653.208730434,888419.968629043,498766.759898609,296.288133609819,293.898627175175,297.634231121574
55700,50.7872599999634,-369099.360035709,867895.279562452,498795.919526742,289.443148094865,288.003777819106,290.161525655291
55800,50.8784399999631,-373419.309667058,872268.351861913,498849.042194855,290.90156807134,289.361747745126,291.685696982088
55900,50.9696199999629,-384068.888165974,882880.387251121,498811.499085146,294.440682758419,290.870642821018,296.575342147721
56000,51.0607999999626,-371700.618416712,870632.319897824,498931.701481113,290.355951274912,291.522385159974,289.336365392143
56100,51.1519799999623,-374935.35219096,873774.503805441,498839.151614481,291.403869870082,295.148805598307,288.66440949304
56200,51.243159999962,-349718.893010271,848628.721316496,498909.828306225,283.017749313489,284.958311233338,281.488193242495
56300,51.3343399999618,-397712.755079067,896445.693183657,498732.938104591,298.964713417928,292.405962023513,303.088077086356
56400,51.4255199999615,-364799.422738793,863584.870548298,498785.447809506,288.005626329264,289.125885322249,287.018782311999
56500,51.5166999999612,-376078.697700434,874836.775195374,498758.07749494,291.758137467192,295.051974504243,289.319114327934
56600,51.6078799999609,-365763.948348251,864664.286258812,498900.33791056,288.365611558717,278.704196132074,294.566250500179
56700,51.6990599999607,-373876.631443984,872743.272242083,498866.640798099,291.059954057723,294.18673316183,288.73288469327
56800,51.7902399999604,-374765.077126935,873627.350348968,498862.273222034,291.354794180079,273.913757451897,302.73935633705
56900,51.8814199999601,-372204.072556752,870960.136298462,498756.063741711,290.465278071857,292.965591004223,288.556348385219
57000,51.9725999999598,-392780.637036537,891490.496742286,498709.859705749,297.312154991591,297.466099579635,296.961765137069
57100,52.0637799999596,-382847.940581608,881634.741939067,498786.801357459,294.025259942994,293.707119708313,293.992332382829
57200,52.1549599999593,-380184.857770745,878963.237886424,498778.380115679,293.134313118701,286.365863804752,297.402334067069
57300,52.246139999959,-383728.923364417,882496.069095297,498767.14573088,294.31251262141,287.805851845746,298.405026044667
57400,52.3373199999587,-383329.533283018,882091.8664726,498762.333189582,294.17771101304,293.014137611097,294.708278521824
57500,52.4284999999585,-380047.246047066,878818.674271601,498771.428224534,293.086101141104,299.373106036876,288.650526126306
57600,52.5196799999582,-370166.723734497,869000.122707444,498833.398972947,289.811613375836,280.250515697726,295.944168816762
57700,52.6108599999579,-384339.842019177,883064.443262802,498724.601243626,294.502065453661,286.096941595334,299.860062971334
57800,52.7020399999576,-396004.341989269,894736.778834326,498732.436845058,298.394790339945,306.715795585633,292.598791184205
57900,52.7932199999574,-387450.896279897,886146.683336206,498695.787056309,295.529992775123,296.895085469639,294.373655984799
58000,52.8843999999571,-392064.061706057,890892.134090535,498828.072384478,297.112600997344,307.765429087899,289.763121769474
58100,52.9755799999568,-372708.765765268,871564.338051675,498855.572286407,290.666779406929,284.728054047429,294.383707330421
58200,53.0667599999565,-371153.486984812,869991.054439115,498837.567454303,290.142089190967,287.380454421355,291.741393963049
58300,53.1579399999562,-397478.520325452,896161.759472163,498683.239146711,298.870021501472,309.117578170523,291.789258704187
58400,53.249119999956,-390689.553046071,889467.560978758,498778.007932686,296.637505745792,298.41410644032,295.205907361318
58500,53.3402999999557,-397931.093917019,896664.728844277,498733.634927258,299.037761829007,291.03370671867,304.124600434374
58600,53.4314799999554,-377246.419378026,876116.082364219,498869.662986193,292.184786514664,289.452682435119,293.762701912264
58700,53.5226599999551,-391324.495798954,890110.276463044,498785.78066409,296.851851413388,294.609494097378,298.099379747884
58800,53.6138399999549,-390181.676256019,888976.973093024,498795.296837005,296.473894644997,289.690530328981,300.749075943471
58900,53.7050199999546,-381889.467752109,880740.864977689,498851.39722558,293.727151901847,290.566140476051,295.589720225793
59000,53.7961999999543,-377488.456691455,876328.941547823,498840.484856368,292.255775070143,295.347734955837,289.950922000453
59100,53.887379999954,-372928.667532662,871788.543636424,498859.876103762,290.741551988135,290.14303786987,290.898276773657
59200,53.9785599999538,-392702.690193736,891416.773940359,498714.083746623,297.287568431002,298.483638448265,296.242448779133
59300,54.0697399999535,-373101.287023876,871924.757914933,498823.470891057,290.786979461375,285.357693683454,294.164180830438
59400,54.1609199999532,-378189.331421363,876998.706389033,498809.37496767,292.479141700528,289.703994300075,294.085507349413
59500,54.2520999999529,-370342.969271906,869351.237257651,499008.267985745,289.928710107604,307.659680221154,277.866456106813
59600,54.3432799999527,-398497.815412009,897294.474132402,498796.658720393,299.247781935101,295.408086485682,301.55820574977
59700,54.4344599999524,-381847.964408726,880756.581470005,498908.617061279,293.732393353345,286.090973585832,298.581896203892
59800,54.5256399999521,-390335.470469489,889032.191540446,498696.721070957,296.492310001816,294.191645251057,297.779009577321
59900,54.6168199999518,-361919.9449906,860813.292192919,498893.347202319,287.081304716665,293.241240634159,282.735446351071
60000,54.7079999999516,-371199.829922061,869977.240662653,498777.410740593,290.137482295365,284.514625226553,293.644272439328
60100,54.7991799999513,-382250.466158429,881080.816286878,498830.350128449,293.840525691805,304.556720491123,286.45152872085
60200,54.890359999951,-377452.522419227,876213.673830449,498761.151411222,292.217333276788,291.480431739489,292.465086523923
60300,54.9815399999507,-374992.641393161,873859.3969498,498866.755556639,291.432181740804,284.057695931909,296.105645461949
60400,55.0727199999505,-376876.832345783,875733.93239418,498857.100048397,292.057339467794,297.655108955113,288.08211202669
60500,55.1638999999502,-377784.228571966,876612.085827694,498827.857255728,292.350203711087,299.463761593708,287.364206619581
60600,55.2550799999499,-399924.996653577,898660.672852763,498735.676199186,299.703409322249,305.728435706056,295.436972225275
60700,55.3462599999496,-389863.048175153,888561.577506152,498698.529331,296.335360182142,292.71170838322,298.504181914604
60800,55.4374399999494,-376929.681585803,875753.153113403,498823.4715276,292.063749579257,294.661258796405,290.088690309844
60900,55.5286199999491,-380515.377175891,879357.257309405,498841.880133513,293.265718629116,295.317248186355,291.653644158766
61000,55.6197999999488,-375438.146952543,874261.08508795,498822.938135406,291.566144768367,300.769148445967,285.187837195994
61100,55.7109799999485,-388506.232996533,887279.942924577,498773.709928043,295.90793494233,307.11447939186,288.190315363524
61200,55.8021599999483,-388963.678188238,887698.536396414,498734.858208176,296.047535900088,305.344463702555,289.60287775186
61300,55.893339999948,-375633.273763102,874464.659381397,498831.385618296,291.634036812205,301.207563103193,285.008657587536
61400,55.9845199999477,-382493.211073359,881272.056785775,498778.845712416,293.904304414132,305.799717532002,285.72910874854
61500,56.0756999999474,-391936.206551451,890772.017982249,498835.811430798,297.072542265215,314.006163815131,285.535900780051
61600,56.1668799999471,-403244.219940012,901957.349608439,498713.129668428,300.802851295127,308.369502713425,295.507747973517
61700,56.2580599999469,-368405.81591277,867240.640876302,498834.824963532,289.224826038453,291.330647971446,287.579924061426
61800,56.3492399999466,-377388.699772466,876160.637985084,498771.938212618,292.199645817937,299.042284410149,287.394387051615
61900,56.4404199999463,-388676.368216265,887509.49914211,498833.130925845,295.984491960017,303.969609515898,290.414426512796
62000,56.531599999946,-391938.486003331,890713.036200538,498774.550197206,297.052871836097,297.340179278579,296.613789481245
62100,56.6227799999458,-379767.92988814,878570.569213921,498802.639325781,293.003358083682,296.505778255589,290.424241837341
62200,56.7139599999455,-376706.055186134,875584.745539443,498878.690353309,292.007585639301,301.817292998598,285.224441078405
62300,56.8051399999452,-368393.025614467,867293.554089089,498900.528474622,289.242472599329,287.409057935284,290.223713648194
62400,56.8963199999449,-381136.904114094,879999.584957651,498862.680843557,293.47993495336,289.349082403293,295.989270040944
62500,56.9874999999447,-390833.029975432,889548.282034729,498715.252059297,296.664426224689,298.222815347402,295.378279787692
62600,57.0786799999444,-389770.10071648,888544.976981486,498774.876265006,296.329823905782,298.053147889325,294.933999730165
62700,57.1698599999441,-384327.781706419,883148.166722091,498820.385015672,294.529987234314,294.015627913101,294.627451792428
62800,57.2610399999438,-351024.70889742,850018.885996632,498994.177099212,283.481369350219,279.475352811925,285.915812567956
62900,57.3522199999436,-373080.142630769,872035.326415654,498955.183784884,290.823854065584,308.328896504599,278.911472561185
63000,57.4433999999433,-373949.091708344,872858.849454023,498909.757745679,291.098499067542,296.466929528303,287.276963344477
63100,57.534579999943,-387926.447183991,886691.767822906,498765.320638916,295.711778496884,289.078764234475,299.887361523075
63200,57.6257599999427,-376503.020966246,875296.414999459,498793.394033214,291.911427380177,302.328131022026,284.723698762794
63300,57.7169399999425,-381695.291417518,880480.635153845,498785.343736327,293.640365233899,300.776507112352,288.638237010569
63400,57.8081199999422,-377907.08501983,876736.79435057,498829.70933074,292.391794013863,297.318872634773,288.863415104912
63500,57.8992999999419,-375138.640762948,874047.808999984,498909.168237036,291.495017175249,308.024025633948,280.232765688471
63600,57.9904799999416,-377827.779378436,876732.165853419,498904.386474983,292.390250409678,297.599710984207,288.673618151317
63700,58.0816599999414,-354908.483152621,853884.307163786,498975.824011165,284.770487631745,284.713106961476,284.57143267223
63800,58.1728399999411,-386045.528456298,884797.54566694,498752.017210641,295.080055249938,289.984324775779,298.231308853337
63900,58.2640199999408,-383417.142649997,882202.842780201,498785.700130204,294.214721620877,282.139267222353,302.019845618542
64000,58.3551999999405,-385119.325451135,883801.198688224,498681.873237089,294.747773449466,306.604485730418,286.597675450957
64100,58.4463799999403,-356164.134499887,855064.79394947,498900.659449583,285.164180073193,291.161233065523,280.928507928246
64200,58.53755999994,-369239.478985114,868137.904347485,498898.425362372,289.524063480902,288.23172483275,290.144352526771
64300,58.6287399999397,-352863.593978837,851825.972126216,498962.37814738,284.084032725101,287.918862001726,281.290743180081
64400,58.7199199999394,-376741.723790667,875544.343398474,498802.619607807,291.994111521919,296.710859509071,288.60628443755
64500,58.8110999999392,-387757.643931219,886477.994404526,498720.350473306,295.640485044031,294.368711640995,296.241966908518
64600,58.9022799999389,-378041.935819952,876730.761676052,498688.8258561,292.389782116409,295.84435369366,289.843076246477
64700,58.9934599999386,-380198.890735654,878949.357918227,498750.467182573,293.12968414815,292.786997206665,293.11386737235
64800,59.0846399999383,-355574.921187171,854431.735756618,498856.814569447,284.953055113096,289.175834900608,281.900407708826
64900,59.175819999938,-377124.116050284,875990.842565732,498866.726515448,292.143019031426,295.950560879529,289.361205283499
65000,59.2669999999378,-383545.486866408,882410.627890702,498865.141024294,294.284017972554,295.42503958585,293.278100215381
65100,59.3581799999375,-399416.243156131,898222.454528189,498806.211372057,299.557263474467,303.391544888619,296.751444812136
65200,59.4493599999372,-393693.032904032,892451.081196775,498758.048292743,297.632509987252,298.548631146851,296.773735455863
65300,59.5405399999369,-392507.570693468,891212.205445946,498704.634752478,297.219344821059,305.730025127442,291.297875162786
65400,59.6317199999367,-384038.034231961,882763.780734554,498725.746502593,294.401794475422,285.728494650336,299.938659530085
65500,59.7228999999364,-380536.130062255,879413.369301022,498877.239238767,293.284431982999,297.133326395343,290.47409868145
65600,59.8140799999361,-363033.141820722,861995.777615576,498962.635794854,287.475663703711,298.51685353581,279.875307429225
65700,59.9052599999358,-361004.292323076,859982.928212566,498978.63588949,286.804378259985,279.735672245804,291.277845287557
65800,59.9964399999356,-374866.530912753,873711.220524401,498844.689611648,291.382764890579,295.330531876793,288.50810126236
65900,60.0876199999353,-391918.387696861,890686.285167615,498767.897470753,297.043950364387,292.889135251862,299.566290480767
66000,60.178799999935,-404739.267694738,903462.976253384,498723.708558646,301.304977906748,302.713279163099,300.115022920925
66100,60.2699799999347,-368664.224575797,867524.807788144,498860.583212347,289.319595727245,288.078709811925,289.905753341019
66200,60.3611599999345,-379015.571834879,877883.831284399,498868.25944952,292.77433092693,293.858697789233,291.807441076289
66300,60.4523399999342,-362555.006347002,861507.648830794,498952.642483791,287.312872713288,302.409157470033,277.00925548153
66400,60.5435199999339,-370928.678560175,869837.536239065,498908.85767889,290.090890858451,294.827863869238,286.691166442211
66500,60.6346999999336,-374177.457616869,873018.849522145,498841.391905276,291.1518591036,306.50336508178,280.674895235561
66600,60.7258799999334,-396606.595690876,895409.682316518,498803.086625642,298.61920370736,305.505795209565,293.779293369467
66700,60.8170599999331,-389848.606381796,888645.408845858,498796.802464062,296.363317940923,300.439033988449,293.399204477622
66800,60.9082399999328,-353649.477953995,852539.7269219,498890.248967906,284.322070008971,292.12424150208,278.883687288557
66900,60.9994199999325,-376091.064769383,874900.528199733,498809.463430349,291.779399099461,291.554081795214,291.686461136375
67000,61.0905999999323,-379102.270673898,878042.231285691,498939.960611792,292.827157340567,302.177528749729,286.349553770009
67100,61.181779999932,-376887.604072935,875767.525897418,498879.921824483,292.068542903924,290.049281977188,293.171326402663
67200,61.2729599999317,-368177.531636528,867081.580978861,498904.049342333,289.171779549395,286.502502949682,290.710320799579
67300,61.3641399999314,-388237.41205803,887056.317284559,498818.905226529,295.833355772739,301.769042689181,291.629703365302
67400,61.4553199999312,-367995.526815405,866912.786202821,498917.259387416,289.115486477512,289.101287153474,288.884023121474
67500,61.5464999999309,-377245.469077432,876060.798547671,498815.329470239,292.166349357236,296.888706013933,288.774639628307
67600,61.6376799999306,-363444.479821907,862378.083580272,498933.603758365,287.603162774811,295.904898829227,281.829002769555
67700,61.7288599999303,-376349.926907726,875112.878837221,498762.951929495,291.850218054768,295.221863418462,289.359245963925
67800,61.8200399999301,-372116.866196185,870935.107261791,498818.241065606,290.45693088604,290.831446434158,289.965206411556
67900,61.9112199999298,-388084.938173314,886872.296273903,498787.358100589,295.771984750343,292.89483088488,297.44361067336
68000,62.0023999999295,-367677.811826475,866575.439584347,498897.627757872,289.002981352125,289.410883479503,288.490210782746
68100,62.0935799999292,-367424.145870475,866330.562992703,498906.417122229,288.921314988395,292.427989101155,286.342764484066
68200,62.1847599999289,-388881.896752151,887690.21320685,498808.316454698,296.044760115674,310.710238262741,286.021070717532
68300,62.2759399999287,-397407.878808929,896177.069704586,498769.190895657,298.875127465261,301.243803715947,297.046947358584
68400,62.3671199999284,-386745.758296036,885491.306047091,498745.547751055,295.311424394561,301.526601454181,290.921880167819
68500,62.4582999999281,-385265.748369993,884026.689137497,498760.940767504,294.822974533099,308.72069238229,285.312143488194
68600,62.5494799999278,-377609.61873582,876431.48550719,498821.866771369,292.289973489141,301.215294983092,286.096184181933
68700,62.6406599999276,-383460.162972714,882276.016086939,498815.853114225,294.239124924775,298.99618823065,290.822550116755
68800,62.7318399999273,-387884.706733925,886749.365285585,498864.658551661,295.73098725549,296.222938626137,295.156577185678
68900,62.823019999927,-372404.44446242,871248.801529139,498844.357066719,290.561547950355,289.030578910417,291.340059353689
69000,62.9141999999267,-387629.900568005,886411.032500225,498781.13193222,295.618153243363,290.917384431565,298.505650656859
69100,63.0053799999265,-397853.758334989,896539.778819284,498686.020484295,298.996090985254,294.897953999024,301.479018900253
69200,63.0965599999262,-395586.397919732,894336.416364917,498750.018445185,298.261269423017,301.01892427789,296.174281795249
69300,63.1877399999259,-379787.757618329,878610.507011686,498822.749393358,293.016677342567,289.334894683756,295.227018550656
69400,63.2789199999256,-369352.428980397,868269.835641833,498917.406661436,289.568062578567,287.506848420456,290.700898631826
69500,63.3700999999254,-366554.06811498,865460.571718717,498906.503603737,288.631172825985,298.198071076308,282.012714681749
69600,63.4612799999251,-370474.884962725,869296.741830955,498821.85686823,289.910535878257,294.668111405288,286.497226747006
69700,63.5524599999248,-371574.678412726,870295.255975044,498720.577562318,290.243540428562,279.410194430306,297.223901477043
69800,63.6436399999245,-389807.713562005,888541.38843001,498733.674868005,296.328627123565,296.400139458774,296.034011710822
69900,63.7348199999243,-381629.174245161,880375.784265649,498746.610020488,293.605397453943,280.712473638825,301.956008832811
70000,63.825999999924,-379809.093595417,878657.874979246,498848.78138383,293.032474563697,294.588269653906,291.751084108089
70100,63.9171799999237,-366586.993061679,865518.231263814,498931.238202135,288.650402289083,293.470789507641,285.196268808135
70200,64.0083599999234,-373702.747299169,872595.868740018,498893.121440848,291.010794977495,300.659754607477,284.335646228359
70300,64.0995399999232,-368237.48770263,867171.352200957,498933.864498327,289.201718259449,290.558927055983,288.055910963209
70400,64.1907199999229,-387741.733121337,886522.216257628,498780.483136291,295.655233035727,289.007741480654,299.84051471158
70500,64.2818999999226,-361513.159503575,860307.630501357,498794.470997782,286.912666500369,283.47796473418,288.963373789078
70600,64.3730799999223,-390705.807740207,889413.743477911,498707.935737704,296.619557604773,295.747649607183,296.953646638495
70700,64.4642599999221,-367157.577838918,866061.707774109,498904.129935191,288.831651750578,284.34715936923,291.580620295019
70800,64.5554399999218,-370680.582453119,869579.90176064,498899.31930752,290.004969738416,294.64277847077,286.671426442064
70900,64.6466199999215,-351335.871284558,850322.863290861,498986.992006304,283.582745803189,278.60007515552,286.668207280132
71000,64.7377999999212,-383458.01230359,882300.185763255,498842.173459665,294.247185513842,296.088750728605,292.774269382738
71100,64.828979999921,-370864.669923383,869678.336304502,498813.666381119,290.037797667001,293.69687371733,287.356715468725
71200,64.9201599999207,-378812.715610765,877580.840999902,498768.125389137,292.673283641788,289.616311685548,294.467370542913
71300,65.0113399999204,-376866.032289185,875693.92303427,498827.890745086,292.043996342928,291.340549610006,292.26959083459
71400,65.1025199999201,-356214.478207653,855134.9498839,498920.471676247,285.187577083175,294.353108771551,278.839566310022
71500,65.1936999999199,-366560.550263012,865381.480649208,498820.930386195,288.60479594771,292.568530060079,285.72180254284
71600,65.2848799999196,-375435.953332769,874340.387603974,498904.434271205,291.592592164073,300.036565224274,285.720282963801
71700,65.3760599999193,-383515.637551863,882300.047385891,498784.409834028,294.247139364979,305.397255800019,286.568522458816
71800,65.467239999919,-381362.425183326,880188.001413708,498825.576230382,293.542771857164,283.963828335096,299.684115228662
71900,65.5584199999188,-373670.949392769,872505.568451168,498834.619058399,290.980679823634,293.885262618491,288.801807393877
72000,65.6495999999185,-370935.765280118,869767.493582397,498831.728302279,290.067531626612,278.362479450491,297.629176801003
72100,65.7407799999182,-366289.182547333,865215.294397493,498926.11185016,288.549372818907,294.196515365884,284.54415331024
72200,65.8319599999179,-383666.000034757,882541.541471799,498875.541437042,294.327677662764,302.517745298783,288.622359507367
72300,65.9231399999177,-388309.324428998,887131.794735585,498822.470306587,295.85852750895,296.238575008598,295.358613736261
72400,66.0143199999174,-382329.260473172,881103.424546212,498774.16407304,293.848065548178,294.659313456107,293.062360221602
72500,66.1054999999171,-401687.886731251,900396.023948473,498708.137217222,300.282149057353,295.98505638202,302.896642383362
72600,66.1966799999168,-383551.295303273,882344.425653039,498793.130349766,294.261939520773,305.254115659693,286.688603811894
72700,66.2878599999165,-388374.203993132,887227.938696109,498853.734702976,295.8905915278,298.324819387108,294.021197461989
72800,66.3790399999163,-375007.119628794,873861.573723827,498854.454095033,291.432907695123,299.040011657442,286.118644297165
72900,66.470219999916,-388284.791381497,887090.535242841,498805.743861344,295.844767464679,299.240377201034,293.334490334221
73000,66.5613999999157,-397162.735586419,895839.074679816,498676.339093397,298.76240609632,291.881164320918,303.100931941508
73100,66.6525799999154,-400314.581952094,898991.302339125,498676.720387031,299.813674283517,307.97108113891,294.125558318019
73200,66.7437599999152,-365533.880759138,864283.067952319,498749.187193181,288.238475221717,276.881619504775,295.569513636994
73300,66.8349399999149,-382081.159763364,880891.665779207,498810.506015843,293.777443981727,288.68201073421,296.929584943419
73400,66.9261199999146,-362737.503678837,861630.845743052,498893.342064215,287.353958893797,278.103328897412,293.281583925643
73500,67.0172999999143,-377784.596733066,876637.824879563,498853.228146497,292.358787687031,292.459548195957,292.047981691341
73600,67.1084799999141,-380794.910639159,879552.90858747,498757.997948311,293.330968346663,303.825236827779,286.09034688563
73700,67.1996599999138,-382614.145059706,881365.839186386,498751.69412668,293.935580852555,292.818679692199,294.435235308749
73800,67.2908399999135,-407837.302241898,906527.641853498,498690.3396116,302.327044139903,304.907143190968,300.35503890241
73900,67.3820199999132,-404650.528754726,903404.817580252,498754.288825526,301.285581984409,296.979034764149,303.905542146263
74000,67.473199999913,-384472.323628205,883270.917748722,498798.594120517,294.57092471193,291.213328255914,296.563846578681
74100,67.5643799999127,-367568.841377944,866482.355504708,498913.514126763,288.971937803804,289.024819776414,288.695873207228
74200,67.6555599999124,-378403.299784192,877304.584996757,498901.285212565,292.581152241706,288.459201420948,295.085301828677
74300,67.7467399999121,-382558.281064959,881442.114500993,498883.833436033,293.961018676336,286.307185785606,298.81860642126
74400,67.8379199999119,-395259.236108576,893961.204744201,498701.968635625,298.136136316225,289.198815113526,303.845903671095
74500,67.9290999999116,-390250.919453908,889025.751906661,498774.832452754,296.490162383412,297.303240758466,295.701034998057
74600,68.0202799999113,-396687.782763898,895432.738473458,498744.95570956,298.626892937621,300.772429242857,296.947679656682
74700,68.111459999911,-380156.537038887,879025.79906304,498869.262024153,293.155177276318,295.499990991405,291.347672151864
74800,68.2026399999108,-371779.120785529,870613.404632258,498834.283846728,290.349643032269,283.192182268746,294.879325505424
74900,68.2938199999105,-373836.096016249,872747.667065202,498911.571048953,291.0614197316,303.191596023269,282.732084354043
75000,68.3849999999102,-383959.742565119,882758.829226004,498799.086660885,294.400143146908,290.960212968829,296.448096479672
75100,68.4761799999099,-378827.988723759,877681.821095663,498853.832371904,292.706960512144,288.785341416143,295.077450775717
75200,68.5673599999097,-381478.227799893,880224.852921327,498746.625121434,293.555061838028,286.124076092333,298.26442311696
75300,68.6585399999094,-365649.530542572,864480.77880572,498831.248263148,288.304411807811,294.465484844233,283.956776107022
75400,68.7497199999091,-380213.906462694,879041.217026704,498827.31056401,293.160319168486,288.066049420673,296.312198734387
75500,68.8408999999088,-376138.717262983,875009.081582416,498870.364319433,291.815601661636,294.212132619848,289.974734688112
75600,68.9320799999086,-380770.589757706,879626.174664186,498855.58490648,293.355402589357,290.308573948822,295.142158847556
75700,69.0232599999083,-390928.800385312,889715.124353496,498786.323968184,296.720068151908,285.423169348274,304.004067297536
75800,69.114439999908,-389283.411929603,888111.819237918,498828.407308315,296.185365762187,292.631140569976,298.308028085527
75900,69.2056199999077,-372027.048820416,870859.682507562,498832.633687146,290.431776724216,288.372400174225,291.562667943607
76000,69.2967999999074,-376399.343939568,875250.261488888,498850.91754932,291.896035180553,290.483906132255,292.594207850101
76100,69.3879799999072,-387881.909124775,886648.349497743,498766.440372968,295.697298481822,290.91124117306,298.641588938928
76200,69.4791599999069,-386223.516779618,885009.63611285,498786.119333232,295.150787431332,287.031385386042,300.317763138666
76300,69.5703399999066,-389027.56156911,887815.371634412,498787.810065302,296.086500461701,290.10372833679,299.828276461258
76400,69.6615199999063,-381256.606257529,880115.484761911,498858.878504382,293.518587547744,293.70510151848,293.149646077631
76500,69.7526999999061,-389160.34310426,887985.14213991,498824.79903565,296.14311893944,295.972996983166,296.009747644506
76600,69.8438799999058,-386112.436899803,884951.305850689,498838.868950886,295.131334284038,287.418480455377,300.027294057909
76700,69.9350599999055,-381795.811123525,880592.495548196,498796.684424671,293.677670684741,285.013168697352,299.209273950762
76800,70.0262399999052,-378560.028180778,877348.811089962,498788.782909184,292.595901647478,287.904412110903,295.479731420487
76900,70.117419999905,-365294.806089333,864094.199291029,498799.393201696,288.17548750743,284.060630445827,290.678579308909
77000,70.2085999999047,-391739.66481707,890477.721121442,498738.056304372,296.974394237599,286.560030208993,303.66982492814
77100,70.2997799999044,-391119.513131409,889910.183665223,498790.670533815,296.785120448632,304.100687297805,291.660754948809
77200,70.3909599999041,-383094.477006549,881921.460015437,498826.983008887,294.120880445368,299.500906186771,290.289095884063
77300,70.4821399999039,-379672.08325368,878568.534053526,498896.450799847,293.002679357521,287.993369419403,296.098050416802
77400,70.5733199999036,-373673.710580909,872568.51895581,498894.808374901,291.001673822181,302.788060288226,282.901581449968
77500,70.6644999999033,-373704.095021876,872502.189745229,498798.094723353,290.979553024922,289.713856092576,291.580868018965
77600,70.755679999903,-372791.24878347,871556.660514518,498765.411731048,290.664218947646,281.391313897918,296.60393546501
77700,70.8468599999028,-405599.272494037,904295.219064376,498695.946570338,301.582530953602,302.8653532699,300.475997300275
77800,70.9380399999025,-367808.288504095,866657.541806775,498849.25330268,289.03036245015,298.246872103334,282.645164045986
77900,71.0292199999022,-381018.129079408,879758.626086326,498740.497006917,293.399575149683,300.479183546333,288.435336572625
78000,71.1203999999019,-353151.28210454,852091.881364754,498940.599260214,284.172713478324,284.028598889484,284.031979276318
78100,71.2115799999017,-372272.208046669,871038.006596562,498765.798549892,290.491247822765,286.382460948862,292.988363032183
78200,71.3027599999014,-370906.100894923,869767.720738794,498861.619843872,290.06760738329,295.632411917159,286.116014687891
78300,71.3939399999011,-378663.690271887,877428.498556113,498764.808284226,292.622477424083,296.895482341795,289.529955414422
78400,71.4851199999008,-400132.302927088,898899.961593593,498767.658666506,299.783212137266,290.291077129435,305.861482799039
78500,71.5762999999006,-373674.746088213,872481.416861554,498806.67077334,290.972625266484,284.266914420291,295.200621976226
78600,71.6674799999003,-361235.808902919,860165.127450899,498929.31854798,286.86514172116,283.465469515331,288.892535573612
78700,71.7586599999,-371281.739469592,870200.615678604,498918.876209012,290.211977881809,301.123799653162,282.695586719339
78800,71.8498399998997,-379404.461808021,878298.912452466,498894.450644445,292.912760531087,288.869169662387,295.364393809778
78900,71.9410199998995,-375573.753799688,874359.255530685,498785.501730997,291.598884619205,295.071827375385,289.040590377901
79000,72.0321999998992,-384989.679270607,883767.843352438,498778.164081831,294.7366494422,285.80625054408,300.444634833078
79100,72.1233799998989,-384984.26303025,883759.986989794,498775.723959544,294.734029344604,290.069566326976,297.598059665234
79200,72.2145599998986,-372786.815954717,871641.390277985,498854.574323268,290.692476330827,293.133581983064,288.822828832393
79300,72.3057399998983,-373446.546029863,872300.156780878,498853.610751015,290.912175014467,291.934176371986,289.988413963607
79400,72.3969199998981,-356830.065621108,855722.515413162,498892.449792055,285.383530236172,295.752479438412,278.233077826149
79500,72.4880999998978,-379903.540811352,878762.348933218,498858.808121866,293.067316636057,295.935742774068,290.910809780187
79600,72.5792799998975,-375955.904154151,874760.333684017,498804.429529867,291.732644216781,286.797121778137,294.779881972363
79700,72.6704599998972,-392498.466898597,891267.371514387,498768.90461579,297.237742709484,290.572102492577,301.433804735164
79800,72.761639999897,-386568.308632428,885367.054350758,498798.74571833,295.269986443474,303.288239115449,289.67842634012
79900,72.8528199998967,-367451.456066528,866284.870838924,498833.414772395,288.9060766513,294.605710296896,284.865565823694
80000,72.9439999998964,-383029.234303637,881908.728892457,498879.49458882,294.116634614793,293.931191103124,293.99516642706
80100,73.0351799998961,-371361.703291219,870196.321387328,498834.618096109,290.21054573531,302.768079707124,281.597014299322
80200,73.1263599998959,-358876.5311065,857731.502912694,498854.971806193,286.053527734765,288.040136273588,284.490744102438
80300,73.2175399998956,-378468.522576982,877228.680750612,498760.158173631,292.555838169289,286.328250959315,296.46376644413
80400,73.3087199998953,-367303.124286969,866202.819899186,498899.695612217,288.878712656057,296.694366498312,283.427544500673
80500,73.399899999895,-367149.422395771,865944.375684365,498794.953288595,288.792521488866,289.856690308417,287.84241517459
80600,73.4910799998948,-353420.688810171,852351.531807422,498930.842997251,284.259306922602,289.715753051485,280.384793414245
80700,73.5822599998945,-387082.853660023,885879.901149322,498797.047489298,295.441020893554,293.370195476335,296.575370320955
80800,73.6734399998942,-363249.356565868,862167.607233316,498918.250667448,287.532968895553,291.610870100718,284.574757284697
80900,73.7646199998939,-392517.834740224,891325.582739024,498807.7479988,297.257156157754,300.145390395776,295.08395236894
81000,73.8557999998937,-387348.233072196,886175.368772677,498827.135700481,295.539559370578,298.935807715039,293.029110841461
81100,73.9469799998934,-388484.149781232,887319.132643403,498834.982862172,295.921004716826,300.196177308929,292.824288818161
81200,74.0381599998931,-378654.758027195,877476.656090038,498821.898062843,292.638537965662,295.674550662135,290.370664053043
81300,74.1293399998928,-374382.03759467,873291.353509064,498909.315914394,291.242739205958,291.657721226164,290.723382243147
81400,74.2205199998926,-370299.361136012,869138.287610412,498838.9264744,289.857691382495,300.155737901402,282.750778960406
81500,74.3116999998923,-374258.935397616,873159.209248686,498900.273851069,291.198669084104,288.908260835115,292.482942359192
81600,74.402879999892,-394400.760767789,893189.076460455,498788.315692666,297.87863146922,294.398761366066,299.950312678432
81700,74.4940599998917,-380017.108535743,878900.349174477,498883.240638734,293.113339728023,295.368024039889,291.365955737006
81800,74.5852399998915,-391922.481798221,890669.554087062,498747.072288841,297.038370547628,292.220264028287,300.002909585065
81900,74.6764199998912,-367246.120992501,866128.082390246,498881.961397745,288.853787690594,290.270088106516,287.668875923571
82000,74.7675999998909,-364518.417501964,863368.933595865,498850.516093902,287.933611337624,280.786652708603,292.458305747523
82100,74.8587799998906,-362365.700088799,861224.070674221,498858.370585422,287.218299374427,285.546167479529,288.093705388214
82200,74.9499599998904,-369132.36966808,867983.135419186,498850.765751106,289.472448030411,299.72633797727,282.395294359145
82300,75.0411399998901,-393313.822586874,892103.518676157,498789.696089283,297.516597857648,307.222216062708,290.798255222726
82400,75.1323199998898,-373766.980976452,872591.525573863,498824.544597412,291.00934653122,291.669205370015,290.326932849914
82500,75.2234999998895,-389600.637597184,888352.010325204,498751.37272802,296.265469509823,297.093806797778,295.466356759929
82600,75.3146799998893,-392312.574165761,891108.901827071,498796.32766131,297.184893055551,289.217665607947,302.248723943076
82700,75.405859999889,-395666.262315069,894441.844564631,498775.582249562,298.296429736412,302.232385810803,295.423878662038
82800,75.4970399998887,-375861.160871017,874733.27404434,498872.113173323,291.723619824692,294.602578649738,289.561210924808
82900,75.5882199998884,-365089.382419629,863984.515252839,498895.13283321,288.138907871549,290.239756116289,286.498226618497
83000,75.6793999998881,-380778.393317055,879622.106729518,498843.713412463,293.354045932806,299.612740205983,288.937121379078
83100,75.7705799998879,-390036.294175127,888832.916977789,498796.622802662,296.425851918556,296.124854473232,296.379495338839
83200,75.8617599998876,-379199.061045406,877961.165960641,498762.104915236,292.800122047904,296.466634509375,290.111780305217
83300,75.9529399998873,-375300.166068756,874071.706608308,498771.540539552,291.502987029618,303.263495335754,283.419729003002
83400,76.044119999887,-390266.389964968,889078.216555026,498811.826590057,296.507659348016,302.434802184856,292.309141073999
83500,76.1352999998868,-373099.02859012,871974.36122055,498875.332630431,290.803522167934,286.455495832838,293.459870122857
83600,76.2264799998865,-375316.880816184,874187.440184567,498870.559368383,291.541584186949,288.409719041623,293.386542963679
83700,76.3176599998862,-352649.361025968,851570.072746812,498920.711720844,283.998690260734,292.376601702734,278.17675039085
83800,76.4088399998859,-357618.929885884,856440.549528188,498821.619642304,285.622994673399,280.704269841787,288.664125398913
83900,76.5000199998857,-373939.161274437,872675.141650902,498735.980376465,291.037232499884,296.580271178806,287.099342353519
84000,76.5911999998854,-368270.002934783,867044.364938897,498774.362004114,289.159367996964,288.907540185124,289.08628706486
84100,76.6823799998851,-377899.072102362,876667.175366844,498768.103264482,292.368576076986,293.00771621105,291.698842174214
84200,76.7735599998848,-361281.847144425,860209.76943334,498927.922288915,286.880029826026,285.108151089097,287.822215625791
84300,76.8647399998846,-376025.058697836,874921.614105946,498896.555408111,291.786431250941,298.689445198564,286.941266593151
84400,76.9559199998843,-373635.297271849,872561.240883059,498925.94361121,290.999246584312,312.247459628013,276.591271849692
84500,77.047099999884,-376894.040108153,875704.047061792,498810.006953638,292.047372706951,294.227239111958,290.350755626358
84600,77.1382799998837,-365298.884058227,864173.869378381,498874.985320154,288.202057488204,286.437465389467,289.138283839455
84700,77.2294599998835,-367578.322915976,866346.263694193,498767.940778216,288.926551173651,279.583909593943,294.914206767478
84800,77.3206399998832,-361514.819622314,860462.43721981,498947.617597496,286.96429455388,283.969351983647,288.721786021906
84900,77.4118199998829,-372265.748371562,871129.418016121,498863.669644559,290.52173353881,300.755032295903,283.457432922799
85000,77.5029999998826,-356028.781986511,855026.165621466,498997.383634954,285.151297522583,289.868985602144,281.768546054939
85100,77.5941799998824,-355877.23889479,854765.80703149,498888.568136701,285.064467911119,292.17397044474,280.087245832113
85200,77.6853599998821,-364907.467405239,863871.302554675,498963.835149436,288.101151427272,287.989541544184,287.93547372314
85300,77.7765399998818,-377094.998217907,875876.687237554,498781.689019647,292.104948219961,297.208456216851,288.459188765185
85400,77.8677199998815,-390078.531832372,888955.95734261,498877.425510237,296.466885890482,291.131108680511,299.777014958887
85500,77.9588999998813,-371922.74537951,870710.231946076,498787.486566566,290.3819349495,292.167727245538,288.949421806351
85600,78.050079999881,-375730.702182336,874631.654700788,498900.952518451,291.689729765145,296.567204961864,288.195004859195
85700,78.1412599998807,-360189.31335023,859045.894056819,498856.580706588,286.491877290918,281.448066404882,289.615674650535
85800,78.2324399998804,-367609.650721277,866491.780694685,498882.129973408,288.975081105448,291.142537080312,287.289297887951
85900,78.3236199998802,-360993.57648968,859826.099863464,498832.523373785,286.752075992484,274.606687223271,294.6100417753
86000,78.4147999998799,-369964.263160601,868764.5124537,498800.2492931,289.733037336568,295.173381631815,285.864696941957
86100,78.5059799998796,-364943.215404483,863855.007748101,498911.792343617,288.095717107921,287.056492923579,288.54845346656
86200,78.5971599998793,-362945.672756048,861831.661502086,498885.988746038,287.420930966178,288.24266386362,286.633591592079
86300,78.688339999879,-370041.223251421,868944.647803954,498903.424552533,289.793112490897,286.365607778283,291.836621372231
86400,78.7795199998788,-368530.14993258,867377.484471049,498847.334538469,289.270463388711,296.609342850499,284.136818361361
86500,78.8706999998785,-375901.782126428,874746.962490742,498845.180364314,291.728184922709,305.497855758239,282.305297544919
86600,78.9618799998782,-381526.998145679,880352.278798407,498825.280652727,293.597558378658,292.655569327721,293.980886447301
86700,79.0530599998779,-366062.800274023,864891.820472687,498829.020198665,288.441494238015,298.310348847313,281.621889919951
86800,79.1442399998777,-377908.61787195,876748.20050659,498839.58263464,292.395597967847,282.198295028131,298.950136929352
86900,79.2354199998774,-383274.814477917,882117.993183368,498843.17870545,294.186424273259,300.572020323863,289.684204885962
87000,79.3265999998771,-381825.763574261,880728.473335906,498902.709761645,293.723019288279,300.394177763533,289.030811122037
87100,79.4177799998768,-368384.146758984,867222.621616738,498838.474857754,289.218816613886,280.945051854835,294.493644106075
87200,79.5089599998766,-373740.002439273,872540.134267891,498800.131828618,290.992207526393,280.809529719652,297.538165891282
87300,79.6001399998763,-391383.356377254,890159.564577818,498776.208200564,296.868289003775,295.120925109992,297.78580802546
87400,79.691319999876,-374223.92859176,873044.778544017,498820.849952256,291.160506434556,291.494086600436,290.69548590194
87500,79.7824999998757,-388607.496493569,887472.08827166,498864.591778091,295.972015431602,296.277452685082,295.521747249757
87600,79.8736799998755,-390606.569632645,889419.369877156,498812.800244511,296.62143400939,302.212443691897,292.64690969271
87700,79.9648599998752,-387587.246675926,886430.832087865,498843.585411939,295.624756407492,300.754856845898,291.958335484882
87800,80.0560399998749,-382700.535366133,881485.35378594,498784.818419807,293.975438981471,282.61953537804,301.301061851273
87900,80.1472199998746,-380668.221168713,879533.412171295,498865.191002582,293.324466290244,285.028698369019,298.610541182485
88000,80.2383999998744,-370999.025672652,869818.371210387,498819.345537734,290.084499319789,297.140392507509,285.138833445209
88100,80.3295799998741,-385246.824568339,884064.919090893,498818.094522554,294.835724225744,301.561928826905,290.105891388115
88200,80.4207599998738,-371824.652209636,870681.115189565,498856.462979929,290.372224508776,297.623401375633,285.296129743781
88300,80.5119399998735,-359802.603048208,858652.923772705,498850.320724497,286.360821668403,282.886260653486,288.438561660289
88400,80.6031199998733,-368566.870370671,867461.147583997,498894.277213326,289.298365043854,295.591533429013,284.861837482879
88500,80.694299999873,-386098.275245457,884900.767287278,498802.492041821,295.114479668927,300.100798975132,291.544338065066
88600,80.7854799998727,-385827.589909412,884603.076851618,498775.486942206,295.015199883814,299.407450394193,291.841186876993
88700,80.8766599998724,-384971.613543454,883740.797626181,498769.184082727,294.727629690239,293.765012530217,295.123768105511
88800,80.9678399998722,-360542.786384898,859404.173194077,498861.386809179,286.611363413066,290.682467162746,283.658451443767
88900,81.0590199998719,-379436.626983733,878337.069638359,498900.442654625,292.925485955764,302.703778869496,286.162519441646
89000,81.1501999998716,-387093.860338148,885901.544079235,498807.683741087,295.448238812485,306.847921372633,287.602243573376
89100,81.2413799998713,-382489.757917838,881294.459272085,498804.701354247,293.911775645184,288.435055681707,297.317995807797
89200,81.3325599998711,-397323.115979119,896031.426508691,498708.310529572,298.826555447287,291.813626709649,303.25281914284
89300,81.4237399998708,-376049.741317207,874906.239217679,498856.497900472,291.781303724422,290.789035770384,292.199664607344
89400,81.5149199998705,-381045.506509712,879849.369732227,498803.863222515,293.429838163157,294.523631077796,292.456118021596
89500,81.6060999998702,-381888.853801185,880790.052733585,498901.1989324,293.74355602254,290.982890588118,295.339213348802
89600,81.6972799998699,-383252.245351637,882071.184944093,498818.939592456,294.170813721558,288.940422348121,297.412598959082
89700,81.7884599998697,-381290.723422015,880172.088439809,498881.365017794,293.537464879043,293.882988504595,293.062501241275
89800,81.8796399998694,-384632.871015376,883407.105037996,498774.23402262,294.616343184258,292.334497003395,295.892060352179
89900,81.9708199998691,-395833.266211362,894583.932463265,498750.666251903,298.343816062453,293.915935967445,301.047116279073
90000,82.0619999998688,-384402.445840053,883160.371014316,498757.925174263,294.534057366789,300.836288319398,290.087125017243
90100,82.1531799998686,-396245.936035837,895031.154070651,498785.218034814,298.492964505803,297.788073090441,298.714147978956
90200,82.2443599998683,-365895.562392779,864827.263386752,498931.700993974,288.419964444473,303.355717368482,278.222445858097
90300,82.335539999868,-387153.403043637,886007.942984573,498854.539940936,295.483722856286,288.383260023209,299.97112830929
90400,82.4267199998677,-375193.703743908,874035.217562032,498841.513818124,291.490817929642,306.119174890929,281.495670940511
90500,82.5178999998675,-387770.959279886,886455.670761541,498684.711481655,295.633040107234,298.447794253856,293.510176476063
90600,82.6090799998672,-381070.922846823,879821.067276226,498750.144429403,293.420399291721,291.561862056653,294.41490711569
90700,82.7002599998669,-396686.550559215,895410.03658452,498723.486025305,298.619321855768,295.432207592604,300.495215262998
90800,82.7914399998666,-370226.297901051,869157.289248763,498930.991347712,289.86402843047,298.154807015267,284.095289350246
90900,82.8826199998664,-383405.469836309,882276.880054182,498871.410217873,294.239413057923,293.009557995982,294.814116921669
91000,82.9737999998661,-376962.891786587,875813.745815065,498850.854028478,292.083957250313,298.336855640179,287.671955026028
91100,83.0649799998658,-380344.00310703,879132.718557427,498788.715450397,293.190834936611,294.281371267805,292.219485020035
91200,83.1561599998655,-378807.138643775,877542.087224459,498734.948580685,292.660359254447,286.118434911519,296.77775851702
91300,83.2473399998653,-382080.211498463,880812.828807595,498732.617309133,293.751151845121,286.526618242949,298.322714953365
91400,83.338519999865,-380598.494484507,879382.248553878,498783.75406937,293.274053211231,297.235767292277,290.388515446191
91500,83.4296999998647,-362470.352591409,861346.768751516,498876.416160106,287.259219193435,301.80113456343,277.32522626411
91600,83.5208799998644,-363008.523547142,861917.778409111,498909.254861969,287.449650961851,298.331117408963,279.955798621308
91700,83.6120599998642,-371719.731386216,870620.225671411,498900.494285195,290.351917849395,304.613984890409,280.601913223845
91800,83.7032399998639,-374979.346353477,873785.471754206,498806.125400729,291.40752768191,294.110475752971,289.362722694801
91900,83.7944199998636,-391493.575468604,890207.838138997,498714.262670393,296.884388240452,296.457661871412,296.921468829612
92000,83.8855999998633,-392366.546318573,891079.922777082,498713.376458509,297.175228539964,298.985043026996,295.721039524826
92100,83.9767799998631,-372491.548542018,871303.068955932,498811.520413915,290.579646141715,293.208198752009,288.585128029734
92200,84.0679599998628,-368660.104488849,867528.836746896,498868.732258047,289.320939385325,289.953836188988,288.657907400061
92300,84.1591399998625,-367988.291756718,866905.497554777,498917.205798059,289.113055712782,291.406318524049,287.343286292176
92400,84.2503199998622,-372811.849615364,871664.055118585,498852.205503221,290.700035057057,295.832289016494,287.036282388219
92500,84.341499999862,-376803.085812713,875595.784820252,498792.699007538,292.011267240371,293.323618037906,290.893023985979
92600,84.4326799998617,-372254.09980857,871012.16963706,498758.069828489,290.482631194617,294.00294025282,287.89368962982
92700,84.5238599998614,-380925.86285143,879653.106796738,498727.243945308,293.364384457808,292.174126266964,293.913419597989
92800,84.6150399998611,-386208.230708138,885056.310691127,498848.079982988,295.166353407079,296.722806839129,293.882745824541
92900,84.7062199998608,-367124.075544549,866021.51533527,498897.439790721,288.818247568874,298.040668496491,282.429285077489
93000,84.7973999998606,-369399.607402595,868358.434608353,498958.827205758,289.597610341288,287.565245239081,290.711189067474
93100,84.8885799998603,-378516.257343395,877423.754018037,498907.496674642,292.620895120239,306.881057448917,282.87026948852
93200,84.97975999986,-375713.966097665,874498.978009997,498785.011912332,291.645482077704,284.36561466619,296.255689116982
93300,85.0709399998597,-385046.550075729,883833.423795335,498786.873719606,294.758520525374,313.219555491246,282.205531781023
93400,85.1621199998595,-387061.88380592,885857.88258875,498795.99878283,295.433677701767,286.433852935585,301.187366147804
93500,85.2532999998592,-390573.596830895,889413.894293671,498840.297462776,296.619607901841,307.54649180998,289.087835623164
93600,85.3444799998589,-376758.302147519,875536.61449047,498778.312342951,291.991533930455,300.083111104727,286.353822869332
93700,85.4356599998586,-373420.147584562,872334.877104231,498914.729519669,290.9237542452,294.839046618217,288.071122867984
93800,85.5268399998584,-379753.402465646,878505.725005313,498752.322539667,292.981732534705,308.338718986911,282.499590122788
93900,85.6180199998581,-357761.792899912,856648.924542701,498887.131642789,285.692487758113,281.831904776078,288.028132673003
94000,85.7091999998578,-391950.741499298,890704.257069762,498753.515570464,297.049943995252,292.425376384563,299.885447449049
94100,85.8003799998575,-370983.855837207,869848.873089984,498865.017252777,290.094671699178,295.237360371892,286.424467024286
94200,85.8915599998573,-369915.640515837,868748.439855355,498832.799339518,289.72767712368,278.96971964883,296.658209042644
94300,85.982739999857,-375350.398429653,874201.071517773,498850.673088119,291.54613023771,303.667071403539,283.222547685292
94400,86.0739199998567,-360911.726565316,859753.553610911,498841.827045596,286.727881811209,295.032211647572,280.952722018792
94500,86.1650999998564,-381186.096288064,880017.805378242,498831.709090178,293.486011465147,304.663213503452,285.789971763389
94600,86.2562799998562,-384942.414387013,883753.2176404,498810.803253387,294.731771766016,302.034053271016,289.617974286211
94700,86.3474599998559,-362956.21804227,861831.782400108,498875.564357838,287.420971285679,288.235376666363,286.638516889151
94800,86.4386399998556,-367786.644963177,866636.705810504,498850.060847327,289.023413643657,289.437262549701,288.506661528258
94900,86.5298199998553,-394065.800088082,892865.321226328,498799.521138245,297.770659071645,301.988652879664,294.710520983738
95000,86.6209999998551,-369190.739433924,867960.580260908,498769.840826984,289.464925883244,295.7468728312,285.035740479704
95100,86.7121799998548,-378975.636127969,877759.931024287,498784.294896317,292.733010179852,286.472222377697,296.662924539472
95200,86.8033599998545,-368901.082909517,867751.553682794,498850.470773276,289.395215502016,283.334428199152,293.194577691007
95300,86.8945399998542,-380668.921826273,879482.41593409,498813.494107817,293.307459040884,298.688843693846,289.475446389707
95400,86.985719999854,-378830.938905607,877655.533976891,498824.595071284,292.698193755842,279.490336111983,301.259517023617
95500,87.0768999998537,-384816.311080851,883649.913204273,498833.602123423,294.697319727955,298.426599458494,291.965552141157
95600,87.1680799998534,-369012.391522955,867783.772203418,498771.380680463,289.40596038133,282.397646181189,293.83699821444
95700,87.2592599998531,-380713.57093325,879478.102325655,498764.531392405,293.306020452111,291.169310522346,294.486072054911
95800,87.3504399998529,-387377.106949191,886085.772848945,498708.665899754,295.509679122543,297.001641649075,294.268779372253
95900,87.4416199998526,-406608.368802788,905304.469496174,498696.100693386,301.919116056753,301.035782087463,302.256406106232
96000,87.5327999998523,-361994.339175514,860897.066563437,498902.727387924,287.109243476217,279.215213285983,292.13267256681
96100,87.623979999852,-373555.300433883,872431.044425614,498875.743991732,290.955826054899,292.341027310432,289.789895362831
96200,87.7151599998517,-355018.835380521,853978.945355433,498960.109974912,284.802049476549,296.172913526337,276.984138402128
96300,87.8063399998515,-394711.465934304,893445.475067364,498734.00913306,297.964140426001,297.859888246181,297.78533842886
96400,87.8975199998512,-390541.432115514,889347.712648678,498806.280533164,296.597536317718,296.91725577701,296.137225397927
96500,87.9886999998509,-397850.81712271,896527.531424881,498676.714302171,298.992006478199,310.381313141212,291.149975364125
96600,88.0798799998506,-384424.290520621,883252.829832799,498828.539312178,294.564892390462,296.528357663228,293.010444798293
96700,88.1710599998504,-392438.159140329,891285.076880448,498846.917740119,297.243647450541,298.747680408704,295.993255772224
96800,88.2622399998501,-371395.198896199,870295.813046885,498900.614150686,290.243726212068,286.714093112348,292.354945173372
96900,88.3534199998498,-381417.853620349,880165.456481276,498747.602860926,293.535253120319,292.747786117666,293.815618411153
97000,88.4445999998495,-385855.13110307,884672.347526122,498817.216423052,295.038301659537,289.282251192003,298.62980338651
97100,88.5357799998493,-387729.015488688,886423.606392893,498694.590904205,295.622346637616,300.273935720683,292.274935293373
97200,88.626959999849,-391201.699125441,889960.593792892,498758.894667451,296.801932230412,304.120692959753,291.675423467327
97300,88.7181399998487,-371959.992255728,870750.692074228,498790.6998185,290.395428405612,299.362687753297,284.175259316817
97400,88.8093199998484,-359652.033926183,858531.471161411,498879.437235227,286.32031721241,285.422702503277,286.680126754154
97500,88.9004999998482,-368749.759848368,867624.325863227,498874.566014859,289.352785013583,283.272572292835,293.165132839902
97600,88.9916799998479,-380425.689632119,879250.459180272,498824.769548153,293.230101444146,283.964627175419,299.162725872094
97700,89.0828599998476,-390175.96654511,888950.709711726,498774.743166615,296.465135805144,294.161519874605,297.753825479001
97800,89.1740399998473,-396438.677097263,895176.201200488,498737.524103224,298.541337735697,284.143676250689,307.890994277589
97900,89.2652199998471,-386560.329490979,885366.403390573,498806.073899594,295.269769348198,292.77079968697,296.689690981227
98000,89.3563999998468,-390438.053657261,889233.866872214,498795.813214953,296.559568741775,294.70444681824,297.549183716848
98100,89.4475799998465,-365986.791590023,864864.660277854,498877.868687831,288.432436310773,293.22032149634,285.000152490137
98200,89.5387599998462,-372811.69700684,871628.433166868,498816.736160028,290.688155133189,290.846343505087,290.340456089314
98300,89.629939999846,-371360.974208635,870204.617501046,498843.643292411,290.213312489927,293.278031337881,287.928322164217
98400,89.7211199998457,-376847.546008385,875655.615338532,498808.069330146,292.031220723205,290.271569475676,292.960962204289
98500,89.8122999998454,-387971.955112313,886749.121956444,498777.166844131,295.730906105201,301.545282126948,291.60821300228
98600,89.9034799998451,-374867.215283804,873670.70258944,498803.487305636,291.369252155891,296.764791996258,287.529417885516
98700,89.9946599998449,-367329.257644183,866060.417271199,498731.159627015,288.83122136775,281.277007705715,293.626671124633
98800,90.0858399998446,-390940.239926949,889744.095210891,498803.855283942,296.729729935265,294.393576888252,298.039890524995
98900,90.1770199998443,-376518.830541447,875343.841548303,498825.011006856,291.92724413817,295.459159910817,289.329360919624
99000,90.268199999844,-368994.266309625,867823.930631579,498829.664321954,289.41935322047,287.3395548918,290.564702645233
99100,90.3593799998438,-388510.37698103,887325.01325978,498814.63627875,295.922965902878,293.785635197004,297.101250568541
99200,90.4505599998435,-388151.937991892,886937.048418567,498785.110426675,295.793579595987,287.505419479649,301.072525023882
99300,90.5417399998432,-383436.299016998,882239.730316515,498803.431299517,294.227023617314,304.789639043414,286.940090813566
99400,90.6329199998429,-382591.16919354,881428.541009782,498837.371816242,293.956491915885,287.896433067914,297.751567404603
99500,90.7240999998427,-389999.294562982,888796.902410369,498797.607847387,296.413841057318,304.508600422211,290.770323279842
99600,90.8152799998424,-390496.069738148,889266.835931299,498770.766193151,296.570563925729,296.279925210811,296.517180932403
99700,90.9064599998421,-370023.677992628,868847.450607158,498823.77261453,289.760697217661,281.601391437495,294.958767156757
99800,90.9976399998418,-372718.454736263,871523.10842803,498804.653691768,290.653029324005,290.252539614437,290.677811605948
99900,91.0888199998415,-353694.257694755,852606.170391446,498911.912696692,284.344228911605,282.761821945195,285.162213365118
100000,91.1799999998413,-377766.091921038,876582.401034554,498816.309113516,292.3403038301,288.835341779087,294.433328277583
100100,91.271179999841,-367810.76312771,866627.427943586,498816.664815876,289.020319474266,283.152776289843,292.69116466432
100200,91.3623599998407,-376951.423610705,875672.908431114,498721.484820409,292.036987971024,282.951909306456,297.850342924092
100300,91.4535399998404,-389844.495186784,888617.049977502,498772.554790718,296.353860255962,293.260591688502,298.169077750722
100400,91.5447199998402,-383035.609412501,881835.714305876,498800.104893375,294.092284244081,295.051454944483,293.207760206943
100500,91.6358999998399,-370991.482687538,869893.692771831,498902.210084293,290.10961906681,304.815107754261,280.064201925954
100600,91.7270799998396,-379080.277594242,877953.620012677,498873.342418435,292.797605473629,285.665072360237,297.308629544662
100700,91.8182599998393,-373205.281218412,872052.627345307,498847.346126896,290.829623927066,294.429486132459,288.187357770198
100800,91.9094399998391,-377640.641593006,876404.975693489,498764.334100483,292.281132464062,286.500812959018,295.89111119037
100900,92.0006199998388,-382909.365201559,881696.287788079,498786.92258652,294.045785488771,291.661091714549,295.390543183678
101000,92.0917999998385,-390921.704723472,889692.514663462,498770.809939991,296.712527818397,293.847907125955,298.375014506843
101100,92.1829799998382,-394713.514785293,893533.317701223,498819.80291593,297.993435951717,293.313890566368,300.864805011991
101200,92.274159999838,-390773.261681787,889623.474155095,498850.212473308,296.6895028031,304.001884451264,291.567340451987
101300,92.3653399998377,-382134.102486402,881014.188043387,498880.085556984,293.818305167046,295.846889304643,292.221067154341
101400,92.4565199998374,-383403.023874893,882233.142899973,498830.11902508,294.224826713348,297.472739040608,291.814364472913
101500,92.5476999998371,-371072.212523766,869896.705743661,498824.493219895,290.110623893167,287.458233443803,291.637125339498
101600,92.6388799998369,-379313.362063191,878067.893861914,498754.531798723,292.835715811877,285.651757756116,297.380991419208
101700,92.7300599998366,-395057.159309674,893862.003208951,498804.843899276,298.103052595948,304.068101160246,293.877934342587
101800,92.8212399998363,-389246.973957887,888095.854223793,498848.880265906,296.180041428645,301.651232107356,292.285764274981
101900,92.912419999836,-379891.662963223,878771.726471321,498880.063508098,293.070444045796,293.670422666236,292.426232928799
102000,93.0035999998358,-366840.775072081,865724.116252886,498883.341180805,288.719064950104,299.862206327988,281.049704810723
102100,93.0947799998355,-389106.218146112,887884.582026831,498778.363880719,296.109582133344,291.489961769312,298.942571057588
102200,93.1859599998352,-373847.915675414,872612.981374256,498765.065698842,291.01650204244,292.981303762759,289.464120477192
102300,93.2771399998349,-378344.357107135,877150.669810695,498806.31270356,292.529821514322,301.415961225173,286.361953522492
102400,93.3683199998347,-377348.319322566,876160.596092242,498812.276769676,292.199631846671,289.851468258405,293.52157454564
102500,93.4594999998344,-368888.810813233,867776.295725381,498887.484912148,289.403466975281,288.468318422085,289.785729788267
102600,93.5506799998341,-361570.572212337,860447.832172412,498877.259960075,286.959423769355,290.752687985868,284.191448105206
102700,93.6418599998338,-363072.85175128,861950.315422499,498877.46367122,287.460502058529,288.336142746484,286.63719118151
102800,93.7330399998336,-371925.507432406,870736.157560502,498810.650128096,290.390581144073,274.19362262041,300.946561342228
102900,93.8242199998333,-367855.241775,866682.864526828,498827.622751828,289.038807579399,282.725335182209,293.006923504542
103000,93.915399999833,-347902.394316248,846756.045358732,498853.651042484,282.39321172544,285.968144621655,279.774595451525
103100,94.0065799998327,-363381.96054428,862251.403602098,498869.443057818,287.560914991529,287.320546664558,287.481526447015
103200,94.0977599998324,-377088.677996872,875992.319851965,498903.641855093,292.143511706508,303.425449052663,284.378767215984
103300,94.1889399998322,-374162.968807649,873031.324835188,498868.356027539,291.15601962154,279.899779289324,298.417549826666
103400,94.2801199998319,-369822.424661052,868676.486650191,498854.061989138,289.703680723759,287.625601264191,290.847647296201
103500,94.3712999998316,-372654.858990655,871486.524535035,498831.66554438,290.640828592641,293.571929993265,288.444560301732
103600,94.4624799998313,-380471.182729539,879317.140126009,498845.95739647,293.252339545109,301.698982035904,287.376867601625
103700,94.5536599998311,-368745.654206979,867587.727744431,498842.073537452,289.340579537913,286.173957556723,291.210543709092
103800,94.6448399998308,-366251.162625035,865134.451362104,498883.288737069,288.522411659865,285.572495136971,290.248587332077
103900,94.7360199998305,-378868.066893625,877686.550829315,498818.48393569,292.708537878711,291.974035295816,292.954282485741
104000,94.8271999998302,-375673.045290385,874456.19459989,498783.149309505,291.631213806867,299.713372447748,286.000082034773
104100,94.91837999983,-382944.284789562,881721.762851495,498777.478061933,294.054281424544,295.83927698163,292.619239151966
104200,95.0095599998297,-379337.190349688,878101.187455802,498763.997106114,292.846819228215,290.727087626581,294.015934613281
104300,95.1007399998294,-370306.673415865,869158.372792949,498851.699377084,289.864389792546,290.749168098724,289.032983930267
104400,95.1919199998291,-370899.106728686,869752.707600033,498853.600871346,290.062600500261,289.213921748137,290.386667501259
104500,95.2830999998289,-370731.040535798,869644.992612482,498913.952076684,290.026677542932,295.296615112589,286.271696931875
104600,95.3742799998286,-371728.330689215,870540.547089959,498812.216400744,290.325345035838,290.55822016153,289.928157164513
104700,95.4654599998283,-382589.581040656,881433.588543942,498844.007503286,293.958175268948,296.948580562093,291.719606594127
104800,95.556639999828,-402899.599232548,901622.350030654,498722.750798105,300.691128908005,308.745599980452,295.070905585617
104900,95.6478199998278,-385996.848623447,884796.282734727,498799.43411128,295.07963406194,290.722878000592,297.738238407787
105000,95.7389999998275,-381339.777428705,880160.032234969,498820.254806264,293.533444133723,281.78218951065,301.123002678994
105100,95.8301799998272,-375714.695928802,874571.623421815,498856.927493013,291.669709328603,310.090327969629,279.146238810144
105200,95.9213599998269,-387080.860646644,885906.300032891,498825.439386247,295.449824923425,311.94717916111,284.205380577533
105300,96.0125399998267,-380129.395815728,878948.823365933,498819.427550205,293.129505874915,301.045312741485,287.608026708972
105400,96.1037199998264,-380198.899442446,878995.623677407,498796.724234961,293.145113782694,286.799927688605,297.130950250601
105500,96.1948999998261,-377854.095051826,876627.403914433,498773.308862607,292.355312294291,294.797013957143,290.483881758812
105600,96.2860799998258,-390145.786051422,888957.672450946,498811.886399524,296.467457879255,301.042772488588,293.170191924801
105700,96.3772599998256,-370120.97566856,868898.89491597,498777.919247411,289.77785389894,287.601016210407,290.987597479712
105800,96.4684399998253,-374780.782343253,873621.798235005,498841.015891751,291.35294254961,297.360292697833,287.105248332004
105900,96.559619999825,-375022.884254895,873838.387277422,498815.503022528,291.425175013314,286.389629460913,294.539351069071
106000,96.6507999998247,-375049.673001785,873917.66439159,498867.991389804,291.451613937499,299.747036299145,285.67845601812
106100,96.7419799998245,-385692.272830601,884467.619203302,498775.346372701,294.970024746807,306.783956069633,286.848262177634
106200,96.8331599998242,-391133.51087674,889977.398619432,498843.887742692,296.807536641465,297.295806119492,296.234684042246
106300,96.9243399998239,-390846.427311974,889656.654448809,498810.227136834,296.70056843382,305.929467456589,290.300718611613
106400,97.0155199998236,-375355.347908274,874266.365227949,498911.017319675,291.567905695497,295.648253800579,288.604700370696
106500,97.1066999998233,-377338.417614188,876188.421661739,498850.004047552,292.208911676418,293.192356545371,291.309774337386
106600,97.1978799998231,-383260.246882386,882141.234326885,498880.987444499,294.19417519656,298.204045630096,291.275766428206
106700,97.2890599998228,-381701.904785115,880491.430599462,498789.525814346,293.643965515912,293.670744527337,293.381409537031
106800,97.3802399998225,-383254.558733382,882119.209944217,498864.651210835,294.186830063104,298.043413892402,291.370618485187
106900,97.4714199998222,-367346.448305837,866262.3967031,498915.948397263,288.898581525129,282.826370423184,292.705973441822
107000,97.562599999822,-375895.010885865,874850.665924399,498955.655038534,291.76277002648,289.568605398579,292.982410803392
107100,97.6537799998217,-378166.352190457,877066.55574089,498900.203550432,292.501769465029,298.729224312068,288.106381425782
107200,97.7449599998214,-382656.564347407,881440.175738657,498783.611391251,293.960372098935,296.209099508544,292.216253515782
107300,97.8361399998211,-383399.54780151,882165.485067743,498765.937266233,294.202262820658,293.978922851249,294.105987581247
107400,97.9273199998209,-373605.894376418,872419.880560975,498813.986184557,290.952102905111,288.409142026105,292.404950072027
107500,98.0184999998206,-372694.728287865,871550.072670662,498855.344382798,290.662021901171,304.751161931674,281.027043529251
107600,98.1096799998203,-373708.785552782,872591.809016366,498883.023463584,291.009441059318,299.948392016659,284.807632553541
107700,98.20085999982,-378144.481555546,877031.53617017,498887.054614623,292.490090435274,305.214674856897,283.763292412164
107800,98.2920399998198,-390049.578757025,888871.15772669,498821.578969665,296.438605211502,282.153436710242,305.715018707999
107900,98.3832199998195,-361972.389479885,860805.222745064,498832.833265179,287.078613555132,293.047577530167,282.86007206048
108000,98.4743999998192,-382524.352039058,881249.095470663,498724.743431605,293.896646813628,303.703332026486,287.113942799379
108100,98.5655799998189,-380906.089619365,879669.015045894,498762.925426529,293.369689860228,303.65758939178,286.266615430977
108200,98.6567599998187,-411805.950068005,910568.640024493,498762.689956488,303.674717366848,301.283642771846,305.015704832377
108300,98.7479399998184,-378856.426893517,877749.907934862,498893.481041345,292.729667478693,297.629434489341,289.219214748696
108400,98.8391199998181,-374038.485378703,872953.337719591,498914.852340889,291.130010911986,297.559575543372,286.601026148635
108500,98.9302999998178,-386099.514897951,884927.703646881,498828.18874893,295.123462947101,294.19369918153,295.497369238358
108600,99.0214799998176,-384334.349351425,883110.554417185,498776.20506576,294.517443527492,293.049879202043,295.250388541518
108700,99.1126599998173,-375071.324282499,873813.03876975,498741.714487251,291.416721283892,293.847444678237,289.553391753258
108800,99.203839999817,-370581.238521672,869391.445338461,498810.206816789,289.942119505906,295.956363386642,285.691005152495
108900,99.2950199998167,-374256.164661983,873094.477385062,498838.312723079,291.177081002189,290.680133741983,291.265731608157
109000,99.3861999998165,-375852.753393478,874746.703192516,498893.949799038,291.728098446729,294.47975062822,289.650556910361
109100,99.4773799998162,-379854.565814296,878717.634468196,498863.0686539,293.052404358244,287.043299415378,296.814263983192
109200,99.5685599998159,-373789.838203333,872679.235124734,498889.396921401,291.038597673748,301.06248122581,284.113476474312
109300,99.6597399998156,-367095.10988437,865925.325101764,498830.215217394,288.78616811798,291.237678016949,286.911173045237
109400,99.7509199998154,-379425.281444206,878244.658245658,498819.376801452,292.894666748594,290.498627294467,294.24794749572
109500,99.8420999998151,-377342.396851964,876095.73457429,498753.337722326,292.178000525026,284.382621977495,297.131437889609
109600,99.9332799998148,-392958.629383569,891815.756093601,498857.126710033,297.420629012373,305.464583672914,291.810142047835
109700,100.024459999815,-355126.713945374,854015.896159174,498889.182213799,284.814372572678,285.112247094839,284.378444247427
109800,100.115639999814,-370091.568936839,868981.342434725,498889.773497886,289.805350153318,296.101237251664,285.366587629294
109900,100.206819999814,-386176.001546858,885041.13706198,498865.135515122,295.161293000494,300.137300407252,291.597986985154
110000,100.297999999814,-373952.578016804,872724.737326134,498772.15930933,291.053772661709,293.954158037854,288.877637600394
110100,100.389179999813,-375378.23230561,874306.825819079,498928.593513469,291.581399306013,290.328585279789,292.173624157405
110200,100.480359999813,-382332.308299798,881122.604329154,498790.296029355,293.854462007388,298.241691295155,290.684763763868
110300,100.571539999813,-370141.240441601,869092.819075881,498951.57863428,289.842527622438,290.307201029856,289.291209911141
110400,100.662719999813,-391846.340594778,890640.700786071,498794.360191293,297.028747969342,292.350664811778,299.899946117744
110500,100.753899999812,-377197.181845384,876079.91110536,498882.729259976,292.172723396818,291.325831381823,292.493840803985
110600,100.845079999812,-363676.992218081,862566.447001125,498889.454783044,287.665981991371,293.664461882907,283.427273745354
110700,100.936259999812,-386261.215920835,885089.849717264,498828.633796429,295.177538675092,297.813002718337,293.174581364033
110800,101.027439999811,-355796.145448886,854691.121625839,498894.976176953,285.039560322107,287.794009183186,282.965728114453
110900,101.118619999811,-397863.752502976,896622.654189835,498758.901686859,299.023729928242,306.818861630527,293.577789018446
111000,101.209799999811,-368420.234877611,867297.29867055,498877.063792939,289.243721417559,284.963724186288,291.856016470557
111100,101.300979999811,-381335.191003554,880144.470618006,498809.279614452,293.528254333168,295.663756266234,291.859979499181
111200,101.39215999981,-372625.062980201,871532.063230267,498907.000250065,290.656015751298,297.071584285062,286.136756715663
111300,101.48333999981,-401079.375559099,899871.427385955,498792.051826856,300.107196060015,297.995358982491,301.26499811498
111400,101.57451999981,-363345.363135403,862243.512808152,498898.149672749,287.55828341109,286.112701613259,288.282372706801
111500,101.66569999981,-381230.510706192,879989.144570456,498758.633864265,293.47645308336,301.459350086342,287.909958037136
111600,101.756879999809,-363700.118010304,862572.498299714,498872.38028941,287.668000099955,288.300731290064,287.006455973132
111700,101.848059999809,-406466.512606669,905128.096860955,498661.584254286,301.860295768202,302.943322664821,300.88672759065
111800,101.939239999809,-373704.483986949,872565.179687797,498860.695700848,291.00056017602,300.879398565043,284.172167449858
111900,102.030419999808,-387554.992427517,886294.825314138,498739.83288662,295.579398137114,306.710173397636,287.912565131654
112000,102.121599999808,-375838.836911774,874779.655968351,498940.819056577,291.739088200217,283.240845948839,297.161467127636
112100,102.212779999808,-366326.270407956,865157.273880042,498831.003472086,288.5300229715,283.024505623284,291.9599261845
112200,102.303959999808,-369772.327941971,868633.189897108,498860.861955137,289.689241252996,292.244803852494,287.744125152288
112300,102.395139999807,-393684.182741522,892427.939624553,498743.756883032,297.624792270987,296.309013532586,298.253957436361
112400,102.486319999807,-386396.931292449,885171.181111378,498774.249818929,295.20466270181,298.024232095186,293.078945887308
112500,102.577499999807,-394871.168816797,893600.234605065,498729.065788268,298.015752744727,293.28909540882,300.918511174712
112600,102.668679999807,-376348.875681622,875194.64540448,498845.769722859,291.877487211766,297.192485488387,288.090923788009
112700,102.759859999806,-384280.905364491,883154.196339945,498873.290975454,294.531998112371,294.843630254843,294.078800018965
112800,102.851039999806,-378027.601917432,876937.879224948,498910.277307516,292.458855836234,297.09471920992,289.124564540581
112900,102.942219999806,-384436.805277866,883326.930783872,498890.125506006,294.589605063823,303.96348747535,288.094858785252
113000,103.033399999805,-372580.750926735,871371.347375057,498790.596448322,290.602417000186,291.861237160645,289.521034879047
113100,103.124579999805,-405173.398208978,903920.73679881,498747.338589832,301.457641086814,312.563874597304,293.802270712248
113200,103.215759999805,-385111.188487243,883843.910084696,498732.721597453,294.76201770375,300.998520790181,290.35871396471
113300,103.306939999805,-385607.082701636,884449.849764885,498842.767063249,294.964098637614,297.867695134669,292.782564224045
113400,103.398119999804,-383119.074585073,882009.275626474,498890.201041401,294.150166958971,283.431279407697,301.050966854021
113500,103.489299999804,-387066.467697366,885967.335871745,498900.868174379,295.470180380772,295.289041945397,295.344714187371
113600,103.580479999804,-373975.287173497,872898.955868602,498923.668695105,291.111874560147,296.889882202657,287.017276236341
113700,103.671659999803,-390839.665274885,889605.260160289,498765.594885403,296.683428434313,297.470264016109,295.911635189421
113800,103.762839999803,-370496.13402135,869318.991566626,498822.857545276,289.917956166959,292.330020865065,288.068314738083
113900,103.854019999803,-387316.915430865,886046.174564397,498729.259133533,295.496473091345,291.239425363219,298.088257849185
114000,103.945199999803,-370686.190496251,869528.670410002,498842.479913751,289.987884078707,284.681573447506,293.283767929441
114100,104.036379999802,-375931.838478656,874791.615740904,498859.777262248,291.743076785361,291.245190924885,291.83188146169
114200,104.127559999802,-370580.572232455,869483.949330226,498903.377097771,289.972969594873,289.153271022437,290.277791168499
114300,104.218739999802,-380844.701770968,879726.169424311,498881.467653343,293.388750850195,304.791491430154,285.542433171181
114400,104.309919999802,-378795.551451095,877582.225818119,498786.674367024,292.673745478779,280.10186750601,300.811102672725
114500,104.401099999801,-370780.375289594,869554.423717738,498774.048428143,289.996472808984,294.800520485267,286.552110630786
114600,104.492279999801,-391109.385641185,889838.015615443,498728.629974257,296.761052398013,293.698659329332,298.555346900136
114700,104.583459999801,-390458.180832875,889292.210137516,498834.029304641,296.579026225618,283.45286258159,305.082652799783
114800,104.6746399998,-378721.10219079,877562.78336573,498841.681174941,292.667261419286,296.543449597788,289.839246582436
114900,104.7658199998,-376506.646560953,875358.414349959,498851.767789006,291.932104168738,289.012904098106,293.634960795684
115000,104.8569999998,-368834.525258273,867705.874899325,498871.349641052,289.37998162392,296.365660382052,284.481712467146
115100,104.9481799998,-371736.070263495,870555.692829426,498819.622565931,290.330396141212,293.112871031706,288.233470884098
115200,105.039359999799,-378701.703484907,877485.489744717,498783.786259811,292.641483990234,292.999508354296,292.158933177535
115300,105.130539999799,-398264.951110977,897020.247538386,498755.296427409,299.156327343134,300.586951379245,297.953281046273
115400,105.221719999799,-392891.287730505,891624.725159957,498733.437429452,297.356920180076,286.26332843878,304.504850574124
115500,105.312899999799,-374702.99382388,873594.828114082,498891.834290202,291.343948012033,295.436438909319,288.372834123833
115600,105.404079999798,-372425.622381557,871265.66457218,498840.042190623,290.567171776615,294.160426759446,287.929529144913
115700,105.495259999798,-368822.12793433,867708.775839966,498886.647905637,289.380949087866,294.548939306931,285.694471484249
115800,105.586439999798,-394490.837613396,893213.649530365,498722.811916969,297.886826590083,298.541176144189,297.202354531855
115900,105.677619999797,-372430.192391552,871242.018939081,498811.826547529,290.559285956005,296.395361478416,286.426436202769
116000,105.768799999797,-369354.593696914,868091.529117607,498736.935420693,289.508597337871,286.092535164089,291.544714955944
116100,105.859979999797,-368631.262982,867515.897593043,498884.634611043,289.316624176436,289.606685712294,288.882152632384
116200,105.951159999797,-379079.352051675,877881.217403894,498801.865352219,292.773459197564,296.818897581009,289.832522392601
116300,106.042339999796,-379885.164903074,878748.427195569,498863.262292494,293.062673735391,290.660751647281,294.419736232684
116400,106.133519999796,-381629.519623535,880441.02279437,498811.503170836,293.627154508711,295.291501602854,292.272900483859
116500,106.224699999796,-375428.199794783,874231.605270481,498803.405475698,291.556313246784,294.965333286083,289.040669626212
116600,106.315879999795,-354979.090131121,853883.703750692,498904.613619571,284.770286393427,288.991197026776,281.719037399201
116700,106.407059999795,-372759.385635953,871587.619200476,498828.233564523,290.674543671995,280.666909925474,297.104070716615
116800,106.498239999795,-366794.64510789,865690.993384566,498896.348276676,288.708018470757,277.524871578771,295.922859716688
116900,106.589419999795,-383508.123673891,882322.458304687,498814.334630796,294.254613408266,302.310516045259,288.638799472431
117000,106.680599999794,-374193.532460969,873155.070646978,498961.53818601,291.197288860089,300.334469196499,284.863170895099
117100,106.771779999794,-381037.839364312,879808.218767728,498770.379403416,293.416114313066,279.271953119806,302.601041679978
117200,106.862959999794,-366641.042431644,865525.663833811,498884.621402167,288.652881051796,286.870308891583,289.600718424395
117300,106.954139999794,-398666.314380353,897424.849236677,498758.534856323,299.291262043247,305.572086676234,294.85463623622
117400,107.045319999793,-361631.298008723,860577.625658652,498946.327649929,287.002709907838,289.303604705546,285.229611117777
117500,107.136499999793,-375050.893261217,873963.842441438,498912.949180221,291.467014320973,284.013355352516,296.193231121344
117600,107.227679999793,-371676.509345187,870553.074449002,498876.565103815,290.329522911123,294.80506929632,287.103884051898
117700,107.318859999792,-383008.022421012,881831.670153017,498823.647732005,294.090935518765,301.75749559188,288.734819690423
117800,107.410039999792,-379479.629186279,878244.824176124,498765.194989844,292.894722086418,293.439789944813,292.287264579082
117900,107.501219999792,-381633.260648729,880453.571037709,498820.310388979,293.631339348911,280.315845889942,302.263642205432
118000,107.592399999792,-369086.460609571,867950.484597194,498864.023987623,289.461558978554,291.927710237056,287.576240173737
118100,107.683579999791,-374800.090406499,873635.703324949,498835.61291845,291.357579898265,288.451559399164,293.052128914417
118200,107.774759999791,-394142.727966593,892976.607344185,498833.879377592,297.807773001229,299.645338780042,296.334556004517
118300,107.865939999791,-382361.084199344,881172.145017152,498811.060817808,293.870983830966,302.023613215007,288.191005088413
118400,107.957119999791,-375793.394650114,874620.010558045,498826.615907931,291.68584644257,300.515716417719,285.556194920434
118500,108.04829999979,-392004.406068823,890824.406370806,498820.000301983,297.090013797167,292.099736192552,300.16929052208
118600,108.13947999979,-396539.771266206,895309.0316105,498769.260344294,298.585636688511,297.296920775064,299.195959266903
118700,108.23065999979,-379381.367559791,878146.988466218,498765.620906427,292.862093869007,295.721206347574,290.711967138406
118800,108.321839999789,-374989.722226332,873827.380168317,498837.657941985,291.42150414151,288.441025627563,293.165638564022
118900,108.413019999789,-366358.869000347,865247.004640915,498888.135640567,288.559948187732,281.400512861673,293.092438448282
119000,108.504199999789,-387108.940121061,885873.847391678,498764.907270618,295.439001964875,286.380389792851,301.231877577921
119100,108.595379999789,-377507.363359536,876279.703627439,498772.340267902,292.239354219589,290.77446370217,292.972415102687
119200,108.686559999788,-395287.065491709,893913.452591448,498626.387099739,298.120210969301,299.033384962707,297.262994797889
119300,108.777739999788,-367870.735510751,866729.88557025,498859.150059498,289.0544891013,289.231457917226,288.695631149767
119400,108.868919999788,-380741.546120279,879545.54213501,498803.996014731,293.328511634154,296.096640719267,291.238651817717
119500,108.960099999788,-361920.976802458,860860.426942832,498939.450140374,287.097024159691,292.799275286127,283.0562758886
119600,109.051279999787,-376585.7850348,875355.364211567,498769.579176767,291.931086947329,293.149602794629,290.87546714334
119700,109.142459999787,-383966.135875583,882752.039456298,498785.903580715,294.397878758145,294.210373704751,294.277550561444
119800,109.233639999787,-370737.105433342,869487.803266438,498750.697833096,289.974254882921,284.752097491327,293.214047931581
119900,109.324819999786,-385107.908837607,883857.387111327,498749.478273719,294.766512293256,292.984872857504,295.708633156845
120000,109.415999999786,-400460.404779974,899205.044043885,498744.639263911,299.884957159875,290.914353082767,305.615455746981
120100,109.507179999786,-387267.44703167,886071.876675891,498804.429644221,295.505044747671,296.959873191255,294.288904914658
120200,109.598359999786,-371241.153878413,870115.93412945,498874.780251037,290.183736578106,287.674467043593,291.614763153965
120300,109.689539999785,-372993.939942494,871937.001956948,498943.062014454,290.791062850408,304.044862735989,281.712870374312
120400,109.780719999785,-378651.487651128,877438.428845392,498786.941194263,292.625789176385,289.002256538717,294.797622777183
120500,109.871899999785,-397773.536165765,896512.928322253,498739.392156488,298.987136342256,301.349109236007,297.163331799469
120600,109.963079999784,-385309.089450812,883989.758798922,498680.66934811,294.810658262105,309.649299569494,284.672555175293
120700,110.054259999784,-386044.242923346,884839.228824978,498794.985901632,295.093956586619,288.574224749043,299.194532847847
120800,110.145439999784,-391033.499225098,889877.996499705,498844.497274606,296.774386026248,297.044761400706,296.346823788254
120900,110.236619999784,-381351.762639464,880280.387669609,498928.625030144,293.57358268121,286.565519714399,298.000980006849
121000,110.327799999783,-382117.785224583,880922.385875316,498804.600650733,293.78768913634,289.637371246467,296.309744655308
121100,110.418979999783,-385738.52252911,884507.1569089,498768.634379789,294.983210574921,297.592410746895,292.997924451459
121200,110.510159999783,-382233.982564011,880923.74113886,498689.758574849,293.788141116845,274.803927578711,306.19946002467
121300,110.601339999783,-369852.956331483,868650.587301472,498797.630969989,289.695043288802,293.975240267524,286.600166100245
121400,110.692519999782,-373904.631783365,872735.318947516,498830.687164151,291.057301633322,297.451448239088,286.551989478117
121500,110.783699999782,-380801.054105998,879657.905465745,498856.851359747,293.365984814322,291.907886124173,294.093578953742
121600,110.874879999782,-374045.396383937,872911.208220598,498865.811836661,291.11596072056,295.453380543681,287.981750871212
121700,110.966059999781,-378536.287612416,877376.893105326,498840.60549291,292.605267001943,298.614506810595,288.355269407007
121800,111.057239999781,-383754.364905268,882579.258592402,498824.893687135,294.34025632563,307.68339484628,285.199547098258
121900,111.148419999781,-383444.498975664,882155.522222634,498711.02324697,294.198940210984,293.149007119153,294.653729822028
122000,111.239599999781,-388770.941143797,887544.488838884,498773.547695087,295.996161026808,295.401161321223,296.146164029676
122100,111.33077999978,-384681.770938669,883498.081463193,498816.310524524,294.646683829646,295.968381471305,293.520013165348
122200,111.42195999978,-367472.28228238,866411.741669846,498939.459387467,288.948388083991,283.251351623354,292.505622067678
122300,111.51313999978,-413128.374991183,911895.462553263,498767.08756208,304.117212790816,315.030850032574,296.588023618985
122400,111.60431999978,-386152.057021037,884983.509440486,498831.452419449,295.14207418392,298.082997917828,292.935506632828
122500,111.695499999779,-391038.733127614,889760.726770093,498721.993642479,296.735276561645,301.72465677257,293.161743690561
122600,111.786679999779,-382157.686030502,881043.737194086,498886.051163584,293.828159811268,296.285407453082,291.945137916882
122700,111.877859999779,-387673.502116948,886497.703982132,498824.201865184,295.647058189805,288.593977281772,300.102739580002
122800,111.969039999778,-363647.433341462,862544.076958682,498896.64361722,287.658521580351,282.16347172054,291.082172718907
122900,112.060219999778,-376737.043603824,875532.139270328,498795.095666504,291.990041444165,284.983303960578,296.417874732019
123000,112.151399999778,-366659.945573965,865471.937803316,498811.992229351,288.634963416147,282.324533562001,292.601387516063
123100,112.242579999778,-357498.441367975,856345.591840122,498847.150472147,285.591326276512,289.641068209599,282.653505549224
123200,112.333759999777,-376231.91362718,875017.905365412,498785.991738232,291.818544394001,280.866397937863,298.876793244431
123300,112.424939999777,-379281.521860612,878112.608196471,498831.086335858,292.85062804618,287.649503247858,296.074002388355
123400,112.516119999777,-394908.58361828,893718.095248824,498809.511630544,298.055059279248,302.338585773311,294.950995733806
123500,112.607299999776,-358916.592890137,857816.081944351,498899.489054214,286.081734848875,284.023742102018,287.215328567739
123600,112.698479999776,-375776.973570355,874629.598344313,498852.624773958,291.689043970089,289.846614153302,292.674256311306
123700,112.789659999776,-370083.179865261,868938.419293622,498855.239428361,289.791035282182,309.221895411207,276.595636000096
123800,112.880839999776,-375921.712121156,874681.156832209,498759.444711053,291.706238730101,292.182067481031,291.14593103054
123900,112.972019999775,-386676.421127722,885454.458323891,498778.037196169,295.299135675802,296.637212964712,294.161001536798
124000,113.063199999775,-369776.505035181,868586.683054472,498810.178019291,289.673731217099,280.417879966608,295.602903941412
124100,113.154379999775,-356811.393530133,855700.631458435,498889.237928302,285.376231935446,291.229638574942,281.236147315836
124200,113.245559999775,-372347.35548248,871173.849239761,498826.493757281,290.536551355598,298.201786501727,285.184280798716
124300,113.336739999774,-379755.699640052,878553.652334641,498797.952694589,292.997716303032,291.998867971002,293.419450427466
124400,113.427919999774,-383373.684644637,882171.246076436,498797.561431799,294.204184117538,298.319850723985,291.215236226476
124500,113.519099999774,-375518.632274762,874356.625755461,498837.993480699,291.598007588948,288.875150524147,293.170247292492
124600,113.610279999773,-370185.724208853,869048.40034795,498862.676139097,289.82771397297,291.671948064469,288.35670148366
124700,113.701459999773,-379169.990732429,877962.313384774,498792.322652346,292.800504713948,285.223355454312,297.60793713311
124800,113.792639999773,-366125.042000471,864999.270345616,498874.228345144,288.477328779595,296.016841069975,283.210589478691
124900,113.883819999773,-366896.134355188,865732.023927088,498835.8895719,288.72170216011,284.191160782281,291.501461660194
125000,113.974999999772,-360328.947064054,859253.097283855,498924.1502198,286.56097958441,287.479905857332,285.709561252809
125100,114.066179999772,-361637.745167535,860389.028128575,498751.28296104,286.939812615833,276.340471310516,293.766923642198
125200,114.157359999772,-355090.844036718,853865.47722834,498774.633191622,284.764207846703,275.896298631188,290.438843817173
125300,114.248539999772,-376180.293935308,874932.824397731,498752.530462423,291.790169884186,292.840622783174,290.846709476623
125400,114.339719999771,-370649.940374997,869531.495308361,498881.554933364,289.988826182545,299.926483210624,283.122064142007
125500,114.430899999771,-363205.028939263,862086.925217075,498881.896277812,287.50606143641,288.923723354042,286.321365106793
125600,114.522079999771,-361733.337653347,860610.021379303,498876.683725956,287.013513883376,277.682999255772,292.99467904021
125700,114.61325999977,-366752.99563087,865507.276298942,498754.280668071,288.646748807384,288.220021858731,288.690694482479
125800,114.70443999977,-379032.814728883,877768.524811618,498735.710082735,292.735876208644,288.566356067689,295.271609739106
125900,114.79561999977,-372776.924758477,871554.330087748,498777.405329271,290.663441750124,301.490152126,283.203415298081
126000,114.88679999977,-377688.393365504,876469.528767542,498781.135402038,292.30266091964,291.642810743323,292.49897548642
126100,114.977979999769,-370616.478717255,869455.883737201,498839.405019946,289.963609717259,280.289371926525,296.171465236317
126200,115.069159999769,-364448.255633763,863253.23633024,498804.980696477,287.895026289892,289.03585740544,286.894559690951
126300,115.160339999769,-380634.166833018,879429.004496036,498794.837663019,293.28964632184,299.884906854791,288.648397927938
126400,115.251519999768,-390845.675509715,889610.031125427,498764.355615712,296.685019551585,292.632533066553,299.13943969198
126500,115.342699999768,-391247.41637132,889949.984969332,498702.568598013,296.798394186871,303.007111655624,292.411917212546
126600,115.433879999768,-393424.485694689,892171.173431459,498746.68773677,297.539160724182,305.957391852182,291.679057338246
126700,115.525059999768,-364696.782303064,863530.713495347,498833.931192283,287.987564947589,301.285083363499,278.88256303286
126800,115.616239999767,-376765.095445371,875627.872288317,498862.776842946,292.021968413646,299.593565242402,286.73088555413
126900,115.707419999767,-381002.36329645,879885.10935166,498882.74605521,293.441757329218,294.176745056873,292.707230713006
127000,115.798599999767,-382501.548886731,881275.604528617,498774.055641886,293.905487586666,300.749199934137,289.098091448696
127100,115.889779999767,-381101.158445008,879855.959105076,498754.800660067,293.432035719552,301.734897421628,287.6522678884
127200,115.980959999766,-371026.056387645,869819.943955355,498793.88756771,290.085023830367,289.191770569598,290.438788484354
127300,116.072139999766,-387406.821188641,886227.066176842,498820.244988201,295.556800459177,296.215252196182,294.87153530079
127400,116.163319999766,-363060.267664335,861954.863986725,498894.596322389,287.462019005077,273.414656808625,296.587375453542
127500,116.254499999765,-378510.490665156,877369.121410514,498858.630745358,292.602675141075,301.917299221359,286.149090191602
127600,116.345679999765,-384928.611479455,883739.31469196,498810.703212505,294.727135131552,299.243460323836,291.470645724087
127700,116.436859999765,-390919.142433617,889697.586883442,498778.444449825,296.714219404183,299.587265186469,294.55159369982
127800,116.528039999765,-395991.15652975,894658.573499714,498667.416969964,298.368708854332,300.964064609766,296.38983109333
127900,116.619219999764,-376877.678669546,875644.423628442,498766.744958896,292.027488286957,287.545231162344,294.772303463127
128000,116.710399999764,-376998.23553068,875804.364747779,498806.129217099,292.080828663591,281.726201151467,298.740512981122
128100,116.801579999764,-376671.655129588,875572.784462687,498901.1293331,292.003596619205,296.003006703895,289.093986898897
128200,116.892759999764,-365890.770527132,864735.87513446,498845.104607328,288.389486454714,284.288550626588,290.88311910142
128300,116.983939999763,-374244.234602737,873056.479792816,498812.245190079,291.164408802006,282.859677126371,296.458259578429
128400,117.075119999763,-408983.648765159,907624.707489511,498641.058724352,302.692915620981,291.614073449614,309.826566305541
128500,117.166299999763,-385661.029412318,884409.013292559,498747.98388024,294.950479670688,305.438949872109,287.712374136682
128600,117.257479999762,-387761.817181377,886480.964484153,498719.147302776,295.641475565834,293.823935042808,296.606801351546
128700,117.348659999762,-361458.60483234,860389.087436953,498930.482604613,286.939832395182,294.816346867056,281.44970622027
128800,117.439839999762,-383736.872433024,882566.613189518,498829.740756494,294.336039082714,295.422016209522,293.36677429894
128900,117.531019999762,-377790.653933213,876705.313908946,498914.659975733,292.381295283957,305.098465538416,283.659530701582
129000,117.622199999761,-400032.194366989,898780.66017184,498748.46580485,299.743425103165,296.893965999972,301.393278317707
129100,117.713379999761,-381637.161420264,880390.875760581,498753.714340316,293.610430468761,297.425967946702,290.822063458077
129200,117.804559999761,-388563.487217061,887257.895257446,498694.408040385,295.900582043504,303.015290989985,290.91085892748
129300,117.89573999976,-389958.523308072,888773.05725793,498814.533949859,296.405888696992,298.767029786973,294.584789729757
129400,117.98691999976,-374786.206699618,873633.182503346,498846.975803729,291.356739204051,292.236262562998,290.527593015416
129500,118.07809999976,-370763.445651624,869681.65914054,498918.213488915,290.038905833096,303.451553101886,280.855441899043
129600,118.16927999976,-383323.176298987,882171.533748643,498848.357449656,294.204280056243,300.038846856024,290.069398623008
129700,118.260459999759,-390053.448687826,888836.348060946,498782.899373121,296.426996185075,291.432602012354,299.5095698034
129800,118.351639999759,-398585.730497371,897303.115416402,498717.384919031,299.250663804036,295.648610687749,301.402656995058
129900,118.442819999759,-383174.609486673,881913.851894813,498739.24240814,294.118343136506,292.533245581251,294.929976220729
130000,118.533999999759,-382897.738011973,881697.537029608,498799.799017635,294.046202110925,294.037549098142,293.806932284354
130100,118.625179999758,-381149.360010592,880055.755122606,498906.395112014,293.498667708056,297.246817156985,290.75531918568
130200,118.716359999758,-357610.71654485,856521.04813133,498910.33158648,285.649840964259,289.719035636026,282.699002982277
130300,118.807539999758,-375525.094803549,874421.80783758,498896.713034031,291.619745818769,292.693163452611,290.661117608026
130400,118.898719999757,-389937.442459294,888736.628937499,498799.186478205,296.393739849091,300.775859040911,293.225332271337
130500,118.989899999757,-384019.320643869,882792.955677565,498773.635033695,294.411524321349,302.090859320593,289.046624718251
130600,119.081079999757,-362159.71389625,860970.493965067,498810.780068818,287.133731520783,283.368141708919,289.404846619091
130700,119.172259999757,-375379.332726887,874196.845849944,498817.513123057,291.544720977137,293.724893285452,289.848318837444
130800,119.263439999756,-369833.963964911,868720.064555676,498886.100590765,289.718213958871,292.12682092073,287.871044139334
130900,119.354619999756,-377747.010480295,876593.455631845,498846.44515155,292.343990539218,302.609797588537,285.256499180889
131000,119.445799999756,-373842.876813469,872709.762505059,498866.88569159,291.048778557632,292.212666493775,290.03031261807
131100,119.536979999756,-386675.260389258,885447.701163004,498772.440773746,295.296882162082,300.396303832191,291.651186980207
131200,119.628159999755,-363189.766970642,861998.035984541,498808.2690139,287.476416869949,285.336151401201,288.663696835055
131300,119.719339999755,-373758.554740005,872549.17006023,498790.615320226,290.995220963892,302.53748588537,283.057881665437
131400,119.810519999755,-365943.536582134,864864.337780136,498920.801198001,288.432328757757,279.571215108521,294.099377583283
131500,119.901699999754,-367808.906003563,866688.621958876,498879.715955313,289.040727683467,282.024114750861,293.477602365468
131600,119.992879999754,-361199.066320892,860097.09088572,498898.024564828,286.842451521001,283.533404102112,288.809447757325
131700,120.084059999754,-377479.859597259,876261.184455127,498781.324857868,292.233178074079,291.996883224478,292.14718032542
131800,120.175239999754,-372914.927815786,871715.164339318,498800.236523531,290.717079986432,288.961038768409,291.645509898459
131900,120.266419999753,-382781.950114287,881560.486750154,498778.536635867,294.0004958313,291.370904676847,295.508556187743
132000,120.357599999753,-360898.343158024,859815.293265823,498916.950107799,286.74847199127,272.027664613156,296.323386516686
132100,120.448779999753,-374242.699594141,873091.30135344,498848.6017593,291.176021795378,297.654481771459,286.614401793161
132200,120.539959999752,-347663.955505174,846646.707974216,498982.752469042,282.356747698588,277.081362551757,285.638373840061
132300,120.631139999752,-374470.254655292,873246.522525071,498776.267869779,291.227788069058,287.397240453929,293.538796655754
132400,120.722319999752,-376364.950095863,875226.481601662,498861.531505799,291.888104586181,293.014271554986,290.894086519822
132500,120.813499999752,-394172.232936365,892868.790887112,498696.557950747,297.771816203806,295.691729843957,298.910397263535
132600,120.904679999751,-375624.305255861,874460.876402482,498836.571146621,291.632775188422,291.703735673004,291.342440886043
132700,120.995859999751,-372109.41169798,870933.6079188,498824.196220819,290.456430855027,292.678612744136,288.732929236577
132800,121.087039999751,-368833.594727398,867718.417872764,498884.823145366,289.384164706608,281.773531662398,294.216766598827
132900,121.178219999751,-369003.395501667,867860.53014459,498857.134642923,289.43155916111,284.670199358838,292.364606063323
133000,121.26939999975,-376492.454362121,875309.218355535,498816.763993415,291.915697300495,299.211106073537,286.808828370717
133100,121.36057999975,-393285.738640661,892028.217779386,498742.479138725,297.491485002296,293.300429964166,300.037612123548
133200,121.45175999975,-380203.812159545,878915.707982287,498711.895822741,293.118461891708,293.180243168099,292.833008989204
133300,121.542939999749,-377263.960937796,876092.663406741,498828.702468946,292.176976290392,285.293802602512,296.522277935404
133400,121.634119999749,-378991.714047695,877820.352747312,498828.638699616,292.753160829519,296.72455935726,289.861600843666
133500,121.725299999749,-359027.385301927,857977.491757059,498950.106455132,286.13556503487,283.366554457386,287.743125782332
133600,121.816479999749,-376331.743634262,875060.656887792,498728.91325353,291.832802030279,285.25389114296,295.975548620133
133700,121.907659999748,-367226.72069408,866078.034910878,498851.314216799,288.837096852052,288.034200981138,289.131663185285
133800,121.998839999748,-370791.002380401,869492.863602051,498701.86122165,289.97594250527,282.04713322153,295.020168742342
133900,122.090019999748,-354082.369472865,852936.015329056,498853.645856191,284.454232225798,296.626448425929,276.102376232189
134000,122.181199999748,-372791.596029629,871551.138616352,498759.542586723,290.662377394148,287.132062685362,292.77370188551
134100,122.272379999747,-359982.640675333,858847.180340576,498864.539665243,286.425606249984,294.00136018724,281.136415619938
134200,122.363559999747,-364142.154246895,863011.050745868,498868.896498973,287.814257377311,284.179253739571,289.997747921325
134300,122.454739999747,-374360.759583517,873187.62051819,498826.860934673,291.208144244852,290.582405058978,291.382630248565
134400,122.545919999746,-399802.26785428,898580.305471308,498778.037617027,299.676606793833,306.210226479837,295.071129830835
134500,122.637099999746,-377493.087858883,876230.794412077,498737.706553194,292.223042992189,285.27120936241,296.61407954288
134600,122.728279999746,-375204.108254215,874073.877234803,498869.768980589,291.503710933735,315.15539885211,275.492999229039
134700,122.819459999746,-361339.101361389,860157.630729638,498818.529368249,286.862641563995,288.281975836964,285.677366514044
134800,122.910639999745,-362251.745624947,861162.802152811,498911.056527864,287.197866317429,299.523449427926,278.741479355167
134900,123.001819999745,-380537.704976907,879309.078574504,498771.373597597,293.24965101701,296.913134525639,290.562953968744
135000,123.092999999745,-383608.816375833,882395.601480712,498786.785104879,294.279006663569,290.271862819098,296.705203387664
135100,123.184179999744,-376294.652546695,875049.881349536,498755.228802841,291.829208387372,296.163289478767,288.696629986119
135200,123.275359999744,-370489.406639463,869311.689112446,498822.282472983,289.915520797881,288.536948966662,290.592972418028
135300,123.366539999744,-375440.452355975,874285.130899378,498844.678543403,291.574164048483,291.650975202242,291.279978142603
135400,123.457719999744,-370930.718693821,869766.673960256,498835.955266435,290.06725828256,297.927659932849,284.585267800465
135500,123.548899999743,-381469.578588936,880304.224386599,498834.645797663,293.581532228314,294.748450234727,292.558935613848
135600,123.640079999743,-380819.903375681,879560.886365502,498740.982989821,293.333628936302,300.511586768343,288.303879024161
135700,123.731259999743,-369376.866975305,868176.202065986,498799.335090682,289.536835773215,282.965340448039,293.676551960189
135800,123.822439999743,-391772.126220687,890427.768409425,498655.642188738,296.957735003977,285.94998823738,304.048768069204
135900,123.913619999742,-390336.353656065,889157.622453569,498821.268797504,296.5341412218,302.492020379193,292.315109999188
136000,124.004799999742,-386743.0279154,885466.578825221,498723.550909822,295.303177864006,290.263020310607,298.417196918052
136100,124.095979999742,-378428.537754075,877328.333835041,498899.796080966,292.589072481254,292.925219304898,292.121150371758
136200,124.187159999741,-392348.031743281,891093.131509698,498745.099766417,297.179633653393,301.647844492606,293.95317673254
136300,124.278339999741,-393631.804019741,892381.098142527,498749.294122786,297.609170632825,310.844061761334,288.537902238292
136400,124.369519999741,-389306.987115551,888003.132425779,498696.145310227,296.149118701277,295.346878130367,296.437154816299
136500,124.460699999741,-383987.394300473,882678.290789834,498690.896489361,294.373283571731,299.459810184329,290.736954760355
136600,124.55187999974,-380525.963141791,879377.962491522,498851.999349731,293.272623809079,286.954764717744,297.240136016794
136700,124.64305999974,-388422.935427993,887171.298570396,498748.363142403,295.871702041153,293.452026517301,297.238259305352
136800,124.73423999974,-368946.05577359,867879.799878105,498933.744104515,289.437985618844,294.200400778239,286.021843857898
136900,124.82541999974,-398774.709961318,897439.951205871,498665.241244552,299.296298551232,294.549735710962,302.211260195953
137000,124.916599999739,-366857.730069687,865680.42704549,498822.696975803,288.704494595795,291.147504415397,286.835234303896
137100,125.007779999739,-408659.508282544,907254.361399845,498594.853117301,302.5694051692,312.335306666891,295.806662999765
137200,125.098959999739,-382039.493464447,880844.355682922,498804.862218475,293.761666060671,295.234926028026,292.534691360718
137300,125.190139999738,-400844.12983633,899565.111757636,498720.981921306,300.005039772431,305.331538007583,296.204036749188
137400,125.281319999738,-364484.419252895,863415.674314816,498931.255061921,287.949199371291,294.677097347301,283.223976387808
137500,125.372499999738,-384658.591453127,883477.10127761,498818.509824484,294.639686936005,288.309149032745,298.614512465731
137600,125.463679999738,-386616.921341671,885399.309789154,498782.388447483,295.280743634869,306.741573942394,287.394122810156
137700,125.554859999737,-396505.99339852,895238.302136396,498732.308737876,298.562048403,293.957563847181,301.382903066542
137800,125.646039999737,-394657.508228675,893399.335584301,498741.827355627,297.948752904553,299.488109245851,296.674224716267
137900,125.737219999737,-386086.041744167,884888.418411771,498802.376667604,295.110361317916,289.487487065768,298.613018851583
138000,125.828399999736,-376145.953215913,874972.093681559,498826.140465647,291.803266193617,304.064522719478,283.38592578788
138100,125.919579999736,-370054.572195764,868889.772353407,498835.200157642,289.774811523564,277.094044007556,297.987177524631
138200,126.010759999736,-375647.522996833,874524.247923956,498876.724927123,291.653909596117,282.958996114523,297.207473659183
138300,126.101939999736,-370707.291856373,869563.687816416,498856.395960043,289.999562386665,287.854374090253,291.188021615618
138400,126.193119999735,-378291.071083494,877113.250144454,498822.17906096,292.517342052511,301.195248345383,286.488306738886
138500,126.284299999735,-380250.793102372,879022.167207139,498771.374104768,293.153966052072,293.356949428058,292.774348829705
138600,126.375479999735,-389873.346281299,888668.595901414,498795.249620115,296.371050825884,292.976562338126,298.387067275368
138700,126.466659999735,-380851.844809033,879635.321352634,498783.476543601,293.358453010717,296.844284638744,290.79009988119
138800,126.557839999734,-369717.564661106,868628.667046517,498911.102385411,289.687732881947,277.199027085077,297.772130302458
138900,126.649019999734,-379881.255346578,878706.192677655,498824.937331076,293.048588520145,286.200180444087,297.369986747083
139000,126.740199999734,-382694.722346835,881494.641997111,498799.919650276,293.978536600671,299.696754214698,289.921409410818
139100,126.831379999733,-388248.80827185,886969.163822185,498720.355550335,295.804290085771,294.884245839589,296.171149341487
139200,126.922559999733,-384327.656707944,883118.95650438,498791.299796437,294.520245624272,288.917620138498,298.009895743435
139300,127.013739999733,-397229.150429968,896001.661142403,498772.510712435,298.816628695149,302.323736663149,296.229542859237
139400,127.104919999733,-384394.059722995,883191.604461812,498797.544738817,294.544473724133,298.865560205497,291.418295675119
139500,127.196099999732,-389074.963684963,887879.839179528,498804.875494565,296.108000393373,301.366540695676,292.355550191508
139600,127.287279999732,-393769.15468038,892589.974102033,498820.819421653,297.678830782736,293.972824687471,299.901435820593
139700,127.378459999732,-378741.268262523,877582.400968757,498841.132706234,292.673803891531,302.615178817775,285.802325770791
139800,127.469639999732,-393316.610220744,892042.011424401,498725.401203657,297.496085184059,301.831958938958,294.357589276472
139900,127.560819999731,-375642.006940331,874419.911562162,498777.904621831,291.619113410759,296.295499550772,288.258506722909
140000,127.651999999731,-393990.228791579,892647.18912177,498656.960330191,297.697911996588,300.004870605685,295.911857997193
140100,127.743179999731,-366250.242562387,865125.674221922,498875.431659536,288.519484482882,290.825980264405,286.741387724799
140200,127.83435999973,-391454.394752969,890220.560967436,498766.166214466,296.888631304798,295.642268020433,297.472132968286
140300,127.92553999973,-359953.964196895,858828.005868431,498874.041671535,286.419211561925,282.157364495001,289.021760263574
140400,128.01671999973,-388331.288578234,887084.639495051,498753.350916817,295.8428012323,284.826561564771,302.940425342959
140500,128.107899999731,-382258.035575088,881060.97045269,498802.934877602,293.833907104449,291.000319320683,295.478104037706
140600,128.199079999732,-377977.607745908,876766.623176483,498789.015430574,292.401741929792,291.413128825713,292.817149214237
140700,128.290259999734,-375897.470629976,874721.431276669,498823.960646693,291.719670260687,290.293308406281,292.427478438406
140800,128.381439999735,-381638.556170083,880478.958984549,498840.402814466,293.639806231299,295.316925668565,292.277026767928
140900,128.472619999736,-382036.288985339,880896.49485291,498860.205867571,293.779054478209,302.272587216452,287.871883440648
141000,128.563799999737,-373379.445718658,872209.290264154,498829.844545497,290.881871023563,294.422883364343,288.278794570524
141100,128.654979999738,-374209.787451024,873073.825587509,498864.038136486,291.170193625983,283.741713799739,295.879871682124
141200,128.746159999739,-365551.860097403,864427.940671897,498876.080574494,288.286790285775,295.707963669329,283.0991023715
141300,128.83733999974,-378369.518673312,877225.516404007,498855.997730695,292.554782859432,298.25477770115,288.510990645903
141400,128.928519999742,-376126.253963571,874986.993532139,498860.739568568,291.808235295027,292.538010661156,291.078544854864
141500,129.019699999743,-389951.378558635,888810.49889537,498859.120336735,296.4183754862,290.904835741085,299.847053336704
141600,129.110879999744,-397516.095315436,896378.573523258,498862.478207823,298.942329005589,301.278659490157,297.135656741705
141700,129.202059999745,-383356.401272826,882202.765263564,498846.363990738,294.214695769073,296.040165623203,292.752536953178
141800,129.293239999746,-378991.509539174,877788.916606272,498797.407067098,292.742676873861,288.860760210399,295.086669085441
141900,129.384419999747,-375133.711645278,873975.25021324,498841.538567961,291.47081881382,291.470613005633,291.228063670266
142000,129.475599999748,-388258.957661045,887057.994251991,498799.036590945,295.833915041518,281.241996571035,305.315332425971
142100,129.56677999975,-376087.322642964,874976.582700261,498889.260057298,291.804763281728,289.661782801388,292.99024629922
142200,129.657959999751,-396945.275253393,895740.678168408,498795.402915015,298.729590851562,300.278912909874,297.447768153644
142300,129.749139999752,-379793.36473247,878626.41767403,498833.05294156,293.021983549785,300.147913697674,288.027178464901
142400,129.840319999753,-381811.105158973,880601.407323414,498790.30216444,293.680642762519,298.625133357107,290.139581830491
142500,129.931499999754,-386831.567403411,885647.216714616,498815.649311204,295.363420615179,292.137014196297,297.268222043922
142600,130.022679999755,-387763.77058539,886590.351055892,498826.580470502,295.677955996629,312.316940537126,284.338901339634
142700,130.113859999756,-378609.343757861,877424.700195382,498815.356437521,292.621210670463,295.423082730621,290.509444954798
142800,130.205039999758,-382076.533462452,880916.406131544,498839.872669092,293.785694891294,289.580912982613,296.344061418006
142900,130.296219999759,-388847.063307089,887618.479038671,498771.415731583,296.020836764606,302.74056440942,291.294334304094
143000,130.38739999976,-382987.660254213,881901.108523188,498913.448268975,294.114093221007,296.224521324995,292.462046073997
143100,130.478579999761,-374559.867683272,873404.264120343,498844.396437071,291.280394904233,284.074149447785,295.841824879444
143200,130.569759999762,-372100.589373974,870930.970364148,498830.380990174,290.455551230331,286.171530268236,293.06951891237
143300,130.660939999763,-378607.900026581,877412.487105161,498804.58707858,292.617137603856,291.234725378732,293.294898139268
143400,130.752119999764,-381763.18501225,880555.597080455,498792.412068205,293.665365042673,279.346528956816,302.966534629044
143500,130.843299999766,-383105.794592219,881891.533810202,498785.739217983,294.110900053427,295.736771270712,292.781893491862
143600,130.934479999767,-372224.032044885,871051.360819255,498827.32877437,290.495701457147,301.572613356134,282.869013773275
143700,131.025659999768,-377320.126231311,876144.57017943,498824.443948119,292.194287203412,277.153469744537,301.978003603327
143800,131.116839999769,-391261.766821273,890107.500387263,498845.73356599,296.850925591884,297.901178041347,295.903381520914
143900,131.20801999977,-395194.134602479,893991.464267203,498797.329664724,298.146227869669,302.006010686632,295.324584135135
144000,131.299199999771,-372731.781888035,871535.739915392,498803.958027356,290.657241926094,289.061220611193,291.479041767756
144100,131.390379999773,-379888.307437985,878724.65359216,498836.346154176,293.054745236672,293.392478692193,292.58537731196
144200,131.481559999774,-367707.938539247,866550.435498224,498842.496958977,288.994642487318,287.028208804454,290.064769407155
144300,131.572739999775,-365100.858217845,863952.635509988,498851.777292143,288.12827597465,291.464194809426,285.664223188153
144400,131.663919999776,-361707.371536499,860594.350714958,498886.979178459,287.00828771551,283.83641936096,288.883693045446
144500,131.755099999777,-374461.184666672,873353.386220471,498892.201553799,291.263427120384,302.500483872724,283.529336429556
144600,131.846279999778,-362172.426510323,861071.086647065,498898.660136742,287.167279188616,286.563417755554,287.330547411334
144700,131.937459999779,-363584.008789934,862457.915041273,498873.906251339,287.629786573711,292.29097231814,284.282637921946
144800,132.028639999781,-358282.853077858,857164.773028178,498881.919950319,285.864523271028,290.542683743782,282.507529186467
144900,132.119819999782,-352569.861353765,851497.370518647,498927.509164883,283.97444406158,281.181704738786,285.599624906725
145000,132.210999999783,-359677.970091984,858592.571552593,498914.60146061,286.340694197964,279.907249061188,290.391040377315
145100,132.302179999784,-381409.020635547,880325.388167314,498916.367531767,293.588590350947,289.618395397578,295.9907298279
145200,132.393359999785,-389619.904286297,888470.125380216,498850.221093919,296.304860890517,310.08265145025,286.87274646662
145300,132.484539999786,-359011.480876234,857933.666934755,498922.186058521,286.120949452978,289.401970051027,283.695168263068
145400,132.575719999787,-378298.491407659,877130.688193432,498832.196785773,292.523157643299,295.931091178943,290.007432654833
145500,132.666899999789,-367643.267642827,866519.129920692,498875.862277866,288.984202074601,287.258850428265,289.893616337097
145600,132.75807999979,-383247.584877513,882071.469186018,498823.884308506,294.170908516264,294.346844326876,293.808475552093
145700,132.849259999791,-373545.181443307,872412.438485434,498867.257042127,290.949620972298,289.686386848035,291.549319037661
145800,132.940439999792,-374149.809788691,873006.642313992,498856.832525301,291.147787998663,287.999019448904,293.00434387517
145900,133.031619999793,-379914.261712325,878820.873127601,498906.611415276,293.086834459763,294.665285575281,291.790294687369
146000,133.122799999794,-369000.296780968,867835.993558615,498835.696777648,289.423376207642,297.040398764246,284.104175023066
146100,133.213979999795,-378347.658161333,877170.900455094,498823.242293761,292.536568435916,291.171353367254,293.202931341327
146200,133.305159999797,-397242.15074875,895958.090746707,498715.939997957,298.802097964551,293.700132405655,301.954406588846
146300,133.396339999798,-376716.663906813,875530.88486863,498814.220961817,291.989623101094,290.884294629352,292.483184063005
146400,133.487519999799,-391424.351866411,890185.704225347,498761.352358935,296.877006578405,297.849131629338,295.981525705635
146500,133.5786999998,-375155.484586033,874041.231683126,498885.747097093,291.492823639528,304.060843199022,282.871233246834
146600,133.669879999801,-394940.395471229,893716.285839922,498775.890368693,298.054455841228,304.782176191933,293.320930227557
146700,133.761059999802,-391728.571779279,890585.162342204,498856.590562925,297.010225893682,310.065789759628,288.059008128139
146800,133.852239999803,-392424.028273097,891188.598895921,498764.570622825,297.211472034658,297.054053589095,297.068741438339
146900,133.943419999805,-370422.618840553,869261.047804251,498838.428963698,289.898631917376,285.853143260956,292.354042161724
147000,134.034599999806,-378753.389571428,877500.773239975,498747.383668547,292.646581037177,280.68796483261,300.375119689358
147100,134.125779999807,-393435.395951328,892193.107010184,498757.711058856,297.546475574515,290.315300509058,302.119303555174
147200,134.216959999808,-373483.571294853,872277.123999707,498793.552704854,290.904493580026,283.766075074066,295.421018839348
147300,134.308139999809,-379464.491674131,878295.998360656,498831.506686524,292.911788681226,293.301848787069,292.407655453429
147400,134.39931999981,-361140.384622877,860037.211133246,498896.82651037,286.822481618558,283.52082205904,288.784569256888
147500,134.490499999811,-383698.461495389,882549.055108337,498850.593612948,294.330183461176,289.327339184096,297.420137826346
147600,134.581679999813,-378671.660851271,877506.578468671,498834.917617399,292.648517081431,297.98035024593,288.850087874196
147700,134.672859999814,-401250.517788337,899993.754636183,498743.236847846,300.147992208165,303.246176827661,297.832412468328
147800,134.764039999815,-372007.498039561,870823.01210851,498815.514068949,290.419547143075,283.287101940769,294.932494321993
147900,134.855219999816,-386929.173468189,885654.870481849,498725.69701366,295.36597314719,292.306926225356,297.15919945079
148000,134.946399999817,-371977.480611024,870864.608912775,498887.128301751,290.433419680765,296.338514878697,286.254661699076
148100,135.037579999818,-388060.254794484,886858.429151406,498798.174356922,295.767360063834,294.826386164475,296.148203196686
148200,135.128759999819,-364843.081274796,863789.396976863,498946.315702067,288.073835910243,296.460474954814,282.242681683936
148300,135.219939999821,-384550.83013241,883360.612807224,498809.782674814,294.600838021419,298.331607680764,291.868157550171
148400,135.311119999822,-386035.573892166,884857.016786775,498821.442894609,295.099888873362,296.117136319357,294.175807335305
148500,135.402299999823,-401462.093707371,900214.87171886,498752.77801149,300.221734773674,317.09542534359,288.722422948086
148600,135.493479999824,-378564.220861306,877359.654065453,498795.433204147,292.599517780708,292.410174640996,292.481913609032
148700,135.584659999825,-382375.37578884,881198.116229844,498822.740441005,293.879645232564,298.760106603219,290.381104614435
148800,135.675839999826,-378180.669517409,877045.07115526,498864.401637851,292.49460435393,289.838913885089,294.021319162862
148900,135.767019999827,-375914.021825094,874812.182192974,498898.16036788,291.749935698841,297.758996759624,287.500770045235
149000,135.858199999829,-389628.200697766,888405.720829471,498777.520131704,296.283381967474,299.441338217224,293.931174982666
149100,135.94937999983,-383242.780130116,882048.945467709,498806.165337593,294.16339685433,286.434769662167,299.070678818394
149200,136.040559999831,-383230.807215854,881978.883894616,498748.076678762,294.140031313862,287.260981416715,298.480947885867
149300,136.131739999832,-384531.241496894,883334.395932143,498803.15443525,294.592094691394,292.670502311481,295.627662865759
149400,136.222919999833,-392483.895751864,891216.15774805,498732.261996186,297.22066291414,300.925549316987,294.503054759813
149500,136.314099999834,-400964.784494638,899776.628738231,498811.844243594,300.075580703095,305.764030090996,296.033218127241
149600,136.405279999835,-383880.72821747,882696.693395618,498815.965178147,294.379420842294,299.267885547831,290.8751281879
149700,136.496459999837,-368927.325428324,867773.218218039,498845.892789715,289.402440626326,293.912116633,286.154821254688
149800,136.587639999838,-379536.014054559,878402.175038085,498866.160983527,292.947198612001,308.483060006263,282.345835016982
149900,136.678819999839,-373762.002056823,872539.914869893,498777.912813069,290.992134357143,290.828081139427,290.859009723656
150000,136.76999999984,-385194.523034721,883990.424078948,498795.901044226,294.810880133049,299.822929832154,291.223837933534
150100,136.861179999841,-385919.599670768,884670.50943866,498750.909767893,295.037688657215,299.996475588344,291.485965962583
150200,136.952359999842,-386022.024510836,884867.883539492,498845.859028656,295.103512936299,297.369013569809,293.34725958651
150300,137.043539999844,-371822.535820374,870638.920090782,498816.384270408,290.358152439814,291.533704631726,289.332485851506
150400,137.134719999845,-378324.806446152,877207.177391894,498882.370945741,292.548666797363,285.295461994433,297.140346110319
150500,137.225899999846,-375811.527106197,874645.594016903,498834.066910706,291.694378528232,301.550451551729,284.880584530462
150600,137.317079999847,-380852.255789881,879695.701767334,498843.445977453,293.378589884053,306.604410668464,284.316893869543
150700,137.408259999848,-385708.821314259,884511.431023814,498802.609709555,294.984635992601,288.686253894995,298.937736861011
150800,137.499439999849,-387746.551593134,886480.854794907,498734.303201773,295.641438984461,290.162352057447,299.047795736651
150900,137.59061999985,-374211.702198648,872987.176349781,498775.474151134,291.141296097976,284.247478589031,295.494556690526
151000,137.681799999852,-389111.539135886,887858.234681553,498746.695545667,296.100795291497,292.445544618444,298.290878410789
151100,137.772979999853,-362940.454062631,861860.239188337,498919.785125705,287.430461626926,282.955894577227,290.173980942036
151200,137.864159999854,-382537.687865782,881412.341669659,498874.653803877,293.951089434603,296.128806682014,292.254318695135
151300,137.955339999855,-379823.516106654,878705.522651863,498882.006545209,293.048365066488,297.84625715226,289.60556337175
151400,138.046519999856,-377743.406278401,876478.491041294,498735.084762893,292.305649838684,291.992824471127,292.27061204219
151500,138.137699999857,-389019.772693842,887690.653174193,498670.880480351,296.04490684482,287.910309076479,301.221267934677
151600,138.228879999858,-400912.897234651,899628.274824012,498715.377589361,300.026104660334,308.799525643033,293.927135584652
151700,138.32005999986,-373258.196930382,872058.883056027,498800.686125645,290.831710207113,285.713947834427,294.001192030397
151800,138.411239999861,-361256.719649784,860161.921775048,498905.202125264,286.864072627997,283.597735786839,288.802577128246
151900,138.502419999862,-385199.711480169,884100.381152483,498900.669672314,294.847550826241,297.887858924608,292.574972468307
152000,138.593599999863,-357016.775050658,855898.295832278,498881.520781619,285.442153020603,286.713513305428,284.356711036536
152100,138.684779999864,-365581.156283035,864406.593070488,498825.436787452,288.279670858925,281.091705354309,292.831414802954
152200,138.775959999865,-383670.216283032,882420.589284316,498750.373001285,294.287340098154,285.619689129166,299.820534627399
152300,138.867139999866,-387903.557264694,886600.566471921,498697.009207226,295.681362838726,283.302492968674,303.687541616397
152400,138.958319999868,-388771.992615153,887521.846377636,498749.853762483,295.988609764094,298.880232017438,293.814204420394
152500,139.049499999869,-361904.917361835,860763.855397941,498858.938036107,287.064817541418,300.299229656425,278.002655450128
152600,139.14067999987,-361112.659177738,860015.919463465,498903.260285727,286.815380844911,282.050587594065,289.752896861437
152700,139.231859999871,-376679.74454141,875539.13228582,498859.38774441,291.992373615414,292.362235355962,291.502472143703
152800,139.323039999872,-396661.972686525,895384.747450022,498722.774763497,298.610887927304,299.447591839644,297.804242912472
152900,139.414219999873,-375749.014181039,874476.969922498,498727.955741459,291.638142378689,295.682796932808,288.69867422396
153000,139.505399999874,-385973.087442892,884645.102086919,498672.014644027,295.029215303291,292.439452008953,296.509866486764
153100,139.596579999876,-368789.771203812,867656.572176893,498866.800973081,289.363539161879,293.112888215257,286.622836843659
153200,139.687759999877,-387587.997674597,886360.793545321,498772.795870723,295.601398547714,300.589216313303,292.029852205198
153300,139.778939999878,-374623.214455244,873571.290183411,498948.075728166,291.336098110192,288.014048125,293.308018018561
153400,139.870119999879,-378634.68593938,877461.991820533,498827.305881154,292.63364743056,299.885687135306,287.555092921203
153500,139.96129999988,-360295.722091837,859200.502282888,498904.780191051,286.543439147203,288.809895956175,284.793681741932
153600,140.052479999881,-373855.748012866,872575.114048219,498719.366035353,291.003873286049,287.9314927458,292.80962375181
153700,140.143659999882,-383255.90263795,882019.650512593,498763.747874642,294.153626984356,283.952132938134,300.709494992685
153800,140.234839999884,-398604.69758152,897258.111563644,498653.413982124,299.235655015389,295.627230523281,301.391908297614
153900,140.326019999885,-376331.552672074,875192.324797724,498860.77212565,291.876713289219,308.774501137889,280.368290795697
154000,140.417199999886,-370874.859584836,869763.132039976,498888.27245514,290.066077051851,287.900264793836,291.268230159652
154100,140.508379999887,-374605.641995218,873529.830405064,498924.188409846,291.322271270657,301.155319139952,284.524137465067
154200,140.599559999888,-381148.737429432,879966.247349662,498817.50992023,293.468816858316,293.842297531186,292.975272395688
154300,140.690739999889,-401566.884758895,900271.082070598,498704.197311704,300.240480930665,311.773414492351,292.301658155432
154400,140.78191999989,-385899.626476894,884631.489916929,498731.863440035,295.024675643465,305.73648504119,287.637615481944
154500,140.873099999892,-370817.579934613,869557.603686483,498740.02375187,289.997533328826,295.192846426541,286.292326652575
154600,140.964279999893,-387998.763404849,886782.030324024,498783.266919174,295.741881048532,283.574033964648,303.607327536916
154700,141.055459999894,-383803.289027335,882651.388112169,498848.099084834,294.364311526486,305.275150686572,286.845115160157
154800,141.146639999895,-370145.585812234,869041.211744291,498895.625932056,289.82531657305,298.99489185961,283.470745284865
154900,141.237819999896,-374908.97318315,873757.47243208,498848.49924893,291.398189905646,289.543703431844,292.391682396592
155000,141.328999999897,-367850.730756781,866670.520391823,498819.789635042,289.034690809346,281.065452811094,294.106653899174
155100,141.420179999898,-377314.199031698,876035.535100663,498721.336068964,292.157923995552,284.769570211826,296.840028248041
155200,141.5113599999,-366336.887242949,865123.730570752,498786.843327802,288.518836275055,288.63121194853,288.203486795843
155300,141.602539999901,-368728.494106712,867577.927914464,498849.433807753,289.337311293802,297.39720628255,283.722933541892
155400,141.693719999902,-365068.367186324,863955.984212049,498887.617025725,288.129392767066,291.481618569653,285.654467738036
155500,141.784899999903,-369910.644073411,868854.532379583,498943.888306171,289.763058989356,292.138270455147,287.938115463002
155600,141.876079999904,-372373.284985181,871240.194434158,498866.909448977,290.558677483461,290.845595398857,290.125266641961
155700,141.967259999905,-373817.157981241,872664.287537876,498847.129556636,291.033612652285,283.469111447883,295.834085444675
155800,142.058439999907,-380465.604383076,879216.033795974,498750.429412898,293.218620575612,287.790822043619,296.592804079796
155900,142.149619999908,-392308.668867377,891118.588099525,498809.919232148,297.188123428223,299.342348317139,295.504316732754
156000,142.240799999909,-381261.142787256,880030.246452622,498769.103665366,293.49016056449,295.822387958349,291.690767168114
156100,142.33197999991,-360838.075573663,859769.094013602,498931.018439939,286.733064536802,280.804124531325,290.446746986673
156200,142.423159999911,-386035.301631734,884851.944689837,498816.643058103,295.09819732861,295.331715071926,294.696603668625
156300,142.514339999912,-366579.69116971,865527.336216248,498947.645046538,288.653438791478,288.243138499167,288.686427787361
156400,142.605519999913,-395774.125190279,894500.481884834,498726.356694555,298.315985287588,313.689123498777,287.818629825723
156500,142.696699999915,-389200.974985894,887974.666920681,498773.691934787,296.139625452954,292.320714545568,298.438783036665
156600,142.787879999916,-389185.244501886,887927.56998704,498742.325485154,296.123918621657,285.8190623943,302.747052841044
156700,142.879059999917,-387803.09124589,886615.320945608,498812.229699718,295.686283456931,306.977682071342,287.912279144442
156800,142.970239999918,-400402.780345435,899309.471156953,498906.690811518,299.91978361079,300.275174592299,299.432923136774
156900,143.061419999919,-403386.94512017,902180.566735875,498793.621615705,300.877294225738,301.219817781594,300.398214109978
157000,143.15259999992,-398146.311849536,896987.206606205,498840.894756669,299.145308189497,296.599024568213,300.593542846862
157100,143.243779999921,-401961.231606118,900720.023131532,498758.791525414,300.390202811917,303.485728943968,298.076193554873
157200,143.334959999923,-394178.799503324,892973.433429291,498794.633925968,297.806714500347,294.938097492988,299.470953576503
157300,143.426139999924,-393968.405531651,892682.613926603,498714.208394951,297.709726171954,298.852162664805,296.70001040491
157400,143.517319999925,-406548.511776194,905272.376392442,498723.864616247,301.908413003983,309.654920724337,296.492484179577
157500,143.608499999926,-403145.76706144,901903.975821804,498758.208760363,300.785051132834,305.973166596148,297.075653281349
157600,143.699679999927,-384404.171215126,883272.263162978,498868.091947852,294.571373407697,305.012773842619,287.364963639906
157700,143.790859999928,-393431.568880425,892255.06494633,498823.496065905,297.567138551386,304.631647993621,292.609492974435
157800,143.882039999929,-390266.067899581,888996.474016046,498730.406116464,296.480398204451,292.848543438104,298.654567716846
157900,143.973219999931,-384130.068749781,882840.22451282,498710.15576304,294.427288481848,289.258443382745,297.627829140849
158000,144.064399999932,-401947.682265133,900614.282393456,498666.600128322,300.354938266952,303.311043653867,298.133905560452
158100,144.155579999933,-378451.593936193,877243.316270848,498791.722334655,292.560719116508,293.032827081391,292.002179873988
158200,144.246759999934,-407698.457358209,906447.216672453,498748.759314244,302.300222335319,305.190398865571,300.121521129871
158300,144.337939999935,-364221.635728139,863099.20444149,498877.568713351,287.843656642151,286.438206515723,288.540753679234
158400,144.429119999936,-393245.367853253,892046.272613204,498800.904759951,297.49750629088,301.110330054289,294.841042526699
158500,144.520299999937,-392592.230992098,891424.359437048,498832.12844495,297.29009819478,304.515812510897,292.225213568873
158600,144.611479999939,-397609.657890541,896360.198130824,498750.540240283,298.93620081068,301.485741233775,296.987393694608
158700,144.70265999994,-382521.514178249,881251.563255915,498730.049077666,293.897469820215,292.355876011796,294.680284467644
158800,144.793839999941,-388024.425085265,886747.29176983,498722.866684565,295.730295737812,287.871087175865,300.723326199329
158900,144.885019999942,-389778.606541393,888587.674514477,498809.067973084,296.344063536594,308.611291832006,287.918957953371
159000,144.976199999943,-386524.858691767,885407.688782932,498882.830091166,295.283538029992,295.368833038761,294.980605075789
159100,145.067379999944,-374556.69534566,873441.540377863,498884.845032203,291.292826539224,298.440055966091,286.285262899197
159200,145.158559999945,-386245.285370079,885133.83049218,498888.545122101,295.192206267194,302.342374830618,290.179433719687
159300,145.249739999947,-403813.694195637,902561.465708091,498747.771512454,301.004324064729,309.535476177314,295.066052386285
159400,145.340919999948,-378861.284963876,877663.420191374,498802.135227498,292.700823809029,287.672617886891,295.809043737281
159500,145.432099999949,-374143.243903928,872886.75105941,498743.507155482,291.107804255264,280.094981095171,298.207096525114
159600,145.52327999995,-378787.554008747,877674.788432096,498887.234423349,292.704615118258,291.119591705887,293.517376880573
159700,145.614459999951,-379987.796475692,878835.81160245,498848.015126758,293.091816442371,293.017204646666,292.897314459138
159800,145.705639999952,-363253.099294973,862184.221136636,498931.121841662,287.538509633695,279.527309403455,292.639694362495
159900,145.796819999953,-377365.082536072,876223.057120706,498857.974584635,292.220462604871,297.399136533033,288.52449626726
160000,145.887999999955,-375646.183533718,874545.308979347,498899.125445629,291.660933459845,290.188859334655,292.39926543209
160100,145.979179999956,-405204.849486659,903974.677136111,498769.827649453,301.475630193801,299.942650745375,302.246386800923
160200,146.070359999957,-391247.277573531,890035.742690073,498788.465116542,296.826994393888,297.219406428037,296.31803054246
160300,146.161539999958,-387699.717368794,886439.477185656,498739.759816862,295.627639548326,288.992316305413,299.804832010645
160400,146.252719999959,-385124.84540904,883967.092824881,498842.247415841,294.803099157873,300.655060607173,290.656122275708
160500,146.34389999996,-377258.079728161,876145.97905917,498887.89933101,292.194757064923,296.102206921,289.346294863316
160600,146.435079999961,-391283.787493739,890125.358159697,498841.570665958,296.856881160479,306.772047253883,289.999389697244
160700,146.526259999963,-400869.383826498,899679.875850713,498810.492024215,300.043313607041,297.373558001417,301.573114582785
160800,146.617439999964,-393040.342260215,891811.028974823,498770.686714608,297.419052517867,293.166894033478,300.005975630361
160900,146.708619999965,-420057.458178457,918777.33770218,498719.879523723,306.412318726757,297.949428684488,311.798901822662
161000,146.799799999966,-399320.888373993,898104.404876514,498783.51650252,299.517893905791,298.983010634407,299.624884508459
161100,146.890979999967,-395109.605427547,893823.70829599,498714.102868443,298.090281239283,303.369839481015,294.322167177096
161200,146.982159999968,-363007.761418103,861896.191574606,498888.430156503,287.442451750744,288.802312364855,286.296342631546
161300,147.07333999997,-387540.395809972,886345.306829996,498804.911020024,295.596233726862,302.327350819256,290.86249213716
161400,147.164519999971,-384516.98512622,883393.422317843,498876.437191623,294.611779995946,297.546227603514,292.409971774238
161500,147.255699999972,-393862.904104605,892619.67566187,498756.771557265,297.688736255418,299.424660774329,296.28337929593
161600,147.346879999973,-366627.894757793,865362.278224646,498734.383466852,288.598391937517,281.219182849305,293.277366003045
161700,147.438059999974,-382612.680708422,881347.628955201,498734.948246779,293.929507738937,293.864485790222,293.727914448298
161800,147.529239999975,-383449.847495488,882203.690681569,498753.843186081,294.215004396054,287.279305589949,298.593624429795
161900,147.620419999976,-377011.737972979,875859.54628189,498847.808308911,292.099231709818,296.648818398498,288.822757890941
162000,147.711599999978,-373353.926335257,872160.387583189,498806.461247932,290.865561975384,301.734965912718,283.376904715514
162100,147.802779999979,-359810.920975727,858677.021083208,498866.100107481,286.368858123464,290.508497530835,283.370457803448
162200,147.89395999998,-393007.012178986,891696.942664363,498689.930485377,297.381004723816,291.549500906637,301.020856431333
162300,147.985139999981,-373291.27450724,872094.431974105,498803.157466866,290.843565774256,288.835490296254,291.939913121445
162400,148.076319999982,-395305.547326947,893997.8741547,498692.326827753,298.148365567684,302.347427533288,295.100533952641
162500,148.167499999983,-373250.462194987,872093.970151864,498843.507956877,290.843411756499,277.073947381554,299.780685163333
162600,148.258679999984,-388431.367346,887195.750303486,498764.382957486,295.879856696177,293.698059695148,297.087821482949
162700,148.349859999986,-376625.104587874,875490.011382899,498864.906795025,291.975991790195,296.849928935451,288.483387033532
162800,148.441039999987,-373930.831531698,872728.4468312,498797.615299501,291.055009781958,295.275942257102,287.998508957042
162900,148.532219999988,-379425.470530247,878285.827691679,498860.357161431,292.908396762274,291.164333432749,293.827015317989
163000,148.623399999989,-383390.922182463,882167.03149547,498776.109313007,294.202778554434,285.622988107789,299.677469870068
163100,148.71457999999,-391466.204619151,890290.603998842,498824.399379692,296.911990661612,310.22700010742,287.787891038855
163200,148.805759999991,-389549.140476674,888309.435210995,498760.29473432,296.251270705684,292.736760515729,298.347401440066
163300,148.896939999992,-384921.693230461,883767.036454001,498845.34322354,294.736380341504,311.062559707233,283.606647114068
163400,148.988119999994,-373342.499976912,872225.396370522,498882.896393611,290.88724241138,283.936756284738,295.278493793799
163500,149.079299999995,-381867.447505812,880728.845451765,498861.397945953,293.723143388949,299.642920024345,289.531856345862
163600,149.170479999996,-385652.8184743,884563.802000486,498910.983526186,295.002101717688,305.754096830331,287.58826989116
163700,149.261659999997,-380657.161810039,879511.07900597,498853.91719593,293.317018177746,286.594590953942,297.554205478466
163800,149.352839999998,-384807.852618813,883656.38140495,498848.528786137,294.69947687342,298.310818553255,292.046332856135
163900,149.444019999999,-382614.307367287,881418.791277224,498804.483909937,293.953240379264,301.458387560977,288.704847891141
164000,149.5352,-382551.823080805,881328.636554298,498776.813473493,293.923173771652,302.296732533838,288.095865285384
164100,149.626380000002,-371822.052119442,870689.768533942,498867.7164145,290.375110399847,298.958658223563,284.410765925371
164200,149.717560000003,-365422.812385177,864306.140742393,498883.328357216,288.246169999131,295.276810147949,283.318871424919
164300,149.808740000004,-372918.490658612,871886.732400846,498968.241742234,290.774297949257,296.096919386116,286.98357174306
164400,149.899920000005,-393683.812358735,892494.570744546,498810.758385811,297.64701375506,307.469229431704,290.850830792502
164500,149.991100000006,-393321.335807844,892205.688904981,498884.353097137,297.550671637479,297.792496267212,297.141496324625
164600,150.082280000007,-395666.262594764,894375.16074777,498708.898153006,298.274190677929,303.000846691917,294.874524843039
164700,150.173460000008,-405329.846352306,904151.766534337,498821.920182031,301.534689522874,303.067204730048,300.261733810153
164800,150.26464000001,-393399.661909037,892204.566000955,498804.904091918,297.550297148893,296.199540880059,298.202842747158
164900,150.355820000011,-369167.422587766,868037.799596309,498870.377008543,289.490678538039,295.673526955447,285.127537360986
165000,150.447000000012,-375244.975508114,874135.068665888,498890.093157773,291.524118281103,296.89210915324,287.702520934445
165100,150.538180000013,-389802.201580072,888708.611378834,498906.409798763,296.38439599094,313.512750994385,284.71850565865
165200,150.629360000014,-391556.875361544,890359.92695195,498803.051590406,296.935109872253,296.951334370411,296.676847615255
165300,150.720540000015,-376186.845408136,875002.216056212,498815.370648076,291.813312008075,281.726771069341,298.294494873891
165400,150.811720000016,-367581.70701004,866321.106257214,498739.399247174,288.918161166321,279.680125793811,294.836086280355
165500,150.902900000018,-381440.070444064,880211.096494143,498771.026050079,293.550474068415,277.663864172015,303.896921937625
165600,150.994080000019,-381706.74046069,880475.565147706,498768.824687016,293.638674386428,296.059831594217,291.779870685915
165700,151.08526000002,-377997.163752691,876874.060927705,498876.897175014,292.437572428783,281.683886387459,299.362998479307
165800,151.176440000021,-385311.749068365,884170.140097956,498858.391029591,294.870815440372,291.854094931836,296.636236766529
165900,151.267620000022,-383870.000230178,882687.850021937,498817.84979176,294.376471576434,297.252878974758,292.213552917903
166000,151.358800000023,-394291.868940827,893089.182840308,498797.313899481,297.845316938572,308.888452473882,290.235022150916
166100,151.449980000024,-363375.107487701,862117.723042033,498742.615554332,287.516332513601,285.584316532947,288.56474622361
166200,151.541160000026,-369951.524768505,868766.469168084,498814.944399579,289.733689900978,293.181087805664,287.193979889604
166300,151.632340000027,-370573.831873567,869381.134967291,498807.303093724,289.938680996262,288.090255237673,290.929349267824
166400,151.723520000028,-398757.709523893,897551.605240324,498793.895716431,299.333535181032,305.726453451644,294.822145054639
166500,151.814700000029,-364177.561098262,863012.138054594,498834.576956332,287.814619994862,289.935601323848,286.160786925543
166600,151.90588000003,-377814.191393429,876664.46511662,498850.273723191,292.367672208311,282.950497529693,298.402148933883
166700,151.997060000031,-363768.028513925,862593.622962756,498825.594448832,287.675045176841,282.016876717198,291.207428278955
166800,152.088240000032,-380543.99559032,879331.834051692,498787.838461372,293.257239970549,275.322795844979,304.969155020955
166900,152.179420000034,-384724.880275061,883538.847230041,498813.966954979,294.660279216288,296.3835568935,293.2658771988
167000,152.270600000035,-373475.187461271,872316.872534621,498841.68507335,290.917749719734,293.564149039207,288.911052048651
167100,152.361780000036,-383495.421545819,882365.454709889,498870.03316407,294.268952712986,299.219044258274,290.723667555534
167200,152.452960000037,-378966.618625712,877813.442643413,498846.824017701,292.750856309292,286.304162267619,296.80469329015
167300,152.544140000038,-387643.523400216,886466.486213866,498822.96281365,295.636647061486,286.828938177376,301.262089111673
167400,152.635320000039,-389741.124086256,888570.740150129,498829.616063873,296.338415924672,299.199840264159,294.18385101841
167500,152.726500000041,-371162.086979613,869978.883532099,498816.796552486,290.138030192462,290.942013802323,289.360259427396
167600,152.817680000042,-361324.941440449,860195.982488438,498871.041047989,286.875431878752,290.859366006615,283.98041293361
167700,152.908860000043,-401124.191177699,899925.891857872,498801.700680173,300.12535996594,297.93705384919,301.334126243803
167800,153.000040000044,-375452.874793576,874257.682209595,498804.807416019,291.565009908152,301.124226678591,284.949227886271
167900,153.091220000045,-389647.804741828,888441.183709081,498793.378967253,296.295208840781,302.181062404677,292.124393790816
168000,153.182400000046,-366230.569409589,865038.06583975,498807.496430161,288.490267080123,289.500480880184,287.576382657516
168100,153.273580000047,-381161.464386671,879940.281178132,498778.81679146,293.460157137946,288.897664985326,296.257268442078
168200,153.364760000049,-366631.412877585,865482.484520686,498851.071643101,288.638480747269,300.279375398602,280.637352245759
168300,153.45594000005,-379998.95724659,878851.029565535,498852.072318945,293.096891634329,301.144170909218,287.487791374707
168400,153.547120000051,-355726.782109215,854609.953589095,498883.171479879,285.012490775086,282.351373661143,286.549058442069
168500,153.638300000052,-376590.232766101,875418.982347842,498828.749581741,291.952303601081,308.844377582628,280.447627360381
168600,153.729480000053,-391273.989060992,890048.155055437,498774.165994445,296.831133918772,309.346607647348,288.240125488121
168700,153.820660000054,-388573.186284844,887360.584836503,498787.398551659,295.934829026681,307.43587884141,288.020850126005
168800,153.911840000055,-382558.830140479,881327.515071501,498768.684931022,293.922799757046,285.47008787279,299.313005346751
168900,154.003020000057,-383774.281948592,882561.500355697,498787.218407105,294.334333952208,305.052545309196,286.94358110259
169000,154.094200000058,-376013.757992782,874892.676659598,498878.918666816,291.776780610171,302.692770989113,284.256306373701
169100,154.185380000059,-392472.570266875,891330.275055932,498857.704789057,297.258721045833,287.376050157475,303.599452703867
169200,154.27656000006,-382876.493590263,881755.101459707,498878.607869443,294.065399853162,293.258243175451,294.358449805093
169300,154.367740000061,-374211.124149602,872993.530657574,498782.406507972,291.143415260155,300.117538511124,284.918046913459
169400,154.458920000062,-391961.414582986,890750.459968795,498789.045385809,297.065352665931,299.249483403901,295.36171104673
169500,154.550100000063,-375725.501876732,874536.548911621,498811.047034889,291.658011976529,292.991895216756,290.52570813973
169600,154.641280000065,-381475.483984363,880244.988524049,498769.504539686,293.561777063215,296.708321363376,291.219446048887
169700,154.732460000066,-371006.981907679,869834.184081701,498827.202174022,290.089772913691,288.393022486976,290.979198387406
169800,154.823640000067,-361698.773166033,860565.041574158,498866.268408126,286.99851311461,282.832208670309,289.536883983215
169900,154.914820000068,-372579.002307205,871446.529418935,498867.527111729,290.627490218087,292.04903079996,289.437606921656
170000,155.006000000069,-378195.811914754,877095.947698133,498900.13578338,292.51157168522,294.819291699836,290.729332032407
170100,155.09718000007,-383355.72362144,882127.52674697,498771.80312553,294.189603717515,288.424242760522,297.788019685745
170200,155.188360000071,-386270.90679469,885086.221080008,498815.314285318,295.176328524265,287.812693173416,299.839438484393
170300,155.279540000073,-361187.49401175,860000.769198,498813.27518625,286.810328230115,275.65869095806,294.005744471293
170400,155.370720000074,-377766.419739983,876637.158237061,498870.738497077,292.358565361701,286.248316879565,296.188432211991
170500,155.461900000075,-387239.925563078,886085.166778693,498845.241215615,295.509476998063,300.380473260413,292.015888258999
170600,155.553080000076,-383771.76031551,882591.286592738,498819.526277228,294.344267664745,299.639344624638,290.568929468429
170700,155.644260000077,-386628.393787911,885454.124846715,498825.731058804,295.299024461136,298.811403536229,292.71135589069
170800,155.735440000078,-398377.33506168,897200.502872669,498823.167810989,299.216442512146,298.102072493189,299.71000882269
170900,155.826620000079,-384225.860448859,883061.41450077,498835.554051911,294.501055361271,294.864046345956,294.013643825346
171000,155.917800000081,-385746.120721938,884497.96442157,498751.843699632,294.98014487963,297.681186974007,292.933633362645
171100,156.008980000082,-379605.232062914,878360.855957813,498755.623894899,292.933418695285,284.38760883916,298.386514083789
171200,156.100160000083,-386850.630064539,885620.825913526,498770.195848987,295.354619280816,298.879004435849,292.758900328059
171300,156.191340000084,-393357.824286427,892140.103213808,498782.278927381,297.528798804005,294.400698416591,299.36625839661
171400,156.282520000085,-373617.968074064,872486.435622155,498868.467548091,290.974299023563,294.683831843488,288.258798561093
171500,156.373700000086,-386297.334812564,885125.749536436,498828.414723872,295.189511267779,298.474463459708,292.753551880438
171600,156.464880000087,-382294.930642416,881103.598064979,498808.667422563,293.848123416701,288.738901941227,297.009397630837
171700,156.556060000089,-383232.271728937,882055.043110215,498822.771381278,294.165430418614,293.421660585128,294.41613911559
171800,156.64724000009,-367029.004345441,865799.529834607,498770.525489166,288.744215385895,296.213325245037,283.524188633646
171900,156.738420000091,-374781.740944139,873591.16180947,498809.420865331,291.34272529914,285.640611972504,294.901348579147
172000,156.829600000092,-387554.265289347,886283.661170774,498729.395881427,295.575674894372,297.192176139514,294.251694335198
172100,156.920780000093,-384332.964075689,883148.759498535,498815.795422846,294.530184925308,288.110323355048,298.564650818042
172200,157.011960000094,-373380.433181912,872172.693065079,498792.259883167,290.86966585462,290.950809760743,290.573178528992
172300,157.103140000095,-380777.39251174,879672.245578594,498894.853066853,293.370767243153,294.138799111193,292.614270358423
172400,157.194320000097,-401781.931319521,900529.179221429,498747.247901908,300.326556351986,299.270229693484,300.780501994026
172500,157.285500000098,-379514.593115161,878340.465761374,498825.872646213,292.926618563073,298.972626073512,288.651841373978
172600,157.376680000099,-389194.116781609,887828.194235389,498634.07745378,296.090776800196,296.11739765992,295.826287246381
172700,157.4678600001,-383623.113051076,882422.25429479,498799.141243714,294.287895379286,296.97405762702,292.251880634646
172800,157.559040000101,-383257.512595577,882027.117927593,498769.605332015,294.156117367882,300.077192573463,289.963603799686
172900,157.650220000102,-383022.357308532,881863.146523439,498840.789214907,294.101432890925,306.053228347805,285.888484725596
173000,157.741400000104,-383562.556828732,882343.947000636,498781.390171903,294.261779890157,297.0530842782,292.155692148221
173100,157.832580000105,-404518.798175371,903257.689178997,498738.891003626,301.236514650324,308.142709561477,296.381354280681
173200,157.923760000106,-367799.087400333,866586.490007454,498787.402607121,289.006666669153,285.359790710358,291.197078419459
173300,158.014940000107,-398759.440568088,897499.392329603,498739.951761515,299.316122170953,302.246437124926,297.113148766495
173400,158.106120000108,-393143.746953319,891931.752343345,498788.005390026,297.459313771334,304.052760350437,292.815799957123
173500,158.197300000109,-385878.0006025,884618.983311604,498740.982709105,295.020504689546,301.424124923115,290.50557411326
173600,158.28848000011,-358517.440975895,857328.266680471,498810.825704576,285.919048417699,291.959400810236,281.653880948994
173700,158.379660000112,-390407.307024115,889241.630873965,498834.323849849,296.562158037007,299.785367406675,294.166216658864
173800,158.470840000113,-353899.070095906,852702.393594814,498803.323498907,284.37631935795,286.460908563512,282.749612954777
173900,158.562020000114,-382133.196729166,880863.752289155,498730.555559989,293.768134830467,286.704230774012,298.23259742241
174000,158.653200000115,-390575.422104298,889249.51980856,498674.097704262,296.564788997352,297.537581000463,295.669123671113
174100,158.744380000116,-384098.630463744,882851.450893483,498752.820429739,294.431032480735,299.580837104525,290.752470204473
174200,158.835560000117,-374654.656146282,873467.739933952,498813.08378767,291.301564093364,291.998273460253,290.594339878694
174300,158.926740000118,-384859.053760047,883696.393165317,498837.33940527,294.712820798838,296.718398031442,293.130175293104
174400,159.01792000012,-400099.7246371,898890.118967182,498790.394330081,299.779929620537,312.905274753509,290.779882923873
174500,159.109100000121,-390120.817426049,888889.555744156,498768.738318107,296.444740951861,289.274324753882,300.977981133054
174600,159.200280000122,-381331.200535022,880086.037197175,498754.836662153,293.508766782449,286.498456674441,297.937716215469
174700,159.291460000123,-366709.51275702,865540.817529137,498831.304772117,288.657934810451,277.218654174386,296.043573622152
174800,159.382640000124,-389646.28310108,888421.467378869,498775.184277789,296.288633443011,300.128365324787,293.481904993959
174900,159.473820000125,-372835.232665069,871628.8664684,498793.633803331,290.688299639286,290.797491830528,290.373264595426
175000,159.565000000126,-385554.415723825,884301.261974068,498746.846250244,294.914544596988,284.826714988784,301.394002215291
175100,159.656180000128,-375092.233003293,873948.54633809,498856.313334797,291.461913069231,294.067151590749,289.482202460662
175200,159.747360000129,-383930.003201301,882734.771455665,498804.768254364,294.392119878494,289.496596265011,297.410475520918
175300,159.83854000013,-362987.330206726,861821.394297531,498834.064090805,287.417506852603,283.830787162057,289.569138723924
175400,159.929720000131,-370079.324601062,868849.716798787,498770.392197725,289.761452992759,291.33159617659,288.473222992711
175500,160.020900000132,-392259.410116595,891057.372470309,498797.962353714,297.167708010775,299.597988124146,295.299881511852
175600,160.112080000133,-374666.088515239,873544.680673781,498878.592158542,291.327223836512,299.08654166626,285.911572596816
175700,160.203260000134,-365776.42340126,864618.363994753,498841.940593494,288.350296479824,294.01522460744,284.333385814348
175800,160.294440000136,-375248.313534659,874092.867958364,498844.554423705,291.510044341626,290.25523828167,292.103656677979
175900,160.385620000137,-399685.199897381,898417.355492949,498732.155595567,299.622262962464,304.285753930403,296.263583764705
176000,160.476800000138,-379769.167215678,878609.813919582,498840.646703904,293.016446196292,293.83744254529,292.22493492513
176100,160.567980000139,-386413.053633704,885218.44568368,498805.392049977,295.220425440614,289.504565870972,298.784981465841
176200,160.65916000014,-373778.590915569,872660.091614236,498881.500698667,291.032213311401,289.129929875755,292.057875424072
176300,160.750340000141,-378155.336455986,876919.169908889,498763.833452903,292.452616277769,290.380323322068,293.590434401338
176400,160.841520000142,-392816.694000756,891587.22707148,498770.533070724,297.344414564442,282.738966732538,306.833592773574
176500,160.932700000144,-381046.179750586,879852.295311559,498806.115560973,293.430813844108,298.622626088265,289.725080003134
176600,161.023880000145,-368382.932454368,867208.059474058,498825.12701969,289.213960138088,289.497859071248,288.7836825492
176700,161.115060000146,-360042.377269211,858914.230381583,498871.853112372,286.44796744425,287.437908413821,285.549300158332
176800,161.206240000147,-383512.37003492,882323.011105024,498810.641070104,294.254797767225,279.245378370552,304.015865033535
176900,161.297420000148,-391654.405500114,890516.478204188,498862.072704074,296.987319727927,296.009686012542,297.391586105076
177000,161.388600000149,-380399.070458677,879182.560937582,498783.490478905,293.207457374548,309.958995558535,281.795425704079
177100,161.47978000015,-375627.101865153,874512.473950654,498885.372085501,291.649982975039,279.172126277229,299.725512454433
177200,161.570960000152,-366245.030885846,865013.27039885,498768.239513003,288.481997798516,285.437127037585,290.271509974303
177300,161.662140000153,-372389.250339261,871256.594521448,498867.344182187,290.56414691394,292.266728370903,289.186955820202
177400,161.753320000154,-371186.733040148,869957.15779661,498770.424756462,290.130784657866,286.806307192469,292.105327314248
177500,161.844500000155,-374295.762286308,873214.951417693,498919.189131385,291.217259102115,280.60095133193,298.052116566321
177600,161.935680000156,-369428.319058775,868236.711758905,498808.39270013,289.557015760849,283.499689282439,293.353935899988
177700,162.026860000157,-377103.5533737,875952.320394694,498848.767020994,292.130171884173,302.339412465178,285.080569686933
177800,162.118040000158,-374905.071214673,873679.37125809,498774.300043417,291.372143157609,293.360142002952,289.804000474748
177900,162.20922000016,-385552.035016594,884339.233253373,498787.19823678,294.927208021802,284.428291744724,301.680712866503
178000,162.300400000161,-375964.515392707,874805.95874091,498841.443348203,291.747860177059,283.465855024821,297.026073728403
178100,162.391580000162,-370101.572565706,868985.350797064,498883.778231358,289.806686942492,293.897309731595,286.838099510638
178200,162.482760000163,-367597.466471754,866455.588738241,498858.122266488,288.963011084956,287.361586018325,289.789825286806
178300,162.573940000164,-365021.36955596,863851.089570523,498829.720014563,288.094410395372,294.563086984456,283.541880660653
178400,162.665120000165,-372867.720504181,871689.265377367,498821.544873187,290.708442680463,293.228024024026,288.786464749187
178500,162.756300000167,-377618.439269128,876380.695959265,498762.256690137,292.273035170674,290.92918943893,292.925371462528
178600,162.847480000168,-361845.958486731,860694.663357651,498848.70487092,287.041741990212,276.462292277084,293.855507013972
178700,162.938660000169,-366843.582050338,865616.430881383,498772.848831046,288.683151869729,287.664869210493,289.121437682663
178800,163.02984000017,-351460.238105871,850337.12563234,498876.88752647,283.587502295261,290.048645425891,279.043750622927
178900,163.121020000171,-373995.083037305,872806.35499768,498811.271960375,291.080992161974,285.253791508427,294.723225104203
179000,163.212200000172,-366247.5206503,865097.184407114,498849.663756814,288.509983127268,283.313806519921,291.733675879561
179100,163.303380000173,-360953.982121955,859744.675886284,498790.693764329,286.724921089306,285.299509024821,287.436258364722
179200,163.394560000175,-377542.082074691,876287.817614973,498745.735540282,292.242060235109,293.438348767397,291.20099949672
179300,163.485740000176,-388349.520828219,887121.724803198,498772.203974979,295.855169185659,296.90827348944,294.906553675484
179400,163.576920000177,-383203.558623352,881946.254919932,498742.69629658,294.129149548085,285.563035304529,299.594784752499
179500,163.668100000178,-363967.754516483,862798.547765413,498830.79324893,287.743387615612,289.008046115955,286.660495792371
179600,163.759280000179,-382137.586782312,880884.400046845,498746.813264533,293.775020859378,297.683938031882,290.924263560325
179700,163.85046000018,-375561.72115429,874413.126789922,498851.405635632,291.616850688652,294.324046156078,289.569039668127
179800,163.941640000181,-393754.908683751,892452.871479385,498697.962795634,297.633107046652,287.069070204296,304.427770685684
179900,164.032820000183,-379629.544619574,878396.688936049,498767.144316474,292.945368996514,296.567026544264,290.286809490519
180000,164.124000000184,-382791.456754745,881493.586619194,498702.129864449,293.978184632047,304.66083408247,286.61143651124
180100,164.215180000185,-358639.730719007,857490.793788525,498851.063069518,285.973251221786,286.488558292303,285.39140213209
180200,164.306360000186,-370215.191305541,869031.318339594,498816.127034053,289.822017121759,286.760350499619,291.621609855584
180300,164.397540000187,-372428.336844322,871262.773363719,498834.436519397,290.566207558352,301.917630030695,282.756454070493
180400,164.488720000188,-392264.35852478,891033.293863195,498768.935338415,297.159677793295,293.000793240246,299.6846344305
180500,164.579900000189,-379573.996431125,878343.83866351,498769.842232386,292.927743426217,298.493093512637,288.973403582414
180600,164.671080000191,-377264.704153847,876058.712174741,498794.008020894,292.165653551689,290.050878984775,293.332031885005
180700,164.762260000192,-371642.553977085,870440.91208562,498798.358108536,290.292116753584,292.518206430162,288.566146871905
180800,164.853440000193,-371195.658182017,870061.726718946,498866.068536929,290.165658402183,290.388085364898,289.775569045038
180900,164.944620000194,-381130.60779322,879883.071470082,498752.463676862,293.441077695542,295.127221982844,292.072447272594
181000,165.035800000195,-383506.668359045,882396.313518149,498889.645159104,294.279244128114,299.839534869011,290.32715093074
181100,165.126980000196,-397088.112620671,895796.268825687,498708.156205016,298.748130340399,297.533646061975,299.308829750733
181200,165.218160000197,-360938.910255347,859827.763288293,498888.853032945,286.752630744803,276.937794061207,293.056894674915
181300,165.309340000199,-374990.488776197,873713.588711785,498723.099935587,291.383554681269,291.232155841382,291.241667612292
181400,165.4005200002,-378187.635677253,877034.492073649,498846.856396395,292.491076229331,296.101085287341,289.840660960465
181500,165.491700000201,-371560.253414262,870354.838369017,498794.584954755,290.26341116192,284.118930980475,294.117845106915
181600,165.582880000202,-371058.359668241,869897.130783788,498838.771115547,290.110765644085,289.206359175489,290.471944318446
181700,165.674060000203,-370809.259862114,869643.327835066,498834.067972952,290.026122339525,296.030141085395,285.781754740328
181800,165.765240000204,-378602.198459887,877385.994720353,498783.796260466,292.608302391313,289.136436403727,294.679039464379
181900,165.856420000205,-382334.910950114,881140.423489513,498805.512539399,293.860404698854,290.320228427199,295.975638542707
182000,165.947600000207,-383807.501357557,882611.884633652,498804.383276095,294.351137113107,296.53430413816,292.650399815477
182100,166.038780000208,-380625.618209225,879463.688378332,498838.070169106,293.301213399477,297.114700916437,290.514470710337
182200,166.129960000209,-364430.700151323,863271.557201798,498840.857050475,287.901136302084,288.121205265526,287.514506046203
182300,166.22114000021,-364175.967884114,863061.601359696,498885.633475582,287.831116011238,285.192355586521,289.350430364373
182400,166.312320000211,-379135.319811619,877972.102852439,498836.78304082,292.803769502231,284.092705561732,298.367142321312
182500,166.403500000212,-369402.509908737,868259.394240429,498856.884331693,289.564580370328,288.630597392486,289.945931871916
182600,166.494680000213,-380213.649637756,879063.512433537,498849.862795781,293.167754688523,294.098040778876,292.303257499381
182700,166.585860000215,-377625.197668135,876456.135622064,498830.937953929,292.298194304507,289.773161628515,293.737967593248
182800,166.677040000216,-376261.977856813,875106.058583009,498844.080726196,291.847943499419,297.661739197842,287.728873080889
182900,166.768220000217,-364040.565869478,862833.992757426,498793.426887948,287.755208523404,291.005462035093,285.348576841842
183000,166.859400000218,-362707.830303841,861521.937757513,498814.107453672,287.31763807154,278.179720006264,293.17015208333
183100,166.950580000219,-394528.584902033,893285.008095476,498756.423193443,297.910624677498,298.78752417724,297.077766157105
183200,167.04176000022,-372159.451249639,870947.873759609,498788.42250997,290.461188514127,292.5016350305,288.858839846115
183300,167.132940000221,-383334.935049528,882113.828059218,498778.89300969,294.185035204008,284.187460901164,300.604930543235
183400,167.224120000223,-365570.106457355,864408.29682592,498838.190368565,288.280239061504,286.708500534445,289.087831213659
183500,167.315300000224,-384246.081022469,883076.428359654,498830.347337185,294.50606248446,305.896754246173,286.666846257914
183600,167.406480000225,-373393.371154389,872224.01399551,498830.642841121,290.886781389198,282.864417178391,295.992618545244
183700,167.497660000226,-381165.597504035,879966.233328948,498800.635824913,293.468812182407,288.534607212776,296.513724818676
183800,167.588840000227,-377723.793538179,876507.011088859,498783.21755068,292.315161276925,293.129350810199,291.52877228701
183900,167.680020000228,-388898.020216133,887675.536937441,498777.516721309,296.039865578603,294.553796576408,296.783878358751
184000,167.771200000229,-390003.403700981,888808.974760826,498805.571059845,296.417867187202,294.04501874667,297.752751258235
184100,167.862380000231,-374087.429385732,872926.510986582,498839.081600849,291.121064194291,297.189138736427,286.833080279371
184200,167.953560000232,-365239.709461792,864057.253796054,498817.544334262,288.163166181776,290.676542395247,286.247446067643
184300,168.044740000233,-371390.662582563,870229.417918767,498838.755336204,290.221583431305,283.302739029164,294.592295046539
184400,168.135920000234,-378809.644912023,877611.912126234,498802.267214211,292.68364586501,297.97459756654,288.912441692436
184500,168.227100000235,-377090.074840037,875857.977424989,498767.902584953,292.098708495911,296.995460803023,288.590791367423
184600,168.318280000236,-366837.58688474,865646.909908366,498809.323023626,288.693316627769,288.901230003765,288.31412994658
184700,168.409460000238,-380882.574675877,879634.256715405,498751.682039527,293.358097954112,299.569847939788,288.972466215365
184800,168.500640000239,-377583.476417363,876378.638580964,498795.162163601,292.272349034839,303.491962858497,284.549046194872
184900,168.59182000024,-394854.068300102,893698.054612684,498843.986312582,298.048375725424,303.492194658341,294.170789457041
185000,168.683000000241,-386742.631803525,885504.935706426,498762.303902901,295.315969887086,293.979188410907,295.961060896298
185100,168.774180000242,-374175.775045867,873069.208272747,498893.43322688,291.168653751125,287.209191457451,293.565654735448
185200,168.865360000243,-390304.540136011,889074.078126031,498769.53799002,296.506279181601,312.520106158489,285.583305964358
185300,168.956540000244,-364708.743253791,863585.138180962,498876.394927171,288.00571558478,291.105520303452,285.699174342676
185400,169.047720000246,-378267.09567802,877081.835389611,498814.73971159,292.506865229152,284.402161825882,297.666245110308
185500,169.138900000247,-385973.971553108,884837.922769109,498863.951216002,295.093521016878,307.097118483315,286.845211438406
185600,169.230080000248,-385941.89050596,884762.530651007,498820.640145047,295.068377739205,298.35099660584,292.634074846666
185700,169.321260000249,-384020.647294069,882915.545699847,498894.898405778,294.452408104001,307.965865275563,285.198059649539
185800,169.41244000025,-363480.066321598,862328.427038444,498848.360716846,287.586602313972,281.866858674142,291.160109238597
185900,169.503620000251,-369867.94182672,868662.064390044,498794.122563324,289.698870898797,288.801173280387,290.055920251989
186000,169.594800000252,-376798.208130296,875611.832866797,498813.624736501,292.016619265232,285.748653134871,295.951916169418
186100,169.685980000254,-392180.382062211,890983.57467177,498803.192609559,297.143096438809,300.410943275301,294.716912634116
186200,169.777160000255,-385075.584671167,883935.789694586,498860.205023419,294.792659561309,292.440199205271,296.1153059157
186300,169.868340000256,-381022.870216732,879902.614000251,498879.743783519,293.447595130982,294.807785053063,292.296262186987
186400,169.959520000257,-384241.323222544,883047.895221633,498806.571999089,294.496546680551,307.901926591542,285.31421295099
186500,170.050700000258,-370463.049592854,869360.294930069,498897.245337215,289.931730842111,294.559940273295,286.604648112286
186600,170.141880000259,-381472.648745303,880196.349420168,498723.700674865,293.545555918015,300.040841993809,288.970743904221
186700,170.23306000026,-378334.733414065,877217.073929166,498882.340515101,292.551967293369,290.642965761884,293.580841674946
186800,170.324240000262,-390244.28716039,888953.921812717,498709.634652327,296.466207041093,304.910138178195,290.589864443823
186900,170.415420000263,-356768.161698612,855649.165961131,498881.004262519,285.359068187804,280.783582558925,288.1715927169
187000,170.506600000264,-381280.178052824,880041.56548794,498761.387435116,293.493935463712,283.596765892455,299.847470231662
187100,170.597780000265,-378989.580354099,877776.526904014,498786.946549916,292.738544907125,286.497599941811,296.655226096578
187200,170.688960000266,-366617.553025045,865422.527870442,498804.974845396,288.618485199414,289.170588306245,288.009901057193
187300,170.780140000267,-380669.733944696,879394.372612859,498724.638668163,293.278096585912,284.96648298347,298.574773907052
187400,170.871320000268,-369767.949201024,868548.975016049,498781.025815026,289.661155583141,290.311172230164,288.986426855476
187500,170.96250000027,-399618.050521486,898335.192126929,498717.141605443,299.594861473046,297.85574072474,300.504612920689
187600,171.053680000271,-391356.16152443,890087.352683254,498731.191158825,296.844206330917,295.915883092068,297.215718318207
187700,171.144860000272,-379632.31522643,878378.619487616,498746.304261186,292.939342833956,292.439490577081,293.028461552842
187800,171.236040000273,-389101.764445873,887870.702327754,498768.937881881,296.104953252544,279.946960891329,306.63019403231
187900,171.327220000274,-397405.754988381,896231.797004952,498826.042016571,298.893379024496,302.89437904474,295.976967861814
188000,171.418400000275,-411667.492519233,910456.104238729,498788.611719496,303.637186672913,308.69402531097,300.012929925314
188100,171.509580000276,-390617.687417554,889417.295519431,498799.608101877,296.620742210916,299.293732705448,294.591564596051
188200,171.600760000278,-382637.478528704,881405.432438585,498767.95390988,293.948785205464,288.931661535875,297.04857699752
188300,171.691940000279,-380418.299777334,879201.314508934,498783.0147316,293.213711692157,291.363808224154,294.202635911082
188400,171.78312000028,-376593.121646794,875399.221672991,498806.100026198,291.945713414371,296.774338316658,288.483342051668
188500,171.874300000281,-375282.255973964,874059.012086191,498776.756112227,291.498753405433,289.905639284482,292.317913858228
188600,171.965480000282,-374075.903945429,872949.786252979,498873.882307551,291.128826497575,286.794615962642,293.775692832115
188700,172.056660000283,-367335.861242881,866143.736754403,498807.875511523,288.859008422346,291.906993525634,286.586302513134
188800,172.147840000284,-371154.382482119,870029.969900172,498875.587418053,290.155067500474,288.619821897406,290.936768679603
188900,172.239020000286,-388534.612476364,887329.637023736,498795.024547372,295.924507928543,296.867615585663,295.049165733857
189000,172.330200000287,-350887.559372486,849739.689828279,498852.130455793,283.388257404795,284.426320666344,282.460058349259
189100,172.421380000288,-373179.904238407,871921.01883075,498741.114592342,290.785732476488,287.424382987141,292.784310692322
189200,172.512560000289,-377748.640458704,876584.861806975,498836.221348271,292.341124497907,297.841284620469,288.430733479118
189300,172.60374000029,-370633.12194533,869425.93824033,498792.816295001,289.953622891556,292.141595277904,288.253346614916
189400,172.694920000291,-378691.054670554,877596.272425434,498905.21775488,292.67843002349,289.997489480173,294.221825027347
189500,172.786100000292,-382907.825165765,881703.52217219,498795.697006425,294.048198156475,288.752995587247,297.333293037495
189600,172.877280000294,-367228.935529792,866104.274807043,498875.339277251,288.845847859611,290.176239359271,287.718215319953
189700,172.968460000295,-384725.842481029,883466.711175397,498740.868694368,294.63622183605,288.315517879762,298.604494288712
189800,173.059640000296,-371931.742564496,870744.92033936,498813.177774864,290.393503531553,274.492534358439,300.752155060686
189900,173.150820000297,-369717.511125596,868459.007904991,498741.496779395,289.631151544102,284.2571717918,292.972445419351
190000,173.242000000298,-377723.354230757,876579.534062793,498856.179832036,292.339347694778,286.562089407487,295.947237096562
190100,173.333180000299,-376441.907565465,875300.786387588,498858.878822123,291.912885238482,297.613177531431,287.869429638817
190200,173.424360000301,-368124.091958956,867005.804912027,498881.712953071,289.146508224788,299.441787961814,282.042032976584
190300,173.515540000302,-371729.352482958,870494.269488551,498764.917005593,290.30991145191,288.672671855768,291.159479589793
190400,173.606720000303,-368733.644059265,867496.385835584,498762.74177632,289.310117003697,283.777785895191,292.757245978532
190500,173.697900000304,-386147.941425516,884826.65568953,498678.714264014,295.089763444899,287.621234138544,299.822874846264
190600,173.789080000305,-380675.987391047,879442.626116382,498766.638725335,293.294189133361,281.811651536621,300.704802373577
190700,173.880260000306,-385545.522760086,884300.135697168,498754.612937082,294.914168983548,286.888316790724,300.018975304611
190800,173.971440000307,-375268.436121433,874169.908745185,498901.472623752,291.535737450454,286.313936966165,294.773991325438
190900,174.062620000309,-386102.559461008,884922.6831346,498820.123673592,295.121788605836,298.308268733287,292.751533697031
191000,174.15380000031,-374142.746352061,872976.531588166,498833.785236104,291.13774606909,294.136865418562,288.895718381052
191100,174.244980000311,-392128.613828193,890754.227734567,498625.613906374,297.06660921613,293.601628716178,299.129040708419
191200,174.336160000312,-391316.66973442,890052.150403085,498735.480668665,296.832466367546,298.392279544109,295.545230527864
191300,174.427340000313,-378533.035418444,877257.240845073,498724.205426629,292.565362963173,294.070721255798,291.317986298953
191400,174.518520000314,-377943.616042985,876835.246071501,498891.630028516,292.424627671003,288.34217105233,294.902578227059
191500,174.609700000315,-374010.800950526,872868.111656129,498857.310705604,291.101588012716,288.695005582216,292.463391643039
191600,174.700880000317,-373401.159172439,872287.781394457,498886.622222018,290.908047822063,298.784742161596,285.41449488919
191700,174.792060000318,-394309.456428426,893059.838500135,498750.382071709,297.835530598678,291.246291976984,301.980160070973
191800,174.883240000319,-377768.459239488,876590.909817984,498822.450578496,292.343141510083,291.877429021783,292.409997217691
191900,174.97442000032,-382544.237691778,881268.006930441,498723.769238663,293.902953787041,290.829863863983,295.706761274258
192000,175.065600000321,-379965.197971845,878746.516962197,498781.318990352,293.062036672402,300.450129127298,287.892423338579
192100,175.156780000322,-390692.634425345,889477.336042755,498784.70161741,296.64076573045,290.56731261308,300.442533837255
192200,175.247960000323,-387818.901760243,886674.326399387,498855.424639144,295.705961780686,299.631118957413,292.842768694718
192300,175.339140000325,-355740.316528407,854699.222520066,498958.905991659,285.042261971007,277.731884912961,289.678311458063
192400,175.430320000326,-369061.700010073,867853.107638734,498791.407628661,289.429083754789,295.400025353443,285.207265119223
192500,175.521500000327,-363333.160888225,862177.882167537,498844.721279312,287.536395586972,279.852849080304,292.419146261762
192600,175.612680000328,-379490.41649399,878162.408532185,498671.992038195,292.867236462293,280.00180938751,301.200131815097
192700,175.703860000329,-379199.626452196,878033.173472514,498833.547020318,292.824136559118,295.36591793268,290.885595529611
192800,175.79504000033,-359539.084177439,858416.835587552,498877.751410112,286.28208623897,295.611729642619,279.823755564672
192900,175.886220000331,-371851.654305284,870717.804491854,498866.15018657,290.384460394149,293.216176514104,288.254662597183
193000,175.977400000333,-372809.102695158,871626.570788297,498817.468093139,290.687534029781,290.76140677407,290.396045921897
193100,176.068580000334,-394034.121153024,892796.606099625,498762.484946601,297.747742571161,306.539240280043,291.638620979762
193200,176.159760000335,-375912.154938633,874696.689344397,498784.534405764,291.711418824211,297.155050487884,287.83923819941
193300,176.250940000336,-376909.331738734,875700.631828846,498791.300090112,292.046233726479,284.18085242305,297.04644940066
193400,176.342120000337,-384150.756989463,882910.440839418,498759.683849955,294.450705632622,295.371711252901,293.591326297742
193500,176.433300000338,-381153.918878434,879952.387600161,498798.468721728,293.464194630702,293.657749337307,293.090604664107
193600,176.524480000339,-383006.178008818,881794.457441919,498788.279433101,294.078525076511,300.706525269057,289.414792843917
193700,176.615660000341,-363745.602327363,862570.27415105,498824.671823688,287.66725834619,275.646329820704,295.441487981225
193800,176.706840000342,-364451.160713998,863227.036882339,498775.876168342,287.886288771832,281.009770930713,292.230728758603
193900,176.798020000343,-392600.935178541,891388.389348394,498787.454169853,297.278102167215,297.134682524444,297.12598351059
194000,176.889200000344,-386853.233829746,885560.381865658,498707.148035912,295.334461185812,289.591741934306,298.916828635828
194100,176.980380000345,-367645.774902848,866456.40542745,498810.630524602,288.963283450875,284.45389509819,291.728739616456
194200,177.071560000346,-385735.771193109,884513.304689464,498777.533496355,294.985260860251,300.404678185909,291.126494925762
194300,177.162740000347,-376196.370028577,874984.193955708,498787.823927131,291.807301636054,290.034571378954,292.74594905609
194400,177.253920000349,-384834.991454376,883555.981952674,498720.990498298,294.665993647715,294.936304727841,294.240231266259
194500,177.34510000035,-375918.717428887,874710.232779709,498791.515350822,291.715935561017,291.58000905817,291.563456616615
194600,177.436280000351,-385807.281096391,884616.814141469,498809.533045079,295.019781271125,292.116919304084,296.709172764759
194700,177.527460000352,-367168.086075418,866008.055800734,498839.969725316,288.813758812984,292.142819116213,286.353707145155
194800,177.618640000353,-380190.412876891,878982.81029458,498792.397417689,293.140840518452,289.950942588712,295.023155104515
194900,177.709820000354,-380844.378227285,879640.264756427,498795.886529142,293.360101636294,286.273494228834,297.840039823237
195000,177.801000000355,-377106.781997472,875847.972203274,498741.190205802,292.095371753635,290.844909018724,292.685600767113
195100,177.892180000357,-384691.864351689,883447.72684687,498755.862495181,294.629890560904,297.330727222269,292.58380787786
195200,177.983360000358,-387219.412703318,886042.136015173,498822.723311855,295.495126234842,300.538968845819,291.886318555661
195300,178.074540000359,-365169.815994513,863988.917028569,498819.101034056,288.140375864122,296.167685623975,282.548719044332
195400,178.16572000036,-363782.894710877,862674.104076439,498891.209365562,287.701885634964,284.824766427208,289.380213535439
195500,178.256900000361,-379294.727197689,878114.417421421,498819.690223732,292.851231422852,279.397686179498,301.576218892236
195600,178.348080000362,-377821.388307299,876630.958577053,498809.570269754,292.356497774572,293.221996979315,291.535867889931
195700,178.439260000364,-376970.584073889,875717.579559827,498746.995485938,292.051885796174,289.570600961365,293.46269911455
195800,178.530440000365,-382745.221468876,881516.661276218,498771.439807342,293.985880032089,295.724937554416,292.581520117177
195900,178.621620000366,-384544.466468401,883327.951120496,498783.484652095,294.589945346172,300.148857241338,290.638512461604
196000,178.712800000367,-368349.172635084,867234.774359327,498885.601724243,289.222869554553,282.080204287162,293.743627341518
196100,178.803980000368,-395123.746397223,893927.534617007,498803.788219783,298.124907325999,304.623281611901,293.544220379293
196200,178.895160000369,-379957.786941291,878798.08725919,498840.300317899,293.079235370749,296.325660195651,290.670719458005
196300,178.98634000037,-398563.74530687,897303.587936275,498739.842629405,299.250821389453,299.677321524031,298.71711228191
196400,179.077520000372,-376253.719662526,875082.059651911,498828.339989385,291.839939853897,299.237903188757,286.664764347446
196500,179.168700000373,-382765.114013904,881546.395096475,498781.281082571,293.995796263624,293.032774110201,294.392814535686
196600,179.259880000374,-376717.527852891,875528.489086602,498810.961233711,291.988824107588,303.041333817836,284.377160280666
196700,179.351060000375,-386317.783629669,885066.514817827,498748.731188158,295.169756484184,309.602583427228,285.301897058418
196800,179.442240000376,-375210.967938459,874018.55110541,498807.583166951,291.485259664969,291.56078139216,291.192007463788
196900,179.533420000377,-394053.433703596,892833.511321752,498780.077618156,297.760050465817,303.735636715539,293.528192923948
197000,179.624600000378,-386647.252051139,885491.079832324,498843.827781185,295.311348951917,296.374219004171,294.356676126287
197100,179.71578000038,-398133.758696927,896902.926188217,498769.167491291,299.117200663071,310.021085119576,291.598680024848
197200,179.806960000381,-377159.30085105,875984.527906871,498825.227055822,292.14091309217,306.575309212303,282.274531584504
197300,179.898140000382,-380048.817885531,878831.751707346,498782.933821815,293.090462467015,302.491014402415,286.57918579136
197400,179.989320000383,-387125.376673606,885976.833370713,498851.456697107,295.47334779747,298.996420119477,292.8784051263
197500,180.080500000384,-386333.050450901,885129.552982509,498796.502531608,295.190779717362,289.630982738474,298.651318720188
197600,180.171680000385,-380338.084518704,879139.844190871,498801.759672167,293.193211335958,293.205416068691,292.940747171356
197700,180.262860000386,-374877.106979882,873699.423879353,498822.316899471,291.378830708472,294.557952952589,289.016600186803
197800,180.354040000388,-394258.907905743,893062.765599257,498803.857693514,297.836506786479,293.385092784708,300.555919032005
197900,180.445220000389,-381454.029566068,880258.040050456,498804.010484388,293.56612974836,291.162739304982,294.923751602489
198000,180.53640000039,-392896.096341005,891671.947803057,498775.851462052,297.372668935487,301.015284983054,294.696447679662
198100,180.627580000391,-375363.330914775,874251.896811895,498888.56589712,291.563080477537,294.57187643667,289.314247271051
198200,180.718760000392,-376433.532566293,875267.00758858,498833.475022287,291.901620006196,289.409961945212,293.319474030181
198300,180.809940000393,-363646.937384715,862567.412318661,498920.474933946,287.666303924849,289.294024188357,286.341435162573
198400,180.901120000394,-381577.763020505,880361.611949589,498783.848929084,293.600670985356,294.272536362488,292.908093508113
198500,180.992300000396,-363034.203305312,861888.32256799,498854.119262679,287.439827436382,283.279352017001,289.973944526439
198600,181.083480000397,-380960.870233766,879735.925179785,498775.054946019,293.392004395459,300.816419254944,288.19790115214
198700,181.174660000398,-369244.167711912,868082.375037612,498838.2073257,289.50554445143,287.686703309949,290.476850592041
198800,181.265840000399,-385294.374127785,884106.409016824,498812.034889039,294.849561119501,298.516961115689,292.158919821109
198900,181.3570200004,-371619.258555974,870453.138071775,498833.879515802,290.296194120986,290.195661635584,290.121302282819
199000,181.448200000401,-378207.372076664,877030.676036874,498823.303960211,292.489803580748,296.561700208999,289.531464325598
199100,181.539380000402,-378865.084317666,877706.407592613,498841.323274947,292.715160110926,280.10807167553,300.875956434432
199200,181.630560000404,-367821.692919595,866664.959533528,498843.266613933,289.032836262641,283.426404444518,292.529596777837
199300,181.721740000405,-381025.454951597,879795.75330765,498770.298356052,293.41195708109,296.418431713143,291.163130695488
199400,181.812920000406,-354658.125041843,853497.908371533,498839.78332969,284.641623602312,279.057404648643,288.12723488509
199500,181.904100000407,-395391.615262543,894081.385101969,498689.769839427,298.176216475561,293.059096564169,301.339149569426
199600,181.995280000408,-378040.833899519,876913.508716633,498872.674817114,292.450728269679,298.052118284626,288.47275931949
199700,182.086460000409,-380482.825650071,879253.694185058,498770.868534988,293.231180318512,290.281199115685,294.953475136798
199800,182.17764000041,-372583.962170758,871454.516460438,498870.554289681,290.630153897095,298.843253333805,284.912562477708
199900,182.268820000412,-389036.191842957,887796.940494873,498760.748651916,296.080353675128,290.858262173699,299.315014381352
200000,182.360000000413,-385062.816665822,883858.237701943,498795.421036121,294.766795965297,291.666270421907,296.588173997586
200100,182.451180000414,-381627.50393709,880419.222934349,498791.718997259,293.619884253577,301.764317803649,287.945578649983
200200,182.542360000415,-394584.69121075,893353.562446336,498768.871235585,297.933487559225,293.01901410573,300.961525288589
200300,182.633540000416,-378864.175813193,877635.816515846,498771.640702654,292.691617980939,289.525007543877,294.558781923997
200400,182.724720000417,-389371.579417015,888113.245755797,498741.666338781,296.185841506019,302.462050862332,291.754880400556
200500,182.815900000418,-366303.147245596,865167.228991525,498864.081745929,288.533343002009,291.970424047531,286.001511185827
200600,182.90708000042,-370275.627503025,869109.063933422,498833.436430398,289.847945283783,288.10080728486,290.771163995329
200700,182.998260000421,-397175.06129323,895981.648467678,498806.587174448,298.809954466459,302.197253205453,296.302747011743
200800,183.089440000422,-395275.321086333,894082.586899645,498807.265813312,298.176617275186,305.215120229936,293.235801457622
200900,183.180620000423,-406130.432961893,904828.846878921,498698.413917028,301.760495874244,299.186109249272,303.225286544331
201000,183.271800000424,-387999.497907251,886779.36994963,498779.872042379,295.74099381345,299.096620896184,293.257458263449
201100,183.362980000425,-378229.06068158,876940.395782484,498711.335100904,292.459695108382,291.241620105276,293.028028697862
201200,183.454160000426,-371848.399560342,870621.203709004,498772.804148663,290.352244025014,291.904051434788,289.075745548477
201300,183.545340000428,-385414.357710783,884143.593032342,498729.235321559,294.861961991776,305.100797475034,287.790353367946
201400,183.636520000429,-382246.756122118,881088.263891269,498841.50776915,293.84300946849,307.432710939896,284.538339312996
201500,183.72770000043,-387091.452389262,885853.843013481,498762.390624219,295.432330503079,296.999108620723,294.141618149229
201600,183.818880000431,-358056.561676509,856946.9841508,498890.422474291,285.791890662265,279.946175749058,289.450874028851
201700,183.910060000432,-379172.02731512,877912.355844679,498740.328529559,292.783843870161,300.119570126722,287.649373162563
201800,184.001240000433,-385949.188788347,884757.042660389,498807.853872042,295.066547493877,295.849082696304,294.298968569347
201900,184.092420000435,-411077.117076952,909764.537907976,498687.420831025,303.406549243947,299.790602583252,305.564341560041
202000,184.183600000436,-378596.414978254,877448.809498884,498852.394520631,292.629251125191,297.702975325966,289.002910615403
202100,184.274780000437,-356941.525632624,855781.171160536,498839.645527911,285.403091932812,279.161684522471,289.326194296427
202200,184.365960000438,-371695.6386209,870544.616463282,498848.977842382,290.32670217218,276.814048204734,299.093199232
202300,184.457140000439,-388666.891719028,887511.037644988,498844.14592596,295.985005050855,291.569771287303,298.681840055681
202400,184.54832000044,-406547.768546382,905245.425186697,498697.656640315,301.89942477462,298.989194969348,303.587995124155
202500,184.639500000441,-352337.652097929,851225.972262825,498888.320164896,283.883932720635,286.951072037149,281.60260323236
202600,184.730680000443,-396497.9012034,895169.658697666,498671.757494266,298.539155810461,304.064321776305,294.60692920339
202700,184.821860000444,-377379.117979819,876232.117976699,498852.99999688,292.2234844011,291.433079500284,292.506901431309
202800,184.913040000445,-383536.754062535,882225.668254471,498688.914191936,294.22233391845,294.701989826077,293.657378035101
202900,185.004220000446,-376549.180150703,875455.870595062,498906.690444359,291.964605834605,289.398084279906,293.432316366209
203000,185.095400000447,-362906.107131661,861738.181110782,498832.07397912,287.389755247884,288.090135559924,286.683343577151
203100,185.186580000448,-378029.745184107,876890.481961752,498860.736777644,292.443048845006,294.865080556829,290.58465849642
203200,185.277760000449,-382776.076048994,881531.33550873,498755.259459736,293.990773889855,299.429475786941,290.119980313555
203300,185.368940000451,-378091.449225013,876897.361124037,498805.911899024,292.445343046202,298.04320861872,288.469728211984
203400,185.460120000452,-381401.455874463,880136.619677955,498735.163803492,293.525636044007,300.709649534606,288.491689020239
203500,185.551300000453,-374209.892498957,873065.852129241,498855.959630283,291.167534476985,282.018696040163,297.024120489469
203600,185.642480000454,-379186.039083646,878032.357106437,498846.318022791,292.823864300963,292.304772930156,292.925905327917
203700,185.733660000455,-366692.296802989,865571.453852818,498879.157049829,288.668152026953,290.782736997517,287.017871919887
203800,185.824840000456,-368910.0513526,867787.844417302,498877.793064702,289.407318465,290.339287382101,288.54483308821
203900,185.916020000457,-375676.157776953,874448.184330869,498772.026553915,291.62854238148,305.128215850689,282.385736283358
204000,186.007200000459,-363327.764450438,862098.460039225,498770.695588788,287.509908300559,288.734061667237,286.454214465857
204100,186.09838000046,-367096.265297726,865856.564909952,498760.299612226,288.763236588278,280.853010371287,293.796084702448
204200,186.189560000461,-379293.545490943,878124.949701353,498831.404210411,292.854743939087,302.245899339325,286.349928052313
204300,186.280740000462,-362141.854972954,860981.271819284,498839.416846329,287.137325936063,291.860026334349,283.749577898926
204400,186.371920000463,-362381.507370652,861212.917319723,498831.409949071,287.214579729772,282.845629474674,289.887867750063
204500,186.463100000464,-379808.669194443,878667.297332038,498858.628137595,293.035616919139,306.020600261891,284.134765009872
204600,186.554280000465,-394738.391621468,893502.8814037,498764.489782231,297.983285443955,290.887990409384,302.465162729132
204700,186.645460000467,-366721.058184339,865546.071553091,498825.013368752,288.659687027878,281.293403606846,293.329992902709
204800,186.736640000468,-376879.671899597,875619.904498898,498740.232599301,292.01931115521,294.035856733765,290.431598010211
204900,186.827820000469,-360434.373016405,859275.179498159,498840.806481753,286.568344004722,290.551511613798,283.674091978667
205000,186.91900000047,-378149.145614062,876984.704400533,498835.558786471,292.474472036196,294.269868281752,291.033812479129
205100,187.010180000471,-385002.672450044,883830.761884152,498828.089434108,294.757632777773,293.865626815876,295.10667205839
205200,187.101360000472,-371308.695695299,870195.9957523,498887.300057001,290.210437136001,302.48041200965,281.788611855956
205300,187.192540000473,-373651.317749993,872437.5010841,498786.183334106,290.957979351042,290.770301983484,290.840632613289
205400,187.283720000475,-367705.562390451,866571.364540487,498865.802150036,289.001622324658,301.75954374106,280.25550669512
205500,187.374900000476,-386668.373761105,885423.190930935,498754.81716983,295.288707997644,293.775043427891,296.05174378748
205600,187.466080000477,-373261.874124777,872060.825694451,498798.951569674,290.832358077189,281.438958496482,296.852264165929
205700,187.557260000478,-389488.356496369,888247.474247718,498759.11775135,296.230606719266,293.757600004456,297.632419023539
205800,187.648440000479,-370401.348629575,869266.36196567,498865.013336095,289.900404190652,297.728272760897,284.440241473663
205900,187.73962000048,-374294.092539144,873066.513660088,498772.421120944,291.167755097578,289.828500932848,291.817951411484
206000,187.830800000481,-378585.196690214,877445.191664275,498859.994974061,292.628044577047,288.304991945197,295.266222961133
206100,187.921980000483,-389066.093754353,887854.623707395,498788.529953041,296.099591031314,296.141778702355,295.824716258094
206200,188.013160000484,-368540.23878705,867399.543373001,498859.304585951,289.277820034351,302.104270081883,280.485788485967
206300,188.104340000485,-379423.470549893,878213.355607059,498789.885057166,292.884227316011,288.671843890184,295.448412743798
206400,188.195520000486,-369696.789333977,868529.511307192,498832.721973215,289.654664434615,282.955139602363,293.879635435752
206500,188.286700000487,-373762.262999843,872594.924083311,498832.661083468,291.010479934404,290.161973783806,291.333641968191
206600,188.377880000488,-371220.5965657,870057.759320499,498837.162754799,290.16433527447,302.150603239161,281.931686351947
206700,188.469060000489,-361574.780701195,860439.076309497,498864.295608302,286.956503688343,287.966094599261,286.044312661323
206800,188.560240000491,-371658.778006194,870486.689633226,498827.911627032,290.307383569527,284.526447519243,293.919418116742
206900,188.651420000492,-387849.849402527,886671.352527226,498821.503124699,295.704969994072,297.15477980539,294.492009311533
207000,188.742600000493,-396325.201927228,895164.719805844,498839.517878617,298.537508689626,309.669964796184,290.867090028012
207100,188.833780000494,-378061.37321107,876912.645242286,498851.272031216,292.450440300913,292.428308721686,292.221485986812
207200,188.924960000495,-376633.500940336,875470.378464602,498836.877524265,291.969444210306,282.274701696898,298.189298015734
207300,189.016140000496,-363389.65649919,862258.506289783,498868.849790592,287.563283738463,291.007098209751,285.02777135449
207400,189.107320000498,-378695.973956157,877566.535376967,498870.56142081,292.668512715347,295.245063643972,290.706921669001
207500,189.198500000499,-364910.319365762,863729.398193049,498819.078827287,288.053826310838,291.502432544336,285.514710633247
207600,189.2896800005,-412591.833309802,911313.8707146,498722.037404797,303.923251864132,309.277190831053,300.100689842965
207700,189.380860000501,-369457.604752898,868281.293891733,498823.689138835,289.571883905864,291.698998123642,287.912497857423
207800,189.472040000502,-374597.868292066,873402.468894815,498804.600602749,291.27979619637,294.284236140569,289.034103070074
207900,189.563220000503,-357129.205809634,856082.871245294,498953.66543566,285.503708936233,288.674937084938,283.151637079651
208000,189.654400000504,-397275.104472131,896050.042419504,498774.937947374,298.832763855096,294.544490240192,301.442585628485
208100,189.745580000506,-378368.522312618,877251.511669094,498882.989356476,292.563452282506,299.422309239811,287.747078100734
208200,189.836760000507,-384758.631651737,883492.253465235,498733.621813498,294.644740191841,308.256349630494,285.324796615912
208300,189.927940000508,-383555.261829115,882427.207940044,498871.946110929,294.289547420391,292.969045836141,294.924640520373
208400,190.019120000509,-396668.794713748,895393.067641383,498724.272927635,298.613662711817,290.475517066524,303.790248423086
208500,190.11030000051,-368750.769632609,867632.884159166,498882.114526557,289.355639205992,294.931520574758,285.39725526081
208600,190.201480000511,-392857.840978922,891624.367089616,498766.526110694,297.356800763587,287.131900808892,303.925603399415
208700,190.292660000512,-377139.272214577,875987.907958436,498848.635743859,292.142040339649,307.769728464264,281.480129889621
208800,190.383840000514,-395042.657588259,893771.618387699,498728.96079944,298.072909250525,280.697339542971,309.408228297853
208900,190.475020000515,-383668.781507717,882457.097750341,498788.316242623,294.299515674618,299.028893880936,290.90134727401
209000,190.566200000516,-392429.713266598,891153.53344618,498723.820179582,297.199777704245,304.459764888087,292.112119766932
209100,190.657380000517,-394241.927583041,893025.682542958,498783.754959917,297.824139584111,298.853823474029,296.889496874513
209200,190.748560000518,-377119.850067197,875959.019170324,498839.169103127,292.132405926405,286.201491939635,295.842904912646
209300,190.839740000519,-374899.910319778,873760.338425646,498860.428105868,291.39914571474,287.216946198689,293.944446104013
209400,190.93092000052,-383970.865259965,882818.536856668,498847.671596703,294.420055646713,309.677337928465,284.003184079174
209500,191.022100000522,-393964.261725521,892675.616692318,498711.354966796,297.707392593736,302.104317675483,294.528019712078
209600,191.113280000523,-383273.314545776,882004.497933774,498731.183387998,294.148573598057,291.768354246481,295.490262687777
209700,191.204460000524,-392703.910065355,891405.603408498,498701.693343143,297.283843057695,301.959049785741,293.919302036449
209800,191.295640000525,-365043.82843898,863889.470200143,498845.641761164,288.10721033855,286.072602026688,289.223526537842
209900,191.386820000526,-371270.217468473,870060.44714521,498790.229676737,290.165231664235,289.543508969999,290.337909100673
210000,191.478000000527,-372405.125194852,871276.204403913,498871.079209061,290.570686811377,300.087675178963,283.983885660642
210100,191.569180000528,-374311.433495588,873129.713365383,498818.279869795,291.188832204563,287.548797161173,293.372864873322
210200,191.66036000053,-360730.748723528,859533.904084605,498803.155361077,286.654628675873,293.050613920277,282.151759655706
210300,191.751540000531,-386042.205401096,884775.682787998,498733.477386902,295.072763977988,294.21331987535,295.399832743098
210400,191.842720000532,-396493.827046975,895197.64980125,498703.822754275,298.54849084584,291.166846381892,303.220796746099
210500,191.933900000533,-387178.289081568,885983.429011109,498805.13992954,295.475547444092,292.621217701672,297.132204316169
210600,192.025080000534,-362546.122326532,861397.365250616,498851.242924084,287.276093130104,289.772073641687,285.372709378105
210700,192.116260000535,-364424.643417659,863276.055027249,498851.41160959,287.902636327247,283.957996894972,290.292477085156
210800,192.207440000536,-372753.076548603,871558.798094858,498805.721546255,290.664931830868,289.143609613393,291.436925865993
210900,192.298620000538,-384080.68029609,882849.603567067,498768.923270977,294.430416397221,296.652224628625,292.703852229287
211000,192.389800000539,-400575.123603566,899342.220875697,498767.097272132,299.930705644722,302.964725936225,297.658083195682
211100,192.48098000054,-389156.347888826,887916.239774598,498759.891885772,296.120139994864,303.234047837638,291.130767983017
211200,192.572160000541,-397926.1324675,896725.232155718,498799.099688219,299.057939688417,299.258203746038,298.675215366928
211300,192.663340000542,-395273.939677172,894080.599746409,498806.660069237,298.175954559416,294.023407394523,300.695839373879
211400,192.754520000543,-383777.600025222,882681.077788351,498903.477763128,294.374213035968,291.550858352549,296.011137647385
211500,192.845700000544,-406260.212074297,905002.884598327,498742.672524029,301.818537468176,309.489795525581,296.452849982015
211600,192.936880000546,-366634.578763947,865523.903488545,498889.324724598,288.652293976503,290.914229887177,286.903793124408
211700,193.028060000547,-392843.664709434,891524.343154848,498680.678445414,297.323442773003,298.511558204324,296.283596283145
211800,193.119240000548,-386447.791613869,885285.02057037,498837.228956501,295.242628170875,290.079832317876,298.4384565494
211900,193.210420000549,-395529.624078697,894274.966724669,498745.342645972,298.240775962871,288.426474934037,304.535109335457
212000,193.30160000055,-375644.542601796,874487.669587211,498843.126985416,291.641710717763,296.093031713698,288.431128628207
212100,193.392780000551,-372179.53811274,871022.932694753,498843.394582013,290.486220675255,292.057745588787,289.196465549004
212200,193.483960000552,-372215.203478979,871078.238446704,498863.034967725,290.504665148142,290.450609811526,290.298614818263
212300,193.575140000554,-387898.611073307,886686.104871895,498787.493798588,295.709889902249,293.530380970203,296.916470948695
212400,193.666320000555,-400391.150166113,899157.17439227,498766.024226157,299.86899262707,303.59595246816,297.134461905821
212500,193.757500000556,-383926.189065286,882727.134300764,498800.945235478,294.389572886698,309.474018314245,284.087951290926
212600,193.848680000557,-382380.897726301,881166.448278582,498785.550552281,293.869083968178,286.79389287568,298.340987126535
212700,193.939860000558,-373208.116813245,872067.204599525,498859.08778628,290.834485442563,293.207475267642,289.010130154642
212800,194.031040000559,-380317.868220416,879093.685935766,498775.81771535,293.177817554032,301.219649016916,287.572281730815
212900,194.122220000561,-363873.770553099,862778.875614408,498905.105061309,287.736826951612,283.271873881935,290.473681642269
213000,194.213400000562,-377379.114100108,876155.266539728,498776.15243962,292.197854440463,289.483223923758,293.764109906232
213100,194.304580000563,-367877.590723131,866742.238690894,498864.647967763,289.058608868065,283.284674968204,292.667015960583
213200,194.395760000564,-396243.176570219,894961.119080179,498717.94250996,298.469607830642,298.958372823045,297.895039829181
213300,194.486940000565,-378940.505096915,877813.942206768,498873.437109852,292.751022913713,289.952483685327,294.372756546876
213400,194.578120000566,-375872.594242147,874669.526477336,498796.932235189,291.702360005782,286.532007368672,294.90617646385
213500,194.669300000567,-358590.748918642,857495.631992152,498904.88307351,285.974864763099,292.132089824888,281.631735667937
213600,194.760480000569,-368782.012260024,867639.822736251,498857.810476228,289.357953222028,286.795575378161,290.825073490254
213700,194.85166000057,-366590.351660206,865481.465667511,498891.114007304,288.63814095965,283.181075286272,292.03565295777
213800,194.942840000571,-369370.296337647,868256.982874156,498886.686536508,289.563776179475,288.528091234153,290.012929662873
213900,195.034020000572,-376471.255207906,875322.260026063,498851.004818157,291.920046698704,286.36319578807,295.381347266876
214000,195.125200000573,-371651.864310018,870523.523550224,498871.659240206,290.319667683917,292.776540979537,288.439819097099
214100,195.216380000574,-371057.013040147,869883.805470376,498826.792430229,290.106321650951,283.648288345864,294.169921919634
214200,195.307560000575,-357028.432192057,855928.072633506,498899.640441449,285.452083586295,284.657688066763,285.743803862995
214300,195.398740000577,-376712.718407119,875608.752566268,498896.034159149,292.015591984748,294.87343610691,289.86701624332
214400,195.489920000578,-384012.000883729,882810.971215495,498798.970331766,294.417532504751,298.773918725132,291.267927080742
214500,195.581100000579,-363533.948211401,862434.23076959,498900.282558189,287.62188786713,290.884517430213,285.207116585187
214600,195.67228000058,-392211.178737427,891003.398386074,498792.219648647,297.149707649183,297.639630641441,296.575467564637
214700,195.763460000581,-376378.898782774,875317.631265536,498938.732482762,291.918503006682,291.783849446109,291.765006627892
214800,195.854640000582,-400947.115042242,899695.289565845,498748.174523602,300.048454082323,293.03209690463,304.475985155716
214900,195.945820000583,-373578.76344705,872436.780047213,498858.016600163,290.95773888518,284.852951507348,294.785132354664
215000,196.037000000585,-374358.39111648,873134.048604862,498775.657488382,291.190278007291,291.248882173546,290.908549998115
215100,196.128180000586,-367585.201724909,866498.127965676,498912.926240767,288.977197920853,287.415627016662,289.777430858712
215200,196.219360000587,-385702.930461117,884493.675278837,498790.744817719,294.978714450171,291.225450351725,297.235074920427
215300,196.310540000588,-363075.600677965,862060.545755706,498984.945077741,287.497263883844,280.790764987822,291.728682094622
215400,196.401720000589,-377334.309841009,876146.631416983,498812.321575974,292.194974626308,297.689206501979,288.288657563673
215500,196.49290000059,-381218.350286156,880113.523730154,498895.173443998,293.51793354349,286.581478139348,297.897638868298
215600,196.584080000591,-357166.06823273,855959.978139525,498793.909906796,285.462724075213,277.55184510906,290.498757782585
215700,196.675260000593,-368953.950666042,867732.147803571,498778.197137529,289.388743639677,287.382807891563,290.484876852053
215800,196.766440000594,-366690.748434275,865495.03463279,498804.286198515,288.642666210702,307.389274790741,275.904391602168
215900,196.857620000595,-374462.154021654,873263.352886695,498801.198865041,291.233400996063,304.49937294263,282.146725197522
216000,196.948800000596,-375285.559951607,874083.347832726,498797.787881119,291.506869378931,290.603367825299,291.866281356871
216100,197.039980000597,-372164.402388133,870992.858893043,498828.45650491,290.476191059878,302.05513357165,282.51483255948
216200,197.131160000598,-362837.236927741,861681.936147949,498844.699220208,287.37099754809,283.58439730281,289.65592188032
216300,197.222340000599,-379950.606266326,878780.684551609,498830.078285284,293.07343156632,289.762050594116,295.036791021483
216400,197.313520000601,-380774.842625669,879541.365998083,498766.523372414,293.327118892141,286.082179037693,297.912639529362
216500,197.404700000602,-389895.353424739,888683.096726215,498787.743301477,296.375886852165,298.659006506611,294.606827176823
216600,197.495880000603,-392525.216073748,891324.800770239,498799.584696491,297.256895371098,301.841783978021,293.952588887007
216700,197.587060000604,-374340.936849408,873161.60226178,498820.665412372,291.19946715417,292.033564882372,290.400735779408
216800,197.678240000605,-382675.156799796,881510.044381813,498834.887582017,293.983673297253,296.323336382111,292.178911512933
216900,197.769420000606,-391274.953518858,890056.685602041,498781.732083182,296.833978856775,301.736828300106,293.318050912174
217000,197.860600000607,-379571.992125338,878336.052698089,498764.060572751,292.925146806099,294.033733601378,291.941984653575
217100,197.951780000609,-397519.36741183,896230.605219924,498711.237808094,298.89298156409,290.87513596625,303.989134478014
217200,198.04296000061,-390319.780694803,889098.311713763,498778.53101896,296.51436108513,296.012490010288,296.601846500787
217300,198.134140000611,-402039.987008471,900768.422375089,498728.435366619,300.406343963678,302.26115323935,298.919465826596
217400,198.225320000612,-387639.236477384,886426.544754965,498787.308277581,295.623326581613,298.952873716332,293.157275719648
217500,198.316500000613,-365453.853617359,864273.497281611,498819.643664252,288.235283402238,294.851264709451,283.584433127927
217600,198.407680000614,-401070.155337495,899840.666066584,498770.510729088,300.09693715744,323.012913193578,284.56953901905
217700,198.498860000615,-399096.166384511,897852.765137427,498756.598752916,299.433972031825,301.269827063394,297.960540367419
217800,198.590040000617,-387028.256915243,885782.878701218,498754.621785975,295.408663899022,290.479115920528,298.448855331437
217900,198.681220000618,-385600.720966667,884354.132542502,498753.411575835,294.932176935969,296.840570385145,293.414137822404
218000,198.772400000619,-383854.251216294,882648.181539077,498793.930322784,294.363242134093,293.76543523929,294.516477362183
218100,198.86358000062,-372928.512612282,871701.230498781,498772.717886499,290.712433049452,294.344941653918,288.0485002856
218200,198.954760000621,-380487.306857746,879348.302262621,498860.995404875,293.262732120267,302.916458190538,286.582529129986
218300,199.045940000622,-394734.158966518,893441.007355016,498706.848388498,297.96265044356,301.607805778484,295.284244678242
218400,199.137120000623,-383758.853440496,882605.416334816,498846.56289432,294.348979934906,299.924135317713,290.38691886309
218500,199.228300000625,-394416.45559758,893151.729660173,498735.274062593,297.866176308212,298.95646881196,296.891092825456
218600,199.319480000626,-383422.759197826,882307.293179497,498884.533981671,294.249555837751,306.70680836226,285.699512858214
218700,199.410660000627,-391250.913978954,890025.823327162,498774.909348208,296.82368628553,292.093249746943,299.729957572683
218800,199.501840000628,-392735.896886679,891545.458249371,498809.561362691,297.330484658786,300.412792587852,295.027837302194
218900,199.593020000629,-384683.955408162,883421.793244087,498737.837835926,294.621241702214,292.363256170125,295.881047688855
219000,199.68420000063,-374398.366954595,873175.495153122,498777.128198527,291.204100434591,285.19792354111,294.965548279883
219100,199.775380000632,-374463.406892402,873273.937787588,498810.530895186,291.236931061393,287.969601685062,293.172453203063
219200,199.866560000633,-377657.172682916,876512.460574065,498855.287891149,292.316978680695,289.866548432381,293.707001364003
219300,199.957740000634,-385639.351320678,884480.577523615,498841.226202937,294.974346347712,301.508591703677,290.372370821779
219400,200.048920000635,-383175.216911517,882028.100941714,498852.884030198,294.156445203173,303.326462208384,287.797970162031
219500,200.140100000636,-394225.569532502,892977.803168146,498752.233635644,297.80817180862,297.337829516177,297.873559860408
219600,200.231280000637,-391066.127955096,889815.606716967,498749.478761871,296.753579028503,294.867323922487,297.763787783325
219700,200.322460000638,-370754.63325425,869576.908977637,498822.275723387,290.003971645035,285.787251532141,292.573448410593
219800,200.41364000064,-386244.580708431,885066.570902341,498821.99019391,295.169775188375,292.143872279653,296.941068981532
219900,200.504820000641,-375769.600604388,874630.294186765,498860.693582377,291.689276033605,296.247157698999,288.407613859981
220000,200.596000000642,-380562.848571275,879421.002072552,498858.153501276,293.28697751294,303.426347978003,286.282991388305
220100,200.687180000643,-375980.632315578,874813.822236781,498833.189921203,291.750482653587,300.241847694478,285.846447224116
220200,200.778360000644,-376239.570722894,875067.946977703,498828.376254809,291.835233275872,294.811773033942,289.607677409429
220300,200.869540000645,-390335.063903433,889080.411552963,498745.34764953,296.508391380011,299.749887123854,294.100303891299
220400,200.960720000646,-383111.272155066,881877.890199341,498766.618044274,294.106349908068,298.516436306529,290.921203684171
220500,201.051900000648,-374362.253737368,873208.967723904,498846.713986536,291.215263539738,290.254026963811,291.613408537405
220600,201.143080000649,-347694.563277332,846600.351241353,498905.787964021,282.341287724313,279.362028264129,284.092176291331
220700,201.23426000065,-359180.945482003,858126.826541185,498945.881059182,286.185368197827,292.432082537159,281.782404164775
220800,201.325440000651,-366956.404844936,865832.542204443,498876.137359507,288.755225013988,284.226902284267,291.533477479624
220900,201.416620000652,-388219.679170713,887005.854726515,498786.175555802,295.816526505424,299.285659375211,293.257257486812
221000,201.507800000653,-375462.724174453,874232.162226668,498769.438052214,291.556498991718,280.810409208326,298.477595098155
221100,201.598980000654,-377397.264383019,876183.451242607,498786.186859588,292.207254041223,289.514034451075,293.759227722954
221200,201.690160000656,-362226.337462366,861077.90994524,498851.572482875,287.169554759126,273.976988932311,295.72529068137
221300,201.781340000657,-361338.288090907,860269.591123589,498931.303032683,286.899980364712,286.814046448328,286.718186325333
221400,201.872520000658,-363735.321332119,862645.377534357,498910.056202237,287.692305330784,302.585724082561,277.52361590849
221500,201.963700000659,-372238.526191135,871080.746498078,498842.220306944,290.505501583485,289.690034541667,290.807058360044
221600,202.05488000066,-384582.430678056,883332.160940603,498749.730262547,294.591349321528,303.065661533033,288.69631505609
221700,202.146060000661,-366414.685476699,865200.167809461,498785.482332762,288.544328100537,287.563945373079,288.957462978759
221800,202.237240000662,-383778.366101024,882582.03353882,498803.667437796,294.341181770492,293.14886832664,294.890773081585
221900,202.328420000664,-375472.162026051,874299.272358475,498827.110332424,291.578880226271,285.355828342092,295.484599082202
222000,202.419600000665,-370339.388080201,869190.699848034,498851.311767833,289.875170868112,290.061678244356,289.509269974893
222100,202.510780000666,-377398.744285601,876269.306544118,498870.562258516,292.235886791435,291.343839046907,292.587055382128
222200,202.601960000667,-368600.174724806,867443.717069056,498843.54234425,289.292551965668,290.067409788471,288.534902957162
222300,202.693140000668,-389230.980544131,887996.020662894,498765.040118763,296.146746927762,297.632901874222,294.909188007683
222400,202.784320000669,-383597.488514934,882371.02455034,498773.536035405,294.270810255241,285.923206020105,299.590654070119
222500,202.87550000067,-406883.371220001,905604.761597991,498721.39037799,302.019263497746,298.67652368378,303.996073987475
222600,202.966680000672,-383933.874058626,882822.696955241,498888.822896615,294.421443039934,292.488839556777,295.464494159503
222700,203.057860000673,-399373.355554665,898200.187885921,498826.832331256,299.549837547414,286.357672342056,308.094989486362
222800,203.149040000674,-373203.850170176,872041.488301371,498837.638131195,290.825909054985,283.431290064971,295.513300124113
222900,203.240220000675,-390885.283603492,889650.912979105,498765.629375612,296.698653653195,288.540709056882,301.890034506025
223000,203.331400000676,-403102.616936346,901781.576413175,498678.959476829,300.744230919852,301.918349975823,299.710864690104
223100,203.422580000677,-383380.221900709,882141.071145523,498760.849244813,294.194120775562,296.631832478176,292.323817873174
223200,203.513760000678,-380858.129468142,879637.958981533,498779.829513391,293.359332660174,289.881406279752,295.433484136572
223300,203.60494000068,-377847.993068768,876737.406661163,498889.413592395,292.391998219498,296.107411122458,289.671396285674
223400,203.696120000681,-381089.049723118,879956.493316982,498867.443593864,293.465563887604,297.389878322929,290.604799627482
223500,203.787300000682,-368078.331466272,866921.101182117,498842.769715846,289.118259523801,289.867638034447,288.377741967102
223600,203.878480000683,-363838.040889154,862642.098509818,498804.057620664,287.691211775827,282.57554224931,290.86191545036
223700,203.969660000684,-361290.3909773,860089.2146361,498798.8236588,286.839824791095,284.375173417139,288.24389251974
223800,204.060840000685,-364811.767085649,863614.304633753,498802.537548104,288.015442599217,300.339403376616,279.559455878785
223900,204.152020000686,-385145.599971262,883954.28375243,498808.683781168,294.798827331142,306.434343820235,286.796150648972
224000,204.243200000688,-367372.784034456,866231.997900397,498859.213865941,288.888443521893,294.231045651327,285.085968399336
224100,204.334380000689,-373086.811269582,871960.272973816,498873.461704234,290.798823736474,297.463208086808,286.113568483137
224200,204.42556000069,-382871.714451615,881727.572930934,498855.85847932,294.056219086521,299.599635377953,290.115561376328
224300,204.516740000691,-386042.024949043,884850.942825315,498808.917876272,295.097863206708,298.378174874552,292.665073875474
224400,204.607920000692,-371117.858596332,869950.632014138,498832.773417805,290.128608308867,295.268279280513,286.460387154178
224500,204.699100000693,-391774.441952584,890565.236032474,498790.79407989,297.003580467725,296.645889798554,296.994537930117
224600,204.790280000695,-377676.538306579,876534.418087075,498857.879780496,292.324301513115,293.046472383728,291.599250681445
224700,204.881460000696,-378253.114039132,877110.271875145,498857.157836013,292.516348799448,301.418270713814,286.337970565871
224800,204.972640000697,-365077.987206149,863960.100839292,498882.113633143,288.130765662595,284.064405182444,290.601563677976
224900,205.063820000698,-395697.185884527,894520.083292296,498822.897407769,298.322522358611,300.032939847546,296.93364193069
225000,205.155000000699,-376316.058586118,875198.771616261,498882.713030143,291.878863303739,298.501270507706,287.220692781674
225100,205.2461800007,-384903.897996809,883719.852470043,498815.954473234,294.72064447892,290.575721620823,297.238325847252
225200,205.337360000701,-376543.878380988,875444.728720754,498900.850339766,291.960890018594,292.418115462826,291.41277231409
225300,205.428540000703,-380918.197134383,879741.618131545,498823.420997162,293.393902995346,297.296574226069,290.5476272557
225400,205.519720000704,-378795.339403763,877659.23836954,498863.898965777,292.699429171099,287.483643743296,295.932703265324
225500,205.610900000705,-376764.012092027,875622.914695117,498858.90260309,292.0203150559,292.412825493974,291.515291167972
225600,205.702080000706,-381305.161427432,880135.804632509,498830.643205078,293.525364226283,301.841819924388,287.736455957357
225700,205.793260000707,-373802.367579823,872589.058419951,498786.690840128,291.008523735185,301.392827172197,283.843147674066
225800,205.884440000708,-380985.504187262,879760.975619277,498775.471432015,293.400358719119,304.624655823027,285.672993684247
225900,205.975620000709,-368222.336493846,867045.561130328,498823.224636482,289.159766926906,292.631027536265,286.604626714895
226000,206.066800000711,-375141.219014497,874010.787889292,498869.568874795,291.482670631747,285.682197616734,295.10675041623
226100,206.157980000712,-369584.945022708,868434.420509723,498849.475487015,289.62295164573,299.163258948935,283.021394317221
226200,206.249160000713,-378083.458987873,876843.14131749,498759.682329617,292.427260736198,293.320932353502,291.587790274049
226300,206.340340000714,-377638.396815623,876384.798258517,498746.401442894,292.274403287816,290.247842405061,293.38188187358
226400,206.431520000715,-379085.78458656,877846.314893796,498760.530307236,292.761819207536,291.380933071439,293.438441782261
226500,206.522700000716,-377883.643839175,876759.940905488,498876.297066313,292.399513391858,285.839114788827,296.529446199386
226600,206.613880000717,-384176.545761957,882992.435515979,498815.889754022,294.478050864092,292.524666080814,295.534909010556
226700,206.705060000719,-384884.057526793,883737.047624525,498852.990097733,294.726379064374,285.503558138671,300.62932103229
226800,206.79624000072,-394743.268785791,893500.371918394,498757.103132603,297.982448530396,291.660922730165,301.948480356775
226900,206.887420000721,-376077.210678363,874839.643756256,498762.433077893,291.759094132485,285.719292847034,295.542495744342
227000,206.978600000722,-364944.484202905,863717.308446372,498772.824243467,288.049794379314,277.198067897719,295.04423720506
227100,207.069780000723,-385009.579843273,883787.341464277,498777.761621004,294.743152064124,278.276979626035,305.474981062796
227200,207.160960000724,-378433.60505618,877264.426409923,498830.821353744,292.567759349649,294.480295891065,291.048928522581
227300,207.252140000725,-378222.404923668,877052.799617001,498830.394693333,292.497181796565,293.390204587291,291.658085617918
227400,207.343320000727,-358195.602012721,857056.434099764,498860.832087042,285.828392229369,283.578587735239,287.090071565264
227500,207.434500000728,-382608.479774987,881378.54705988,498770.067284892,293.939818929425,283.072630806678,300.939661162148
227600,207.525680000729,-391378.009177545,890098.396988393,498720.387810848,296.847889607601,294.799774330698,297.965926550864
227700,207.61686000073,-386568.019597971,885283.79107425,498715.771476279,295.242218133817,305.704339005584,288.021435704195
227800,207.708040000731,-390389.470653998,889172.404349948,498782.93369595,296.539070985475,300.854156688949,293.415231290672
227900,207.799220000732,-380703.514025589,879593.896718804,498890.382693215,293.344637891881,300.855918667746,288.092663509726
228000,207.890400000733,-364449.325550246,863297.602215876,498848.27666563,287.90982231645,280.959312886952,292.303570417519
228100,207.981580000735,-390263.27600707,889049.676899105,498786.400892035,296.498141370387,291.925996123177,299.299156417384
228200,208.072760000736,-400272.092562559,899026.633485239,498754.54092268,299.825457223691,302.253639688717,297.956814365988
228300,208.163940000737,-382752.660649211,881523.642436188,498770.981786977,293.988208249521,296.695704281803,291.938220721125
228400,208.255120000738,-385416.642597786,884209.004164151,498792.361566365,294.883776609689,301.655399222144,290.12362505421
228500,208.346300000739,-390691.204097513,889516.704854419,498825.500756906,296.653895232423,300.557593342217,293.804218246531
228600,208.43748000074,-379495.419773201,878316.015576983,498820.595803783,292.91846442454,305.179827638543,284.500123561519
228700,208.528660000741,-363480.485821918,862341.237185669,498860.751363751,287.590874499139,287.766540309565,287.234104896773
228800,208.619840000743,-363032.421466683,861878.57166565,498846.150198967,287.436575509638,282.726332986934,290.337206711849
228900,208.711020000744,-360212.52144805,859070.875946655,498858.354498605,286.500208753262,287.840397416829,285.367999470255
229000,208.802200000745,-374387.286023992,873152.642377235,498765.356353243,291.196479031928,291.94999721836,290.451469841779
229100,208.893380000746,-376759.270663599,875556.30848438,498797.037820781,291.998101879066,285.3786608671,296.167730802145
229200,208.984560000747,-367435.578306579,866306.006267772,498870.427961193,288.913125318583,275.003937635386,297.945156169616
229300,209.075740000748,-350901.206568118,849821.603799663,498920.397231545,283.415575721081,282.686341588165,283.665552163259
229400,209.166920000749,-378152.286634853,877000.227460165,498847.940825312,292.479648977877,307.141187552642,282.46155688722
229500,209.258100000751,-370833.248462895,869604.063053411,498770.814590516,290.013027531569,292.80668369222,287.908912568193
229600,209.349280000752,-391601.005293995,890330.785357805,498729.780063811,296.925391148176,303.955189785643,291.991420897242
229700,209.440460000753,-376834.119808118,875664.861605067,498830.74179695,292.034304353866,295.360906694833,289.573207539594
229800,209.531640000754,-365654.949489193,864549.789714146,498894.840224953,288.327426951524,295.97643869865,282.987812930981
229900,209.622820000755,-382988.401135728,881845.671663046,498857.270527319,294.095605023527,289.956985309629,296.609605161939
230000,209.714000000756,-367894.164402795,866789.176058803,498895.011656009,289.074262484177,294.030787622243,285.529017173396
230100,209.805180000758,-366342.237790199,865164.640901552,498822.403111353,288.532479873788,295.221177259377,283.832904550166
230200,209.896360000759,-377618.189736196,876475.505631976,498857.31589578,292.304654204428,287.140279864668,295.503983219096
230300,209.98754000076,-384834.918942418,883597.170949447,498762.252007029,294.679730181573,291.597358026024,296.489078510121
230400,210.078720000761,-364231.397999563,863031.22116456,498799.823164997,287.820984213627,285.601692742412,289.060661040924
230500,210.169900000762,-378827.273230311,877679.557217931,498852.28398762,292.706205508731,289.782294112598,294.411557934897
230600,210.261080000763,-366492.817821326,865370.073934684,498877.256113358,288.600991807465,286.610649221852,289.687386038034
230700,210.352260000764,-361529.458101582,860488.216970647,498958.758869065,286.972892102934,293.604296388494,282.312811835807
230800,210.443440000766,-366551.900108236,865379.737484728,498827.837376493,288.604214602211,281.643950824899,293.003886941584
230900,210.534620000767,-379029.644149738,877861.683993868,498832.03984413,292.766944803691,300.062096033461,287.659538196509
231000,210.625800000768,-380816.30759227,879514.551624563,498698.244032292,293.318176296336,294.120567166898,292.538817235714
231100,210.716980000769,-366753.836120367,865606.336820931,498852.500700564,288.679785499727,287.781482233528,289.038087855943
231200,210.80816000077,-387705.210015823,886552.314427628,498847.104411805,295.665270777932,302.067409328446,291.150790685273
231300,210.899340000771,-370685.238081943,869564.12934198,498878.891260037,289.999709635478,305.075166640563,279.707738540725
231400,210.990520000772,-369142.651910134,867968.494759124,498825.842848991,289.467565369059,289.733038676242,289.04936019313
231500,211.081700000774,-382522.325039646,881310.098450965,498787.773411318,293.916991312644,302.170876165514,288.169470584638
231600,211.172880000775,-383131.514935901,881923.169380824,498791.654444923,294.121450518867,283.17146484289,301.176339760754
231700,211.264060000776,-368809.070046045,867608.619586241,498799.549540196,289.347546968898,284.051366556339,292.637210954797
231800,211.355240000777,-369111.835246718,867921.517904215,498809.682657497,289.45189858403,281.328581574832,294.626233341342
231900,211.446420000778,-374688.053078019,873455.992459888,498767.939381869,291.297646309784,301.795410911819,284.056388536504
232000,211.537600000779,-367924.013701038,866784.356277689,498860.342576651,289.072655086773,291.305627565507,287.343112888378
232100,211.62878000078,-366978.363177337,865813.771916368,498835.408739032,288.74896512135,292.304106313228,286.13824685583
232200,211.719960000782,-357270.17689531,856141.421586196,498871.244690885,285.523235479805,264.466888793301,299.322863907908
232300,211.811140000783,-359956.780661572,858711.844266856,498755.063605284,286.380471658114,277.388486303807,292.136478167938
232400,211.902320000784,-363010.152578622,861799.714898511,498789.562319889,287.410276771223,270.768313349245,298.265410488565
232500,211.993500000785,-370785.801016772,869564.807483269,498779.006466496,289.999935795654,287.492862299186,291.42965151347
232600,212.084680000786,-369362.62454344,868224.66874818,498862.04420474,289.552999415768,277.18339586824,297.558107614607
232700,212.175860000787,-372761.188780989,871572.940558894,498811.751777905,290.669648343803,289.181730236398,291.419369041787
232800,212.267040000788,-378347.144536426,877135.354300474,498788.209764048,292.524713790387,297.579210864085,288.911278479762
232900,212.35822000079,-378374.934146546,877150.959374602,498776.025228056,292.529918083909,291.502800019409,292.970888528506
233000,212.449400000791,-376619.712097153,875392.949565815,498773.237468662,291.943621666105,293.259756996318,290.82291176124
233100,212.540580000792,-356536.782900793,855401.470037607,498864.687136814,285.276461576657,278.758285201052,289.38418210908
233200,212.631760000793,-378289.016245253,877116.979521396,498827.963276143,292.518585800032,294.235927203878,291.129926042635
233300,212.722940000794,-368865.070422128,867728.740977637,498863.67055551,289.387607462944,282.317124628809,293.860106346147
233400,212.814120000795,-396468.956621347,895263.267383694,498794.310762347,298.570374315055,294.588416464664,300.976204236721
233500,212.905300000796,-392792.207616308,891573.46734167,498781.259725363,297.339825693403,296.355195883732,297.74846237844
233600,212.996480000798,-392553.1044414,891327.437182408,498774.332741008,297.257774614777,302.326588799396,293.630850346185
233700,213.087660000799,-379051.53977537,877830.312644123,498778.772868754,292.756482455936,294.203900300213,291.547573491037
233800,213.1788400008,-396989.970358837,895819.115504916,498829.145146078,298.755749709827,304.407210217411,294.73914624668
233900,213.270020000801,-380921.212661605,879761.547960811,498840.335299205,293.400549595068,287.359012975659,297.183740216678
234000,213.361200000802,-390522.46162363,889352.86378347,498830.40215984,296.599254221601,309.115727191148,288.007772863384
234100,213.452380000803,-391016.686625333,889870.521760668,498853.835135335,296.771893200156,309.997830701465,287.707291621616
234200,213.543560000804,-391758.995093988,890500.382031596,498741.386937608,296.981951653025,299.314312050447,295.1795597617
234300,213.634740000806,-393823.578945195,892586.231932584,498762.652987389,297.677582768913,311.281406813691,288.360302086754
234400,213.725920000807,-406402.526037639,905097.696210367,498695.170172728,301.850157148697,302.793016452131,300.970042482116
234500,213.817100000808,-390767.971567293,889567.143237061,498799.171669767,296.670716437239,289.540747723482,301.176803316046
234600,213.908280000809,-392221.269332054,891040.469832469,498819.200500416,297.162070979646,306.0421668054,290.99437203666
234700,213.99946000081,-383953.805792167,882785.014810674,498831.209018507,294.408876041579,299.538994069234,290.74345662644
234800,214.090640000811,-394901.744709984,893691.324331909,498789.579621924,298.046131176224,293.173713102094,301.046038116331
234900,214.181820000812,-398610.288405725,897355.307627019,498745.019221293,299.268069910628,305.068931189539,295.151438999764
235000,214.273000000814,-397644.961405586,896404.033552314,498759.072146729,298.950819927402,303.830115469013,295.448830549722
235100,214.364180000815,-403176.081320652,901895.014207441,498718.932886789,300.782062433697,303.973594667801,298.403722558932
235200,214.455360000816,-378562.095043256,877355.765118018,498793.670074762,292.598220816414,295.19140519602,290.625599379331
235300,214.546540000817,-376196.319250518,874983.107807347,498786.788556829,291.806939405485,303.055742619129,284.064564813552
235400,214.637720000818,-392213.21098685,891084.913821577,498871.702834728,297.176893053719,294.134717840863,298.957362451413
235500,214.728900000819,-392641.150021006,891501.652617709,498860.502596703,297.315875476975,299.322846800932,295.730131364772
235600,214.82008000082,-366215.371229207,865069.083464808,498853.712235601,288.500611460666,283.907983044144,291.321946562131
235700,214.911260000822,-371477.664239638,870203.914623038,498726.250383399,290.213078080053,285.360931736125,293.205998077604
235800,215.002440000823,-373852.652396355,872618.889827143,498766.237430788,291.01847251197,300.060633635215,284.747849702715
235900,215.093620000824,-401579.217440807,900287.350306581,498708.132865774,300.245906388721,294.697218214434,303.694826916254
236000,215.184800000825,-378098.724654053,876932.229663583,498833.505009531,292.456971707048,283.893778394595,297.922053105593
236100,215.275980000826,-378166.132071686,876985.524236026,498819.39216434,292.474745451401,286.974527669853,295.897828351223
236200,215.367160000827,-375632.613264744,874421.832174582,498789.218909838,291.619753935162,296.414114160616,288.180497323247
236300,215.458340000829,-388938.915448505,887737.751117141,498798.835668636,296.06061401272,297.363613836462,294.945230285215
236400,215.54952000083,-394755.368289731,893478.966401466,498723.598111736,297.975309788717,296.089635370786,298.984113309178
236500,215.640700000831,-378940.458332834,877755.672136466,498815.213803631,292.731589840409,289.865823510129,294.398157735728
236600,215.731880000832,-380707.716214643,879440.634377369,498732.918162726,293.293524888234,301.688799120274,287.452264129467
236700,215.823060000833,-369822.683564908,868678.130092716,498855.446527808,289.704228811978,288.601579559347,290.197908123056
236800,215.914240000834,-387557.123373867,886338.137417726,498781.01404386,295.593842727272,298.866904453654,293.165473374079
236900,216.005420000835,-369929.690940495,868797.119115052,498867.428174557,289.743911660848,289.362975642839,289.75641574647
237000,216.096600000837,-370922.239779276,869695.773267835,498773.53348856,290.043612895726,284.316686607358,293.619860743892
237100,216.187780000838,-378037.151045954,876862.131373141,498824.980327187,292.433593921341,292.90978429785,291.872439008733
237200,216.278960000839,-384437.702267881,883213.019199814,498775.316931933,294.551615541042,301.456348999076,289.703000222734
237300,216.37014000084,-375786.189033078,874644.969043244,498858.780010166,291.694170099464,303.638297481954,283.488340036055
237400,216.461320000841,-369786.845379155,868607.257120163,498820.411741008,289.680592669722,301.536876680784,281.535002835123
237500,216.552500000842,-388537.739304051,887341.195346941,498803.45604289,295.928362630295,306.443507848705,288.671658849163
237600,216.643680000843,-369622.050738197,868426.683872604,498804.633134407,289.620371476606,293.33450694836,286.902930852541
237700,216.734860000845,-394627.235208438,893401.396018776,498774.160810338,297.949440059622,299.975377155211,296.350524129179
237800,216.826040000846,-372349.5035438,871190.256928644,498840.753384844,290.542023321209,288.335585533711,291.77086349344
237900,216.917220000847,-373663.555851485,872515.466595887,498851.910744402,290.983980855724,298.916461224331,285.453173959272
238000,217.008400000848,-388162.439749793,886952.537509258,498790.097759465,295.798745209024,284.748408772461,302.91913721239
238100,217.099580000849,-378603.057313682,877464.446494474,498861.389180791,292.634466064524,287.288045850007,295.95488415248
238200,217.19076000085,-379880.836053745,878691.886967735,498811.05091399,293.043817564694,289.942362386695,294.867251168723
238300,217.281940000851,-386287.590041852,885169.965192826,498882.375150974,295.204257192872,284.875949278814,301.843792254583
238400,217.373120000853,-388762.274997221,887584.477224797,498822.202227576,296.009497156844,286.124441545491,302.352859650116
238500,217.464300000854,-370843.10897572,869752.969069687,498909.860093967,290.062687700413,297.373544448896,284.947064295007
238600,217.555480000855,-389924.367322295,888764.846027774,498840.478705479,296.40315025105,304.675762029416,290.641073106931
238700,217.646660000856,-392124.858699642,891007.023102411,498882.164402769,297.150916492383,298.02510330466,296.320499520454
238800,217.737840000857,-392000.297137349,890815.765049672,498815.467912323,297.087131915849,299.852685937558,294.995856624778
238900,217.829020000858,-377069.330091675,875899.349010052,498830.018918377,292.112505922979,288.684389200348,294.15448998313
239000,217.920200000859,-366673.189852123,865490.133002197,498816.943150074,288.641031516491,291.669853325672,286.381282784107
239100,218.011380000861,-371870.174257054,870718.718731996,498848.544474942,290.384765293312,295.222588055689,286.917562813983
239200,218.102560000862,-381705.9801848,880524.384292465,498818.404107666,293.654955575276,300.625191983807,288.763418839943
239300,218.193740000863,-378059.430142909,876886.205109686,498826.774966777,292.441622514486,308.796060872305,281.294962257178
239400,218.284920000864,-375452.25471911,874297.829473218,498845.574754108,291.578399023918,289.817572552816,292.5093013388
239500,218.376100000865,-388565.627986558,887429.320290947,498863.692304389,295.957752306469,298.87263287702,293.767867132513
239600,218.467280000866,-390717.492353485,889527.277488377,498809.785134892,296.657421206729,311.939436059021,286.222196787529
239700,218.558460000867,-384530.435011895,883300.230504138,498769.795492243,294.580700518305,301.791937012552,289.527725605043
239800,218.649640000869,-381640.840881831,880442.964441134,498802.123559303,293.627802048069,306.19652019079,285.003966784549
239900,218.74082000087,-375677.744018141,874589.76020255,498912.016184409,291.67575794649,299.260530877037,286.376179527837
240000,218.832000000871,-385641.660424873,884533.351374705,498891.690949832,294.991946431451,297.823961215352,292.858109953491
240100,218.923180000872,-369373.839360052,868247.619162713,498873.779802661,289.560653380928,293.436245665972,286.735624646414
240200,219.014360000873,-375040.630181027,873917.90893648,498877.278755453,291.45169549324,291.196199765792,291.379149565295
240300,219.105540000874,-383453.667416351,882271.209847266,498817.542430915,294.237522043444,290.590883236111,296.42341664663
240400,219.196720000875,-381925.565425047,880772.583014277,498847.017589231,293.737729869694,306.940415261062,284.691158167224
240500,219.287900000877,-375357.699650625,874169.210959061,498811.511308436,291.535504738723,285.105809464418,295.579022000977
240600,219.379080000878,-369034.910547434,867877.388079143,498842.477531709,289.437181283689,294.354198050237,285.917972454922
240700,219.470260000879,-362787.302230534,861671.051007501,498883.748776967,287.367367352843,291.814497949059,284.163140815906
240800,219.56144000088,-377800.51075147,876683.900430759,498883.389679289,292.374153887197,289.849764761896,293.813434842491
240900,219.652620000881,-353469.84663745,852327.295911295,498857.449273845,284.251224249223,281.656876115557,285.743913651459
241000,219.743800000882,-379653.783114385,878444.959342283,498791.176227898,292.961467181018,300.204156748386,287.888872913455
241100,219.834980000883,-373225.844008069,872019.285947775,498793.441939706,290.818504568209,292.675397535895,289.33822716928
241200,219.926160000885,-384230.858373522,883053.518632133,498822.660258611,294.498422088422,297.603190369059,292.183161216257
241300,220.017340000886,-370927.548067315,869784.139154444,498856.59108713,290.073082926278,287.379587240481,291.627019147704
241400,220.108520000887,-357986.909628004,856881.035632181,498894.126004177,285.769896825807,281.811261039376,288.170845769404
241500,220.199700000888,-380640.770960017,879414.11048943,498773.339529413,293.284679169395,281.700009802872,300.763388181101
241600,220.290880000889,-387567.320198204,886379.696787955,498812.376589752,295.607702780709,304.462846926965,289.457933597555
241700,220.38206000089,-373661.841775384,872401.961797588,498740.120022204,290.946126996027,296.10886285766,287.261847982443
241800,220.473240000892,-360767.964722045,859677.361029726,498909.396307681,286.702471579032,291.514177489641,283.255748912309
241900,220.564420000893,-391441.044149511,890176.292841881,498735.24869237,296.873867881234,294.201750007029,298.40788490747
242000,220.655600000894,-390616.545436701,889465.489557325,498848.944120625,296.636814926572,300.572416678433,293.765883079559
242100,220.746780000895,-372750.077094314,871505.565520037,498755.488425723,290.647178762727,298.440410167718,285.209485177098
242200,220.837960000896,-361757.305711594,860613.962767672,498856.657056078,287.014828336726,283.446422784136,289.154586348172
242300,220.929140000897,-378902.072866871,877688.756009024,498786.683142153,292.709273306328,289.337900211035,294.712930975435
242400,221.020320000898,-377545.742853529,876352.792010561,498807.049157031,292.263729201454,286.624263042148,295.779820199991
242500,221.1115000009,-373461.245377018,872230.644477802,498769.399100783,290.888992655595,281.616001336233,296.828579374624
242600,221.202680000901,-382539.123663401,881357.44604056,498818.322377159,293.932781737722,280.436154558416,302.685589205813
242700,221.293860000902,-395603.929450799,894380.718901189,498776.789450391,298.276044322558,296.857384348722,298.973254268178
242800,221.385040000903,-378232.863654777,877051.281912833,498818.418258056,292.496675642099,272.851735863519,305.34955493145
242900,221.476220000904,-380515.570125749,879271.638951913,498756.068826164,293.237164899754,293.825774073366,292.600394479929
243000,221.567400000905,-392285.367899157,891045.894329159,498760.526430001,297.163880049744,302.193137974602,293.563404866465
243100,221.658580000906,-376999.467259743,875821.078471825,498821.611212082,292.086402691954,297.072786210422,288.518741677399
243200,221.749760000908,-379113.0718714,877976.954845137,498863.882973737,292.8053876422,298.014272853643,289.088793011536
243300,221.840940000909,-390699.427684771,889555.903379356,498856.475694586,296.666967943757,299.400201525578,294.597589749258
243400,221.93212000091,-385375.125599728,884186.164415435,498811.038815707,294.876159551587,287.599550837902,299.481501894419
243500,222.023300000911,-377714.171252943,876501.088297946,498786.917045003,292.313186025662,288.758228624546,294.439563304718
243600,222.114480000912,-379850.445824981,878638.920163573,498788.474338592,293.02615313109,291.032619233539,294.110987268515
243700,222.205660000913,-397668.800627009,896487.033193708,498818.232566698,298.978500314727,302.184484914189,296.592028498156
243800,222.296840000914,-404105.241165649,902872.153725807,498766.912560158,301.107938544541,303.417585117096,299.317250880718
243900,222.388020000916,-396486.72231727,895333.364439942,498846.642122672,298.593751689159,304.329672059746,294.520976649025
244000,222.479200000917,-384239.649286163,883035.576980876,498795.927694713,294.492438546232,289.914978661167,297.298668104152
244100,222.570380000918,-374327.116659409,873222.436588774,498895.319929365,291.219755407295,302.139990670067,283.696915435941
244200,222.661560000919,-394133.272402826,892892.697730647,498759.425327821,297.779789138118,286.148365166754,305.28592196141
244300,222.75274000092,-398680.260496664,897473.755786088,498793.495289424,299.307572381553,312.177101619039,290.478463246245
244400,222.843920000921,-399001.120753389,897708.307515318,498707.18676193,299.385795402807,303.271410116317,296.545897430965
244500,222.935100000922,-393674.2604888,892446.434233297,498772.173744497,297.630960224544,298.657230040605,296.698754546982
244600,223.026280000924,-385649.980033244,884446.274812248,498796.294779003,294.962906390611,293.049716246151,295.992564064926
244700,223.117460000925,-392598.998348134,891452.065238182,498853.066890048,297.299338081768,294.930528782736,298.630794832722
244800,223.208640000926,-396923.69006186,895695.542409766,498771.852347905,298.714538072291,297.410860115891,299.334727928165
244900,223.299820000927,-388156.045027784,887000.712315619,498844.667287835,295.814811510962,296.482805955389,295.122969538417
245000,223.391000000928,-388818.085943264,887594.909562249,498776.823618984,296.012976342254,292.203200595931,298.306149359517
245100,223.482180000929,-376837.398588967,875675.329486465,498837.930897499,292.037795393185,306.236180167454,282.328840714179
245200,223.57336000093,-396012.193981104,894799.14307585,498786.949094746,298.415588819693,305.41942225965,293.497686869039
245300,223.664540000932,-392993.383046195,891827.041991469,498833.658945275,297.424392860253,301.686424272457,294.335184924733
245400,223.755720000933,-389368.757767447,888177.398627494,498808.640860048,296.207236494079,304.291777573371,290.570703077473
245500,223.846900000934,-395434.059291495,894273.270196536,498839.210905041,298.240210170597,300.263883092505,296.642561380851
245600,223.938080000935,-393148.882835081,891939.409557694,498790.526722613,297.461867452958,307.92625091702,290.237726920705
245700,224.029260000936,-383432.117052721,882275.337041726,498843.219989005,294.23889846314,295.465939878095,293.175671771118
245800,224.120440000937,-389558.26099293,888380.45810797,498822.19711504,296.274956847747,308.909649618213,287.604932536729
245900,224.211620000938,-392432.034271683,891328.556670269,498896.522398586,297.258147964072,312.786194691433,286.658401689195
246000,224.30280000094,-390112.399995483,888980.769585047,498868.369589564,296.475160775403,289.211686835174,301.070414101576
246100,224.393980000941,-394334.83386421,893180.893538523,498846.059674312,297.875902464073,307.629073760985,291.125558347411
246200,224.485160000942,-375528.093987555,874369.448167081,498841.354179526,291.602283864292,298.730223792752,286.607322008766
246300,224.576340000943,-387387.403410193,886242.458680411,498855.055270218,295.5619338604,292.671088864525,297.242862246101
246400,224.667520000944,-369463.344896864,868347.994704781,498884.649807917,289.594128632577,278.377402483814,296.830617624557
246500,224.758700000945,-374875.970864359,873779.140228846,498903.169364488,291.405416117674,294.241562740473,289.271813855711
246600,224.849880000946,-361899.971576403,860797.807297422,498897.835721018,287.076140502725,291.856722089304,283.649855994586
246700,224.941060000948,-383921.368187368,882834.055422509,498912.687235141,294.425231089715,300.258423611509,290.291081715941
246800,225.032240000949,-393191.841018966,892071.288873505,498879.44785454,297.505849215776,303.651020243869,293.161146989368
246900,225.12342000095,-381229.162788735,880072.290389714,498843.127600979,293.504182221015,307.852805734362,283.6938463936
247000,225.214600000951,-386483.337037499,885324.137270726,498840.800233227,295.255673593705,290.80662860641,297.975657190574
247100,225.305780000952,-368229.073128493,867083.342355469,498854.269226975,289.172366968641,296.206377033026,284.242049953243
247200,225.396960000953,-378585.641721409,877525.998093565,498940.356372157,292.654993527952,307.833476511457,282.292125711009
247300,225.488140000955,-366866.851089227,865841.38909114,498974.538001913,288.758175451439,293.780652398504,285.169225673854
247400,225.579320000956,-369592.857272645,868511.689856797,498918.832584152,289.648720979422,302.108376452254,281.100910063384
247500,225.670500000957,-389867.342176177,888664.076879145,498796.734702968,296.369543731581,298.391789477168,294.774405281414
247600,225.761680000958,-393311.535372502,892146.595780118,498835.060407616,297.53096407541,306.718355140819,291.158094228408
247700,225.852860000959,-396671.908133676,895420.049877675,498748.141743999,298.62266128987,292.514359632731,302.446010176889
247800,225.94404000096,-384401.984271715,883319.452389009,498917.468117294,294.587111018512,293.900352673065,294.799460656295
247900,226.035220000961,-392426.764438791,891221.778436791,498795.013998,297.222537414304,308.777277209048,289.271692103296
248000,226.126400000963,-382295.758329366,881220.684333063,498924.926003697,293.88717169687,290.761832728013,295.725825033025
248100,226.217580000964,-391888.722484946,890762.71934291,498873.996857964,297.069441168221,304.425740525577,291.91768372901
248200,226.308760000965,-388373.642050506,887257.297225579,498883.655175073,295.900382599826,315.932276037547,282.299203322512
248300,226.399940000966,-375776.530670668,874589.40668886,498812.876018192,291.675640049645,297.321317115377,287.668792305782
248400,226.491120000967,-385125.539420818,883896.995025792,498771.455604974,294.779721536032,300.191533087407,290.926197400501
248500,226.582300000968,-389859.777288519,888682.079286056,498822.301997536,296.375547535786,297.676892025655,295.261004919593
248600,226.673480000969,-382454.09841184,881288.813411621,498834.714999781,293.909892750249,289.526510173289,296.58722289093
248700,226.764660000971,-389748.323871173,888664.796774565,498916.472903393,296.369783816763,300.436485948124,293.411674242675
248800,226.855840000972,-372782.782071767,871634.59923166,498851.817159893,290.690211516311,284.583620419238,294.519030404765
248900,226.947020000973,-377813.596633091,876696.807879456,498883.211246365,292.378458522413,294.078726529763,291.001297802078
249000,227.038200000974,-391501.290486657,890257.278568837,498755.988082181,296.900876627926,295.040164452423,297.893934014405
249100,227.129380000975,-388719.977851558,887549.940134543,498829.962282984,295.997979034365,300.543006127252,292.72129598991
249200,227.220560000976,-393088.603089754,891887.564388662,498798.961298908,297.444577084763,308.640258715094,289.732918850306
249300,227.311740000977,-388403.596834866,887314.722355589,498911.125520723,295.919533885472,302.439744600263,291.326127130707
249400,227.402920000979,-383582.54929057,882481.608009805,498899.058719234,294.307689848192,306.259124492706,286.094810343643
249500,227.49410000098,-389055.256742806,887958.121692033,498902.864949227,296.13410761782,304.057144457456,290.605304635049
249600,227.585280000981,-374065.086673116,872895.981218698,498830.894545582,291.110882514156,297.382194262652,286.687415613064
249700,227.676460000982,-400029.910304112,898830.526556366,498800.616252254,299.760055546562,295.739860121019,302.190385783967
249800,227.767640000983,-366916.555158441,865799.568488625,498883.013330185,288.744228277014,287.630216792774,289.246282409609
249900,227.858820000984,-403188.386731188,902025.116943137,498836.730211949,300.825451706899,309.351590019968,294.890671621765
250000,227.950000000985,-385864.614527798,884817.836483554,498953.221955756,295.086822238971,293.859384592423,295.659208318136
250100,228.041180000987,-390231.6364498,889096.360531493,498864.724081694,296.513710365681,304.312546504556,291.067391514457
250200,228.132360000988,-372072.671353547,871030.699932309,498958.028578762,290.488811049628,290.730177784658,290.085825883733
250300,228.223540000989,-401150.599860015,899964.260707795,498813.66084778,300.138155980589,304.115219725602,297.236665020597
250400,228.31472000099,-383355.43064373,882159.489676768,498804.059033038,294.200263357268,286.876395401296,298.837675108452
250500,228.405900000991,-385180.749459586,884021.501987269,498840.752527683,294.821244618065,311.180690722411,283.669262844653
250600,228.497080000992,-389958.100444059,888790.283760132,498832.183316073,296.411633736912,298.012350378183,295.097479614617
250700,228.588260000993,-373434.541070111,872381.779696107,498947.238625995,290.939396263501,291.881192514579,290.069082599229
250800,228.679440000995,-386193.852563526,885045.182015886,498851.32945236,295.162641992958,299.366770423982,292.113920837281
250900,228.770620000996,-369227.612009684,868100.166079639,498872.554069955,289.511477765429,300.528329021249,281.925650696744
251000,228.861800000997,-405279.566794837,904018.442606186,498738.875811349,301.49022598172,305.66806037607,298.453761197168
251100,228.952980000998,-399390.416654573,898192.997482615,498802.580828042,299.547439547312,299.240435866061,299.502485801856
251200,229.044160000999,-415125.42069088,913888.813496482,498763.392805603,304.781995496576,289.960314601738,314.409131096887
251300,229.135340001,-394506.169822389,893331.745111501,498825.575289112,297.926211476238,299.320716367846,296.748269705604
251400,229.226520001001,-378501.884960125,877339.836376483,498837.951416359,292.592908579784,299.614065592705,287.668309814022
251500,229.317700001003,-396635.170617952,895458.786222421,498823.615604469,298.635579864072,296.717766212522,299.66525931522
251600,229.408880001004,-387122.087969347,885942.689990655,498820.602021308,295.461960977374,295.996191336066,294.859589104097
251700,229.500060001005,-381736.117887877,880563.316166412,498827.198278536,293.667939358483,296.3092550357,291.662338957539
251800,229.591240001006,-378264.599606719,877033.005575065,498768.405968346,292.490580481929,296.309312416533,289.701017041793
251900,229.682420001007,-386962.206139063,885799.008337316,498836.802198253,295.414043134006,300.261378233825,291.936308031516
252000,229.773600001008,-371960.168464958,870764.701095336,498804.532630377,290.40010041532,298.007275890778,285.086650014667
252100,229.864780001009,-370232.779902007,869097.115315097,498864.33541309,289.843960418575,289.466495193638,289.854067268185
252200,229.955960001011,-394568.7567893,893361.752175292,498792.995385992,297.936218834515,300.146506751793,296.214413373966
252300,230.047140001012,-396645.91337254,895380.135109012,498734.221736472,298.609349711193,288.756497900505,304.929076460226
252400,230.138320001013,-387927.295073848,886698.841445471,498771.546371623,295.714137550599,293.853592379318,296.708072550162
252500,230.229500001014,-372567.568823801,871391.518601483,498823.949777682,290.609144105881,299.180526608234,284.652714817557
252600,230.320680001015,-374631.032773399,873579.02568238,498947.992908981,291.338677899743,299.008112284883,285.9829394114
252700,230.411860001016,-390060.527042225,888931.010371756,498870.483329531,296.458566073622,300.075397214931,293.800296507689
252800,230.503040001017,-388824.418538889,887612.254223311,498787.835684421,296.018760788164,296.839394726605,295.224989195213
252900,230.594220001019,-386999.22763009,885740.112888692,498740.885258602,295.394401496979,303.156778931234,289.97332120623
253000,230.68540000102,-378840.988752541,877588.697342104,498747.708589563,292.675903732568,300.951551485609,286.914908644095
253100,230.776580001021,-379609.216781764,878398.139299508,498788.922517744,292.945852692849,301.931210163513,286.711492835162
253200,230.867760001022,-364730.69097575,863550.638402606,498819.947426856,287.994209905821,283.250565365348,290.916644424549
253300,230.958940001023,-382827.000081059,881706.59139898,498879.591317921,294.049221743865,301.928022679125,288.551646768906
253400,231.050120001024,-376054.399838008,874974.445644399,498920.045806391,291.80405057342,284.549049833272,296.397547691374
253500,231.141300001026,-371331.495606638,870231.846365214,498900.350758577,290.222393318397,296.671135091068,285.681380142184
253600,231.232480001027,-372443.678194566,871284.902613627,498841.224419061,290.573587665042,292.585357629009,288.990263032676
253700,231.323660001028,-390330.634060162,889048.443389091,498717.809328929,296.497729994694,299.002308676248,294.580929431997
253800,231.414840001029,-392685.528481352,891462.143475003,498776.614993651,297.302699174588,298.275092075763,296.40668499116
253900,231.50602000103,-394715.180613762,893547.115946968,498831.935333206,297.998037667823,301.459681781804,295.441943227114
254000,231.597200001031,-387574.04575452,886535.770413928,498961.724659408,295.659753347983,301.381219346745,291.599059554352
254100,231.688380001032,-383029.402434554,881918.182877715,498888.780443161,294.119787519665,308.737498793816,284.129546847299
254200,231.779560001034,-372330.033071198,871198.379706005,498868.346634807,290.544732268136,292.278622751663,289.146684668894
254300,231.870740001035,-394836.686182999,893568.146298081,498731.460115082,298.005051291673,295.662976766068,299.318096766
254400,231.961920001036,-384429.179236286,883240.55979581,498811.380559525,294.560800332103,303.012618243944,288.680787723931
254500,232.053100001037,-387018.884476457,885821.851541545,498802.967065088,295.421661344521,298.881521235619,292.868903366001
254600,232.144280001038,-371457.579513534,870388.684938689,498931.105425155,290.274698995728,291.596569997318,289.151556078838
254700,232.235460001039,-389480.988694321,888252.647943878,498771.659249557,296.232332147366,296.79583347036,295.609804321915
254800,232.32664000104,-365721.860341155,864614.476087645,498892.615746491,288.34899986248,292.931271357326,285.053861366031
254900,232.417820001042,-395641.940446339,894416.078854742,498774.138408403,298.287836870016,287.814144129004,305.021725499966
255000,232.509000001043,-374527.684025374,873372.436493185,498844.752467811,291.269780387922,283.393156847296,296.278137931349
255100,232.600180001044,-405956.847939749,904678.065297467,498721.217357718,301.710210204258,307.575995300893,297.54826163133
255200,232.691360001045,-405758.787959685,904507.254030849,498748.466071164,301.653244632599,311.058564438304,295.131653724936
255300,232.782540001046,-384301.312785413,883101.234826421,498799.922041007,294.514335443195,293.796644870907,294.747367211851
255400,232.873720001047,-395768.582659558,894603.005272866,498834.422613308,298.350176846045,304.968802992635,293.689134267613
255500,232.964900001048,-388884.100039839,887692.446297946,498808.346258107,296.045504851741,291.467950676418,298.850503047914
255600,233.05608000105,-412892.594953894,911601.565725373,498708.970771479,304.019198174211,300.4247689238,306.162135009339
255700,233.147260001051,-406300.82471964,905009.558517029,498708.733797389,301.82076322062,300.345307256197,302.552883227553
255800,233.238440001052,-408892.477660711,907587.400424445,498694.922763735,302.680473711671,302.950282247646,302.248367626261
255900,233.329620001053,-382860.784974667,881675.483644605,498814.698669938,294.038847305188,288.196677305021,297.688594932544
256000,233.420800001054,-407379.050140851,906109.757878175,498730.707737324,302.187679799291,299.243984320423,303.89832038537
256100,233.511980001055,-377122.714700981,875950.535773625,498827.821072644,292.129576712898,293.288498230458,291.113521053931
256200,233.603160001056,-391297.017262481,890032.299274758,498735.282012277,296.825846014593,290.181410348637,301.008114920219
256300,233.694340001058,-394452.991612444,893230.822810454,498777.83119801,297.892553880425,294.178139678198,300.120586220342
256400,233.785520001059,-402055.712778042,900791.345720496,498735.632942453,300.413988901282,305.8148270714,296.563085130453
256500,233.87670000106,-403954.620149952,902711.248416527,498756.628266575,301.054276610481,302.570114409433,299.792839514004
256600,233.967880001061,-397480.831815824,896290.517441814,498809.68562599,298.912962295085,319.496239641491,284.941683262236
256700,234.059060001062,-390869.518445303,889699.27281687,498829.754371568,296.714781663122,303.688102486732,291.818638795996
256800,234.150240001063,-381790.435891777,880684.946861229,498894.510969452,293.708503205346,292.355274050923,294.365898888956
256900,234.241420001064,-386887.301369866,885695.160485417,498807.859115551,295.379409866739,296.228287348437,294.567342037385
257000,234.332600001066,-386962.054668455,885781.991182458,498819.936514003,295.408367911442,302.744111247164,290.271698714367
257100,234.423780001067,-406708.212566873,905419.222860512,498711.010293639,301.957386313327,306.798539858906,298.478319461014
257200,234.514960001068,-381829.901049513,880679.645782813,498849.744733301,293.706735295252,287.844320080722,297.370256492193
257300,234.606140001069,-385214.659594313,884034.226424807,498819.566830494,294.825488219045,295.818490913784,293.917798515703
257400,234.69732000107,-378587.909561158,877500.924003747,498913.014442589,292.646631316907,292.992610816937,292.172106124123
257500,234.788500001071,-376830.017992967,875636.264042513,498806.246049546,292.02476706437,277.589842722663,301.404695986287
257600,234.879680001072,-378433.854662105,877265.335106181,498831.480444076,292.568062399927,291.618087223642,292.957572465451
257700,234.970860001074,-370092.65632348,868927.344875708,498834.688552228,289.787341962884,278.896101374668,296.806679570059
257800,235.062040001075,-393610.726275589,892354.416883405,498743.690607816,297.600272430684,288.628588296384,303.333394959858
257900,235.153220001076,-388568.687711802,887421.481399473,498852.793687671,295.955138035509,302.833808159877,291.1227286709
258000,235.244400001077,-391387.1303529,890193.421072461,498806.290719561,296.879580147561,302.10035992584,293.151660645251
258100,235.335580001078,-369928.325977116,868843.09160929,498914.765632174,289.759243491509,294.836070358617,286.133226210529
258200,235.426760001079,-383915.978005514,882689.682086124,498773.70408061,294.377082569993,300.797821164631,289.851275938093
258300,235.51794000108,-386759.657997966,885599.533494321,498839.875496355,295.347518257235,291.428075393939,297.714357234219
258400,235.609120001082,-399765.687418028,898440.793323021,498675.105904994,299.630079480747,297.24241711756,300.972162656638
258500,235.700300001083,-384190.958209318,883062.894165598,498871.935956281,294.501548829614,302.870443031417,288.676868071055
258600,235.791480001084,-390989.510574568,889792.055050764,498802.544476196,296.745724545861,311.062906030902,286.953648785379
258700,235.882660001085,-381108.070769333,879974.055349958,498865.984580624,293.471420827066,289.859953706389,295.634506056829
258800,235.973840001086,-401264.431561174,900067.119018273,498802.687457098,300.172459235709,301.977415925506,298.719011059815
258900,236.065020001087,-384119.563488998,882916.001562881,498796.438073883,294.452560134361,293.502802038606,294.840355064753
259000,236.156200001089,-375929.333957786,874776.964268127,498847.630310341,291.738190517968,294.857439749186,289.415575871724
259100,236.24738000109,-382103.870266857,880875.333585731,498771.463318874,293.771997193841,289.829046205762,296.155821188231
259200,236.338560001091,-357844.893254743,856733.786310019,498888.893055277,285.720789164589,281.148475080924,288.530897896061
259300,236.429740001092,-378696.847429955,877488.095085304,498791.247655349,292.642352871537,296.852320763639,289.591838982744
259400,236.520920001093,-371876.603508677,870734.609420902,498858.005912225,290.390064839387,294.510831353109,287.400895442874
259500,236.612100001094,-373030.868352232,871829.483444196,498798.615091964,290.755205417441,283.446306013061,295.385509015846
259600,236.703280001095,-361962.16381304,860817.02114993,498854.857336891,287.082548324139,283.984791593326,288.908484021078
259700,236.794460001097,-381740.113145628,880489.014056983,498748.900911355,293.643159598794,295.20466140385,292.357455762424
259800,236.885640001098,-391305.600206928,890074.907624026,498769.307417098,296.840055902627,299.168931562756,295.040105415955
259900,236.976820001099,-394813.738986357,893599.779485764,498786.040499407,298.015600962403,292.897100408413,301.179588330926
260000,237.0680000011,-381772.581092574,880640.569678709,498867.988586135,293.693703411275,288.595067139518,296.84804950627
260100,237.159180001101,-378842.148226151,877635.741270354,498793.593044203,292.691592886561,303.118675604603,285.496294747129
260200,237.250360001102,-382729.50309319,881578.359959168,498848.856865977,294.006456547997,292.075921108415,295.048474793929
260300,237.341540001103,-379914.400094279,878686.891409063,498772.491314784,293.04215154546,305.588190834733,284.433923559658
260400,237.432720001105,-374271.38081991,873076.129090381,498804.748270471,291.170961844382,297.97272129368,286.393813076648
260500,237.523900001106,-372055.402324993,870859.410338811,498804.008013818,290.431685955915,299.029020807134,284.458102983471
260600,237.615080001107,-375007.768371142,873842.438498784,498834.670127642,291.426526095976,295.486411623523,288.477080305864
260700,237.706260001108,-388808.387702746,887631.340205321,498822.952502575,296.025125964756,294.108955785405,297.05588514602
260800,237.797440001109,-382386.838916256,881208.576063522,498821.737147266,293.883133587968,305.787055568273,285.702282989776
260900,237.88862000111,-391639.375729084,890462.602174634,498823.226445551,296.969352067579,306.063028670203,290.659426539105
261000,237.979800001111,-378583.861282352,877390.380411204,498806.519128852,292.609765019578,292.674983114661,292.322444818672
261100,238.070980001113,-391408.115365839,890264.530541478,498856.415175639,296.903295161407,299.776268625226,294.740560106226
261200,238.162160001114,-388531.783364764,887417.0991431,498885.315778336,295.953676552643,285.015951425298,302.998865240412
261300,238.253340001115,-388846.907573843,887672.846861816,498825.939287973,296.038968438158,298.066360848883,294.440674357309
261400,238.344520001116,-370839.723733902,869708.335593605,498868.611859704,290.047802432418,285.863305629797,292.595760465472
261500,238.435700001117,-372778.820320139,871509.106460108,498730.286139969,290.648359666536,299.274730244369,284.655238981592
261600,238.526880001118,-365735.193704438,864598.855711099,498863.662006661,288.343790465599,288.547047709284,287.967999144421
261700,238.618060001119,-376055.275192195,874809.32245768,498754.047265486,291.748981976882,297.011609894946,287.997439213191
261800,238.709240001121,-385058.495418186,884001.877918141,498943.382499955,294.814699989375,293.608834897571,295.372931133919
261900,238.800420001122,-372885.302581015,871769.810209911,498884.507628896,290.735304388831,285.442487905372,294.021569290814
262000,238.891600001123,-386798.707963611,885651.752639681,498853.04467607,295.364933346567,292.93515259623,296.738649735669
262100,238.982780001124,-390510.756991451,889278.208543404,498767.451551953,296.574356692814,284.554872877999,304.340200605447
262200,239.073960001125,-385148.050501577,883916.004844131,498767.954342554,294.786061312033,297.399813719127,292.797904656212
262300,239.165140001126,-378466.400138321,877261.131605762,498794.731467441,292.566660532187,291.809943348366,292.827333104292
262400,239.256320001127,-399840.511806683,898635.361371597,498794.849564914,299.69496794117,304.24776744229,296.41002246714
262500,239.347500001129,-373337.431770901,872276.773841185,498939.342070285,290.904376802129,294.531571369942,288.243826776253
262600,239.43868000113,-381380.977572915,880186.08558627,498805.108013355,293.542132928554,300.634880195963,288.569016306175
262700,239.529860001131,-364131.08752199,863084.845457282,498953.757935292,287.838867919721,300.383681094727,279.235793413116
262800,239.621040001132,-405460.327880957,904080.929263685,498620.601382728,301.511065287205,303.730797578473,299.77998453862
262900,239.712220001133,-379259.382673245,878119.911647128,498860.528973883,292.853063747583,289.678076779482,294.725677506528
263000,239.803400001134,-400775.932820868,899466.650558583,498690.717737715,299.972202954338,304.772357197959,296.522123289464
263100,239.894580001135,-367255.982344841,866179.791326344,498923.808981503,288.871032625094,296.078236592388,283.825504119711
263200,239.985760001137,-385111.810562091,883923.797971336,498811.987409245,294.788660320606,296.098998124111,293.669444568001
263300,240.076940001138,-379785.750716995,878725.952553961,498940.201836966,293.05517844054,295.41288658844,291.239160359906
263400,240.168120001139,-382560.475516399,881341.909897686,498781.434381287,293.927600432778,304.854311531239,286.398186700111
263500,240.25930000114,-395665.052013208,894463.0756259,498798.023612692,298.303510297115,314.260837383126,287.416705981194
263600,240.350480001141,-402064.287730623,900787.659417686,498723.371687063,300.412759518988,298.18253192534,301.649233948488
263700,240.441660001142,-392281.167192919,891098.089798058,498816.922605139,297.181287242974,309.329894381139,288.834564744828
263800,240.532840001143,-371878.872823794,870737.712915138,498858.840091344,290.391099854973,309.126199669689,277.659040728617
263900,240.624020001145,-371008.767374956,869903.611660198,498894.844285242,290.112927016908,300.140093221987,283.186388774341
264000,240.715200001146,-371999.380100277,870835.115336342,498835.735236065,290.423583570566,288.761528990905,291.28960030403
264100,240.806380001147,-376802.07364122,875609.261119293,498807.187478074,292.015761587225,304.011593687966,283.775193718741
264200,240.897560001148,-370183.541626596,868979.141063904,498795.599437307,289.804615995966,293.216174812266,287.288739605102
264300,240.988740001149,-382215.811518013,881013.162369737,498797.350851723,293.817963104798,296.781935914958,291.597132928772
264400,241.07992000115,-377178.889454009,875991.223798969,498812.33434496,292.143146172743,295.965263320554,289.351615452391
264500,241.171100001152,-368519.54977199,867446.239002156,498926.689230166,289.293393030567,297.034170392313,283.891796961878
264600,241.262280001153,-377437.516460599,876375.331895386,498937.815434786,292.271246254923,301.571532011977,285.827496378341
264700,241.353460001154,-374260.027657526,873148.74772168,498888.720064154,291.195180163975,288.931616985823,292.461559632605
264800,241.444640001155,-387938.461005461,886712.370883996,498773.909878535,295.718649619475,283.975889204842,303.300724354548
264900,241.535820001156,-387609.708379626,886354.514009957,498744.805630331,295.599304322147,303.768393321024,289.906912235961
265000,241.627000001157,-384273.050374893,883064.3415327,498791.291157806,294.502031526663,294.594023643392,294.195285089239
265100,241.718180001158,-387546.328281737,886440.342693942,498894.014412205,295.627928195412,299.86241350642,292.558581381243
265200,241.80936000116,-377857.360331712,876733.038766203,498875.678434492,292.390541526164,302.271004671155,285.559907311565
265300,241.900540001161,-375811.222523112,874688.705993472,498877.48347036,291.708756376012,294.830521434065,289.384489040329
265400,241.991720001162,-383312.750393907,882127.048116418,498814.297722511,294.189444094187,299.716606630868,290.259511199653
265500,242.082900001163,-386713.070715408,885503.757412439,498790.686697031,295.315576925943,304.36997735135,289.033213661566
265600,242.174080001164,-377255.603950153,876088.452664255,498832.848714102,292.175572007422,287.073405709136,295.333536562939
265700,242.265260001165,-393921.279074077,892661.105846518,498739.826772441,297.702553225452,313.065288384899,287.2126443248
265800,242.356440001166,-377627.122304547,876490.978252233,498863.855947686,292.309814324573,285.201767053386,296.804920993427
265900,242.447620001168,-374833.540242584,873676.432750575,498842.892507991,291.371163165108,291.456295596403,291.071598908274
266000,242.538800001169,-367756.843741801,866711.567488938,498954.723747137,289.048380019656,293.684777472293,285.716574734548
266100,242.62998000117,-396592.419087087,895333.626750583,498741.207663496,298.593839169779,302.627489861935,295.655910509035
266200,242.721160001171,-362550.569207023,861372.072203108,498821.502996085,287.267657896651,274.141592109478,295.778978706519
266300,242.812340001172,-384184.028959388,882828.02999413,498644.001034742,294.423221608848,289.611073994119,297.385967333994
266400,242.903520001173,-361570.370423829,860518.454563416,498948.084139587,286.982976342643,291.222652931997,283.917372802789
266500,242.994700001174,-373912.628786344,872742.902218338,498830.273431993,291.059830654773,283.082726274224,296.135350382927
266600,243.085880001176,-370130.892481971,869087.749120883,498956.856638912,289.840836792024,289.813398797958,289.617594757408
266700,243.177060001177,-380451.619460321,879238.969971385,498787.350511064,293.226269792024,292.826439428977,293.248468142562
266800,243.268240001178,-397243.719011542,895984.049768075,498740.330756533,298.810755300342,292.462250117886,302.794083125895
266900,243.359420001179,-375896.650104161,874693.13528418,498796.485180018,291.710233544832,295.61174786418,288.866132137313
267000,243.45060000118,-391727.349246425,890505.465443338,498778.116196912,296.983646971265,294.184217987468,298.602446587987
267100,243.541780001181,-386429.534011067,885296.453670948,498866.919659881,295.246441110872,311.098881543779,284.432108788007
267200,243.632960001182,-388964.11235596,887751.738103213,498787.625747252,296.065278673741,301.100573609603,292.461694317606
267300,243.724140001184,-359074.442194089,857942.617720724,498868.175526635,286.123934540845,278.436018486739,291.010775298132
267400,243.815320001185,-397174.524387356,895969.950158918,498795.425771562,298.806053079513,304.453770022623,294.791903406539
267500,243.906500001186,-366317.276882119,865144.669255386,498827.392373267,288.525819328126,293.487232780255,284.977772177267
267600,243.997680001187,-374398.910047806,873175.741002392,498776.830954586,291.204182425343,281.309915033627,297.557690534466
267700,244.088860001188,-366897.409958763,865711.64436996,498814.234411197,288.714905576108,278.399625145043,295.351163442171
267800,244.180040001189,-384420.829811239,883220.267197112,498799.437385873,294.554032748745,295.028080713176,293.992539078499
267900,244.27122000119,-341966.05279856,840878.572767812,498912.519969253,280.433074126334,287.652634308139,275.386339776693
268000,244.362400001192,-365016.082017449,863839.19780091,498823.115783462,288.090444489215,289.60013057996,286.843911724977
268100,244.453580001193,-383420.462279965,882260.402216504,498839.939936539,294.233917697684,290.783438799004,296.289042032056
268200,244.544760001194,-371199.554484964,869987.602618964,498788.048134,290.140938008659,282.581827158631,294.938561127005
268300,244.635940001195,-371847.673263854,870683.695613361,498836.022349507,290.373085080327,304.314280233333,280.836977407423
268400,244.727120001196,-392136.098509017,890947.619830476,498811.521321459,297.13110549624,310.691117047846,287.84348854059
268500,244.818300001197,-369208.236745808,868056.053340394,498847.816594586,289.496766163213,289.917613316085,288.974954089495
268600,244.909480001198,-389175.525838357,887931.871561806,498756.345723448,296.125353197201,314.447747736148,283.663652376903
268700,245.0006600012,-378376.259768683,877208.482037254,498832.222268571,292.5491018967,294.670995836413,290.890715018644
268800,245.091840001201,-390213.345771887,888997.262543963,498783.916772076,296.480661178577,300.993245993323,293.225204084432
268900,245.183020001202,-371214.595173715,870132.33765479,498917.742481074,290.189207155174,290.160156666549,289.966749808295
269000,245.274200001203,-380175.003912769,879046.02040442,498871.016491651,293.161921095354,292.798919290279,293.159620697825
269100,245.365380001204,-368800.220328793,867715.887622279,498915.667293485,289.38332086786,297.618445412831,283.65208507049
269200,245.456560001205,-378199.837892891,876998.730393136,498798.892500245,292.479149705898,294.564174071284,290.845400837553
269300,245.547740001206,-387913.934132692,886695.91472406,498781.980591367,295.713161488764,302.400081177724,291.008787394885
269400,245.638920001208,-399130.107188339,897824.844872676,498694.737684337,299.424660621203,289.123271423028,306.042732869467
269500,245.730100001209,-377575.649270462,876421.849156701,498846.199886238,292.28675976545,297.560641073329,288.527266593725
269600,245.82128000121,-361688.566407413,860521.235314208,498832.668906794,286.983903723264,298.212898977603,279.258753633935
269700,245.912460001211,-366665.105213587,865587.816942584,498922.711728996,288.673609118754,288.132404932938,288.793850568366
269800,246.003640001212,-387837.109385436,886633.754702209,498796.645316773,295.692431116295,302.215135778369,291.097550982315
269900,246.094820001213,-367821.943796504,866691.585787791,498869.641991286,289.041716120657,286.995707944522,290.164853474646
270000,246.186000001214,-384871.525681193,883594.310492307,498722.784811114,294.678776218878,282.383390485758,302.630134394109
270100,246.277180001216,-388348.344462002,887081.962792098,498733.618330096,295.841908551642,300.935532874724,292.199624079126
270200,246.368360001217,-379763.300718441,878526.584563813,498763.283845373,292.988689199204,302.098962067383,286.671016712751
270300,246.459540001218,-382085.672576452,880891.83031062,498806.157734167,293.777498852966,294.893165631958,292.788906417928
270400,246.550720001219,-342075.583649196,841050.500970266,498974.917321069,280.490412196187,291.313330535141,273.041391293387
270500,246.64190000122,-374769.114066595,873638.361058403,498869.246991808,291.358466252594,292.674200668549,290.238511253413
270600,246.733080001221,-367292.911945637,866155.432407309,498862.520461672,288.862908923565,285.558079733194,290.825409293043
270700,246.824260001223,-382016.076880992,880694.136955791,498678.060074799,293.711568102648,291.928999777234,294.655187346173
270800,246.915440001224,-376907.277621616,875650.24594391,498742.968322294,292.029430029652,295.422882215285,289.523770714204
270900,247.006620001225,-405477.434689387,904274.350775204,498796.916085817,301.575571377423,307.723308195093,297.225767189495
271000,247.097800001226,-367922.549282451,866821.802577004,498899.253294553,289.085143430717,295.416327446617,284.623449800591
271100,247.188980001227,-372272.249847188,871180.100608829,498907.850761642,290.538636187704,294.726905723207,287.504340967211
271200,247.280160001228,-372260.375847894,871067.863930994,498807.488083099,290.501205246288,301.16945859635,283.14695200854
271300,247.371340001229,-393549.978695462,892301.74924196,498751.770546499,297.582707767871,302.226818124386,294.238648607052
271400,247.462520001231,-380311.373400389,879056.42816211,498745.054761721,293.165392083412,292.025213250101,293.681206812216
271500,247.553700001232,-384516.501814055,883318.31562217,498801.813808115,294.586731906677,295.618294363746,293.653534658709
271600,247.644880001233,-380991.517619315,879856.702672908,498865.185053593,293.432283699486,289.532758108118,295.787440523982
271700,247.736060001234,-401942.475602383,900796.652542401,498854.176940017,300.41575872683,311.144461130472,293.012943992129
271800,247.827240001235,-378943.128681694,877858.516378595,498915.387696901,292.765888403733,297.468024506414,289.387159428276
271900,247.918420001236,-377220.920705118,876028.739266585,498807.818561467,292.155657584321,291.078997161734,292.62996815139
272000,248.009600001237,-363329.494434334,862177.412317295,498847.917882961,287.536238891878,283.135436432638,290.230493665627
272100,248.100780001239,-398086.151277644,896786.365573236,498700.214295591,299.078327688256,299.496147659754,298.55054910085
272200,248.19196000124,-365341.523556939,864206.592062899,498865.068505961,288.21297050622,279.708658328193,293.642334482815
272300,248.283140001241,-371312.0319973,870219.239129008,498907.207131709,290.218188804071,303.793606484719,280.926061859635
272400,248.374320001242,-346714.668568884,845740.998957436,499026.330388552,282.054693665978,289.782231364774,276.667956288726
272500,248.465500001243,-356402.446833786,855343.191053104,498940.744219319,285.257025530467,295.519573348459,278.177612797196
272600,248.556680001244,-351879.444286809,850744.53721936,498865.092932551,283.7233740935,286.414316938834,281.692976051533
272700,248.647860001245,-373091.934156972,871881.238905462,498789.30474849,290.772465868088,289.8522297245,291.143646242257
272800,248.739040001247,-381393.041296588,880260.035527676,498866.994231088,293.566795240179,308.28734451754,283.508456725903
272900,248.830220001248,-377997.960684739,876910.033771183,498912.073086444,292.449569375082,290.805324565076,293.302024607274
273000,248.921400001249,-372574.816837466,871597.040946713,499022.224109247,290.67768582515,305.97965151774,280.23414395857
273100,249.01258000125,-356671.041476566,855610.800446567,498939.758970001,285.346273285498,297.372371869219,277.091085668614
273200,249.103760001251,-366820.815284885,865723.93049025,498903.115205365,288.719002998249,296.555451000752,283.254105160749
273300,249.194940001252,-372132.504838138,870939.513095905,498807.008257767,290.458400232084,298.419481745878,284.908963889362
273400,249.286120001253,-381814.766204107,880654.820464066,498840.05425996,293.69845604938,290.391199906644,295.658544764496
273500,249.377300001255,-356121.604392494,855023.012470355,498901.408077861,285.150245946425,282.82616144766,286.462010407312
273600,249.468480001256,-371189.861042292,870089.435787737,498899.574745445,290.174899378935,293.562055229571,287.674983062362
273700,249.559660001257,-373340.522552651,872279.015149882,498938.492597231,290.905124278767,301.317900541411,283.720852500106
273800,249.650840001258,-369864.343527372,868770.086761361,498905.743233989,289.734896368638,284.189051343489,293.19068063843
273900,249.742020001259,-361475.740288725,860352.88907822,498877.148789495,286.927760239526,296.984810090662,279.983953871903
274000,249.83320000126,-378232.096647301,876985.991999149,498753.895351848,292.474901450441,279.65693794283,300.776481370972
274100,249.924380001261,-381594.286211163,880355.68089805,498761.394686887,293.598692979173,295.198316027083,292.287612036418
274200,250.015560001263,-366367.04217818,865138.372643779,498771.330465599,288.52371940763,295.53215025126,283.610995745704
274300,250.106740001264,-364600.112939549,863499.127248724,498899.014309175,287.977030931707,288.991837641202,287.060512266268
274400,250.197920001265,-385372.308275088,884272.901897979,498900.593622891,294.905086509248,310.797447158788,284.064425170797
274500,250.289100001266,-396056.587730116,894830.328592405,498773.740862289,298.425989192064,300.377281584214,296.876439272971
274600,250.380280001267,-382307.087604415,881021.765175098,498714.677570683,293.820832141103,289.683362711832,296.334294400499
274700,250.471460001268,-384202.923237918,882889.555464364,498686.632226445,294.4437403583,290.872758895264,296.57902488336
274800,250.562640001269,-380972.689981554,879687.223248454,498714.5332669,293.3757622973,293.05622760215,293.344305625485
274900,250.653820001271,-395581.908606663,894418.88580738,498836.977200717,298.288772988954,295.588542438207,299.840352711962
275000,250.745000001272,-395021.945333869,893836.630254944,498814.684921075,298.094590713672,292.193295537497,301.78037533886
275100,250.836180001273,-371591.246205638,870428.642308903,498837.396103265,290.288024782025,298.330125593341,284.684717553829
275200,250.927360001274,-385810.40953754,884620.308156346,498809.898618806,295.020946525378,298.51635469325,292.444823624692
275300,251.018540001275,-389396.337689667,888142.171020693,498745.833331026,296.195488084273,293.74694518838,297.581020441464
275400,251.109720001276,-386321.368374356,885102.353946062,498780.985571706,295.181708836439,288.446380760505,299.425942796363
275500,251.200900001277,-383560.163673543,882299.042128727,498738.878455184,294.246804111631,283.786674076751,300.975018464792
275600,251.292080001279,-374951.368931819,873842.266643355,498890.897711536,291.426468782176,295.995164697561,288.137816114601
275700,251.38326000128,-368470.128745901,867334.745988707,498864.617242806,289.256210101286,290.020995886345,288.505306069497
275800,251.474440001281,-360110.358246423,859057.782952659,498947.424706236,286.495842238672,293.575981112414,281.537003120979
275900,251.565620001282,-383719.995772321,882521.341058156,498801.345285835,294.32094082313,299.263400354155,290.78070035176
276000,251.656800001283,-384496.899208067,883294.966031702,498798.066823635,294.578944816309,295.073361731425,294.003851085552
276100,251.747980001284,-384016.719270715,882779.961278448,498763.242007734,294.40719068816,305.815470605073,286.556331417979
276200,251.839160001286,-374979.813383073,873856.942333137,498877.128950064,291.431363125942,285.060923421906,295.43546345936
276300,251.930340001287,-378550.967007775,877491.828120301,498940.861112526,292.64359783902,289.966508653017,294.184454298155
276400,252.021520001288,-382203.857236383,881101.561893379,498897.704656996,293.847444353303,308.148259209549,284.068694912177
276500,252.112700001289,-403747.812537147,902615.345996668,498867.533459521,301.022293145462,304.718121247998,298.307555832817
276600,252.20388000129,-403119.743808379,901860.270352824,498740.526544445,300.770475355286,302.71305765261,299.224778427605
276700,252.295060001291,-390105.982168676,888902.312419799,498796.330251123,296.448995304252,291.421761054655,299.553443974563
276800,252.386240001292,-390151.644140527,888948.739642168,498797.095501641,296.464478786783,298.921540027579,294.579384227263
276900,252.477420001294,-377954.232601836,876873.675712191,498919.443110354,292.437443959377,310.910427602683,279.878423660541
277000,252.568600001295,-385605.826630777,884456.796403387,498850.96977261,294.966415342134,295.402223396775,294.43007129292
277100,252.659780001296,-391079.046932131,889961.418297417,498882.371365285,296.80220720274,303.835416424549,291.866065882199
277200,252.750960001297,-388580.546405167,887402.829929417,498822.283524249,295.94891776869,293.547212977836,297.303430197785
277300,252.842140001298,-371784.851740241,870596.911440599,498812.059700358,290.344142551475,296.809026771604,285.79226628593
277400,252.933320001299,-385544.820074137,884352.257497355,498807.437423218,294.931551608256,286.686821527735,300.182262035596
277500,253.0245000013,-388660.325678933,887406.927532022,498746.601853089,295.9502843195,305.217519240671,289.525502468452
277600,253.115680001302,-376740.770393216,875642.694903405,498901.92451019,292.026911757014,298.497882279833,287.46957564867
277700,253.206860001303,-389248.613096906,888020.481523969,498771.868427062,296.15490462697,300.668779003762,292.898859288586
277800,253.298040001304,-386786.892583943,885634.353240016,498847.460656073,295.359130645328,295.217213169844,295.20760968678
277900,253.389220001305,-388542.561053669,887284.90738425,498742.346330581,295.909590590045,294.566798215438,296.558194180958
278000,253.480400001306,-385761.721567264,884550.804586723,498789.083019459,294.997767079114,288.716801137778,298.939246234104
278100,253.571580001307,-371801.608739447,870533.426500119,498731.817760672,290.322970318532,301.787961254838,282.437707219065
278200,253.662760001308,-370306.029715096,869129.44773528,498823.418020185,289.854743283402,285.054386655724,292.813435415785
278300,253.75394000131,-375467.887289458,874192.269262717,498724.381973259,291.543194684915,296.372222417236,288.080890201131
278400,253.845120001311,-386562.7416079,885376.352789018,498813.611181118,295.273087473409,303.265838320791,289.69852600226
278500,253.936300001312,-377914.486611742,876677.849362941,498763.3627512,292.372135855575,289.501190303863,294.04245611017
278600,254.027480001313,-378399.563214523,877152.132522343,498752.569307821,292.530309328779,287.566587412896,295.595682014927
278700,254.118660001314,-377617.657625271,876433.557443779,498815.899818509,292.290664480167,298.106573973073,288.169815931162
278800,254.209840001315,-394970.654799581,893712.396976484,498741.742176902,298.053158904947,308.056090157553,291.136160437455
278900,254.301020001316,-374225.788692746,873060.406737153,498834.618044407,291.16571843827,288.902928623338,292.431606882859
279000,254.392200001318,-392617.787825897,891394.852099577,498777.064273681,297.280257495273,307.379550315694,290.299662067081
279100,254.483380001319,-357547.880595923,856422.177830605,498874.297234682,285.616867710724,291.951078066591,281.156046750388
279200,254.57456000132,-386091.138206541,884860.100094237,498768.961887697,295.100917156657,296.893231438889,293.66012353754
279300,254.665740001321,-374865.097664225,873683.160932763,498818.063268538,291.373407014428,298.717254432854,286.234697562965
279400,254.756920001322,-389744.949320857,888456.976947185,498712.027626328,296.300475887005,283.571719753568,304.539396246058
279500,254.848100001323,-375114.730493979,873957.004329776,498842.273835798,291.464733810164,307.282099127513,280.676936320423
279600,254.939280001324,-397289.66581535,896087.092990391,498797.427175042,298.845120223576,304.845063274789,294.596120589247
279700,255.030460001326,-374221.011366599,873037.74960794,498816.738241341,291.158162283789,291.266152022323,290.843537322863
279800,255.121640001327,-384235.945980358,882986.402683927,498750.456703569,294.476038914099,299.306338962403,291.010442182803
279900,255.212820001328,-366360.196330613,865136.170968553,498775.974637941,288.522985148759,297.339751087712,282.4047053685
280000,255.304000001329,-371129.672899089,869922.856475218,498793.183576129,290.119345164322,289.03705208515,290.599107762797
280100,255.39518000133,-364242.464211165,863072.420742389,498829.956531225,287.834724276268,278.004456569597,294.148373810485
280200,255.486360001331,-393754.68155531,892577.434195476,498822.752640165,297.674648722853,305.249848275127,292.376453480735
280300,255.577540001332,-373876.25408414,872693.181633443,498816.927549303,291.043248835565,295.700068203817,287.696166549367
280400,255.668720001334,-360423.48827283,859308.56344736,498885.075174529,286.579477554564,287.871208634775,285.479507269795
280500,255.759900001335,-381079.728439558,879915.309831909,498835.581392351,293.451829191899,283.971872752603,299.527256960436
280600,255.851080001336,-373368.066378721,872185.040034493,498816.973655772,290.873783569949,299.747504882614,284.715574541865
280700,255.942260001337,-390942.225835482,889720.874477362,498778.648641881,296.721985818697,305.696921924347,290.491426760081
280800,256.033440001337,-383805.305377946,882611.510967239,498806.205589294,294.351012495327,283.104978691348,301.603075854235
280900,256.124620001335,-389396.835362131,888270.374691068,498873.539328937,296.238244019032,302.430762606132,291.863033090949
281000,256.215800001334,-374010.504912417,872852.39467339,498841.889760974,291.096346397662,297.534156848981,286.561892474783
281100,256.306980001332,-377666.264503164,876517.470528765,498851.206025601,292.318649501005,297.184688091185,288.831024899635
281200,256.39816000133,-395744.729238262,894520.582829268,498775.853591006,298.322688954233,300.923538255619,296.34018717918
281300,256.489340001329,-396251.368307568,895045.013541392,498793.645233824,298.497586640451,307.353532141316,292.34487498434
281400,256.580520001327,-386755.093342936,885547.624270001,498792.530927066,295.330206526597,288.147812855584,299.8723604685
281500,256.671700001325,-378984.377494453,877854.377004585,498869.999510132,292.764507922156,291.360628410599,293.456457173258
281600,256.762880001324,-380140.858889586,878940.361284422,498799.502394835,293.126683770026,287.812968548755,296.424888347732
281700,256.854060001322,-376692.483154332,875551.70317117,498859.220016838,291.996566006727,298.209793653579,287.611083770486
281800,256.94524000132,-380472.580805827,879315.909756649,498843.328950823,293.251929216825,288.845739637447,295.945012328728
281900,257.036420001319,-392934.614507789,891736.734229281,498802.119721492,297.394275214034,293.738798536511,299.583431103038
282000,257.127600001317,-384697.793396614,883469.092150176,498771.298753562,294.637015891338,293.542376633008,295.121244550316
282100,257.218780001315,-389886.393386823,888627.85323069,498741.459843867,296.357463141801,290.530928216071,299.994855206336
282200,257.309960001313,-377800.995401572,876597.080523595,498796.085122023,292.345199440919,299.732916832123,287.176433513915
282300,257.401140001312,-374803.42960141,873647.823770585,498844.394169175,291.361622067895,291.785649586262,290.836135703927
282400,257.49232000131,-371640.775897003,870462.50569594,498821.729798937,290.299318224426,288.159814001744,291.48373827436
282500,257.583500001308,-370475.56789992,869349.325229171,498873.757329252,289.928072445947,296.826626486081,285.087429692153
282600,257.674680001307,-372931.346643389,871741.253945259,498809.90730187,290.725780872189,300.306432172866,284.096408521009
282700,257.765860001305,-372208.935280889,871028.855563593,498819.920282704,290.488195952507,294.471791718834,287.590391944995
282800,257.857040001303,-376768.818648266,875597.309533202,498828.490884936,292.011775732267,289.209960920983,293.636309126679
282900,257.948220001302,-379207.817391909,878001.263953967,498793.446562058,292.813494732022,293.788077752953,291.919761472457
283000,258.0394000013,-359015.647665965,857907.404476371,498891.756810405,286.112190920917,301.540957942326,275.587919414211
283100,258.130580001298,-386430.279875188,885274.066427334,498843.786552146,295.23897496326,302.405693960913,290.215129819021
283200,258.221760001296,-398634.775121245,897453.995520108,498819.220398863,299.300982331202,298.473360542699,299.603312704928
283300,258.312940001295,-367921.717110322,866775.489702088,498853.772591767,289.069698083071,288.931729326225,288.920785839232
283400,258.404120001293,-394503.253424013,893294.073641522,498790.82021751,297.91364803786,296.913249915627,298.332318745983
283500,258.495300001291,-377362.237227264,876256.295901042,498894.058673778,292.231547740885,289.814917959079,293.599107972304
283600,258.58648000129,-372784.07263373,871622.031566402,498837.958932672,290.6860201989,302.767837862871,282.38923673942
283700,258.677660001288,-377677.545732118,876575.568900092,498898.023167974,292.338025312687,300.032711060417,286.964619793107
283800,258.768840001286,-359101.364596482,858003.235801297,498901.871204815,286.14415067577,289.800976820211,283.467813120579
283900,258.860020001285,-377995.381955051,876888.388413972,498893.006458921,292.442350646647,302.458606552503,285.521144750539
284000,258.951200001283,-384654.323248809,883480.460155337,498826.136906528,294.640807122007,292.526952139985,295.804509770753
284100,259.042380001281,-376266.886632349,875120.575740176,498853.689107827,291.852784972545,295.563428580698,289.135811912967
284200,259.133560001279,-368130.373909524,866944.953185964,498814.57927644,289.126214169072,293.841838530725,285.74152608283
284300,259.224740001278,-374476.693016171,873360.876256872,498884.183240701,291.265925048148,293.536234318521,289.50966393036
284400,259.315920001276,-351568.002119191,850490.832079188,498922.829959997,283.6387634081,286.505663210679,281.491131236873
284500,259.407100001274,-362968.070159511,861833.893591664,498865.823432154,287.421675368239,291.439405365738,284.503670640432
284600,259.498280001273,-359844.781277717,858706.418388027,498861.63711031,286.378662127072,293.346027823449,281.495102777716
284700,259.589460001271,-367549.5338182,866378.359789456,498828.825971256,288.937255224097,283.355438176527,292.417685543124
284800,259.680640001269,-357423.899342956,856264.42253767,498840.523194714,285.564256307377,282.000567350064,287.702078731996
284900,259.771820001268,-385103.919866411,883908.660502877,498804.740636465,294.783611973612,299.881096834874,291.139635722793
285000,259.863000001266,-372699.720228331,871540.345919469,498840.625691138,290.658778028837,304.389101976986,281.263013081714
285100,259.954180001264,-386630.825407677,885481.093446514,498850.268038837,295.308018491417,291.843048992792,297.371908141758
285200,260.045360001263,-388521.976943365,887327.739619347,498805.762675982,295.923875144021,299.953390972577,292.990928029032
285300,260.136540001261,-391179.727996123,889979.959139748,498800.231143625,296.808390575204,303.856488796979,291.862318101876
285400,260.227720001259,-401867.737517217,900627.706767034,498759.969249817,300.35941529666,302.022335997355,299.000501983449
285500,260.318900001257,-379776.899468958,878600.675953878,498823.77648492,293.013398683968,290.495934903638,294.447530038618
285600,260.410080001256,-377911.3385759,876679.049773953,498767.711198054,292.372536192747,298.558080584199,288.00519615162
285700,260.501260001254,-365642.870761168,864484.461131111,498841.590369943,288.305639863635,295.094609268649,283.539405560407
285800,260.592440001252,-393553.411732167,892370.714183326,498817.302451159,297.605707581566,314.09750422224,286.363171731466
285900,260.683620001251,-370580.841363214,869435.299029461,498854.457666247,289.956744715512,300.136773362466,282.928428330279
286000,260.774800001249,-379980.657132144,878745.802165892,498765.145033748,293.061798287775,296.941096760871,290.231381140471
286100,260.865980001247,-376146.309549627,874890.202706916,498743.893157289,291.775955546745,288.791736326176,293.522288397503
286200,260.957160001246,-374017.651101773,872796.641291364,498778.990189591,291.077752640108,286.425578102255,293.936637538143
286300,261.048340001244,-369178.162542973,868022.509949835,498844.347406862,289.485579439665,298.952411709011,282.933119943902
286400,261.139520001242,-365084.461239811,864042.269691447,498957.808451637,288.15816898164,286.770945528664,288.842852809472
286500,261.23070000124,-382890.576311245,881699.133787647,498808.557476402,294.046734629864,302.264565935945,288.323141480286
286600,261.321880001239,-380574.929439521,879423.954528041,498849.025088519,293.287962157092,291.57011443429,294.188787337163
286700,261.413060001237,-376889.039036597,875688.955384941,498799.916348344,292.042339631463,298.377298759174,287.575664929961
286800,261.504240001235,-363201.674741793,862058.823906839,498857.149165046,287.496689647103,280.075897183574,292.204304048084
286900,261.595420001234,-373321.364579805,872132.331842549,498810.967262744,290.856205383542,284.006765060287,295.180118761225
287000,261.686600001232,-360843.978955291,859726.14974856,498882.170793269,286.71874262083,295.745432396805,280.46201715133
287100,261.77778000123,-384111.09735122,882986.713690988,498875.616339768,294.47614263498,300.608157525579,290.142735922384
287200,261.868960001229,-366064.916058432,865074.529133035,499009.613074603,288.502427591474,295.636450287362,283.505993771223
287300,261.960140001227,-367482.660388827,866435.567492928,498952.907104101,288.956333997975,292.785109489989,286.163020058301
287400,262.051320001225,-379819.036476004,878726.532207675,498907.49573167,293.055371755102,288.339060314143,295.955366572614
287500,262.142500001223,-394567.557194395,893382.042749291,498814.485554896,297.942985742635,295.992922703864,298.994741947029
287600,262.233680001222,-382023.619107887,880855.779640273,498832.160532386,293.7654759514,293.113554693028,293.955285560355
287700,262.32486000122,-382078.558229079,881002.290297358,498923.732068279,293.814337267753,288.509643859288,297.105954259007
287800,262.416040001218,-369498.66173155,868425.676047828,498927.014316278,289.620035366959,294.450241854059,286.15854767942
287900,262.507220001217,-366446.180550053,865417.387748131,498971.207198077,288.616770968194,279.343487543398,294.558445942251
288000,262.598400001215,-376475.465339524,875385.300983154,498909.835643629,291.941070863149,293.184142264034,290.869072370173
288100,262.689580001213,-377333.115741335,876216.435291429,498883.319550094,292.218254224255,296.947472505741,288.821926824744
288200,262.780760001212,-371085.804455096,869898.503455012,498812.698999916,290.111223430053,292.528964177555,288.257636912193
288300,262.87194000121,-363450.090424471,862349.913239599,498899.822815128,287.593767963848,297.030490163768,281.062958357265
288400,262.963120001208,-387499.73453819,886319.404910695,498819.670372505,295.587595434616,287.934771690387,300.443154934572
288500,263.054300001207,-377963.80508217,876928.960933235,498965.155851066,292.455881585204,305.89833744938,283.250531107766
288600,263.145480001205,-382791.154443631,881668.048896519,498876.894452888,294.036367816081,295.726221288587,292.664768527897
288700,263.236660001203,-392889.617722167,891851.54061049,498961.922888323,297.432563151739,302.149049977714,294.040378131796
288800,263.327840001201,-364038.90300849,862860.318109778,498821.415101288,287.763988030608,297.247296776837,281.201978876429
288900,263.4190200012,-393289.558827299,892097.249941637,498807.691114338,297.514507234163,299.192752626075,296.147748216858
289000,263.510200001198,-401779.087954422,900605.426171359,498826.338216936,300.351984716144,304.372343541144,297.421452178882
289100,263.601380001196,-399210.041798692,898024.939504944,498814.897706252,299.491392197747,295.140603108876,302.142342096829
289200,263.692560001195,-367259.053739473,866182.297532186,498923.243792714,288.871868444951,292.071011514365,286.498379841638
289300,263.783740001193,-378511.89444215,877342.568225362,498830.673783212,292.593819651613,297.515011273854,289.069197053743
289400,263.874920001191,-379968.666912472,878850.663950432,498881.99703796,293.096769701662,289.811429333506,295.04274930568
289500,263.96610000119,-365865.755890687,864696.238682881,498830.482792194,288.376267694808,286.62204919326,289.305433139427
289600,264.057280001188,-371798.314996425,870646.078001686,498847.763005261,290.360539603697,286.365113838428,292.782189664207
289700,264.148460001186,-378720.293098604,877559.414771124,498839.12167252,292.666137992704,296.826048935678,289.648975582395
289800,264.239640001184,-382947.662388722,881779.645037073,498831.982648352,294.07358513826,298.630775464398,290.79039693322
289900,264.330820001183,-367175.700858841,866029.54171859,498853.840859749,288.820924368381,285.223424593257,290.978573448157
290000,264.422000001181,-372604.868012312,871453.734117157,498848.866104844,290.629892985545,287.662208707402,292.366157593485
290100,264.513180001179,-375049.231649097,873952.276481122,498903.044832025,291.463157072243,292.66475531479,290.419205612986
290200,264.604360001178,-353657.974439566,852523.071672626,498865.09723306,284.31651548195,286.650577137926,282.523543948398
290300,264.695540001176,-362299.325095557,861128.800385265,498829.475289707,287.186526725117,284.27040510724,288.891285698098
290400,264.786720001174,-382388.552111099,881218.070864554,498829.518753454,293.886300104904,286.856943224471,298.327632775105
290500,264.877900001173,-380383.080095295,879159.756221943,498776.676126648,293.199851999981,287.893345246925,296.493189958685
290600,264.969080001171,-387829.346092549,886678.551967533,498849.205874985,295.707371008015,307.638701009405,287.506728197914
290700,265.060260001169,-378561.686211933,877387.781916747,498826.095704814,292.60889842146,290.098769842528,294.038476725396
290800,265.151440001167,-390586.12885907,889439.097762665,498852.968903595,296.628013260852,291.555927326662,299.762213872594
290900,265.242620001166,-387951.59792407,886755.113319866,498803.515395796,295.732904225402,289.239476675978,299.815411838161
291000,265.333800001164,-376754.909478395,875588.020489958,498833.111011563,292.00867783557,296.45755677331,288.799417978881
291100,265.424980001162,-382186.240415773,880968.861149848,498782.620734076,293.803188644272,292.948261732046,294.128303928551
291200,265.516160001161,-379852.490155942,878665.487170259,498812.997014317,293.035013230035,291.774280237256,293.631306047529
291300,265.607340001159,-389584.264439305,888352.994828825,498768.73038952,296.265797841863,297.687826043922,295.070890875621
291400,265.698520001157,-385359.604349975,884161.661059176,498802.056709201,294.867987680232,294.307416665027,294.995978367302
291500,265.789700001156,-372280.530978467,871143.428312756,498862.89733429,290.526405973906,292.908691932826,288.696109996314
291600,265.880880001154,-379826.574172648,878663.238108836,498836.663936188,293.034263167863,279.565604050566,301.769174026755
291700,265.972060001152,-390926.164476893,889762.967133416,498836.802656523,296.736023723,302.457582163345,292.674371409667
291800,266.063240001151,-374521.516812504,873346.552732237,498825.035919733,291.261148151488,302.638450015727,283.433562618536
291900,266.154420001149,-374808.902188732,873642.411247692,498833.50905896,291.35981699106,284.375776908529,295.773043865255
292000,266.245600001147,-380384.758375881,879256.659086677,498871.900710796,293.232169113449,287.511153657009,296.801819276814
292100,266.336780001145,-386956.590701077,885746.232190334,498789.641489257,295.396442284587,294.068733578091,296.035417720346
292200,266.427960001144,-376830.810098264,875621.721744582,498790.911646318,292.019917206797,299.670274895467,286.676328816678
292300,266.519140001142,-384340.845408473,883078.637765024,498737.792356551,294.506799321335,308.633409177748,284.843637084293
292400,266.61032000114,-381988.026166117,880797.47453273,498809.448366613,293.746031193173,298.923877307801,290.049345424094
292500,266.701500001139,-381550.895918628,880382.772988129,498831.877069502,293.607728193473,288.526531263224,296.750519706811
292600,266.792680001137,-369671.482278497,868567.17405366,498895.691775163,289.667224963702,291.620923963485,288.12336960971
292700,266.883860001135,-376688.893635143,875475.782995397,498786.889360255,291.971246621777,291.788881303055,291.849514128741
292800,266.975040001134,-375205.841165067,874007.6131074,498801.771942333,291.481611841721,300.026863003866,285.541876390424
292900,267.066220001132,-385783.711522068,884502.323924741,498718.612402673,294.981598774301,288.971538942665,298.742487329745
293000,267.15740000113,-376771.112924601,875608.918355261,498837.805430659,292.015647275391,296.624155147024,288.699962321574
293100,267.248580001128,-398940.817868331,897712.917230394,498772.099362063,299.38733274317,296.937158853645,300.7712925589
293200,267.339760001127,-371863.188329479,870760.709884261,498897.521554782,290.398769346093,296.401451111095,286.154982528304
293300,267.430940001125,-388105.156421866,886930.404150756,498825.247728889,295.791363732118,297.984798743709,294.082580921281
293400,267.522120001123,-379550.709687088,878403.293498075,498852.583810987,292.947571618501,297.305345012283,289.798266379632
293500,267.613300001122,-379516.59955568,878366.246250921,498849.64669524,292.935216358486,298.374292861659,289.065052676071
293600,267.70448000112,-381791.478948986,880572.2100336,498780.731084613,293.670905463932,289.014738382015,296.530291097324
293700,267.795660001118,-407047.901230519,905819.656305265,498771.755074746,302.090930900539,292.70196320734,308.098500253587
293800,267.886840001117,-380517.246905591,879324.392513497,498807.145607906,293.254758216941,291.675854702906,294.06298159445
293900,267.978020001115,-375421.862994682,874323.625139604,498901.762144922,291.587001880808,281.174872111143,298.285432559016
294000,268.069200001113,-375391.000603955,874277.623847559,498886.623243604,291.571660446076,290.175755571925,292.259287311804
294100,268.160380001111,-353439.884904489,852374.234977428,498934.350072938,284.266878431692,288.993722024155,280.87876030469
294200,268.25156000111,-390378.3676739,889111.510331065,498733.142657165,296.518762825101,287.242599945321,302.455772442599
294300,268.342740001108,-404046.21480571,902816.387176266,498770.172370556,301.08934039562,288.499526281992,309.231642021042
294400,268.433920001106,-382445.784825815,881198.284268752,498752.499442937,293.879701273554,290.710238962668,295.747776396417
294500,268.525100001105,-364423.941074462,863318.727720086,498894.786645623,287.916867673865,295.60955789223,282.548476805227
294600,268.616280001103,-381937.790816386,880793.76639172,498855.975575334,293.744794527837,303.020886096164,287.315946153512
294700,268.707460001101,-362774.552780609,861689.47030271,498914.917522101,287.373510189331,282.057369926695,290.678125772598
294800,268.7986400011,-377794.812501269,876588.64698548,498793.834484211,292.342386855254,291.673826647184,292.54447500492
294900,268.889820001098,-372242.696710859,871049.767300179,498807.070589321,290.495170018402,288.968964052976,291.27056135367
295000,268.981000001096,-367029.553392761,865841.402804435,498811.849411674,288.758180024824,292.661005259431,285.9156647184
295100,269.072180001095,-386196.130107109,884960.160203936,498764.030096827,295.134287211585,300.330463806215,291.42422424249
295200,269.163360001093,-378344.702184825,877164.339113945,498819.63692912,292.534380228096,300.117355588551,287.235284670935
295300,269.254540001091,-389992.498586213,888779.275534986,498786.776948773,296.407962492908,292.467161225368,298.788156702525
295400,269.345720001089,-361321.859801885,860242.821312749,498920.961510864,286.891052630565,285.877579905164,287.327625236973
295500,269.436900001088,-370756.337839349,869630.46578,498874.127940651,290.021832843088,293.395637484935,287.530944887822
295600,269.528080001086,-386860.478159086,885682.179170401,498821.701011315,295.375080597099,288.625554681623,299.628618640252
295700,269.619260001084,-403439.000442016,902174.212706366,498735.21226435,300.875175156367,306.029331731694,297.188341460185
295800,269.710440001083,-381442.17723694,880199.370216856,498757.192979916,293.546563353962,297.046479336914,290.968663895866
295900,269.801620001081,-383942.672466854,882779.510144597,498836.837677743,294.407040234983,298.355371198601,291.529480392374
296000,269.892800001079,-380888.815422524,879783.333724754,498894.518302231,293.407815149159,298.726262072103,289.617677354573
296100,269.983980001078,-375081.547021844,873916.735724611,498835.188702767,291.451304226984,298.804360807488,286.306390419792
296200,270.075160001076,-370689.837166876,869552.548657118,498862.711490242,289.995847476111,291.326931098402,288.866795188353
296300,270.166340001074,-375836.384838813,874681.344521141,498844.959682328,291.706301324376,297.781765845837,287.412903058965
296400,270.257520001072,-381305.255912131,880175.118162519,498869.862250388,293.538475291819,291.678225934216,294.534026134144
296500,270.348700001071,-384134.872865094,883022.54932495,498887.676459856,294.488093821894,299.401628186181,290.966997500851
296600,270.439880001069,-373072.379281969,871843.503823381,498771.124541412,290.759881215068,291.396849139303,290.092936031232
296700,270.531060001067,-360817.081711655,859679.904706258,498862.822994603,286.703319895367,292.649847298242,282.500048860204
296800,270.622240001066,-380066.907469727,878890.554790067,498823.64732034,293.110073300006,299.559985238607,288.565873613188
296900,270.713420001064,-376855.281239515,875785.552926592,498930.271687077,292.074554919657,297.660582783871,288.107140881081
297000,270.804600001062,-372762.160004511,871616.907670403,498854.747665892,290.684311379157,291.732094415306,289.743552428909
297100,270.895780001061,-370669.42370481,869571.684018807,498902.260313997,290.002229120829,295.440906077612,286.134775958707
297200,270.986960001059,-377121.470717156,876055.756167438,498934.285450282,292.164667723007,293.264403960454,291.188039674941
297300,271.078140001057,-364633.774860571,863492.237689254,498858.462828683,287.974733263049,292.950627170644,284.417491713601
297400,271.169320001055,-363780.453441225,862669.050000343,498888.596559118,287.700200100164,297.29386413371,281.06467391105
297500,271.260500001054,-381470.79226534,880219.728090698,498748.935825359,293.553352706586,290.056786258727,295.639769211236
297600,271.351680001052,-382364.531127367,881261.202160445,498896.671033078,293.90068439568,287.802173660616,297.721440982059
297700,271.44286000105,-377114.301890109,876025.916585756,498911.614695647,292.154716220029,289.983846649426,293.358500336914
297800,271.534040001049,-347597.842912851,846661.795339874,499063.952427024,282.361779336293,286.783265132931,279.178820655754
297900,271.625220001047,-361871.590520277,860809.775198024,498938.184677747,287.080131798574,287.923932692084,286.278364426402
298000,271.716400001045,-373673.988951448,872559.643451691,498885.654500243,290.998713840818,289.019919854708,292.075410903356
298100,271.807580001044,-390683.626085526,889457.993937501,498774.367851975,296.634315136735,295.237653329672,297.318227745497
298200,271.898760001042,-367598.267900071,866480.169798358,498881.901898287,288.971208870555,296.191321422514,283.916991161856
298300,271.98994000104,-369860.306105659,868741.104626513,498880.798520854,289.72523082425,298.194300976437,283.837746363771
298400,272.081120001039,-354824.995961064,853805.253133052,498980.257171987,284.744123105903,287.639690696102,282.576457943183
298500,272.172300001037,-365281.360227582,864200.729194098,498919.368966516,288.211015238985,283.474299739303,291.128649726075
298600,272.263480001035,-353361.401841825,852375.664824906,499014.262983081,284.267355285945,296.528531670481,275.856348233517
298700,272.354660001033,-358516.50358966,857446.271741979,498929.768152319,285.958403115551,304.661750367084,273.251206278599
298800,272.445840001032,-353756.266944969,852580.26084324,498823.993898272,284.335588075118,276.117182099125,289.577579069049
298900,272.53702000103,-379626.209067584,878382.719966244,498756.510898659,292.94071034392,286.358071325371,297.085019097666
299000,272.628200001028,-369307.633388388,868119.251092455,498811.617704067,289.517842618794,285.784467778401,291.765494310207
299100,272.719380001027,-372352.472281108,871294.380588288,498941.908307181,290.576748570381,301.09259001818,283.324040314707
299200,272.810560001025,-358308.264025411,857272.907066555,498964.643041144,285.900585981843,287.305807109641,284.725521408327
299300,272.901740001023,-363407.109477549,862370.002720606,498962.893243057,287.600467807439,293.558217330531,283.388967735537
299400,272.992920001022,-378292.919391966,877106.923216111,498814.003824145,292.515232021381,295.212879609227,290.473037602799
299500,273.08410000102,-390887.847581291,889750.887932621,498863.040351331,296.731995308528,306.444461701237,290.009741050631
299600,273.175280001018,-375252.395964285,874079.151169798,498826.755205513,291.505469791495,295.275803426891,288.748992809738
299700,273.266460001016,-362646.156641368,861492.443289442,498846.286648073,287.307801663979,282.917477894923,289.995261008632
299800,273.357640001015,-382916.894354993,881763.125663369,498846.231308376,294.068075925753,301.875957714459,288.617764670009
299900,273.448820001013,-377102.466915486,875984.415596975,498881.948681489,292.14087563681,291.019559536877,292.644968973735
300000,273.540000001011,-377705.993909893,876625.232444884,498919.238534991,292.354588109016,307.571259488902,281.966511699001
