block,t_start_ps,t_end_ps,bin1,bin2,count
0,0.0000,99.9971,0,0,4708
0,0.0000,99.9971,0,1,3843
0,0.0000,99.9971,0,2,2837
0,0.0000,99.9971,0,3,1706
0,0.0000,99.9971,0,4,903
0,0.0000,99.9971,0,5,443
0,0.0000,99.9971,0,6,219
0,0.0000,99.9971,0,7,110
0,0.0000,99.9971,0,8,59
0,0.0000,99.9971,0,9,30
0,0.0000,99.9971,0,10,21
0,0.0000,99.9971,0,11,18
0,0.0000,99.9971,0,12,15
0,0.0000,99.9971,0,13,13
0,0.0000,99.9971,0,14,26
0,0.0000,99.9971,0,15,54
0,0.0000,99.9971,0,16,59
0,0.0000,99.9971,0,17,155
0,0.0000,99.9971,0,18,203
0,0.0000,99.9971,0,19,374
0,0.0000,99.9971,0,20,609
0,0.0000,99.9971,0,21,879
0,0.0000,99.9971,0,22,1162
0,0.0000,99.9971,0,23,1253
0,0.0000,99.9971,0,24,1155
0,0.0000,99.9971,0,25,823
0,0.0000,99.9971,0,26,567
0,0.0000,99.9971,0,27,317
0,0.0000,99.9971,0,28,168
0,0.0000,99.9971,0,29,74
0,0.0000,99.9971,0,30,34
0,0.0000,99.9971,0,31,17
0,0.0000,99.9971,0,32,6
0,0.0000,99.9971,0,33,10
0,0.0000,99.9971,0,34,1
0,0.0000,99.9971,0,35,3
0,0.0000,99.9971,0,36,1
0,0.0000,99.9971,0,37,5
0,0.0000,99.9971,0,38,2
0,0.0000,99.9971,0,39,7
0,0.0000,99.9971,0,40,23
0,0.0000,99.9971,0,41,27
0,0.0000,99.9971,0,42,57
0,0.0000,99.9971,0,43,118
0,0.0000,99.9971,0,44,245
0,0.0000,99.9971,0,45,467
0,0.0000,99.9971,0,46,695
0,0.0000,99.9971,0,47,946
0,0.0000,99.9971,0,48,972
0,0.0000,99.9971,0,49,947
0,0.0000,99.9971,0,50,757
0,0.0000,99.9971,0,51,510
0,0.0000,99.9971,0,52,317
0,0.0000,99.9971,0,53,164
0,0.0000,99.9971,0,54,97
0,0.0000,99.9971,0,55,52
0,0.0000,99.9971,0,56,39
0,0.0000,99.9971,0,57,28
0,0.0000,99.9971,0,58,15
0,0.0000,99.9971,0,59,10
0,0.0000,99.9971,0,60,20
0,0.0000,99.9971,0,61,17
0,0.0000,99.9971,0,62,37
0,0.0000,99.9971,0,63,56
0,0.0000,99.9971,0,64,126
0,0.0000,99.9971,0,65,216
0,0.0000,99.9971,0,66,425
0,0.0000,99.9971,0,67,917
0,0.0000,99.9971,0,68,1555
0,0.0000,99.9971,0,69,2779
0,0.0000,99.9971,0,70,3851
0,0.0000,99.9971,0,71,4694
0,0.0000,99.9971,1,0,3876
0,0.0000,99.9971,1,1,3167
0,0.0000,99.9971,1,2,2224
0,0.0000,99.9971,1,3,1359
0,0.0000,99.9971,1,4,722
0,0.0000,99.9971,1,5,396
0,0.0000,99.9971,1,6,180
0,0.0000,99.9971,1,7,94
0,0.0000,99.9971,1,8,44
0,0.0000,99.9971,1,9,33
0,0.0000,99.9971,1,10,18
0,0.0000,99.9971,1,11,16
0,0.0000,99.9971,1,12,11
0,0.0000,99.9971,1,13,19
0,0.0000,99.9971,1,14,19
0,0.0000,99.9971,1,15,42
0,0.0000,99.9971,1,16,54
0,0.0000,99.9971,1,17,119
0,0.0000,99.9971,1,18,177
0,0.0000,99.9971,1,19,311
0,0.0000,99.9971,1,20,509
0,0.0000,99.9971,1,21,765
0,0.0000,99.9971,1,22,956
0,0.0000,99.9971,1,23,1027
0,0.0000,99.9971,1,24,976
0,0.0000,99.9971,1,25,737
0,0.0000,99.9971,1,26,436
0,0.0000,99.9971,1,27,260
0,0.0000,99.9971,1,28,135
0,0.0000,99.9971,1,29,76
0,0.0000,99.9971,1,30,42
0,0.0000,99.9971,1,31,13
0,0.0000,99.9971,1,32,7
0,0.0000,99.9971,1,33,4
0,0.0000,99.9971,1,34,3
0,0.0000,99.9971,1,35,3
0,0.0000,99.9971,1,36,2
0,0.0000,99.9971,1,37,3
0,0.0000,99.9971,1,38,5
0,0.0000,99.9971,1,39,7
0,0.0000,99.9971,1,40,11
0,0.0000,99.9971,1,41,24
0,0.0000,99.9971,1,42,65
0,0.0000,99.9971,1,43,119
0,0.0000,99.9971,1,44,220
0,0.0000,99.9971,1,45,385
0,0.0000,99.9971,1,46,595
0,0.0000,99.9971,1,47,788
0,0.0000,99.9971,1,48,822
0,0.0000,99.9971,1,49,763
0,0.0000,99.9971,1,50,623
0,0.0000,99.9971,1,51,432
0,0.0000,99.9971,1,52,272
0,0.0000,99.9971,1,53,153
0,0.0000,99.9971,1,54,84
0,0.0000,99.9971,1,55,41
0,0.0000,99.9971,1,56,35
0,0.0000,99.9971,1,57,17
0,0.0000,99.9971,1,58,16
0,0.0000,99.9971,1,59,14
0,0.0000,99.9971,1,60,13
0,0.0000,99.9971,1,61,14
0,0.0000,99.9971,1,62,20
0,0.0000,99.9971,1,63,50
0,0.0000,99.9971,1,64,100
0,0.0000,99.9971,1,65,185
0,0.0000,99.9971,1,66,393
0,0.0000,99.9971,1,67,712
0,0.0000,99.9971,1,68,1404
0,0.0000,99.9971,1,69,2273
0,0.0000,99.9971,1,70,3276
0,0.0000,99.9971,1,71,3944
0,0.0000,99.9971,2,0,2775
0,0.0000,99.9971,2,1,2179
0,0.0000,99.9971,2,2,1576
0,0.0000,99.9971,2,3,920
0,0.0000,99.9971,2,4,462
0,0.0000,99.9971,2,5,253
0,0.0000,99.9971,2,6,133
0,0.0000,99.9971,2,7,50
0,0.0000,99.9971,2,8,33
0,0.0000,99.9971,2,9,19
0,0.0000,99.9971,2,10,12
0,0.0000,99.9971,2,11,16
0,0.0000,99.9971,2,12,11
0,0.0000,99.9971,2,13,9
0,0.0000,99.9971,2,14,15
0,0.0000,99.9971,2,15,28
0,0.0000,99.9971,2,16,34
0,0.0000,99.9971,2,17,77
0,0.0000,99.9971,2,18,137
0,0.0000,99.9971,2,19,231
0,0.0000,99.9971,2,20,381
0,0.0000,99.9971,2,21,577
0,0.0000,99.9971,2,22,687
0,0.0000,99.9971,2,23,711
0,0.0000,99.9971,2,24,691
0,0.0000,99.9971,2,25,488
0,0.0000,99.9971,2,26,326
0,0.0000,99.9971,2,27,184
0,0.0000,99.9971,2,28,93
0,0.0000,99.9971,2,29,36
0,0.0000,99.9971,2,30,16
0,0.0000,99.9971,2,31,16
0,0.0000,99.9971,2,32,6
0,0.0000,99.9971,2,33,3
0,0.0000,99.9971,2,34,2
0,0.0000,99.9971,2,35,2
0,0.0000,99.9971,2,36,1
0,0.0000,99.9971,2,37,4
0,0.0000,99.9971,2,38,3
0,0.0000,99.9971,2,39,3
0,0.0000,99.9971,2,40,12
0,0.0000,99.9971,2,41,29
0,0.0000,99.9971,2,42,57
0,0.0000,99.9971,2,43,74
0,0.0000,99.9971,2,44,171
0,0.0000,99.9971,2,45,263
0,0.0000,99.9971,2,46,418
0,0.0000,99.9971,2,47,539
0,0.0000,99.9971,2,48,635
0,0.0000,99.9971,2,49,596
0,0.0000,99.9971,2,50,448
0,0.0000,99.9971,2,51,332
0,0.0000,99.9971,2,52,185
0,0.0000,99.9971,2,53,112
0,0.0000,99.9971,2,54,58
0,0.0000,99.9971,2,55,36
0,0.0000,99.9971,2,56,20
0,0.0000,99.9971,2,57,10
0,0.0000,99.9971,2,58,7
0,0.0000,99.9971,2,59,8
0,0.0000,99.9971,2,60,6
0,0.0000,99.9971,2,61,15
0,0.0000,99.9971,2,62,26
0,0.0000,99.9971,2,63,28
0,0.0000,99.9971,2,64,58
0,0.0000,99.9971,2,65,134
0,0.0000,99.9971,2,66,288
0,0.0000,99.9971,2,67,505
0,0.0000,99.9971,2,68,962
0,0.0000,99.9971,2,69,1624
0,0.0000,99.9971,2,70,2257
0,0.0000,99.9971,2,71,2806
0,0.0000,99.9971,3,0,1702
0,0.0000,99.9971,3,1,1360
0,0.0000,99.9971,3,2,961
0,0.0000,99.9971,3,3,590
0,0.0000,99.9971,3,4,330
0,0.0000,99.9971,3,5,178
0,0.0000,99.9971,3,6,79
0,0.0000,99.9971,3,7,52
0,0.0000,99.9971,3,8,23
0,0.0000,99.9971,3,9,9
0,0.0000,99.9971,3,10,10
0,0.0000,99.9971,3,11,10
0,0.0000,99.9971,3,12,4
0,0.0000,99.9971,3,13,8
0,0.0000,99.9971,3,14,12
0,0.0000,99.9971,3,15,10
0,0.0000,99.9971,3,16,25
0,0.0000,99.9971,3,17,37
0,0.0000,99.9971,3,18,76
0,0.0000,99.9971,3,19,128
0,0.0000,99.9971,3,20,229
0,0.0000,99.9971,3,21,331
0,0.0000,99.9971,3,22,409
0,0.0000,99.9971,3,23,498
0,0.0000,99.9971,3,24,398
0,0.0000,99.9971,3,25,331
0,0.0000,99.9971,3,26,206
0,0.0000,99.9971,3,27,99
0,0.0000,99.9971,3,28,56
0,0.0000,99.9971,3,29,35
0,0.0000,99.9971,3,30,24
0,0.0000,99.9971,3,31,4
0,0.0000,99.9971,3,32,5
0,0.0000,99.9971,3,35,1
0,0.0000,99.9971,3,36,3
0,0.0000,99.9971,3,37,1
0,0.0000,99.9971,3,38,2
0,0.0000,99.9971,3,39,3
0,0.0000,99.9971,3,40,8
0,0.0000,99.9971,3,41,16
0,0.0000,99.9971,3,42,15
0,0.0000,99.9971,3,43,48
0,0.0000,99.9971,3,44,107
0,0.0000,99.9971,3,45,180
0,0.0000,99.9971,3,46,262
0,0.0000,99.9971,3,47,346
0,0.0000,99.9971,3,48,358
0,0.0000,99.9971,3,49,341
0,0.0000,99.9971,3,50,287
0,0.0000,99.9971,3,51,167
0,0.0000,99.9971,3,52,105
0,0.0000,99.9971,3,53,66
0,0.0000,99.9971,3,54,40
0,0.0000,99.9971,3,55,20
0,0.0000,99.9971,3,56,10
0,0.0000,99.9971,3,57,5
0,0.0000,99.9971,3,58,7
0,0.0000,99.9971,3,59,6
0,0.0000,99.9971,3,60,4
0,0.0000,99.9971,3,61,9
0,0.0000,99.9971,3,62,19
0,0.0000,99.9971,3,63,19
0,0.0000,99.9971,3,64,28
0,0.0000,99.9971,3,65,80
0,0.0000,99.9971,3,66,183
0,0.0000,99.9971,3,67,323
0,0.0000,99.9971,3,68,664
0,0.0000,99.9971,3,69,944
0,0.0000,99.9971,3,70,1485
0,0.0000,99.9971,3,71,1674
0,0.0000,99.9971,4,0,845
0,0.0000,99.9971,4,1,758
0,0.0000,99.9971,4,2,542
0,0.0000,99.9971,4,3,308
0,0.0000,99.9971,4,4,179
0,0.0000,99.9971,4,5,85
0,0.0000,99.9971,4,6,47
0,0.0000,99.9971,4,7,27
0,0.0000,99.9971,4,8,12
0,0.0000,99.9971,4,9,5
0,0.0000,99.9971,4,10,1
0,0.0000,99.9971,4,12,9
0,0.0000,99.9971,4,13,6
0,0.0000,99.9971,4,14,6
0,0.0000,99.9971,4,15,5
0,0.0000,99.9971,4,16,17
0,0.0000,99.9971,4,17,24
0,0.0000,99.9971,4,18,47
0,0.0000,99.9971,4,19,81
0,0.0000,99.9971,4,20,112
0,0.0000,99.9971,4,21,189
0,0.0000,99.9971,4,22,246
0,0.0000,99.9971,4,23,263
0,0.0000,99.9971,4,24,232
0,0.0000,99.9971,4,25,171
0,0.0000,99.9971,4,26,104
0,0.0000,99.9971,4,27,57
0,0.0000,99.9971,4,28,26
0,0.0000,99.9971,4,29,14
0,0.0000,99.9971,4,30,5
0,0.0000,99.9971,4,31,4
0,0.0000,99.9971,4,32,1
0,0.0000,99.9971,4,33,1
0,0.0000,99.9971,4,34,1
0,0.0000,99.9971,4,39,1
0,0.0000,99.9971,4,40,4
0,0.0000,99.9971,4,41,3
0,0.0000,99.9971,4,42,9
0,0.0000,99.9971,4,43,25
0,0.0000,99.9971,4,44,46
0,0.0000,99.9971,4,45,87
0,0.0000,99.9971,4,46,156
0,0.0000,99.9971,4,47,188
0,0.0000,99.9971,4,48,201
0,0.0000,99.9971,4,49,217
0,0.0000,99.9971,4,50,131
0,0.0000,99.9971,4,51,91
0,0.0000,99.9971,4,52,59
0,0.0000,99.9971,4,53,34
0,0.0000,99.9971,4,54,15
0,0.0000,99.9971,4,55,9
0,0.0000,99.9971,4,56,8
0,0.0000,99.9971,4,57,7
0,0.0000,99.9971,4,58,2
0,0.0000,99.9971,4,59,1
0,0.0000,99.9971,4,60,1
0,0.0000,99.9971,4,61,2
0,0.0000,99.9971,4,62,5
0,0.0000,99.9971,4,63,19
0,0.0000,99.9971,4,64,16
0,0.0000,99.9971,4,65,42
0,0.0000,99.9971,4,66,109
0,0.0000,99.9971,4,67,190
0,0.0000,99.9971,4,68,302
0,0.0000,99.9971,4,69,563
0,0.0000,99.9971,4,70,800
0,0.0000,99.9971,4,71,927
0,0.0000,99.9971,5,0,407
0,0.0000,99.9971,5,1,358
0,0.0000,99.9971,5,2,251
0,0.0000,99.9971,5,3,171
0,0.0000,99.9971,5,4,79
0,0.0000,99.9971,5,5,53
0,0.0000,99.9971,5,6,28
0,0.0000,99.9971,5,7,9
0,0.0000,99.9971,5,8,9
0,0.0000,99.9971,5,9,5
0,0.0000,99.9971,5,10,2
0,0.0000,99.9971,5,11,3
0,0.0000,99.9971,5,12,3
0,0.0000,99.9971,5,15,4
0,0.0000,99.9971,5,16,6
0,0.0000,99.9971,5,17,18
0,0.0000,99.9971,5,18,21
0,0.0000,99.9971,5,19,42
0,0.0000,99.9971,5,20,46
0,0.0000,99.9971,5,21,82
0,0.0000,99.9971,5,22,118
0,0.0000,99.9971,5,23,113
0,0.0000,99.9971,5,24,121
0,0.0000,99.9971,5,25,87
0,0.0000,99.9971,5,26,58
0,0.0000,99.9971,5,27,31
0,0.0000,99.9971,5,28,13
0,0.0000,99.9971,5,29,9
0,0.0000,99.9971,5,30,2
0,0.0000,99.9971,5,31,2
0,0.0000,99.9971,5,34,1
0,0.0000,99.9971,5,41,3
0,0.0000,99.9971,5,42,8
0,0.0000,99.9971,5,43,11
0,0.0000,99.9971,5,44,20
0,0.0000,99.9971,5,45,45
0,0.0000,99.9971,5,46,80
0,0.0000,99.9971,5,47,104
0,0.0000,99.9971,5,48,101
0,0.0000,99.9971,5,49,107
0,0.0000,99.9971,5,50,63
0,0.0000,99.9971,5,51,39
0,0.0000,99.9971,5,52,48
0,0.0000,99.9971,5,53,19
0,0.0000,99.9971,5,54,11
0,0.0000,99.9971,5,55,3
0,0.0000,99.9971,5,56,5
0,0.0000,99.9971,5,57,2
0,0.0000,99.9971,5,58,4
0,0.0000,99.9971,5,59,4
0,0.0000,99.9971,5,60,1
0,0.0000,99.9971,5,61,1
0,0.0000,99.9971,5,62,3
0,0.0000,99.9971,5,63,4
0,0.0000,99.9971,5,64,16
0,0.0000,99.9971,5,65,24
0,0.0000,99.9971,5,66,35
0,0.0000,99.9971,5,67,91
0,0.0000,99.9971,5,68,155
0,0.0000,99.9971,5,69,280
0,0.0000,99.9971,5,70,352
0,0.0000,99.9971,5,71,438
0,0.0000,99.9971,6,0,199
0,0.0000,99.9971,6,1,174
0,0.0000,99.9971,6,2,122
0,0.0000,99.9971,6,3,90
0,0.0000,99.9971,6,4,38
0,0.0000,99.9971,6,5,19
0,0.0000,99.9971,6,6,13
0,0.0000,99.9971,6,7,6
0,0.0000,99.9971,6,8,2
0,0.0000,99.9971,6,9,2
0,0.0000,99.9971,6,12,1
0,0.0000,99.9971,6,13,1
0,0.0000,99.9971,6,14,1
0,0.0000,99.9971,6,15,2
0,0.0000,99.9971,6,16,5
0,0.0000,99.9971,6,17,10
0,0.0000,99.9971,6,18,11
0,0.0000,99.9971,6,19,15
0,0.0000,99.9971,6,20,29
0,0.0000,99.9971,6,21,56
0,0.0000,99.9971,6,22,52
0,0.0000,99.9971,6,23,67
0,0.0000,99.9971,6,24,46
0,0.0000,99.9971,6,25,41
0,0.0000,99.9971,6,26,28
0,0.0000,99.9971,6,27,14
0,0.0000,99.9971,6,28,14
0,0.0000,99.9971,6,29,3
0,0.0000,99.9971,6,30,2
0,0.0000,99.9971,6,31,1
0,0.0000,99.9971,6,35,1
0,0.0000,99.9971,6,39,1
0,0.0000,99.9971,6,42,5
0,0.0000,99.9971,6,43,13
0,0.0000,99.9971,6,44,13
0,0.0000,99.9971,6,45,18
0,0.0000,99.9971,6,46,29
0,0.0000,99.9971,6,47,45
0,0.0000,99.9971,6,48,49
0,0.0000,99.9971,6,49,54
0,0.0000,99.9971,6,50,40
0,0.0000,99.9971,6,51,18
0,0.0000,99.9971,6,52,21
0,0.0000,99.9971,6,53,13
0,0.0000,99.9971,6,54,4
0,0.0000,99.9971,6,55,5
0,0.0000,99.9971,6,56,2
0,0.0000,99.9971,6,57,2
0,0.0000,99.9971,6,62,4
0,0.0000,99.9971,6,63,4
0,0.0000,99.9971,6,64,1
0,0.0000,99.9971,6,65,16
0,0.0000,99.9971,6,66,27
0,0.0000,99.9971,6,67,42
0,0.0000,99.9971,6,68,73
0,0.0000,99.9971,6,69,133
0,0.0000,99.9971,6,70,181
0,0.0000,99.9971,6,71,209
0,0.0000,99.9971,7,0,103
0,0.0000,99.9971,7,1,83
0,0.0000,99.9971,7,2,69
0,0.0000,99.9971,7,3,48
0,0.0000,99.9971,7,4,27
0,0.0000,99.9971,7,5,16
0,0.0000,99.9971,7,6,7
0,0.0000,99.9971,7,8,1
0,0.0000,99.9971,7,9,1
0,0.0000,99.9971,7,11,1
0,0.0000,99.9971,7,15,1
0,0.0000,99.9971,7,16,1
0,0.0000,99.9971,7,17,1
0,0.0000,99.9971,7,18,2
0,0.0000,99.9971,7,19,6
0,0.0000,99.9971,7,20,19
0,0.0000,99.9971,7,21,23
0,0.0000,99.9971,7,22,21
0,0.0000,99.9971,7,23,29
0,0.0000,99.9971,7,24,23
0,0.0000,99.9971,7,25,26
0,0.0000,99.9971,7,26,17
0,0.0000,99.9971,7,27,10
0,0.0000,99.9971,7,39,1
0,0.0000,99.9971,7,41,2
0,0.0000,99.9971,7,44,6
0,0.0000,99.9971,7,45,6
0,0.0000,99.9971,7,46,21
0,0.0000,99.9971,7,47,30
0,0.0000,99.9971,7,48,21
0,0.0000,99.9971,7,49,24
0,0.0000,99.9971,7,50,18
0,0.0000,99.9971,7,51,10
0,0.0000,99.9971,7,52,13
0,0.0000,99.9971,7,53,10
0,0.0000,99.9971,7,54,5
0,0.0000,99.9971,7,57,1
0,0.0000,99.9971,7,59,2
0,0.0000,99.9971,7,61,1
0,0.0000,99.9971,7,64,2
0,0.0000,99.9971,7,65,5
0,0.0000,99.9971,7,66,11
0,0.0000,99.9971,7,67,18
0,0.0000,99.9971,7,68,36
0,0.0000,99.9971,7,69,60
0,0.0000,99.9971,7,70,87
0,0.0000,99.9971,7,71,112
0,0.0000,99.9971,8,0,55
0,0.0000,99.9971,8,1,59
0,0.0000,99.9971,8,2,21
0,0.0000,99.9971,8,3,13
0,0.0000,99.9971,8,4,11
0,0.0000,99.9971,8,5,3
0,0.0000,99.9971,8,6,1
0,0.0000,99.9971,8,14,1
0,0.0000,99.9971,8,15,1
0,0.0000,99.9971,8,18,2
0,0.0000,99.9971,8,19,4
0,0.0000,99.9971,8,20,8
0,0.0000,99.9971,8,21,20
0,0.0000,99.9971,8,22,15
0,0.0000,99.9971,8,23,17
0,0.0000,99.9971,8,24,16
0,0.0000,99.9971,8,25,13
0,0.0000,99.9971,8,26,4
0,0.0000,99.9971,8,27,3
0,0.0000,99.9971,8,28,2
0,0.0000,99.9971,8,29,1
0,0.0000,99.9971,8,30,1
0,0.0000,99.9971,8,40,1
0,0.0000,99.9971,8,42,1
0,0.0000,99.9971,8,44,5
0,0.0000,99.9971,8,45,6
0,0.0000,99.9971,8,46,8
0,0.0000,99.9971,8,47,14
0,0.0000,99.9971,8,48,15
0,0.0000,99.9971,8,49,6
0,0.0000,99.9971,8,50,6
0,0.0000,99.9971,8,51,5
0,0.0000,99.9971,8,52,6
0,0.0000,99.9971,8,53,2
0,0.0000,99.9971,8,54,1
0,0.0000,99.9971,8,59,1
0,0.0000,99.9971,8,63,1
0,0.0000,99.9971,8,66,3
0,0.0000,99.9971,8,67,14
0,0.0000,99.9971,8,68,25
0,0.0000,99.9971,8,69,34
0,0.0000,99.9971,8,70,32
0,0.0000,99.9971,8,71,51
0,0.0000,99.9971,9,0,33
0,0.0000,99.9971,9,1,36
0,0.0000,99.9971,9,2,27
0,0.0000,99.9971,9,3,16
0,0.0000,99.9971,9,4,5
0,0.0000,99.9971,9,5,6
0,0.0000,99.9971,9,8,1
0,0.0000,99.9971,9,15,1
0,0.0000,99.9971,9,17,2
0,0.0000,99.9971,9,18,3
0,0.0000,99.9971,9,19,6
0,0.0000,99.9971,9,20,4
0,0.0000,99.9971,9,21,7
0,0.0000,99.9971,9,22,6
0,0.0000,99.9971,9,23,6
0,0.0000,99.9971,9,24,7
0,0.0000,99.9971,9,25,6
0,0.0000,99.9971,9,26,3
0,0.0000,99.9971,9,27,1
0,0.0000,99.9971,9,28,3
0,0.0000,99.9971,9,41,1
0,0.0000,99.9971,9,44,1
0,0.0000,99.9971,9,45,2
0,0.0000,99.9971,9,46,3
0,0.0000,99.9971,9,47,6
0,0.0000,99.9971,9,48,7
0,0.0000,99.9971,9,49,10
0,0.0000,99.9971,9,50,7
0,0.0000,99.9971,9,51,4
0,0.0000,99.9971,9,52,3
0,0.0000,99.9971,9,53,1
0,0.0000,99.9971,9,54,3
0,0.0000,99.9971,9,58,1
0,0.0000,99.9971,9,64,2
0,0.0000,99.9971,9,65,1
0,0.0000,99.9971,9,66,3
0,0.0000,99.9971,9,67,6
0,0.0000,99.9971,9,68,12
0,0.0000,99.9971,9,69,27
0,0.0000,99.9971,9,70,27
0,0.0000,99.9971,9,71,38
0,0.0000,99.9971,10,0,25
0,0.0000,99.9971,10,1,19
0,0.0000,99.9971,10,2,16
0,0.0000,99.9971,10,3,8
0,0.0000,99.9971,10,4,2
0,0.0000,99.9971,10,5,2
0,0.0000,99.9971,10,6,2
0,0.0000,99.9971,10,8,1
0,0.0000,99.9971,10,9,1
0,0.0000,99.9971,10,18,2
0,0.0000,99.9971,10,19,1
0,0.0000,99.9971,10,20,2
0,0.0000,99.9971,10,21,6
0,0.0000,99.9971,10,22,5
0,0.0000,99.9971,10,23,9
0,0.0000,99.9971,10,24,5
0,0.0000,99.9971,10,25,2
0,0.0000,99.9971,10,26,3
0,0.0000,99.9971,10,27,2
0,0.0000,99.9971,10,28,1
0,0.0000,99.9971,10,31,1
0,0.0000,99.9971,10,42,1
0,0.0000,99.9971,10,45,4
0,0.0000,99.9971,10,46,2
0,0.0000,99.9971,10,47,2
0,0.0000,99.9971,10,48,4
0,0.0000,99.9971,10,49,8
0,0.0000,99.9971,10,50,4
0,0.0000,99.9971,10,51,1
0,0.0000,99.9971,10,52,1
0,0.0000,99.9971,10,55,1
0,0.0000,99.9971,10,61,1
0,0.0000,99.9971,10,63,1
0,0.0000,99.9971,10,64,1
0,0.0000,99.9971,10,65,2
0,0.0000,99.9971,10,66,1
0,0.0000,99.9971,10,67,6
0,0.0000,99.9971,10,68,7
0,0.0000,99.9971,10,69,11
0,0.0000,99.9971,10,70,16
0,0.0000,99.9971,10,71,22
0,0.0000,99.9971,11,0,22
0,0.0000,99.9971,11,1,19
0,0.0000,99.9971,11,2,12
0,0.0000,99.9971,11,3,6
0,0.0000,99.9971,11,4,1
0,0.0000,99.9971,11,5,3
0,0.0000,99.9971,11,6,2
0,0.0000,99.9971,11,7,1
0,0.0000,99.9971,11,11,1
0,0.0000,99.9971,11,17,1
0,0.0000,99.9971,11,18,1
0,0.0000,99.9971,11,19,2
0,0.0000,99.9971,11,20,2
0,0.0000,99.9971,11,21,5
0,0.0000,99.9971,11,22,9
0,0.0000,99.9971,11,23,5
0,0.0000,99.9971,11,24,6
0,0.0000,99.9971,11,25,3
0,0.0000,99.9971,11,26,1
0,0.0000,99.9971,11,27,2
0,0.0000,99.9971,11,35,1
0,0.0000,99.9971,11,44,1
0,0.0000,99.9971,11,45,3
0,0.0000,99.9971,11,46,1
0,0.0000,99.9971,11,47,1
0,0.0000,99.9971,11,48,4
0,0.0000,99.9971,11,49,3
0,0.0000,99.9971,11,50,2
0,0.0000,99.9971,11,51,3
0,0.0000,99.9971,11,52,1
0,0.0000,99.9971,11,66,1
0,0.0000,99.9971,11,67,7
0,0.0000,99.9971,11,68,5
0,0.0000,99.9971,11,69,9
0,0.0000,99.9971,11,70,15
0,0.0000,99.9971,11,71,18
0,0.0000,99.9971,12,0,17
0,0.0000,99.9971,12,1,16
0,0.0000,99.9971,12,2,6
0,0.0000,99.9971,12,3,6
0,0.0000,99.9971,12,4,1
0,0.0000,99.9971,12,5,1
0,0.0000,99.9971,12,6,2
0,0.0000,99.9971,12,13,1
0,0.0000,99.9971,12,15,1
0,0.0000,99.9971,12,19,1
0,0.0000,99.9971,12,20,3
0,0.0000,99.9971,12,21,4
0,0.0000,99.9971,12,22,7
0,0.0000,99.9971,12,23,6
0,0.0000,99.9971,12,24,6
0,0.0000,99.9971,12,25,4
0,0.0000,99.9971,12,26,1
0,0.0000,99.9971,12,27,1
0,0.0000,99.9971,12,42,1
0,0.0000,99.9971,12,44,1
0,0.0000,99.9971,12,47,4
0,0.0000,99.9971,12,48,4
0,0.0000,99.9971,12,49,3
0,0.0000,99.9971,12,50,4
0,0.0000,99.9971,12,51,2
0,0.0000,99.9971,12,52,1
0,0.0000,99.9971,12,53,1
0,0.0000,99.9971,12,58,1
0,0.0000,99.9971,12,68,6
0,0.0000,99.9971,12,69,7
0,0.0000,99.9971,12,70,11
0,0.0000,99.9971,12,71,13
0,0.0000,99.9971,13,0,27
0,0.0000,99.9971,13,1,9
0,0.0000,99.9971,13,2,9
0,0.0000,99.9971,13,3,7
0,0.0000,99.9971,13,4,7
0,0.0000,99.9971,13,5,1
0,0.0000,99.9971,13,6,3
0,0.0000,99.9971,13,7,1
0,0.0000,99.9971,13,8,2
0,0.0000,99.9971,13,18,2
0,0.0000,99.9971,13,20,4
0,0.0000,99.9971,13,22,3
0,0.0000,99.9971,13,23,4
0,0.0000,99.9971,13,24,4
0,0.0000,99.9971,13,25,4
0,0.0000,99.9971,13,26,4
0,0.0000,99.9971,13,27,3
0,0.0000,99.9971,13,28,1
0,0.0000,99.9971,13,45,1
0,0.0000,99.9971,13,46,1
0,0.0000,99.9971,13,47,1
0,0.0000,99.9971,13,48,3
0,0.0000,99.9971,13,49,5
0,0.0000,99.9971,13,50,2
0,0.0000,99.9971,13,54,1
0,0.0000,99.9971,13,64,1
0,0.0000,99.9971,13,67,7
0,0.0000,99.9971,13,68,7
0,0.0000,99.9971,13,69,15
0,0.0000,99.9971,13,70,9
0,0.0000,99.9971,13,71,13
0,0.0000,99.9971,14,0,26
0,0.0000,99.9971,14,1,20
0,0.0000,99.9971,14,2,13
0,0.0000,99.9971,14,3,5
0,0.0000,99.9971,14,4,6
0,0.0000,99.9971,14,5,4
0,0.0000,99.9971,14,6,2
0,0.0000,99.9971,14,9,1
0,0.0000,99.9971,14,17,1
0,0.0000,99.9971,14,18,1
0,0.0000,99.9971,14,19,1
0,0.0000,99.9971,14,20,5
0,0.0000,99.9971,14,21,4
0,0.0000,99.9971,14,22,2
0,0.0000,99.9971,14,23,6
0,0.0000,99.9971,14,24,13
0,0.0000,99.9971,14,25,9
0,0.0000,99.9971,14,27,2
0,0.0000,99.9971,14,28,1
0,0.0000,99.9971,14,33,1
0,0.0000,99.9971,14,45,1
0,0.0000,99.9971,14,47,1
0,0.0000,99.9971,14,48,4
0,0.0000,99.9971,14,49,5
0,0.0000,99.9971,14,50,2
0,0.0000,99.9971,14,51,2
0,0.0000,99.9971,14,52,1
0,0.0000,99.9971,14,53,1
0,0.0000,99.9971,14,54,1
0,0.0000,99.9971,14,66,5
0,0.0000,99.9971,14,67,4
0,0.0000,99.9971,14,68,8
0,0.0000,99.9971,14,69,14
0,0.0000,99.9971,14,70,20
0,0.0000,99.9971,14,71,31
0,0.0000,99.9971,15,0,43
0,0.0000,99.9971,15,1,31
0,0.0000,99.9971,15,2,40
0,0.0000,99.9971,15,3,16
0,0.0000,99.9971,15,4,9
0,0.0000,99.9971,15,5,7
0,0.0000,99.9971,15,6,3
0,0.0000,99.9971,15,12,1
0,0.0000,99.9971,15,15,1
0,0.0000,99.9971,15,18,5
0,0.0000,99.9971,15,19,4
0,0.0000,99.9971,15,20,2
0,0.0000,99.9971,15,21,7
0,0.0000,99.9971,15,22,5
0,0.0000,99.9971,15,23,9
0,0.0000,99.9971,15,24,14
0,0.0000,99.9971,15,25,9
0,0.0000,99.9971,15,26,6
0,0.0000,99.9971,15,27,1
0,0.0000,99.9971,15,46,1
0,0.0000,99.9971,15,47,3
0,0.0000,99.9971,15,48,7
0,0.0000,99.9971,15,49,2
0,0.0000,99.9971,15,50,5
0,0.0000,99.9971,15,51,1
0,0.0000,99.9971,15,52,3
0,0.0000,99.9971,15,60,1
0,0.0000,99.9971,15,64,1
0,0.0000,99.9971,15,65,2
0,0.0000,99.9971,15,66,3
0,0.0000,99.9971,15,67,6
0,0.0000,99.9971,15,68,11
0,0.0000,99.9971,15,69,20
0,0.0000,99.9971,15,70,35
0,0.0000,99.9971,15,71,44
0,0.0000,99.9971,16,0,62
0,0.0000,99.9971,16,1,62
0,0.0000,99.9971,16,2,42
0,0.0000,99.9971,16,3,23
0,0.0000,99.9971,16,4,12
0,0.0000,99.9971,16,5,12
0,0.0000,99.9971,16,6,5
0,0.0000,99.9971,16,7,1
0,0.0000,99.9971,16,9,1
0,0.0000,99.9971,16,10,1
0,0.0000,99.9971,16,11,2
0,0.0000,99.9971,16,13,3
0,0.0000,99.9971,16,15,1
0,0.0000,99.9971,16,16,2
0,0.0000,99.9971,16,17,2
0,0.0000,99.9971,16,18,3
0,0.0000,99.9971,16,19,4
0,0.0000,99.9971,16,20,7
0,0.0000,99.9971,16,21,16
0,0.0000,99.9971,16,22,11
0,0.0000,99.9971,16,23,17
0,0.0000,99.9971,16,24,11
0,0.0000,99.9971,16,25,10
0,0.0000,99.9971,16,26,7
0,0.0000,99.9971,16,27,4
0,0.0000,99.9971,16,28,4
0,0.0000,99.9971,16,29,1
0,0.0000,99.9971,16,38,1
0,0.0000,99.9971,16,44,1
0,0.0000,99.9971,16,45,1
0,0.0000,99.9971,16,46,2
0,0.0000,99.9971,16,47,3
0,0.0000,99.9971,16,48,6
0,0.0000,99.9971,16,49,2
0,0.0000,99.9971,16,50,4
0,0.0000,99.9971,16,51,2
0,0.0000,99.9971,16,52,5
0,0.0000,99.9971,16,53,1
0,0.0000,99.9971,16,56,3
0,0.0000,99.9971,16,63,1
0,0.0000,99.9971,16,64,2
0,0.0000,99.9971,16,65,3
0,0.0000,99.9971,16,66,10
0,0.0000,99.9971,16,67,9
0,0.0000,99.9971,16,68,28
0,0.0000,99.9971,16,69,40
0,0.0000,99.9971,16,70,49
0,0.0000,99.9971,16,71,61
0,0.0000,99.9971,17,0,128
0,0.0000,99.9971,17,1,98
0,0.0000,99.9971,17,2,72
0,0.0000,99.9971,17,3,44
0,0.0000,99.9971,17,4,18
0,0.0000,99.9971,17,5,13
0,0.0000,99.9971,17,6,6
0,0.0000,99.9971,17,7,1
0,0.0000,99.9971,17,12,3
0,0.0000,99.9971,17,16,2
0,0.0000,99.9971,17,17,3
0,0.0000,99.9971,17,18,4
0,0.0000,99.9971,17,19,9
0,0.0000,99.9971,17,20,12
0,0.0000,99.9971,17,21,16
0,0.0000,99.9971,17,22,23
0,0.0000,99.9971,17,23,29
0,0.0000,99.9971,17,24,23
0,0.0000,99.9971,17,25,18
0,0.0000,99.9971,17,26,19
0,0.0000,99.9971,17,27,8
0,0.0000,99.9971,17,28,3
0,0.0000,99.9971,17,29,4
0,0.0000,99.9971,17,34,1
0,0.0000,99.9971,17,44,1
0,0.0000,99.9971,17,45,2
0,0.0000,99.9971,17,46,2
0,0.0000,99.9971,17,47,4
0,0.0000,99.9971,17,48,3
0,0.0000,99.9971,17,49,1
0,0.0000,99.9971,17,50,6
0,0.0000,99.9971,17,51,2
0,0.0000,99.9971,17,52,6
0,0.0000,99.9971,17,53,4
0,0.0000,99.9971,17,55,1
0,0.0000,99.9971,17,57,2
0,0.0000,99.9971,17,59,1
0,0.0000,99.9971,17,64,2
0,0.0000,99.9971,17,65,2
0,0.0000,99.9971,17,66,11
0,0.0000,99.9971,17,67,32
0,0.0000,99.9971,17,68,38
0,0.0000,99.9971,17,69,63
0,0.0000,99.9971,17,70,94
0,0.0000,99.9971,17,71,114
0,0.0000,99.9971,18,0,213
0,0.0000,99.9971,18,1,169
0,0.0000,99.9971,18,2,116
0,0.0000,99.9971,18,3,101
0,0.0000,99.9971,18,4,34
0,0.0000,99.9971,18,5,16
0,0.0000,99.9971,18,6,9
0,0.0000,99.9971,18,7,2
0,0.0000,99.9971,18,8,3
0,0.0000,99.9971,18,9,2
0,0.0000,99.9971,18,13,4
0,0.0000,99.9971,18,14,1
0,0.0000,99.9971,18,15,3
0,0.0000,99.9971,18,16,4
0,0.0000,99.9971,18,17,6
0,0.0000,99.9971,18,18,9
0,0.0000,99.9971,18,19,20
0,0.0000,99.9971,18,20,22
0,0.0000,99.9971,18,21,41
0,0.0000,99.9971,18,22,52
0,0.0000,99.9971,18,23,45
0,0.0000,99.9971,18,24,46
0,0.0000,99.9971,18,25,36
0,0.0000,99.9971,18,26,19
0,0.0000,99.9971,18,27,11
0,0.0000,99.9971,18,28,6
0,0.0000,99.9971,18,29,2
0,0.0000,99.9971,18,41,1
0,0.0000,99.9971,18,45,1
0,0.0000,99.9971,18,46,5
0,0.0000,99.9971,18,47,6
0,0.0000,99.9971,18,48,5
0,0.0000,99.9971,18,49,7
0,0.0000,99.9971,18,50,5
0,0.0000,99.9971,18,51,6
0,0.0000,99.9971,18,52,12
0,0.0000,99.9971,18,53,6
0,0.0000,99.9971,18,54,5
0,0.0000,99.9971,18,55,1
0,0.0000,99.9971,18,57,1
0,0.0000,99.9971,18,59,1
0,0.0000,99.9971,18,61,3
0,0.0000,99.9971,18,62,1
0,0.0000,99.9971,18,63,1
0,0.0000,99.9971,18,64,6
0,0.0000,99.9971,18,65,16
0,0.0000,99.9971,18,66,23
0,0.0000,99.9971,18,67,38
0,0.0000,99.9971,18,68,94
0,0.0000,99.9971,18,69,127
0,0.0000,99.9971,18,70,178
0,0.0000,99.9971,18,71,199
0,0.0000,99.9971,19,0,378
0,0.0000,99.9971,19,1,332
0,0.0000,99.9971,19,2,194
0,0.0000,99.9971,19,3,124
0,0.0000,99.9971,19,4,78
0,0.0000,99.9971,19,5,37
0,0.0000,99.9971,19,6,13
0,0.0000,99.9971,19,7,9
0,0.0000,99.9971,19,8,5
0,0.0000,99.9971,19,9,2
0,0.0000,99.9971,19,10,1
0,0.0000,99.9971,19,11,1
0,0.0000,99.9971,19,12,2
0,0.0000,99.9971,19,13,2
0,0.0000,99.9971,19,14,2
0,0.0000,99.9971,19,15,2
0,0.0000,99.9971,19,16,6
0,0.0000,99.9971,19,17,8
0,0.0000,99.9971,19,18,15
0,0.0000,99.9971,19,19,17
0,0.0000,99.9971,19,20,45
0,0.0000,99.9971,19,21,60
0,0.0000,99.9971,19,22,67
0,0.0000,99.9971,19,23,85
0,0.0000,99.9971,19,24,73
0,0.0000,99.9971,19,25,54
0,0.0000,99.9971,19,26,27
0,0.0000,99.9971,19,27,16
0,0.0000,99.9971,19,28,8
0,0.0000,99.9971,19,29,3
0,0.0000,99.9971,19,30,1
0,0.0000,99.9971,19,31,2
0,0.0000,99.9971,19,35,1
0,0.0000,99.9971,19,45,1
0,0.0000,99.9971,19,47,3
0,0.0000,99.9971,19,48,5
0,0.0000,99.9971,19,49,7
0,0.0000,99.9971,19,50,3
0,0.0000,99.9971,19,51,5
0,0.0000,99.9971,19,52,5
0,0.0000,99.9971,19,53,5
0,0.0000,99.9971,19,54,6
0,0.0000,99.9971,19,55,5
0,0.0000,99.9971,19,57,2
0,0.0000,99.9971,19,58,4
0,0.0000,99.9971,19,59,4
0,0.0000,99.9971,19,60,1
0,0.0000,99.9971,19,62,3
0,0.0000,99.9971,19,63,5
0,0.0000,99.9971,19,64,9
0,0.0000,99.9971,19,65,14
0,0.0000,99.9971,19,66,34
0,0.0000,99.9971,19,67,83
0,0.0000,99.9971,19,68,123
0,0.0000,99.9971,19,69,219
0,0.0000,99.9971,19,70,290
0,0.0000,99.9971,19,71,381
0,0.0000,99.9971,20,0,628
0,0.0000,99.9971,20,1,464
0,0.0000,99.9971,20,2,342
0,0.0000,99.9971,20,3,215
0,0.0000,99.9971,20,4,109
0,0.0000,99.9971,20,5,52
0,0.0000,99.9971,20,6,18
0,0.0000,99.9971,20,7,16
0,0.0000,99.9971,20,8,6
0,0.0000,99.9971,20,9,7
0,0.0000,99.9971,20,10,1
0,0.0000,99.9971,20,11,2
0,0.0000,99.9971,20,12,2
0,0.0000,99.9971,20,13,4
0,0.0000,99.9971,20,14,1
0,0.0000,99.9971,20,15,5
0,0.0000,99.9971,20,16,10
0,0.0000,99.9971,20,17,13
0,0.0000,99.9971,20,18,26
0,0.0000,99.9971,20,19,42
0,0.0000,99.9971,20,20,60
0,0.0000,99.9971,20,21,94
0,0.0000,99.9971,20,22,135
0,0.0000,99.9971,20,23,152
0,0.0000,99.9971,20,24,117
0,0.0000,99.9971,20,25,94
0,0.0000,99.9971,20,26,42
0,0.0000,99.9971,20,27,26
0,0.0000,99.9971,20,28,11
0,0.0000,99.9971,20,29,7
0,0.0000,99.9971,20,30,1
0,0.0000,99.9971,20,31,1
0,0.0000,99.9971,20,46,1
0,0.0000,99.9971,20,47,2
0,0.0000,99.9971,20,48,2
0,0.0000,99.9971,20,49,3
0,0.0000,99.9971,20,50,6
0,0.0000,99.9971,20,51,6
0,0.0000,99.9971,20,52,6
0,0.0000,99.9971,20,53,5
0,0.0000,99.9971,20,54,3
0,0.0000,99.9971,20,55,6
0,0.0000,99.9971,20,56,5
0,0.0000,99.9971,20,57,4
0,0.0000,99.9971,20,58,2
0,0.0000,99.9971,20,60,1
0,0.0000,99.9971,20,61,2
0,0.0000,99.9971,20,62,2
0,0.0000,99.9971,20,63,4
0,0.0000,99.9971,20,64,13
0,0.0000,99.9971,20,65,33
0,0.0000,99.9971,20,66,49
0,0.0000,99.9971,20,67,104
0,0.0000,99.9971,20,68,210
0,0.0000,99.9971,20,69,342
0,0.0000,99.9971,20,70,519
0,0.0000,99.9971,20,71,575
0,0.0000,99.9971,21,0,888
0,0.0000,99.9971,21,1,699
0,0.0000,99.9971,21,2,537
0,0.0000,99.9971,21,3,326
0,0.0000,99.9971,21,4,164
0,0.0000,99.9971,21,5,89
0,0.0000,99.9971,21,6,43
0,0.0000,99.9971,21,7,16
0,0.0000,99.9971,21,8,12
0,0.0000,99.9971,21,9,8
0,0.0000,99.9971,21,10,4
0,0.0000,99.9971,21,11,3
0,0.0000,99.9971,21,12,3
0,0.0000,99.9971,21,13,2
0,0.0000,99.9971,21,14,2
0,0.0000,99.9971,21,15,6
0,0.0000,99.9971,21,16,9
0,0.0000,99.9971,21,17,17
0,0.0000,99.9971,21,18,37
0,0.0000,99.9971,21,19,68
0,0.0000,99.9971,21,20,99
0,0.0000,99.9971,21,21,138
0,0.0000,99.9971,21,22,185
0,0.0000,99.9971,21,23,187
0,0.0000,99.9971,21,24,146
0,0.0000,99.9971,21,25,126
0,0.0000,99.9971,21,26,62
0,0.0000,99.9971,21,27,20
0,0.0000,99.9971,21,28,12
0,0.0000,99.9971,21,29,3
0,0.0000,99.9971,21,31,1
0,0.0000,99.9971,21,45,1
0,0.0000,99.9971,21,47,2
0,0.0000,99.9971,21,48,2
0,0.0000,99.9971,21,49,3
0,0.0000,99.9971,21,50,2
0,0.0000,99.9971,21,51,3
0,0.0000,99.9971,21,52,7
0,0.0000,99.9971,21,53,8
0,0.0000,99.9971,21,54,5
0,0.0000,99.9971,21,55,4
0,0.0000,99.9971,21,56,4
0,0.0000,99.9971,21,57,2
0,0.0000,99.9971,21,59,2
0,0.0000,99.9971,21,61,7
0,0.0000,99.9971,21,62,5
0,0.0000,99.9971,21,63,14
0,0.0000,99.9971,21,64,19
0,0.0000,99.9971,21,65,42
0,0.0000,99.9971,21,66,106
0,0.0000,99.9971,21,67,173
0,0.0000,99.9971,21,68,286
0,0.0000,99.9971,21,69,509
0,0.0000,99.9971,21,70,686
0,0.0000,99.9971,21,71,874
0,0.0000,99.9971,22,0,1141
0,0.0000,99.9971,22,1,918
0,0.0000,99.9971,22,2,634
0,0.0000,99.9971,22,3,377
0,0.0000,99.9971,22,4,189
0,0.0000,99.9971,22,5,133
0,0.0000,99.9971,22,6,62
0,0.0000,99.9971,22,7,17
0,0.0000,99.9971,22,8,15
0,0.0000,99.9971,22,9,6
0,0.0000,99.9971,22,10,3
0,0.0000,99.9971,22,11,3
0,0.0000,99.9971,22,12,7
0,0.0000,99.9971,22,13,3
0,0.0000,99.9971,22,14,7
0,0.0000,99.9971,22,15,9
0,0.0000,99.9971,22,16,10
0,0.0000,99.9971,22,17,29
0,0.0000,99.9971,22,18,43
0,0.0000,99.9971,22,19,84
0,0.0000,99.9971,22,20,109
0,0.0000,99.9971,22,21,174
0,0.0000,99.9971,22,22,227
0,0.0000,99.9971,22,23,209
0,0.0000,99.9971,22,24,189
0,0.0000,99.9971,22,25,100
0,0.0000,99.9971,22,26,60
0,0.0000,99.9971,22,27,25
0,0.0000,99.9971,22,28,9
0,0.0000,99.9971,22,29,5
0,0.0000,99.9971,22,30,2
0,0.0000,99.9971,22,47,1
0,0.0000,99.9971,22,49,3
0,0.0000,99.9971,22,50,1
0,0.0000,99.9971,22,51,7
0,0.0000,99.9971,22,52,8
0,0.0000,99.9971,22,53,3
0,0.0000,99.9971,22,54,5
0,0.0000,99.9971,22,55,5
0,0.0000,99.9971,22,56,5
0,0.0000,99.9971,22,57,6
0,0.0000,99.9971,22,58,2
0,0.0000,99.9971,22,59,3
0,0.0000,99.9971,22,60,4
0,0.0000,99.9971,22,61,8
0,0.0000,99.9971,22,62,7
0,0.0000,99.9971,22,63,15
0,0.0000,99.9971,22,64,23
0,0.0000,99.9971,22,65,55
0,0.0000,99.9971,22,66,103
0,0.0000,99.9971,22,67,223
0,0.0000,99.9971,22,68,422
0,0.0000,99.9971,22,69,636
0,0.0000,99.9971,22,70,945
0,0.0000,99.9971,22,71,1105
0,0.0000,99.9971,23,0,1199
0,0.0000,99.9971,23,1,1014
0,0.0000,99.9971,23,2,678
0,0.0000,99.9971,23,3,426
0,0.0000,99.9971,23,4,261
0,0.0000,99.9971,23,5,119
0,0.0000,99.9971,23,6,57
0,0.0000,99.9971,23,7,34
0,0.0000,99.9971,23,8,19
0,0.0000,99.9971,23,9,6
0,0.0000,99.9971,23,10,3
0,0.0000,99.9971,23,11,4
0,0.0000,99.9971,23,12,2
0,0.0000,99.9971,23,13,5
0,0.0000,99.9971,23,14,7
0,0.0000,99.9971,23,15,11
0,0.0000,99.9971,23,16,18
0,0.0000,99.9971,23,17,27
0,0.0000,99.9971,23,18,44
0,0.0000,99.9971,23,19,87
0,0.0000,99.9971,23,20,120
0,0.0000,99.9971,23,21,206
0,0.0000,99.9971,23,22,241
0,0.0000,99.9971,23,23,225
0,0.0000,99.9971,23,24,157
0,0.0000,99.9971,23,25,91
0,0.0000,99.9971,23,26,50
0,0.0000,99.9971,23,27,18
0,0.0000,99.9971,23,28,11
0,0.0000,99.9971,23,29,2
0,0.0000,99.9971,23,49,1
0,0.0000,99.9971,23,50,2
0,0.0000,99.9971,23,51,4
0,0.0000,99.9971,23,52,2
0,0.0000,99.9971,23,53,3
0,0.0000,99.9971,23,54,3
0,0.0000,99.9971,23,55,8
0,0.0000,99.9971,23,56,2
0,0.0000,99.9971,23,57,3
0,0.0000,99.9971,23,58,3
0,0.0000,99.9971,23,59,2
0,0.0000,99.9971,23,60,2
0,0.0000,99.9971,23,61,6
0,0.0000,99.9971,23,62,5
0,0.0000,99.9971,23,63,19
0,0.0000,99.9971,23,64,20
0,0.0000,99.9971,23,65,60
0,0.0000,99.9971,23,66,124
0,0.0000,99.9971,23,67,224
0,0.0000,99.9971,23,68,416
0,0.0000,99.9971,23,69,708
0,0.0000,99.9971,23,70,1022
0,0.0000,99.9971,23,71,1252
0,0.0000,99.9971,24,0,1074
0,0.0000,99.9971,24,1,939
0,0.0000,99.9971,24,2,641
0,0.0000,99.9971,24,3,369
0,0.0000,99.9971,24,4,187
0,0.0000,99.9971,24,5,124
0,0.0000,99.9971,24,6,50
0,0.0000,99.9971,24,7,27
0,0.0000,99.9971,24,8,15
0,0.0000,99.9971,24,9,16
0,0.0000,99.9971,24,10,5
0,0.0000,99.9971,24,11,2
0,0.0000,99.9971,24,12,5
0,0.0000,99.9971,24,13,4
0,0.0000,99.9971,24,14,6
0,0.0000,99.9971,24,15,10
0,0.0000,99.9971,24,16,13
0,0.0000,99.9971,24,17,34
0,0.0000,99.9971,24,18,46
0,0.0000,99.9971,24,19,74
0,0.0000,99.9971,24,20,125
0,0.0000,99.9971,24,21,158
0,0.0000,99.9971,24,22,189
0,0.0000,99.9971,24,23,148
0,0.0000,99.9971,24,24,113
0,0.0000,99.9971,24,25,54
0,0.0000,99.9971,24,26,26
0,0.0000,99.9971,24,27,9
0,0.0000,99.9971,24,28,1
0,0.0000,99.9971,24,29,1
0,0.0000,99.9971,24,48,1
0,0.0000,99.9971,24,49,1
0,0.0000,99.9971,24,50,1
0,0.0000,99.9971,24,51,3
0,0.0000,99.9971,24,52,2
0,0.0000,99.9971,24,53,6
0,0.0000,99.9971,24,54,2
0,0.0000,99.9971,24,55,5
0,0.0000,99.9971,24,56,5
0,0.0000,99.9971,24,57,2
0,0.0000,99.9971,24,58,4
0,0.0000,99.9971,24,59,5
0,0.0000,99.9971,24,60,2
0,0.0000,99.9971,24,61,5
0,0.0000,99.9971,24,62,3
0,0.0000,99.9971,24,63,13
0,0.0000,99.9971,24,64,24
0,0.0000,99.9971,24,65,45
0,0.0000,99.9971,24,66,96
0,0.0000,99.9971,24,67,233
0,0.0000,99.9971,24,68,422
0,0.0000,99.9971,24,69,646
0,0.0000,99.9971,24,70,954
0,0.0000,99.9971,24,71,1143
0,0.0000,99.9971,25,0,825
0,0.0000,99.9971,25,1,712
0,0.0000,99.9971,25,2,470
0,0.0000,99.9971,25,3,303
0,0.0000,99.9971,25,4,138
0,0.0000,99.9971,25,5,90
0,0.0000,99.9971,25,6,36
0,0.0000,99.9971,25,7,20
0,0.0000,99.9971,25,8,12
0,0.0000,99.9971,25,9,9
0,0.0000,99.9971,25,10,4
0,0.0000,99.9971,25,11,2
0,0.0000,99.9971,25,12,1
0,0.0000,99.9971,25,13,5
0,0.0000,99.9971,25,14,5
0,0.0000,99.9971,25,15,7
0,0.0000,99.9971,25,16,15
0,0.0000,99.9971,25,17,18
0,0.0000,99.9971,25,18,34
0,0.0000,99.9971,25,19,61
0,0.0000,99.9971,25,20,94
0,0.0000,99.9971,25,21,108
0,0.0000,99.9971,25,22,101
0,0.0000,99.9971,25,23,100
0,0.0000,99.9971,25,24,69
0,0.0000,99.9971,25,25,33
0,0.0000,99.9971,25,26,18
0,0.0000,99.9971,25,27,2
0,0.0000,99.9971,25,51,3
0,0.0000,99.9971,25,52,3
0,0.0000,99.9971,25,53,4
0,0.0000,99.9971,25,54,1
0,0.0000,99.9971,25,55,3
0,0.0000,99.9971,25,56,1
0,0.0000,99.9971,25,57,2
0,0.0000,99.9971,25,58,2
0,0.0000,99.9971,25,59,1
0,0.0000,99.9971,25,60,3
0,0.0000,99.9971,25,61,2
0,0.0000,99.9971,25,62,3
0,0.0000,99.9971,25,63,11
0,0.0000,99.9971,25,64,20
0,0.0000,99.9971,25,65,38
0,0.0000,99.9971,25,66,66
0,0.0000,99.9971,25,67,162
0,0.0000,99.9971,25,68,297
0,0.0000,99.9971,25,69,488
0,0.0000,99.9971,25,70,706
0,0.0000,99.9971,25,71,816
0,0.0000,99.9971,26,0,528
0,0.0000,99.9971,26,1,428
0,0.0000,99.9971,26,2,340
0,0.0000,99.9971,26,3,189
0,0.0000,99.9971,26,4,92
0,0.0000,99.9971,26,5,50
0,0.0000,99.9971,26,6,34
0,0.0000,99.9971,26,7,10
0,0.0000,99.9971,26,8,5
0,0.0000,99.9971,26,9,2
0,0.0000,99.9971,26,10,4
0,0.0000,99.9971,26,11,2
0,0.0000,99.9971,26,14,4
0,0.0000,99.9971,26,15,6
0,0.0000,99.9971,26,16,5
0,0.0000,99.9971,26,17,15
0,0.0000,99.9971,26,18,23
0,0.0000,99.9971,26,19,40
0,0.0000,99.9971,26,20,48
0,0.0000,99.9971,26,21,54
0,0.0000,99.9971,26,22,66
0,0.0000,99.9971,26,23,50
0,0.0000,99.9971,26,24,30
0,0.0000,99.9971,26,25,10
0,0.0000,99.9971,26,49,1
0,0.0000,99.9971,26,54,1
0,0.0000,99.9971,26,56,1
0,0.0000,99.9971,26,59,1
0,0.0000,99.9971,26,60,2
0,0.0000,99.9971,26,61,1
0,0.0000,99.9971,26,62,2
0,0.0000,99.9971,26,63,5
0,0.0000,99.9971,26,64,11
0,0.0000,99.9971,26,65,22
0,0.0000,99.9971,26,66,50
0,0.0000,99.9971,26,67,101
0,0.0000,99.9971,26,68,206
0,0.0000,99.9971,26,69,289
0,0.0000,99.9971,26,70,444
0,0.0000,99.9971,26,71,525
0,0.0000,99.9971,27,0,293
0,0.0000,99.9971,27,1,277
0,0.0000,99.9971,27,2,168
0,0.0000,99.9971,27,3,106
0,0.0000,99.9971,27,4,63
0,0.0000,99.9971,27,5,27
0,0.0000,99.9971,27,6,21
0,0.0000,99.9971,27,7,11
0,0.0000,99.9971,27,8,1
0,0.0000,99.9971,27,9,1
0,0.0000,99.9971,27,10,1
0,0.0000,99.9971,27,14,2
0,0.0000,99.9971,27,15,3
0,0.0000,99.9971,27,16,5
0,0.0000,99.9971,27,17,8
0,0.0000,99.9971,27,18,10
0,0.0000,99.9971,27,19,17
0,0.0000,99.9971,27,20,14
0,0.0000,99.9971,27,21,30
0,0.0000,99.9971,27,22,20
0,0.0000,99.9971,27,23,20
0,0.0000,99.9971,27,24,8
0,0.0000,99.9971,27,25,2
0,0.0000,99.9971,27,26,4
0,0.0000,99.9971,27,52,1
0,0.0000,99.9971,27,56,1
0,0.0000,99.9971,27,57,1
0,0.0000,99.9971,27,59,1
0,0.0000,99.9971,27,60,3
0,0.0000,99.9971,27,61,1
0,0.0000,99.9971,27,62,3
0,0.0000,99.9971,27,63,7
0,0.0000,99.9971,27,64,8
0,0.0000,99.9971,27,65,13
0,0.0000,99.9971,27,66,32
0,0.0000,99.9971,27,67,64
0,0.0000,99.9971,27,68,121
0,0.0000,99.9971,27,69,192
0,0.0000,99.9971,27,70,281
0,0.0000,99.9971,27,71,278
0,0.0000,99.9971,28,0,155
0,0.0000,99.9971,28,1,126
0,0.0000,99.9971,28,2,111
0,0.0000,99.9971,28,3,49
0,0.0000,99.9971,28,4,34
0,0.0000,99.9971,28,5,11
0,0.0000,99.9971,28,6,6
0,0.0000,99.9971,28,7,7
0,0.0000,99.9971,28,9,2
0,0.0000,99.9971,28,10,2
0,0.0000,99.9971,28,11,1
0,0.0000,99.9971,28,14,1
0,0.0000,99.9971,28,15,1
0,0.0000,99.9971,28,17,2
0,0.0000,99.9971,28,18,6
0,0.0000,99.9971,28,19,6
0,0.0000,99.9971,28,20,8
0,0.0000,99.9971,28,21,6
0,0.0000,99.9971,28,22,5
0,0.0000,99.9971,28,23,6
0,0.0000,99.9971,28,24,3
0,0.0000,99.9971,28,25,1
0,0.0000,99.9971,28,27,1
0,0.0000,99.9971,28,54,1
0,0.0000,99.9971,28,64,4
0,0.0000,99.9971,28,65,8
0,0.0000,99.9971,28,66,20
0,0.0000,99.9971,28,67,32
0,0.0000,99.9971,28,68,69
0,0.0000,99.9971,28,69,111
0,0.0000,99.9971,28,70,111
0,0.0000,99.9971,28,71,144
0,0.0000,99.9971,29,0,70
0,0.0000,99.9971,29,1,58
0,0.0000,99.9971,29,2,50
0,0.0000,99.9971,29,3,23
0,0.0000,99.9971,29,4,15
0,0.0000,99.9971,29,5,9
0,0.0000,99.9971,29,6,4
0,0.0000,99.9971,29,7,1
0,0.0000,99.9971,29,8,1
0,0.0000,99.9971,29,14,1
0,0.0000,99.9971,29,15,1
0,0.0000,99.9971,29,17,2
0,0.0000,99.9971,29,18,6
0,0.0000,99.9971,29,19,4
0,0.0000,99.9971,29,20,1
0,0.0000,99.9971,29,21,4
0,0.0000,99.9971,29,58,1
0,0.0000,99.9971,29,59,1
0,0.0000,99.9971,29,65,5
0,0.0000,99.9971,29,66,11
0,0.0000,99.9971,29,67,13
0,0.0000,99.9971,29,68,30
0,0.0000,99.9971,29,69,38
0,0.0000,99.9971,29,70,73
0,0.0000,99.9971,29,71,91
0,0.0000,99.9971,30,0,32
0,0.0000,99.9971,30,1,26
0,0.0000,99.9971,30,2,17
0,0.0000,99.9971,30,3,16
0,0.0000,99.9971,30,4,9
0,0.0000,99.9971,30,5,2
0,0.0000,99.9971,30,7,1
0,0.0000,99.9971,30,14,1
0,0.0000,99.9971,30,17,1
0,0.0000,99.9971,30,19,1
0,0.0000,99.9971,30,20,1
0,0.0000,99.9971,30,21,1
0,0.0000,99.9971,30,65,2
0,0.0000,99.9971,30,66,3
0,0.0000,99.9971,30,67,10
0,0.0000,99.9971,30,68,18
0,0.0000,99.9971,30,69,10
0,0.0000,99.9971,30,70,22
0,0.0000,99.9971,30,71,26
0,0.0000,99.9971,31,0,19
0,0.0000,99.9971,31,1,15
0,0.0000,99.9971,31,2,6
0,0.0000,99.9971,31,3,10
0,0.0000,99.9971,31,4,3
0,0.0000,99.9971,31,5,1
0,0.0000,99.9971,31,10,1
0,0.0000,99.9971,31,20,1
0,0.0000,99.9971,31,63,1
0,0.0000,99.9971,31,66,4
0,0.0000,99.9971,31,67,1
0,0.0000,99.9971,31,68,4
0,0.0000,99.9971,31,69,7
0,0.0000,99.9971,31,70,12
0,0.0000,99.9971,31,71,22
0,0.0000,99.9971,32,0,8
0,0.0000,99.9971,32,1,8
0,0.0000,99.9971,32,2,7
0,0.0000,99.9971,32,3,2
0,0.0000,99.9971,32,5,1
0,0.0000,99.9971,32,65,1
0,0.0000,99.9971,32,66,1
0,0.0000,99.9971,32,68,3
0,0.0000,99.9971,32,69,5
0,0.0000,99.9971,32,70,10
0,0.0000,99.9971,32,71,7
0,0.0000,99.9971,33,0,4
0,0.0000,99.9971,33,1,6
0,0.0000,99.9971,33,2,4
0,0.0000,99.9971,33,3,2
0,0.0000,99.9971,33,5,2
0,0.0000,99.9971,33,62,1
0,0.0000,99.9971,33,67,1
0,0.0000,99.9971,33,68,1
0,0.0000,99.9971,33,69,2
0,0.0000,99.9971,33,70,8
0,0.0000,99.9971,33,71,3
0,0.0000,99.9971,34,0,4
0,0.0000,99.9971,34,1,3
0,0.0000,99.9971,34,2,4
0,0.0000,99.9971,34,4,2
0,0.0000,99.9971,34,5,2
0,0.0000,99.9971,34,67,1
0,0.0000,99.9971,34,69,1
0,0.0000,99.9971,34,70,7
0,0.0000,99.9971,34,71,4
0,0.0000,99.9971,35,0,5
0,0.0000,99.9971,35,2,2
0,0.0000,99.9971,35,3,1
0,0.0000,99.9971,35,5,1
0,0.0000,99.9971,35,67,2
0,0.0000,99.9971,35,68,1
0,0.0000,99.9971,35,69,1
0,0.0000,99.9971,35,70,2
0,0.0000,99.9971,35,71,1
0,0.0000,99.9971,36,0,3
0,0.0000,99.9971,36,1,1
0,0.0000,99.9971,36,2,3
0,0.0000,99.9971,36,3,3
0,0.0000,99.9971,36,4,1
0,0.0000,99.9971,36,5,1
0,0.0000,99.9971,36,68,1
0,0.0000,99.9971,36,69,1
0,0.0000,99.9971,36,70,4
0,0.0000,99.9971,36,71,2
0,0.0000,99.9971,37,0,6
0,0.0000,99.9971,37,1,1
0,0.0000,99.9971,37,2,2
0,0.0000,99.9971,37,3,2
0,0.0000,99.9971,37,5,1
0,0.0000,99.9971,37,14,1
0,0.0000,99.9971,37,52,1
0,0.0000,99.9971,37,67,1
0,0.0000,99.9971,37,68,2
0,0.0000,99.9971,37,69,1
0,0.0000,99.9971,37,70,1
0,0.0000,99.9971,37,71,4
0,0.0000,99.9971,38,0,4
0,0.0000,99.9971,38,1,3
0,0.0000,99.9971,38,2,2
0,0.0000,99.9971,38,3,4
0,0.0000,99.9971,38,5,1
0,0.0000,99.9971,38,67,2
0,0.0000,99.9971,38,68,1
0,0.0000,99.9971,38,69,3
0,0.0000,99.9971,38,70,4
0,0.0000,99.9971,38,71,11
0,0.0000,99.9971,39,0,8
0,0.0000,99.9971,39,1,9
0,0.0000,99.9971,39,3,5
0,0.0000,99.9971,39,4,2
0,0.0000,99.9971,39,8,1
0,0.0000,99.9971,39,51,1
0,0.0000,99.9971,39,67,4
0,0.0000,99.9971,39,68,6
0,0.0000,99.9971,39,69,10
0,0.0000,99.9971,39,70,4
0,0.0000,99.9971,39,71,10
0,0.0000,99.9971,40,0,14
0,0.0000,99.9971,40,1,20
0,0.0000,99.9971,40,2,8
0,0.0000,99.9971,40,3,3
0,0.0000,99.9971,40,4,1
0,0.0000,99.9971,40,5,1
0,0.0000,99.9971,40,8,1
0,0.0000,99.9971,40,51,2
0,0.0000,99.9971,40,52,1
0,0.0000,99.9971,40,53,2
0,0.0000,99.9971,40,55,1
0,0.0000,99.9971,40,66,1
0,0.0000,99.9971,40,67,4
0,0.0000,99.9971,40,68,13
0,0.0000,99.9971,40,69,13
0,0.0000,99.9971,40,70,23
0,0.0000,99.9971,40,71,17
0,0.0000,99.9971,41,0,29
0,0.0000,99.9971,41,1,24
0,0.0000,99.9971,41,2,15
0,0.0000,99.9971,41,3,13
0,0.0000,99.9971,41,4,5
0,0.0000,99.9971,41,5,3
0,0.0000,99.9971,41,6,1
0,0.0000,99.9971,41,7,1
0,0.0000,99.9971,41,11,1
0,0.0000,99.9971,41,13,1
0,0.0000,99.9971,41,50,2
0,0.0000,99.9971,41,52,1
0,0.0000,99.9971,41,53,1
0,0.0000,99.9971,41,64,2
0,0.0000,99.9971,41,65,3
0,0.0000,99.9971,41,66,6
0,0.0000,99.9971,41,67,3
0,0.0000,99.9971,41,68,14
0,0.0000,99.9971,41,69,13
0,0.0000,99.9971,41,70,30
0,0.0000,99.9971,41,71,42
0,0.0000,99.9971,42,0,68
0,0.0000,99.9971,42,1,64
0,0.0000,99.9971,42,2,41
0,0.0000,99.9971,42,3,25
0,0.0000,99.9971,42,4,10
0,0.0000,99.9971,42,5,10
0,0.0000,99.9971,42,6,3
0,0.0000,99.9971,42,7,1
0,0.0000,99.9971,42,8,1
0,0.0000,99.9971,42,11,1
0,0.0000,99.9971,42,47,1
0,0.0000,99.9971,42,49,2
0,0.0000,99.9971,42,50,4
0,0.0000,99.9971,42,51,3
0,0.0000,99.9971,42,52,6
0,0.0000,99.9971,42,53,5
0,0.0000,99.9971,42,54,3
0,0.0000,99.9971,42,55,1
0,0.0000,99.9971,42,56,1
0,0.0000,99.9971,42,60,1
0,0.0000,99.9971,42,61,2
0,0.0000,99.9971,42,65,4
0,0.0000,99.9971,42,66,7
0,0.0000,99.9971,42,67,13
0,0.0000,99.9971,42,68,33
0,0.0000,99.9971,42,69,46
0,0.0000,99.9971,42,70,69
0,0.0000,99.9971,42,71,83
0,0.0000,99.9971,43,0,151
0,0.0000,99.9971,43,1,115
0,0.0000,99.9971,43,2,100
0,0.0000,99.9971,43,3,45
0,0.0000,99.9971,43,4,35
0,0.0000,99.9971,43,5,20
0,0.0000,99.9971,43,6,4
0,0.0000,99.9971,43,9,2
0,0.0000,99.9971,43,12,1
0,0.0000,99.9971,43,14,1
0,0.0000,99.9971,43,47,2
0,0.0000,99.9971,43,48,6
0,0.0000,99.9971,43,49,6
0,0.0000,99.9971,43,50,9
0,0.0000,99.9971,43,51,5
0,0.0000,99.9971,43,52,7
0,0.0000,99.9971,43,53,3
0,0.0000,99.9971,43,54,1
0,0.0000,99.9971,43,55,2
0,0.0000,99.9971,43,56,2
0,0.0000,99.9971,43,57,1
0,0.0000,99.9971,43,59,3
0,0.0000,99.9971,43,60,2
0,0.0000,99.9971,43,62,2
0,0.0000,99.9971,43,64,4
0,0.0000,99.9971,43,65,6
0,0.0000,99.9971,43,66,13
0,0.0000,99.9971,43,67,25
0,0.0000,99.9971,43,68,64
0,0.0000,99.9971,43,69,93
0,0.0000,99.9971,43,70,134
0,0.0000,99.9971,43,71,133
0,0.0000,99.9971,44,0,333
0,0.0000,99.9971,44,1,257
0,0.0000,99.9971,44,2,201
0,0.0000,99.9971,44,3,118
0,0.0000,99.9971,44,4,61
0,0.0000,99.9971,44,5,32
0,0.0000,99.9971,44,6,10
0,0.0000,99.9971,44,7,8
0,0.0000,99.9971,44,8,4
0,0.0000,99.9971,44,9,1
0,0.0000,99.9971,44,10,1
0,0.0000,99.9971,44,11,2
0,0.0000,99.9971,44,15,2
0,0.0000,99.9971,44,19,2
0,0.0000,99.9971,44,45,1
0,0.0000,99.9971,44,46,2
0,0.0000,99.9971,44,47,9
0,0.0000,99.9971,44,48,21
0,0.0000,99.9971,44,49,20
0,0.0000,99.9971,44,50,21
0,0.0000,99.9971,44,51,25
0,0.0000,99.9971,44,52,13
0,0.0000,99.9971,44,53,9
0,0.0000,99.9971,44,54,14
0,0.0000,99.9971,44,55,4
0,0.0000,99.9971,44,56,1
0,0.0000,99.9971,44,57,1
0,0.0000,99.9971,44,58,1
0,0.0000,99.9971,44,59,2
0,0.0000,99.9971,44,60,2
0,0.0000,99.9971,44,61,3
0,0.0000,99.9971,44,63,2
0,0.0000,99.9971,44,64,8
0,0.0000,99.9971,44,65,15
0,0.0000,99.9971,44,66,31
0,0.0000,99.9971,44,67,59
0,0.0000,99.9971,44,68,108
0,0.0000,99.9971,44,69,207
0,0.0000,99.9971,44,70,287
0,0.0000,99.9971,44,71,321
0,0.0000,99.9971,45,0,607
0,0.0000,99.9971,45,1,488
0,0.0000,99.9971,45,2,386
0,0.0000,99.9971,45,3,217
0,0.0000,99.9971,45,4,105
0,0.0000,99.9971,45,5,57
0,0.0000,99.9971,45,6,23
0,0.0000,99.9971,45,7,12
0,0.0000,99.9971,45,8,3
0,0.0000,99.9971,45,9,3
0,0.0000,99.9971,45,10,2
0,0.0000,99.9971,45,11,4
0,0.0000,99.9971,45,12,3
0,0.0000,99.9971,45,16,1
0,0.0000,99.9971,45,17,1
0,0.0000,99.9971,45,18,1
0,0.0000,99.9971,45,19,1
0,0.0000,99.9971,45,23,1
0,0.0000,99.9971,45,43,1
0,0.0000,99.9971,45,45,6
0,0.0000,99.9971,45,46,12
0,0.0000,99.9971,45,47,29
0,0.0000,99.9971,45,48,51
0,0.0000,99.9971,45,49,50
0,0.0000,99.9971,45,50,51
0,0.0000,99.9971,45,51,39
0,0.0000,99.9971,45,52,22
0,0.0000,99.9971,45,53,16
0,0.0000,99.9971,45,54,4
0,0.0000,99.9971,45,55,5
0,0.0000,99.9971,45,56,3
0,0.0000,99.9971,45,57,2
0,0.0000,99.9971,45,58,1
0,0.0000,99.9971,45,59,3
0,0.0000,99.9971,45,60,4
0,0.0000,99.9971,45,61,1
0,0.0000,99.9971,45,62,2
0,0.0000,99.9971,45,63,2
0,0.0000,99.9971,45,64,11
0,0.0000,99.9971,45,65,27
0,0.0000,99.9971,45,66,59
0,0.0000,99.9971,45,67,133
0,0.0000,99.9971,45,68,212
0,0.0000,99.9971,45,69,335
0,0.0000,99.9971,45,70,516
0,0.0000,99.9971,45,71,589
0,0.0000,99.9971,46,0,932
0,0.0000,99.9971,46,1,818
0,0.0000,99.9971,46,2,529
0,0.0000,99.9971,46,3,316
0,0.0000,99.9971,46,4,169
0,0.0000,99.9971,46,5,88
0,0.0000,99.9971,46,6,46
0,0.0000,99.9971,46,7,25
0,0.0000,99.9971,46,8,7
0,0.0000,99.9971,46,9,5
0,0.0000,99.9971,46,10,4
0,0.0000,99.9971,46,11,4
0,0.0000,99.9971,46,12,3
0,0.0000,99.9971,46,13,1
0,0.0000,99.9971,46,14,1
0,0.0000,99.9971,46,15,4
0,0.0000,99.9971,46,16,2
0,0.0000,99.9971,46,17,1
0,0.0000,99.9971,46,19,2
0,0.0000,99.9971,46,20,2
0,0.0000,99.9971,46,42,1
0,0.0000,99.9971,46,43,1
0,0.0000,99.9971,46,44,5
0,0.0000,99.9971,46,45,15
0,0.0000,99.9971,46,46,28
0,0.0000,99.9971,46,47,59
0,0.0000,99.9971,46,48,106
0,0.0000,99.9971,46,49,95
0,0.0000,99.9971,46,50,95
0,0.0000,99.9971,46,51,72
0,0.0000,99.9971,46,52,38
0,0.0000,99.9971,46,53,31
0,0.0000,99.9971,46,54,12
0,0.0000,99.9971,46,55,17
0,0.0000,99.9971,46,56,6
0,0.0000,99.9971,46,58,3
0,0.0000,99.9971,46,59,1
0,0.0000,99.9971,46,60,7
0,0.0000,99.9971,46,61,3
0,0.0000,99.9971,46,62,7
0,0.0000,99.9971,46,63,10
0,0.0000,99.9971,46,64,25
0,0.0000,99.9971,46,65,43
0,0.0000,99.9971,46,66,101
0,0.0000,99.9971,46,67,187
0,0.0000,99.9971,46,68,335
0,0.0000,99.9971,46,69,561
0,0.0000,99.9971,46,70,759
0,0.0000,99.9971,46,71,872
0,0.0000,99.9971,47,0,1299
0,0.0000,99.9971,47,1,1067
0,0.0000,99.9971,47,2,757
0,0.0000,99.9971,47,3,428
0,0.0000,99.9971,47,4,225
0,0.0000,99.9971,47,5,127
0,0.0000,99.9971,47,6,55
0,0.0000,99.9971,47,7,31
0,0.0000,99.9971,47,8,8
0,0.0000,99.9971,47,9,10
0,0.0000,99.9971,47,10,5
0,0.0000,99.9971,47,11,3
0,0.0000,99.9971,47,12,2
0,0.0000,99.9971,47,13,8
0,0.0000,99.9971,47,14,2
0,0.0000,99.9971,47,15,4
0,0.0000,99.9971,47,16,3
0,0.0000,99.9971,47,17,1
0,0.0000,99.9971,47,18,1
0,0.0000,99.9971,47,19,5
0,0.0000,99.9971,47,20,3
0,0.0000,99.9971,47,43,5
0,0.0000,99.9971,47,44,5
0,0.0000,99.9971,47,45,29
0,0.0000,99.9971,47,46,65
0,0.0000,99.9971,47,47,83
0,0.0000,99.9971,47,48,164
0,0.0000,99.9971,47,49,155
0,0.0000,99.9971,47,50,132
0,0.0000,99.9971,47,51,94
0,0.0000,99.9971,47,52,73
0,0.0000,99.9971,47,53,40
0,0.0000,99.9971,47,54,19
0,0.0000,99.9971,47,55,11
0,0.0000,99.9971,47,56,10
0,0.0000,99.9971,47,57,5
0,0.0000,99.9971,47,58,6
0,0.0000,99.9971,47,59,2
0,0.0000,99.9971,47,60,1
0,0.0000,99.9971,47,61,6
0,0.0000,99.9971,47,62,6
0,0.0000,99.9971,47,63,13
0,0.0000,99.9971,47,64,32
0,0.0000,99.9971,47,65,62
0,0.0000,99.9971,47,66,118
0,0.0000,99.9971,47,67,237
0,0.0000,99.9971,47,68,461
0,0.0000,99.9971,47,69,711
0,0.0000,99.9971,47,70,1026
0,0.0000,99.9971,47,71,1247
0,0.0000,99.9971,48,0,1389
0,0.0000,99.9971,48,1,1097
0,0.0000,99.9971,48,2,792
0,0.0000,99.9971,48,3,480
0,0.0000,99.9971,48,4,293
0,0.0000,99.9971,48,5,123
0,0.0000,99.9971,48,6,60
0,0.0000,99.9971,48,7,35
0,0.0000,99.9971,48,8,14
0,0.0000,99.9971,48,9,12
0,0.0000,99.9971,48,10,9
0,0.0000,99.9971,48,11,6
0,0.0000,99.9971,48,13,1
0,0.0000,99.9971,48,14,2
0,0.0000,99.9971,48,15,3
0,0.0000,99.9971,48,16,7
0,0.0000,99.9971,48,17,5
0,0.0000,99.9971,48,18,7
0,0.0000,99.9971,48,19,7
0,0.0000,99.9971,48,20,3
0,0.0000,99.9971,48,22,1
0,0.0000,99.9971,48,42,1
0,0.0000,99.9971,48,43,6
0,0.0000,99.9971,48,44,19
0,0.0000,99.9971,48,45,49
0,0.0000,99.9971,48,46,87
0,0.0000,99.9971,48,47,139
0,0.0000,99.9971,48,48,206
0,0.0000,99.9971,48,49,184
0,0.0000,99.9971,48,50,142
0,0.0000,99.9971,48,51,128
0,0.0000,99.9971,48,52,68
0,0.0000,99.9971,48,53,45
0,0.0000,99.9971,48,54,26
0,0.0000,99.9971,48,55,13
0,0.0000,99.9971,48,56,8
0,0.0000,99.9971,48,57,8
0,0.0000,99.9971,48,58,2
0,0.0000,99.9971,48,59,3
0,0.0000,99.9971,48,60,3
0,0.0000,99.9971,48,61,5
0,0.0000,99.9971,48,62,10
0,0.0000,99.9971,48,63,22
0,0.0000,99.9971,48,64,29
0,0.0000,99.9971,48,65,47
0,0.0000,99.9971,48,66,123
0,0.0000,99.9971,48,67,273
0,0.0000,99.9971,48,68,479
0,0.0000,99.9971,48,69,787
0,0.0000,99.9971,48,70,1189
0,0.0000,99.9971,48,71,1436
0,0.0000,99.9971,49,0,1282
0,0.0000,99.9971,49,1,1065
0,0.0000,99.9971,49,2,762
0,0.0000,99.9971,49,3,442
0,0.0000,99.9971,49,4,243
0,0.0000,99.9971,49,5,131
0,0.0000,99.9971,49,6,46
0,0.0000,99.9971,49,7,36
0,0.0000,99.9971,49,8,15
0,0.0000,99.9971,49,9,8
0,0.0000,99.9971,49,10,2
0,0.0000,99.9971,49,11,4
0,0.0000,99.9971,49,12,2
0,0.0000,99.9971,49,13,2
0,0.0000,99.9971,49,14,5
0,0.0000,99.9971,49,15,7
0,0.0000,99.9971,49,16,6
0,0.0000,99.9971,49,17,3
0,0.0000,99.9971,49,18,11
0,0.0000,99.9971,49,19,7
0,0.0000,99.9971,49,20,5
0,0.0000,99.9971,49,21,4
0,0.0000,99.9971,49,22,1
0,0.0000,99.9971,49,23,2
0,0.0000,99.9971,49,24,1
0,0.0000,99.9971,49,43,11
0,0.0000,99.9971,49,44,19
0,0.0000,99.9971,49,45,54
0,0.0000,99.9971,49,46,96
0,0.0000,99.9971,49,47,139
0,0.0000,99.9971,49,48,192
0,0.0000,99.9971,49,49,201
0,0.0000,99.9971,49,50,167
0,0.0000,99.9971,49,51,122
0,0.0000,99.9971,49,52,71
0,0.0000,99.9971,49,53,41
0,0.0000,99.9971,49,54,19
0,0.0000,99.9971,49,55,20
0,0.0000,99.9971,49,56,9
0,0.0000,99.9971,49,57,5
0,0.0000,99.9971,49,58,3
0,0.0000,99.9971,49,59,6
0,0.0000,99.9971,49,60,8
0,0.0000,99.9971,49,61,9
0,0.0000,99.9971,49,62,11
0,0.0000,99.9971,49,63,17
0,0.0000,99.9971,49,64,33
0,0.0000,99.9971,49,65,56
0,0.0000,99.9971,49,66,134
0,0.0000,99.9971,49,67,253
0,0.0000,99.9971,49,68,461
0,0.0000,99.9971,49,69,762
0,0.0000,99.9971,49,70,1083
0,0.0000,99.9971,49,71,1271
0,0.0000,99.9971,50,0,1050
0,0.0000,99.9971,50,1,824
0,0.0000,99.9971,50,2,628
0,0.0000,99.9971,50,3,377
0,0.0000,99.9971,50,4,183
0,0.0000,99.9971,50,5,93
0,0.0000,99.9971,50,6,39
0,0.0000,99.9971,50,7,19
0,0.0000,99.9971,50,8,10
0,0.0000,99.9971,50,9,9
0,0.0000,99.9971,50,10,5
0,0.0000,99.9971,50,11,3
0,0.0000,99.9971,50,12,2
0,0.0000,99.9971,50,13,1
0,0.0000,99.9971,50,14,4
0,0.0000,99.9971,50,15,5
0,0.0000,99.9971,50,16,8
0,0.0000,99.9971,50,17,4
0,0.0000,99.9971,50,18,6
0,0.0000,99.9971,50,19,5
0,0.0000,99.9971,50,20,8
0,0.0000,99.9971,50,21,4
0,0.0000,99.9971,50,22,3
0,0.0000,99.9971,50,23,5
0,0.0000,99.9971,50,24,3
0,0.0000,99.9971,50,40,1
0,0.0000,99.9971,50,42,3
0,0.0000,99.9971,50,43,6
0,0.0000,99.9971,50,44,22
0,0.0000,99.9971,50,45,54
0,0.0000,99.9971,50,46,89
0,0.0000,99.9971,50,47,137
0,0.0000,99.9971,50,48,166
0,0.0000,99.9971,50,49,169
0,0.0000,99.9971,50,50,142
0,0.0000,99.9971,50,51,103
0,0.0000,99.9971,50,52,51
0,0.0000,99.9971,50,53,25
0,0.0000,99.9971,50,54,20
0,0.0000,99.9971,50,55,8
0,0.0000,99.9971,50,56,6
0,0.0000,99.9971,50,57,3
0,0.0000,99.9971,50,58,4
0,0.0000,99.9971,50,59,2
0,0.0000,99.9971,50,60,4
0,0.0000,99.9971,50,61,4
0,0.0000,99.9971,50,62,6
0,0.0000,99.9971,50,63,15
0,0.0000,99.9971,50,64,22
0,0.0000,99.9971,50,65,49
0,0.0000,99.9971,50,66,96
0,0.0000,99.9971,50,67,211
0,0.0000,99.9971,50,68,373
0,0.0000,99.9971,50,69,593
0,0.0000,99.9971,50,70,845
0,0.0000,99.9971,50,71,1013
0,0.0000,99.9971,51,0,629
0,0.0000,99.9971,51,1,558
0,0.0000,99.9971,51,2,420
0,0.0000,99.9971,51,3,241
0,0.0000,99.9971,51,4,141
0,0.0000,99.9971,51,5,78
0,0.0000,99.9971,51,6,27
0,0.0000,99.9971,51,7,17
0,0.0000,99.9971,51,8,4
0,0.0000,99.9971,51,9,6
0,0.0000,99.9971,51,10,2
0,0.0000,99.9971,51,11,4
0,0.0000,99.9971,51,12,5
0,0.0000,99.9971,51,13,3
0,0.0000,99.9971,51,15,2
0,0.0000,99.9971,51,16,1
0,0.0000,99.9971,51,17,7
0,0.0000,99.9971,51,18,8
0,0.0000,99.9971,51,19,7
0,0.0000,99.9971,51,20,8
0,0.0000,99.9971,51,21,6
0,0.0000,99.9971,51,22,4
0,0.0000,99.9971,51,23,3
0,0.0000,99.9971,51,24,4
0,0.0000,99.9971,51,42,3
0,0.0000,99.9971,51,43,11
0,0.0000,99.9971,51,44,12
0,0.0000,99.9971,51,45,37
0,0.0000,99.9971,51,46,71
0,0.0000,99.9971,51,47,106
0,0.0000,99.9971,51,48,113
0,0.0000,99.9971,51,49,106
0,0.0000,99.9971,51,50,95
0,0.0000,99.9971,51,51,55
0,0.0000,99.9971,51,52,34
0,0.0000,99.9971,51,53,19
0,0.0000,99.9971,51,54,18
0,0.0000,99.9971,51,55,5
0,0.0000,99.9971,51,56,5
0,0.0000,99.9971,51,57,3
0,0.0000,99.9971,51,58,2
0,0.0000,99.9971,51,59,3
0,0.0000,99.9971,51,60,3
0,0.0000,99.9971,51,61,2
0,0.0000,99.9971,51,62,2
0,0.0000,99.9971,51,63,8
0,0.0000,99.9971,51,64,16
0,0.0000,99.9971,51,65,27
0,0.0000,99.9971,51,66,67
0,0.0000,99.9971,51,67,124
0,0.0000,99.9971,51,68,229
0,0.0000,99.9971,51,69,417
0,0.0000,99.9971,51,70,539
0,0.0000,99.9971,51,71,627
0,0.0000,99.9971,52,0,394
0,0.0000,99.9971,52,1,349
0,0.0000,99.9971,52,2,235
0,0.0000,99.9971,52,3,161
0,0.0000,99.9971,52,4,86
0,0.0000,99.9971,52,5,43
0,0.0000,99.9971,52,6,22
0,0.0000,99.9971,52,7,6
0,0.0000,99.9971,52,8,3
0,0.0000,99.9971,52,9,1
0,0.0000,99.9971,52,11,2
0,0.0000,99.9971,52,12,1
0,0.0000,99.9971,52,13,2
0,0.0000,99.9971,52,14,4
0,0.0000,99.9971,52,15,2
0,0.0000,99.9971,52,16,2
0,0.0000,99.9971,52,17,6
0,0.0000,99.9971,52,18,8
0,0.0000,99.9971,52,19,4
0,0.0000,99.9971,52,20,7
0,0.0000,99.9971,52,21,6
0,0.0000,99.9971,52,22,4
0,0.0000,99.9971,52,23,4
0,0.0000,99.9971,52,24,3
0,0.0000,99.9971,52,25,1
0,0.0000,99.9971,52,26,1
0,0.0000,99.9971,52,38,2
0,0.0000,99.9971,52,40,2
0,0.0000,99.9971,52,41,3
0,0.0000,99.9971,52,42,3
0,0.0000,99.9971,52,43,6
0,0.0000,99.9971,52,44,20
0,0.0000,99.9971,52,45,29
0,0.0000,99.9971,52,46,33
0,0.0000,99.9971,52,47,60
0,0.0000,99.9971,52,48,59
0,0.0000,99.9971,52,49,69
0,0.0000,99.9971,52,50,46
0,0.0000,99.9971,52,51,41
0,0.0000,99.9971,52,52,33
0,0.0000,99.9971,52,53,13
0,0.0000,99.9971,52,54,8
0,0.0000,99.9971,52,55,5
0,0.0000,99.9971,52,56,1
0,0.0000,99.9971,52,57,4
0,0.0000,99.9971,52,58,3
0,0.0000,99.9971,52,59,1
0,0.0000,99.9971,52,61,5
0,0.0000,99.9971,52,62,2
0,0.0000,99.9971,52,63,5
0,0.0000,99.9971,52,64,11
0,0.0000,99.9971,52,65,15
0,0.0000,99.9971,52,66,41
0,0.0000,99.9971,52,67,79
0,0.0000,99.9971,52,68,155
0,0.0000,99.9971,52,69,236
0,0.0000,99.9971,52,70,339
0,0.0000,99.9971,52,71,413
0,0.0000,99.9971,53,0,216
0,0.0000,99.9971,53,1,179
0,0.0000,99.9971,53,2,133
0,0.0000,99.9971,53,3,75
0,0.0000,99.9971,53,4,43
0,0.0000,99.9971,53,5,21
0,0.0000,99.9971,53,6,6
0,0.0000,99.9971,53,7,7
0,0.0000,99.9971,53,8,1
0,0.0000,99.9971,53,9,1
0,0.0000,99.9971,53,10,1
0,0.0000,99.9971,53,11,2
0,0.0000,99.9971,53,13,1
0,0.0000,99.9971,53,15,3
0,0.0000,99.9971,53,16,4
0,0.0000,99.9971,53,17,4
0,0.0000,99.9971,53,18,7
0,0.0000,99.9971,53,19,5
0,0.0000,99.9971,53,20,5
0,0.0000,99.9971,53,21,7
0,0.0000,99.9971,53,22,4
0,0.0000,99.9971,53,23,5
0,0.0000,99.9971,53,24,4
0,0.0000,99.9971,53,25,2
0,0.0000,99.9971,53,38,1
0,0.0000,99.9971,53,41,1
0,0.0000,99.9971,53,42,4
0,0.0000,99.9971,53,43,6
0,0.0000,99.9971,53,44,7
0,0.0000,99.9971,53,45,11
0,0.0000,99.9971,53,46,23
0,0.0000,99.9971,53,47,34
0,0.0000,99.9971,53,48,52
0,0.0000,99.9971,53,49,27
0,0.0000,99.9971,53,50,29
0,0.0000,99.9971,53,51,23
0,0.0000,99.9971,53,52,20
0,0.0000,99.9971,53,53,6
0,0.0000,99.9971,53,54,1
0,0.0000,99.9971,53,59,2
0,0.0000,99.9971,53,60,1
0,0.0000,99.9971,53,63,1
0,0.0000,99.9971,53,64,4
0,0.0000,99.9971,53,65,12
0,0.0000,99.9971,53,66,24
0,0.0000,99.9971,53,67,52
0,0.0000,99.9971,53,68,84
0,0.0000,99.9971,53,69,129
0,0.0000,99.9971,53,70,161
0,0.0000,99.9971,53,71,203
0,0.0000,99.9971,54,0,99
0,0.0000,99.9971,54,1,103
0,0.0000,99.9971,54,2,80
0,0.0000,99.9971,54,3,53
0,0.0000,99.9971,54,4,19
0,0.0000,99.9971,54,5,14
0,0.0000,99.9971,54,6,9
0,0.0000,99.9971,54,7,3
0,0.0000,99.9971,54,8,2
0,0.0000,99.9971,54,9,3
0,0.0000,99.9971,54,12,1
0,0.0000,99.9971,54,14,1
0,0.0000,99.9971,54,15,2
0,0.0000,99.9971,54,16,2
0,0.0000,99.9971,54,17,4
0,0.0000,99.9971,54,18,4
0,0.0000,99.9971,54,19,5
0,0.0000,99.9971,54,20,2
0,0.0000,99.9971,54,21,3
0,0.0000,99.9971,54,22,7
0,0.0000,99.9971,54,23,3
0,0.0000,99.9971,54,24,3
0,0.0000,99.9971,54,25,1
0,0.0000,99.9971,54,43,5
0,0.0000,99.9971,54,44,3
0,0.0000,99.9971,54,45,8
0,0.0000,99.9971,54,46,18
0,0.0000,99.9971,54,47,26
0,0.0000,99.9971,54,48,25
0,0.0000,99.9971,54,49,25
0,0.0000,99.9971,54,50,15
0,0.0000,99.9971,54,51,16
0,0.0000,99.9971,54,52,9
0,0.0000,99.9971,54,53,2
0,0.0000,99.9971,54,54,3
0,0.0000,99.9971,54,55,2
0,0.0000,99.9971,54,56,3
0,0.0000,99.9971,54,61,2
0,0.0000,99.9971,54,62,1
0,0.0000,99.9971,54,63,1
0,0.0000,99.9971,54,64,2
0,0.0000,99.9971,54,65,6
0,0.0000,99.9971,54,66,13
0,0.0000,99.9971,54,67,21
0,0.0000,99.9971,54,68,45
0,0.0000,99.9971,54,69,86
0,0.0000,99.9971,54,70,96
0,0.0000,99.9971,54,71,127
0,0.0000,99.9971,55,0,89
0,0.0000,99.9971,55,1,50
0,0.0000,99.9971,55,2,38
0,0.0000,99.9971,55,3,19
0,0.0000,99.9971,55,4,8
0,0.0000,99.9971,55,5,3
0,0.0000,99.9971,55,6,4
0,0.0000,99.9971,55,7,1
0,0.0000,99.9971,55,9,2
0,0.0000,99.9971,55,10,1
0,0.0000,99.9971,55,13,1
0,0.0000,99.9971,55,14,2
0,0.0000,99.9971,55,15,2
0,0.0000,99.9971,55,16,1
0,0.0000,99.9971,55,17,1
0,0.0000,99.9971,55,20,2
0,0.0000,99.9971,55,21,4
0,0.0000,99.9971,55,22,4
0,0.0000,99.9971,55,23,4
0,0.0000,99.9971,55,24,6
0,0.0000,99.9971,55,25,4
0,0.0000,99.9971,55,26,2
0,0.0000,99.9971,55,43,2
0,0.0000,99.9971,55,44,7
0,0.0000,99.9971,55,45,8
0,0.0000,99.9971,55,46,9
0,0.0000,99.9971,55,47,15
0,0.0000,99.9971,55,48,16
0,0.0000,99.9971,55,49,22
0,0.0000,99.9971,55,50,12
0,0.0000,99.9971,55,51,7
0,0.0000,99.9971,55,52,8
0,0.0000,99.9971,55,53,2
0,0.0000,99.9971,55,54,4
0,0.0000,99.9971,55,59,2
0,0.0000,99.9971,55,62,1
0,0.0000,99.9971,55,63,1
0,0.0000,99.9971,55,64,1
0,0.0000,99.9971,55,65,4
0,0.0000,99.9971,55,66,3
0,0.0000,99.9971,55,67,10
0,0.0000,99.9971,55,68,40
0,0.0000,99.9971,55,69,33
0,0.0000,99.9971,55,70,34
0,0.0000,99.9971,55,71,62
0,0.0000,99.9971,56,0,49
0,0.0000,99.9971,56,1,39
0,0.0000,99.9971,56,2,25
0,0.0000,99.9971,56,3,20
0,0.0000,99.9971,56,4,6
0,0.0000,99.9971,56,5,5
0,0.0000,99.9971,56,6,2
0,0.0000,99.9971,56,8,1
0,0.0000,99.9971,56,15,1
0,0.0000,99.9971,56,16,2
0,0.0000,99.9971,56,19,1
0,0.0000,99.9971,56,20,3
0,0.0000,99.9971,56,21,3
0,0.0000,99.9971,56,22,4
0,0.0000,99.9971,56,23,4
0,0.0000,99.9971,56,24,3
0,0.0000,99.9971,56,26,1
0,0.0000,99.9971,56,27,3
0,0.0000,99.9971,56,29,2
0,0.0000,99.9971,56,42,1
0,0.0000,99.9971,56,43,1
0,0.0000,99.9971,56,45,4
0,0.0000,99.9971,56,46,6
0,0.0000,99.9971,56,47,7
0,0.0000,99.9971,56,48,10
0,0.0000,99.9971,56,49,11
0,0.0000,99.9971,56,50,3
0,0.0000,99.9971,56,51,7
0,0.0000,99.9971,56,52,3
0,0.0000,99.9971,56,53,3
0,0.0000,99.9971,56,62,1
0,0.0000,99.9971,56,63,2
0,0.0000,99.9971,56,64,1
0,0.0000,99.9971,56,65,1
0,0.0000,99.9971,56,66,7
0,0.0000,99.9971,56,67,8
0,0.0000,99.9971,56,68,15
0,0.0000,99.9971,56,69,19
0,0.0000,99.9971,56,70,39
0,0.0000,99.9971,56,71,49
0,0.0000,99.9971,57,0,22
0,0.0000,99.9971,57,1,27
0,0.0000,99.9971,57,2,18
0,0.0000,99.9971,57,3,8
0,0.0000,99.9971,57,4,3
0,0.0000,99.9971,57,6,1
0,0.0000,99.9971,57,8,1
0,0.0000,99.9971,57,10,2
0,0.0000,99.9971,57,13,1
0,0.0000,99.9971,57,17,2
0,0.0000,99.9971,57,18,3
0,0.0000,99.9971,57,19,4
0,0.0000,99.9971,57,20,6
0,0.0000,99.9971,57,21,3
0,0.0000,99.9971,57,22,4
0,0.0000,99.9971,57,23,6
0,0.0000,99.9971,57,24,3
0,0.0000,99.9971,57,25,2
0,0.0000,99.9971,57,26,1
0,0.0000,99.9971,57,42,1
0,0.0000,99.9971,57,43,1
0,0.0000,99.9971,57,44,1
0,0.0000,99.9971,57,45,2
0,0.0000,99.9971,57,46,5
0,0.0000,99.9971,57,47,4
0,0.0000,99.9971,57,48,11
0,0.0000,99.9971,57,49,5
0,0.0000,99.9971,57,50,5
0,0.0000,99.9971,57,51,6
0,0.0000,99.9971,57,52,3
0,0.0000,99.9971,57,53,1
0,0.0000,99.9971,57,54,1
0,0.0000,99.9971,57,58,1
0,0.0000,99.9971,57,65,2
0,0.0000,99.9971,57,66,6
0,0.0000,99.9971,57,67,3
0,0.0000,99.9971,57,68,9
0,0.0000,99.9971,57,69,13
0,0.0000,99.9971,57,70,13
0,0.0000,99.9971,57,71,25
0,0.0000,99.9971,58,0,16
0,0.0000,99.9971,58,1,17
0,0.0000,99.9971,58,2,9
0,0.0000,99.9971,58,3,8
0,0.0000,99.9971,58,4,2
0,0.0000,99.9971,58,5,2
0,0.0000,99.9971,58,6,1
0,0.0000,99.9971,58,7,1
0,0.0000,99.9971,58,14,1
0,0.0000,99.9971,58,16,2
0,0.0000,99.9971,58,18,1
0,0.0000,99.9971,58,19,1
0,0.0000,99.9971,58,20,2
0,0.0000,99.9971,58,21,4
0,0.0000,99.9971,58,22,4
0,0.0000,99.9971,58,23,1
0,0.0000,99.9971,58,24,2
0,0.0000,99.9971,58,25,4
0,0.0000,99.9971,58,26,1
0,0.0000,99.9971,58,30,1
0,0.0000,99.9971,58,33,1
0,0.0000,99.9971,58,41,1
0,0.0000,99.9971,58,45,3
0,0.0000,99.9971,58,46,2
0,0.0000,99.9971,58,47,2
0,0.0000,99.9971,58,48,4
0,0.0000,99.9971,58,49,10
0,0.0000,99.9971,58,50,5
0,0.0000,99.9971,58,51,3
0,0.0000,99.9971,58,52,2
0,0.0000,99.9971,58,56,1
0,0.0000,99.9971,58,60,1
0,0.0000,99.9971,58,61,1
0,0.0000,99.9971,58,64,1
0,0.0000,99.9971,58,66,5
0,0.0000,99.9971,58,67,6
0,0.0000,99.9971,58,68,12
0,0.0000,99.9971,58,69,8
0,0.0000,99.9971,58,70,23
0,0.0000,99.9971,58,71,24
0,0.0000,99.9971,59,0,14
0,0.0000,99.9971,59,1,22
0,0.0000,99.9971,59,2,12
0,0.0000,99.9971,59,3,5
0,0.0000,99.9971,59,6,1
0,0.0000,99.9971,59,18,1
0,0.0000,99.9971,59,19,2
0,0.0000,99.9971,59,20,3
0,0.0000,99.9971,59,21,6
0,0.0000,99.9971,59,22,3
0,0.0000,99.9971,59,23,1
0,0.0000,99.9971,59,24,4
0,0.0000,99.9971,59,25,3
0,0.0000,99.9971,59,26,3
0,0.0000,99.9971,59,30,1
0,0.0000,99.9971,59,36,1
0,0.0000,99.9971,59,44,1
0,0.0000,99.9971,59,45,1
0,0.0000,99.9971,59,46,3
0,0.0000,99.9971,59,47,3
0,0.0000,99.9971,59,48,6
0,0.0000,99.9971,59,49,6
0,0.0000,99.9971,59,50,1
0,0.0000,99.9971,59,51,2
0,0.0000,99.9971,59,52,2
0,0.0000,99.9971,59,53,2
0,0.0000,99.9971,59,66,1
0,0.0000,99.9971,59,67,3
0,0.0000,99.9971,59,68,2
0,0.0000,99.9971,59,69,16
0,0.0000,99.9971,59,70,15
0,0.0000,99.9971,59,71,22
0,0.0000,99.9971,60,0,20
0,0.0000,99.9971,60,1,16
0,0.0000,99.9971,60,2,15
0,0.0000,99.9971,60,3,11
0,0.0000,99.9971,60,4,9
0,0.0000,99.9971,60,5,2
0,0.0000,99.9971,60,6,1
0,0.0000,99.9971,60,8,1
0,0.0000,99.9971,60,20,4
0,0.0000,99.9971,60,21,2
0,0.0000,99.9971,60,22,3
0,0.0000,99.9971,60,23,4
0,0.0000,99.9971,60,24,5
0,0.0000,99.9971,60,25,2
0,0.0000,99.9971,60,26,2
0,0.0000,99.9971,60,27,1
0,0.0000,99.9971,60,45,6
0,0.0000,99.9971,60,46,5
0,0.0000,99.9971,60,47,3
0,0.0000,99.9971,60,48,3
0,0.0000,99.9971,60,49,2
0,0.0000,99.9971,60,50,5
0,0.0000,99.9971,60,51,3
0,0.0000,99.9971,60,52,1
0,0.0000,99.9971,60,53,1
0,0.0000,99.9971,60,55,1
0,0.0000,99.9971,60,66,1
0,0.0000,99.9971,60,67,6
0,0.0000,99.9971,60,68,2
0,0.0000,99.9971,60,69,11
0,0.0000,99.9971,60,70,17
0,0.0000,99.9971,60,71,20
0,0.0000,99.9971,61,0,20
0,0.0000,99.9971,61,1,23
0,0.0000,99.9971,61,2,14
0,0.0000,99.9971,61,3,7
0,0.0000,99.9971,61,4,3
0,0.0000,99.9971,61,5,1
0,0.0000,99.9971,61,6,1
0,0.0000,99.9971,61,7,1
0,0.0000,99.9971,61,10,1
0,0.0000,99.9971,61,16,2
0,0.0000,99.9971,61,18,2
0,0.0000,99.9971,61,20,4
0,0.0000,99.9971,61,21,5
0,0.0000,99.9971,61,22,5
0,0.0000,99.9971,61,23,7
0,0.0000,99.9971,61,24,2
0,0.0000,99.9971,61,25,2
0,0.0000,99.9971,61,26,3
0,0.0000,99.9971,61,27,3
0,0.0000,99.9971,61,29,1
0,0.0000,99.9971,61,42,1
0,0.0000,99.9971,61,43,1
0,0.0000,99.9971,61,44,1
0,0.0000,99.9971,61,45,3
0,0.0000,99.9971,61,46,4
0,0.0000,99.9971,61,47,3
0,0.0000,99.9971,61,48,7
0,0.0000,99.9971,61,49,6
0,0.0000,99.9971,61,50,2
0,0.0000,99.9971,61,51,3
0,0.0000,99.9971,61,53,1
0,0.0000,99.9971,61,64,1
0,0.0000,99.9971,61,65,1
0,0.0000,99.9971,61,66,1
0,0.0000,99.9971,61,67,4
0,0.0000,99.9971,61,68,11
0,0.0000,99.9971,61,69,16
0,0.0000,99.9971,61,70,24
0,0.0000,99.9971,61,71,25
0,0.0000,99.9971,62,0,43
0,0.0000,99.9971,62,1,34
0,0.0000,99.9971,62,2,19
0,0.0000,99.9971,62,3,15
0,0.0000,99.9971,62,4,5
0,0.0000,99.9971,62,5,2
0,0.0000,99.9971,62,7,1
0,0.0000,99.9971,62,8,1
0,0.0000,99.9971,62,17,1
0,0.0000,99.9971,62,18,1
0,0.0000,99.9971,62,19,5
0,0.0000,99.9971,62,20,8
0,0.0000,99.9971,62,21,4
0,0.0000,99.9971,62,22,8
0,0.0000,99.9971,62,23,13
0,0.0000,99.9971,62,24,4
0,0.0000,99.9971,62,25,7
0,0.0000,99.9971,62,26,2
0,0.0000,99.9971,62,28,2
0,0.0000,99.9971,62,29,3
0,0.0000,99.9971,62,42,1
0,0.0000,99.9971,62,44,2
0,0.0000,99.9971,62,45,2
0,0.0000,99.9971,62,46,9
0,0.0000,99.9971,62,47,3
0,0.0000,99.9971,62,48,12
0,0.0000,99.9971,62,49,4
0,0.0000,99.9971,62,50,4
0,0.0000,99.9971,62,51,2
0,0.0000,99.9971,62,52,1
0,0.0000,99.9971,62,53,1
0,0.0000,99.9971,62,55,1
0,0.0000,99.9971,62,58,1
0,0.0000,99.9971,62,63,2
0,0.0000,99.9971,62,64,1
0,0.0000,99.9971,62,65,2
0,0.0000,99.9971,62,66,5
0,0.0000,99.9971,62,67,4
0,0.0000,99.9971,62,68,13
0,0.0000,99.9971,62,69,21
0,0.0000,99.9971,62,70,25
0,0.0000,99.9971,62,71,37
0,0.0000,99.9971,63,0,50
0,0.0000,99.9971,63,1,48
0,0.0000,99.9971,63,2,31
0,0.0000,99.9971,63,3,23
0,0.0000,99.9971,63,4,9
0,0.0000,99.9971,63,5,4
0,0.0000,99.9971,63,6,1
0,0.0000,99.9971,63,7,2
0,0.0000,99.9971,63,8,1
0,0.0000,99.9971,63,9,1
0,0.0000,99.9971,63,10,1
0,0.0000,99.9971,63,12,1
0,0.0000,99.9971,63,13,1
0,0.0000,99.9971,63,14,1
0,0.0000,99.9971,63,16,3
0,0.0000,99.9971,63,18,4
0,0.0000,99.9971,63,19,3
0,0.0000,99.9971,63,20,7
0,0.0000,99.9971,63,21,15
0,0.0000,99.9971,63,22,18
0,0.0000,99.9971,63,23,15
0,0.0000,99.9971,63,24,17
0,0.0000,99.9971,63,25,7
0,0.0000,99.9971,63,26,4
0,0.0000,99.9971,63,27,4
0,0.0000,99.9971,63,28,1
0,0.0000,99.9971,63,29,1
0,0.0000,99.9971,63,37,1
0,0.0000,99.9971,63,41,2
0,0.0000,99.9971,63,44,7
0,0.0000,99.9971,63,45,11
0,0.0000,99.9971,63,46,11
0,0.0000,99.9971,63,47,7
0,0.0000,99.9971,63,48,12
0,0.0000,99.9971,63,49,16
0,0.0000,99.9971,63,50,13
0,0.0000,99.9971,63,51,6
0,0.0000,99.9971,63,52,11
0,0.0000,99.9971,63,55,2
0,0.0000,99.9971,63,56,1
0,0.0000,99.9971,63,63,1
0,0.0000,99.9971,63,64,1
0,0.0000,99.9971,63,65,2
0,0.0000,99.9971,63,66,3
0,0.0000,99.9971,63,67,10
0,0.0000,99.9971,63,68,14
0,0.0000,99.9971,63,69,40
0,0.0000,99.9971,63,70,54
0,0.0000,99.9971,63,71,55
0,0.0000,99.9971,64,0,130
0,0.0000,99.9971,64,1,75
0,0.0000,99.9971,64,2,56
0,0.0000,99.9971,64,3,41
0,0.0000,99.9971,64,4,21
0,0.0000,99.9971,64,5,5
0,0.0000,99.9971,64,6,8
0,0.0000,99.9971,64,7,2
0,0.0000,99.9971,64,9,1
0,0.0000,99.9971,64,14,2
0,0.0000,99.9971,64,15,1
0,0.0000,99.9971,64,16,1
0,0.0000,99.9971,64,18,8
0,0.0000,99.9971,64,19,8
0,0.0000,99.9971,64,20,15
0,0.0000,99.9971,64,21,18
0,0.0000,99.9971,64,22,29
0,0.0000,99.9971,64,23,24
0,0.0000,99.9971,64,24,18
0,0.0000,99.9971,64,25,18
0,0.0000,99.9971,64,26,8
0,0.0000,99.9971,64,27,8
0,0.0000,99.9971,64,28,3
0,0.0000,99.9971,64,29,3
0,0.0000,99.9971,64,30,1
0,0.0000,99.9971,64,32,1
0,0.0000,99.9971,64,40,1
0,0.0000,99.9971,64,42,1
0,0.0000,99.9971,64,43,2
0,0.0000,99.9971,64,44,4
0,0.0000,99.9971,64,45,13
0,0.0000,99.9971,64,46,11
0,0.0000,99.9971,64,47,22
0,0.0000,99.9971,64,48,24
0,0.0000,99.9971,64,49,26
0,0.0000,99.9971,64,50,12
0,0.0000,99.9971,64,51,13
0,0.0000,99.9971,64,52,7
0,0.0000,99.9971,64,53,4
0,0.0000,99.9971,64,54,2
0,0.0000,99.9971,64,56,2
0,0.0000,99.9971,64,59,1
0,0.0000,99.9971,64,61,2
0,0.0000,99.9971,64,63,1
0,0.0000,99.9971,64,64,1
0,0.0000,99.9971,64,65,6
0,0.0000,99.9971,64,66,15
0,0.0000,99.9971,64,67,28
0,0.0000,99.9971,64,68,37
0,0.0000,99.9971,64,69,58
0,0.0000,99.9971,64,70,94
0,0.0000,99.9971,64,71,87
0,0.0000,99.9971,65,0,211
0,0.0000,99.9971,65,1,202
0,0.0000,99.9971,65,2,104
0,0.0000,99.9971,65,3,66
0,0.0000,99.9971,65,4,35
0,0.0000,99.9971,65,5,23
0,0.0000,99.9971,65,6,8
0,0.0000,99.9971,65,7,5
0,0.0000,99.9971,65,8,5
0,0.0000,99.9971,65,12,1
0,0.0000,99.9971,65,13,1
0,0.0000,99.9971,65,14,2
0,0.0000,99.9971,65,15,4
0,0.0000,99.9971,65,16,4
0,0.0000,99.9971,65,17,6
0,0.0000,99.9971,65,18,9
0,0.0000,99.9971,65,19,20
0,0.0000,99.9971,65,20,40
0,0.0000,99.9971,65,21,46
0,0.0000,99.9971,65,22,61
0,0.0000,99.9971,65,23,50
0,0.0000,99.9971,65,24,64
0,0.0000,99.9971,65,25,40
0,0.0000,99.9971,65,26,33
0,0.0000,99.9971,65,27,13
0,0.0000,99.9971,65,28,8
0,0.0000,99.9971,65,29,2
0,0.0000,99.9971,65,31,1
0,0.0000,99.9971,65,32,1
0,0.0000,99.9971,65,41,1
0,0.0000,99.9971,65,42,6
0,0.0000,99.9971,65,43,5
0,0.0000,99.9971,65,44,10
0,0.0000,99.9971,65,45,26
0,0.0000,99.9971,65,46,31
0,0.0000,99.9971,65,47,41
0,0.0000,99.9971,65,48,45
0,0.0000,99.9971,65,49,51
0,0.0000,99.9971,65,50,33
0,0.0000,99.9971,65,51,29
0,0.0000,99.9971,65,52,19
0,0.0000,99.9971,65,53,13
0,0.0000,99.9971,65,54,5
0,0.0000,99.9971,65,55,6
0,0.0000,99.9971,65,56,2
0,0.0000,99.9971,65,57,4
0,0.0000,99.9971,65,59,1
0,0.0000,99.9971,65,61,1
0,0.0000,99.9971,65,62,2
0,0.0000,99.9971,65,63,1
0,0.0000,99.9971,65,64,6
0,0.0000,99.9971,65,65,13
0,0.0000,99.9971,65,66,24
0,0.0000,99.9971,65,67,56
0,0.0000,99.9971,65,68,86
0,0.0000,99.9971,65,69,150
0,0.0000,99.9971,65,70,197
0,0.0000,99.9971,65,71,217
0,0.0000,99.9971,66,0,435
0,0.0000,99.9971,66,1,350
0,0.0000,99.9971,66,2,266
0,0.0000,99.9971,66,3,175
0,0.0000,99.9971,66,4,84
0,0.0000,99.9971,66,5,40
0,0.0000,99.9971,66,6,29
0,0.0000,99.9971,66,7,7
0,0.0000,99.9971,66,8,5
0,0.0000,99.9971,66,9,3
0,0.0000,99.9971,66,11,3
0,0.0000,99.9971,66,12,2
0,0.0000,99.9971,66,14,4
0,0.0000,99.9971,66,15,6
0,0.0000,99.9971,66,16,5
0,0.0000,99.9971,66,17,10
0,0.0000,99.9971,66,18,28
0,0.0000,99.9971,66,19,41
0,0.0000,99.9971,66,20,58
0,0.0000,99.9971,66,21,99
0,0.0000,99.9971,66,22,120
0,0.0000,99.9971,66,23,99
0,0.0000,99.9971,66,24,115
0,0.0000,99.9971,66,25,86
0,0.0000,99.9971,66,26,67
0,0.0000,99.9971,66,27,20
0,0.0000,99.9971,66,28,20
0,0.0000,99.9971,66,29,5
0,0.0000,99.9971,66,30,3
0,0.0000,99.9971,66,31,4
0,0.0000,99.9971,66,33,1
0,0.0000,99.9971,66,35,1
0,0.0000,99.9971,66,38,2
0,0.0000,99.9971,66,40,3
0,0.0000,99.9971,66,41,6
0,0.0000,99.9971,66,42,9
0,0.0000,99.9971,66,43,14
0,0.0000,99.9971,66,44,34
0,0.0000,99.9971,66,45,50
0,0.0000,99.9971,66,46,87
0,0.0000,99.9971,66,47,105
0,0.0000,99.9971,66,48,115
0,0.0000,99.9971,66,49,98
0,0.0000,99.9971,66,50,80
0,0.0000,99.9971,66,51,53
0,0.0000,99.9971,66,52,37
0,0.0000,99.9971,66,53,18
0,0.0000,99.9971,66,54,6
0,0.0000,99.9971,66,55,8
0,0.0000,99.9971,66,56,1
0,0.0000,99.9971,66,57,1
0,0.0000,99.9971,66,58,1
0,0.0000,99.9971,66,59,2
0,0.0000,99.9971,66,60,3
0,0.0000,99.9971,66,62,1
0,0.0000,99.9971,66,63,3
0,0.0000,99.9971,66,64,12
0,0.0000,99.9971,66,65,16
0,0.0000,99.9971,66,66,37
0,0.0000,99.9971,66,67,75
0,0.0000,99.9971,66,68,164
0,0.0000,99.9971,66,69,272
0,0.0000,99.9971,66,70,393
0,0.0000,99.9971,66,71,481
0,0.0000,99.9971,67,0,913
0,0.0000,99.9971,67,1,733
0,0.0000,99.9971,67,2,543
0,0.0000,99.9971,67,3,314
0,0.0000,99.9971,67,4,161
0,0.0000,99.9971,67,5,101
0,0.0000,99.9971,67,6,42
0,0.0000,99.9971,67,7,17
0,0.0000,99.9971,67,8,13
0,0.0000,99.9971,67,9,7
0,0.0000,99.9971,67,10,5
0,0.0000,99.9971,67,11,5
0,0.0000,99.9971,67,12,6
0,0.0000,99.9971,67,13,2
0,0.0000,99.9971,67,14,6
0,0.0000,99.9971,67,15,6
0,0.0000,99.9971,67,16,17
0,0.0000,99.9971,67,17,31
0,0.0000,99.9971,67,18,38
0,0.0000,99.9971,67,19,74
0,0.0000,99.9971,67,20,134
0,0.0000,99.9971,67,21,182
0,0.0000,99.9971,67,22,228
0,0.0000,99.9971,67,23,242
0,0.0000,99.9971,67,24,216
0,0.0000,99.9971,67,25,177
0,0.0000,99.9971,67,26,104
0,0.0000,99.9971,67,27,51
0,0.0000,99.9971,67,28,24
0,0.0000,99.9971,67,29,14
0,0.0000,99.9971,67,30,7
0,0.0000,99.9971,67,31,1
0,0.0000,99.9971,67,32,1
0,0.0000,99.9971,67,34,1
0,0.0000,99.9971,67,35,1
0,0.0000,99.9971,67,39,1
0,0.0000,99.9971,67,40,1
0,0.0000,99.9971,67,41,6
0,0.0000,99.9971,67,42,13
0,0.0000,99.9971,67,43,21
0,0.0000,99.9971,67,44,59
0,0.0000,99.9971,67,45,94
0,0.0000,99.9971,67,46,144
0,0.0000,99.9971,67,47,172
0,0.0000,99.9971,67,48,197
0,0.0000,99.9971,67,49,184
0,0.0000,99.9971,67,50,148
0,0.0000,99.9971,67,51,113
0,0.0000,99.9971,67,52,65
0,0.0000,99.9971,67,53,41
0,0.0000,99.9971,67,54,23
0,0.0000,99.9971,67,55,17
0,0.0000,99.9971,67,56,7
0,0.0000,99.9971,67,57,5
0,0.0000,99.9971,67,58,4
0,0.0000,99.9971,67,59,1
0,0.0000,99.9971,67,60,2
0,0.0000,99.9971,67,61,3
0,0.0000,99.9971,67,62,10
0,0.0000,99.9971,67,63,12
0,0.0000,99.9971,67,64,18
0,0.0000,99.9971,67,65,35
0,0.0000,99.9971,67,66,96
0,0.0000,99.9971,67,67,167
0,0.0000,99.9971,67,68,298
0,0.0000,99.9971,67,69,554
0,0.0000,99.9971,67,70,712
0,0.0000,99.9971,67,71,875
0,0.0000,99.9971,68,0,1595
0,0.0000,99.9971,68,1,1397
0,0.0000,99.9971,68,2,1006
0,0.0000,99.9971,68,3,637
0,0.0000,99.9971,68,4,302
0,0.0000,99.9971,68,5,171
0,0.0000,99.9971,68,6,74
0,0.0000,99.9971,68,7,38
0,0.0000,99.9971,68,8,25
0,0.0000,99.9971,68,9,14
0,0.0000,99.9971,68,10,4
0,0.0000,99.9971,68,11,7
0,0.0000,99.9971,68,12,7
0,0.0000,99.9971,68,13,3
0,0.0000,99.9971,68,14,12
0,0.0000,99.9971,68,15,15
0,0.0000,99.9971,68,16,15
0,0.0000,99.9971,68,17,40
0,0.0000,99.9971,68,18,77
0,0.0000,99.9971,68,19,144
0,0.0000,99.9971,68,20,235
0,0.0000,99.9971,68,21,341
0,0.0000,99.9971,68,22,399
0,0.0000,99.9971,68,23,446
0,0.0000,99.9971,68,24,381
0,0.0000,99.9971,68,25,333
0,0.0000,99.9971,68,26,199
0,0.0000,99.9971,68,27,116
0,0.0000,99.9971,68,28,63
0,0.0000,99.9971,68,29,30
0,0.0000,99.9971,68,30,10
0,0.0000,99.9971,68,31,5
0,0.0000,99.9971,68,32,3
0,0.0000,99.9971,68,33,3
0,0.0000,99.9971,68,35,1
0,0.0000,99.9971,68,36,1
0,0.0000,99.9971,68,37,1
0,0.0000,99.9971,68,38,2
0,0.0000,99.9971,68,39,4
0,0.0000,99.9971,68,40,4
0,0.0000,99.9971,68,41,10
0,0.0000,99.9971,68,42,36
0,0.0000,99.9971,68,43,45
0,0.0000,99.9971,68,44,113
0,0.0000,99.9971,68,45,170
0,0.0000,99.9971,68,46,262
0,0.0000,99.9971,68,47,362
0,0.0000,99.9971,68,48,392
0,0.0000,99.9971,68,49,330
0,0.0000,99.9971,68,50,287
0,0.0000,99.9971,68,51,207
0,0.0000,99.9971,68,52,126
0,0.0000,99.9971,68,53,60
0,0.0000,99.9971,68,54,44
0,0.0000,99.9971,68,55,21
0,0.0000,99.9971,68,56,6
0,0.0000,99.9971,68,57,8
0,0.0000,99.9971,68,58,5
0,0.0000,99.9971,68,59,4
0,0.0000,99.9971,68,60,5
0,0.0000,99.9971,68,61,6
0,0.0000,99.9971,68,62,14
0,0.0000,99.9971,68,63,25
0,0.0000,99.9971,68,64,41
0,0.0000,99.9971,68,65,84
0,0.0000,99.9971,68,66,146
0,0.0000,99.9971,68,67,302
0,0.0000,99.9971,68,68,609
0,0.0000,99.9971,68,69,942
0,0.0000,99.9971,68,70,1414
0,0.0000,99.9971,68,71,1585
0,0.0000,99.9971,69,0,2730
0,0.0000,99.9971,69,1,2380
0,0.0000,99.9971,69,2,1567
0,0.0000,99.9971,69,3,936
0,0.0000,99.9971,69,4,510
0,0.0000,99.9971,69,5,272
0,0.0000,99.9971,69,6,130
0,0.0000,99.9971,69,7,70
0,0.0000,99.9971,69,8,38
0,0.0000,99.9971,69,9,17
0,0.0000,99.9971,69,10,8
0,0.0000,99.9971,69,11,10
0,0.0000,99.9971,69,12,15
0,0.0000,99.9971,69,13,17
0,0.0000,99.9971,69,14,17
0,0.0000,99.9971,69,15,22
0,0.0000,99.9971,69,16,49
0,0.0000,99.9971,69,17,72
0,0.0000,99.9971,69,18,146
0,0.0000,99.9971,69,19,233
0,0.0000,99.9971,69,20,338
0,0.0000,99.9971,69,21,527
0,0.0000,99.9971,69,22,662
0,0.0000,99.9971,69,23,736
0,0.0000,99.9971,69,24,708
0,0.0000,99.9971,69,25,528
0,0.0000,99.9971,69,26,309
0,0.0000,99.9971,69,27,158
0,0.0000,99.9971,69,28,107
0,0.0000,99.9971,69,29,48
0,0.0000,99.9971,69,30,11
0,0.0000,99.9971,69,31,12
0,0.0000,99.9971,69,32,9
0,0.0000,99.9971,69,33,6
0,0.0000,99.9971,69,34,3
0,0.0000,99.9971,69,35,2
0,0.0000,99.9971,69,37,2
0,0.0000,99.9971,69,38,1
0,0.0000,99.9971,69,39,4
0,0.0000,99.9971,69,40,10
0,0.0000,99.9971,69,41,21
0,0.0000,99.9971,69,42,41
0,0.0000,99.9971,69,43,71
0,0.0000,99.9971,69,44,161
0,0.0000,99.9971,69,45,294
0,0.0000,99.9971,69,46,418
0,0.0000,99.9971,69,47,541
0,0.0000,99.9971,69,48,576
0,0.0000,99.9971,69,49,564
0,0.0000,99.9971,69,50,436
0,0.0000,99.9971,69,51,328
0,0.0000,99.9971,69,52,191
0,0.0000,99.9971,69,53,93
0,0.0000,99.9971,69,54,57
0,0.0000,99.9971,69,55,48
0,0.0000,99.9971,69,56,21
0,0.0000,99.9971,69,57,14
0,0.0000,99.9971,69,58,13
0,0.0000,99.9971,69,59,12
0,0.0000,99.9971,69,60,8
0,0.0000,99.9971,69,61,9
0,0.0000,99.9971,69,62,19
0,0.0000,99.9971,69,63,29
0,0.0000,99.9971,69,64,67
0,0.0000,99.9971,69,65,137
0,0.0000,99.9971,69,66,254
0,0.0000,99.9971,69,67,529
0,0.0000,99.9971,69,68,991
0,0.0000,99.9971,69,69,1601
0,0.0000,99.9971,69,70,2210
0,0.0000,99.9971,69,71,2737
0,0.0000,99.9971,70,0,3940
0,0.0000,99.9971,70,1,3342
0,0.0000,99.9971,70,2,2278
0,0.0000,99.9971,70,3,1367
0,0.0000,99.9971,70,4,738
0,0.0000,99.9971,70,5,378
0,0.0000,99.9971,70,6,176
0,0.0000,99.9971,70,7,74
0,0.0000,99.9971,70,8,55
0,0.0000,99.9971,70,9,25
0,0.0000,99.9971,70,10,22
0,0.0000,99.9971,70,11,10
0,0.0000,99.9971,70,12,15
0,0.0000,99.9971,70,13,16
0,0.0000,99.9971,70,14,21
0,0.0000,99.9971,70,15,39
0,0.0000,99.9971,70,16,71
0,0.0000,99.9971,70,17,95
0,0.0000,99.9971,70,18,169
0,0.0000,99.9971,70,19,301
0,0.0000,99.9971,70,20,523
0,0.0000,99.9971,70,21,786
0,0.0000,99.9971,70,22,952
0,0.0000,99.9971,70,23,1045
0,0.0000,99.9971,70,24,937
0,0.0000,99.9971,70,25,749
0,0.0000,99.9971,70,26,464
0,0.0000,99.9971,70,27,216
0,0.0000,99.9971,70,28,147
0,0.0000,99.9971,70,29,48
0,0.0000,99.9971,70,30,32
0,0.0000,99.9971,70,31,13
0,0.0000,99.9971,70,32,9
0,0.0000,99.9971,70,33,11
0,0.0000,99.9971,70,34,2
0,0.0000,99.9971,70,35,1
0,0.0000,99.9971,70,37,4
0,0.0000,99.9971,70,38,1
0,0.0000,99.9971,70,39,11
0,0.0000,99.9971,70,40,15
0,0.0000,99.9971,70,41,19
0,0.0000,99.9971,70,42,44
0,0.0000,99.9971,70,43,94
0,0.0000,99.9971,70,44,204
0,0.0000,99.9971,70,45,346
0,0.0000,99.9971,70,46,592
0,0.0000,99.9971,70,47,739
0,0.0000,99.9971,70,48,824
0,0.0000,99.9971,70,49,785
0,0.0000,99.9971,70,50,667
0,0.0000,99.9971,70,51,392
0,0.0000,99.9971,70,52,278
0,0.0000,99.9971,70,53,173
0,0.0000,99.9971,70,54,81
0,0.0000,99.9971,70,55,45
0,0.0000,99.9971,70,56,31
0,0.0000,99.9971,70,57,15
0,0.0000,99.9971,70,58,17
0,0.0000,99.9971,70,59,15
0,0.0000,99.9971,70,60,12
0,0.0000,99.9971,70,61,12
0,0.0000,99.9971,70,62,35
0,0.0000,99.9971,70,63,45
0,0.0000,99.9971,70,64,92
0,0.0000,99.9971,70,65,169
0,0.0000,99.9971,70,66,366
0,0.0000,99.9971,70,67,712
0,0.0000,99.9971,70,68,1362
0,0.0000,99.9971,70,69,2213
0,0.0000,99.9971,70,70,3318
0,0.0000,99.9971,70,71,3994
0,0.0000,99.9971,71,0,4530
0,0.0000,99.9971,71,1,3881
0,0.0000,99.9971,71,2,2758
0,0.0000,99.9971,71,3,1662
0,0.0000,99.9971,71,4,884
0,0.0000,99.9971,71,5,447
0,0.0000,99.9971,71,6,221
0,0.0000,99.9971,71,7,116
0,0.0000,99.9971,71,8,59
0,0.0000,99.9971,71,9,44
0,0.0000,99.9971,71,10,14
0,0.0000,99.9971,71,11,14
0,0.0000,99.9971,71,12,23
0,0.0000,99.9971,71,13,20
0,0.0000,99.9971,71,14,30
0,0.0000,99.9971,71,15,43
0,0.0000,99.9971,71,16,78
0,0.0000,99.9971,71,17,128
0,0.0000,99.9971,71,18,204
0,0.0000,99.9971,71,19,402
0,0.0000,99.9971,71,20,596
0,0.0000,99.9971,71,21,924
0,0.0000,99.9971,71,22,1145
0,0.0000,99.9971,71,23,1231
0,0.0000,99.9971,71,24,1125
0,0.0000,99.9971,71,25,861
0,0.0000,99.9971,71,26,501
0,0.0000,99.9971,71,27,339
0,0.0000,99.9971,71,28,154
0,0.0000,99.9971,71,29,69
0,0.0000,99.9971,71,30,36
0,0.0000,99.9971,71,31,22
0,0.0000,99.9971,71,32,8
0,0.0000,99.9971,71,33,5
0,0.0000,99.9971,71,34,2
0,0.0000,99.9971,71,35,4
0,0.0000,99.9971,71,36,4
0,0.0000,99.9971,71,37,2
0,0.0000,99.9971,71,38,4
0,0.0000,99.9971,71,39,11
0,0.0000,99.9971,71,40,11
0,0.0000,99.9971,71,41,37
0,0.0000,99.9971,71,42,66
0,0.0000,99.9971,71,43,139
0,0.0000,99.9971,71,44,248
0,0.0000,99.9971,71,45,444
0,0.0000,99.9971,71,46,715
0,0.0000,99.9971,71,47,915
0,0.0000,99.9971,71,48,995
0,0.0000,99.9971,71,49,893
0,0.0000,99.9971,71,50,681
0,0.0000,99.9971,71,51,516
0,0.0000,99.9971,71,52,312
0,0.0000,99.9971,71,53,173
0,0.0000,99.9971,71,54,93
0,0.0000,99.9971,71,55,55
0,0.0000,99.9971,71,56,35
0,0.0000,99.9971,71,57,21
0,0.0000,99.9971,71,58,24
0,0.0000,99.9971,71,59,15
0,0.0000,99.9971,71,60,13
0,0.0000,99.9971,71,61,26
0,0.0000,99.9971,71,62,35
0,0.0000,99.9971,71,63,64
0,0.0000,99.9971,71,64,108
0,0.0000,99.9971,71,65,234
0,0.0000,99.9971,71,66,425
0,0.0000,99.9971,71,67,869
0,0.0000,99.9971,71,68,1595
0,0.0000,99.9971,71,69,2726
0,0.0000,99.9971,71,70,3837
0,0.0000,99.9971,71,71,4628
1,99.9971,199.9942,0,0,4686
1,99.9971,199.9942,0,1,3856
1,99.9971,199.9942,0,2,2784
1,99.9971,199.9942,0,3,1707
1,99.9971,199.9942,0,4,885
1,99.9971,199.9942,0,5,457
1,99.9971,199.9942,0,6,238
1,99.9971,199.9942,0,7,99
1,99.9971,199.9942,0,8,43
1,99.9971,199.9942,0,9,32
1,99.9971,199.9942,0,10,22
1,99.9971,199.9942,0,11,12
1,99.9971,199.9942,0,12,12
1,99.9971,199.9942,0,13,17
1,99.9971,199.9942,0,14,19
1,99.9971,199.9942,0,15,32
1,99.9971,199.9942,0,16,72
1,99.9971,199.9942,0,17,112
1,99.9971,199.9942,0,18,200
1,99.9971,199.9942,0,19,395
1,99.9971,199.9942,0,20,610
1,99.9971,199.9942,0,21,905
1,99.9971,199.9942,0,22,1137
1,99.9971,199.9942,0,23,1176
1,99.9971,199.9942,0,24,1137
1,99.9971,199.9942,0,25,877
1,99.9971,199.9942,0,26,592
1,99.9971,199.9942,0,27,313
1,99.9971,199.9942,0,28,150
1,99.9971,199.9942,0,29,75
1,99.9971,199.9942,0,30,29
1,99.9971,199.9942,0,31,16
1,99.9971,199.9942,0,32,11
1,99.9971,199.9942,0,33,2
1,99.9971,199.9942,0,34,3
1,99.9971,199.9942,0,35,5
1,99.9971,199.9942,0,36,2
1,99.9971,199.9942,0,37,2
1,99.9971,199.9942,0,38,5
1,99.9971,199.9942,0,39,8
1,99.9971,199.9942,0,40,18
1,99.9971,199.9942,0,41,37
1,99.9971,199.9942,0,42,64
1,99.9971,199.9942,0,43,156
1,99.9971,199.9942,0,44,279
1,99.9971,199.9942,0,45,508
1,99.9971,199.9942,0,46,874
1,99.9971,199.9942,0,47,1148
1,99.9971,199.9942,0,48,1306
1,99.9971,199.9942,0,49,1170
1,99.9971,199.9942,0,50,890
1,99.9971,199.9942,0,51,601
1,99.9971,199.9942,0,52,357
1,99.9971,199.9942,0,53,249
1,99.9971,199.9942,0,54,118
1,99.9971,199.9942,0,55,62
1,99.9971,199.9942,0,56,33
1,99.9971,199.9942,0,57,27
1,99.9971,199.9942,0,58,17
1,99.9971,199.9942,0,59,17
1,99.9971,199.9942,0,60,10
1,99.9971,199.9942,0,61,19
1,99.9971,199.9942,0,62,21
1,99.9971,199.9942,0,63,53
1,99.9971,199.9942,0,64,118
1,99.9971,199.9942,0,65,179
1,99.9971,199.9942,0,66,487
1,99.9971,199.9942,0,67,885
1,99.9971,199.9942,0,68,1758
1,99.9971,199.9942,0,69,2817
1,99.9971,199.9942,0,70,3883
1,99.9971,199.9942,0,71,4628
1,99.9971,199.9942,1,0,3958
1,99.9971,199.9942,1,1,3261
1,99.9971,199.9942,1,2,2319
1,99.9971,199.9942,1,3,1342
1,99.9971,199.9942,1,4,740
1,99.9971,199.9942,1,5,424
1,99.9971,199.9942,1,6,185
1,99.9971,199.9942,1,7,102
1,99.9971,199.9942,1,8,44
1,99.9971,199.9942,1,9,27
1,99.9971,199.9942,1,10,32
1,99.9971,199.9942,1,11,13
1,99.9971,199.9942,1,12,20
1,99.9971,199.9942,1,13,15
1,99.9971,199.9942,1,14,12
1,99.9971,199.9942,1,15,42
1,99.9971,199.9942,1,16,53
1,99.9971,199.9942,1,17,105
1,99.9971,199.9942,1,18,149
1,99.9971,199.9942,1,19,325
1,99.9971,199.9942,1,20,488
1,99.9971,199.9942,1,21,783
1,99.9971,199.9942,1,22,940
1,99.9971,199.9942,1,23,1042
1,99.9971,199.9942,1,24,847
1,99.9971,199.9942,1,25,722
1,99.9971,199.9942,1,26,472
1,99.9971,199.9942,1,27,227
1,99.9971,199.9942,1,28,121
1,99.9971,199.9942,1,29,62
1,99.9971,199.9942,1,30,36
1,99.9971,199.9942,1,31,11
1,99.9971,199.9942,1,32,10
1,99.9971,199.9942,1,33,6
1,99.9971,199.9942,1,34,1
1,99.9971,199.9942,1,35,2
1,99.9971,199.9942,1,36,1
1,99.9971,199.9942,1,39,5
1,99.9971,199.9942,1,40,10
1,99.9971,199.9942,1,41,25
1,99.9971,199.9942,1,42,60
1,99.9971,199.9942,1,43,121
1,99.9971,199.9942,1,44,270
1,99.9971,199.9942,1,45,461
1,99.9971,199.9942,1,46,716
1,99.9971,199.9942,1,47,960
1,99.9971,199.9942,1,48,1060
1,99.9971,199.9942,1,49,939
1,99.9971,199.9942,1,50,810
1,99.9971,199.9942,1,51,532
1,99.9971,199.9942,1,52,339
1,99.9971,199.9942,1,53,187
1,99.9971,199.9942,1,54,95
1,99.9971,199.9942,1,55,52
1,99.9971,199.9942,1,56,30
1,99.9971,199.9942,1,57,24
1,99.9971,199.9942,1,58,18
1,99.9971,199.9942,1,59,18
1,99.9971,199.9942,1,60,24
1,99.9971,199.9942,1,61,19
1,99.9971,199.9942,1,62,29
1,99.9971,199.9942,1,63,57
1,99.9971,199.9942,1,64,79
1,99.9971,199.9942,1,65,195
1,99.9971,199.9942,1,66,373
1,99.9971,199.9942,1,67,754
1,99.9971,199.9942,1,68,1444
1,99.9971,199.9942,1,69,2364
1,99.9971,199.9942,1,70,3237
1,99.9971,199.9942,1,71,3950
1,99.9971,199.9942,2,0,2838
1,99.9971,199.9942,2,1,2348
1,99.9971,199.9942,2,2,1551
1,99.9971,199.9942,2,3,961
1,99.9971,199.9942,2,4,537
1,99.9971,199.9942,2,5,258
1,99.9971,199.9942,2,6,136
1,99.9971,199.9942,2,7,81
1,99.9971,199.9942,2,8,40
1,99.9971,199.9942,2,9,12
1,99.9971,199.9942,2,10,9
1,99.9971,199.9942,2,11,15
1,99.9971,199.9942,2,12,10
1,99.9971,199.9942,2,13,7
1,99.9971,199.9942,2,14,12
1,99.9971,199.9942,2,15,26
1,99.9971,199.9942,2,16,44
1,99.9971,199.9942,2,17,53
1,99.9971,199.9942,2,18,133
1,99.9971,199.9942,2,19,240
1,99.9971,199.9942,2,20,356
1,99.9971,199.9942,2,21,553
1,99.9971,199.9942,2,22,619
1,99.9971,199.9942,2,23,727
1,99.9971,199.9942,2,24,625
1,99.9971,199.9942,2,25,511
1,99.9971,199.9942,2,26,294
1,99.9971,199.9942,2,27,168
1,99.9971,199.9942,2,28,97
1,99.9971,199.9942,2,29,41
1,99.9971,199.9942,2,30,20
1,99.9971,199.9942,2,31,13
1,99.9971,199.9942,2,32,6
1,99.9971,199.9942,2,33,3
1,99.9971,199.9942,2,34,2
1,99.9971,199.9942,2,35,3
1,99.9971,199.9942,2,37,1
1,99.9971,199.9942,2,38,4
1,99.9971,199.9942,2,39,4
1,99.9971,199.9942,2,40,10
1,99.9971,199.9942,2,41,20
1,99.9971,199.9942,2,42,32
1,99.9971,199.9942,2,43,90
1,99.9971,199.9942,2,44,156
1,99.9971,199.9942,2,45,305
1,99.9971,199.9942,2,46,492
1,99.9971,199.9942,2,47,651
1,99.9971,199.9942,2,48,708
1,99.9971,199.9942,2,49,699
1,99.9971,199.9942,2,50,547
1,99.9971,199.9942,2,51,355
1,99.9971,199.9942,2,52,221
1,99.9971,199.9942,2,53,111
1,99.9971,199.9942,2,54,90
1,99.9971,199.9942,2,55,30
1,99.9971,199.9942,2,56,26
1,99.9971,199.9942,2,57,16
1,99.9971,199.9942,2,58,12
1,99.9971,199.9942,2,59,8
1,99.9971,199.9942,2,60,7
1,99.9971,199.9942,2,61,13
1,99.9971,199.9942,2,62,25
1,99.9971,199.9942,2,63,33
1,99.9971,199.9942,2,64,60
1,99.9971,199.9942,2,65,128
1,99.9971,199.9942,2,66,248
1,99.9971,199.9942,2,67,507
1,99.9971,199.9942,2,68,981
1,99.9971,199.9942,2,69,1642
1,99.9971,199.9942,2,70,2277
1,99.9971,199.9942,2,71,2867
1,99.9971,199.9942,3,0,1694
1,99.9971,199.9942,3,1,1368
1,99.9971,199.9942,3,2,983
1,99.9971,199.9942,3,3,592
1,99.9971,199.9942,3,4,329
1,99.9971,199.9942,3,5,176
1,99.9971,199.9942,3,6,66
1,99.9971,199.9942,3,7,29
1,99.9971,199.9942,3,8,18
1,99.9971,199.9942,3,9,7
1,99.9971,199.9942,3,10,8
1,99.9971,199.9942,3,11,11
1,99.9971,199.9942,3,12,2
1,99.9971,199.9942,3,13,9
1,99.9971,199.9942,3,14,11
1,99.9971,199.9942,3,15,13
1,99.9971,199.9942,3,16,17
1,99.9971,199.9942,3,17,48
1,99.9971,199.9942,3,18,78
1,99.9971,199.9942,3,19,112
1,99.9971,199.9942,3,20,225
1,99.9971,199.9942,3,21,325
1,99.9971,199.9942,3,22,386
1,99.9971,199.9942,3,23,433
1,99.9971,199.9942,3,24,406
1,99.9971,199.9942,3,25,291
1,99.9971,199.9942,3,26,212
1,99.9971,199.9942,3,27,92
1,99.9971,199.9942,3,28,70
1,99.9971,199.9942,3,29,23
1,99.9971,199.9942,3,30,9
1,99.9971,199.9942,3,31,8
1,99.9971,199.9942,3,32,4
1,99.9971,199.9942,3,34,1
1,99.9971,199.9942,3,35,1
1,99.9971,199.9942,3,36,1
1,99.9971,199.9942,3,38,2
1,99.9971,199.9942,3,39,1
1,99.9971,199.9942,3,40,10
1,99.9971,199.9942,3,41,15
1,99.9971,199.9942,3,42,22
1,99.9971,199.9942,3,43,49
1,99.9971,199.9942,3,44,108
1,99.9971,199.9942,3,45,194
1,99.9971,199.9942,3,46,316
1,99.9971,199.9942,3,47,393
1,99.9971,199.9942,3,48,420
1,99.9971,199.9942,3,49,413
1,99.9971,199.9942,3,50,302
1,99.9971,199.9942,3,51,222
1,99.9971,199.9942,3,52,128
1,99.9971,199.9942,3,53,76
1,99.9971,199.9942,3,54,35
1,99.9971,199.9942,3,55,19
1,99.9971,199.9942,3,56,14
1,99.9971,199.9942,3,57,7
1,99.9971,199.9942,3,58,11
1,99.9971,199.9942,3,59,7
1,99.9971,199.9942,3,60,5
1,99.9971,199.9942,3,61,11
1,99.9971,199.9942,3,62,8
1,99.9971,199.9942,3,63,23
1,99.9971,199.9942,3,64,40
1,99.9971,199.9942,3,65,74
1,99.9971,199.9942,3,66,159
1,99.9971,199.9942,3,67,334
1,99.9971,199.9942,3,68,596
1,99.9971,199.9942,3,69,1052
1,99.9971,199.9942,3,70,1458
1,99.9971,199.9942,3,71,1672
1,99.9971,199.9942,4,0,884
1,99.9971,199.9942,4,1,770
1,99.9971,199.9942,4,2,560
1,99.9971,199.9942,4,3,339
1,99.9971,199.9942,4,4,167
1,99.9971,199.9942,4,5,90
1,99.9971,199.9942,4,6,36
1,99.9971,199.9942,4,7,22
1,99.9971,199.9942,4,8,13
1,99.9971,199.9942,4,9,7
1,99.9971,199.9942,4,10,3
1,99.9971,199.9942,4,11,5
1,99.9971,199.9942,4,12,3
1,99.9971,199.9942,4,13,5
1,99.9971,199.9942,4,14,9
1,99.9971,199.9942,4,15,6
1,99.9971,199.9942,4,16,12
1,99.9971,199.9942,4,17,23
1,99.9971,199.9942,4,18,48
1,99.9971,199.9942,4,19,62
1,99.9971,199.9942,4,20,108
1,99.9971,199.9942,4,21,164
1,99.9971,199.9942,4,22,227
1,99.9971,199.9942,4,23,248
1,99.9971,199.9942,4,24,236
1,99.9971,199.9942,4,25,132
1,99.9971,199.9942,4,26,113
1,99.9971,199.9942,4,27,74
1,99.9971,199.9942,4,28,30
1,99.9971,199.9942,4,29,12
1,99.9971,199.9942,4,30,6
1,99.9971,199.9942,4,31,1
1,99.9971,199.9942,4,33,1
1,99.9971,199.9942,4,35,1
1,99.9971,199.9942,4,37,1
1,99.9971,199.9942,4,38,1
1,99.9971,199.9942,4,39,2
1,99.9971,199.9942,4,40,5
1,99.9971,199.9942,4,41,8
1,99.9971,199.9942,4,42,8
1,99.9971,199.9942,4,43,33
1,99.9971,199.9942,4,44,57
1,99.9971,199.9942,4,45,93
1,99.9971,199.9942,4,46,132
1,99.9971,199.9942,4,47,207
1,99.9971,199.9942,4,48,261
1,99.9971,199.9942,4,49,215
1,99.9971,199.9942,4,50,160
1,99.9971,199.9942,4,51,109
1,99.9971,199.9942,4,52,80
1,99.9971,199.9942,4,53,42
1,99.9971,199.9942,4,54,27
1,99.9971,199.9942,4,55,12
1,99.9971,199.9942,4,56,8
1,99.9971,199.9942,4,57,10
1,99.9971,199.9942,4,58,5
1,99.9971,199.9942,4,59,3
1,99.9971,199.9942,4,60,5
1,99.9971,199.9942,4,61,4
1,99.9971,199.9942,4,62,8
1,99.9971,199.9942,4,63,10
1,99.9971,199.9942,4,64,26
1,99.9971,199.9942,4,65,25
1,99.9971,199.9942,4,66,98
1,99.9971,199.9942,4,67,166
1,99.9971,199.9942,4,68,352
1,99.9971,199.9942,4,69,551
1,99.9971,199.9942,4,70,768
1,99.9971,199.9942,4,71,927
1,99.9971,199.9942,5,0,433
1,99.9971,199.9942,5,1,402
1,99.9971,199.9942,5,2,270
1,99.9971,199.9942,5,3,160
1,99.9971,199.9942,5,4,97
1,99.9971,199.9942,5,5,42
1,99.9971,199.9942,5,6,22
1,99.9971,199.9942,5,7,5
1,99.9971,199.9942,5,8,7
1,99.9971,199.9942,5,9,2
1,99.9971,199.9942,5,10,1
1,99.9971,199.9942,5,11,2
1,99.9971,199.9942,5,12,1
1,99.9971,199.9942,5,14,1
1,99.9971,199.9942,5,15,4
1,99.9971,199.9942,5,16,4
1,99.9971,199.9942,5,17,16
1,99.9971,199.9942,5,18,25
1,99.9971,199.9942,5,19,31
1,99.9971,199.9942,5,20,56
1,99.9971,199.9942,5,21,99
1,99.9971,199.9942,5,22,129
1,99.9971,199.9942,5,23,125
1,99.9971,199.9942,5,24,95
1,99.9971,199.9942,5,25,69
1,99.9971,199.9942,5,26,52
1,99.9971,199.9942,5,27,30
1,99.9971,199.9942,5,28,14
1,99.9971,199.9942,5,29,5
1,99.9971,199.9942,5,30,1
1,99.9971,199.9942,5,31,2
1,99.9971,199.9942,5,40,1
1,99.9971,199.9942,5,41,5
1,99.9971,199.9942,5,42,11
1,99.9971,199.9942,5,43,15
1,99.9971,199.9942,5,44,22
1,99.9971,199.9942,5,45,44
1,99.9971,199.9942,5,46,80
1,99.9971,199.9942,5,47,103
1,99.9971,199.9942,5,48,112
1,99.9971,199.9942,5,49,105
1,99.9971,199.9942,5,50,80
1,99.9971,199.9942,5,51,49
1,99.9971,199.9942,5,52,37
1,99.9971,199.9942,5,53,15
1,99.9971,199.9942,5,54,16
1,99.9971,199.9942,5,55,12
1,99.9971,199.9942,5,56,4
1,99.9971,199.9942,5,57,1
1,99.9971,199.9942,5,58,2
1,99.9971,199.9942,5,60,4
1,99.9971,199.9942,5,62,1
1,99.9971,199.9942,5,63,2
1,99.9971,199.9942,5,64,10
1,99.9971,199.9942,5,65,24
1,99.9971,199.9942,5,66,40
1,99.9971,199.9942,5,67,93
1,99.9971,199.9942,5,68,202
1,99.9971,199.9942,5,69,286
1,99.9971,199.9942,5,70,368
1,99.9971,199.9942,5,71,485
1,99.9971,199.9942,6,0,215
1,99.9971,199.9942,6,1,215
1,99.9971,199.9942,6,2,136
1,99.9971,199.9942,6,3,77
1,99.9971,199.9942,6,4,47
1,99.9971,199.9942,6,5,20
1,99.9971,199.9942,6,6,10
1,99.9971,199.9942,6,7,3
1,99.9971,199.9942,6,8,2
1,99.9971,199.9942,6,9,3
1,99.9971,199.9942,6,10,2
1,99.9971,199.9942,6,13,1
1,99.9971,199.9942,6,14,1
1,99.9971,199.9942,6,15,2
1,99.9971,199.9942,6,16,5
1,99.9971,199.9942,6,17,8
1,99.9971,199.9942,6,18,11
1,99.9971,199.9942,6,19,21
1,99.9971,199.9942,6,20,30
1,99.9971,199.9942,6,21,38
1,99.9971,199.9942,6,22,58
1,99.9971,199.9942,6,23,69
1,99.9971,199.9942,6,24,51
1,99.9971,199.9942,6,25,49
1,99.9971,199.9942,6,26,35
1,99.9971,199.9942,6,27,16
1,99.9971,199.9942,6,28,1
1,99.9971,199.9942,6,29,3
1,99.9971,199.9942,6,30,1
1,99.9971,199.9942,6,38,1
1,99.9971,199.9942,6,41,1
1,99.9971,199.9942,6,42,1
1,99.9971,199.9942,6,43,6
1,99.9971,199.9942,6,44,13
1,99.9971,199.9942,6,45,19
1,99.9971,199.9942,6,46,43
1,99.9971,199.9942,6,47,64
1,99.9971,199.9942,6,48,54
1,99.9971,199.9942,6,49,62
1,99.9971,199.9942,6,50,44
1,99.9971,199.9942,6,51,27
1,99.9971,199.9942,6,52,15
1,99.9971,199.9942,6,53,12
1,99.9971,199.9942,6,54,7
1,99.9971,199.9942,6,55,3
1,99.9971,199.9942,6,58,1
1,99.9971,199.9942,6,59,1
1,99.9971,199.9942,6,60,1
1,99.9971,199.9942,6,61,1
1,99.9971,199.9942,6,62,1
1,99.9971,199.9942,6,63,2
1,99.9971,199.9942,6,64,5
1,99.9971,199.9942,6,65,12
1,99.9971,199.9942,6,66,18
1,99.9971,199.9942,6,67,36
1,99.9971,199.9942,6,68,80
1,99.9971,199.9942,6,69,118
1,99.9971,199.9942,6,70,193
1,99.9971,199.9942,6,71,197
1,99.9971,199.9942,7,0,109
1,99.9971,199.9942,7,1,94
1,99.9971,199.9942,7,2,65
1,99.9971,199.9942,7,3,42
1,99.9971,199.9942,7,4,22
1,99.9971,199.9942,7,5,7
1,99.9971,199.9942,7,6,2
1,99.9971,199.9942,7,7,5
1,99.9971,199.9942,7,8,3
1,99.9971,199.9942,7,9,2
1,99.9971,199.9942,7,12,2
1,99.9971,199.9942,7,16,1
1,99.9971,199.9942,7,17,3
1,99.9971,199.9942,7,19,10
1,99.9971,199.9942,7,20,18
1,99.9971,199.9942,7,21,21
1,99.9971,199.9942,7,22,28
1,99.9971,199.9942,7,23,24
1,99.9971,199.9942,7,24,22
1,99.9971,199.9942,7,25,24
1,99.9971,199.9942,7,26,6
1,99.9971,199.9942,7,27,7
1,99.9971,199.9942,7,28,2
1,99.9971,199.9942,7,29,3
1,99.9971,199.9942,7,30,1
1,99.9971,199.9942,7,42,1
1,99.9971,199.9942,7,43,1
1,99.9971,199.9942,7,44,10
1,99.9971,199.9942,7,45,9
1,99.9971,199.9942,7,46,17
1,99.9971,199.9942,7,47,20
1,99.9971,199.9942,7,48,20
1,99.9971,199.9942,7,49,34
1,99.9971,199.9942,7,50,21
1,99.9971,199.9942,7,51,15
1,99.9971,199.9942,7,52,9
1,99.9971,199.9942,7,53,6
1,99.9971,199.9942,7,54,2
1,99.9971,199.9942,7,55,1
1,99.9971,199.9942,7,56,2
1,99.9971,199.9942,7,60,1
1,99.9971,199.9942,7,62,1
1,99.9971,199.9942,7,64,3
1,99.9971,199.9942,7,65,6
1,99.9971,199.9942,7,66,14
1,99.9971,199.9942,7,67,18
1,99.9971,199.9942,7,68,44
1,99.9971,199.9942,7,69,60
1,99.9971,199.9942,7,70,92
1,99.9971,199.9942,7,71,97
1,99.9971,199.9942,8,0,57
1,99.9971,199.9942,8,1,53
1,99.9971,199.9942,8,2,42
1,99.9971,199.9942,8,3,21
1,99.9971,199.9942,8,4,13
1,99.9971,199.9942,8,5,8
1,99.9971,199.9942,8,6,4
1,99.9971,199.9942,8,15,1
1,99.9971,199.9942,8,16,1
1,99.9971,199.9942,8,17,2
1,99.9971,199.9942,8,18,3
1,99.9971,199.9942,8,19,3
1,99.9971,199.9942,8,20,5
1,99.9971,199.9942,8,21,14
1,99.9971,199.9942,8,22,10
1,99.9971,199.9942,8,23,15
1,99.9971,199.9942,8,24,10
1,99.9971,199.9942,8,25,9
1,99.9971,199.9942,8,26,9
1,99.9971,199.9942,8,27,4
1,99.9971,199.9942,8,29,1
1,99.9971,199.9942,8,43,1
1,99.9971,199.9942,8,44,4
1,99.9971,199.9942,8,45,10
1,99.9971,199.9942,8,46,6
1,99.9971,199.9942,8,47,12
1,99.9971,199.9942,8,48,13
1,99.9971,199.9942,8,49,12
1,99.9971,199.9942,8,50,9
1,99.9971,199.9942,8,51,4
1,99.9971,199.9942,8,52,3
1,99.9971,199.9942,8,53,2
1,99.9971,199.9942,8,54,2
1,99.9971,199.9942,8,55,1
1,99.9971,199.9942,8,57,1
1,99.9971,199.9942,8,62,1
1,99.9971,199.9942,8,63,2
1,99.9971,199.9942,8,65,4
1,99.9971,199.9942,8,66,3
1,99.9971,199.9942,8,67,5
1,99.9971,199.9942,8,68,22
1,99.9971,199.9942,8,69,21
1,99.9971,199.9942,8,70,57
1,99.9971,199.9942,8,71,53
1,99.9971,199.9942,9,0,26
1,99.9971,199.9942,9,1,30
1,99.9971,199.9942,9,2,13
1,99.9971,199.9942,9,3,13
1,99.9971,199.9942,9,4,7
1,99.9971,199.9942,9,5,3
1,99.9971,199.9942,9,6,3
1,99.9971,199.9942,9,7,1
1,99.9971,199.9942,9,14,1
1,99.9971,199.9942,9,17,1
1,99.9971,199.9942,9,19,3
1,99.9971,199.9942,9,20,4
1,99.9971,199.9942,9,21,13
1,99.9971,199.9942,9,22,12
1,99.9971,199.9942,9,23,10
1,99.9971,199.9942,9,24,5
1,99.9971,199.9942,9,25,6
1,99.9971,199.9942,9,26,4
1,99.9971,199.9942,9,27,2
1,99.9971,199.9942,9,28,1
1,99.9971,199.9942,9,44,2
1,99.9971,199.9942,9,45,2
1,99.9971,199.9942,9,46,5
1,99.9971,199.9942,9,47,12
1,99.9971,199.9942,9,48,8
1,99.9971,199.9942,9,49,8
1,99.9971,199.9942,9,50,8
1,99.9971,199.9942,9,51,1
1,99.9971,199.9942,9,54,3
1,99.9971,199.9942,9,55,1
1,99.9971,199.9942,9,61,1
1,99.9971,199.9942,9,63,1
1,99.9971,199.9942,9,64,2
1,99.9971,199.9942,9,65,2
1,99.9971,199.9942,9,66,3
1,99.9971,199.9942,9,67,5
1,99.9971,199.9942,9,68,10
1,99.9971,199.9942,9,69,23
1,99.9971,199.9942,9,70,18
1,99.9971,199.9942,9,71,30
1,99.9971,199.9942,10,0,22
1,99.9971,199.9942,10,1,15
1,99.9971,199.9942,10,2,7
1,99.9971,199.9942,10,3,11
1,99.9971,199.9942,10,4,3
1,99.9971,199.9942,10,5,4
1,99.9971,199.9942,10,6,2
1,99.9971,199.9942,10,8,1
1,99.9971,199.9942,10,12,1
1,99.9971,199.9942,10,15,1
1,99.9971,199.9942,10,16,1
1,99.9971,199.9942,10,17,2
1,99.9971,199.9942,10,19,1
1,99.9971,199.9942,10,20,2
1,99.9971,199.9942,10,21,3
1,99.9971,199.9942,10,22,6
1,99.9971,199.9942,10,23,4
1,99.9971,199.9942,10,24,4
1,99.9971,199.9942,10,25,3
1,99.9971,199.9942,10,26,4
1,99.9971,199.9942,10,27,2
1,99.9971,199.9942,10,30,1
1,99.9971,199.9942,10,43,1
1,99.9971,199.9942,10,44,1
1,99.9971,199.9942,10,46,4
1,99.9971,199.9942,10,47,8
1,99.9971,199.9942,10,48,10
1,99.9971,199.9942,10,49,8
1,99.9971,199.9942,10,50,4
1,99.9971,199.9942,10,53,2
1,99.9971,199.9942,10,55,1
1,99.9971,199.9942,10,65,2
1,99.9971,199.9942,10,66,2
1,99.9971,199.9942,10,67,3
1,99.9971,199.9942,10,68,7
1,99.9971,199.9942,10,69,10
1,99.9971,199.9942,10,70,16
1,99.9971,199.9942,10,71,20
1,99.9971,199.9942,11,0,20
1,99.9971,199.9942,11,1,12
1,99.9971,199.9942,11,2,9
1,99.9971,199.9942,11,3,4
1,99.9971,199.9942,11,4,3
1,99.9971,199.9942,11,5,2
1,99.9971,199.9942,11,8,1
1,99.9971,199.9942,11,10,1
1,99.9971,199.9942,11,18,2
1,99.9971,199.9942,11,19,3
1,99.9971,199.9942,11,20,3
1,99.9971,199.9942,11,21,1
1,99.9971,199.9942,11,22,4
1,99.9971,199.9942,11,23,4
1,99.9971,199.9942,11,24,1
1,99.9971,199.9942,11,25,4
1,99.9971,199.9942,11,26,3
1,99.9971,199.9942,11,28,1
1,99.9971,199.9942,11,44,1
1,99.9971,199.9942,11,46,4
1,99.9971,199.9942,11,47,2
1,99.9971,199.9942,11,48,6
1,99.9971,199.9942,11,49,6
1,99.9971,199.9942,11,50,5
1,99.9971,199.9942,11,51,2
1,99.9971,199.9942,11,52,2
1,99.9971,199.9942,11,64,1
1,99.9971,199.9942,11,66,1
1,99.9971,199.9942,11,67,3
1,99.9971,199.9942,11,68,2
1,99.9971,199.9942,11,69,6
1,99.9971,199.9942,11,70,25
1,99.9971,199.9942,11,71,18
1,99.9971,199.9942,12,0,13
1,99.9971,199.9942,12,1,16
1,99.9971,199.9942,12,2,7
1,99.9971,199.9942,12,3,5
1,99.9971,199.9942,12,4,2
1,99.9971,199.9942,12,6,2
1,99.9971,199.9942,12,19,2
1,99.9971,199.9942,12,20,2
1,99.9971,199.9942,12,21,4
1,99.9971,199.9942,12,22,4
1,99.9971,199.9942,12,23,7
1,99.9971,199.9942,12,24,4
1,99.9971,199.9942,12,25,3
1,99.9971,199.9942,12,27,1
1,99.9971,199.9942,12,42,1
1,99.9971,199.9942,12,43,1
1,99.9971,199.9942,12,45,1
1,99.9971,199.9942,12,46,2
1,99.9971,199.9942,12,47,5
1,99.9971,199.9942,12,48,1
1,99.9971,199.9942,12,49,6
1,99.9971,199.9942,12,50,5
1,99.9971,199.9942,12,51,1
1,99.9971,199.9942,12,52,1
1,99.9971,199.9942,12,53,2
1,99.9971,199.9942,12,66,1
1,99.9971,199.9942,12,67,2
1,99.9971,199.9942,12,68,9
1,99.9971,199.9942,12,69,7
1,99.9971,199.9942,12,70,12
1,99.9971,199.9942,12,71,17
1,99.9971,199.9942,13,0,14
1,99.9971,199.9942,13,1,13
1,99.9971,199.9942,13,2,15
1,99.9971,199.9942,13,3,7
1,99.9971,199.9942,13,4,4
1,99.9971,199.9942,13,6,1
1,99.9971,199.9942,13,7,1
1,99.9971,199.9942,13,16,1
1,99.9971,199.9942,13,18,1
1,99.9971,199.9942,13,19,2
1,99.9971,199.9942,13,20,2
1,99.9971,199.9942,13,21,1
1,99.9971,199.9942,13,22,5
1,99.9971,199.9942,13,23,4
1,99.9971,199.9942,13,24,4
1,99.9971,199.9942,13,25,2
1,99.9971,199.9942,13,26,2
1,99.9971,199.9942,13,31,1
1,99.9971,199.9942,13,45,2
1,99.9971,199.9942,13,46,1
1,99.9971,199.9942,13,47,4
1,99.9971,199.9942,13,48,1
1,99.9971,199.9942,13,49,5
1,99.9971,199.9942,13,50,4
1,99.9971,199.9942,13,51,1
1,99.9971,199.9942,13,65,2
1,99.9971,199.9942,13,66,3
1,99.9971,199.9942,13,67,3
1,99.9971,199.9942,13,68,8
1,99.9971,199.9942,13,69,16
1,99.9971,199.9942,13,70,26
1,99.9971,199.9942,13,71,27
1,99.9971,199.9942,14,0,28
1,99.9971,199.9942,14,1,20
1,99.9971,199.9942,14,2,11
1,99.9971,199.9942,14,3,6
1,99.9971,199.9942,14,4,3
1,99.9971,199.9942,14,5,2
1,99.9971,199.9942,14,9,1
1,99.9971,199.9942,14,19,1
1,99.9971,199.9942,14,20,6
1,99.9971,199.9942,14,21,4
1,99.9971,199.9942,14,22,5
1,99.9971,199.9942,14,23,7
1,99.9971,199.9942,14,24,9
1,99.9971,199.9942,14,25,4
1,99.9971,199.9942,14,26,4
1,99.9971,199.9942,14,28,1
1,99.9971,199.9942,14,46,1
1,99.9971,199.9942,14,47,2
1,99.9971,199.9942,14,48,3
1,99.9971,199.9942,14,49,5
1,99.9971,199.9942,14,50,3
1,99.9971,199.9942,14,51,2
1,99.9971,199.9942,14,52,3
1,99.9971,199.9942,14,53,3
1,99.9971,199.9942,14,54,1
1,99.9971,199.9942,14,56,1
1,99.9971,199.9942,14,65,1
1,99.9971,199.9942,14,66,2
1,99.9971,199.9942,14,67,3
1,99.9971,199.9942,14,68,8
1,99.9971,199.9942,14,69,12
1,99.9971,199.9942,14,70,22
1,99.9971,199.9942,14,71,29
1,99.9971,199.9942,15,0,31
1,99.9971,199.9942,15,1,35
1,99.9971,199.9942,15,2,22
1,99.9971,199.9942,15,3,16
1,99.9971,199.9942,15,4,6
1,99.9971,199.9942,15,5,5
1,99.9971,199.9942,15,6,1
1,99.9971,199.9942,15,7,3
1,99.9971,199.9942,15,16,2
1,99.9971,199.9942,15,17,2
1,99.9971,199.9942,15,18,3
1,99.9971,199.9942,15,19,1
1,99.9971,199.9942,15,20,5
1,99.9971,199.9942,15,21,3
1,99.9971,199.9942,15,22,10
1,99.9971,199.9942,15,23,5
1,99.9971,199.9942,15,24,6
1,99.9971,199.9942,15,25,6
1,99.9971,199.9942,15,26,4
1,99.9971,199.9942,15,27,1
1,99.9971,199.9942,15,28,2
1,99.9971,199.9942,15,30,1
1,99.9971,199.9942,15,38,1
1,99.9971,199.9942,15,44,1
1,99.9971,199.9942,15,45,1
1,99.9971,199.9942,15,46,3
1,99.9971,199.9942,15,47,1
1,99.9971,199.9942,15,48,6
1,99.9971,199.9942,15,49,5
1,99.9971,199.9942,15,50,2
1,99.9971,199.9942,15,51,3
1,99.9971,199.9942,15,52,5
1,99.9971,199.9942,15,54,3
1,99.9971,199.9942,15,55,1
1,99.9971,199.9942,15,62,1
1,99.9971,199.9942,15,63,1
1,99.9971,199.9942,15,64,1
1,99.9971,199.9942,15,66,4
1,99.9971,199.9942,15,67,12
1,99.9971,199.9942,15,68,13
1,99.9971,199.9942,15,69,23
1,99.9971,199.9942,15,70,28
1,99.9971,199.9942,15,71,41
1,99.9971,199.9942,16,0,65
1,99.9971,199.9942,16,1,43
1,99.9971,199.9942,16,2,35
1,99.9971,199.9942,16,3,19
1,99.9971,199.9942,16,4,9
1,99.9971,199.9942,16,5,3
1,99.9971,199.9942,16,6,3
1,99.9971,199.9942,16,14,1
1,99.9971,199.9942,16,17,5
1,99.9971,199.9942,16,18,4
1,99.9971,199.9942,16,19,3
1,99.9971,199.9942,16,20,11
1,99.9971,199.9942,16,21,10
1,99.9971,199.9942,16,22,6
1,99.9971,199.9942,16,23,13
1,99.9971,199.9942,16,24,9
1,99.9971,199.9942,16,25,3
1,99.9971,199.9942,16,26,3
1,99.9971,199.9942,16,27,3
1,99.9971,199.9942,16,28,3
1,99.9971,199.9942,16,29,1
1,99.9971,199.9942,16,39,1
1,99.9971,199.9942,16,42,1
1,99.9971,199.9942,16,45,1
1,99.9971,199.9942,16,46,2
1,99.9971,199.9942,16,47,4
1,99.9971,199.9942,16,48,6
1,99.9971,199.9942,16,49,5
1,99.9971,199.9942,16,50,4
1,99.9971,199.9942,16,51,3
1,99.9971,199.9942,16,52,2
1,99.9971,199.9942,16,53,1
1,99.9971,199.9942,16,60,1
1,99.9971,199.9942,16,63,1
1,99.9971,199.9942,16,65,4
1,99.9971,199.9942,16,66,8
1,99.9971,199.9942,16,67,8
1,99.9971,199.9942,16,68,16
1,99.9971,199.9942,16,69,32
1,99.9971,199.9942,16,70,36
1,99.9971,199.9942,16,71,55
1,99.9971,199.9942,17,0,95
1,99.9971,199.9942,17,1,76
1,99.9971,199.9942,17,2,68
1,99.9971,199.9942,17,3,32
1,99.9971,199.9942,17,4,25
1,99.9971,199.9942,17,5,8
1,99.9971,199.9942,17,6,9
1,99.9971,199.9942,17,7,1
1,99.9971,199.9942,17,8,1
1,99.9971,199.9942,17,10,1
1,99.9971,199.9942,17,11,1
1,99.9971,199.9942,17,16,1
1,99.9971,199.9942,17,17,1
1,99.9971,199.9942,17,18,2
1,99.9971,199.9942,17,19,6
1,99.9971,199.9942,17,20,7
1,99.9971,199.9942,17,21,11
1,99.9971,199.9942,17,22,29
1,99.9971,199.9942,17,23,19
1,99.9971,199.9942,17,24,21
1,99.9971,199.9942,17,25,19
1,99.9971,199.9942,17,26,7
1,99.9971,199.9942,17,27,6
1,99.9971,199.9942,17,28,2
1,99.9971,199.9942,17,45,2
1,99.9971,199.9942,17,47,3
1,99.9971,199.9942,17,48,1
1,99.9971,199.9942,17,49,2
1,99.9971,199.9942,17,50,6
1,99.9971,199.9942,17,51,7
1,99.9971,199.9942,17,52,3
1,99.9971,199.9942,17,53,1
1,99.9971,199.9942,17,58,1
1,99.9971,199.9942,17,61,1
1,99.9971,199.9942,17,63,3
1,99.9971,199.9942,17,64,1
1,99.9971,199.9942,17,65,3
1,99.9971,199.9942,17,66,16
1,99.9971,199.9942,17,67,22
1,99.9971,199.9942,17,68,38
1,99.9971,199.9942,17,69,65
1,99.9971,199.9942,17,70,90
1,99.9971,199.9942,17,71,118
1,99.9971,199.9942,18,0,188
1,99.9971,199.9942,18,1,190
1,99.9971,199.9942,18,2,120
1,99.9971,199.9942,18,3,71
1,99.9971,199.9942,18,4,54
1,99.9971,199.9942,18,5,22
1,99.9971,199.9942,18,6,9
1,99.9971,199.9942,18,7,6
1,99.9971,199.9942,18,8,3
1,99.9971,199.9942,18,9,2
1,99.9971,199.9942,18,10,2
1,99.9971,199.9942,18,11,1
1,99.9971,199.9942,18,13,1
1,99.9971,199.9942,18,14,2
1,99.9971,199.9942,18,15,2
1,99.9971,199.9942,18,16,3
1,99.9971,199.9942,18,17,2
1,99.9971,199.9942,18,18,6
1,99.9971,199.9942,18,19,13
1,99.9971,199.9942,18,20,26
1,99.9971,199.9942,18,21,43
1,99.9971,199.9942,18,22,31
1,99.9971,199.9942,18,23,41
1,99.9971,199.9942,18,24,31
1,99.9971,199.9942,18,25,20
1,99.9971,199.9942,18,26,20
1,99.9971,199.9942,18,27,12
1,99.9971,199.9942,18,28,9
1,99.9971,199.9942,18,30,1
1,99.9971,199.9942,18,43,1
1,99.9971,199.9942,18,45,2
1,99.9971,199.9942,18,46,2
1,99.9971,199.9942,18,47,3
1,99.9971,199.9942,18,48,8
1,99.9971,199.9942,18,49,5
1,99.9971,199.9942,18,50,4
1,99.9971,199.9942,18,51,4
1,99.9971,199.9942,18,52,4
1,99.9971,199.9942,18,53,3
1,99.9971,199.9942,18,54,2
1,99.9971,199.9942,18,55,5
1,99.9971,199.9942,18,56,2
1,99.9971,199.9942,18,57,4
1,99.9971,199.9942,18,58,1
1,99.9971,199.9942,18,59,1
1,99.9971,199.9942,18,64,9
1,99.9971,199.9942,18,65,7
1,99.9971,199.9942,18,66,24
1,99.9971,199.9942,18,67,39
1,99.9971,199.9942,18,68,76
1,99.9971,199.9942,18,69,119
1,99.9971,199.9942,18,70,178
1,99.9971,199.9942,18,71,225
1,99.9971,199.9942,19,0,393
1,99.9971,199.9942,19,1,280
1,99.9971,199.9942,19,2,210
1,99.9971,199.9942,19,3,140
1,99.9971,199.9942,19,4,81
1,99.9971,199.9942,19,5,36
1,99.9971,199.9942,19,6,22
1,99.9971,199.9942,19,7,8
1,99.9971,199.9942,19,8,5
1,99.9971,199.9942,19,9,5
1,99.9971,199.9942,19,10,1
1,99.9971,199.9942,19,11,3
1,99.9971,199.9942,19,12,1
1,99.9971,199.9942,19,13,2
1,99.9971,199.9942,19,15,4
1,99.9971,199.9942,19,16,4
1,99.9971,199.9942,19,17,7
1,99.9971,199.9942,19,18,8
1,99.9971,199.9942,19,19,27
1,99.9971,199.9942,19,20,39
1,99.9971,199.9942,19,21,46
1,99.9971,199.9942,19,22,72
1,99.9971,199.9942,19,23,72
1,99.9971,199.9942,19,24,74
1,99.9971,199.9942,19,25,52
1,99.9971,199.9942,19,26,21
1,99.9971,199.9942,19,27,6
1,99.9971,199.9942,19,28,7
1,99.9971,199.9942,19,29,1
1,99.9971,199.9942,19,45,3
1,99.9971,199.9942,19,47,2
1,99.9971,199.9942,19,48,4
1,99.9971,199.9942,19,49,9
1,99.9971,199.9942,19,50,6
1,99.9971,199.9942,19,51,3
1,99.9971,199.9942,19,52,4
1,99.9971,199.9942,19,53,3
1,99.9971,199.9942,19,54,6
1,99.9971,199.9942,19,56,1
1,99.9971,199.9942,19,57,1
1,99.9971,199.9942,19,59,2
1,99.9971,199.9942,19,60,3
1,99.9971,199.9942,19,61,2
1,99.9971,199.9942,19,62,2
1,99.9971,199.9942,19,63,5
1,99.9971,199.9942,19,64,10
1,99.9971,199.9942,19,65,28
1,99.9971,199.9942,19,66,41
1,99.9971,199.9942,19,67,77
1,99.9971,199.9942,19,68,122
1,99.9971,199.9942,19,69,208
1,99.9971,199.9942,19,70,332
1,99.9971,199.9942,19,71,380
1,99.9971,199.9942,20,0,604
1,99.9971,199.9942,20,1,467
1,99.9971,199.9942,20,2,358
1,99.9971,199.9942,20,3,204
1,99.9971,199.9942,20,4,106
1,99.9971,199.9942,20,5,68
1,99.9971,199.9942,20,6,34
1,99.9971,199.9942,20,7,7
1,99.9971,199.9942,20,8,11
1,99.9971,199.9942,20,9,4
1,99.9971,199.9942,20,10,2
1,99.9971,199.9942,20,11,2
1,99.9971,199.9942,20,12,3
1,99.9971,199.9942,20,13,2
1,99.9971,199.9942,20,14,3
1,99.9971,199.9942,20,15,3
1,99.9971,199.9942,20,16,7
1,99.9971,199.9942,20,17,11
1,99.9971,199.9942,20,18,24
1,99.9971,199.9942,20,19,31
1,99.9971,199.9942,20,20,57
1,99.9971,199.9942,20,21,83
1,99.9971,199.9942,20,22,101
1,99.9971,199.9942,20,23,106
1,99.9971,199.9942,20,24,76
1,99.9971,199.9942,20,25,63
1,99.9971,199.9942,20,26,35
1,99.9971,199.9942,20,27,33
1,99.9971,199.9942,20,28,8
1,99.9971,199.9942,20,29,4
1,99.9971,199.9942,20,41,1
1,99.9971,199.9942,20,46,1
1,99.9971,199.9942,20,48,1
1,99.9971,199.9942,20,49,5
1,99.9971,199.9942,20,50,8
1,99.9971,199.9942,20,51,6
1,99.9971,199.9942,20,52,9
1,99.9971,199.9942,20,53,2
1,99.9971,199.9942,20,54,8
1,99.9971,199.9942,20,55,3
1,99.9971,199.9942,20,56,1
1,99.9971,199.9942,20,57,4
1,99.9971,199.9942,20,58,1
1,99.9971,199.9942,20,59,1
1,99.9971,199.9942,20,60,4
1,99.9971,199.9942,20,61,4
1,99.9971,199.9942,20,62,6
1,99.9971,199.9942,20,63,9
1,99.9971,199.9942,20,64,13
1,99.9971,199.9942,20,65,30
1,99.9971,199.9942,20,66,57
1,99.9971,199.9942,20,67,110
1,99.9971,199.9942,20,68,199
1,99.9971,199.9942,20,69,365
1,99.9971,199.9942,20,70,524
1,99.9971,199.9942,20,71,615
1,99.9971,199.9942,21,0,915
1,99.9971,199.9942,21,1,714
1,99.9971,199.9942,21,2,567
1,99.9971,199.9942,21,3,309
1,99.9971,199.9942,21,4,189
1,99.9971,199.9942,21,5,72
1,99.9971,199.9942,21,6,34
1,99.9971,199.9942,21,7,23
1,99.9971,199.9942,21,8,6
1,99.9971,199.9942,21,9,11
1,99.9971,199.9942,21,10,2
1,99.9971,199.9942,21,11,4
1,99.9971,199.9942,21,12,2
1,99.9971,199.9942,21,13,3
1,99.9971,199.9942,21,14,10
1,99.9971,199.9942,21,15,12
1,99.9971,199.9942,21,16,10
1,99.9971,199.9942,21,17,24
1,99.9971,199.9942,21,18,28
1,99.9971,199.9942,21,19,45
1,99.9971,199.9942,21,20,74
1,99.9971,199.9942,21,21,114
1,99.9971,199.9942,21,22,140
1,99.9971,199.9942,21,23,142
1,99.9971,199.9942,21,24,127
1,99.9971,199.9942,21,25,86
1,99.9971,199.9942,21,26,51
1,99.9971,199.9942,21,27,30
1,99.9971,199.9942,21,28,8
1,99.9971,199.9942,21,29,1
1,99.9971,199.9942,21,30,1
1,99.9971,199.9942,21,47,1
1,99.9971,199.9942,21,49,3
1,99.9971,199.9942,21,50,5
1,99.9971,199.9942,21,51,12
1,99.9971,199.9942,21,52,6
1,99.9971,199.9942,21,53,5
1,99.9971,199.9942,21,54,4
1,99.9971,199.9942,21,55,6
1,99.9971,199.9942,21,56,3
1,99.9971,199.9942,21,57,5
1,99.9971,199.9942,21,58,1
1,99.9971,199.9942,21,59,2
1,99.9971,199.9942,21,60,1
1,99.9971,199.9942,21,61,4
1,99.9971,199.9942,21,62,6
1,99.9971,199.9942,21,63,10
1,99.9971,199.9942,21,64,19
1,99.9971,199.9942,21,65,48
1,99.9971,199.9942,21,66,88
1,99.9971,199.9942,21,67,182
1,99.9971,199.9942,21,68,323
1,99.9971,199.9942,21,69,542
1,99.9971,199.9942,21,70,722
1,99.9971,199.9942,21,71,916
1,99.9971,199.9942,22,0,1172
1,99.9971,199.9942,22,1,930
1,99.9971,199.9942,22,2,624
1,99.9971,199.9942,22,3,407
1,99.9971,199.9942,22,4,194
1,99.9971,199.9942,22,5,81
1,99.9971,199.9942,22,6,59
1,99.9971,199.9942,22,7,27
1,99.9971,199.9942,22,8,11
1,99.9971,199.9942,22,9,11
1,99.9971,199.9942,22,10,5
1,99.9971,199.9942,22,11,5
1,99.9971,199.9942,22,12,5
1,99.9971,199.9942,22,13,4
1,99.9971,199.9942,22,14,8
1,99.9971,199.9942,22,15,9
1,99.9971,199.9942,22,16,8
1,99.9971,199.9942,22,17,21
1,99.9971,199.9942,22,18,38
1,99.9971,199.9942,22,19,72
1,99.9971,199.9942,22,20,96
1,99.9971,199.9942,22,21,125
1,99.9971,199.9942,22,22,154
1,99.9971,199.9942,22,23,154
1,99.9971,199.9942,22,24,133
1,99.9971,199.9942,22,25,79
1,99.9971,199.9942,22,26,49
1,99.9971,199.9942,22,27,23
1,99.9971,199.9942,22,28,6
1,99.9971,199.9942,22,29,1
1,99.9971,199.9942,22,31,1
1,99.9971,199.9942,22,46,1
1,99.9971,199.9942,22,48,1
1,99.9971,199.9942,22,49,2
1,99.9971,199.9942,22,50,4
1,99.9971,199.9942,22,51,6
1,99.9971,199.9942,22,52,2
1,99.9971,199.9942,22,53,6
1,99.9971,199.9942,22,54,7
1,99.9971,199.9942,22,55,3
1,99.9971,199.9942,22,56,2
1,99.9971,199.9942,22,57,3
1,99.9971,199.9942,22,58,4
1,99.9971,199.9942,22,59,4
1,99.9971,199.9942,22,60,1
1,99.9971,199.9942,22,61,5
1,99.9971,199.9942,22,62,12
1,99.9971,199.9942,22,63,12
1,99.9971,199.9942,22,64,29
1,99.9971,199.9942,22,65,61
1,99.9971,199.9942,22,66,133
1,99.9971,199.9942,22,67,228
1,99.9971,199.9942,22,68,428
1,99.9971,199.9942,22,69,671
1,99.9971,199.9942,22,70,994
1,99.9971,199.9942,22,71,1167
1,99.9971,199.9942,23,0,1202
1,99.9971,199.9942,23,1,1008
1,99.9971,199.9942,23,2,747
1,99.9971,199.9942,23,3,424
1,99.9971,199.9942,23,4,234
1,99.9971,199.9942,23,5,114
1,99.9971,199.9942,23,6,49
1,99.9971,199.9942,23,7,29
1,99.9971,199.9942,23,8,17
1,99.9971,199.9942,23,9,10
1,99.9971,199.9942,23,10,8
1,99.9971,199.9942,23,11,6
1,99.9971,199.9942,23,12,4
1,99.9971,199.9942,23,13,5
1,99.9971,199.9942,23,14,7
1,99.9971,199.9942,23,15,3
1,99.9971,199.9942,23,16,10
1,99.9971,199.9942,23,17,20
1,99.9971,199.9942,23,18,52
1,99.9971,199.9942,23,19,55
1,99.9971,199.9942,23,20,97
1,99.9971,199.9942,23,21,141
1,99.9971,199.9942,23,22,182
1,99.9971,199.9942,23,23,151
1,99.9971,199.9942,23,24,114
1,99.9971,199.9942,23,25,71
1,99.9971,199.9942,23,26,36
1,99.9971,199.9942,23,27,20
1,99.9971,199.9942,23,28,2
1,99.9971,199.9942,23,29,1
1,99.9971,199.9942,23,48,2
1,99.9971,199.9942,23,49,1
1,99.9971,199.9942,23,50,1
1,99.9971,199.9942,23,51,3
1,99.9971,199.9942,23,52,5
1,99.9971,199.9942,23,53,1
1,99.9971,199.9942,23,54,4
1,99.9971,199.9942,23,56,4
1,99.9971,199.9942,23,57,4
1,99.9971,199.9942,23,58,6
1,99.9971,199.9942,23,59,4
1,99.9971,199.9942,23,60,7
1,99.9971,199.9942,23,61,4
1,99.9971,199.9942,23,62,10
1,99.9971,199.9942,23,63,16
1,99.9971,199.9942,23,64,32
1,99.9971,199.9942,23,65,40
1,99.9971,199.9942,23,66,106
1,99.9971,199.9942,23,67,206
1,99.9971,199.9942,23,68,454
1,99.9971,199.9942,23,69,703
1,99.9971,199.9942,23,70,958
1,99.9971,199.9942,23,71,1177
1,99.9971,199.9942,24,0,1068
1,99.9971,199.9942,24,1,996
1,99.9971,199.9942,24,2,634
1,99.9971,199.9942,24,3,419
1,99.9971,199.9942,24,4,239
1,99.9971,199.9942,24,5,106
1,99.9971,199.9942,24,6,47
1,99.9971,199.9942,24,7,27
1,99.9971,199.9942,24,8,11
1,99.9971,199.9942,24,9,13
1,99.9971,199.9942,24,10,4
1,99.9971,199.9942,24,11,3
1,99.9971,199.9942,24,12,4
1,99.9971,199.9942,24,14,3
1,99.9971,199.9942,24,15,14
1,99.9971,199.9942,24,16,7
1,99.9971,199.9942,24,17,16
1,99.9971,199.9942,24,18,47
1,99.9971,199.9942,24,19,43
1,99.9971,199.9942,24,20,88
1,99.9971,199.9942,24,21,131
1,99.9971,199.9942,24,22,137
1,99.9971,199.9942,24,23,145
1,99.9971,199.9942,24,24,84
1,99.9971,199.9942,24,25,38
1,99.9971,199.9942,24,26,19
1,99.9971,199.9942,24,27,12
1,99.9971,199.9942,24,28,5
1,99.9971,199.9942,24,49,1
1,99.9971,199.9942,24,51,2
1,99.9971,199.9942,24,52,1
1,99.9971,199.9942,24,53,3
1,99.9971,199.9942,24,54,3
1,99.9971,199.9942,24,56,3
1,99.9971,199.9942,24,57,3
1,99.9971,199.9942,24,58,3
1,99.9971,199.9942,24,59,3
1,99.9971,199.9942,24,60,5
1,99.9971,199.9942,24,61,5
1,99.9971,199.9942,24,62,6
1,99.9971,199.9942,24,63,9
1,99.9971,199.9942,24,64,26
1,99.9971,199.9942,24,65,68
1,99.9971,199.9942,24,66,116
1,99.9971,199.9942,24,67,213
1,99.9971,199.9942,24,68,377
1,99.9971,199.9942,24,69,641
1,99.9971,199.9942,24,70,881
1,99.9971,199.9942,24,71,1167
1,99.9971,199.9942,25,0,842
1,99.9971,199.9942,25,1,716
1,99.9971,199.9942,25,2,504
1,99.9971,199.9942,25,3,299
1,99.9971,199.9942,25,4,166
1,99.9971,199.9942,25,5,85
1,99.9971,199.9942,25,6,40
1,99.9971,199.9942,25,7,21
1,99.9971,199.9942,25,8,7
1,99.9971,199.9942,25,9,11
1,99.9971,199.9942,25,10,3
1,99.9971,199.9942,25,11,5
1,99.9971,199.9942,25,12,1
1,99.9971,199.9942,25,13,3
1,99.9971,199.9942,25,14,3
1,99.9971,199.9942,25,15,1
1,99.9971,199.9942,25,16,10
1,99.9971,199.9942,25,17,10
1,99.9971,199.9942,25,18,25
1,99.9971,199.9942,25,19,45
1,99.9971,199.9942,25,20,56
1,99.9971,199.9942,25,21,85
1,99.9971,199.9942,25,22,95
1,99.9971,199.9942,25,23,69
1,99.9971,199.9942,25,24,50
1,99.9971,199.9942,25,25,26
1,99.9971,199.9942,25,26,15
1,99.9971,199.9942,25,27,4
1,99.9971,199.9942,25,28,2
1,99.9971,199.9942,25,53,2
1,99.9971,199.9942,25,55,5
1,99.9971,199.9942,25,56,4
1,99.9971,199.9942,25,57,1
1,99.9971,199.9942,25,58,1
1,99.9971,199.9942,25,59,3
1,99.9971,199.9942,25,61,7
1,99.9971,199.9942,25,62,4
1,99.9971,199.9942,25,63,5
1,99.9971,199.9942,25,64,15
1,99.9971,199.9942,25,65,30
1,99.9971,199.9942,25,66,77
1,99.9971,199.9942,25,67,148
1,99.9971,199.9942,25,68,287
1,99.9971,199.9942,25,69,492
1,99.9971,199.9942,25,70,648
1,99.9971,199.9942,25,71,831
1,99.9971,199.9942,26,0,515
1,99.9971,199.9942,26,1,445
1,99.9971,199.9942,26,2,332
1,99.9971,199.9942,26,3,203
1,99.9971,199.9942,26,4,89
1,99.9971,199.9942,26,5,42
1,99.9971,199.9942,26,6,25
1,99.9971,199.9942,26,7,5
1,99.9971,199.9942,26,8,7
1,99.9971,199.9942,26,9,8
1,99.9971,199.9942,26,10,1
1,99.9971,199.9942,26,12,1
1,99.9971,199.9942,26,13,3
1,99.9971,199.9942,26,14,1
1,99.9971,199.9942,26,15,2
1,99.9971,199.9942,26,16,5
1,99.9971,199.9942,26,17,8
1,99.9971,199.9942,26,18,17
1,99.9971,199.9942,26,19,23
1,99.9971,199.9942,26,20,33
1,99.9971,199.9942,26,21,54
1,99.9971,199.9942,26,22,42
1,99.9971,199.9942,26,23,39
1,99.9971,199.9942,26,24,24
1,99.9971,199.9942,26,25,17
1,99.9971,199.9942,26,26,3
1,99.9971,199.9942,26,27,2
1,99.9971,199.9942,26,50,1
1,99.9971,199.9942,26,53,2
1,99.9971,199.9942,26,54,1
1,99.9971,199.9942,26,58,1
1,99.9971,199.9942,26,59,1
1,99.9971,199.9942,26,60,2
1,99.9971,199.9942,26,61,3
1,99.9971,199.9942,26,62,2
1,99.9971,199.9942,26,63,4
1,99.9971,199.9942,26,64,14
1,99.9971,199.9942,26,65,18
1,99.9971,199.9942,26,66,44
1,99.9971,199.9942,26,67,104
1,99.9971,199.9942,26,68,184
1,99.9971,199.9942,26,69,284
1,99.9971,199.9942,26,70,457
1,99.9971,199.9942,26,71,521
1,99.9971,199.9942,27,0,263
1,99.9971,199.9942,27,1,238
1,99.9971,199.9942,27,2,174
1,99.9971,199.9942,27,3,115
1,99.9971,199.9942,27,4,65
1,99.9971,199.9942,27,5,27
1,99.9971,199.9942,27,6,19
1,99.9971,199.9942,27,7,8
1,99.9971,199.9942,27,8,2
1,99.9971,199.9942,27,9,1
1,99.9971,199.9942,27,10,2
1,99.9971,199.9942,27,15,2
1,99.9971,199.9942,27,16,1
1,99.9971,199.9942,27,17,3
1,99.9971,199.9942,27,18,6
1,99.9971,199.9942,27,19,11
1,99.9971,199.9942,27,20,16
1,99.9971,199.9942,27,21,32
1,99.9971,199.9942,27,22,32
1,99.9971,199.9942,27,23,20
1,99.9971,199.9942,27,24,7
1,99.9971,199.9942,27,25,6
1,99.9971,199.9942,27,26,4
1,99.9971,199.9942,27,56,2
1,99.9971,199.9942,27,58,1
1,99.9971,199.9942,27,59,1
1,99.9971,199.9942,27,62,1
1,99.9971,199.9942,27,63,3
1,99.9971,199.9942,27,64,13
1,99.9971,199.9942,27,65,21
1,99.9971,199.9942,27,66,24
1,99.9971,199.9942,27,67,62
1,99.9971,199.9942,27,68,99
1,99.9971,199.9942,27,69,176
1,99.9971,199.9942,27,70,244
1,99.9971,199.9942,27,71,289
1,99.9971,199.9942,28,0,149
1,99.9971,199.9942,28,1,129
1,99.9971,199.9942,28,2,77
1,99.9971,199.9942,28,3,40
1,99.9971,199.9942,28,4,37
1,99.9971,199.9942,28,5,16
1,99.9971,199.9942,28,6,7
1,99.9971,199.9942,28,7,6
1,99.9971,199.9942,28,9,1
1,99.9971,199.9942,28,15,1
1,99.9971,199.9942,28,16,3
1,99.9971,199.9942,28,17,5
1,99.9971,199.9942,28,18,1
1,99.9971,199.9942,28,19,6
1,99.9971,199.9942,28,20,11
1,99.9971,199.9942,28,21,13
1,99.9971,199.9942,28,22,10
1,99.9971,199.9942,28,23,4
1,99.9971,199.9942,28,24,2
1,99.9971,199.9942,28,56,1
1,99.9971,199.9942,28,59,1
1,99.9971,199.9942,28,61,2
1,99.9971,199.9942,28,63,4
1,99.9971,199.9942,28,64,2
1,99.9971,199.9942,28,65,8
1,99.9971,199.9942,28,66,16
1,99.9971,199.9942,28,67,20
1,99.9971,199.9942,28,68,58
1,99.9971,199.9942,28,69,88
1,99.9971,199.9942,28,70,126
1,99.9971,199.9942,28,71,145
1,99.9971,199.9942,29,0,63
1,99.9971,199.9942,29,1,49
1,99.9971,199.9942,29,2,49
1,99.9971,199.9942,29,3,25
1,99.9971,199.9942,29,4,11
1,99.9971,199.9942,29,5,8
1,99.9971,199.9942,29,6,2
1,99.9971,199.9942,29,7,2
1,99.9971,199.9942,29,8,2
1,99.9971,199.9942,29,16,2
1,99.9971,199.9942,29,18,1
1,99.9971,199.9942,29,19,1
1,99.9971,199.9942,29,20,2
1,99.9971,199.9942,29,21,3
1,99.9971,199.9942,29,22,3
1,99.9971,199.9942,29,24,2
1,99.9971,199.9942,29,61,1
1,99.9971,199.9942,29,62,2
1,99.9971,199.9942,29,63,2
1,99.9971,199.9942,29,65,3
1,99.9971,199.9942,29,66,2
1,99.9971,199.9942,29,67,11
1,99.9971,199.9942,29,68,20
1,99.9971,199.9942,29,69,35
1,99.9971,199.9942,29,70,51
1,99.9971,199.9942,29,71,67
1,99.9971,199.9942,30,0,32
1,99.9971,199.9942,30,1,24
1,99.9971,199.9942,30,2,28
1,99.9971,199.9942,30,3,12
1,99.9971,199.9942,30,4,6
1,99.9971,199.9942,30,5,2
1,99.9971,199.9942,30,7,3
1,99.9971,199.9942,30,8,1
1,99.9971,199.9942,30,9,2
1,99.9971,199.9942,30,11,1
1,99.9971,199.9942,30,12,1
1,99.9971,199.9942,30,18,3
1,99.9971,199.9942,30,19,1
1,99.9971,199.9942,30,20,1
1,99.9971,199.9942,30,21,1
1,99.9971,199.9942,30,22,1
1,99.9971,199.9942,30,52,1
1,99.9971,199.9942,30,55,1
1,99.9971,199.9942,30,57,1
1,99.9971,199.9942,30,64,2
1,99.9971,199.9942,30,65,2
1,99.9971,199.9942,30,66,4
1,99.9971,199.9942,30,67,4
1,99.9971,199.9942,30,68,12
1,99.9971,199.9942,30,69,17
1,99.9971,199.9942,30,70,23
1,99.9971,199.9942,30,71,31
1,99.9971,199.9942,31,0,18
1,99.9971,199.9942,31,1,15
1,99.9971,199.9942,31,2,6
1,99.9971,199.9942,31,3,5
1,99.9971,199.9942,31,4,6
1,99.9971,199.9942,31,5,1
1,99.9971,199.9942,31,6,1
1,99.9971,199.9942,31,9,1
1,99.9971,199.9942,31,12,1
1,99.9971,199.9942,31,21,1
1,99.9971,199.9942,31,22,1
1,99.9971,199.9942,31,51,1
1,99.9971,199.9942,31,63,1
1,99.9971,199.9942,31,65,1
1,99.9971,199.9942,31,67,4
1,99.9971,199.9942,31,68,10
1,99.9971,199.9942,31,69,12
1,99.9971,199.9942,31,70,10
1,99.9971,199.9942,31,71,18
1,99.9971,199.9942,32,0,9
1,99.9971,199.9942,32,1,5
1,99.9971,199.9942,32,2,5
1,99.9971,199.9942,32,3,2
1,99.9971,199.9942,32,4,1
1,99.9971,199.9942,32,7,1
1,99.9971,199.9942,32,20,1
1,99.9971,199.9942,32,66,1
1,99.9971,199.9942,32,67,2
1,99.9971,199.9942,32,68,3
1,99.9971,199.9942,32,69,6
1,99.9971,199.9942,32,70,9
1,99.9971,199.9942,32,71,13
1,99.9971,199.9942,33,0,4
1,99.9971,199.9942,33,1,4
1,99.9971,199.9942,33,2,1
1,99.9971,199.9942,33,3,3
1,99.9971,199.9942,33,5,1
1,99.9971,199.9942,33,53,1
1,99.9971,199.9942,33,64,1
1,99.9971,199.9942,33,65,1
1,99.9971,199.9942,33,66,2
1,99.9971,199.9942,33,68,2
1,99.9971,199.9942,33,69,3
1,99.9971,199.9942,33,70,5
1,99.9971,199.9942,33,71,3
1,99.9971,199.9942,34,0,2
1,99.9971,199.9942,34,1,3
1,99.9971,199.9942,34,53,1
1,99.9971,199.9942,34,67,3
1,99.9971,199.9942,34,68,2
1,99.9971,199.9942,34,69,1
1,99.9971,199.9942,34,70,4
1,99.9971,199.9942,34,71,4
1,99.9971,199.9942,35,0,7
1,99.9971,199.9942,35,1,3
1,99.9971,199.9942,35,2,2
1,99.9971,199.9942,35,69,1
1,99.9971,199.9942,35,70,6
1,99.9971,199.9942,35,71,3
1,99.9971,199.9942,36,0,5
1,99.9971,199.9942,36,1,1
1,99.9971,199.9942,36,3,2
1,99.9971,199.9942,36,5,1
1,99.9971,199.9942,36,6,1
1,99.9971,199.9942,36,20,1
1,99.9971,199.9942,36,53,1
1,99.9971,199.9942,36,54,1
1,99.9971,199.9942,36,66,3
1,99.9971,199.9942,36,69,1
1,99.9971,199.9942,36,70,3
1,99.9971,199.9942,36,71,4
1,99.9971,199.9942,37,0,1
1,99.9971,199.9942,37,1,4
1,99.9971,199.9942,37,3,1
1,99.9971,199.9942,37,5,1
1,99.9971,199.9942,37,7,1
1,99.9971,199.9942,37,16,1
1,99.9971,199.9942,37,68,1
1,99.9971,199.9942,37,69,4
1,99.9971,199.9942,37,70,4
1,99.9971,199.9942,37,71,1
1,99.9971,199.9942,38,0,5
1,99.9971,199.9942,38,1,11
1,99.9971,199.9942,38,3,4
1,99.9971,199.9942,38,5,2
1,99.9971,199.9942,38,51,1
1,99.9971,199.9942,38,67,1
1,99.9971,199.9942,38,68,3
1,99.9971,199.9942,38,70,3
1,99.9971,199.9942,38,71,4
1,99.9971,199.9942,39,0,8
1,99.9971,199.9942,39,1,5
1,99.9971,199.9942,39,2,2
1,99.9971,199.9942,39,3,4
1,99.9971,199.9942,39,4,1
1,99.9971,199.9942,39,5,1
1,99.9971,199.9942,39,7,1
1,99.9971,199.9942,39,8,1
1,99.9971,199.9942,39,12,1
1,99.9971,199.9942,39,55,1
1,99.9971,199.9942,39,65,1
1,99.9971,199.9942,39,66,1
1,99.9971,199.9942,39,67,1
1,99.9971,199.9942,39,68,2
1,99.9971,199.9942,39,69,2
1,99.9971,199.9942,39,70,5
1,99.9971,199.9942,39,71,6
1,99.9971,199.9942,40,0,12
1,99.9971,199.9942,40,1,8
1,99.9971,199.9942,40,2,11
1,99.9971,199.9942,40,3,3
1,99.9971,199.9942,40,5,5
1,99.9971,199.9942,40,7,1
1,99.9971,199.9942,40,16,1
1,99.9971,199.9942,40,64,1
1,99.9971,199.9942,40,65,1
1,99.9971,199.9942,40,67,3
1,99.9971,199.9942,40,68,7
1,99.9971,199.9942,40,69,7
1,99.9971,199.9942,40,70,12
1,99.9971,199.9942,40,71,19
1,99.9971,199.9942,41,0,35
1,99.9971,199.9942,41,1,23
1,99.9971,199.9942,41,2,16
1,99.9971,199.9942,41,3,7
1,99.9971,199.9942,41,4,9
1,99.9971,199.9942,41,5,3
1,99.9971,199.9942,41,6,2
1,99.9971,199.9942,41,8,1
1,99.9971,199.9942,41,10,1
1,99.9971,199.9942,41,49,2
1,99.9971,199.9942,41,50,1
1,99.9971,199.9942,41,51,2
1,99.9971,199.9942,41,52,3
1,99.9971,199.9942,41,53,1
1,99.9971,199.9942,41,54,1
1,99.9971,199.9942,41,61,1
1,99.9971,199.9942,41,63,1
1,99.9971,199.9942,41,65,2
1,99.9971,199.9942,41,66,3
1,99.9971,199.9942,41,67,5
1,99.9971,199.9942,41,68,11
1,99.9971,199.9942,41,69,18
1,99.9971,199.9942,41,70,33
1,99.9971,199.9942,41,71,18
1,99.9971,199.9942,42,0,69
1,99.9971,199.9942,42,1,35
1,99.9971,199.9942,42,2,34
1,99.9971,199.9942,42,3,20
1,99.9971,199.9942,42,4,12
1,99.9971,199.9942,42,5,5
1,99.9971,199.9942,42,6,1
1,99.9971,199.9942,42,8,1
1,99.9971,199.9942,42,12,1
1,99.9971,199.9942,42,14,1
1,99.9971,199.9942,42,48,2
1,99.9971,199.9942,42,49,3
1,99.9971,199.9942,42,50,3
1,99.9971,199.9942,42,51,6
1,99.9971,199.9942,42,52,2
1,99.9971,199.9942,42,53,3
1,99.9971,199.9942,42,56,2
1,99.9971,199.9942,42,63,2
1,99.9971,199.9942,42,65,3
1,99.9971,199.9942,42,66,4
1,99.9971,199.9942,42,67,17
1,99.9971,199.9942,42,68,21
1,99.9971,199.9942,42,69,26
1,99.9971,199.9942,42,70,50
1,99.9971,199.9942,42,71,67
1,99.9971,199.9942,43,0,135
1,99.9971,199.9942,43,1,106
1,99.9971,199.9942,43,2,83
1,99.9971,199.9942,43,3,37
1,99.9971,199.9942,43,4,29
1,99.9971,199.9942,43,5,12
1,99.9971,199.9942,43,6,8
1,99.9971,199.9942,43,7,7
1,99.9971,199.9942,43,8,1
1,99.9971,199.9942,43,9,2
1,99.9971,199.9942,43,13,1
1,99.9971,199.9942,43,15,1
1,99.9971,199.9942,43,47,2
1,99.9971,199.9942,43,48,11
1,99.9971,199.9942,43,49,8
1,99.9971,199.9942,43,50,13
1,99.9971,199.9942,43,51,14
1,99.9971,199.9942,43,52,5
1,99.9971,199.9942,43,53,4
1,99.9971,199.9942,43,54,3
1,99.9971,199.9942,43,55,3
1,99.9971,199.9942,43,57,1
1,99.9971,199.9942,43,58,1
1,99.9971,199.9942,43,61,1
1,99.9971,199.9942,43,64,1
1,99.9971,199.9942,43,65,2
1,99.9971,199.9942,43,66,15
1,99.9971,199.9942,43,67,36
1,99.9971,199.9942,43,68,57
1,99.9971,199.9942,43,69,77
1,99.9971,199.9942,43,70,117
1,99.9971,199.9942,43,71,127
1,99.9971,199.9942,44,0,278
1,99.9971,199.9942,44,1,231
1,99.9971,199.9942,44,2,143
1,99.9971,199.9942,44,3,87
1,99.9971,199.9942,44,4,36
1,99.9971,199.9942,44,5,29
1,99.9971,199.9942,44,6,8
1,99.9971,199.9942,44,7,2
1,99.9971,199.9942,44,8,1
1,99.9971,199.9942,44,9,5
1,99.9971,199.9942,44,11,1
1,99.9971,199.9942,44,14,1
1,99.9971,199.9942,44,17,1
1,99.9971,199.9942,44,19,1
1,99.9971,199.9942,44,46,1
1,99.9971,199.9942,44,47,11
1,99.9971,199.9942,44,48,18
1,99.9971,199.9942,44,49,30
1,99.9971,199.9942,44,50,14
1,99.9971,199.9942,44,51,33
1,99.9971,199.9942,44,52,13
1,99.9971,199.9942,44,53,12
1,99.9971,199.9942,44,54,6
1,99.9971,199.9942,44,55,6
1,99.9971,199.9942,44,57,1
1,99.9971,199.9942,44,59,3
1,99.9971,199.9942,44,60,1
1,99.9971,199.9942,44,62,3
1,99.9971,199.9942,44,63,3
1,99.9971,199.9942,44,64,8
1,99.9971,199.9942,44,65,14
1,99.9971,199.9942,44,66,22
1,99.9971,199.9942,44,67,51
1,99.9971,199.9942,44,68,109
1,99.9971,199.9942,44,69,164
1,99.9971,199.9942,44,70,257
1,99.9971,199.9942,44,71,276
1,99.9971,199.9942,45,0,499
1,99.9971,199.9942,45,1,404
1,99.9971,199.9942,45,2,281
1,99.9971,199.9942,45,3,182
1,99.9971,199.9942,45,4,88
1,99.9971,199.9942,45,5,40
1,99.9971,199.9942,45,6,25
1,99.9971,199.9942,45,7,8
1,99.9971,199.9942,45,8,6
1,99.9971,199.9942,45,9,3
1,99.9971,199.9942,45,11,3
1,99.9971,199.9942,45,12,1
1,99.9971,199.9942,45,14,2
1,99.9971,199.9942,45,16,1
1,99.9971,199.9942,45,17,2
1,99.9971,199.9942,45,43,2
1,99.9971,199.9942,45,45,5
1,99.9971,199.9942,45,46,9
1,99.9971,199.9942,45,47,38
1,99.9971,199.9942,45,48,42
1,99.9971,199.9942,45,49,82
1,99.9971,199.9942,45,50,64
1,99.9971,199.9942,45,51,56
1,99.9971,199.9942,45,52,34
1,99.9971,199.9942,45,53,28
1,99.9971,199.9942,45,54,12
1,99.9971,199.9942,45,55,5
1,99.9971,199.9942,45,56,7
1,99.9971,199.9942,45,57,7
1,99.9971,199.9942,45,58,5
1,99.9971,199.9942,45,59,2
1,99.9971,199.9942,45,62,2
1,99.9971,199.9942,45,63,8
1,99.9971,199.9942,45,64,13
1,99.9971,199.9942,45,65,20
1,99.9971,199.9942,45,66,48
1,99.9971,199.9942,45,67,99
1,99.9971,199.9942,45,68,183
1,99.9971,199.9942,45,69,289
1,99.9971,199.9942,45,70,412
1,99.9971,199.9942,45,71,499
1,99.9971,199.9942,46,0,846
1,99.9971,199.9942,46,1,684
1,99.9971,199.9942,46,2,448
1,99.9971,199.9942,46,3,280
1,99.9971,199.9942,46,4,139
1,99.9971,199.9942,46,5,69
1,99.9971,199.9942,46,6,33
1,99.9971,199.9942,46,7,10
1,99.9971,199.9942,46,8,9
1,99.9971,199.9942,46,9,5
1,99.9971,199.9942,46,10,1
1,99.9971,199.9942,46,11,2
1,99.9971,199.9942,46,13,2
1,99.9971,199.9942,46,15,3
1,99.9971,199.9942,46,16,3
1,99.9971,199.9942,46,17,2
1,99.9971,199.9942,46,18,3
1,99.9971,199.9942,46,19,1
1,99.9971,199.9942,46,43,2
1,99.9971,199.9942,46,44,5
1,99.9971,199.9942,46,45,15
1,99.9971,199.9942,46,46,29
1,99.9971,199.9942,46,47,71
1,99.9971,199.9942,46,48,105
1,99.9971,199.9942,46,49,142
1,99.9971,199.9942,46,50,132
1,99.9971,199.9942,46,51,89
1,99.9971,199.9942,46,52,56
1,99.9971,199.9942,46,53,39
1,99.9971,199.9942,46,54,24
1,99.9971,199.9942,46,55,19
1,99.9971,199.9942,46,56,8
1,99.9971,199.9942,46,57,4
1,99.9971,199.9942,46,58,3
1,99.9971,199.9942,46,59,1
1,99.9971,199.9942,46,60,1
1,99.9971,199.9942,46,61,3
1,99.9971,199.9942,46,62,4
1,99.9971,199.9942,46,63,12
1,99.9971,199.9942,46,64,22
1,99.9971,199.9942,46,65,32
1,99.9971,199.9942,46,66,79
1,99.9971,199.9942,46,67,106
1,99.9971,199.9942,46,68,302
1,99.9971,199.9942,46,69,441
1,99.9971,199.9942,46,70,667
1,99.9971,199.9942,46,71,807
1,99.9971,199.9942,47,0,1044
1,99.9971,199.9942,47,1,861
1,99.9971,199.9942,47,2,598
1,99.9971,199.9942,47,3,385
1,99.9971,199.9942,47,4,202
1,99.9971,199.9942,47,5,89
1,99.9971,199.9942,47,6,36
1,99.9971,199.9942,47,7,23
1,99.9971,199.9942,47,8,11
1,99.9971,199.9942,47,9,5
1,99.9971,199.9942,47,10,3
1,99.9971,199.9942,47,11,1
1,99.9971,199.9942,47,12,3
1,99.9971,199.9942,47,13,3
1,99.9971,199.9942,47,14,3
1,99.9971,199.9942,47,15,1
1,99.9971,199.9942,47,16,4
1,99.9971,199.9942,47,17,4
1,99.9971,199.9942,47,19,4
1,99.9971,199.9942,47,20,1
1,99.9971,199.9942,47,42,1
1,99.9971,199.9942,47,43,3
1,99.9971,199.9942,47,44,5
1,99.9971,199.9942,47,45,23
1,99.9971,199.9942,47,46,82
1,99.9971,199.9942,47,47,145
1,99.9971,199.9942,47,48,169
1,99.9971,199.9942,47,49,198
1,99.9971,199.9942,47,50,179
1,99.9971,199.9942,47,51,111
1,99.9971,199.9942,47,52,92
1,99.9971,199.9942,47,53,53
1,99.9971,199.9942,47,54,26
1,99.9971,199.9942,47,55,13
1,99.9971,199.9942,47,56,6
1,99.9971,199.9942,47,57,7
1,99.9971,199.9942,47,58,5
1,99.9971,199.9942,47,59,2
1,99.9971,199.9942,47,60,2
1,99.9971,199.9942,47,61,3
1,99.9971,199.9942,47,62,11
1,99.9971,199.9942,47,63,9
1,99.9971,199.9942,47,64,25
1,99.9971,199.9942,47,65,40
1,99.9971,199.9942,47,66,93
1,99.9971,199.9942,47,67,204
1,99.9971,199.9942,47,68,390
1,99.9971,199.9942,47,69,609
1,99.9971,199.9942,47,70,876
1,99.9971,199.9942,47,71,1063
1,99.9971,199.9942,48,0,1148
1,99.9971,199.9942,48,1,982
1,99.9971,199.9942,48,2,634
1,99.9971,199.9942,48,3,433
1,99.9971,199.9942,48,4,217
1,99.9971,199.9942,48,5,106
1,99.9971,199.9942,48,6,43
1,99.9971,199.9942,48,7,23
1,99.9971,199.9942,48,8,10
1,99.9971,199.9942,48,9,8
1,99.9971,199.9942,48,10,5
1,99.9971,199.9942,48,11,2
1,99.9971,199.9942,48,12,2
1,99.9971,199.9942,48,13,1
1,99.9971,199.9942,48,14,2
1,99.9971,199.9942,48,15,1
1,99.9971,199.9942,48,16,4
1,99.9971,199.9942,48,17,5
1,99.9971,199.9942,48,18,7
1,99.9971,199.9942,48,20,3
1,99.9971,199.9942,48,21,1
1,99.9971,199.9942,48,22,2
1,99.9971,199.9942,48,42,1
1,99.9971,199.9942,48,43,8
1,99.9971,199.9942,48,44,20
1,99.9971,199.9942,48,45,53
1,99.9971,199.9942,48,46,113
1,99.9971,199.9942,48,47,173
1,99.9971,199.9942,48,48,226
1,99.9971,199.9942,48,49,248
1,99.9971,199.9942,48,50,202
1,99.9971,199.9942,48,51,149
1,99.9971,199.9942,48,52,98
1,99.9971,199.9942,48,53,45
1,99.9971,199.9942,48,54,36
1,99.9971,199.9942,48,55,13
1,99.9971,199.9942,48,56,9
1,99.9971,199.9942,48,57,7
1,99.9971,199.9942,48,58,6
1,99.9971,199.9942,48,59,2
1,99.9971,199.9942,48,60,1
1,99.9971,199.9942,48,61,3
1,99.9971,199.9942,48,62,7
1,99.9971,199.9942,48,63,7
1,99.9971,199.9942,48,64,12
1,99.9971,199.9942,48,65,58
1,99.9971,199.9942,48,66,80
1,99.9971,199.9942,48,67,239
1,99.9971,199.9942,48,68,436
1,99.9971,199.9942,48,69,632
1,99.9971,199.9942,48,70,1012
1,99.9971,199.9942,48,71,1145
1,99.9971,199.9942,49,0,1099
1,99.9971,199.9942,49,1,849
1,99.9971,199.9942,49,2,622
1,99.9971,199.9942,49,3,369
1,99.9971,199.9942,49,4,194
1,99.9971,199.9942,49,5,109
1,99.9971,199.9942,49,6,34
1,99.9971,199.9942,49,7,24
1,99.9971,199.9942,49,8,12
1,99.9971,199.9942,49,9,7
1,99.9971,199.9942,49,10,3
1,99.9971,199.9942,49,11,2
1,99.9971,199.9942,49,12,1
1,99.9971,199.9942,49,14,4
1,99.9971,199.9942,49,15,3
1,99.9971,199.9942,49,16,4
1,99.9971,199.9942,49,17,5
1,99.9971,199.9942,49,18,5
1,99.9971,199.9942,49,19,1
1,99.9971,199.9942,49,20,7
1,99.9971,199.9942,49,21,3
1,99.9971,199.9942,49,22,2
1,99.9971,199.9942,49,23,1
1,99.9971,199.9942,49,41,1
1,99.9971,199.9942,49,42,6
1,99.9971,199.9942,49,43,8
1,99.9971,199.9942,49,44,38
1,99.9971,199.9942,49,45,83
1,99.9971,199.9942,49,46,138
1,99.9971,199.9942,49,47,207
1,99.9971,199.9942,49,48,240
1,99.9971,199.9942,49,49,245
1,99.9971,199.9942,49,50,181
1,99.9971,199.9942,49,51,164
1,99.9971,199.9942,49,52,84
1,99.9971,199.9942,49,53,45
1,99.9971,199.9942,49,54,37
1,99.9971,199.9942,49,55,14
1,99.9971,199.9942,49,56,9
1,99.9971,199.9942,49,57,8
1,99.9971,199.9942,49,58,6
1,99.9971,199.9942,49,59,3
1,99.9971,199.9942,49,60,6
1,99.9971,199.9942,49,61,2
1,99.9971,199.9942,49,62,10
1,99.9971,199.9942,49,63,15
1,99.9971,199.9942,49,64,39
1,99.9971,199.9942,49,65,40
1,99.9971,199.9942,49,66,107
1,99.9971,199.9942,49,67,187
1,99.9971,199.9942,49,68,369
1,99.9971,199.9942,49,69,660
1,99.9971,199.9942,49,70,898
1,99.9971,199.9942,49,71,1100
1,99.9971,199.9942,50,0,870
1,99.9971,199.9942,50,1,728
1,99.9971,199.9942,50,2,523
1,99.9971,199.9942,50,3,281
1,99.9971,199.9942,50,4,153
1,99.9971,199.9942,50,5,83
1,99.9971,199.9942,50,6,36
1,99.9971,199.9942,50,7,20
1,99.9971,199.9942,50,8,6
1,99.9971,199.9942,50,9,4
1,99.9971,199.9942,50,10,4
1,99.9971,199.9942,50,11,4
1,99.9971,199.9942,50,12,2
1,99.9971,199.9942,50,13,3
1,99.9971,199.9942,50,14,4
1,99.9971,199.9942,50,15,6
1,99.9971,199.9942,50,16,1
1,99.9971,199.9942,50,17,10
1,99.9971,199.9942,50,18,5
1,99.9971,199.9942,50,19,16
1,99.9971,199.9942,50,20,4
1,99.9971,199.9942,50,21,6
1,99.9971,199.9942,50,22,4
1,99.9971,199.9942,50,41,2
1,99.9971,199.9942,50,42,2
1,99.9971,199.9942,50,43,9
1,99.9971,199.9942,50,44,22
1,99.9971,199.9942,50,45,69
1,99.9971,199.9942,50,46,126
1,99.9971,199.9942,50,47,165
1,99.9971,199.9942,50,48,203
1,99.9971,199.9942,50,49,206
1,99.9971,199.9942,50,50,178
1,99.9971,199.9942,50,51,104
1,99.9971,199.9942,50,52,58
1,99.9971,199.9942,50,53,24
1,99.9971,199.9942,50,54,17
1,99.9971,199.9942,50,55,15
1,99.9971,199.9942,50,56,5
1,99.9971,199.9942,50,57,2
1,99.9971,199.9942,50,58,1
1,99.9971,199.9942,50,59,2
1,99.9971,199.9942,50,60,3
1,99.9971,199.9942,50,61,2
1,99.9971,199.9942,50,62,8
1,99.9971,199.9942,50,63,14
1,99.9971,199.9942,50,64,18
1,99.9971,199.9942,50,65,32
1,99.9971,199.9942,50,66,53
1,99.9971,199.9942,50,67,163
1,99.9971,199.9942,50,68,294
1,99.9971,199.9942,50,69,511
1,99.9971,199.9942,50,70,693
1,99.9971,199.9942,50,71,869
1,99.9971,199.9942,51,0,544
1,99.9971,199.9942,51,1,516
1,99.9971,199.9942,51,2,342
1,99.9971,199.9942,51,3,203
1,99.9971,199.9942,51,4,113
1,99.9971,199.9942,51,5,49
1,99.9971,199.9942,51,6,23
1,99.9971,199.9942,51,7,12
1,99.9971,199.9942,51,8,10
1,99.9971,199.9942,51,9,3
1,99.9971,199.9942,51,10,2
1,99.9971,199.9942,51,11,3
1,99.9971,199.9942,51,13,1
1,99.9971,199.9942,51,14,5
1,99.9971,199.9942,51,15,1
1,99.9971,199.9942,51,16,6
1,99.9971,199.9942,51,17,8
1,99.9971,199.9942,51,18,10
1,99.9971,199.9942,51,19,11
1,99.9971,199.9942,51,20,7
1,99.9971,199.9942,51,21,14
1,99.9971,199.9942,51,22,4
1,99.9971,199.9942,51,23,4
1,99.9971,199.9942,51,24,1
1,99.9971,199.9942,51,29,1
1,99.9971,199.9942,51,41,1
1,99.9971,199.9942,51,42,3
1,99.9971,199.9942,51,43,12
1,99.9971,199.9942,51,44,25
1,99.9971,199.9942,51,45,54
1,99.9971,199.9942,51,46,91
1,99.9971,199.9942,51,47,116
1,99.9971,199.9942,51,48,153
1,99.9971,199.9942,51,49,143
1,99.9971,199.9942,51,50,126
1,99.9971,199.9942,51,51,89
1,99.9971,199.9942,51,52,49
1,99.9971,199.9942,51,53,22
1,99.9971,199.9942,51,54,13
1,99.9971,199.9942,51,55,9
1,99.9971,199.9942,51,56,7
1,99.9971,199.9942,51,57,4
1,99.9971,199.9942,51,58,1
1,99.9971,199.9942,51,59,3
1,99.9971,199.9942,51,60,2
1,99.9971,199.9942,51,61,2
1,99.9971,199.9942,51,62,2
1,99.9971,199.9942,51,63,4
1,99.9971,199.9942,51,64,12
1,99.9971,199.9942,51,65,12
1,99.9971,199.9942,51,66,48
1,99.9971,199.9942,51,67,105
1,99.9971,199.9942,51,68,222
1,99.9971,199.9942,51,69,360
1,99.9971,199.9942,51,70,480
1,99.9971,199.9942,51,71,559
1,99.9971,199.9942,52,0,350
1,99.9971,199.9942,52,1,285
1,99.9971,199.9942,52,2,183
1,99.9971,199.9942,52,3,127
1,99.9971,199.9942,52,4,62
1,99.9971,199.9942,52,5,33
1,99.9971,199.9942,52,6,12
1,99.9971,199.9942,52,7,6
1,99.9971,199.9942,52,8,1
1,99.9971,199.9942,52,9,1
1,99.9971,199.9942,52,11,1
1,99.9971,199.9942,52,12,1
1,99.9971,199.9942,52,13,2
1,99.9971,199.9942,52,14,2
1,99.9971,199.9942,52,15,2
1,99.9971,199.9942,52,16,3
1,99.9971,199.9942,52,18,7
1,99.9971,199.9942,52,19,7
1,99.9971,199.9942,52,20,8
1,99.9971,199.9942,52,21,15
1,99.9971,199.9942,52,22,8
1,99.9971,199.9942,52,23,5
1,99.9971,199.9942,52,26,1
1,99.9971,199.9942,52,43,12
1,99.9971,199.9942,52,44,17
1,99.9971,199.9942,52,45,38
1,99.9971,199.9942,52,46,63
1,99.9971,199.9942,52,47,86
1,99.9971,199.9942,52,48,96
1,99.9971,199.9942,52,49,92
1,99.9971,199.9942,52,50,85
1,99.9971,199.9942,52,51,39
1,99.9971,199.9942,52,52,25
1,99.9971,199.9942,52,53,19
1,99.9971,199.9942,52,54,12
1,99.9971,199.9942,52,55,4
1,99.9971,199.9942,52,56,1
1,99.9971,199.9942,52,58,1
1,99.9971,199.9942,52,59,1
1,99.9971,199.9942,52,60,2
1,99.9971,199.9942,52,62,3
1,99.9971,199.9942,52,63,3
1,99.9971,199.9942,52,64,3
1,99.9971,199.9942,52,65,15
1,99.9971,199.9942,52,66,35
1,99.9971,199.9942,52,67,55
1,99.9971,199.9942,52,68,124
1,99.9971,199.9942,52,69,228
1,99.9971,199.9942,52,70,290
1,99.9971,199.9942,52,71,366
1,99.9971,199.9942,53,0,183
1,99.9971,199.9942,53,1,169
1,99.9971,199.9942,53,2,91
1,99.9971,199.9942,53,3,75
1,99.9971,199.9942,53,4,30
1,99.9971,199.9942,53,5,13
1,99.9971,199.9942,53,6,9
1,99.9971,199.9942,53,7,3
1,99.9971,199.9942,53,8,1
1,99.9971,199.9942,53,9,3
1,99.9971,199.9942,53,10,1
1,99.9971,199.9942,53,15,4
1,99.9971,199.9942,53,16,1
1,99.9971,199.9942,53,17,3
1,99.9971,199.9942,53,18,3
1,99.9971,199.9942,53,19,10
1,99.9971,199.9942,53,20,9
1,99.9971,199.9942,53,21,7
1,99.9971,199.9942,53,22,5
1,99.9971,199.9942,53,23,9
1,99.9971,199.9942,53,24,3
1,99.9971,199.9942,53,25,3
1,99.9971,199.9942,53,26,3
1,99.9971,199.9942,53,42,2
1,99.9971,199.9942,53,43,3
1,99.9971,199.9942,53,44,11
1,99.9971,199.9942,53,45,34
1,99.9971,199.9942,53,46,26
1,99.9971,199.9942,53,47,43
1,99.9971,199.9942,53,48,64
1,99.9971,199.9942,53,49,56
1,99.9971,199.9942,53,50,39
1,99.9971,199.9942,53,51,29
1,99.9971,199.9942,53,52,17
1,99.9971,199.9942,53,53,8
1,99.9971,199.9942,53,54,7
1,99.9971,199.9942,53,55,4
1,99.9971,199.9942,53,56,2
1,99.9971,199.9942,53,58,1
1,99.9971,199.9942,53,61,2
1,99.9971,199.9942,53,62,2
1,99.9971,199.9942,53,63,1
1,99.9971,199.9942,53,64,8
1,99.9971,199.9942,53,65,12
1,99.9971,199.9942,53,66,16
1,99.9971,199.9942,53,67,36
1,99.9971,199.9942,53,68,60
1,99.9971,199.9942,53,69,116
1,99.9971,199.9942,53,70,155
1,99.9971,199.9942,53,71,208
1,99.9971,199.9942,54,0,118
1,99.9971,199.9942,54,1,92
1,99.9971,199.9942,54,2,67
1,99.9971,199.9942,54,3,30
1,99.9971,199.9942,54,4,21
1,99.9971,199.9942,54,5,4
1,99.9971,199.9942,54,6,4
1,99.9971,199.9942,54,7,1
1,99.9971,199.9942,54,14,1
1,99.9971,199.9942,54,16,2
1,99.9971,199.9942,54,17,1
1,99.9971,199.9942,54,18,3
1,99.9971,199.9942,54,19,5
1,99.9971,199.9942,54,20,9
1,99.9971,199.9942,54,21,4
1,99.9971,199.9942,54,22,8
1,99.9971,199.9942,54,23,2
1,99.9971,199.9942,54,24,2
1,99.9971,199.9942,54,26,1
1,99.9971,199.9942,54,42,2
1,99.9971,199.9942,54,43,3
1,99.9971,199.9942,54,44,10
1,99.9971,199.9942,54,45,14
1,99.9971,199.9942,54,46,14
1,99.9971,199.9942,54,47,23
1,99.9971,199.9942,54,48,27
1,99.9971,199.9942,54,49,28
1,99.9971,199.9942,54,50,31
1,99.9971,199.9942,54,51,23
1,99.9971,199.9942,54,52,11
1,99.9971,199.9942,54,53,7
1,99.9971,199.9942,54,54,4
1,99.9971,199.9942,54,55,1
1,99.9971,199.9942,54,56,1
1,99.9971,199.9942,54,62,1
1,99.9971,199.9942,54,63,2
1,99.9971,199.9942,54,64,3
1,99.9971,199.9942,54,65,3
1,99.9971,199.9942,54,66,15
1,99.9971,199.9942,54,67,19
1,99.9971,199.9942,54,68,47
1,99.9971,199.9942,54,69,63
1,99.9971,199.9942,54,70,86
1,99.9971,199.9942,54,71,116
1,99.9971,199.9942,55,0,56
1,99.9971,199.9942,55,1,44
1,99.9971,199.9942,55,2,19
1,99.9971,199.9942,55,3,16
1,99.9971,199.9942,55,4,6
1,99.9971,199.9942,55,5,6
1,99.9971,199.9942,55,7,1
1,99.9971,199.9942,55,12,1
1,99.9971,199.9942,55,18,2
1,99.9971,199.9942,55,19,3
1,99.9971,199.9942,55,20,4
1,99.9971,199.9942,55,21,5
1,99.9971,199.9942,55,22,6
1,99.9971,199.9942,55,23,3
1,99.9971,199.9942,55,24,2
1,99.9971,199.9942,55,26,1
1,99.9971,199.9942,55,27,1
1,99.9971,199.9942,55,28,1
1,99.9971,199.9942,55,29,1
1,99.9971,199.9942,55,42,1
1,99.9971,199.9942,55,43,3
1,99.9971,199.9942,55,44,7
1,99.9971,199.9942,55,45,11
1,99.9971,199.9942,55,46,7
1,99.9971,199.9942,55,47,17
1,99.9971,199.9942,55,48,25
1,99.9971,199.9942,55,49,20
1,99.9971,199.9942,55,50,11
1,99.9971,199.9942,55,51,3
1,99.9971,199.9942,55,52,7
1,99.9971,199.9942,55,53,3
1,99.9971,199.9942,55,54,2
1,99.9971,199.9942,55,55,2
1,99.9971,199.9942,55,63,1
1,99.9971,199.9942,55,65,5
1,99.9971,199.9942,55,66,7
1,99.9971,199.9942,55,67,9
1,99.9971,199.9942,55,68,14
1,99.9971,199.9942,55,69,38
1,99.9971,199.9942,55,70,46
1,99.9971,199.9942,55,71,65
1,99.9971,199.9942,56,0,35
1,99.9971,199.9942,56,1,30
1,99.9971,199.9942,56,2,22
1,99.9971,199.9942,56,3,16
1,99.9971,199.9942,56,4,10
1,99.9971,199.9942,56,5,6
1,99.9971,199.9942,56,8,2
1,99.9971,199.9942,56,15,1
1,99.9971,199.9942,56,16,1
1,99.9971,199.9942,56,17,1
1,99.9971,199.9942,56,18,1
1,99.9971,199.9942,56,19,1
1,99.9971,199.9942,56,20,4
1,99.9971,199.9942,56,21,3
1,99.9971,199.9942,56,22,6
1,99.9971,199.9942,56,23,1
1,99.9971,199.9942,56,24,4
1,99.9971,199.9942,56,25,5
1,99.9971,199.9942,56,26,1
1,99.9971,199.9942,56,27,1
1,99.9971,199.9942,56,29,1
1,99.9971,199.9942,56,42,1
1,99.9971,199.9942,56,43,1
1,99.9971,199.9942,56,44,1
1,99.9971,199.9942,56,45,7
1,99.9971,199.9942,56,46,5
1,99.9971,199.9942,56,47,6
1,99.9971,199.9942,56,48,9
1,99.9971,199.9942,56,49,11
1,99.9971,199.9942,56,50,10
1,99.9971,199.9942,56,51,6
1,99.9971,199.9942,56,53,2
1,99.9971,199.9942,56,58,1
1,99.9971,199.9942,56,62,1
1,99.9971,199.9942,56,64,1
1,99.9971,199.9942,56,66,2
1,99.9971,199.9942,56,67,4
1,99.9971,199.9942,56,68,11
1,99.9971,199.9942,56,69,18
1,99.9971,199.9942,56,70,29
1,99.9971,199.9942,56,71,28
1,99.9971,199.9942,57,0,16
1,99.9971,199.9942,57,1,9
1,99.9971,199.9942,57,2,11
1,99.9971,199.9942,57,3,8
1,99.9971,199.9942,57,4,4
1,99.9971,199.9942,57,5,1
1,99.9971,199.9942,57,6,1
1,99.9971,199.9942,57,8,1
1,99.9971,199.9942,57,11,1
1,99.9971,199.9942,57,18,1
1,99.9971,199.9942,57,19,1
1,99.9971,199.9942,57,21,2
1,99.9971,199.9942,57,22,5
1,99.9971,199.9942,57,23,4
1,99.9971,199.9942,57,24,3
1,99.9971,199.9942,57,25,2
1,99.9971,199.9942,57,42,1
1,99.9971,199.9942,57,45,1
1,99.9971,199.9942,57,46,3
1,99.9971,199.9942,57,47,4
1,99.9971,199.9942,57,48,11
1,99.9971,199.9942,57,49,6
1,99.9971,199.9942,57,50,3
1,99.9971,199.9942,57,51,1
1,99.9971,199.9942,57,52,2
1,99.9971,199.9942,57,53,2
1,99.9971,199.9942,57,54,1
1,99.9971,199.9942,57,55,2
1,99.9971,199.9942,57,57,1
1,99.9971,199.9942,57,65,1
1,99.9971,199.9942,57,66,1
1,99.9971,199.9942,57,67,3
1,99.9971,199.9942,57,68,10
1,99.9971,199.9942,57,69,20
1,99.9971,199.9942,57,70,16
1,99.9971,199.9942,57,71,23
1,99.9971,199.9942,58,0,19
1,99.9971,199.9942,58,1,19
1,99.9971,199.9942,58,2,7
1,99.9971,199.9942,58,3,6
1,99.9971,199.9942,58,4,4
1,99.9971,199.9942,58,17,1
1,99.9971,199.9942,58,18,1
1,99.9971,199.9942,58,19,2
1,99.9971,199.9942,58,20,3
1,99.9971,199.9942,58,21,4
1,99.9971,199.9942,58,23,4
1,99.9971,199.9942,58,24,3
1,99.9971,199.9942,58,25,3
1,99.9971,199.9942,58,26,2
1,99.9971,199.9942,58,27,2
1,99.9971,199.9942,58,44,1
1,99.9971,199.9942,58,45,1
1,99.9971,199.9942,58,46,4
1,99.9971,199.9942,58,47,1
1,99.9971,199.9942,58,48,4
1,99.9971,199.9942,58,49,4
1,99.9971,199.9942,58,50,5
1,99.9971,199.9942,58,51,2
1,99.9971,199.9942,58,52,3
1,99.9971,199.9942,58,57,1
1,99.9971,199.9942,58,63,1
1,99.9971,199.9942,58,66,2
1,99.9971,199.9942,58,67,7
1,99.9971,199.9942,58,68,6
1,99.9971,199.9942,58,69,11
1,99.9971,199.9942,58,70,11
1,99.9971,199.9942,58,71,15
1,99.9971,199.9942,59,0,12
1,99.9971,199.9942,59,1,12
1,99.9971,199.9942,59,2,10
1,99.9971,199.9942,59,3,6
1,99.9971,199.9942,59,4,4
1,99.9971,199.9942,59,5,2
1,99.9971,199.9942,59,6,3
1,99.9971,199.9942,59,7,1
1,99.9971,199.9942,59,16,1
1,99.9971,199.9942,59,18,1
1,99.9971,199.9942,59,21,5
1,99.9971,199.9942,59,22,2
1,99.9971,199.9942,59,23,5
1,99.9971,199.9942,59,24,3
1,99.9971,199.9942,59,26,1
1,99.9971,199.9942,59,38,1
1,99.9971,199.9942,59,39,1
1,99.9971,199.9942,59,42,1
1,99.9971,199.9942,59,44,4
1,99.9971,199.9942,59,45,3
1,99.9971,199.9942,59,46,6
1,99.9971,199.9942,59,47,5
1,99.9971,199.9942,59,48,5
1,99.9971,199.9942,59,49,4
1,99.9971,199.9942,59,50,4
1,99.9971,199.9942,59,51,2
1,99.9971,199.9942,59,53,1
1,99.9971,199.9942,59,66,2
1,99.9971,199.9942,59,67,1
1,99.9971,199.9942,59,68,6
1,99.9971,199.9942,59,69,8
1,99.9971,199.9942,59,70,9
1,99.9971,199.9942,59,71,18
1,99.9971,199.9942,60,0,14
1,99.9971,199.9942,60,1,12
1,99.9971,199.9942,60,2,13
1,99.9971,199.9942,60,3,4
1,99.9971,199.9942,60,4,4
1,99.9971,199.9942,60,5,1
1,99.9971,199.9942,60,6,1
1,99.9971,199.9942,60,8,1
1,99.9971,199.9942,60,14,1
1,99.9971,199.9942,60,16,1
1,99.9971,199.9942,60,19,2
1,99.9971,199.9942,60,20,4
1,99.9971,199.9942,60,21,4
1,99.9971,199.9942,60,22,3
1,99.9971,199.9942,60,24,1
1,99.9971,199.9942,60,25,1
1,99.9971,199.9942,60,26,1
1,99.9971,199.9942,60,29,1
1,99.9971,199.9942,60,43,2
1,99.9971,199.9942,60,44,1
1,99.9971,199.9942,60,45,3
1,99.9971,199.9942,60,46,5
1,99.9971,199.9942,60,47,2
1,99.9971,199.9942,60,48,3
1,99.9971,199.9942,60,49,2
1,99.9971,199.9942,60,50,1
1,99.9971,199.9942,60,52,2
1,99.9971,199.9942,60,53,1
1,99.9971,199.9942,60,54,1
1,99.9971,199.9942,60,67,5
1,99.9971,199.9942,60,68,4
1,99.9971,199.9942,60,69,11
1,99.9971,199.9942,60,70,15
1,99.9971,199.9942,60,71,19
1,99.9971,199.9942,61,0,18
1,99.9971,199.9942,61,1,18
1,99.9971,199.9942,61,2,11
1,99.9971,199.9942,61,3,10
1,99.9971,199.9942,61,4,1
1,99.9971,199.9942,61,6,1
1,99.9971,199.9942,61,7,1
1,99.9971,199.9942,61,17,1
1,99.9971,199.9942,61,18,2
1,99.9971,199.9942,61,19,2
1,99.9971,199.9942,61,20,2
1,99.9971,199.9942,61,21,4
1,99.9971,199.9942,61,22,6
1,99.9971,199.9942,61,23,5
1,99.9971,199.9942,61,24,5
1,99.9971,199.9942,61,25,4
1,99.9971,199.9942,61,26,2
1,99.9971,199.9942,61,27,1
1,99.9971,199.9942,61,44,1
1,99.9971,199.9942,61,45,2
1,99.9971,199.9942,61,46,5
1,99.9971,199.9942,61,47,6
1,99.9971,199.9942,61,48,3
1,99.9971,199.9942,61,49,7
1,99.9971,199.9942,61,50,5
1,99.9971,199.9942,61,51,3
1,99.9971,199.9942,61,52,3
1,99.9971,199.9942,61,53,1
1,99.9971,199.9942,61,54,1
1,99.9971,199.9942,61,56,1
1,99.9971,199.9942,61,65,1
1,99.9971,199.9942,61,66,2
1,99.9971,199.9942,61,68,9
1,99.9971,199.9942,61,69,9
1,99.9971,199.9942,61,70,19
1,99.9971,199.9942,61,71,20
1,99.9971,199.9942,62,0,34
1,99.9971,199.9942,62,1,26
1,99.9971,199.9942,62,2,21
1,99.9971,199.9942,62,3,8
1,99.9971,199.9942,62,4,6
1,99.9971,199.9942,62,6,2
1,99.9971,199.9942,62,7,2
1,99.9971,199.9942,62,15,1
1,99.9971,199.9942,62,19,1
1,99.9971,199.9942,62,20,6
1,99.9971,199.9942,62,21,7
1,99.9971,199.9942,62,22,7
1,99.9971,199.9942,62,23,8
1,99.9971,199.9942,62,24,10
1,99.9971,199.9942,62,25,7
1,99.9971,199.9942,62,26,4
1,99.9971,199.9942,62,27,1
1,99.9971,199.9942,62,28,1
1,99.9971,199.9942,62,41,1
1,99.9971,199.9942,62,42,1
1,99.9971,199.9942,62,43,1
1,99.9971,199.9942,62,44,2
1,99.9971,199.9942,62,45,2
1,99.9971,199.9942,62,46,5
1,99.9971,199.9942,62,47,8
1,99.9971,199.9942,62,48,6
1,99.9971,199.9942,62,49,8
1,99.9971,199.9942,62,50,9
1,99.9971,199.9942,62,51,5
1,99.9971,199.9942,62,52,3
1,99.9971,199.9942,62,54,2
1,99.9971,199.9942,62,62,1
1,99.9971,199.9942,62,65,2
1,99.9971,199.9942,62,66,5
1,99.9971,199.9942,62,67,4
1,99.9971,199.9942,62,68,14
1,99.9971,199.9942,62,69,19
1,99.9971,199.9942,62,70,28
1,99.9971,199.9942,62,71,31
1,99.9971,199.9942,63,0,49
1,99.9971,199.9942,63,1,46
1,99.9971,199.9942,63,2,33
1,99.9971,199.9942,63,3,19
1,99.9971,199.9942,63,4,13
1,99.9971,199.9942,63,5,5
1,99.9971,199.9942,63,6,2
1,99.9971,199.9942,63,7,3
1,99.9971,199.9942,63,11,1
1,99.9971,199.9942,63,17,1
1,99.9971,199.9942,63,18,1
1,99.9971,199.9942,63,19,2
1,99.9971,199.9942,63,20,3
1,99.9971,199.9942,63,21,20
1,99.9971,199.9942,63,22,19
1,99.9971,199.9942,63,23,13
1,99.9971,199.9942,63,24,9
1,99.9971,199.9942,63,25,9
1,99.9971,199.9942,63,26,9
1,99.9971,199.9942,63,27,3
1,99.9971,199.9942,63,28,1
1,99.9971,199.9942,63,29,1
1,99.9971,199.9942,63,30,2
1,99.9971,199.9942,63,43,2
1,99.9971,199.9942,63,45,6
1,99.9971,199.9942,63,46,14
1,99.9971,199.9942,63,47,11
1,99.9971,199.9942,63,48,6
1,99.9971,199.9942,63,49,17
1,99.9971,199.9942,63,50,13
1,99.9971,199.9942,63,51,9
1,99.9971,199.9942,63,52,7
1,99.9971,199.9942,63,53,4
1,99.9971,199.9942,63,54,1
1,99.9971,199.9942,63,56,1
1,99.9971,199.9942,63,62,1
1,99.9971,199.9942,63,64,2
1,99.9971,199.9942,63,65,1
1,99.9971,199.9942,63,66,2
1,99.9971,199.9942,63,67,8
1,99.9971,199.9942,63,68,19
1,99.9971,199.9942,63,69,29
1,99.9971,199.9942,63,70,51
1,99.9971,199.9942,63,71,71
1,99.9971,199.9942,64,0,92
1,99.9971,199.9942,64,1,80
1,99.9971,199.9942,64,2,64
1,99.9971,199.9942,64,3,52
1,99.9971,199.9942,64,4,28
1,99.9971,199.9942,64,5,8
1,99.9971,199.9942,64,6,2
1,99.9971,199.9942,64,7,1
1,99.9971,199.9942,64,12,1
1,99.9971,199.9942,64,15,3
1,99.9971,199.9942,64,16,2
1,99.9971,199.9942,64,18,2
1,99.9971,199.9942,64,19,14
1,99.9971,199.9942,64,20,16
1,99.9971,199.9942,64,21,27
1,99.9971,199.9942,64,22,35
1,99.9971,199.9942,64,23,31
1,99.9971,199.9942,64,24,29
1,99.9971,199.9942,64,25,22
1,99.9971,199.9942,64,26,11
1,99.9971,199.9942,64,27,4
1,99.9971,199.9942,64,28,1
1,99.9971,199.9942,64,29,2
1,99.9971,199.9942,64,31,1
1,99.9971,199.9942,64,41,1
1,99.9971,199.9942,64,42,2
1,99.9971,199.9942,64,43,7
1,99.9971,199.9942,64,44,9
1,99.9971,199.9942,64,45,13
1,99.9971,199.9942,64,46,29
1,99.9971,199.9942,64,47,23
1,99.9971,199.9942,64,48,29
1,99.9971,199.9942,64,49,33
1,99.9971,199.9942,64,50,17
1,99.9971,199.9942,64,51,19
1,99.9971,199.9942,64,52,7
1,99.9971,199.9942,64,53,3
1,99.9971,199.9942,64,54,3
1,99.9971,199.9942,64,55,2
1,99.9971,199.9942,64,56,3
1,99.9971,199.9942,64,57,1
1,99.9971,199.9942,64,58,1
1,99.9971,199.9942,64,59,1
1,99.9971,199.9942,64,60,1
1,99.9971,199.9942,64,61,1
1,99.9971,199.9942,64,63,2
1,99.9971,199.9942,64,64,2
1,99.9971,199.9942,64,65,5
1,99.9971,199.9942,64,66,4
1,99.9971,199.9942,64,67,24
1,99.9971,199.9942,64,68,37
1,99.9971,199.9942,64,69,62
1,99.9971,199.9942,64,70,94
1,99.9971,199.9942,64,71,111
1,99.9971,199.9942,65,0,185
1,99.9971,199.9942,65,1,208
1,99.9971,199.9942,65,2,154
1,99.9971,199.9942,65,3,75
1,99.9971,199.9942,65,4,46
1,99.9971,199.9942,65,5,19
1,99.9971,199.9942,65,6,14
1,99.9971,199.9942,65,7,5
1,99.9971,199.9942,65,8,5
1,99.9971,199.9942,65,9,3
1,99.9971,199.9942,65,11,3
1,99.9971,199.9942,65,14,3
1,99.9971,199.9942,65,15,1
1,99.9971,199.9942,65,16,5
1,99.9971,199.9942,65,17,4
1,99.9971,199.9942,65,18,10
1,99.9971,199.9942,65,19,20
1,99.9971,199.9942,65,20,20
1,99.9971,199.9942,65,21,35
1,99.9971,199.9942,65,22,47
1,99.9971,199.9942,65,23,46
1,99.9971,199.9942,65,24,54
1,99.9971,199.9942,65,25,30
1,99.9971,199.9942,65,26,28
1,99.9971,199.9942,65,27,23
1,99.9971,199.9942,65,28,7
1,99.9971,199.9942,65,29,4
1,99.9971,199.9942,65,31,1
1,99.9971,199.9942,65,32,1
1,99.9971,199.9942,65,36,1
1,99.9971,199.9942,65,37,1
1,99.9971,199.9942,65,41,2
1,99.9971,199.9942,65,42,5
1,99.9971,199.9942,65,43,14
1,99.9971,199.9942,65,44,16
1,99.9971,199.9942,65,45,25
1,99.9971,199.9942,65,46,47
1,99.9971,199.9942,65,47,60
1,99.9971,199.9942,65,48,47
1,99.9971,199.9942,65,49,47
1,99.9971,199.9942,65,50,41
1,99.9971,199.9942,65,51,21
1,99.9971,199.9942,65,52,19
1,99.9971,199.9942,65,53,16
1,99.9971,199.9942,65,54,5
1,99.9971,199.9942,65,55,3
1,99.9971,199.9942,65,56,5
1,99.9971,199.9942,65,57,3
1,99.9971,199.9942,65,58,3
1,99.9971,199.9942,65,59,1
1,99.9971,199.9942,65,60,1
1,99.9971,199.9942,65,61,1
1,99.9971,199.9942,65,62,4
1,99.9971,199.9942,65,63,2
1,99.9971,199.9942,65,64,3
1,99.9971,199.9942,65,65,11
1,99.9971,199.9942,65,66,18
1,99.9971,199.9942,65,67,51
1,99.9971,199.9942,65,68,93
1,99.9971,199.9942,65,69,114
1,99.9971,199.9942,65,70,199
1,99.9971,199.9942,65,71,227
1,99.9971,199.9942,66,0,449
1,99.9971,199.9942,66,1,389
1,99.9971,199.9942,66,2,299
1,99.9971,199.9942,66,3,175
1,99.9971,199.9942,66,4,93
1,99.9971,199.9942,66,5,54
1,99.9971,199.9942,66,6,26
1,99.9971,199.9942,66,7,10
1,99.9971,199.9942,66,8,5
1,99.9971,199.9942,66,9,5
1,99.9971,199.9942,66,10,2
1,99.9971,199.9942,66,11,2
1,99.9971,199.9942,66,12,1
1,99.9971,199.9942,66,13,2
1,99.9971,199.9942,66,14,2
1,99.9971,199.9942,66,15,5
1,99.9971,199.9942,66,16,8
1,99.9971,199.9942,66,17,11
1,99.9971,199.9942,66,18,20
1,99.9971,199.9942,66,19,40
1,99.9971,199.9942,66,20,56
1,99.9971,199.9942,66,21,90
1,99.9971,199.9942,66,22,124
1,99.9971,199.9942,66,23,108
1,99.9971,199.9942,66,24,105
1,99.9971,199.9942,66,25,77
1,99.9971,199.9942,66,26,52
1,99.9971,199.9942,66,27,36
1,99.9971,199.9942,66,28,11
1,99.9971,199.9942,66,29,5
1,99.9971,199.9942,66,30,1
1,99.9971,199.9942,66,31,2
1,99.9971,199.9942,66,32,2
1,99.9971,199.9942,66,35,1
1,99.9971,199.9942,66,39,2
1,99.9971,199.9942,66,40,2
1,99.9971,199.9942,66,41,6
1,99.9971,199.9942,66,42,6
1,99.9971,199.9942,66,43,21
1,99.9971,199.9942,66,44,26
1,99.9971,199.9942,66,45,57
1,99.9971,199.9942,66,46,80
1,99.9971,199.9942,66,47,107
1,99.9971,199.9942,66,48,100
1,99.9971,199.9942,66,49,99
1,99.9971,199.9942,66,50,84
1,99.9971,199.9942,66,51,68
1,99.9971,199.9942,66,52,39
1,99.9971,199.9942,66,53,22
1,99.9971,199.9942,66,54,10
1,99.9971,199.9942,66,55,7
1,99.9971,199.9942,66,56,3
1,99.9971,199.9942,66,57,4
1,99.9971,199.9942,66,60,2
1,99.9971,199.9942,66,61,2
1,99.9971,199.9942,66,62,7
1,99.9971,199.9942,66,63,1
1,99.9971,199.9942,66,64,7
1,99.9971,199.9942,66,65,34
1,99.9971,199.9942,66,66,50
1,99.9971,199.9942,66,67,80
1,99.9971,199.9942,66,68,175
1,99.9971,199.9942,66,69,271
1,99.9971,199.9942,66,70,363
1,99.9971,199.9942,66,71,440
1,99.9971,199.9942,67,0,949
1,99.9971,199.9942,67,1,794
1,99.9971,199.9942,67,2,537
1,99.9971,199.9942,67,3,324
1,99.9971,199.9942,67,4,170
1,99.9971,199.9942,67,5,84
1,99.9971,199.9942,67,6,43
1,99.9971,199.9942,67,7,32
1,99.9971,199.9942,67,8,12
1,99.9971,199.9942,67,9,7
1,99.9971,199.9942,67,10,4
1,99.9971,199.9942,67,11,6
1,99.9971,199.9942,67,12,3
1,99.9971,199.9942,67,13,5
1,99.9971,199.9942,67,14,4
1,99.9971,199.9942,67,15,11
1,99.9971,199.9942,67,16,9
1,99.9971,199.9942,67,17,15
1,99.9971,199.9942,67,18,41
1,99.9971,199.9942,67,19,79
1,99.9971,199.9942,67,20,118
1,99.9971,199.9942,67,21,164
1,99.9971,199.9942,67,22,204
1,99.9971,199.9942,67,23,236
1,99.9971,199.9942,67,24,199
1,99.9971,199.9942,67,25,152
1,99.9971,199.9942,67,26,85
1,99.9971,199.9942,67,27,63
1,99.9971,199.9942,67,28,40
1,99.9971,199.9942,67,29,15
1,99.9971,199.9942,67,30,7
1,99.9971,199.9942,67,31,1
1,99.9971,199.9942,67,33,1
1,99.9971,199.9942,67,34,1
1,99.9971,199.9942,67,38,1
1,99.9971,199.9942,67,39,6
1,99.9971,199.9942,67,40,1
1,99.9971,199.9942,67,41,11
1,99.9971,199.9942,67,42,18
1,99.9971,199.9942,67,43,29
1,99.9971,199.9942,67,44,57
1,99.9971,199.9942,67,45,106
1,99.9971,199.9942,67,46,148
1,99.9971,199.9942,67,47,203
1,99.9971,199.9942,67,48,246
1,99.9971,199.9942,67,49,225
1,99.9971,199.9942,67,50,158
1,99.9971,199.9942,67,51,120
1,99.9971,199.9942,67,52,66
1,99.9971,199.9942,67,53,40
1,99.9971,199.9942,67,54,19
1,99.9971,199.9942,67,55,9
1,99.9971,199.9942,67,56,9
1,99.9971,199.9942,67,57,2
1,99.9971,199.9942,67,58,2
1,99.9971,199.9942,67,59,2
1,99.9971,199.9942,67,60,7
1,99.9971,199.9942,67,61,4
1,99.9971,199.9942,67,62,5
1,99.9971,199.9942,67,63,15
1,99.9971,199.9942,67,64,17
1,99.9971,199.9942,67,65,31
1,99.9971,199.9942,67,66,102
1,99.9971,199.9942,67,67,170
1,99.9971,199.9942,67,68,302
1,99.9971,199.9942,67,69,575
1,99.9971,199.9942,67,70,787
1,99.9971,199.9942,67,71,957
1,99.9971,199.9942,68,0,1727
1,99.9971,199.9942,68,1,1398
1,99.9971,199.9942,68,2,1041
1,99.9971,199.9942,68,3,627
1,99.9971,199.9942,68,4,309
1,99.9971,199.9942,68,5,149
1,99.9971,199.9942,68,6,84
1,99.9971,199.9942,68,7,37
1,99.9971,199.9942,68,8,21
1,99.9971,199.9942,68,9,14
1,99.9971,199.9942,68,10,7
1,99.9971,199.9942,68,11,11
1,99.9971,199.9942,68,12,6
1,99.9971,199.9942,68,13,4
1,99.9971,199.9942,68,14,10
1,99.9971,199.9942,68,15,11
1,99.9971,199.9942,68,16,22
1,99.9971,199.9942,68,17,36
1,99.9971,199.9942,68,18,82
1,99.9971,199.9942,68,19,121
1,99.9971,199.9942,68,20,226
1,99.9971,199.9942,68,21,318
1,99.9971,199.9942,68,22,401
1,99.9971,199.9942,68,23,431
1,99.9971,199.9942,68,24,369
1,99.9971,199.9942,68,25,275
1,99.9971,199.9942,68,26,213
1,99.9971,199.9942,68,27,119
1,99.9971,199.9942,68,28,51
1,99.9971,199.9942,68,29,41
1,99.9971,199.9942,68,30,9
1,99.9971,199.9942,68,31,4
1,99.9971,199.9942,68,32,4
1,99.9971,199.9942,68,33,1
1,99.9971,199.9942,68,34,1
1,99.9971,199.9942,68,36,1
1,99.9971,199.9942,68,37,2
1,99.9971,199.9942,68,39,7
1,99.9971,199.9942,68,40,6
1,99.9971,199.9942,68,41,12
1,99.9971,199.9942,68,42,27
1,99.9971,199.9942,68,43,60
1,99.9971,199.9942,68,44,103
1,99.9971,199.9942,68,45,180
1,99.9971,199.9942,68,46,302
1,99.9971,199.9942,68,47,370
1,99.9971,199.9942,68,48,410
1,99.9971,199.9942,68,49,354
1,99.9971,199.9942,68,50,333
1,99.9971,199.9942,68,51,230
1,99.9971,199.9942,68,52,128
1,99.9971,199.9942,68,53,75
1,99.9971,199.9942,68,54,37
1,99.9971,199.9942,68,55,26
1,99.9971,199.9942,68,56,10
1,99.9971,199.9942,68,57,12
1,99.9971,199.9942,68,58,9
1,99.9971,199.9942,68,59,5
1,99.9971,199.9942,68,60,7
1,99.9971,199.9942,68,61,9
1,99.9971,199.9942,68,62,8
1,99.9971,199.9942,68,63,25
1,99.9971,199.9942,68,64,30
1,99.9971,199.9942,68,65,77
1,99.9971,199.9942,68,66,175
1,99.9971,199.9942,68,67,336
1,99.9971,199.9942,68,68,616
1,99.9971,199.9942,68,69,960
1,99.9971,199.9942,68,70,1386
1,99.9971,199.9942,68,71,1719
1,99.9971,199.9942,69,0,2725
1,99.9971,199.9942,69,1,2343
1,99.9971,199.9942,69,2,1715
1,99.9971,199.9942,69,3,948
1,99.9971,199.9942,69,4,544
1,99.9971,199.9942,69,5,289
1,99.9971,199.9942,69,6,118
1,99.9971,199.9942,69,7,65
1,99.9971,199.9942,69,8,40
1,99.9971,199.9942,69,9,19
1,99.9971,199.9942,69,10,10
1,99.9971,199.9942,69,11,15
1,99.9971,199.9942,69,12,18
1,99.9971,199.9942,69,13,11
1,99.9971,199.9942,69,14,12
1,99.9971,199.9942,69,15,24
1,99.9971,199.9942,69,16,34
1,99.9971,199.9942,69,17,72
1,99.9971,199.9942,69,18,122
1,99.9971,199.9942,69,19,229
1,99.9971,199.9942,69,20,317
1,99.9971,199.9942,69,21,495
1,99.9971,199.9942,69,22,698
1,99.9971,199.9942,69,23,725
1,99.9971,199.9942,69,24,601
1,99.9971,199.9942,69,25,491
1,99.9971,199.9942,69,26,348
1,99.9971,199.9942,69,27,186
1,99.9971,199.9942,69,28,106
1,99.9971,199.9942,69,29,44
1,99.9971,199.9942,69,30,22
1,99.9971,199.9942,69,31,14
1,99.9971,199.9942,69,32,5
1,99.9971,199.9942,69,33,1
1,99.9971,199.9942,69,34,3
1,99.9971,199.9942,69,35,4
1,99.9971,199.9942,69,36,1
1,99.9971,199.9942,69,37,1
1,99.9971,199.9942,69,38,3
1,99.9971,199.9942,69,39,3
1,99.9971,199.9942,69,40,9
1,99.9971,199.9942,69,41,18
1,99.9971,199.9942,69,42,43
1,99.9971,199.9942,69,43,91
1,99.9971,199.9942,69,44,203
1,99.9971,199.9942,69,45,310
1,99.9971,199.9942,69,46,518
1,99.9971,199.9942,69,47,658
1,99.9971,199.9942,69,48,786
1,99.9971,199.9942,69,49,686
1,99.9971,199.9942,69,50,537
1,99.9971,199.9942,69,51,419
1,99.9971,199.9942,69,52,235
1,99.9971,199.9942,69,53,112
1,99.9971,199.9942,69,54,65
1,99.9971,199.9942,69,55,36
1,99.9971,199.9942,69,56,14
1,99.9971,199.9942,69,57,12
1,99.9971,199.9942,69,58,12
1,99.9971,199.9942,69,59,9
1,99.9971,199.9942,69,60,12
1,99.9971,199.9942,69,61,10
1,99.9971,199.9942,69,62,14
1,99.9971,199.9942,69,63,36
1,99.9971,199.9942,69,64,64
1,99.9971,199.9942,69,65,142
1,99.9971,199.9942,69,66,297
1,99.9971,199.9942,69,67,492
1,99.9971,199.9942,69,68,982
1,99.9971,199.9942,69,69,1610
1,99.9971,199.9942,69,70,2237
1,99.9971,199.9942,69,71,2789
1,99.9971,199.9942,70,0,3845
1,99.9971,199.9942,70,1,3211
1,99.9971,199.9942,70,2,2241
1,99.9971,199.9942,70,3,1411
1,99.9971,199.9942,70,4,784
1,99.9971,199.9942,70,5,411
1,99.9971,199.9942,70,6,168
1,99.9971,199.9942,70,7,86
1,99.9971,199.9942,70,8,47
1,99.9971,199.9942,70,9,29
1,99.9971,199.9942,70,10,18
1,99.9971,199.9942,70,11,13
1,99.9971,199.9942,70,12,13
1,99.9971,199.9942,70,13,13
1,99.9971,199.9942,70,14,13
1,99.9971,199.9942,70,15,20
1,99.9971,199.9942,70,16,49
1,99.9971,199.9942,70,17,116
1,99.9971,199.9942,70,18,185
1,99.9971,199.9942,70,19,314
1,99.9971,199.9942,70,20,489
1,99.9971,199.9942,70,21,748
1,99.9971,199.9942,70,22,979
1,99.9971,199.9942,70,23,1029
1,99.9971,199.9942,70,24,878
1,99.9971,199.9942,70,25,730
1,99.9971,199.9942,70,26,446
1,99.9971,199.9942,70,27,238
1,99.9971,199.9942,70,28,127
1,99.9971,199.9942,70,29,59
1,99.9971,199.9942,70,30,31
1,99.9971,199.9942,70,31,13
1,99.9971,199.9942,70,32,5
1,99.9971,199.9942,70,33,3
1,99.9971,199.9942,70,34,2
1,99.9971,199.9942,70,35,2
1,99.9971,199.9942,70,36,2
1,99.9971,199.9942,70,37,1
1,99.9971,199.9942,70,38,5
1,99.9971,199.9942,70,39,6
1,99.9971,199.9942,70,40,12
1,99.9971,199.9942,70,41,23
1,99.9971,199.9942,70,42,72
1,99.9971,199.9942,70,43,138
1,99.9971,199.9942,70,44,261
1,99.9971,199.9942,70,45,483
1,99.9971,199.9942,70,46,669
1,99.9971,199.9942,70,47,981
1,99.9971,199.9942,70,48,1059
1,99.9971,199.9942,70,49,970
1,99.9971,199.9942,70,50,775
1,99.9971,199.9942,70,51,515
1,99.9971,199.9942,70,52,312
1,99.9971,199.9942,70,53,174
1,99.9971,199.9942,70,54,84
1,99.9971,199.9942,70,55,52
1,99.9971,199.9942,70,56,34
1,99.9971,199.9942,70,57,20
1,99.9971,199.9942,70,58,13
1,99.9971,199.9942,70,59,23
1,99.9971,199.9942,70,60,9
1,99.9971,199.9942,70,61,25
1,99.9971,199.9942,70,62,35
1,99.9971,199.9942,70,63,52
1,99.9971,199.9942,70,64,91
1,99.9971,199.9942,70,65,185
1,99.9971,199.9942,70,66,383
1,99.9971,199.9942,70,67,796
1,99.9971,199.9942,70,68,1318
1,99.9971,199.9942,70,69,2299
1,99.9971,199.9942,70,70,3340
1,99.9971,199.9942,70,71,4033
1,99.9971,199.9942,71,0,4595
1,99.9971,199.9942,71,1,3923
1,99.9971,199.9942,71,2,2792
1,99.9971,199.9942,71,3,1747
1,99.9971,199.9942,71,4,871
1,99.9971,199.9942,71,5,443
1,99.9971,199.9942,71,6,223
1,99.9971,199.9942,71,7,90
1,99.9971,199.9942,71,8,77
1,99.9971,199.9942,71,9,37
1,99.9971,199.9942,71,10,22
1,99.9971,199.9942,71,11,17
1,99.9971,199.9942,71,12,13
1,99.9971,199.9942,71,13,17
1,99.9971,199.9942,71,14,35
1,99.9971,199.9942,71,15,32
1,99.9971,199.9942,71,16,62
1,99.9971,199.9942,71,17,112
1,99.9971,199.9942,71,18,240
1,99.9971,199.9942,71,19,385
1,99.9971,199.9942,71,20,606
1,99.9971,199.9942,71,21,853
1,99.9971,199.9942,71,22,1124
1,99.9971,199.9942,71,23,1220
1,99.9971,199.9942,71,24,1108
1,99.9971,199.9942,71,25,845
1,99.9971,199.9942,71,26,577
1,99.9971,199.9942,71,27,300
1,99.9971,199.9942,71,28,139
1,99.9971,199.9942,71,29,64
1,99.9971,199.9942,71,30,44
1,99.9971,199.9942,71,31,17
1,99.9971,199.9942,71,32,7
1,99.9971,199.9942,71,33,9
1,99.9971,199.9942,71,34,3
1,99.9971,199.9942,71,35,2
1,99.9971,199.9942,71,36,6
1,99.9971,199.9942,71,37,3
1,99.9971,199.9942,71,38,3
1,99.9971,199.9942,71,39,13
1,99.9971,199.9942,71,40,16
1,99.9971,199.9942,71,41,33
1,99.9971,199.9942,71,42,80
1,99.9971,199.9942,71,43,150
1,99.9971,199.9942,71,44,262
1,99.9971,199.9942,71,45,572
1,99.9971,199.9942,71,46,856
1,99.9971,199.9942,71,47,1097
1,99.9971,199.9942,71,48,1237
1,99.9971,199.9942,71,49,1190
1,99.9971,199.9942,71,50,929
1,99.9971,199.9942,71,51,613
1,99.9971,199.9942,71,52,385
1,99.9971,199.9942,71,53,203
1,99.9971,199.9942,71,54,105
1,99.9971,199.9942,71,55,58
1,99.9971,199.9942,71,56,32
1,99.9971,199.9942,71,57,20
1,99.9971,199.9942,71,58,14
1,99.9971,199.9942,71,59,12
1,99.9971,199.9942,71,60,14
1,99.9971,199.9942,71,61,24
1,99.9971,199.9942,71,62,31
1,99.9971,199.9942,71,63,59
1,99.9971,199.9942,71,64,112
1,99.9971,199.9942,71,65,240
1,99.9971,199.9942,71,66,451
1,99.9971,199.9942,71,67,910
1,99.9971,199.9942,71,68,1651
1,99.9971,199.9942,71,69,2720
1,99.9971,199.9942,71,70,4028
1,99.9971,199.9942,71,71,4687
2,199.9942,299.9913,0,0,4650
2,199.9942,299.9913,0,1,4094
2,199.9942,299.9913,0,2,2796
2,199.9942,299.9913,0,3,1736
2,199.9942,299.9913,0,4,915
2,199.9942,299.9913,0,5,457
2,199.9942,299.9913,0,6,232
2,199.9942,299.9913,0,7,111
2,199.9942,299.9913,0,8,55
2,199.9942,299.9913,0,9,43
2,199.9942,299.9913,0,10,31
2,199.9942,299.9913,0,11,25
2,199.9942,299.9913,0,12,21
2,199.9942,299.9913,0,13,19
2,199.9942,299.9913,0,14,14
2,199.9942,299.9913,0,15,38
2,199.9942,299.9913,0,16,66
2,199.9942,299.9913,0,17,116
2,199.9942,299.9913,0,18,221
2,199.9942,299.9913,0,19,352
2,199.9942,299.9913,0,20,610
2,199.9942,299.9913,0,21,894
2,199.9942,299.9913,0,22,1137
2,199.9942,299.9913,0,23,1250
2,199.9942,299.9913,0,24,1052
2,199.9942,299.9913,0,25,812
2,199.9942,299.9913,0,26,513
2,199.9942,299.9913,0,27,277
2,199.9942,299.9913,0,28,137
2,199.9942,299.9913,0,29,71
2,199.9942,299.9913,0,30,26
2,199.9942,299.9913,0,31,21
2,199.9942,299.9913,0,32,8
2,199.9942,299.9913,0,33,5
2,199.9942,299.9913,0,34,5
2,199.9942,299.9913,0,35,2
2,199.9942,299.9913,0,36,6
2,199.9942,299.9913,0,37,1
2,199.9942,299.9913,0,38,5
2,199.9942,299.9913,0,39,6
2,199.9942,299.9913,0,40,20
2,199.9942,299.9913,0,41,35
2,199.9942,299.9913,0,42,58
2,199.9942,299.9913,0,43,158
2,199.9942,299.9913,0,44,315
2,199.9942,299.9913,0,45,540
2,199.9942,299.9913,0,46,851
2,199.9942,299.9913,0,47,1142
2,199.9942,299.9913,0,48,1223
2,199.9942,299.9913,0,49,1103
2,199.9942,299.9913,0,50,835
2,199.9942,299.9913,0,51,566
2,199.9942,299.9913,0,52,348
2,199.9942,299.9913,0,53,169
2,199.9942,299.9913,0,54,115
2,199.9942,299.9913,0,55,58
2,199.9942,299.9913,0,56,39
2,199.9942,299.9913,0,57,27
2,199.9942,299.9913,0,58,25
2,199.9942,299.9913,0,59,19
2,199.9942,299.9913,0,60,12
2,199.9942,299.9913,0,61,21
2,199.9942,299.9913,0,62,42
2,199.9942,299.9913,0,63,58
2,199.9942,299.9913,0,64,123
2,199.9942,299.9913,0,65,222
2,199.9942,299.9913,0,66,486
2,199.9942,299.9913,0,67,978
2,199.9942,299.9913,0,68,1730
2,199.9942,299.9913,0,69,2896
2,199.9942,299.9913,0,70,4078
2,199.9942,299.9913,0,71,4860
2,199.9942,299.9913,1,0,3988
2,199.9942,299.9913,1,1,3447
2,199.9942,299.9913,1,2,2365
2,199.9942,299.9913,1,3,1409
2,199.9942,299.9913,1,4,787
2,199.9942,299.9913,1,5,425
2,199.9942,299.9913,1,6,210
2,199.9942,299.9913,1,7,97
2,199.9942,299.9913,1,8,44
2,199.9942,299.9913,1,9,20
2,199.9942,299.9913,1,10,21
2,199.9942,299.9913,1,11,15
2,199.9942,299.9913,1,12,18
2,199.9942,299.9913,1,13,11
2,199.9942,299.9913,1,14,19
2,199.9942,299.9913,1,15,31
2,199.9942,299.9913,1,16,37
2,199.9942,299.9913,1,17,84
2,199.9942,299.9913,1,18,173
2,199.9942,299.9913,1,19,302
2,199.9942,299.9913,1,20,494
2,199.9942,299.9913,1,21,711
2,199.9942,299.9913,1,22,928
2,199.9942,299.9913,1,23,1017
2,199.9942,299.9913,1,24,942
2,199.9942,299.9913,1,25,662
2,199.9942,299.9913,1,26,405
2,199.9942,299.9913,1,27,256
2,199.9942,299.9913,1,28,132
2,199.9942,299.9913,1,29,56
2,199.9942,299.9913,1,30,30
2,199.9942,299.9913,1,31,11
2,199.9942,299.9913,1,32,4
2,199.9942,299.9913,1,33,1
2,199.9942,299.9913,1,34,2
2,199.9942,299.9913,1,36,2
2,199.9942,299.9913,1,37,5
2,199.9942,299.9913,1,38,6
2,199.9942,299.9913,1,39,5
2,199.9942,299.9913,1,40,11
2,199.9942,299.9913,1,41,22
2,199.9942,299.9913,1,42,63
2,199.9942,299.9913,1,43,134
2,199.9942,299.9913,1,44,260
2,199.9942,299.9913,1,45,444
2,199.9942,299.9913,1,46,676
2,199.9942,299.9913,1,47,910
2,199.9942,299.9913,1,48,1004
2,199.9942,299.9913,1,49,952
2,199.9942,299.9913,1,50,709
2,199.9942,299.9913,1,51,473
2,199.9942,299.9913,1,52,307
2,199.9942,299.9913,1,53,145
2,199.9942,299.9913,1,54,106
2,199.9942,299.9913,1,55,50
2,199.9942,299.9913,1,56,38
2,199.9942,299.9913,1,57,13
2,199.9942,299.9913,1,58,15
2,199.9942,299.9913,1,59,15
2,199.9942,299.9913,1,60,14
2,199.9942,299.9913,1,61,12
2,199.9942,299.9913,1,62,26
2,199.9942,299.9913,1,63,44
2,199.9942,299.9913,1,64,104
2,199.9942,299.9913,1,65,213
2,199.9942,299.9913,1,66,425
2,199.9942,299.9913,1,67,735
2,199.9942,299.9913,1,68,1461
2,199.9942,299.9913,1,69,2337
2,199.9942,299.9913,1,70,3285
2,199.9942,299.9913,1,71,3955
2,199.9942,299.9913,2,0,2796
2,199.9942,299.9913,2,1,2331
2,199.9942,299.9913,2,2,1666
2,199.9942,299.9913,2,3,1064
2,199.9942,299.9913,2,4,557
2,199.9942,299.9913,2,5,266
2,199.9942,299.9913,2,6,135
2,199.9942,299.9913,2,7,65
2,199.9942,299.9913,2,8,39
2,199.9942,299.9913,2,9,25
2,199.9942,299.9913,2,10,14
2,199.9942,299.9913,2,11,13
2,199.9942,299.9913,2,12,12
2,199.9942,299.9913,2,13,12
2,199.9942,299.9913,2,14,14
2,199.9942,299.9913,2,15,34
2,199.9942,299.9913,2,16,41
2,199.9942,299.9913,2,17,53
2,199.9942,299.9913,2,18,116
2,199.9942,299.9913,2,19,210
2,199.9942,299.9913,2,20,307
2,199.9942,299.9913,2,21,491
2,199.9942,299.9913,2,22,642
2,199.9942,299.9913,2,23,735
2,199.9942,299.9913,2,24,616
2,199.9942,299.9913,2,25,483
2,199.9942,299.9913,2,26,295
2,199.9942,299.9913,2,27,141
2,199.9942,299.9913,2,28,84
2,199.9942,299.9913,2,29,40
2,199.9942,299.9913,2,30,13
2,199.9942,299.9913,2,31,7
2,199.9942,299.9913,2,32,6
2,199.9942,299.9913,2,33,3
2,199.9942,299.9913,2,34,3
2,199.9942,299.9913,2,35,1
2,199.9942,299.9913,2,36,1
2,199.9942,299.9913,2,37,2
2,199.9942,299.9913,2,38,1
2,199.9942,299.9913,2,39,7
2,199.9942,299.9913,2,40,6
2,199.9942,299.9913,2,41,15
2,199.9942,299.9913,2,42,32
2,199.9942,299.9913,2,43,74
2,199.9942,299.9913,2,44,189
2,199.9942,299.9913,2,45,310
2,199.9942,299.9913,2,46,506
2,199.9942,299.9913,2,47,639
2,199.9942,299.9913,2,48,711
2,199.9942,299.9913,2,49,684
2,199.9942,299.9913,2,50,495
2,199.9942,299.9913,2,51,334
2,199.9942,299.9913,2,52,207
2,199.9942,299.9913,2,53,139
2,199.9942,299.9913,2,54,67
2,199.9942,299.9913,2,55,19
2,199.9942,299.9913,2,56,22
2,199.9942,299.9913,2,57,9
2,199.9942,299.9913,2,58,14
2,199.9942,299.9913,2,59,11
2,199.9942,299.9913,2,60,11
2,199.9942,299.9913,2,61,14
2,199.9942,299.9913,2,62,20
2,199.9942,299.9913,2,63,35
2,199.9942,299.9913,2,64,45
2,199.9942,299.9913,2,65,160
2,199.9942,299.9913,2,66,281
2,199.9942,299.9913,2,67,558
2,199.9942,299.9913,2,68,1024
2,199.9942,299.9913,2,69,1687
2,199.9942,299.9913,2,70,2420
2,199.9942,299.9913,2,71,2931
2,199.9942,299.9913,3,0,1694
2,199.9942,299.9913,3,1,1495
2,199.9942,299.9913,3,2,1067
2,199.9942,299.9913,3,3,667
2,199.9942,299.9913,3,4,315
2,199.9942,299.9913,3,5,189
2,199.9942,299.9913,3,6,80
2,199.9942,299.9913,3,7,38
2,199.9942,299.9913,3,8,21
2,199.9942,299.9913,3,9,17
2,199.9942,299.9913,3,10,4
2,199.9942,299.9913,3,11,4
2,199.9942,299.9913,3,12,8
2,199.9942,299.9913,3,13,8
2,199.9942,299.9913,3,14,7
2,199.9942,299.9913,3,15,20
2,199.9942,299.9913,3,16,25
2,199.9942,299.9913,3,17,37
2,199.9942,299.9913,3,18,81
2,199.9942,299.9913,3,19,133
2,199.9942,299.9913,3,20,218
2,199.9942,299.9913,3,21,315
2,199.9942,299.9913,3,22,425
2,199.9942,299.9913,3,23,422
2,199.9942,299.9913,3,24,389
2,199.9942,299.9913,3,25,278
2,199.9942,299.9913,3,26,181
2,199.9942,299.9913,3,27,103
2,199.9942,299.9913,3,28,41
2,199.9942,299.9913,3,29,27
2,199.9942,299.9913,3,30,11
2,199.9942,299.9913,3,31,3
2,199.9942,299.9913,3,32,2
2,199.9942,299.9913,3,35,2
2,199.9942,299.9913,3,37,1
2,199.9942,299.9913,3,39,1
2,199.9942,299.9913,3,40,2
2,199.9942,299.9913,3,41,10
2,199.9942,299.9913,3,42,26
2,199.9942,299.9913,3,43,50
2,199.9942,299.9913,3,44,107
2,199.9942,299.9913,3,45,179
2,199.9942,299.9913,3,46,274
2,199.9942,299.9913,3,47,408
2,199.9942,299.9913,3,48,377
2,199.9942,299.9913,3,49,388
2,199.9942,299.9913,3,50,314
2,199.9942,299.9913,3,51,199
2,199.9942,299.9913,3,52,130
2,199.9942,299.9913,3,53,82
2,199.9942,299.9913,3,54,47
2,199.9942,299.9913,3,55,20
2,199.9942,299.9913,3,56,12
2,199.9942,299.9913,3,57,9
2,199.9942,299.9913,3,58,9
2,199.9942,299.9913,3,59,9
2,199.9942,299.9913,3,60,5
2,199.9942,299.9913,3,61,9
2,199.9942,299.9913,3,62,13
2,199.9942,299.9913,3,63,26
2,199.9942,299.9913,3,64,36
2,199.9942,299.9913,3,65,83
2,199.9942,299.9913,3,66,165
2,199.9942,299.9913,3,67,327
2,199.9942,299.9913,3,68,662
2,199.9942,299.9913,3,69,1082
2,199.9942,299.9913,3,70,1427
2,199.9942,299.9913,3,71,1704
2,199.9942,299.9913,4,0,1021
2,199.9942,299.9913,4,1,780
2,199.9942,299.9913,4,2,575
2,199.9942,299.9913,4,3,355
2,199.9942,299.9913,4,4,188
2,199.9942,299.9913,4,5,103
2,199.9942,299.9913,4,6,51
2,199.9942,299.9913,4,7,13
2,199.9942,299.9913,4,8,12
2,199.9942,299.9913,4,9,5
2,199.9942,299.9913,4,10,6
2,199.9942,299.9913,4,11,4
2,199.9942,299.9913,4,12,1
2,199.9942,299.9913,4,13,1
2,199.9942,299.9913,4,14,4
2,199.9942,299.9913,4,15,4
2,199.9942,299.9913,4,16,9
2,199.9942,299.9913,4,17,8
2,199.9942,299.9913,4,18,33
2,199.9942,299.9913,4,19,78
2,199.9942,299.9913,4,20,85
2,199.9942,299.9913,4,21,169
2,199.9942,299.9913,4,22,222
2,199.9942,299.9913,4,23,201
2,199.9942,299.9913,4,24,208
2,199.9942,299.9913,4,25,181
2,199.9942,299.9913,4,26,101
2,199.9942,299.9913,4,27,63
2,199.9942,299.9913,4,28,20
2,199.9942,299.9913,4,29,11
2,199.9942,299.9913,4,30,4
2,199.9942,299.9913,4,31,2
2,199.9942,299.9913,4,32,2
2,199.9942,299.9913,4,33,3
2,199.9942,299.9913,4,36,1
2,199.9942,299.9913,4,38,1
2,199.9942,299.9913,4,39,3
2,199.9942,299.9913,4,40,4
2,199.9942,299.9913,4,41,3
2,199.9942,299.9913,4,42,21
2,199.9942,299.9913,4,43,17
2,199.9942,299.9913,4,44,50
2,199.9942,299.9913,4,45,102
2,199.9942,299.9913,4,46,172
2,199.9942,299.9913,4,47,199
2,199.9942,299.9913,4,48,223
2,199.9942,299.9913,4,49,214
2,199.9942,299.9913,4,50,172
2,199.9942,299.9913,4,51,133
2,199.9942,299.9913,4,52,74
2,199.9942,299.9913,4,53,30
2,199.9942,299.9913,4,54,23
2,199.9942,299.9913,4,55,8
2,199.9942,299.9913,4,56,7
2,199.9942,299.9913,4,57,3
2,199.9942,299.9913,4,58,4
2,199.9942,299.9913,4,59,4
2,199.9942,299.9913,4,60,2
2,199.9942,299.9913,4,61,3
2,199.9942,299.9913,4,62,5
2,199.9942,299.9913,4,63,5
2,199.9942,299.9913,4,64,25
2,199.9942,299.9913,4,65,36
2,199.9942,299.9913,4,66,107
2,199.9942,299.9913,4,67,163
2,199.9942,299.9913,4,68,352
2,199.9942,299.9913,4,69,530
2,199.9942,299.9913,4,70,797
2,199.9942,299.9913,4,71,960
2,199.9942,299.9913,5,0,442
2,199.9942,299.9913,5,1,421
2,199.9942,299.9913,5,2,280
2,199.9942,299.9913,5,3,155
2,199.9942,299.9913,5,4,94
2,199.9942,299.9913,5,5,46
2,199.9942,299.9913,5,6,18
2,199.9942,299.9913,5,7,8
2,199.9942,299.9913,5,8,6
2,199.9942,299.9913,5,10,2
2,199.9942,299.9913,5,11,2
2,199.9942,299.9913,5,12,1
2,199.9942,299.9913,5,13,1
2,199.9942,299.9913,5,14,2
2,199.9942,299.9913,5,15,1
2,199.9942,299.9913,5,16,6
2,199.9942,299.9913,5,17,13
2,199.9942,299.9913,5,18,20
2,199.9942,299.9913,5,19,35
2,199.9942,299.9913,5,20,57
2,199.9942,299.9913,5,21,92
2,199.9942,299.9913,5,22,118
2,199.9942,299.9913,5,23,140
2,199.9942,299.9913,5,24,103
2,199.9942,299.9913,5,25,75
2,199.9942,299.9913,5,26,44
2,199.9942,299.9913,5,27,20
2,199.9942,299.9913,5,28,11
2,199.9942,299.9913,5,29,8
2,199.9942,299.9913,5,30,2
2,199.9942,299.9913,5,32,1
2,199.9942,299.9913,5,37,1
2,199.9942,299.9913,5,39,1
2,199.9942,299.9913,5,40,1
2,199.9942,299.9913,5,42,6
2,199.9942,299.9913,5,43,15
2,199.9942,299.9913,5,44,27
2,199.9942,299.9913,5,45,54
2,199.9942,299.9913,5,46,86
2,199.9942,299.9913,5,47,95
2,199.9942,299.9913,5,48,132
2,199.9942,299.9913,5,49,102
2,199.9942,299.9913,5,50,77
2,199.9942,299.9913,5,51,65
2,199.9942,299.9913,5,52,43
2,199.9942,299.9913,5,53,27
2,199.9942,299.9913,5,54,13
2,199.9942,299.9913,5,55,3
2,199.9942,299.9913,5,56,3
2,199.9942,299.9913,5,58,1
2,199.9942,299.9913,5,59,1
2,199.9942,299.9913,5,60,1
2,199.9942,299.9913,5,61,2
2,199.9942,299.9913,5,62,2
2,199.9942,299.9913,5,63,6
2,199.9942,299.9913,5,64,14
2,199.9942,299.9913,5,65,24
2,199.9942,299.9913,5,66,45
2,199.9942,299.9913,5,67,93
2,199.9942,299.9913,5,68,188
2,199.9942,299.9913,5,69,274
2,199.9942,299.9913,5,70,403
2,199.9942,299.9913,5,71,497
2,199.9942,299.9913,6,0,231
2,199.9942,299.9913,6,1,204
2,199.9942,299.9913,6,2,114
2,199.9942,299.9913,6,3,88
2,199.9942,299.9913,6,4,37
2,199.9942,299.9913,6,5,18
2,199.9942,299.9913,6,6,12
2,199.9942,299.9913,6,7,5
2,199.9942,299.9913,6,8,2
2,199.9942,299.9913,6,9,4
2,199.9942,299.9913,6,11,1
2,199.9942,299.9913,6,13,1
2,199.9942,299.9913,6,14,3
2,199.9942,299.9913,6,15,4
2,199.9942,299.9913,6,16,5
2,199.9942,299.9913,6,17,5
2,199.9942,299.9913,6,18,15
2,199.9942,299.9913,6,19,12
2,199.9942,299.9913,6,20,34
2,199.9942,299.9913,6,21,44
2,199.9942,299.9913,6,22,51
2,199.9942,299.9913,6,23,62
2,199.9942,299.9913,6,24,43
2,199.9942,299.9913,6,25,39
2,199.9942,299.9913,6,26,15
2,199.9942,299.9913,6,27,15
2,199.9942,299.9913,6,28,7
2,199.9942,299.9913,6,29,5
2,199.9942,299.9913,6,30,1
2,199.9942,299.9913,6,31,1
2,199.9942,299.9913,6,34,1
2,199.9942,299.9913,6,40,1
2,199.9942,299.9913,6,42,5
2,199.9942,299.9913,6,43,7
2,199.9942,299.9913,6,44,10
2,199.9942,299.9913,6,45,27
2,199.9942,299.9913,6,46,39
2,199.9942,299.9913,6,47,49
2,199.9942,299.9913,6,48,59
2,199.9942,299.9913,6,49,56
2,199.9942,299.9913,6,50,45
2,199.9942,299.9913,6,51,24
2,199.9942,299.9913,6,52,19
2,199.9942,299.9913,6,53,14
2,199.9942,299.9913,6,54,11
2,199.9942,299.9913,6,55,4
2,199.9942,299.9913,6,56,2
2,199.9942,299.9913,6,57,2
2,199.9942,299.9913,6,61,2
2,199.9942,299.9913,6,62,4
2,199.9942,299.9913,6,63,2
2,199.9942,299.9913,6,64,2
2,199.9942,299.9913,6,65,12
2,199.9942,299.9913,6,66,27
2,199.9942,299.9913,6,67,43
2,199.9942,299.9913,6,68,85
2,199.9942,299.9913,6,69,136
2,199.9942,299.9913,6,70,207
2,199.9942,299.9913,6,71,224
2,199.9942,299.9913,7,0,133
2,199.9942,299.9913,7,1,112
2,199.9942,299.9913,7,2,56
2,199.9942,299.9913,7,3,27
2,199.9942,299.9913,7,4,28
2,199.9942,299.9913,7,5,14
2,199.9942,299.9913,7,6,5
2,199.9942,299.9913,7,7,5
2,199.9942,299.9913,7,8,3
2,199.9942,299.9913,7,9,5
2,199.9942,299.9913,7,11,2
2,199.9942,299.9913,7,12,1
2,199.9942,299.9913,7,14,1
2,199.9942,299.9913,7,15,1
2,199.9942,299.9913,7,16,1
2,199.9942,299.9913,7,17,4
2,199.9942,299.9913,7,18,2
2,199.9942,299.9913,7,19,13
2,199.9942,299.9913,7,20,17
2,199.9942,299.9913,7,21,22
2,199.9942,299.9913,7,22,19
2,199.9942,299.9913,7,23,28
2,199.9942,299.9913,7,24,28
2,199.9942,299.9913,7,25,13
2,199.9942,299.9913,7,26,18
2,199.9942,299.9913,7,27,8
2,199.9942,299.9913,7,28,2
2,199.9942,299.9913,7,29,2
2,199.9942,299.9913,7,41,1
2,199.9942,299.9913,7,42,1
2,199.9942,299.9913,7,43,1
2,199.9942,299.9913,7,44,1
2,199.9942,299.9913,7,45,11
2,199.9942,299.9913,7,46,13
2,199.9942,299.9913,7,47,28
2,199.9942,299.9913,7,48,18
2,199.9942,299.9913,7,49,31
2,199.9942,299.9913,7,50,22
2,199.9942,299.9913,7,51,14
2,199.9942,299.9913,7,52,11
2,199.9942,299.9913,7,53,5
2,199.9942,299.9913,7,54,2
2,199.9942,299.9913,7,55,1
2,199.9942,299.9913,7,56,1
2,199.9942,299.9913,7,60,1
2,199.9942,299.9913,7,62,2
2,199.9942,299.9913,7,63,6
2,199.9942,299.9913,7,64,4
2,199.9942,299.9913,7,65,8
2,199.9942,299.9913,7,66,9
2,199.9942,299.9913,7,67,23
2,199.9942,299.9913,7,68,44
2,199.9942,299.9913,7,69,79
2,199.9942,299.9913,7,70,90
2,199.9942,299.9913,7,71,115
2,199.9942,299.9913,8,0,62
2,199.9942,299.9913,8,1,46
2,199.9942,299.9913,8,2,30
2,199.9942,299.9913,8,3,29
2,199.9942,299.9913,8,4,15
2,199.9942,299.9913,8,5,5
2,199.9942,299.9913,8,6,4
2,199.9942,299.9913,8,7,2
2,199.9942,299.9913,8,10,1
2,199.9942,299.9913,8,14,1
2,199.9942,299.9913,8,17,1
2,199.9942,299.9913,8,18,2
2,199.9942,299.9913,8,19,4
2,199.9942,299.9913,8,20,6
2,199.9942,299.9913,8,21,14
2,199.9942,299.9913,8,22,20
2,199.9942,299.9913,8,23,19
2,199.9942,299.9913,8,24,14
2,199.9942,299.9913,8,25,10
2,199.9942,299.9913,8,26,8
2,199.9942,299.9913,8,28,2
2,199.9942,299.9913,8,29,2
2,199.9942,299.9913,8,32,1
2,199.9942,299.9913,8,42,1
2,199.9942,299.9913,8,43,3
2,199.9942,299.9913,8,44,1
2,199.9942,299.9913,8,45,7
2,199.9942,299.9913,8,46,13
2,199.9942,299.9913,8,47,12
2,199.9942,299.9913,8,48,13
2,199.9942,299.9913,8,49,16
2,199.9942,299.9913,8,50,8
2,199.9942,299.9913,8,51,6
2,199.9942,299.9913,8,52,5
2,199.9942,299.9913,8,53,4
2,199.9942,299.9913,8,54,2
2,199.9942,299.9913,8,55,2
2,199.9942,299.9913,8,56,1
2,199.9942,299.9913,8,58,1
2,199.9942,299.9913,8,60,1
2,199.9942,299.9913,8,63,1
2,199.9942,299.9913,8,65,4
2,199.9942,299.9913,8,66,4
2,199.9942,299.9913,8,67,18
2,199.9942,299.9913,8,68,18
2,199.9942,299.9913,8,69,34
2,199.9942,299.9913,8,70,44
2,199.9942,299.9913,8,71,64
2,199.9942,299.9913,9,0,44
2,199.9942,299.9913,9,1,28
2,199.9942,299.9913,9,2,20
2,199.9942,299.9913,9,3,12
2,199.9942,299.9913,9,4,6
2,199.9942,299.9913,9,5,7
2,199.9942,299.9913,9,6,2
2,199.9942,299.9913,9,10,1
2,199.9942,299.9913,9,12,1
2,199.9942,299.9913,9,17,1
2,199.9942,299.9913,9,19,1
2,199.9942,299.9913,9,20,8
2,199.9942,299.9913,9,21,6
2,199.9942,299.9913,9,22,7
2,199.9942,299.9913,9,23,6
2,199.9942,299.9913,9,24,5
2,199.9942,299.9913,9,25,6
2,199.9942,299.9913,9,26,2
2,199.9942,299.9913,9,35,1
2,199.9942,299.9913,9,44,2
2,199.9942,299.9913,9,45,4
2,199.9942,299.9913,9,46,5
2,199.9942,299.9913,9,47,10
2,199.9942,299.9913,9,48,7
2,199.9942,299.9913,9,49,3
2,199.9942,299.9913,9,50,4
2,199.9942,299.9913,9,51,2
2,199.9942,299.9913,9,52,3
2,199.9942,299.9913,9,53,3
2,199.9942,299.9913,9,55,1
2,199.9942,299.9913,9,56,1
2,199.9942,299.9913,9,62,2
2,199.9942,299.9913,9,65,3
2,199.9942,299.9913,9,66,5
2,199.9942,299.9913,9,67,8
2,199.9942,299.9913,9,68,14
2,199.9942,299.9913,9,69,11
2,199.9942,299.9913,9,70,34
2,199.9942,299.9913,9,71,33
2,199.9942,299.9913,10,0,30
2,199.9942,299.9913,10,1,18
2,199.9942,299.9913,10,2,10
2,199.9942,299.9913,10,3,9
2,199.9942,299.9913,10,4,2
2,199.9942,299.9913,10,5,5
2,199.9942,299.9913,10,6,1
2,199.9942,299.9913,10,7,1
2,199.9942,299.9913,10,8,1
2,199.9942,299.9913,10,9,1
2,199.9942,299.9913,10,10,1
2,199.9942,299.9913,10,17,1
2,199.9942,299.9913,10,19,2
2,199.9942,299.9913,10,20,4
2,199.9942,299.9913,10,21,3
2,199.9942,299.9913,10,22,6
2,199.9942,299.9913,10,23,3
2,199.9942,299.9913,10,24,8
2,199.9942,299.9913,10,25,8
2,199.9942,299.9913,10,26,4
2,199.9942,299.9913,10,29,1
2,199.9942,299.9913,10,30,1
2,199.9942,299.9913,10,42,1
2,199.9942,299.9913,10,44,1
2,199.9942,299.9913,10,45,2
2,199.9942,299.9913,10,46,6
2,199.9942,299.9913,10,47,2
2,199.9942,299.9913,10,48,5
2,199.9942,299.9913,10,49,8
2,199.9942,299.9913,10,50,4
2,199.9942,299.9913,10,51,3
2,199.9942,299.9913,10,52,1
2,199.9942,299.9913,10,55,1
2,199.9942,299.9913,10,56,1
2,199.9942,299.9913,10,62,1
2,199.9942,299.9913,10,63,1
2,199.9942,299.9913,10,64,1
2,199.9942,299.9913,10,65,2
2,199.9942,299.9913,10,66,1
2,199.9942,299.9913,10,67,4
2,199.9942,299.9913,10,68,8
2,199.9942,299.9913,10,69,10
2,199.9942,299.9913,10,70,10
2,199.9942,299.9913,10,71,20
2,199.9942,299.9913,11,0,19
2,199.9942,299.9913,11,1,22
2,199.9942,299.9913,11,2,16
2,199.9942,299.9913,11,3,8
2,199.9942,299.9913,11,4,6
2,199.9942,299.9913,11,5,2
2,199.9942,299.9913,11,6,1
2,199.9942,299.9913,11,12,1
2,199.9942,299.9913,11,15,1
2,199.9942,299.9913,11,19,3
2,199.9942,299.9913,11,20,3
2,199.9942,299.9913,11,21,3
2,199.9942,299.9913,11,22,3
2,199.9942,299.9913,11,23,7
2,199.9942,299.9913,11,24,1
2,199.9942,299.9913,11,25,3
2,199.9942,299.9913,11,26,2
2,199.9942,299.9913,11,27,2
2,199.9942,299.9913,11,28,3
2,199.9942,299.9913,11,44,1
2,199.9942,299.9913,11,45,3
2,199.9942,299.9913,11,46,3
2,199.9942,299.9913,11,47,2
2,199.9942,299.9913,11,48,3
2,199.9942,299.9913,11,49,1
2,199.9942,299.9913,11,50,3
2,199.9942,299.9913,11,51,2
2,199.9942,299.9913,11,52,2
2,199.9942,299.9913,11,54,1
2,199.9942,299.9913,11,65,1
2,199.9942,299.9913,11,66,1
2,199.9942,299.9913,11,67,4
2,199.9942,299.9913,11,68,12
2,199.9942,299.9913,11,69,12
2,199.9942,299.9913,11,70,19
2,199.9942,299.9913,11,71,25
2,199.9942,299.9913,12,0,17
2,199.9942,299.9913,12,1,12
2,199.9942,299.9913,12,2,14
2,199.9942,299.9913,12,3,6
2,199.9942,299.9913,12,4,3
2,199.9942,299.9913,12,5,2
2,199.9942,299.9913,12,6,2
2,199.9942,299.9913,12,15,1
2,199.9942,299.9913,12,17,1
2,199.9942,299.9913,12,18,3
2,199.9942,299.9913,12,19,1
2,199.9942,299.9913,12,20,3
2,199.9942,299.9913,12,21,6
2,199.9942,299.9913,12,22,3
2,199.9942,299.9913,12,23,4
2,199.9942,299.9913,12,24,1
2,199.9942,299.9913,12,25,2
2,199.9942,299.9913,12,26,1
2,199.9942,299.9913,12,27,2
2,199.9942,299.9913,12,29,1
2,199.9942,299.9913,12,32,1
2,199.9942,299.9913,12,43,1
2,199.9942,299.9913,12,44,1
2,199.9942,299.9913,12,45,1
2,199.9942,299.9913,12,46,1
2,199.9942,299.9913,12,47,4
2,199.9942,299.9913,12,48,1
2,199.9942,299.9913,12,49,2
2,199.9942,299.9913,12,50,3
2,199.9942,299.9913,12,51,2
2,199.9942,299.9913,12,53,2
2,199.9942,299.9913,12,63,1
2,199.9942,299.9913,12,64,2
2,199.9942,299.9913,12,65,2
2,199.9942,299.9913,12,66,3
2,199.9942,299.9913,12,67,1
2,199.9942,299.9913,12,68,8
2,199.9942,299.9913,12,69,9
2,199.9942,299.9913,12,70,13
2,199.9942,299.9913,12,71,15
2,199.9942,299.9913,13,0,21
2,199.9942,299.9913,13,1,21
2,199.9942,299.9913,13,2,19
2,199.9942,299.9913,13,3,4
2,199.9942,299.9913,13,4,4
2,199.9942,299.9913,13,5,2
2,199.9942,299.9913,13,6,2
2,199.9942,299.9913,13,8,1
2,199.9942,299.9913,13,17,1
2,199.9942,299.9913,13,20,5
2,199.9942,299.9913,13,21,5
2,199.9942,299.9913,13,22,5
2,199.9942,299.9913,13,23,5
2,199.9942,299.9913,13,24,4
2,199.9942,299.9913,13,25,5
2,199.9942,299.9913,13,27,5
2,199.9942,299.9913,13,28,2
2,199.9942,299.9913,13,29,1
2,199.9942,299.9913,13,44,1
2,199.9942,299.9913,13,46,1
2,199.9942,299.9913,13,47,2
2,199.9942,299.9913,13,48,2
2,199.9942,299.9913,13,49,2
2,199.9942,299.9913,13,51,1
2,199.9942,299.9913,13,52,1
2,199.9942,299.9913,13,53,1
2,199.9942,299.9913,13,63,1
2,199.9942,299.9913,13,64,2
2,199.9942,299.9913,13,65,1
2,199.9942,299.9913,13,67,8
2,199.9942,299.9913,13,68,13
2,199.9942,299.9913,13,69,14
2,199.9942,299.9913,13,70,19
2,199.9942,299.9913,13,71,13
2,199.9942,299.9913,14,0,30
2,199.9942,299.9913,14,1,21
2,199.9942,299.9913,14,2,16
2,199.9942,299.9913,14,3,14
2,199.9942,299.9913,14,4,8
2,199.9942,299.9913,14,5,4
2,199.9942,299.9913,14,6,2
2,199.9942,299.9913,14,7,2
2,199.9942,299.9913,14,8,1
2,199.9942,299.9913,14,18,1
2,199.9942,299.9913,14,19,1
2,199.9942,299.9913,14,20,7
2,199.9942,299.9913,14,21,3
2,199.9942,299.9913,14,22,3
2,199.9942,299.9913,14,23,6
2,199.9942,299.9913,14,24,8
2,199.9942,299.9913,14,25,5
2,199.9942,299.9913,14,26,4
2,199.9942,299.9913,14,28,1
2,199.9942,299.9913,14,45,2
2,199.9942,299.9913,14,47,4
2,199.9942,299.9913,14,48,1
2,199.9942,299.9913,14,49,5
2,199.9942,299.9913,14,50,4
2,199.9942,299.9913,14,51,4
2,199.9942,299.9913,14,52,1
2,199.9942,299.9913,14,53,3
2,199.9942,299.9913,14,65,3
2,199.9942,299.9913,14,66,1
2,199.9942,299.9913,14,67,1
2,199.9942,299.9913,14,68,13
2,199.9942,299.9913,14,69,10
2,199.9942,299.9913,14,70,20
2,199.9942,299.9913,14,71,31
2,199.9942,299.9913,15,0,46
2,199.9942,299.9913,15,1,46
2,199.9942,299.9913,15,2,22
2,199.9942,299.9913,15,3,14
2,199.9942,299.9913,15,4,7
2,199.9942,299.9913,15,5,4
2,199.9942,299.9913,15,6,1
2,199.9942,299.9913,15,7,1
2,199.9942,299.9913,15,10,1
2,199.9942,299.9913,15,12,1
2,199.9942,299.9913,15,13,1
2,199.9942,299.9913,15,18,1
2,199.9942,299.9913,15,19,3
2,199.9942,299.9913,15,20,2
2,199.9942,299.9913,15,21,5
2,199.9942,299.9913,15,22,6
2,199.9942,299.9913,15,23,8
2,199.9942,299.9913,15,24,8
2,199.9942,299.9913,15,25,6
2,199.9942,299.9913,15,26,3
2,199.9942,299.9913,15,27,1
2,199.9942,299.9913,15,35,1
2,199.9942,299.9913,15,45,2
2,199.9942,299.9913,15,46,1
2,199.9942,299.9913,15,47,1
2,199.9942,299.9913,15,48,1
2,199.9942,299.9913,15,49,2
2,199.9942,299.9913,15,50,3
2,199.9942,299.9913,15,51,6
2,199.9942,299.9913,15,52,3
2,199.9942,299.9913,15,53,2
2,199.9942,299.9913,15,55,1
2,199.9942,299.9913,15,59,1
2,199.9942,299.9913,15,64,1
2,199.9942,299.9913,15,65,1
2,199.9942,299.9913,15,67,11
2,199.9942,299.9913,15,68,12
2,199.9942,299.9913,15,69,26
2,199.9942,299.9913,15,70,35
2,199.9942,299.9913,15,71,42
2,199.9942,299.9913,16,0,66
2,199.9942,299.9913,16,1,51
2,199.9942,299.9913,16,2,31
2,199.9942,299.9913,16,3,22
2,199.9942,299.9913,16,4,19
2,199.9942,299.9913,16,5,6
2,199.9942,299.9913,16,6,2
2,199.9942,299.9913,16,8,2
2,199.9942,299.9913,16,12,1
2,199.9942,299.9913,16,15,1
2,199.9942,299.9913,16,18,3
2,199.9942,299.9913,16,19,2
2,199.9942,299.9913,16,20,8
2,199.9942,299.9913,16,21,8
2,199.9942,299.9913,16,22,15
2,199.9942,299.9913,16,23,14
2,199.9942,299.9913,16,24,14
2,199.9942,299.9913,16,25,7
2,199.9942,299.9913,16,26,5
2,199.9942,299.9913,16,27,3
2,199.9942,299.9913,16,28,2
2,199.9942,299.9913,16,30,1
2,199.9942,299.9913,16,44,2
2,199.9942,299.9913,16,45,1
2,199.9942,299.9913,16,46,4
2,199.9942,299.9913,16,47,3
2,199.9942,299.9913,16,48,3
2,199.9942,299.9913,16,49,6
2,199.9942,299.9913,16,50,2
2,199.9942,299.9913,16,51,5
2,199.9942,299.9913,16,52,2
2,199.9942,299.9913,16,53,3
2,199.9942,299.9913,16,54,1
2,199.9942,299.9913,16,56,1
2,199.9942,299.9913,16,60,1
2,199.9942,299.9913,16,61,1
2,199.9942,299.9913,16,62,1
2,199.9942,299.9913,16,64,1
2,199.9942,299.9913,16,66,9
2,199.9942,299.9913,16,67,9
2,199.9942,299.9913,16,68,23
2,199.9942,299.9913,16,69,36
2,199.9942,299.9913,16,70,45
2,199.9942,299.9913,16,71,65
2,199.9942,299.9913,17,0,110
2,199.9942,299.9913,17,1,106
2,199.9942,299.9913,17,2,71
2,199.9942,299.9913,17,3,40
2,199.9942,299.9913,17,4,21
2,199.9942,299.9913,17,5,6
2,199.9942,299.9913,17,6,6
2,199.9942,299.9913,17,7,2
2,199.9942,299.9913,17,8,3
2,199.9942,299.9913,17,9,3
2,199.9942,299.9913,17,11,1
2,199.9942,299.9913,17,12,1
2,199.9942,299.9913,17,13,1
2,199.9942,299.9913,17,15,2
2,199.9942,299.9913,17,16,3
2,199.9942,299.9913,17,17,2
2,199.9942,299.9913,17,18,3
2,199.9942,299.9913,17,19,11
2,199.9942,299.9913,17,20,14
2,199.9942,299.9913,17,21,25
2,199.9942,299.9913,17,22,18
2,199.9942,299.9913,17,23,30
2,199.9942,299.9913,17,24,25
2,199.9942,299.9913,17,25,18
2,199.9942,299.9913,17,26,7
2,199.9942,299.9913,17,27,6
2,199.9942,299.9913,17,28,2
2,199.9942,299.9913,17,29,1
2,199.9942,299.9913,17,30,1
2,199.9942,299.9913,17,46,4
2,199.9942,299.9913,17,47,3
2,199.9942,299.9913,17,48,6
2,199.9942,299.9913,17,49,2
2,199.9942,299.9913,17,50,5
2,199.9942,299.9913,17,51,2
2,199.9942,299.9913,17,52,5
2,199.9942,299.9913,17,53,2
2,199.9942,299.9913,17,54,1
2,199.9942,299.9913,17,55,3
2,199.9942,299.9913,17,56,2
2,199.9942,299.9913,17,58,1
2,199.9942,299.9913,17,62,2
2,199.9942,299.9913,17,63,2
2,199.9942,299.9913,17,64,1
2,199.9942,299.9913,17,65,8
2,199.9942,299.9913,17,66,3
2,199.9942,299.9913,17,67,22
2,199.9942,299.9913,17,68,42
2,199.9942,299.9913,17,69,57
2,199.9942,299.9913,17,70,91
2,199.9942,299.9913,17,71,123
2,199.9942,299.9913,18,0,198
2,199.9942,299.9913,18,1,176
2,199.9942,299.9913,18,2,125
2,199.9942,299.9913,18,3,82
2,199.9942,299.9913,18,4,40
2,199.9942,299.9913,18,5,19
2,199.9942,299.9913,18,6,9
2,199.9942,299.9913,18,7,5
2,199.9942,299.9913,18,8,3
2,199.9942,299.9913,18,9,2
2,199.9942,299.9913,18,11,1
2,199.9942,299.9913,18,13,1
2,199.9942,299.9913,18,17,3
2,199.9942,299.9913,18,18,7
2,199.9942,299.9913,18,19,12
2,199.9942,299.9913,18,20,27
2,199.9942,299.9913,18,21,30
2,199.9942,299.9913,18,22,41
2,199.9942,299.9913,18,23,33
2,199.9942,299.9913,18,24,40
2,199.9942,299.9913,18,25,27
2,199.9942,299.9913,18,26,20
2,199.9942,299.9913,18,27,8
2,199.9942,299.9913,18,28,4
2,199.9942,299.9913,18,29,3
2,199.9942,299.9913,18,31,1
2,199.9942,299.9913,18,35,1
2,199.9942,299.9913,18,42,1
2,199.9942,299.9913,18,43,2
2,199.9942,299.9913,18,45,1
2,199.9942,299.9913,18,46,1
2,199.9942,299.9913,18,47,1
2,199.9942,299.9913,18,48,4
2,199.9942,299.9913,18,49,4
2,199.9942,299.9913,18,50,7
2,199.9942,299.9913,18,51,3
2,199.9942,299.9913,18,52,7
2,199.9942,299.9913,18,53,7
2,199.9942,299.9913,18,54,5
2,199.9942,299.9913,18,55,3
2,199.9942,299.9913,18,60,1
2,199.9942,299.9913,18,62,2
2,199.9942,299.9913,18,63,2
2,199.9942,299.9913,18,64,5
2,199.9942,299.9913,18,65,6
2,199.9942,299.9913,18,66,28
2,199.9942,299.9913,18,67,36
2,199.9942,299.9913,18,68,73
2,199.9942,299.9913,18,69,128
2,199.9942,299.9913,18,70,191
2,199.9942,299.9913,18,71,206
2,199.9942,299.9913,19,0,413
2,199.9942,299.9913,19,1,302
2,199.9942,299.9913,19,2,242
2,199.9942,299.9913,19,3,143
2,199.9942,299.9913,19,4,77
2,199.9942,299.9913,19,5,51
2,199.9942,299.9913,19,6,17
2,199.9942,299.9913,19,7,10
2,199.9942,299.9913,19,8,4
2,199.9942,299.9913,19,9,7
2,199.9942,299.9913,19,10,1
2,199.9942,299.9913,19,11,1
2,199.9942,299.9913,19,12,2
2,199.9942,299.9913,19,13,1
2,199.9942,299.9913,19,14,2
2,199.9942,299.9913,19,15,3
2,199.9942,299.9913,19,16,5
2,199.9942,299.9913,19,17,5
2,199.9942,299.9913,19,18,11
2,199.9942,299.9913,19,19,23
2,199.9942,299.9913,19,20,33
2,199.9942,299.9913,19,21,56
2,199.9942,299.9913,19,22,61
2,199.9942,299.9913,19,23,63
2,199.9942,299.9913,19,24,67
2,199.9942,299.9913,19,25,52
2,199.9942,299.9913,19,26,32
2,199.9942,299.9913,19,27,7
2,199.9942,299.9913,19,28,8
2,199.9942,299.9913,19,29,3
2,199.9942,299.9913,19,44,1
2,199.9942,299.9913,19,46,2
2,199.9942,299.9913,19,47,2
2,199.9942,299.9913,19,48,1
2,199.9942,299.9913,19,49,10
2,199.9942,299.9913,19,50,8
2,199.9942,299.9913,19,51,3
2,199.9942,299.9913,19,52,1
2,199.9942,299.9913,19,53,4
2,199.9942,299.9913,19,54,3
2,199.9942,299.9913,19,55,3
2,199.9942,299.9913,19,56,2
2,199.9942,299.9913,19,57,2
2,199.9942,299.9913,19,58,1
2,199.9942,299.9913,19,59,3
2,199.9942,299.9913,19,60,2
2,199.9942,299.9913,19,61,2
2,199.9942,299.9913,19,62,1
2,199.9942,299.9913,19,63,1
2,199.9942,299.9913,19,64,12
2,199.9942,299.9913,19,65,13
2,199.9942,299.9913,19,66,35
2,199.9942,299.9913,19,67,75
2,199.9942,299.9913,19,68,144
2,199.9942,299.9913,19,69,247
2,199.9942,299.9913,19,70,307
2,199.9942,299.9913,19,71,383
2,199.9942,299.9913,20,0,602
2,199.9942,299.9913,20,1,502
2,199.9942,299.9913,20,2,347
2,199.9942,299.9913,20,3,227
2,199.9942,299.9913,20,4,131
2,199.9942,299.9913,20,5,70
2,199.9942,299.9913,20,6,28
2,199.9942,299.9913,20,7,16
2,199.9942,299.9913,20,8,4
2,199.9942,299.9913,20,9,7
2,199.9942,299.9913,20,10,6
2,199.9942,299.9913,20,11,1
2,199.9942,299.9913,20,12,3
2,199.9942,299.9913,20,13,4
2,199.9942,299.9913,20,15,4
2,199.9942,299.9913,20,16,11
2,199.9942,299.9913,20,17,12
2,199.9942,299.9913,20,18,22
2,199.9942,299.9913,20,19,34
2,199.9942,299.9913,20,20,53
2,199.9942,299.9913,20,21,100
2,199.9942,299.9913,20,22,102
2,199.9942,299.9913,20,23,108
2,199.9942,299.9913,20,24,110
2,199.9942,299.9913,20,25,63
2,199.9942,299.9913,20,26,35
2,199.9942,299.9913,20,27,22
2,199.9942,299.9913,20,28,12
2,199.9942,299.9913,20,29,2
2,199.9942,299.9913,20,30,1
2,199.9942,299.9913,20,31,1
2,199.9942,299.9913,20,45,1
2,199.9942,299.9913,20,47,2
2,199.9942,299.9913,20,48,1
2,199.9942,299.9913,20,49,2
2,199.9942,299.9913,20,50,4
2,199.9942,299.9913,20,51,8
2,199.9942,299.9913,20,52,8
2,199.9942,299.9913,20,53,5
2,199.9942,299.9913,20,54,4
2,199.9942,299.9913,20,55,4
2,199.9942,299.9913,20,56,2
2,199.9942,299.9913,20,57,3
2,199.9942,299.9913,20,58,3
2,199.9942,299.9913,20,59,1
2,199.9942,299.9913,20,62,2
2,199.9942,299.9913,20,63,6
2,199.9942,299.9913,20,64,21
2,199.9942,299.9913,20,65,27
2,199.9942,299.9913,20,66,58
2,199.9942,299.9913,20,67,107
2,199.9942,299.9913,20,68,200
2,199.9942,299.9913,20,69,351
2,199.9942,299.9913,20,70,457
2,199.9942,299.9913,20,71,608
2,199.9942,299.9913,21,0,839
2,199.9942,299.9913,21,1,709
2,199.9942,299.9913,21,2,495
2,199.9942,299.9913,21,3,329
2,199.9942,299.9913,21,4,182
2,199.9942,299.9913,21,5,75
2,199.9942,299.9913,21,6,35
2,199.9942,299.9913,21,7,32
2,199.9942,299.9913,21,8,14
2,199.9942,299.9913,21,9,4
2,199.9942,299.9913,21,10,6
2,199.9942,299.9913,21,11,2
2,199.9942,299.9913,21,12,7
2,199.9942,299.9913,21,13,4
2,199.9942,299.9913,21,14,3
2,199.9942,299.9913,21,15,5
2,199.9942,299.9913,21,16,4
2,199.9942,299.9913,21,17,17
2,199.9942,299.9913,21,18,27
2,199.9942,299.9913,21,19,65
2,199.9942,299.9913,21,20,94
2,199.9942,299.9913,21,21,133
2,199.9942,299.9913,21,22,137
2,199.9942,299.9913,21,23,161
2,199.9942,299.9913,21,24,106
2,199.9942,299.9913,21,25,90
2,199.9942,299.9913,21,26,49
2,199.9942,299.9913,21,27,15
2,199.9942,299.9913,21,28,13
2,199.9942,299.9913,21,29,2
2,199.9942,299.9913,21,30,4
2,199.9942,299.9913,21,47,1
2,199.9942,299.9913,21,48,4
2,199.9942,299.9913,21,49,1
2,199.9942,299.9913,21,50,4
2,199.9942,299.9913,21,51,5
2,199.9942,299.9913,21,52,5
2,199.9942,299.9913,21,53,6
2,199.9942,299.9913,21,54,4
2,199.9942,299.9913,21,55,3
2,199.9942,299.9913,21,56,5
2,199.9942,299.9913,21,58,3
2,199.9942,299.9913,21,59,4
2,199.9942,299.9913,21,60,3
2,199.9942,299.9913,21,61,3
2,199.9942,299.9913,21,62,7
2,199.9942,299.9913,21,63,11
2,199.9942,299.9913,21,64,16
2,199.9942,299.9913,21,65,39
2,199.9942,299.9913,21,66,89
2,199.9942,299.9913,21,67,169
2,199.9942,299.9913,21,68,310
2,199.9942,299.9913,21,69,565
2,199.9942,299.9913,21,70,706
2,199.9942,299.9913,21,71,878
2,199.9942,299.9913,22,0,1125
2,199.9942,299.9913,22,1,908
2,199.9942,299.9913,22,2,624
2,199.9942,299.9913,22,3,388
2,199.9942,299.9913,22,4,237
2,199.9942,299.9913,22,5,99
2,199.9942,299.9913,22,6,36
2,199.9942,299.9913,22,7,25
2,199.9942,299.9913,22,8,10
2,199.9942,299.9913,22,9,10
2,199.9942,299.9913,22,10,2
2,199.9942,299.9913,22,11,4
2,199.9942,299.9913,22,12,1
2,199.9942,299.9913,22,13,6
2,199.9942,299.9913,22,14,5
2,199.9942,299.9913,22,15,8
2,199.9942,299.9913,22,16,13
2,199.9942,299.9913,22,17,33
2,199.9942,299.9913,22,18,50
2,199.9942,299.9913,22,19,63
2,199.9942,299.9913,22,20,104
2,199.9942,299.9913,22,21,160
2,199.9942,299.9913,22,22,208
2,199.9942,299.9913,22,23,191
2,199.9942,299.9913,22,24,170
2,199.9942,299.9913,22,25,113
2,199.9942,299.9913,22,26,53
2,199.9942,299.9913,22,27,14
2,199.9942,299.9913,22,28,13
2,199.9942,299.9913,22,29,4
2,199.9942,299.9913,22,30,3
2,199.9942,299.9913,22,47,1
2,199.9942,299.9913,22,48,2
2,199.9942,299.9913,22,49,2
2,199.9942,299.9913,22,50,6
2,199.9942,299.9913,22,51,3
2,199.9942,299.9913,22,52,6
2,199.9942,299.9913,22,53,1
2,199.9942,299.9913,22,54,3
2,199.9942,299.9913,22,55,6
2,199.9942,299.9913,22,56,2
2,199.9942,299.9913,22,57,4
2,199.9942,299.9913,22,58,4
2,199.9942,299.9913,22,59,3
2,199.9942,299.9913,22,60,4
2,199.9942,299.9913,22,61,4
2,199.9942,299.9913,22,62,6
2,199.9942,299.9913,22,63,21
2,199.9942,299.9913,22,64,19
2,199.9942,299.9913,22,65,49
2,199.9942,299.9913,22,66,111
2,199.9942,299.9913,22,67,233
2,199.9942,299.9913,22,68,352
2,199.9942,299.9913,22,69,635
2,199.9942,299.9913,22,70,960
2,199.9942,299.9913,22,71,1043
2,199.9942,299.9913,23,0,1170
2,199.9942,299.9913,23,1,968
2,199.9942,299.9913,23,2,658
2,199.9942,299.9913,23,3,436
2,199.9942,299.9913,23,4,217
2,199.9942,299.9913,23,5,124
2,199.9942,299.9913,23,6,57
2,199.9942,299.9913,23,7,33
2,199.9942,299.9913,23,8,17
2,199.9942,299.9913,23,9,9
2,199.9942,299.9913,23,10,6
2,199.9942,299.9913,23,11,6
2,199.9942,299.9913,23,12,4
2,199.9942,299.9913,23,13,6
2,199.9942,299.9913,23,14,4
2,199.9942,299.9913,23,15,10
2,199.9942,299.9913,23,16,16
2,199.9942,299.9913,23,17,27
2,199.9942,299.9913,23,18,39
2,199.9942,299.9913,23,19,62
2,199.9942,299.9913,23,20,116
2,199.9942,299.9913,23,21,139
2,199.9942,299.9913,23,22,178
2,199.9942,299.9913,23,23,157
2,199.9942,299.9913,23,24,137
2,199.9942,299.9913,23,25,83
2,199.9942,299.9913,23,26,54
2,199.9942,299.9913,23,27,17
2,199.9942,299.9913,23,28,3
2,199.9942,299.9913,23,29,2
2,199.9942,299.9913,23,45,1
2,199.9942,299.9913,23,49,1
2,199.9942,299.9913,23,50,3
2,199.9942,299.9913,23,51,1
2,199.9942,299.9913,23,52,3
2,199.9942,299.9913,23,53,5
2,199.9942,299.9913,23,54,10
2,199.9942,299.9913,23,55,3
2,199.9942,299.9913,23,56,4
2,199.9942,299.9913,23,57,6
2,199.9942,299.9913,23,58,5
2,199.9942,299.9913,23,59,4
2,199.9942,299.9913,23,60,7
2,199.9942,299.9913,23,61,9
2,199.9942,299.9913,23,62,5
2,199.9942,299.9913,23,63,13
2,199.9942,299.9913,23,64,27
2,199.9942,299.9913,23,65,61
2,199.9942,299.9913,23,66,126
2,199.9942,299.9913,23,67,217
2,199.9942,299.9913,23,68,430
2,199.9942,299.9913,23,69,669
2,199.9942,299.9913,23,70,1021
2,199.9942,299.9913,23,71,1117
2,199.9942,299.9913,24,0,1126
2,199.9942,299.9913,24,1,864
2,199.9942,299.9913,24,2,650
2,199.9942,299.9913,24,3,399
2,199.9942,299.9913,24,4,235
2,199.9942,299.9913,24,5,100
2,199.9942,299.9913,24,6,58
2,199.9942,299.9913,24,7,28
2,199.9942,299.9913,24,8,12
2,199.9942,299.9913,24,9,9
2,199.9942,299.9913,24,10,3
2,199.9942,299.9913,24,11,4
2,199.9942,299.9913,24,13,3
2,199.9942,299.9913,24,14,4
2,199.9942,299.9913,24,15,8
2,199.9942,299.9913,24,16,12
2,199.9942,299.9913,24,17,17
2,199.9942,299.9913,24,18,39
2,199.9942,299.9913,24,19,69
2,199.9942,299.9913,24,20,104
2,199.9942,299.9913,24,21,114
2,199.9942,299.9913,24,22,143
2,199.9942,299.9913,24,23,139
2,199.9942,299.9913,24,24,89
2,199.9942,299.9913,24,25,55
2,199.9942,299.9913,24,26,22
2,199.9942,299.9913,24,27,3
2,199.9942,299.9913,24,28,2
2,199.9942,299.9913,24,31,1
2,199.9942,299.9913,24,48,1
2,199.9942,299.9913,24,50,1
2,199.9942,299.9913,24,51,2
2,199.9942,299.9913,24,52,3
2,199.9942,299.9913,24,53,2
2,199.9942,299.9913,24,54,2
2,199.9942,299.9913,24,56,3
2,199.9942,299.9913,24,57,5
2,199.9942,299.9913,24,58,3
2,199.9942,299.9913,24,59,1
2,199.9942,299.9913,24,60,3
2,199.9942,299.9913,24,61,4
2,199.9942,299.9913,24,62,5
2,199.9942,299.9913,24,63,10
2,199.9942,299.9913,24,64,29
2,199.9942,299.9913,24,65,40
2,199.9942,299.9913,24,66,98
2,199.9942,299.9913,24,67,213
2,199.9942,299.9913,24,68,380
2,199.9942,299.9913,24,69,688
2,199.9942,299.9913,24,70,864
2,199.9942,299.9913,24,71,1101
2,199.9942,299.9913,25,0,805
2,199.9942,299.9913,25,1,762
2,199.9942,299.9913,25,2,463
2,199.9942,299.9913,25,3,281
2,199.9942,299.9913,25,4,161
2,199.9942,299.9913,25,5,89
2,199.9942,299.9913,25,6,47
2,199.9942,299.9913,25,7,25
2,199.9942,299.9913,25,8,12
2,199.9942,299.9913,25,9,6
2,199.9942,299.9913,25,10,5
2,199.9942,299.9913,25,11,3
2,199.9942,299.9913,25,12,2
2,199.9942,299.9913,25,13,4
2,199.9942,299.9913,25,14,3
2,199.9942,299.9913,25,15,2
2,199.9942,299.9913,25,16,14
2,199.9942,299.9913,25,17,14
2,199.9942,299.9913,25,18,35
2,199.9942,299.9913,25,19,49
2,199.9942,299.9913,25,20,77
2,199.9942,299.9913,25,21,85
2,199.9942,299.9913,25,22,91
2,199.9942,299.9913,25,23,92
2,199.9942,299.9913,25,24,48
2,199.9942,299.9913,25,25,29
2,199.9942,299.9913,25,26,7
2,199.9942,299.9913,25,27,2
2,199.9942,299.9913,25,52,1
2,199.9942,299.9913,25,54,1
2,199.9942,299.9913,25,55,1
2,199.9942,299.9913,25,56,2
2,199.9942,299.9913,25,58,3
2,199.9942,299.9913,25,59,2
2,199.9942,299.9913,25,60,3
2,199.9942,299.9913,25,61,2
2,199.9942,299.9913,25,62,7
2,199.9942,299.9913,25,63,15
2,199.9942,299.9913,25,64,19
2,199.9942,299.9913,25,65,45
2,199.9942,299.9913,25,66,66
2,199.9942,299.9913,25,67,149
2,199.9942,299.9913,25,68,276
2,199.9942,299.9913,25,69,470
2,199.9942,299.9913,25,70,657
2,199.9942,299.9913,25,71,811
2,199.9942,299.9913,26,0,495
2,199.9942,299.9913,26,1,454
2,199.9942,299.9913,26,2,333
2,199.9942,299.9913,26,3,200
2,199.9942,299.9913,26,4,124
2,199.9942,299.9913,26,5,64
2,199.9942,299.9913,26,6,30
2,199.9942,299.9913,26,7,14
2,199.9942,299.9913,26,8,8
2,199.9942,299.9913,26,9,1
2,199.9942,299.9913,26,10,2
2,199.9942,299.9913,26,11,2
2,199.9942,299.9913,26,12,2
2,199.9942,299.9913,26,14,3
2,199.9942,299.9913,26,15,2
2,199.9942,299.9913,26,16,6
2,199.9942,299.9913,26,17,8
2,199.9942,299.9913,26,18,12
2,199.9942,299.9913,26,19,31
2,199.9942,299.9913,26,20,44
2,199.9942,299.9913,26,21,51
2,199.9942,299.9913,26,22,46
2,199.9942,299.9913,26,23,38
2,199.9942,299.9913,26,24,23
2,199.9942,299.9913,26,25,11
2,199.9942,299.9913,26,27,1
2,199.9942,299.9913,26,54,1
2,199.9942,299.9913,26,55,2
2,199.9942,299.9913,26,57,1
2,199.9942,299.9913,26,59,3
2,199.9942,299.9913,26,60,3
2,199.9942,299.9913,26,61,1
2,199.9942,299.9913,26,62,3
2,199.9942,299.9913,26,63,8
2,199.9942,299.9913,26,64,11
2,199.9942,299.9913,26,65,29
2,199.9942,299.9913,26,66,51
2,199.9942,299.9913,26,67,102
2,199.9942,299.9913,26,68,203
2,199.9942,299.9913,26,69,311
2,199.9942,299.9913,26,70,423
2,199.9942,299.9913,26,71,530
2,199.9942,299.9913,27,0,281
2,199.9942,299.9913,27,1,253
2,199.9942,299.9913,27,2,183
2,199.9942,299.9913,27,3,111
2,199.9942,299.9913,27,4,50
2,199.9942,299.9913,27,5,29
2,199.9942,299.9913,27,6,14
2,199.9942,299.9913,27,7,3
2,199.9942,299.9913,27,8,5
2,199.9942,299.9913,27,9,2
2,199.9942,299.9913,27,11,1
2,199.9942,299.9913,27,12,3
2,199.9942,299.9913,27,13,1
2,199.9942,299.9913,27,14,4
2,199.9942,299.9913,27,15,5
2,199.9942,299.9913,27,16,2
2,199.9942,299.9913,27,17,7
2,199.9942,299.9913,27,18,5
2,199.9942,299.9913,27,19,21
2,199.9942,299.9913,27,20,19
2,199.9942,299.9913,27,21,15
2,199.9942,299.9913,27,22,14
2,199.9942,299.9913,27,23,25
2,199.9942,299.9913,27,24,8
2,199.9942,299.9913,27,25,7
2,199.9942,299.9913,27,26,1
2,199.9942,299.9913,27,52,1
2,199.9942,299.9913,27,55,1
2,199.9942,299.9913,27,57,1
2,199.9942,299.9913,27,58,1
2,199.9942,299.9913,27,61,1
2,199.9942,299.9913,27,62,2
2,199.9942,299.9913,27,64,3
2,199.9942,299.9913,27,65,14
2,199.9942,299.9913,27,66,19
2,199.9942,299.9913,27,67,68
2,199.9942,299.9913,27,68,106
2,199.9942,299.9913,27,69,176
2,199.9942,299.9913,27,70,224
2,199.9942,299.9913,27,71,273
2,199.9942,299.9913,28,0,162
2,199.9942,299.9913,28,1,126
2,199.9942,299.9913,28,2,97
2,199.9942,299.9913,28,3,65
2,199.9942,299.9913,28,4,31
2,199.9942,299.9913,28,5,8
2,199.9942,299.9913,28,6,9
2,199.9942,299.9913,28,7,2
2,199.9942,299.9913,28,8,1
2,199.9942,299.9913,28,9,2
2,199.9942,299.9913,28,11,2
2,199.9942,299.9913,28,13,1
2,199.9942,299.9913,28,14,2
2,199.9942,299.9913,28,15,1
2,199.9942,299.9913,28,16,3
2,199.9942,299.9913,28,17,1
2,199.9942,299.9913,28,18,4
2,199.9942,299.9913,28,19,5
2,199.9942,299.9913,28,20,17
2,199.9942,299.9913,28,21,6
2,199.9942,299.9913,28,22,10
2,199.9942,299.9913,28,23,6
2,199.9942,299.9913,28,24,3
2,199.9942,299.9913,28,25,3
2,199.9942,299.9913,28,54,1
2,199.9942,299.9913,28,61,2
2,199.9942,299.9913,28,62,1
2,199.9942,299.9913,28,64,7
2,199.9942,299.9913,28,65,5
2,199.9942,299.9913,28,66,14
2,199.9942,299.9913,28,67,28
2,199.9942,299.9913,28,68,64
2,199.9942,299.9913,28,69,90
2,199.9942,299.9913,28,70,145
2,199.9942,299.9913,28,71,148
2,199.9942,299.9913,29,0,64
2,199.9942,299.9913,29,1,72
2,199.9942,299.9913,29,2,47
2,199.9942,299.9913,29,3,30
2,199.9942,299.9913,29,4,13
2,199.9942,299.9913,29,5,6
2,199.9942,299.9913,29,6,3
2,199.9942,299.9913,29,7,3
2,199.9942,299.9913,29,9,1
2,199.9942,299.9913,29,10,1
2,199.9942,299.9913,29,17,1
2,199.9942,299.9913,29,18,3
2,199.9942,299.9913,29,20,4
2,199.9942,299.9913,29,21,3
2,199.9942,299.9913,29,22,2
2,199.9942,299.9913,29,23,1
2,199.9942,299.9913,29,52,1
2,199.9942,299.9913,29,62,1
2,199.9942,299.9913,29,64,1
2,199.9942,299.9913,29,65,4
2,199.9942,299.9913,29,66,4
2,199.9942,299.9913,29,67,10
2,199.9942,299.9913,29,68,30
2,199.9942,299.9913,29,69,47
2,199.9942,299.9913,29,70,57
2,199.9942,299.9913,29,71,52
2,199.9942,299.9913,30,0,30
2,199.9942,299.9913,30,1,26
2,199.9942,299.9913,30,2,29
2,199.9942,299.9913,30,3,10
2,199.9942,299.9913,30,4,5
2,199.9942,299.9913,30,5,4
2,199.9942,299.9913,30,6,4
2,199.9942,299.9913,30,7,1
2,199.9942,299.9913,30,8,1
2,199.9942,299.9913,30,14,1
2,199.9942,299.9913,30,16,1
2,199.9942,299.9913,30,17,1
2,199.9942,299.9913,30,19,3
2,199.9942,299.9913,30,20,3
2,199.9942,299.9913,30,21,2
2,199.9942,299.9913,30,64,1
2,199.9942,299.9913,30,65,2
2,199.9942,299.9913,30,66,2
2,199.9942,299.9913,30,67,3
2,199.9942,299.9913,30,68,7
2,199.9942,299.9913,30,69,28
2,199.9942,299.9913,30,70,26
2,199.9942,299.9913,30,71,37
2,199.9942,299.9913,31,0,23
2,199.9942,299.9913,31,1,17
2,199.9942,299.9913,31,2,6
2,199.9942,299.9913,31,3,3
2,199.9942,299.9913,31,4,5
2,199.9942,299.9913,31,5,1
2,199.9942,299.9913,31,7,1
2,199.9942,299.9913,31,8,1
2,199.9942,299.9913,31,17,1
2,199.9942,299.9913,31,18,1
2,199.9942,299.9913,31,66,3
2,199.9942,299.9913,31,67,2
2,199.9942,299.9913,31,68,4
2,199.9942,299.9913,31,69,8
2,199.9942,299.9913,31,70,12
2,199.9942,299.9913,31,71,26
2,199.9942,299.9913,32,0,6
2,199.9942,299.9913,32,1,10
2,199.9942,299.9913,32,2,10
2,199.9942,299.9913,32,3,3
2,199.9942,299.9913,32,4,3
2,199.9942,299.9913,32,7,1
2,199.9942,299.9913,32,13,1
2,199.9942,299.9913,32,18,1
2,199.9942,299.9913,32,65,1
2,199.9942,299.9913,32,66,2
2,199.9942,299.9913,32,67,3
2,199.9942,299.9913,32,68,1
2,199.9942,299.9913,32,69,7
2,199.9942,299.9913,32,70,6
2,199.9942,299.9913,32,71,7
2,199.9942,299.9913,33,0,1
2,199.9942,299.9913,33,1,4
2,199.9942,299.9913,33,2,4
2,199.9942,299.9913,33,3,1
2,199.9942,299.9913,33,7,1
2,199.9942,299.9913,33,66,1
2,199.9942,299.9913,33,69,2
2,199.9942,299.9913,33,70,6
2,199.9942,299.9913,33,71,5
2,199.9942,299.9913,34,0,2
2,199.9942,299.9913,34,1,6
2,199.9942,299.9913,34,3,1
2,199.9942,299.9913,34,5,2
2,199.9942,299.9913,34,66,1
2,199.9942,299.9913,34,68,1
2,199.9942,299.9913,34,69,1
2,199.9942,299.9913,34,70,2
2,199.9942,299.9913,34,71,1
2,199.9942,299.9913,35,0,2
2,199.9942,299.9913,35,1,5
2,199.9942,299.9913,35,2,1
2,199.9942,299.9913,35,3,4
2,199.9942,299.9913,35,5,1
2,199.9942,299.9913,35,6,1
2,199.9942,299.9913,35,54,1
2,199.9942,299.9913,35,66,1
2,199.9942,299.9913,35,69,1
2,199.9942,299.9913,35,70,3
2,199.9942,299.9913,35,71,3
2,199.9942,299.9913,36,0,3
2,199.9942,299.9913,36,1,4
2,199.9942,299.9913,36,5,1
2,199.9942,299.9913,36,7,1
2,199.9942,299.9913,36,67,1
2,199.9942,299.9913,36,68,2
2,199.9942,299.9913,36,69,1
2,199.9942,299.9913,36,70,4
2,199.9942,299.9913,36,71,5
2,199.9942,299.9913,37,0,3
2,199.9942,299.9913,37,1,2
2,199.9942,299.9913,37,2,3
2,199.9942,299.9913,37,3,1
2,199.9942,299.9913,37,4,3
2,199.9942,299.9913,37,6,1
2,199.9942,299.9913,37,16,1
2,199.9942,299.9913,37,62,1
2,199.9942,299.9913,37,65,1
2,199.9942,299.9913,37,68,2
2,199.9942,299.9913,37,69,2
2,199.9942,299.9913,37,70,2
2,199.9942,299.9913,37,71,2
2,199.9942,299.9913,38,0,10
2,199.9942,299.9913,38,1,5
2,199.9942,299.9913,38,2,2
2,199.9942,299.9913,38,3,2
2,199.9942,299.9913,38,4,1
2,199.9942,299.9913,38,5,2
2,199.9942,299.9913,38,57,1
2,199.9942,299.9913,38,63,2
2,199.9942,299.9913,38,64,1
2,199.9942,299.9913,38,66,1
2,199.9942,299.9913,38,67,2
2,199.9942,299.9913,38,68,1
2,199.9942,299.9913,38,70,3
2,199.9942,299.9913,38,71,5
2,199.9942,299.9913,39,0,7
2,199.9942,299.9913,39,1,6
2,199.9942,299.9913,39,2,8
2,199.9942,299.9913,39,3,3
2,199.9942,299.9913,39,6,1
2,199.9942,299.9913,39,65,1
2,199.9942,299.9913,39,66,1
2,199.9942,299.9913,39,67,1
2,199.9942,299.9913,39,69,6
2,199.9942,299.9913,39,70,7
2,199.9942,299.9913,39,71,8
2,199.9942,299.9913,40,0,15
2,199.9942,299.9913,40,1,13
2,199.9942,299.9913,40,2,10
2,199.9942,299.9913,40,3,6
2,199.9942,299.9913,40,4,1
2,199.9942,299.9913,40,5,1
2,199.9942,299.9913,40,6,3
2,199.9942,299.9913,40,7,1
2,199.9942,299.9913,40,49,1
2,199.9942,299.9913,40,50,1
2,199.9942,299.9913,40,51,2
2,199.9942,299.9913,40,52,1
2,199.9942,299.9913,40,53,1
2,199.9942,299.9913,40,56,1
2,199.9942,299.9913,40,62,1
2,199.9942,299.9913,40,65,1
2,199.9942,299.9913,40,66,4
2,199.9942,299.9913,40,67,2
2,199.9942,299.9913,40,68,3
2,199.9942,299.9913,40,69,7
2,199.9942,299.9913,40,70,16
2,199.9942,299.9913,40,71,12
2,199.9942,299.9913,41,0,41
2,199.9942,299.9913,41,1,36
2,199.9942,299.9913,41,2,14
2,199.9942,299.9913,41,3,14
2,199.9942,299.9913,41,4,2
2,199.9942,299.9913,41,5,2
2,199.9942,299.9913,41,7,1
2,199.9942,299.9913,41,15,1
2,199.9942,299.9913,41,51,1
2,199.9942,299.9913,41,52,1
2,199.9942,299.9913,41,53,1
2,199.9942,299.9913,41,54,2
2,199.9942,299.9913,41,56,2
2,199.9942,299.9913,41,61,1
2,199.9942,299.9913,41,64,1
2,199.9942,299.9913,41,66,4
2,199.9942,299.9913,41,67,8
2,199.9942,299.9913,41,68,11
2,199.9942,299.9913,41,69,17
2,199.9942,299.9913,41,70,23
2,199.9942,299.9913,41,71,37
2,199.9942,299.9913,42,0,72
2,199.9942,299.9913,42,1,55
2,199.9942,299.9913,42,2,28
2,199.9942,299.9913,42,3,22
2,199.9942,299.9913,42,4,12
2,199.9942,299.9913,42,5,2
2,199.9942,299.9913,42,6,3
2,199.9942,299.9913,42,7,3
2,199.9942,299.9913,42,8,1
2,199.9942,299.9913,42,10,1
2,199.9942,299.9913,42,13,1
2,199.9942,299.9913,42,47,2
2,199.9942,299.9913,42,50,1
2,199.9942,299.9913,42,51,5
2,199.9942,299.9913,42,52,4
2,199.9942,299.9913,42,53,3
2,199.9942,299.9913,42,55,2
2,199.9942,299.9913,42,58,1
2,199.9942,299.9913,42,61,1
2,199.9942,299.9913,42,62,1
2,199.9942,299.9913,42,63,2
2,199.9942,299.9913,42,64,2
2,199.9942,299.9913,42,65,2
2,199.9942,299.9913,42,66,6
2,199.9942,299.9913,42,67,14
2,199.9942,299.9913,42,68,35
2,199.9942,299.9913,42,69,39
2,199.9942,299.9913,42,70,52
2,199.9942,299.9913,42,71,72
2,199.9942,299.9913,43,0,132
2,199.9942,299.9913,43,1,110
2,199.9942,299.9913,43,2,85
2,199.9942,299.9913,43,3,38
2,199.9942,299.9913,43,4,17
2,199.9942,299.9913,43,5,15
2,199.9942,299.9913,43,6,8
2,199.9942,299.9913,43,7,1
2,199.9942,299.9913,43,8,3
2,199.9942,299.9913,43,10,1
2,199.9942,299.9913,43,13,1
2,199.9942,299.9913,43,16,1
2,199.9942,299.9913,43,46,1
2,199.9942,299.9913,43,47,2
2,199.9942,299.9913,43,48,8
2,199.9942,299.9913,43,49,14
2,199.9942,299.9913,43,50,16
2,199.9942,299.9913,43,51,5
2,199.9942,299.9913,43,52,9
2,199.9942,299.9913,43,53,6
2,199.9942,299.9913,43,54,2
2,199.9942,299.9913,43,56,1
2,199.9942,299.9913,43,57,2
2,199.9942,299.9913,43,59,1
2,199.9942,299.9913,43,63,1
2,199.9942,299.9913,43,64,2
2,199.9942,299.9913,43,65,10
2,199.9942,299.9913,43,66,15
2,199.9942,299.9913,43,67,33
2,199.9942,299.9913,43,68,46
2,199.9942,299.9913,43,69,70
2,199.9942,299.9913,43,70,123
2,199.9942,299.9913,43,71,128
2,199.9942,299.9913,44,0,272
2,199.9942,299.9913,44,1,236
2,199.9942,299.9913,44,2,165
2,199.9942,299.9913,44,3,100
2,199.9942,299.9913,44,4,53
2,199.9942,299.9913,44,5,21
2,199.9942,299.9913,44,6,6
2,199.9942,299.9913,44,7,4
2,199.9942,299.9913,44,8,4
2,199.9942,299.9913,44,9,1
2,199.9942,299.9913,44,12,1
2,199.9942,299.9913,44,13,1
2,199.9942,299.9913,44,14,1
2,199.9942,299.9913,44,15,1
2,199.9942,299.9913,44,16,2
2,199.9942,299.9913,44,45,1
2,199.9942,299.9913,44,46,5
2,199.9942,299.9913,44,47,8
2,199.9942,299.9913,44,48,29
2,199.9942,299.9913,44,49,20
2,199.9942,299.9913,44,50,32
2,199.9942,299.9913,44,51,24
2,199.9942,299.9913,44,52,14
2,199.9942,299.9913,44,53,9
2,199.9942,299.9913,44,54,8
2,199.9942,299.9913,44,55,4
2,199.9942,299.9913,44,56,2
2,199.9942,299.9913,44,58,1
2,199.9942,299.9913,44,60,2
2,199.9942,299.9913,44,61,1
2,199.9942,299.9913,44,62,5
2,199.9942,299.9913,44,63,6
2,199.9942,299.9913,44,64,4
2,199.9942,299.9913,44,65,15
2,199.9942,299.9913,44,66,29
2,199.9942,299.9913,44,67,49
2,199.9942,299.9913,44,68,96
2,199.9942,299.9913,44,69,162
2,199.9942,299.9913,44,70,220
2,199.9942,299.9913,44,71,245
2,199.9942,299.9913,45,0,493
2,199.9942,299.9913,45,1,407
2,199.9942,299.9913,45,2,261
2,199.9942,299.9913,45,3,181
2,199.9942,299.9913,45,4,90
2,199.9942,299.9913,45,5,47
2,199.9942,299.9913,45,6,21
2,199.9942,299.9913,45,7,9
2,199.9942,299.9913,45,8,4
2,199.9942,299.9913,45,9,2
2,199.9942,299.9913,45,10,2
2,199.9942,299.9913,45,11,2
2,199.9942,299.9913,45,12,1
2,199.9942,299.9913,45,15,1
2,199.9942,299.9913,45,16,3
2,199.9942,299.9913,45,18,1
2,199.9942,299.9913,45,19,1
2,199.9942,299.9913,45,20,1
2,199.9942,299.9913,45,22,1
2,199.9942,299.9913,45,23,1
2,199.9942,299.9913,45,45,6
2,199.9942,299.9913,45,46,15
2,199.9942,299.9913,45,47,30
2,199.9942,299.9913,45,48,52
2,199.9942,299.9913,45,49,67
2,199.9942,299.9913,45,50,72
2,199.9942,299.9913,45,51,43
2,199.9942,299.9913,45,52,35
2,199.9942,299.9913,45,53,21
2,199.9942,299.9913,45,54,12
2,199.9942,299.9913,45,55,9
2,199.9942,299.9913,45,56,4
2,199.9942,299.9913,45,57,8
2,199.9942,299.9913,45,58,3
2,199.9942,299.9913,45,59,3
2,199.9942,299.9913,45,60,4
2,199.9942,299.9913,45,62,3
2,199.9942,299.9913,45,63,5
2,199.9942,299.9913,45,64,11
2,199.9942,299.9913,45,65,27
2,199.9942,299.9913,45,66,59
2,199.9942,299.9913,45,67,95
2,199.9942,299.9913,45,68,178
2,199.9942,299.9913,45,69,275
2,199.9942,299.9913,45,70,417
2,199.9942,299.9913,45,71,495
2,199.9942,299.9913,46,0,723
2,199.9942,299.9913,46,1,620
2,199.9942,299.9913,46,2,446
2,199.9942,299.9913,46,3,256
2,199.9942,299.9913,46,4,132
2,199.9942,299.9913,46,5,67
2,199.9942,299.9913,46,6,31
2,199.9942,299.9913,46,7,10
2,199.9942,299.9913,46,8,11
2,199.9942,299.9913,46,9,5
2,199.9942,299.9913,46,10,5
2,199.9942,299.9913,46,11,1
2,199.9942,299.9913,46,12,1
2,199.9942,299.9913,46,13,2
2,199.9942,299.9913,46,14,3
2,199.9942,299.9913,46,15,5
2,199.9942,299.9913,46,16,4
2,199.9942,299.9913,46,17,2
2,199.9942,299.9913,46,18,2
2,199.9942,299.9913,46,19,1
2,199.9942,299.9913,46,20,1
2,199.9942,299.9913,46,22,1
2,199.9942,299.9913,46,43,1
2,199.9942,299.9913,46,44,3
2,199.9942,299.9913,46,45,8
2,199.9942,299.9913,46,46,27
2,199.9942,299.9913,46,47,77
2,199.9942,299.9913,46,48,112
2,199.9942,299.9913,46,49,119
2,199.9942,299.9913,46,50,107
2,199.9942,299.9913,46,51,85
2,199.9942,299.9913,46,52,48
2,199.9942,299.9913,46,53,38
2,199.9942,299.9913,46,54,24
2,199.9942,299.9913,46,55,7
2,199.9942,299.9913,46,56,7
2,199.9942,299.9913,46,57,3
2,199.9942,299.9913,46,58,3
2,199.9942,299.9913,46,59,5
2,199.9942,299.9913,46,60,1
2,199.9942,299.9913,46,61,2
2,199.9942,299.9913,46,62,5
2,199.9942,299.9913,46,63,14
2,199.9942,299.9913,46,64,16
2,199.9942,299.9913,46,65,47
2,199.9942,299.9913,46,66,72
2,199.9942,299.9913,46,67,161
2,199.9942,299.9913,46,68,272
2,199.9942,299.9913,46,69,427
2,199.9942,299.9913,46,70,641
2,199.9942,299.9913,46,71,707
2,199.9942,299.9913,47,0,1008
2,199.9942,299.9913,47,1,830
2,199.9942,299.9913,47,2,575
2,199.9942,299.9913,47,3,329
2,199.9942,299.9913,47,4,186
2,199.9942,299.9913,47,5,86
2,199.9942,299.9913,47,6,58
2,199.9942,299.9913,47,7,21
2,199.9942,299.9913,47,8,8
2,199.9942,299.9913,47,9,4
2,199.9942,299.9913,47,10,3
2,199.9942,299.9913,47,11,1
2,199.9942,299.9913,47,12,2
2,199.9942,299.9913,47,13,6
2,199.9942,299.9913,47,14,1
2,199.9942,299.9913,47,15,6
2,199.9942,299.9913,47,16,6
2,199.9942,299.9913,47,17,3
2,199.9942,299.9913,47,18,3
2,199.9942,299.9913,47,19,4
2,199.9942,299.9913,47,21,1
2,199.9942,299.9913,47,22,2
2,199.9942,299.9913,47,42,2
2,199.9942,299.9913,47,43,4
2,199.9942,299.9913,47,44,10
2,199.9942,299.9913,47,45,30
2,199.9942,299.9913,47,46,58
2,199.9942,299.9913,47,47,115
2,199.9942,299.9913,47,48,168
2,199.9942,299.9913,47,49,171
2,199.9942,299.9913,47,50,141
2,199.9942,299.9913,47,51,114
2,199.9942,299.9913,47,52,82
2,199.9942,299.9913,47,53,30
2,199.9942,299.9913,47,54,23
2,199.9942,299.9913,47,55,18
2,199.9942,299.9913,47,56,10
2,199.9942,299.9913,47,57,9
2,199.9942,299.9913,47,58,2
2,199.9942,299.9913,47,59,1
2,199.9942,299.9913,47,60,6
2,199.9942,299.9913,47,61,2
2,199.9942,299.9913,47,62,14
2,199.9942,299.9913,47,63,4
2,199.9942,299.9913,47,64,28
2,199.9942,299.9913,47,65,45
2,199.9942,299.9913,47,66,85
2,199.9942,299.9913,47,67,189
2,199.9942,299.9913,47,68,350
2,199.9942,299.9913,47,69,602
2,199.9942,299.9913,47,70,794
2,199.9942,299.9913,47,71,982
2,199.9942,299.9913,48,0,1123
2,199.9942,299.9913,48,1,844
2,199.9942,299.9913,48,2,631
2,199.9942,299.9913,48,3,366
2,199.9942,299.9913,48,4,212
2,199.9942,299.9913,48,5,101
2,199.9942,299.9913,48,6,52
2,199.9942,299.9913,48,7,16
2,199.9942,299.9913,48,8,13
2,199.9942,299.9913,48,9,7
2,199.9942,299.9913,48,10,4
2,199.9942,299.9913,48,12,3
2,199.9942,299.9913,48,13,7
2,199.9942,299.9913,48,14,1
2,199.9942,299.9913,48,15,6
2,199.9942,299.9913,48,16,4
2,199.9942,299.9913,48,17,6
2,199.9942,299.9913,48,18,2
2,199.9942,299.9913,48,19,5
2,199.9942,299.9913,48,20,9
2,199.9942,299.9913,48,21,3
2,199.9942,299.9913,48,22,1
2,199.9942,299.9913,48,23,1
2,199.9942,299.9913,48,25,1
2,199.9942,299.9913,48,43,8
2,199.9942,299.9913,48,44,16
2,199.9942,299.9913,48,45,46
2,199.9942,299.9913,48,46,127
2,199.9942,299.9913,48,47,180
2,199.9942,299.9913,48,48,219
2,199.9942,299.9913,48,49,225
2,199.9942,299.9913,48,50,172
2,199.9942,299.9913,48,51,137
2,199.9942,299.9913,48,52,101
2,199.9942,299.9913,48,53,46
2,199.9942,299.9913,48,54,29
2,199.9942,299.9913,48,55,20
2,199.9942,299.9913,48,56,16
2,199.9942,299.9913,48,57,9
2,199.9942,299.9913,48,58,3
2,199.9942,299.9913,48,59,4
2,199.9942,299.9913,48,60,4
2,199.9942,299.9913,48,61,7
2,199.9942,299.9913,48,62,17
2,199.9942,299.9913,48,63,11
2,199.9942,299.9913,48,64,25
2,199.9942,299.9913,48,65,53
2,199.9942,299.9913,48,66,104
2,199.9942,299.9913,48,67,218
2,199.9942,299.9913,48,68,362
2,199.9942,299.9913,48,69,580
2,199.9942,299.9913,48,70,888
2,199.9942,299.9913,48,71,1112
2,199.9942,299.9913,49,0,1046
2,199.9942,299.9913,49,1,852
2,199.9942,299.9913,49,2,577
2,199.9942,299.9913,49,3,352
2,199.9942,299.9913,49,4,195
2,199.9942,299.9913,49,5,105
2,199.9942,299.9913,49,6,38
2,199.9942,299.9913,49,7,16
2,199.9942,299.9913,49,8,9
2,199.9942,299.9913,49,9,8
2,199.9942,299.9913,49,10,4
2,199.9942,299.9913,49,11,3
2,199.9942,299.9913,49,12,4
2,199.9942,299.9913,49,13,1
2,199.9942,299.9913,49,14,8
2,199.9942,299.9913,49,15,8
2,199.9942,299.9913,49,16,5
2,199.9942,299.9913,49,17,13
2,199.9942,299.9913,49,18,8
2,199.9942,299.9913,49,19,6
2,199.9942,299.9913,49,20,1
2,199.9942,299.9913,49,21,4
2,199.9942,299.9913,49,22,4
2,199.9942,299.9913,49,26,1
2,199.9942,299.9913,49,41,1
2,199.9942,299.9913,49,42,3
2,199.9942,299.9913,49,43,7
2,199.9942,299.9913,49,44,29
2,199.9942,299.9913,49,45,62
2,199.9942,299.9913,49,46,118
2,199.9942,299.9913,49,47,166
2,199.9942,299.9913,49,48,209
2,199.9942,299.9913,49,49,225
2,199.9942,299.9913,49,50,162
2,199.9942,299.9913,49,51,130
2,199.9942,299.9913,49,52,80
2,199.9942,299.9913,49,53,64
2,199.9942,299.9913,49,54,27
2,199.9942,299.9913,49,55,16
2,199.9942,299.9913,49,56,15
2,199.9942,299.9913,49,57,7
2,199.9942,299.9913,49,58,4
2,199.9942,299.9913,49,59,2
2,199.9942,299.9913,49,60,2
2,199.9942,299.9913,49,61,5
2,199.9942,299.9913,49,62,9
2,199.9942,299.9913,49,63,14
2,199.9942,299.9913,49,64,22
2,199.9942,299.9913,49,65,50
2,199.9942,299.9913,49,66,97
2,199.9942,299.9913,49,67,189
2,199.9942,299.9913,49,68,360
2,199.9942,299.9913,49,69,605
2,199.9942,299.9913,49,70,844
2,199.9942,299.9913,49,71,1020
2,199.9942,299.9913,50,0,804
2,199.9942,299.9913,50,1,709
2,199.9942,299.9913,50,2,508
2,199.9942,299.9913,50,3,278
2,199.9942,299.9913,50,4,150
2,199.9942,299.9913,50,5,88
2,199.9942,299.9913,50,6,37
2,199.9942,299.9913,50,7,19
2,199.9942,299.9913,50,8,6
2,199.9942,299.9913,50,9,4
2,199.9942,299.9913,50,10,2
2,199.9942,299.9913,50,11,3
2,199.9942,299.9913,50,12,2
2,199.9942,299.9913,50,13,1
2,199.9942,299.9913,50,14,5
2,199.9942,299.9913,50,15,5
2,199.9942,299.9913,50,16,4
2,199.9942,299.9913,50,17,6
2,199.9942,299.9913,50,18,10
2,199.9942,299.9913,50,19,9
2,199.9942,299.9913,50,20,9
2,199.9942,299.9913,50,21,5
2,199.9942,299.9913,50,22,4
2,199.9942,299.9913,50,23,4
2,199.9942,299.9913,50,24,2
2,199.9942,299.9913,50,25,1
2,199.9942,299.9913,50,40,1
2,199.9942,299.9913,50,41,1
2,199.9942,299.9913,50,42,6
2,199.9942,299.9913,50,43,12
2,199.9942,299.9913,50,44,35
2,199.9942,299.9913,50,45,73
2,199.9942,299.9913,50,46,125
2,199.9942,299.9913,50,47,161
2,199.9942,299.9913,50,48,188
2,199.9942,299.9913,50,49,201
2,199.9942,299.9913,50,50,149
2,199.9942,299.9913,50,51,100
2,199.9942,299.9913,50,52,70
2,199.9942,299.9913,50,53,48
2,199.9942,299.9913,50,54,25
2,199.9942,299.9913,50,55,14
2,199.9942,299.9913,50,56,5
2,199.9942,299.9913,50,57,7
2,199.9942,299.9913,50,58,8
2,199.9942,299.9913,50,59,4
2,199.9942,299.9913,50,60,2
2,199.9942,299.9913,50,61,8
2,199.9942,299.9913,50,62,8
2,199.9942,299.9913,50,63,10
2,199.9942,299.9913,50,64,15
2,199.9942,299.9913,50,65,32
2,199.9942,299.9913,50,66,90
2,199.9942,299.9913,50,67,140
2,199.9942,299.9913,50,68,262
2,199.9942,299.9913,50,69,467
2,199.9942,299.9913,50,70,631
2,199.9942,299.9913,50,71,769
2,199.9942,299.9913,51,0,527
2,199.9942,299.9913,51,1,434
2,199.9942,299.9913,51,2,333
2,199.9942,299.9913,51,3,190
2,199.9942,299.9913,51,4,92
2,199.9942,299.9913,51,5,52
2,199.9942,299.9913,51,6,28
2,199.9942,299.9913,51,7,9
2,199.9942,299.9913,51,8,11
2,199.9942,299.9913,51,9,2
2,199.9942,299.9913,51,10,2
2,199.9942,299.9913,51,12,5
2,199.9942,299.9913,51,13,2
2,199.9942,299.9913,51,14,1
2,199.9942,299.9913,51,15,2
2,199.9942,299.9913,51,16,6
2,199.9942,299.9913,51,17,2
2,199.9942,299.9913,51,18,8
2,199.9942,299.9913,51,19,9
2,199.9942,299.9913,51,20,4
2,199.9942,299.9913,51,21,5
2,199.9942,299.9913,51,22,9
2,199.9942,299.9913,51,23,2
2,199.9942,299.9913,51,24,2
2,199.9942,299.9913,51,26,2
2,199.9942,299.9913,51,27,1
2,199.9942,299.9913,51,42,5
2,199.9942,299.9913,51,43,13
2,199.9942,299.9913,51,44,32
2,199.9942,299.9913,51,45,51
2,199.9942,299.9913,51,46,66
2,199.9942,299.9913,51,47,115
2,199.9942,299.9913,51,48,126
2,199.9942,299.9913,51,49,128
2,199.9942,299.9913,51,50,99
2,199.9942,299.9913,51,51,80
2,199.9942,299.9913,51,52,50
2,199.9942,299.9913,51,53,27
2,199.9942,299.9913,51,54,13
2,199.9942,299.9913,51,55,10
2,199.9942,299.9913,51,56,8
2,199.9942,299.9913,51,57,3
2,199.9942,299.9913,51,58,1
2,199.9942,299.9913,51,59,3
2,199.9942,299.9913,51,61,4
2,199.9942,299.9913,51,62,5
2,199.9942,299.9913,51,63,2
2,199.9942,299.9913,51,64,17
2,199.9942,299.9913,51,65,19
2,199.9942,299.9913,51,66,58
2,199.9942,299.9913,51,67,101
2,199.9942,299.9913,51,68,199
2,199.9942,299.9913,51,69,325
2,199.9942,299.9913,51,70,452
2,199.9942,299.9913,51,71,524
2,199.9942,299.9913,52,0,350
2,199.9942,299.9913,52,1,277
2,199.9942,299.9913,52,2,199
2,199.9942,299.9913,52,3,111
2,199.9942,299.9913,52,4,71
2,199.9942,299.9913,52,5,27
2,199.9942,299.9913,52,6,22
2,199.9942,299.9913,52,7,10
2,199.9942,299.9913,52,8,6
2,199.9942,299.9913,52,9,2
2,199.9942,299.9913,52,10,6
2,199.9942,299.9913,52,12,2
2,199.9942,299.9913,52,13,1
2,199.9942,299.9913,52,15,5
2,199.9942,299.9913,52,16,6
2,199.9942,299.9913,52,17,3
2,199.9942,299.9913,52,18,6
2,199.9942,299.9913,52,19,8
2,199.9942,299.9913,52,20,7
2,199.9942,299.9913,52,21,8
2,199.9942,299.9913,52,22,9
2,199.9942,299.9913,52,23,6
2,199.9942,299.9913,52,24,1
2,199.9942,299.9913,52,25,3
2,199.9942,299.9913,52,26,1
2,199.9942,299.9913,52,40,1
2,199.9942,299.9913,52,43,4
2,199.9942,299.9913,52,44,15
2,199.9942,299.9913,52,45,40
2,199.9942,299.9913,52,46,50
2,199.9942,299.9913,52,47,86
2,199.9942,299.9913,52,48,78
2,199.9942,299.9913,52,49,79
2,199.9942,299.9913,52,50,71
2,199.9942,299.9913,52,51,55
2,199.9942,299.9913,52,52,29
2,199.9942,299.9913,52,53,13
2,199.9942,299.9913,52,54,7
2,199.9942,299.9913,52,55,6
2,199.9942,299.9913,52,56,3
2,199.9942,299.9913,52,57,1
2,199.9942,299.9913,52,58,1
2,199.9942,299.9913,52,61,2
2,199.9942,299.9913,52,62,1
2,199.9942,299.9913,52,63,4
2,199.9942,299.9913,52,64,7
2,199.9942,299.9913,52,65,16
2,199.9942,299.9913,52,66,30
2,199.9942,299.9913,52,67,68
2,199.9942,299.9913,52,68,121
2,199.9942,299.9913,52,69,203
2,199.9942,299.9913,52,70,288
2,199.9942,299.9913,52,71,326
2,199.9942,299.9913,53,0,189
2,199.9942,299.9913,53,1,158
2,199.9942,299.9913,53,2,112
2,199.9942,299.9913,53,3,76
2,199.9942,299.9913,53,4,34
2,199.9942,299.9913,53,5,16
2,199.9942,299.9913,53,6,11
2,199.9942,299.9913,53,7,2
2,199.9942,299.9913,53,8,1
2,199.9942,299.9913,53,10,1
2,199.9942,299.9913,53,11,1
2,199.9942,299.9913,53,12,2
2,199.9942,299.9913,53,13,3
2,199.9942,299.9913,53,14,4
2,199.9942,299.9913,53,15,2
2,199.9942,299.9913,53,16,3
2,199.9942,299.9913,53,17,3
2,199.9942,299.9913,53,18,4
2,199.9942,299.9913,53,19,7
2,199.9942,299.9913,53,20,2
2,199.9942,299.9913,53,21,12
2,199.9942,299.9913,53,22,7
2,199.9942,299.9913,53,23,4
2,199.9942,299.9913,53,24,4
2,199.9942,299.9913,53,25,4
2,199.9942,299.9913,53,26,1
2,199.9942,299.9913,53,27,1
2,199.9942,299.9913,53,28,1
2,199.9942,299.9913,53,39,1
2,199.9942,299.9913,53,41,2
2,199.9942,299.9913,53,42,2
2,199.9942,299.9913,53,43,7
2,199.9942,299.9913,53,44,14
2,199.9942,299.9913,53,45,20
2,199.9942,299.9913,53,46,38
2,199.9942,299.9913,53,47,58
2,199.9942,299.9913,53,48,54
2,199.9942,299.9913,53,49,61
2,199.9942,299.9913,53,50,33
2,199.9942,299.9913,53,51,28
2,199.9942,299.9913,53,52,19
2,199.9942,299.9913,53,53,8
2,199.9942,299.9913,53,54,8
2,199.9942,299.9913,53,55,5
2,199.9942,299.9913,53,56,1
2,199.9942,299.9913,53,57,1
2,199.9942,299.9913,53,58,1
2,199.9942,299.9913,53,59,2
2,199.9942,299.9913,53,61,2
2,199.9942,299.9913,53,63,3
2,199.9942,299.9913,53,64,3
2,199.9942,299.9913,53,65,6
2,199.9942,299.9913,53,66,17
2,199.9942,299.9913,53,67,37
2,199.9942,299.9913,53,68,81
2,199.9942,299.9913,53,69,131
2,199.9942,299.9913,53,70,167
2,199.9942,299.9913,53,71,193
2,199.9942,299.9913,54,0,106
2,199.9942,299.9913,54,1,79
2,199.9942,299.9913,54,2,70
2,199.9942,299.9913,54,3,30
2,199.9942,299.9913,54,4,20
2,199.9942,299.9913,54,5,8
2,199.9942,299.9913,54,6,4
2,199.9942,299.9913,54,7,3
2,199.9942,299.9913,54,13,1
2,199.9942,299.9913,54,16,2
2,199.9942,299.9913,54,17,1
2,199.9942,299.9913,54,18,5
2,199.9942,299.9913,54,19,6
2,199.9942,299.9913,54,20,9
2,199.9942,299.9913,54,21,9
2,199.9942,299.9913,54,22,9
2,199.9942,299.9913,54,23,8
2,199.9942,299.9913,54,24,3
2,199.9942,299.9913,54,26,2
2,199.9942,299.9913,54,27,1
2,199.9942,299.9913,54,42,2
2,199.9942,299.9913,54,43,1
2,199.9942,299.9913,54,44,9
2,199.9942,299.9913,54,45,15
2,199.9942,299.9913,54,46,19
2,199.9942,299.9913,54,47,26
2,199.9942,299.9913,54,48,33
2,199.9942,299.9913,54,49,28
2,199.9942,299.9913,54,50,22
2,199.9942,299.9913,54,51,12
2,199.9942,299.9913,54,52,12
2,199.9942,299.9913,54,53,3
2,199.9942,299.9913,54,54,4
2,199.9942,299.9913,54,56,1
2,199.9942,299.9913,54,58,1
2,199.9942,299.9913,54,61,2
2,199.9942,299.9913,54,62,2
2,199.9942,299.9913,54,63,1
2,199.9942,299.9913,54,64,4
2,199.9942,299.9913,54,65,3
2,199.9942,299.9913,54,66,9
2,199.9942,299.9913,54,67,17
2,199.9942,299.9913,54,68,45
2,199.9942,299.9913,54,69,59
2,199.9942,299.9913,54,70,79
2,199.9942,299.9913,54,71,109
2,199.9942,299.9913,55,0,58
2,199.9942,299.9913,55,1,32
2,199.9942,299.9913,55,2,35
2,199.9942,299.9913,55,3,16
2,199.9942,299.9913,55,4,15
2,199.9942,299.9913,55,5,11
2,199.9942,299.9913,55,6,1
2,199.9942,299.9913,55,7,1
2,199.9942,299.9913,55,8,2
2,199.9942,299.9913,55,9,1
2,199.9942,299.9913,55,13,2
2,199.9942,299.9913,55,14,1
2,199.9942,299.9913,55,16,1
2,199.9942,299.9913,55,17,1
2,199.9942,299.9913,55,18,2
2,199.9942,299.9913,55,19,1
2,199.9942,299.9913,55,20,5
2,199.9942,299.9913,55,21,2
2,199.9942,299.9913,55,22,8
2,199.9942,299.9913,55,23,7
2,199.9942,299.9913,55,24,4
2,199.9942,299.9913,55,25,2
2,199.9942,299.9913,55,27,1
2,199.9942,299.9913,55,29,1
2,199.9942,299.9913,55,42,1
2,199.9942,299.9913,55,43,1
2,199.9942,299.9913,55,44,6
2,199.9942,299.9913,55,45,7
2,199.9942,299.9913,55,46,10
2,199.9942,299.9913,55,47,19
2,199.9942,299.9913,55,48,17
2,199.9942,299.9913,55,49,15
2,199.9942,299.9913,55,50,7
2,199.9942,299.9913,55,51,5
2,199.9942,299.9913,55,52,11
2,199.9942,299.9913,55,53,4
2,199.9942,299.9913,55,55,1
2,199.9942,299.9913,55,56,1
2,199.9942,299.9913,55,58,1
2,199.9942,299.9913,55,59,1
2,199.9942,299.9913,55,60,1
2,199.9942,299.9913,55,62,1
2,199.9942,299.9913,55,65,1
2,199.9942,299.9913,55,66,3
2,199.9942,299.9913,55,67,14
2,199.9942,299.9913,55,68,18
2,199.9942,299.9913,55,69,38
2,199.9942,299.9913,55,70,42
2,199.9942,299.9913,55,71,64
2,199.9942,299.9913,56,0,34
2,199.9942,299.9913,56,1,38
2,199.9942,299.9913,56,2,27
2,199.9942,299.9913,56,3,15
2,199.9942,299.9913,56,4,5
2,199.9942,299.9913,56,5,6
2,199.9942,299.9913,56,6,1
2,199.9942,299.9913,56,7,2
2,199.9942,299.9913,56,13,1
2,199.9942,299.9913,56,14,1
2,199.9942,299.9913,56,18,4
2,199.9942,299.9913,56,19,2
2,199.9942,299.9913,56,20,5
2,199.9942,299.9913,56,21,3
2,199.9942,299.9913,56,22,3
2,199.9942,299.9913,56,23,4
2,199.9942,299.9913,56,24,2
2,199.9942,299.9913,56,25,3
2,199.9942,299.9913,56,27,1
2,199.9942,299.9913,56,28,1
2,199.9942,299.9913,56,41,1
2,199.9942,299.9913,56,43,1
2,199.9942,299.9913,56,44,1
2,199.9942,299.9913,56,45,4
2,199.9942,299.9913,56,46,11
2,199.9942,299.9913,56,47,6
2,199.9942,299.9913,56,48,12
2,199.9942,299.9913,56,49,10
2,199.9942,299.9913,56,50,10
2,199.9942,299.9913,56,51,4
2,199.9942,299.9913,56,52,3
2,199.9942,299.9913,56,53,1
2,199.9942,299.9913,56,56,1
2,199.9942,299.9913,56,57,1
2,199.9942,299.9913,56,62,1
2,199.9942,299.9913,56,65,3
2,199.9942,299.9913,56,66,6
2,199.9942,299.9913,56,67,5
2,199.9942,299.9913,56,68,14
2,199.9942,299.9913,56,69,15
2,199.9942,299.9913,56,70,28
2,199.9942,299.9913,56,71,34
2,199.9942,299.9913,57,0,23
2,199.9942,299.9913,57,1,17
2,199.9942,299.9913,57,2,8
2,199.9942,299.9913,57,3,12
2,199.9942,299.9913,57,4,7
2,199.9942,299.9913,57,5,1
2,199.9942,299.9913,57,7,2
2,199.9942,299.9913,57,13,1
2,199.9942,299.9913,57,15,1
2,199.9942,299.9913,57,16,1
2,199.9942,299.9913,57,18,2
2,199.9942,299.9913,57,19,4
2,199.9942,299.9913,57,20,2
2,199.9942,299.9913,57,21,2
2,199.9942,299.9913,57,22,5
2,199.9942,299.9913,57,23,5
2,199.9942,299.9913,57,24,5
2,199.9942,299.9913,57,25,2
2,199.9942,299.9913,57,26,1
2,199.9942,299.9913,57,29,1
2,199.9942,299.9913,57,41,1
2,199.9942,299.9913,57,44,2
2,199.9942,299.9913,57,45,4
2,199.9942,299.9913,57,46,4
2,199.9942,299.9913,57,47,4
2,199.9942,299.9913,57,48,9
2,199.9942,299.9913,57,49,4
2,199.9942,299.9913,57,50,6
2,199.9942,299.9913,57,51,6
2,199.9942,299.9913,57,52,1
2,199.9942,299.9913,57,64,1
2,199.9942,299.9913,57,65,1
2,199.9942,299.9913,57,66,1
2,199.9942,299.9913,57,67,3
2,199.9942,299.9913,57,68,8
2,199.9942,299.9913,57,69,10
2,199.9942,299.9913,57,70,14
2,199.9942,299.9913,57,71,22
2,199.9942,299.9913,58,0,10
2,199.9942,299.9913,58,1,17
2,199.9942,299.9913,58,2,9
2,199.9942,299.9913,58,3,7
2,199.9942,299.9913,58,4,4
2,199.9942,299.9913,58,5,1
2,199.9942,299.9913,58,6,1
2,199.9942,299.9913,58,8,1
2,199.9942,299.9913,58,15,1
2,199.9942,299.9913,58,17,1
2,199.9942,299.9913,58,18,1
2,199.9942,299.9913,58,19,2
2,199.9942,299.9913,58,20,3
2,199.9942,299.9913,58,21,4
2,199.9942,299.9913,58,22,3
2,199.9942,299.9913,58,23,6
2,199.9942,299.9913,58,24,2
2,199.9942,299.9913,58,25,1
2,199.9942,299.9913,58,26,2
2,199.9942,299.9913,58,37,1
2,199.9942,299.9913,58,45,3
2,199.9942,299.9913,58,46,2
2,199.9942,299.9913,58,47,7
2,199.9942,299.9913,58,48,5
2,199.9942,299.9913,58,49,5
2,199.9942,299.9913,58,50,4
2,199.9942,299.9913,58,51,1
2,199.9942,299.9913,58,52,2
2,199.9942,299.9913,58,54,1
2,199.9942,299.9913,58,66,1
2,199.9942,299.9913,58,67,4
2,199.9942,299.9913,58,68,12
2,199.9942,299.9913,58,69,11
2,199.9942,299.9913,58,70,16
2,199.9942,299.9913,58,71,17
2,199.9942,299.9913,59,0,18
2,199.9942,299.9913,59,1,9
2,199.9942,299.9913,59,2,11
2,199.9942,299.9913,59,3,6
2,199.9942,299.9913,59,4,3
2,199.9942,299.9913,59,5,2
2,199.9942,299.9913,59,7,1
2,199.9942,299.9913,59,13,2
2,199.9942,299.9913,59,17,1
2,199.9942,299.9913,59,18,1
2,199.9942,299.9913,59,19,3
2,199.9942,299.9913,59,20,1
2,199.9942,299.9913,59,21,2
2,199.9942,299.9913,59,22,6
2,199.9942,299.9913,59,23,1
2,199.9942,299.9913,59,24,3
2,199.9942,299.9913,59,25,1
2,199.9942,299.9913,59,26,1
2,199.9942,299.9913,59,27,1
2,199.9942,299.9913,59,41,1
2,199.9942,299.9913,59,43,1
2,199.9942,299.9913,59,44,1
2,199.9942,299.9913,59,45,3
2,199.9942,299.9913,59,46,4
2,199.9942,299.9913,59,47,4
2,199.9942,299.9913,59,48,5
2,199.9942,299.9913,59,49,5
2,199.9942,299.9913,59,50,1
2,199.9942,299.9913,59,51,4
2,199.9942,299.9913,59,52,2
2,199.9942,299.9913,59,53,1
2,199.9942,299.9913,59,54,1
2,199.9942,299.9913,59,65,1
2,199.9942,299.9913,59,66,4
2,199.9942,299.9913,59,67,4
2,199.9942,299.9913,59,68,3
2,199.9942,299.9913,59,69,9
2,199.9942,299.9913,59,70,16
2,199.9942,299.9913,59,71,22
2,199.9942,299.9913,60,0,22
2,199.9942,299.9913,60,1,8
2,199.9942,299.9913,60,2,10
2,199.9942,299.9913,60,3,5
2,199.9942,299.9913,60,4,2
2,199.9942,299.9913,60,15,1
2,199.9942,299.9913,60,17,1
2,199.9942,299.9913,60,18,2
2,199.9942,299.9913,60,19,4
2,199.9942,299.9913,60,20,1
2,199.9942,299.9913,60,21,3
2,199.9942,299.9913,60,22,4
2,199.9942,299.9913,60,23,1
2,199.9942,299.9913,60,24,2
2,199.9942,299.9913,60,25,4
2,199.9942,299.9913,60,26,1
2,199.9942,299.9913,60,27,2
2,199.9942,299.9913,60,29,1
2,199.9942,299.9913,60,45,4
2,199.9942,299.9913,60,46,5
2,199.9942,299.9913,60,47,2
2,199.9942,299.9913,60,48,6
2,199.9942,299.9913,60,49,4
2,199.9942,299.9913,60,50,5
2,199.9942,299.9913,60,51,1
2,199.9942,299.9913,60,52,2
2,199.9942,299.9913,60,53,2
2,199.9942,299.9913,60,54,1
2,199.9942,299.9913,60,61,1
2,199.9942,299.9913,60,63,1
2,199.9942,299.9913,60,64,1
2,199.9942,299.9913,60,65,1
2,199.9942,299.9913,60,66,3
2,199.9942,299.9913,60,67,2
2,199.9942,299.9913,60,68,14
2,199.9942,299.9913,60,69,7
2,199.9942,299.9913,60,70,13
2,199.9942,299.9913,60,71,11
2,199.9942,299.9913,61,0,26
2,199.9942,299.9913,61,1,16
2,199.9942,299.9913,61,2,15
2,199.9942,299.9913,61,3,11
2,199.9942,299.9913,61,4,5
2,199.9942,299.9913,61,5,4
2,199.9942,299.9913,61,9,3
2,199.9942,299.9913,61,14,1
2,199.9942,299.9913,61,16,1
2,199.9942,299.9913,61,18,2
2,199.9942,299.9913,61,19,1
2,199.9942,299.9913,61,20,1
2,199.9942,299.9913,61,21,4
2,199.9942,299.9913,61,22,3
2,199.9942,299.9913,61,23,11
2,199.9942,299.9913,61,24,7
2,199.9942,299.9913,61,25,8
2,199.9942,299.9913,61,26,1
2,199.9942,299.9913,61,42,1
2,199.9942,299.9913,61,43,2
2,199.9942,299.9913,61,45,3
2,199.9942,299.9913,61,46,7
2,199.9942,299.9913,61,47,4
2,199.9942,299.9913,61,48,3
2,199.9942,299.9913,61,49,7
2,199.9942,299.9913,61,50,2
2,199.9942,299.9913,61,51,4
2,199.9942,299.9913,61,52,3
2,199.9942,299.9913,61,53,1
2,199.9942,299.9913,61,54,2
2,199.9942,299.9913,61,55,1
2,199.9942,299.9913,61,60,1
2,199.9942,299.9913,61,62,1
2,199.9942,299.9913,61,64,2
2,199.9942,299.9913,61,67,4
2,199.9942,299.9913,61,68,7
2,199.9942,299.9913,61,69,16
2,199.9942,299.9913,61,70,20
2,199.9942,299.9913,61,71,20
2,199.9942,299.9913,62,0,36
2,199.9942,299.9913,62,1,38
2,199.9942,299.9913,62,2,21
2,199.9942,299.9913,62,3,20
2,199.9942,299.9913,62,4,9
2,199.9942,299.9913,62,5,3
2,199.9942,299.9913,62,6,3
2,199.9942,299.9913,62,14,1
2,199.9942,299.9913,62,15,1
2,199.9942,299.9913,62,17,2
2,199.9942,299.9913,62,18,2
2,199.9942,299.9913,62,20,3
2,199.9942,299.9913,62,21,9
2,199.9942,299.9913,62,22,6
2,199.9942,299.9913,62,23,1
2,199.9942,299.9913,62,24,5
2,199.9942,299.9913,62,25,4
2,199.9942,299.9913,62,26,2
2,199.9942,299.9913,62,27,4
2,199.9942,299.9913,62,28,1
2,199.9942,299.9913,62,44,4
2,199.9942,299.9913,62,45,3
2,199.9942,299.9913,62,46,7
2,199.9942,299.9913,62,47,6
2,199.9942,299.9913,62,48,11
2,199.9942,299.9913,62,49,6
2,199.9942,299.9913,62,50,4
2,199.9942,299.9913,62,51,3
2,199.9942,299.9913,62,52,1
2,199.9942,299.9913,62,53,2
2,199.9942,299.9913,62,58,1
2,199.9942,299.9913,62,65,2
2,199.9942,299.9913,62,66,6
2,199.9942,299.9913,62,67,13
2,199.9942,299.9913,62,68,12
2,199.9942,299.9913,62,69,16
2,199.9942,299.9913,62,70,29
2,199.9942,299.9913,62,71,55
2,199.9942,299.9913,63,0,64
2,199.9942,299.9913,63,1,50
2,199.9942,299.9913,63,2,26
2,199.9942,299.9913,63,3,19
2,199.9942,299.9913,63,4,8
2,199.9942,299.9913,63,5,5
2,199.9942,299.9913,63,6,1
2,199.9942,299.9913,63,7,2
2,199.9942,299.9913,63,8,1
2,199.9942,299.9913,63,15,2
2,199.9942,299.9913,63,16,1
2,199.9942,299.9913,63,17,2
2,199.9942,299.9913,63,18,6
2,199.9942,299.9913,63,19,9
2,199.9942,299.9913,63,20,11
2,199.9942,299.9913,63,21,6
2,199.9942,299.9913,63,22,15
2,199.9942,299.9913,63,23,10
2,199.9942,299.9913,63,24,13
2,199.9942,299.9913,63,25,7
2,199.9942,299.9913,63,26,4
2,199.9942,299.9913,63,27,3
2,199.9942,299.9913,63,29,1
2,199.9942,299.9913,63,35,1
2,199.9942,299.9913,63,44,2
2,199.9942,299.9913,63,45,7
2,199.9942,299.9913,63,46,15
2,199.9942,299.9913,63,47,8
2,199.9942,299.9913,63,48,21
2,199.9942,299.9913,63,49,16
2,199.9942,299.9913,63,50,10
2,199.9942,299.9913,63,51,5
2,199.9942,299.9913,63,52,2
2,199.9942,299.9913,63,53,1
2,199.9942,299.9913,63,54,2
2,199.9942,299.9913,63,55,1
2,199.9942,299.9913,63,57,1
2,199.9942,299.9913,63,58,1
2,199.9942,299.9913,63,59,1
2,199.9942,299.9913,63,61,2
2,199.9942,299.9913,63,65,2
2,199.9942,299.9913,63,66,6
2,199.9942,299.9913,63,67,12
2,199.9942,299.9913,63,68,16
2,199.9942,299.9913,63,69,29
2,199.9942,299.9913,63,70,49
2,199.9942,299.9913,63,71,76
2,199.9942,299.9913,64,0,105
2,199.9942,299.9913,64,1,82
2,199.9942,299.9913,64,2,65
2,199.9942,299.9913,64,3,47
2,199.9942,299.9913,64,4,23
2,199.9942,299.9913,64,5,20
2,199.9942,299.9913,64,6,9
2,199.9942,299.9913,64,7,5
2,199.9942,299.9913,64,8,1
2,199.9942,299.9913,64,9,2
2,199.9942,299.9913,64,11,1
2,199.9942,299.9913,64,16,1
2,199.9942,299.9913,64,17,2
2,199.9942,299.9913,64,18,9
2,199.9942,299.9913,64,19,11
2,199.9942,299.9913,64,20,14
2,199.9942,299.9913,64,21,21
2,199.9942,299.9913,64,22,23
2,199.9942,299.9913,64,23,18
2,199.9942,299.9913,64,24,19
2,199.9942,299.9913,64,25,17
2,199.9942,299.9913,64,26,14
2,199.9942,299.9913,64,27,7
2,199.9942,299.9913,64,28,5
2,199.9942,299.9913,64,31,1
2,199.9942,299.9913,64,35,1
2,199.9942,299.9913,64,41,1
2,199.9942,299.9913,64,42,2
2,199.9942,299.9913,64,43,1
2,199.9942,299.9913,64,44,4
2,199.9942,299.9913,64,45,17
2,199.9942,299.9913,64,46,12
2,199.9942,299.9913,64,47,28
2,199.9942,299.9913,64,48,22
2,199.9942,299.9913,64,49,30
2,199.9942,299.9913,64,50,26
2,199.9942,299.9913,64,51,17
2,199.9942,299.9913,64,52,11
2,199.9942,299.9913,64,53,3
2,199.9942,299.9913,64,54,2
2,199.9942,299.9913,64,57,3
2,199.9942,299.9913,64,59,1
2,199.9942,299.9913,64,61,2
2,199.9942,299.9913,64,62,1
2,199.9942,299.9913,64,63,3
2,199.9942,299.9913,64,64,4
2,199.9942,299.9913,64,65,4
2,199.9942,299.9913,64,66,10
2,199.9942,299.9913,64,67,24
2,199.9942,299.9913,64,68,48
2,199.9942,299.9913,64,69,79
2,199.9942,299.9913,64,70,99
2,199.9942,299.9913,64,71,114
2,199.9942,299.9913,65,0,233
2,199.9942,299.9913,65,1,199
2,199.9942,299.9913,65,2,135
2,199.9942,299.9913,65,3,69
2,199.9942,299.9913,65,4,47
2,199.9942,299.9913,65,5,27
2,199.9942,299.9913,65,6,10
2,199.9942,299.9913,65,7,5
2,199.9942,299.9913,65,8,5
2,199.9942,299.9913,65,9,2
2,199.9942,299.9913,65,10,1
2,199.9942,299.9913,65,11,1
2,199.9942,299.9913,65,12,1
2,199.9942,299.9913,65,13,2
2,199.9942,299.9913,65,14,1
2,199.9942,299.9913,65,15,3
2,199.9942,299.9913,65,16,4
2,199.9942,299.9913,65,17,11
2,199.9942,299.9913,65,18,14
2,199.9942,299.9913,65,19,13
2,199.9942,299.9913,65,20,23
2,199.9942,299.9913,65,21,28
2,199.9942,299.9913,65,22,54
2,199.9942,299.9913,65,23,51
2,199.9942,299.9913,65,24,35
2,199.9942,299.9913,65,25,38
2,199.9942,299.9913,65,26,26
2,199.9942,299.9913,65,27,11
2,199.9942,299.9913,65,28,4
2,199.9942,299.9913,65,29,3
2,199.9942,299.9913,65,31,1
2,199.9942,299.9913,65,32,1
2,199.9942,299.9913,65,33,1
2,199.9942,299.9913,65,37,1
2,199.9942,299.9913,65,41,1
2,199.9942,299.9913,65,42,2
2,199.9942,299.9913,65,43,6
2,199.9942,299.9913,65,44,16
2,199.9942,299.9913,65,45,23
2,199.9942,299.9913,65,46,39
2,199.9942,299.9913,65,47,46
2,199.9942,299.9913,65,48,52
2,199.9942,299.9913,65,49,39
2,199.9942,299.9913,65,50,46
2,199.9942,299.9913,65,51,23
2,199.9942,299.9913,65,52,15
2,199.9942,299.9913,65,53,7
2,199.9942,299.9913,65,54,1
2,199.9942,299.9913,65,55,4
2,199.9942,299.9913,65,56,1
2,199.9942,299.9913,65,57,4
2,199.9942,299.9913,65,60,1
2,199.9942,299.9913,65,61,1
2,199.9942,299.9913,65,62,1
2,199.9942,299.9913,65,63,2
2,199.9942,299.9913,65,64,8
2,199.9942,299.9913,65,65,7
2,199.9942,299.9913,65,66,22
2,199.9942,299.9913,65,67,51
2,199.9942,299.9913,65,68,71
2,199.9942,299.9913,65,69,132
2,199.9942,299.9913,65,70,189
2,199.9942,299.9913,65,71,236
2,199.9942,299.9913,66,0,496
2,199.9942,299.9913,66,1,391
2,199.9942,299.9913,66,2,292
2,199.9942,299.9913,66,3,170
2,199.9942,299.9913,66,4,97
2,199.9942,299.9913,66,5,45
2,199.9942,299.9913,66,6,20
2,199.9942,299.9913,66,7,13
2,199.9942,299.9913,66,8,6
2,199.9942,299.9913,66,9,4
2,199.9942,299.9913,66,10,1
2,199.9942,299.9913,66,11,2
2,199.9942,299.9913,66,12,1
2,199.9942,299.9913,66,13,2
2,199.9942,299.9913,66,14,5
2,199.9942,299.9913,66,15,4
2,199.9942,299.9913,66,16,4
2,199.9942,299.9913,66,17,11
2,199.9942,299.9913,66,18,17
2,199.9942,299.9913,66,19,36
2,199.9942,299.9913,66,20,49
2,199.9942,299.9913,66,21,95
2,199.9942,299.9913,66,22,94
2,199.9942,299.9913,66,23,116
2,199.9942,299.9913,66,24,82
2,199.9942,299.9913,66,25,71
2,199.9942,299.9913,66,26,41
2,199.9942,299.9913,66,27,25
2,199.9942,299.9913,66,28,14
2,199.9942,299.9913,66,29,9
2,199.9942,299.9913,66,30,3
2,199.9942,299.9913,66,31,1
2,199.9942,299.9913,66,32,1
2,199.9942,299.9913,66,34,1
2,199.9942,299.9913,66,36,1
2,199.9942,299.9913,66,39,2
2,199.9942,299.9913,66,40,4
2,199.9942,299.9913,66,41,3
2,199.9942,299.9913,66,42,8
2,199.9942,299.9913,66,43,17
2,199.9942,299.9913,66,44,24
2,199.9942,299.9913,66,45,54
2,199.9942,299.9913,66,46,75
2,199.9942,299.9913,66,47,110
2,199.9942,299.9913,66,48,121
2,199.9942,299.9913,66,49,98
2,199.9942,299.9913,66,50,77
2,199.9942,299.9913,66,51,54
2,199.9942,299.9913,66,52,42
2,199.9942,299.9913,66,53,15
2,199.9942,299.9913,66,54,10
2,199.9942,299.9913,66,55,6
2,199.9942,299.9913,66,56,2
2,199.9942,299.9913,66,57,4
2,199.9942,299.9913,66,58,1
2,199.9942,299.9913,66,60,3
2,199.9942,299.9913,66,61,1
2,199.9942,299.9913,66,62,1
2,199.9942,299.9913,66,63,6
2,199.9942,299.9913,66,64,12
2,199.9942,299.9913,66,65,19
2,199.9942,299.9913,66,66,50
2,199.9942,299.9913,66,67,97
2,199.9942,299.9913,66,68,188
2,199.9942,299.9913,66,69,261
2,199.9942,299.9913,66,70,362
2,199.9942,299.9913,66,71,444
2,199.9942,299.9913,67,0,1029
2,199.9942,299.9913,67,1,801
2,199.9942,299.9913,67,2,565
2,199.9942,299.9913,67,3,360
2,199.9942,299.9913,67,4,190
2,199.9942,299.9913,67,5,107
2,199.9942,299.9913,67,6,46
2,199.9942,299.9913,67,7,26
2,199.9942,299.9913,67,8,12
2,199.9942,299.9913,67,9,7
2,199.9942,299.9913,67,10,5
2,199.9942,299.9913,67,11,6
2,199.9942,299.9913,67,12,5
2,199.9942,299.9913,67,13,6
2,199.9942,299.9913,67,14,3
2,199.9942,299.9913,67,15,7
2,199.9942,299.9913,67,16,16
2,199.9942,299.9913,67,17,24
2,199.9942,299.9913,67,18,30
2,199.9942,299.9913,67,19,67
2,199.9942,299.9913,67,20,99
2,199.9942,299.9913,67,21,153
2,199.9942,299.9913,67,22,189
2,199.9942,299.9913,67,23,243
2,199.9942,299.9913,67,24,244
2,199.9942,299.9913,67,25,166
2,199.9942,299.9913,67,26,107
2,199.9942,299.9913,67,27,62
2,199.9942,299.9913,67,28,31
2,199.9942,299.9913,67,29,15
2,199.9942,299.9913,67,30,8
2,199.9942,299.9913,67,31,4
2,199.9942,299.9913,67,32,1
2,199.9942,299.9913,67,34,1
2,199.9942,299.9913,67,39,2
2,199.9942,299.9913,67,40,2
2,199.9942,299.9913,67,41,8
2,199.9942,299.9913,67,42,11
2,199.9942,299.9913,67,43,23
2,199.9942,299.9913,67,44,40
2,199.9942,299.9913,67,45,101
2,199.9942,299.9913,67,46,159
2,199.9942,299.9913,67,47,209
2,199.9942,299.9913,67,48,236
2,199.9942,299.9913,67,49,223
2,199.9942,299.9913,67,50,184
2,199.9942,299.9913,67,51,104
2,199.9942,299.9913,67,52,50
2,199.9942,299.9913,67,53,32
2,199.9942,299.9913,67,54,21
2,199.9942,299.9913,67,55,10
2,199.9942,299.9913,67,56,5
2,199.9942,299.9913,67,57,5
2,199.9942,299.9913,67,58,6
2,199.9942,299.9913,67,59,6
2,199.9942,299.9913,67,60,4
2,199.9942,299.9913,67,61,3
2,199.9942,299.9913,67,62,7
2,199.9942,299.9913,67,63,16
2,199.9942,299.9913,67,64,30
2,199.9942,299.9913,67,65,54
2,199.9942,299.9913,67,66,104
2,199.9942,299.9913,67,67,159
2,199.9942,299.9913,67,68,342
2,199.9942,299.9913,67,69,589
2,199.9942,299.9913,67,70,823
2,199.9942,299.9913,67,71,924
2,199.9942,299.9913,68,0,1719
2,199.9942,299.9913,68,1,1435
2,199.9942,299.9913,68,2,1065
2,199.9942,299.9913,68,3,638
2,199.9942,299.9913,68,4,320
2,199.9942,299.9913,68,5,158
2,199.9942,299.9913,68,6,88
2,199.9942,299.9913,68,7,46
2,199.9942,299.9913,68,8,27
2,199.9942,299.9913,68,9,10
2,199.9942,299.9913,68,10,15
2,199.9942,299.9913,68,11,5
2,199.9942,299.9913,68,12,8
2,199.9942,299.9913,68,13,7
2,199.9942,299.9913,68,14,7
2,199.9942,299.9913,68,15,18
2,199.9942,299.9913,68,16,26
2,199.9942,299.9913,68,17,32
2,199.9942,299.9913,68,18,64
2,199.9942,299.9913,68,19,127
2,199.9942,299.9913,68,20,191
2,199.9942,299.9913,68,21,323
2,199.9942,299.9913,68,22,412
2,199.9942,299.9913,68,23,430
2,199.9942,299.9913,68,24,384
2,199.9942,299.9913,68,25,315
2,199.9942,299.9913,68,26,165
2,199.9942,299.9913,68,27,104
2,199.9942,299.9913,68,28,44
2,199.9942,299.9913,68,29,22
2,199.9942,299.9913,68,30,8
2,199.9942,299.9913,68,31,4
2,199.9942,299.9913,68,32,7
2,199.9942,299.9913,68,33,2
2,199.9942,299.9913,68,35,1
2,199.9942,299.9913,68,36,2
2,199.9942,299.9913,68,39,4
2,199.9942,299.9913,68,40,8
2,199.9942,299.9913,68,41,9
2,199.9942,299.9913,68,42,25
2,199.9942,299.9913,68,43,58
2,199.9942,299.9913,68,44,110
2,199.9942,299.9913,68,45,182
2,199.9942,299.9913,68,46,282
2,199.9942,299.9913,68,47,392
2,199.9942,299.9913,68,48,425
2,199.9942,299.9913,68,49,388
2,199.9942,299.9913,68,50,307
2,199.9942,299.9913,68,51,235
2,199.9942,299.9913,68,52,153
2,199.9942,299.9913,68,53,83
2,199.9942,299.9913,68,54,44
2,199.9942,299.9913,68,55,13
2,199.9942,299.9913,68,56,15
2,199.9942,299.9913,68,57,8
2,199.9942,299.9913,68,58,9
2,199.9942,299.9913,68,59,8
2,199.9942,299.9913,68,60,3
2,199.9942,299.9913,68,61,10
2,199.9942,299.9913,68,62,15
2,199.9942,299.9913,68,63,19
2,199.9942,299.9913,68,64,30
2,199.9942,299.9913,68,65,76
2,199.9942,299.9913,68,66,135
2,199.9942,299.9913,68,67,309
2,199.9942,299.9913,68,68,665
2,199.9942,299.9913,68,69,1075
2,199.9942,299.9913,68,70,1505
2,199.9942,299.9913,68,71,1772
2,199.9942,299.9913,69,0,2909
2,199.9942,299.9913,69,1,2364
2,199.9942,299.9913,69,2,1671
2,199.9942,299.9913,69,3,1011
2,199.9942,299.9913,69,4,533
2,199.9942,299.9913,69,5,284
2,199.9942,299.9913,69,6,143
2,199.9942,299.9913,69,7,75
2,199.9942,299.9913,69,8,38
2,199.9942,299.9913,69,9,17
2,199.9942,299.9913,69,10,13
2,199.9942,299.9913,69,11,11
2,199.9942,299.9913,69,12,9
2,199.9942,299.9913,69,13,12
2,199.9942,299.9913,69,14,5
2,199.9942,299.9913,69,15,13
2,199.9942,299.9913,69,16,27
2,199.9942,299.9913,69,17,66
2,199.9942,299.9913,69,18,125
2,199.9942,299.9913,69,19,218
2,199.9942,299.9913,69,20,329
2,199.9942,299.9913,69,21,433
2,199.9942,299.9913,69,22,684
2,199.9942,299.9913,69,23,646
2,199.9942,299.9913,69,24,641
2,199.9942,299.9913,69,25,447
2,199.9942,299.9913,69,26,284
2,199.9942,299.9913,69,27,165
2,199.9942,299.9913,69,28,62
2,199.9942,299.9913,69,29,40
2,199.9942,299.9913,69,30,15
2,199.9942,299.9913,69,31,9
2,199.9942,299.9913,69,32,5
2,199.9942,299.9913,69,33,2
2,199.9942,299.9913,69,34,2
2,199.9942,299.9913,69,36,1
2,199.9942,299.9913,69,38,3
2,199.9942,299.9913,69,39,5
2,199.9942,299.9913,69,40,6
2,199.9942,299.9913,69,41,20
2,199.9942,299.9913,69,42,35
2,199.9942,299.9913,69,43,71
2,199.9942,299.9913,69,44,157
2,199.9942,299.9913,69,45,293
2,199.9942,299.9913,69,46,486
2,199.9942,299.9913,69,47,691
2,199.9942,299.9913,69,48,653
2,199.9942,299.9913,69,49,666
2,199.9942,299.9913,69,50,483
2,199.9942,299.9913,69,51,371
2,199.9942,299.9913,69,52,216
2,199.9942,299.9913,69,53,109
2,199.9942,299.9913,69,54,64
2,199.9942,299.9913,69,55,31
2,199.9942,299.9913,69,56,20
2,199.9942,299.9913,69,57,15
2,199.9942,299.9913,69,58,12
2,199.9942,299.9913,69,59,7
2,199.9942,299.9913,69,60,12
2,199.9942,299.9913,69,61,18
2,199.9942,299.9913,69,62,24
2,199.9942,299.9913,69,63,28
2,199.9942,299.9913,69,64,76
2,199.9942,299.9913,69,65,125
2,199.9942,299.9913,69,66,273
2,199.9942,299.9913,69,67,557
2,199.9942,299.9913,69,68,1018
2,199.9942,299.9913,69,69,1619
2,199.9942,299.9913,69,70,2257
2,199.9942,299.9913,69,71,2721
2,199.9942,299.9913,70,0,3966
2,199.9942,299.9913,70,1,3354
2,199.9942,299.9913,70,2,2361
2,199.9942,299.9913,70,3,1424
2,199.9942,299.9913,70,4,787
2,199.9942,299.9913,70,5,415
2,199.9942,299.9913,70,6,191
2,199.9942,299.9913,70,7,106
2,199.9942,299.9913,70,8,47
2,199.9942,299.9913,70,9,25
2,199.9942,299.9913,70,10,23
2,199.9942,299.9913,70,11,10
2,199.9942,299.9913,70,12,6
2,199.9942,299.9913,70,13,18
2,199.9942,299.9913,70,14,25
2,199.9942,299.9913,70,15,26
2,199.9942,299.9913,70,16,52
2,199.9942,299.9913,70,17,104
2,199.9942,299.9913,70,18,171
2,199.9942,299.9913,70,19,313
2,199.9942,299.9913,70,20,516
2,199.9942,299.9913,70,21,709
2,199.9942,299.9913,70,22,861
2,199.9942,299.9913,70,23,1021
2,199.9942,299.9913,70,24,936
2,199.9942,299.9913,70,25,693
2,199.9942,299.9913,70,26,451
2,199.9942,299.9913,70,27,236
2,199.9942,299.9913,70,28,107
2,199.9942,299.9913,70,29,56
2,199.9942,299.9913,70,30,21
2,199.9942,299.9913,70,31,12
2,199.9942,299.9913,70,32,5
2,199.9942,299.9913,70,33,6
2,199.9942,299.9913,70,34,1
2,199.9942,299.9913,70,35,5
2,199.9942,299.9913,70,36,2
2,199.9942,299.9913,70,37,3
2,199.9942,299.9913,70,38,3
2,199.9942,299.9913,70,39,9
2,199.9942,299.9913,70,40,15
2,199.9942,299.9913,70,41,29
2,199.9942,299.9913,70,42,63
2,199.9942,299.9913,70,43,113
2,199.9942,299.9913,70,44,248
2,199.9942,299.9913,70,45,465
2,199.9942,299.9913,70,46,726
2,199.9942,299.9913,70,47,914
2,199.9942,299.9913,70,48,971
2,199.9942,299.9913,70,49,914
2,199.9942,299.9913,70,50,765
2,199.9942,299.9913,70,51,517
2,199.9942,299.9913,70,52,322
2,199.9942,299.9913,70,53,176
2,199.9942,299.9913,70,54,92
2,199.9942,299.9913,70,55,60
2,199.9942,299.9913,70,56,36
2,199.9942,299.9913,70,57,22
2,199.9942,299.9913,70,58,16
2,199.9942,299.9913,70,59,13
2,199.9942,299.9913,70,60,16
2,199.9942,299.9913,70,61,23
2,199.9942,299.9913,70,62,31
2,199.9942,299.9913,70,63,46
2,199.9942,299.9913,70,64,106
2,199.9942,299.9913,70,65,206
2,199.9942,299.9913,70,66,398
2,199.9942,299.9913,70,67,792
2,199.9942,299.9913,70,68,1530
2,199.9942,299.9913,70,69,2279
2,199.9942,299.9913,70,70,3367
2,199.9942,299.9913,70,71,4048
2,199.9942,299.9913,71,0,4899
2,199.9942,299.9913,71,1,3984
2,199.9942,299.9913,71,2,2811
2,199.9942,299.9913,71,3,1716
2,199.9942,299.9913,71,4,946
2,199.9942,299.9913,71,5,477
2,199.9942,299.9913,71,6,240
2,199.9942,299.9913,71,7,100
2,199.9942,299.9913,71,8,63
2,199.9942,299.9913,71,9,30
2,199.9942,299.9913,71,10,25
2,199.9942,299.9913,71,11,16
2,199.9942,299.9913,71,12,17
2,199.9942,299.9913,71,13,18
2,199.9942,299.9913,71,14,18
2,199.9942,299.9913,71,15,35
2,199.9942,299.9913,71,16,63
2,199.9942,299.9913,71,17,98
2,199.9942,299.9913,71,18,199
2,199.9942,299.9913,71,19,367
2,199.9942,299.9913,71,20,559
2,199.9942,299.9913,71,21,840
2,199.9942,299.9913,71,22,1081
2,199.9942,299.9913,71,23,1217
2,199.9942,299.9913,71,24,1053
2,199.9942,299.9913,71,25,867
2,199.9942,299.9913,71,26,500
2,199.9942,299.9913,71,27,277
2,199.9942,299.9913,71,28,141
2,199.9942,299.9913,71,29,80
2,199.9942,299.9913,71,30,25
2,199.9942,299.9913,71,31,17
2,199.9942,299.9913,71,32,6
2,199.9942,299.9913,71,33,4
2,199.9942,299.9913,71,34,3
2,199.9942,299.9913,71,35,1
2,199.9942,299.9913,71,36,4
2,199.9942,299.9913,71,38,4
2,199.9942,299.9913,71,39,10
2,199.9942,299.9913,71,40,15
2,199.9942,299.9913,71,41,43
2,199.9942,299.9913,71,42,62
2,199.9942,299.9913,71,43,194
2,199.9942,299.9913,71,44,294
2,199.9942,299.9913,71,45,551
2,199.9942,299.9913,71,46,819
2,199.9942,299.9913,71,47,1091
2,199.9942,299.9913,71,48,1216
2,199.9942,299.9913,71,49,1137
2,199.9942,299.9913,71,50,890
2,199.9942,299.9913,71,51,617
2,199.9942,299.9913,71,52,370
2,199.9942,299.9913,71,53,218
2,199.9942,299.9913,71,54,126
2,199.9942,299.9913,71,55,68
2,199.9942,299.9913,71,56,40
2,199.9942,299.9913,71,57,20
2,199.9942,299.9913,71,58,19
2,199.9942,299.9913,71,59,10
2,199.9942,299.9913,71,60,13
2,199.9942,299.9913,71,61,33
2,199.9942,299.9913,71,62,40
2,199.9942,299.9913,71,63,36
2,199.9942,299.9913,71,64,133
2,199.9942,299.9913,71,65,232
2,199.9942,299.9913,71,66,481
2,199.9942,299.9913,71,67,937
2,199.9942,299.9913,71,68,1723
2,199.9942,299.9913,71,69,2800
2,199.9942,299.9913,71,70,4071
2,199.9942,299.9913,71,71,4832
