step,t,K,U,E,Lx,Ly,Lz,Rcom_x,Rcom_y,Rcom_z
0,0.0000000000e+00,1.9273021574e+35,-3.9079446895e+35,-1.9806425321e+35,8.2270836869e+41,2.6070550106e+41,3.1313874630e+43,-1.0571737383e+05,-4.6178649135e+04,1.0659766780e+04
1,1.0800000000e+04,1.9272665941e+35,-3.9079074516e+35,-1.9806408575e+35,8.2270840362e+41,2.6070549499e+41,3.1313875696e+43,-1.0571723020e+05,-4.6178742124e+04,1.0659595132e+04
2,2.1600000000e+04,1.9272311106e+35,-3.9078702989e+35,-1.9806391883e+35,8.2270843851e+41,2.6070548895e+41,3.1313876762e+43,-1.0571708657e+05,-4.6178835112e+04,1.0659423484e+04
3,3.2400000000e+04,1.9271957074e+35,-3.9078332319e+35,-1.9806375244e+35,8.2270847337e+41,2.6070548295e+41,3.1313877827e+43,-1.0571694294e+05,-4.6178928100e+04,1.0659251836e+04
4,4.3200000000e+04,1.9271603853e+35,-3.9077962511e+35,-1.9806358658e+35,8.2270850818e+41,2.6070547698e+41,3.1313878892e+43,-1.0571679932e+05,-4.6179021089e+04,1.0659080188e+04
5,5.4000000000e+04,1.9271251445e+35,-3.9077593569e+35,-1.9806342124e+35,8.2270854295e+41,2.6070547105e+41,3.1313879956e+43,-1.0571665569e+05,-4.6179114077e+04,1.0658908540e+04
6,6.4800000000e+04,1.9270899857e+35,-3.9077225497e+35,-1.9806325640e+35,8.2270857768e+41,2.6070546516e+41,3.1313881020e+43,-1.0571651206e+05,-4.6179207065e+04,1.0658736892e+04
7,7.5600000000e+04,1.9270549093e+35,-3.9076858300e+35,-1.9806309208e+35,8.2270861238e+41,2.6070545929e+41,3.1313882083e+43,-1.0571636843e+05,-4.6179300053e+04,1.0658565244e+04
8,8.6400000000e+04,1.9270199156e+35,-3.9076491981e+35,-1.9806292825e+35,8.2270864703e+41,2.6070545346e+41,3.1313883146e+43,-1.0571622480e+05,-4.6179393042e+04,1.0658393596e+04
9,9.7200000000e+04,1.9269850052e+35,-3.9076126544e+35,-1.9806276491e+35,8.2270868165e+41,2.6070544767e+41,3.1313884209e+43,-1.0571608118e+05,-4.6179486030e+04,1.0658221948e+04
10,1.0800000000e+05,1.9269501785e+35,-3.9075761991e+35,-1.9806260206e+35,8.2270871623e+41,2.6070544190e+41,3.1313885271e+43,-1.0571593755e+05,-4.6179579018e+04,1.0658050300e+04
11,1.1880000000e+05,1.9269154357e+35,-3.9075398326e+35,-1.9806243969e+35,8.2270875077e+41,2.6070543617e+41,3.1313886333e+43,-1.0571579392e+05,-4.6179672006e+04,1.0657878652e+04
12,1.2960000000e+05,1.9268807773e+35,-3.9075035552e+35,-1.9806227779e+35,8.2270878528e+41,2.6070543048e+41,3.1313887394e+43,-1.0571565029e+05,-4.6179764995e+04,1.0657707004e+04
13,1.4040000000e+05,1.9268462036e+35,-3.9074673672e+35,-1.9806211636e+35,8.2270881975e+41,2.6070542481e+41,3.1313888455e+43,-1.0571550666e+05,-4.6179857983e+04,1.0657535356e+04
14,1.5120000000e+05,1.9268117148e+35,-3.9074312688e+35,-1.9806195539e+35,8.2270885418e+41,2.6070541918e+41,3.1313889516e+43,-1.0571536304e+05,-4.6179950971e+04,1.0657363708e+04
15,1.6200000000e+05,1.9267773114e+35,-3.9073952602e+35,-1.9806179488e+35,8.2270888858e+41,2.6070541358e+41,3.1313890576e+43,-1.0571521941e+05,-4.6180043959e+04,1.0657192060e+04
16,1.7280000000e+05,1.9267429935e+35,-3.9073593417e+35,-1.9806163482e+35,8.2270892294e+41,2.6070540801e+41,3.1313891636e+43,-1.0571507578e+05,-4.6180136948e+04,1.0657020412e+04
17,1.8360000000e+05,1.9267087614e+35,-3.9073235134e+35,-1.9806147520e+35,8.2270895727e+41,2.6070540247e+41,3.1313892695e+43,-1.0571493215e+05,-4.6180229936e+04,1.0656848764e+04
18,1.9440000000e+05,1.9266746153e+35,-3.9072877755e+35,-1.9806131602e+35,8.2270899156e+41,2.6070539696e+41,3.1313893754e+43,-1.0571478852e+05,-4.6180322924e+04,1.0656677117e+04
19,2.0520000000e+05,1.9266405556e+35,-3.9072521282e+35,-1.9806115727e+35,8.2270902581e+41,2.6070539148e+41,3.1313894813e+43,-1.0571464490e+05,-4.6180415912e+04,1.0656505469e+04
20,2.1600000000e+05,1.9266065823e+35,-3.9072165717e+35,-1.9806099894e+35,8.2270906004e+41,2.6070538603e+41,3.1313895871e+43,-1.0571450127e+05,-4.6180508901e+04,1.0656333821e+04
21,2.2680000000e+05,1.9265726956e+35,-3.9071811060e+35,-1.9806084104e+35,8.2270909423e+41,2.6070538061e+41,3.1313896929e+43,-1.0571435764e+05,-4.6180601889e+04,1.0656162173e+04
22,2.3760000000e+05,1.9265388958e+35,-3.9071457313e+35,-1.9806068355e+35,8.2270912838e+41,2.6070537523e+41,3.1313897987e+43,-1.0571421401e+05,-4.6180694877e+04,1.0655990525e+04
23,2.4840000000e+05,1.9265051829e+35,-3.9071104477e+35,-1.9806052648e+35,8.2270916250e+41,2.6070536987e+41,3.1313899044e+43,-1.0571407038e+05,-4.6180787866e+04,1.0655818877e+04
24,2.5920000000e+05,1.9264715572e+35,-3.9070752553e+35,-1.9806036981e+35,8.2270919659e+41,2.6070536454e+41,3.1313900101e+43,-1.0571392676e+05,-4.6180880854e+04,1.0655647229e+04
25,2.7000000000e+05,1.9264380187e+35,-3.9070401541e+35,-1.9806021353e+35,8.2270923065e+41,2.6070535924e+41,3.1313901157e+43,-1.0571378313e+05,-4.6180973842e+04,1.0655475581e+04
26,2.8080000000e+05,1.9264045676e+35,-3.9070051442e+35,-1.9806005765e+35,8.2270926467e+41,2.6070535396e+41,3.1313902213e+43,-1.0571363950e+05,-4.6181066830e+04,1.0655303933e+04
27,2.9160000000e+05,1.9263712040e+35,-3.9069702256e+35,-1.9805990217e+35,8.2270929866e+41,2.6070534872e+41,3.1313903269e+43,-1.0571349587e+05,-4.6181159819e+04,1.0655132285e+04
28,3.0240000000e+05,1.9263379279e+35,-3.9069353985e+35,-1.9805974706e+35,8.2270933262e+41,2.6070534350e+41,3.1313904324e+43,-1.0571335224e+05,-4.6181252807e+04,1.0654960637e+04
29,3.1320000000e+05,1.9263047394e+35,-3.9069006627e+35,-1.9805959233e+35,8.2270936655e+41,2.6070533831e+41,3.1313905379e+43,-1.0571320862e+05,-4.6181345795e+04,1.0654788989e+04
30,3.2400000000e+05,1.9262716385e+35,-3.9068660183e+35,-1.9805943798e+35,8.2270940045e+41,2.6070533315e+41,3.1313906434e+43,-1.0571306499e+05,-4.6181438784e+04,1.0654617341e+04
31,3.3480000000e+05,1.9262386254e+35,-3.9068314653e+35,-1.9805928400e+35,8.2270943431e+41,2.6070532802e+41,3.1313907489e+43,-1.0571292136e+05,-4.6181531772e+04,1.0654445693e+04
32,3.4560000000e+05,1.9262057000e+35,-3.9067970038e+35,-1.9805913038e+35,8.2270946815e+41,2.6070532291e+41,3.1313908543e+43,-1.0571277773e+05,-4.6181624760e+04,1.0654274045e+04
33,3.5640000000e+05,1.9261728624e+35,-3.9067626336e+35,-1.9805897711e+35,8.2270950195e+41,2.6070531783e+41,3.1313909596e+43,-1.0571263410e+05,-4.6181717748e+04,1.0654102397e+04
34,3.6720000000e+05,1.9261401126e+35,-3.9067283547e+35,-1.9805882421e+35,8.2270953573e+41,2.6070531277e+41,3.1313910650e+43,-1.0571249048e+05,-4.6181810737e+04,1.0653930749e+04
35,3.7800000000e+05,1.9261074506e+35,-3.9066941671e+35,-1.9805867165e+35,8.2270956948e+41,2.6070530774e+41,3.1313911703e+43,-1.0571234685e+05,-4.6181903725e+04,1.0653759102e+04
36,3.8880000000e+05,1.9260748763e+35,-3.9066600707e+35,-1.9805851944e+35,8.2270960319e+41,2.6070530274e+41,3.1313912756e+43,-1.0571220322e+05,-4.6181996714e+04,1.0653587454e+04
37,3.9960000000e+05,1.9260423898e+35,-3.9066260655e+35,-1.9805836757e+35,8.2270963688e+41,2.6070529776e+41,3.1313913808e+43,-1.0571205959e+05,-4.6182089702e+04,1.0653415806e+04
38,4.1040000000e+05,1.9260099911e+35,-3.9065921514e+35,-1.9805821603e+35,8.2270967054e+41,2.6070529281e+41,3.1313914860e+43,-1.0571191596e+05,-4.6182182690e+04,1.0653244158e+04
39,4.2120000000e+05,1.9259776800e+35,-3.9065583283e+35,-1.9805806483e+35,8.2270970417e+41,2.6070528788e+41,3.1313915912e+43,-1.0571177234e+05,-4.6182275679e+04,1.0653072510e+04
40,4.3200000000e+05,1.9259454565e+35,-3.9065245961e+35,-1.9805791396e+35,8.2270973777e+41,2.6070528298e+41,3.1313916963e+43,-1.0571162871e+05,-4.6182368667e+04,1.0652900862e+04
41,4.4280000000e+05,1.9259133206e+35,-3.9064909547e+35,-1.9805776340e+35,8.2270977134e+41,2.6070527810e+41,3.1313918015e+43,-1.0571148508e+05,-4.6182461655e+04,1.0652729214e+04
42,4.5360000000e+05,1.9258812723e+35,-3.9064574040e+35,-1.9805761317e+35,8.2270980489e+41,2.6070527325e+41,3.1313919066e+43,-1.0571134145e+05,-4.6182554643e+04,1.0652557566e+04
43,4.6440000000e+05,1.9258493114e+35,-3.9064239439e+35,-1.9805746325e+35,8.2270983841e+41,2.6070526842e+41,3.1313920116e+43,-1.0571119782e+05,-4.6182647631e+04,1.0652385918e+04
44,4.7520000000e+05,1.9258174378e+35,-3.9063905742e+35,-1.9805731364e+35,8.2270987190e+41,2.6070526361e+41,3.1313921166e+43,-1.0571105420e+05,-4.6182740620e+04,1.0652214270e+04
45,4.8600000000e+05,1.9257856515e+35,-3.9063572949e+35,-1.9805716434e+35,8.2270990537e+41,2.6070525883e+41,3.1313922216e+43,-1.0571091057e+05,-4.6182833608e+04,1.0652042622e+04
46,4.9680000000e+05,1.9257539524e+35,-3.9063241057e+35,-1.9805701533e+35,8.2270993881e+41,2.6070525407e+41,3.1313923266e+43,-1.0571076694e+05,-4.6182926596e+04,1.0651870974e+04
47,5.0760000000e+05,1.9257223403e+35,-3.9062910067e+35,-1.9805686663e+35,8.2270997222e+41,2.6070524934e+41,3.1313924316e+43,-1.0571062331e+05,-4.6183019585e+04,1.0651699326e+04
48,5.1840000000e+05,1.9256908152e+35,-3.9062579975e+35,-1.9805671822e+35,8.2271000561e+41,2.6070524463e+41,3.1313925365e+43,-1.0571047968e+05,-4.6183112573e+04,1.0651527678e+04
49,5.2920000000e+05,1.9256593770e+35,-3.9062250780e+35,-1.9805657010e+35,8.2271003897e+41,2.6070523993e+41,3.1313926414e+43,-1.0571033606e+05,-4.6183205561e+04,1.0651356030e+04
50,5.4000000000e+05,1.9256280254e+35,-3.9061922481e+35,-1.9805642227e+35,8.2271007230e+41,2.6070523527e+41,3.1313927462e+43,-1.0571019243e+05,-4.6183298549e+04,1.0651184382e+04
51,5.5080000000e+05,1.9255967605e+35,-3.9061595077e+35,-1.9805627472e+35,8.2271010561e+41,2.6070523062e+41,3.1313928510e+43,-1.0571004880e+05,-4.6183391538e+04,1.0651012734e+04
52,5.6160000000e+05,1.9255655819e+35,-3.9061268564e+35,-1.9805612745e+35,8.2271013890e+41,2.6070522600e+41,3.1313929558e+43,-1.0570990517e+05,-4.6183484526e+04,1.0650841086e+04
53,5.7240000000e+05,1.9255344897e+35,-3.9060942943e+35,-1.9805598046e+35,8.2271017216e+41,2.6070522140e+41,3.1313930606e+43,-1.0570976154e+05,-4.6183577514e+04,1.0650669439e+04
54,5.8320000000e+05,1.9255034836e+35,-3.9060618209e+35,-1.9805583373e+35,8.2271020539e+41,2.6070521681e+41,3.1313931654e+43,-1.0570961792e+05,-4.6183670503e+04,1.0650497791e+04
55,5.9400000000e+05,1.9254725635e+35,-3.9060294363e+35,-1.9805568728e+35,8.2271023861e+41,2.6070521225e+41,3.1313932701e+43,-1.0570947429e+05,-4.6183763491e+04,1.0650326143e+04
56,6.0480000000e+05,1.9254417293e+35,-3.9059971401e+35,-1.9805554108e+35,8.2271027179e+41,2.6070520772e+41,3.1313933748e+43,-1.0570933066e+05,-4.6183856479e+04,1.0650154495e+04
57,6.1560000000e+05,1.9254109808e+35,-3.9059649323e+35,-1.9805539515e+35,8.2271030496e+41,2.6070520320e+41,3.1313934795e+43,-1.0570918703e+05,-4.6183949468e+04,1.0649982847e+04
58,6.2640000000e+05,1.9253803177e+35,-3.9059328125e+35,-1.9805524948e+35,8.2271033810e+41,2.6070519870e+41,3.1313935841e+43,-1.0570904340e+05,-4.6184042456e+04,1.0649811199e+04
59,6.3720000000e+05,1.9253497400e+35,-3.9059007806e+35,-1.9805510406e+35,8.2271037122e+41,2.6070519422e+41,3.1313936887e+43,-1.0570889978e+05,-4.6184135444e+04,1.0649639551e+04
60,6.4800000000e+05,1.9253192474e+35,-3.9058688363e+35,-1.9805495889e+35,8.2271040431e+41,2.6070518977e+41,3.1313937933e+43,-1.0570875615e+05,-4.6184228432e+04,1.0649467903e+04
61,6.5880000000e+05,1.9252888399e+35,-3.9058369796e+35,-1.9805481397e+35,8.2271043738e+41,2.6070518533e+41,3.1313938979e+43,-1.0570861252e+05,-4.6184321421e+04,1.0649296255e+04
62,6.6960000000e+05,1.9252585171e+35,-3.9058052100e+35,-1.9805466929e+35,8.2271047043e+41,2.6070518091e+41,3.1313940024e+43,-1.0570846889e+05,-4.6184414409e+04,1.0649124607e+04
63,6.8040000000e+05,1.9252282789e+35,-3.9057735275e+35,-1.9805452485e+35,8.2271050346e+41,2.6070517652e+41,3.1313941070e+43,-1.0570832526e+05,-4.6184507397e+04,1.0648952959e+04
64,6.9120000000e+05,1.9251981252e+35,-3.9057419317e+35,-1.9805438065e+35,8.2271053647e+41,2.6070517214e+41,3.1313942115e+43,-1.0570818164e+05,-4.6184600385e+04,1.0648781311e+04
65,7.0200000000e+05,1.9251680557e+35,-3.9057104225e+35,-1.9805423668e+35,8.2271056945e+41,2.6070516778e+41,3.1313943159e+43,-1.0570803801e+05,-4.6184693374e+04,1.0648609663e+04
66,7.1280000000e+05,1.9251380702e+35,-3.9056789997e+35,-1.9805409295e+35,8.2271060241e+41,2.6070516344e+41,3.1313944204e+43,-1.0570789438e+05,-4.6184786362e+04,1.0648438015e+04
67,7.2360000000e+05,1.9251081685e+35,-3.9056476629e+35,-1.9805394944e+35,8.2271063535e+41,2.6070515912e+41,3.1313945248e+43,-1.0570775075e+05,-4.6184879350e+04,1.0648266367e+04
68,7.3440000000e+05,1.9250783504e+35,-3.9056164120e+35,-1.9805380616e+35,8.2271066827e+41,2.6070515482e+41,3.1313946292e+43,-1.0570760712e+05,-4.6184972339e+04,1.0648094719e+04
69,7.4520000000e+05,1.9250486158e+35,-3.9055852467e+35,-1.9805366310e+35,8.2271070117e+41,2.6070515053e+41,3.1313947336e+43,-1.0570746350e+05,-4.6185065327e+04,1.0647923071e+04
70,7.5600000000e+05,1.9250189643e+35,-3.9055541669e+35,-1.9805352026e+35,8.2271073405e+41,2.6070514626e+41,3.1313948380e+43,-1.0570731987e+05,-4.6185158315e+04,1.0647751424e+04
71,7.6680000000e+05,1.9249893958e+35,-3.9055231721e+35,-1.9805337763e+35,8.2271076691e+41,2.6070514202e+41,3.1313949423e+43,-1.0570717624e+05,-4.6185251303e+04,1.0647579776e+04
72,7.7760000000e+05,1.9249599101e+35,-3.9054922623e+35,-1.9805323522e+35,8.2271079975e+41,2.6070513778e+41,3.1313950466e+43,-1.0570703261e+05,-4.6185344292e+04,1.0647408128e+04
73,7.8840000000e+05,1.9249305070e+35,-3.9054614371e+35,-1.9805309302e+35,8.2271083257e+41,2.6070513357e+41,3.1313951509e+43,-1.0570688898e+05,-4.6185437280e+04,1.0647236480e+04
74,7.9920000000e+05,1.9249011862e+35,-3.9054306964e+35,-1.9805295102e+35,8.2271086536e+41,2.6070512937e+41,3.1313952552e+43,-1.0570674536e+05,-4.6185530268e+04,1.0647064832e+04
75,8.1000000000e+05,1.9248719475e+35,-3.9054000398e+35,-1.9805280923e+35,8.2271089814e+41,2.6070512520e+41,3.1313953594e+43,-1.0570660173e+05,-4.6185623256e+04,1.0646893184e+04
76,8.2080000000e+05,1.9248427907e+35,-3.9053694671e+35,-1.9805266764e+35,8.2271093090e+41,2.6070512103e+41,3.1313954637e+43,-1.0570645810e+05,-4.6185716245e+04,1.0646721536e+04
77,8.3160000000e+05,1.9248137155e+35,-3.9053389781e+35,-1.9805252625e+35,8.2271096364e+41,2.6070511689e+41,3.1313955679e+43,-1.0570631447e+05,-4.6185809233e+04,1.0646549888e+04
78,8.4240000000e+05,1.9247847219e+35,-3.9053085724e+35,-1.9805238506e+35,8.2271099636e+41,2.6070511276e+41,3.1313956721e+43,-1.0570617084e+05,-4.6185902221e+04,1.0646378240e+04
79,8.5320000000e+05,1.9247558094e+35,-3.9052782500e+35,-1.9805224406e+35,8.2271102907e+41,2.6070510865e+41,3.1313957762e+43,-1.0570602722e+05,-4.6185995210e+04,1.0646206592e+04
80,8.6400000000e+05,1.9247269779e+35,-3.9052480104e+35,-1.9805210325e+35,8.2271106175e+41,2.6070510455e+41,3.1313958804e+43,-1.0570588359e+05,-4.6186088198e+04,1.0646034944e+04
81,8.7480000000e+05,1.9246982272e+35,-3.9052178535e+35,-1.9805196263e+35,8.2271109442e+41,2.6070510047e+41,3.1313959845e+43,-1.0570573996e+05,-4.6186181186e+04,1.0645863296e+04
82,8.8560000000e+05,1.9246695570e+35,-3.9051877789e+35,-1.9805182220e+35,8.2271112706e+41,2.6070509641e+41,3.1313960886e+43,-1.0570559633e+05,-4.6186274175e+04,1.0645691648e+04
83,8.9640000000e+05,1.9246409670e+35,-3.9051577865e+35,-1.9805168195e+35,8.2271115969e+41,2.6070509236e+41,3.1313961927e+43,-1.0570545270e+05,-4.6186367163e+04,1.0645520000e+04
84,9.0720000000e+05,1.9246124572e+35,-3.9051278760e+35,-1.9805154188e+35,8.2271119231e+41,2.6070508833e+41,3.1313962968e+43,-1.0570530908e+05,-4.6186460151e+04,1.0645348352e+04
85,9.1800000000e+05,1.9245840271e+35,-3.9050980470e+35,-1.9805140199e+35,8.2271122490e+41,2.6070508431e+41,3.1313964008e+43,-1.0570516545e+05,-4.6186553139e+04,1.0645176704e+04
86,9.2880000000e+05,1.9245556767e+35,-3.9050682994e+35,-1.9805126227e+35,8.2271125748e+41,2.6070508031e+41,3.1313965049e+43,-1.0570502182e+05,-4.6186646127e+04,1.0645005056e+04
87,9.3960000000e+05,1.9245274056e+35,-3.9050386329e+35,-1.9805112273e+35,8.2271129004e+41,2.6070507632e+41,3.1313966089e+43,-1.0570487819e+05,-4.6186739116e+04,1.0644833408e+04
88,9.5040000000e+05,1.9244992136e+35,-3.9050090472e+35,-1.9805098336e+35,8.2271132258e+41,2.6070507234e+41,3.1313967129e+43,-1.0570473456e+05,-4.6186832104e+04,1.0644661761e+04
89,9.6120000000e+05,1.9244711006e+35,-3.9049795421e+35,-1.9805084416e+35,8.2271135511e+41,2.6070506839e+41,3.1313968168e+43,-1.0570459094e+05,-4.6186925093e+04,1.0644490113e+04
90,9.7200000000e+05,1.9244430661e+35,-3.9049501173e+35,-1.9805070512e+35,8.2271138762e+41,2.6070506444e+41,3.1313969208e+43,-1.0570444731e+05,-4.6187018081e+04,1.0644318465e+04
91,9.8280000000e+05,1.9244151101e+35,-3.9049207726e+35,-1.9805056625e+35,8.2271142011e+41,2.6070506051e+41,3.1313970247e+43,-1.0570430368e+05,-4.6187111069e+04,1.0644146817e+04
92,9.9360000000e+05,1.9243872322e+35,-3.9048915076e+35,-1.9805042754e+35,8.2271145259e+41,2.6070505660e+41,3.1313971287e+43,-1.0570416005e+05,-4.6187204057e+04,1.0643975169e+04
93,1.0044000000e+06,1.9243594323e+35,-3.9048623222e+35,-1.9805028899e+35,8.2271148505e+41,2.6070505270e+41,3.1313972326e+43,-1.0570401642e+05,-4.6187297046e+04,1.0643803521e+04
94,1.0152000000e+06,1.9243317100e+35,-3.9048332160e+35,-1.9805015060e+35,8.2271151750e+41,2.6070504881e+41,3.1313973365e+43,-1.0570387280e+05,-4.6187390034e+04,1.0643631873e+04
95,1.0260000000e+06,1.9243040652e+35,-3.9048041889e+35,-1.9805001237e+35,8.2271154993e+41,2.6070504494e+41,3.1313974403e+43,-1.0570372917e+05,-4.6187483022e+04,1.0643460225e+04
96,1.0368000000e+06,1.9242764976e+35,-3.9047752404e+35,-1.9804987428e+35,8.2271158235e+41,2.6070504108e+41,3.1313975442e+43,-1.0570358554e+05,-4.6187576011e+04,1.0643288577e+04
97,1.0476000000e+06,1.9242490070e+35,-3.9047463705e+35,-1.9804973635e+35,8.2271161475e+41,2.6070503723e+41,3.1313976480e+43,-1.0570344191e+05,-4.6187668999e+04,1.0643116929e+04
98,1.0584000000e+06,1.9242215931e+35,-3.9047175788e+35,-1.9804959857e+35,8.2271164713e+41,2.6070503340e+41,3.1313977519e+43,-1.0570329828e+05,-4.6187761987e+04,1.0642945281e+04
99,1.0692000000e+06,1.9241942558e+35,-3.9046888651e+35,-1.9804946093e+35,8.2271167950e+41,2.6070502958e+41,3.1313978557e+43,-1.0570315466e+05,-4.6187854975e+04,1.0642773633e+04
100,1.0800000000e+06,1.9241669947e+35,-3.9046602291e+35,-1.9804932344e+35,8.2271171186e+41,2.6070502577e+41,3.1313979594e+43,-1.0570301103e+05,-4.6187947964e+04,1.0642601985e+04
101,1.0908000000e+06,1.9241398096e+35,-3.9046316705e+35,-1.9804918609e+35,8.2271174420e+41,2.6070502197e+41,3.1313980632e+43,-1.0570286740e+05,-4.6188040952e+04,1.0642430337e+04
102,1.1016000000e+06,1.9241127003e+35,-3.9046031891e+35,-1.9804904888e+35,8.2271177652e+41,2.6070501819e+41,3.1313981670e+43,-1.0570272377e+05,-4.6188133940e+04,1.0642258689e+04
103,1.1124000000e+06,1.9240856665e+35,-3.9045747847e+35,-1.9804891181e+35,8.2271180884e+41,2.6070501442e+41,3.1313982707e+43,-1.0570258014e+05,-4.6188226929e+04,1.0642087041e+04
104,1.1232000000e+06,1.9240587081e+35,-3.9045464569e+35,-1.9804877488e+35,8.2271184113e+41,2.6070501066e+41,3.1313983745e+43,-1.0570243652e+05,-4.6188319917e+04,1.0641915393e+04
105,1.1340000000e+06,1.9240318247e+35,-3.9045182056e+35,-1.9804863808e+35,8.2271187342e+41,2.6070500692e+41,3.1313984782e+43,-1.0570229289e+05,-4.6188412905e+04,1.0641743746e+04
106,1.1448000000e+06,1.9240050162e+35,-3.9044900304e+35,-1.9804850142e+35,8.2271190569e+41,2.6070500318e+41,3.1313985819e+43,-1.0570214926e+05,-4.6188505893e+04,1.0641572098e+04
107,1.1556000000e+06,1.9239782823e+35,-3.9044619311e+35,-1.9804836488e+35,8.2271193795e+41,2.6070499946e+41,3.1313986855e+43,-1.0570200563e+05,-4.6188598882e+04,1.0641400450e+04
108,1.1664000000e+06,1.9239516228e+35,-3.9044339076e+35,-1.9804822848e+35,8.2271197019e+41,2.6070499575e+41,3.1313987892e+43,-1.0570186200e+05,-4.6188691870e+04,1.0641228802e+04
109,1.1772000000e+06,1.9239250374e+35,-3.9044059594e+35,-1.9804809220e+35,8.2271200242e+41,2.6070499205e+41,3.1313988929e+43,-1.0570171838e+05,-4.6188784858e+04,1.0641057154e+04
110,1.1880000000e+06,1.9238985259e+35,-3.9043780864e+35,-1.9804795605e+35,8.2271203464e+41,2.6070498837e+41,3.1313989965e+43,-1.0570157475e+05,-4.6188877846e+04,1.0640885506e+04
111,1.1988000000e+06,1.9238720881e+35,-3.9043502883e+35,-1.9804782002e+35,8.2271206684e+41,2.6070498469e+41,3.1313991001e+43,-1.0570143112e+05,-4.6188970835e+04,1.0640713858e+04
112,1.2096000000e+06,1.9238457237e+35,-3.9043225649e+35,-1.9804768411e+35,8.2271209903e+41,2.6070498103e+41,3.1313992038e+43,-1.0570128749e+05,-4.6189063823e+04,1.0640542210e+04
113,1.2204000000e+06,1.9238194326e+35,-3.9042949158e+35,-1.9804754833e+35,8.2271213121e+41,2.6070497737e+41,3.1313993074e+43,-1.0570114386e+05,-4.6189156812e+04,1.0640370562e+04
114,1.2312000000e+06,1.9237932144e+35,-3.9042673410e+35,-1.9804741266e+35,8.2271216338e+41,2.6070497373e+41,3.1313994109e+43,-1.0570100023e+05,-4.6189249800e+04,1.0640198914e+04
115,1.2420000000e+06,1.9237670690e+35,-3.9042398401e+35,-1.9804727711e+35,8.2271219553e+41,2.6070497010e+41,3.1313995145e+43,-1.0570085661e+05,-4.6189342788e+04,1.0640027266e+04
116,1.2528000000e+06,1.9237409961e+35,-3.9042124128e+35,-1.9804714167e+35,8.2271222768e+41,2.6070496648e+41,3.1313996181e+43,-1.0570071298e+05,-4.6189435777e+04,1.0639855618e+04
117,1.2636000000e+06,1.9237149955e+35,-3.9041850590e+35,-1.9804700635e+35,8.2271225981e+41,2.6070496287e+41,3.1313997216e+43,-1.0570056935e+05,-4.6189528765e+04,1.0639683970e+04
118,1.2744000000e+06,1.9236890671e+35,-3.9041577784e+35,-1.9804687113e+35,8.2271229192e+41,2.6070495927e+41,3.1313998252e+43,-1.0570042572e+05,-4.6189621753e+04,1.0639512322e+04
119,1.2852000000e+06,1.9236632104e+35,-3.9041305707e+35,-1.9804673603e+35,8.2271232403e+41,2.6070495568e+41,3.1313999287e+43,-1.0570028209e+05,-4.6189714741e+04,1.0639340674e+04
120,1.2960000000e+06,1.9236374254e+35,-3.9041034358e+35,-1.9804660104e+35,8.2271235613e+41,2.6070495210e+41,3.1314000322e+43,-1.0570013847e+05,-4.6189807730e+04,1.0639169026e+04
121,1.3068000000e+06,1.9236117118e+35,-3.9040763733e+35,-1.9804646615e+35,8.2271238821e+41,2.6070494853e+41,3.1314001357e+43,-1.0569999484e+05,-4.6189900718e+04,1.0638997378e+04
122,1.3176000000e+06,1.9235860694e+35,-3.9040493831e+35,-1.9804633137e+35,8.2271242028e+41,2.6070494496e+41,3.1314002392e+43,-1.0569985121e+05,-4.6189993706e+04,1.0638825730e+04
123,1.3284000000e+06,1.9235604980e+35,-3.9040224649e+35,-1.9804619669e+35,8.2271245234e+41,2.6070494141e+41,3.1314003426e+43,-1.0569970758e+05,-4.6190086695e+04,1.0638654083e+04
124,1.3392000000e+06,1.9235349973e+35,-3.9039956184e+35,-1.9804606211e+35,8.2271248440e+41,2.6070493787e+41,3.1314004461e+43,-1.0569956395e+05,-4.6190179683e+04,1.0638482435e+04
125,1.3500000000e+06,1.9235095672e+35,-3.9039688435e+35,-1.9804592763e+35,8.2271251644e+41,2.6070493434e+41,3.1314005496e+43,-1.0569942033e+05,-4.6190272671e+04,1.0638310787e+04
126,1.3608000000e+06,1.9234842073e+35,-3.9039421399e+35,-1.9804579325e+35,8.2271254846e+41,2.6070493082e+41,3.1314006530e+43,-1.0569927670e+05,-4.6190365659e+04,1.0638139139e+04
127,1.3716000000e+06,1.9234589176e+35,-3.9039155074e+35,-1.9804565897e+35,8.2271258048e+41,2.6070492730e+41,3.1314007564e+43,-1.0569913307e+05,-4.6190458647e+04,1.0637967491e+04
128,1.3824000000e+06,1.9234336978e+35,-3.9038889457e+35,-1.9804552479e+35,8.2271261249e+41,2.6070492380e+41,3.1314008598e+43,-1.0569898944e+05,-4.6190551636e+04,1.0637795843e+04
129,1.3932000000e+06,1.9234085477e+35,-3.9038624546e+35,-1.9804539069e+35,8.2271264449e+41,2.6070492030e+41,3.1314009632e+43,-1.0569884581e+05,-4.6190644624e+04,1.0637624195e+04
130,1.4040000000e+06,1.9233834670e+35,-3.9038360340e+35,-1.9804525670e+35,8.2271267648e+41,2.6070491682e+41,3.1314010666e+43,-1.0569870219e+05,-4.6190737612e+04,1.0637452547e+04
131,1.4148000000e+06,1.9233584556e+35,-3.9038096835e+35,-1.9804512279e+35,8.2271270846e+41,2.6070491334e+41,3.1314011700e+43,-1.0569855856e+05,-4.6190830601e+04,1.0637280899e+04
132,1.4256000000e+06,1.9233335132e+35,-3.9037834029e+35,-1.9804498897e+35,8.2271274042e+41,2.6070490987e+41,3.1314012734e+43,-1.0569841493e+05,-4.6190923589e+04,1.0637109251e+04
133,1.4364000000e+06,1.9233086398e+35,-3.9037571921e+35,-1.9804485524e+35,8.2271277238e+41,2.6070490641e+41,3.1314013767e+43,-1.0569827130e+05,-4.6191016577e+04,1.0636937603e+04
134,1.4472000000e+06,1.9232838349e+35,-3.9037310509e+35,-1.9804472160e+35,8.2271280433e+41,2.6070490296e+41,3.1314014801e+43,-1.0569812767e+05,-4.6191109566e+04,1.0636765955e+04
135,1.4580000000e+06,1.9232590985e+35,-3.9037049789e+35,-1.9804458804e+35,8.2271283627e+41,2.6070489951e+41,3.1314015834e+43,-1.0569798405e+05,-4.6191202554e+04,1.0636594307e+04
136,1.4688000000e+06,1.9232344303e+35,-3.9036789760e+35,-1.9804445457e+35,8.2271286820e+41,2.6070489608e+41,3.1314016868e+43,-1.0569784042e+05,-4.6191295542e+04,1.0636422659e+04
137,1.4796000000e+06,1.9232098302e+35,-3.9036530420e+35,-1.9804432118e+35,8.2271290012e+41,2.6070489265e+41,3.1314017901e+43,-1.0569769679e+05,-4.6191388530e+04,1.0636251011e+04
138,1.4904000000e+06,1.9231852979e+35,-3.9036271766e+35,-1.9804418787e+35,8.2271293204e+41,2.6070488923e+41,3.1314018934e+43,-1.0569755316e+05,-4.6191481519e+04,1.0636079363e+04
139,1.5012000000e+06,1.9231608333e+35,-3.9036013797e+35,-1.9804405464e+35,8.2271296394e+41,2.6070488581e+41,3.1314019967e+43,-1.0569740953e+05,-4.6191574507e+04,1.0635907715e+04
140,1.5120000000e+06,1.9231364361e+35,-3.9035756510e+35,-1.9804392149e+35,8.2271299583e+41,2.6070488241e+41,3.1314021000e+43,-1.0569726591e+05,-4.6191667495e+04,1.0635736067e+04
141,1.5228000000e+06,1.9231121062e+35,-3.9035499904e+35,-1.9804378841e+35,8.2271302772e+41,2.6070487901e+41,3.1314022033e+43,-1.0569712228e+05,-4.6191760484e+04,1.0635564420e+04
142,1.5336000000e+06,1.9230878434e+35,-3.9035243975e+35,-1.9804365542e+35,8.2271305960e+41,2.6070487562e+41,3.1314023066e+43,-1.0569697865e+05,-4.6191853472e+04,1.0635392772e+04
143,1.5444000000e+06,1.9230636474e+35,-3.9034988724e+35,-1.9804352250e+35,8.2271309147e+41,2.6070487224e+41,3.1314024098e+43,-1.0569683502e+05,-4.6191946460e+04,1.0635221124e+04
144,1.5552000000e+06,1.9230395181e+35,-3.9034734146e+35,-1.9804338965e+35,8.2271312333e+41,2.6070486886e+41,3.1314025131e+43,-1.0569669139e+05,-4.6192039449e+04,1.0635049476e+04
145,1.5660000000e+06,1.9230154553e+35,-3.9034480241e+35,-1.9804325687e+35,8.2271315518e+41,2.6070486549e+41,3.1314026163e+43,-1.0569654777e+05,-4.6192132437e+04,1.0634877828e+04
146,1.5768000000e+06,1.9229914589e+35,-3.9034227005e+35,-1.9804312417e+35,8.2271318702e+41,2.6070486213e+41,3.1314027196e+43,-1.0569640414e+05,-4.6192225425e+04,1.0634706180e+04
147,1.5876000000e+06,1.9229675286e+35,-3.9033974439e+35,-1.9804299153e+35,8.2271321886e+41,2.6070485878e+41,3.1314028228e+43,-1.0569626051e+05,-4.6192318413e+04,1.0634534532e+04
148,1.5984000000e+06,1.9229436642e+35,-3.9033722538e+35,-1.9804285896e+35,8.2271325069e+41,2.6070485543e+41,3.1314029260e+43,-1.0569611688e+05,-4.6192411402e+04,1.0634362884e+04
149,1.6092000000e+06,1.9229198656e+35,-3.9033471302e+35,-1.9804272646e+35,8.2271328251e+41,2.6070485209e+41,3.1314030292e+43,-1.0569597325e+05,-4.6192504390e+04,1.0634191236e+04
150,1.6200000000e+06,1.9228961326e+35,-3.9033220729e+35,-1.9804259403e+35,8.2271331433e+41,2.6070484875e+41,3.1314031325e+43,-1.0569582963e+05,-4.6192597378e+04,1.0634019588e+04
151,1.6308000000e+06,1.9228724650e+35,-3.9032970816e+35,-1.9804246166e+35,8.2271334613e+41,2.6070484542e+41,3.1314032357e+43,-1.0569568600e+05,-4.6192690367e+04,1.0633847940e+04
152,1.6416000000e+06,1.9228488626e+35,-3.9032721562e+35,-1.9804232935e+35,8.2271337793e+41,2.6070484210e+41,3.1314033388e+43,-1.0569554237e+05,-4.6192783355e+04,1.0633676292e+04
153,1.6524000000e+06,1.9228253254e+35,-3.9032472965e+35,-1.9804219711e+35,8.2271340972e+41,2.6070483879e+41,3.1314034420e+43,-1.0569539874e+05,-4.6192876343e+04,1.0633504644e+04
154,1.6632000000e+06,1.9228018530e+35,-3.9032225022e+35,-1.9804206493e+35,8.2271344151e+41,2.6070483548e+41,3.1314035452e+43,-1.0569525511e+05,-4.6192969332e+04,1.0633332996e+04
155,1.6740000000e+06,1.9227784453e+35,-3.9031977734e+35,-1.9804193281e+35,8.2271347329e+41,2.6070483217e+41,3.1314036484e+43,-1.0569511149e+05,-4.6193062320e+04,1.0633161348e+04
156,1.6848000000e+06,1.9227551022e+35,-3.9031731096e+35,-1.9804180074e+35,8.2271350506e+41,2.6070482887e+41,3.1314037515e+43,-1.0569496786e+05,-4.6193155308e+04,1.0632989700e+04
157,1.6956000000e+06,1.9227318235e+35,-3.9031485109e+35,-1.9804166874e+35,8.2271353682e+41,2.6070482558e+41,3.1314038547e+43,-1.0569482423e+05,-4.6193248296e+04,1.0632818052e+04
158,1.7064000000e+06,1.9227086090e+35,-3.9031239769e+35,-1.9804153679e+35,8.2271356858e+41,2.6070482230e+41,3.1314039578e+43,-1.0569468060e+05,-4.6193341285e+04,1.0632646405e+04
159,1.7172000000e+06,1.9226854586e+35,-3.9030995076e+35,-1.9804140489e+35,8.2271360033e+41,2.6070481901e+41,3.1314040610e+43,-1.0569453697e+05,-4.6193434273e+04,1.0632474757e+04
160,1.7280000000e+06,1.9226623721e+35,-3.9030751027e+35,-1.9804127306e+35,8.2271363208e+41,2.6070481574e+41,3.1314041641e+43,-1.0569439335e+05,-4.6193527261e+04,1.0632303109e+04
161,1.7388000000e+06,1.9226393494e+35,-3.9030507621e+35,-1.9804114127e+35,8.2271366382e+41,2.6070481247e+41,3.1314042673e+43,-1.0569424972e+05,-4.6193620250e+04,1.0632131461e+04
162,1.7496000000e+06,1.9226163902e+35,-3.9030264856e+35,-1.9804100954e+35,8.2271369555e+41,2.6070480920e+41,3.1314043704e+43,-1.0569410609e+05,-4.6193713238e+04,1.0631959813e+04
163,1.7604000000e+06,1.9225934945e+35,-3.9030022730e+35,-1.9804087785e+35,8.2271372727e+41,2.6070480595e+41,3.1314044735e+43,-1.0569396246e+05,-4.6193806226e+04,1.0631788165e+04
164,1.7712000000e+06,1.9225706620e+35,-3.9029781242e+35,-1.9804074622e+35,8.2271375900e+41,2.6070480269e+41,3.1314045766e+43,-1.0569381883e+05,-4.6193899214e+04,1.0631616517e+04
165,1.7820000000e+06,1.9225478927e+35,-3.9029540391e+35,-1.9804061464e+35,8.2271379071e+41,2.6070479944e+41,3.1314046797e+43,-1.0569367521e+05,-4.6193992203e+04,1.0631444869e+04
166,1.7928000000e+06,1.9225251863e+35,-3.9029300173e+35,-1.9804048310e+35,8.2271382242e+41,2.6070479620e+41,3.1314047828e+43,-1.0569353158e+05,-4.6194085191e+04,1.0631273221e+04
167,1.8036000000e+06,1.9225025428e+35,-3.9029060589e+35,-1.9804035161e+35,8.2271385412e+41,2.6070479296e+41,3.1314048859e+43,-1.0569338795e+05,-4.6194178179e+04,1.0631101573e+04
168,1.8144000000e+06,1.9224799620e+35,-3.9028821637e+35,-1.9804022017e+35,8.2271388582e+41,2.6070478972e+41,3.1314049890e+43,-1.0569324432e+05,-4.6194271167e+04,1.0630929925e+04
169,1.8252000000e+06,1.9224574437e+35,-3.9028583314e+35,-1.9804008877e+35,8.2271391751e+41,2.6070478649e+41,3.1314050921e+43,-1.0569310069e+05,-4.6194364156e+04,1.0630758277e+04
170,1.8360000000e+06,1.9224349878e+35,-3.9028345619e+35,-1.9803995741e+35,8.2271394920e+41,2.6070478327e+41,3.1314051951e+43,-1.0569295707e+05,-4.6194457144e+04,1.0630586629e+04
171,1.8468000000e+06,1.9224125941e+35,-3.9028108551e+35,-1.9803982610e+35,8.2271398089e+41,2.6070478004e+41,3.1314052982e+43,-1.0569281344e+05,-4.6194550132e+04,1.0630414981e+04
172,1.8576000000e+06,1.9223902626e+35,-3.9027872109e+35,-1.9803969483e+35,8.2271401256e+41,2.6070477683e+41,3.1314054013e+43,-1.0569266981e+05,-4.6194643121e+04,1.0630243333e+04
173,1.8684000000e+06,1.9223679930e+35,-3.9027636290e+35,-1.9803956360e+35,8.2271404424e+41,2.6070477361e+41,3.1314055043e+43,-1.0569252618e+05,-4.6194736109e+04,1.0630071685e+04
174,1.8792000000e+06,1.9223457853e+35,-3.9027401094e+35,-1.9803943241e+35,8.2271407590e+41,2.6070477041e+41,3.1314056074e+43,-1.0569238255e+05,-4.6194829097e+04,1.0629900037e+04
175,1.8900000000e+06,1.9223236393e+35,-3.9027166518e+35,-1.9803930125e+35,8.2271410757e+41,2.6070476720e+41,3.1314057104e+43,-1.0569223893e+05,-4.6194922085e+04,1.0629728389e+04
176,1.9008000000e+06,1.9223015549e+35,-3.9026932563e+35,-1.9803917014e+35,8.2271413923e+41,2.6070476400e+41,3.1314058135e+43,-1.0569209530e+05,-4.6195015074e+04,1.0629556742e+04
177,1.9116000000e+06,1.9222795319e+35,-3.9026699225e+35,-1.9803903906e+35,8.2271417088e+41,2.6070476080e+41,3.1314059165e+43,-1.0569195167e+05,-4.6195108062e+04,1.0629385094e+04
178,1.9224000000e+06,1.9222575703e+35,-3.9026466504e+35,-1.9803890801e+35,8.2271420253e+41,2.6070475761e+41,3.1314060196e+43,-1.0569180804e+05,-4.6195201050e+04,1.0629213446e+04
179,1.9332000000e+06,1.9222356698e+35,-3.9026234398e+35,-1.9803877700e+35,8.2271423417e+41,2.6070475442e+41,3.1314061226e+43,-1.0569166441e+05,-4.6195294039e+04,1.0629041798e+04
180,1.9440000000e+06,1.9222138304e+35,-3.9026002907e+35,-1.9803864603e+35,8.2271426582e+41,2.6070475124e+41,3.1314062256e+43,-1.0569152079e+05,-4.6195387027e+04,1.0628870150e+04
181,1.9548000000e+06,1.9221920519e+35,-3.9025772028e+35,-1.9803851508e+35,8.2271429745e+41,2.6070474805e+41,3.1314063286e+43,-1.0569137716e+05,-4.6195480015e+04,1.0628698502e+04
182,1.9656000000e+06,1.9221703343e+35,-3.9025541760e+35,-1.9803838417e+35,8.2271432909e+41,2.6070474487e+41,3.1314064317e+43,-1.0569123353e+05,-4.6195573003e+04,1.0628526854e+04
183,1.9764000000e+06,1.9221486774e+35,-3.9025312103e+35,-1.9803825329e+35,8.2271436072e+41,2.6070474170e+41,3.1314065347e+43,-1.0569108990e+05,-4.6195665992e+04,1.0628355206e+04
184,1.9872000000e+06,1.9221270811e+35,-3.9025083055e+35,-1.9803812244e+35,8.2271439234e+41,2.6070473853e+41,3.1314066377e+43,-1.0569094627e+05,-4.6195758980e+04,1.0628183558e+04
185,1.9980000000e+06,1.9221055452e+35,-3.9024854614e+35,-1.9803799161e+35,8.2271442396e+41,2.6070473536e+41,3.1314067407e+43,-1.0569080265e+05,-4.6195851968e+04,1.0628011910e+04
186,2.0088000000e+06,1.9220840697e+35,-3.9024626779e+35,-1.9803786082e+35,8.2271445558e+41,2.6070473219e+41,3.1314068437e+43,-1.0569065902e+05,-4.6195944957e+04,1.0627840262e+04
187,2.0196000000e+06,1.9220626545e+35,-3.9024399550e+35,-1.9803773005e+35,8.2271448720e+41,2.6070472903e+41,3.1314069467e+43,-1.0569051539e+05,-4.6196037945e+04,1.0627668614e+04
188,2.0304000000e+06,1.9220412994e+35,-3.9024172924e+35,-1.9803759931e+35,8.2271451881e+41,2.6070472587e+41,3.1314070497e+43,-1.0569037176e+05,-4.6196130933e+04,1.0627496966e+04
189,2.0412000000e+06,1.9220200043e+35,-3.9023946902e+35,-1.9803746859e+35,8.2271455042e+41,2.6070472271e+41,3.1314071527e+43,-1.0569022813e+05,-4.6196223922e+04,1.0627325318e+04
190,2.0520000000e+06,1.9219987691e+35,-3.9023721481e+35,-1.9803733789e+35,8.2271458202e+41,2.6070471955e+41,3.1314072557e+43,-1.0569008451e+05,-4.6196316910e+04,1.0627153670e+04
191,2.0628000000e+06,1.9219775938e+35,-3.9023496661e+35,-1.9803720722e+35,8.2271461362e+41,2.6070471640e+41,3.1314073587e+43,-1.0568994088e+05,-4.6196409898e+04,1.0626982022e+04
192,2.0736000000e+06,1.9219564782e+35,-3.9023272440e+35,-1.9803707657e+35,8.2271464522e+41,2.6070471325e+41,3.1314074616e+43,-1.0568979725e+05,-4.6196502886e+04,1.0626810374e+04
193,2.0844000000e+06,1.9219354222e+35,-3.9023048817e+35,-1.9803694595e+35,8.2271467682e+41,2.6070471010e+41,3.1314075646e+43,-1.0568965362e+05,-4.6196595875e+04,1.0626638727e+04
194,2.0952000000e+06,1.9219144257e+35,-3.9022825791e+35,-1.9803681534e+35,8.2271470841e+41,2.6070470696e+41,3.1314076676e+43,-1.0568950999e+05,-4.6196688863e+04,1.0626467079e+04
195,2.1060000000e+06,1.9218934887e+35,-3.9022603362e+35,-1.9803668475e+35,8.2271474000e+41,2.6070470382e+41,3.1314077706e+43,-1.0568936637e+05,-4.6196781851e+04,1.0626295431e+04
196,2.1168000000e+06,1.9218726110e+35,-3.9022381528e+35,-1.9803655418e+35,8.2271477159e+41,2.6070470068e+41,3.1314078736e+43,-1.0568922274e+05,-4.6196874840e+04,1.0626123783e+04
197,2.1276000000e+06,1.9218517925e+35,-3.9022160288e+35,-1.9803642363e+35,8.2271480318e+41,2.6070469754e+41,3.1314079765e+43,-1.0568907911e+05,-4.6196967828e+04,1.0625952135e+04
198,2.1384000000e+06,1.9218310332e+35,-3.9021939641e+35,-1.9803629309e+35,8.2271483476e+41,2.6070469440e+41,3.1314080795e+43,-1.0568893548e+05,-4.6197060816e+04,1.0625780487e+04
199,2.1492000000e+06,1.9218103329e+35,-3.9021719586e+35,-1.9803616257e+35,8.2271486634e+41,2.6070469126e+41,3.1314081825e+43,-1.0568879185e+05,-4.6197153804e+04,1.0625608839e+04
200,2.1600000000e+06,1.9217896915e+35,-3.9021500122e+35,-1.9803603207e+35,8.2271489792e+41,2.6070468813e+41,3.1314082854e+43,-1.0568864823e+05,-4.6197246793e+04,1.0625437191e+04
201,2.1708000000e+06,1.9217691091e+35,-3.9021281248e+35,-1.9803590157e+35,8.2271492950e+41,2.6070468500e+41,3.1314083884e+43,-1.0568850460e+05,-4.6197339781e+04,1.0625265543e+04
202,2.1816000000e+06,1.9217485855e+35,-3.9021062964e+35,-1.9803577110e+35,8.2271496107e+41,2.6070468187e+41,3.1314084913e+43,-1.0568836097e+05,-4.6197432769e+04,1.0625093895e+04
203,2.1924000000e+06,1.9217281205e+35,-3.9020845268e+35,-1.9803564063e+35,8.2271499264e+41,2.6070467874e+41,3.1314085943e+43,-1.0568821734e+05,-4.6197525758e+04,1.0624922247e+04
204,2.2032000000e+06,1.9217077142e+35,-3.9020628160e+35,-1.9803551018e+35,8.2271502421e+41,2.6070467562e+41,3.1314086973e+43,-1.0568807371e+05,-4.6197618746e+04,1.0624750599e+04
205,2.2140000000e+06,1.9216873665e+35,-3.9020411638e+35,-1.9803537973e+35,8.2271505578e+41,2.6070467249e+41,3.1314088002e+43,-1.0568793009e+05,-4.6197711734e+04,1.0624578951e+04
206,2.2248000000e+06,1.9216670772e+35,-3.9020195702e+35,-1.9803524930e+35,8.2271508735e+41,2.6070466937e+41,3.1314089032e+43,-1.0568778646e+05,-4.6197804723e+04,1.0624407303e+04
207,2.2356000000e+06,1.9216468463e+35,-3.9019980350e+35,-1.9803511887e+35,8.2271511892e+41,2.6070466624e+41,3.1314090061e+43,-1.0568764283e+05,-4.6197897711e+04,1.0624235655e+04
208,2.2464000000e+06,1.9216266738e+35,-3.9019765583e+35,-1.9803498845e+35,8.2271515048e+41,2.6070466312e+41,3.1314091091e+43,-1.0568749920e+05,-4.6197990699e+04,1.0624064007e+04
209,2.2572000000e+06,1.9216065595e+35,-3.9019551399e+35,-1.9803485804e+35,8.2271518205e+41,2.6070466000e+41,3.1314092120e+43,-1.0568735557e+05,-4.6198083688e+04,1.0623892359e+04
210,2.2680000000e+06,1.9215865034e+35,-3.9019337798e+35,-1.9803472763e+35,8.2271521361e+41,2.6070465688e+41,3.1314093150e+43,-1.0568721195e+05,-4.6198176676e+04,1.0623720711e+04
211,2.2788000000e+06,1.9215665055e+35,-3.9019124778e+35,-1.9803459723e+35,8.2271524517e+41,2.6070465376e+41,3.1314094179e+43,-1.0568706832e+05,-4.6198269664e+04,1.0623549064e+04
212,2.2896000000e+06,1.9215465655e+35,-3.9018912339e+35,-1.9803446684e+35,8.2271527673e+41,2.6070465065e+41,3.1314095209e+43,-1.0568692469e+05,-4.6198362652e+04,1.0623377416e+04
213,2.3004000000e+06,1.9215266836e+35,-3.9018700480e+35,-1.9803433644e+35,8.2271530829e+41,2.6070464753e+41,3.1314096238e+43,-1.0568678106e+05,-4.6198455640e+04,1.0623205768e+04
214,2.3112000000e+06,1.9215068596e+35,-3.9018489201e+35,-1.9803420605e+35,8.2271533985e+41,2.6070464441e+41,3.1314097268e+43,-1.0568663743e+05,-4.6198548629e+04,1.0623034120e+04
215,2.3220000000e+06,1.9214870935e+35,-3.9018278501e+35,-1.9803407566e+35,8.2271537141e+41,2.6070464130e+41,3.1314098297e+43,-1.0568649381e+05,-4.6198641617e+04,1.0622862472e+04
216,2.3328000000e+06,1.9214673851e+35,-3.9018068379e+35,-1.9803394528e+35,8.2271540296e+41,2.6070463818e+41,3.1314099327e+43,-1.0568635018e+05,-4.6198734606e+04,1.0622690824e+04
217,2.3436000000e+06,1.9214477345e+35,-3.9017858834e+35,-1.9803381489e+35,8.2271543452e+41,2.6070463506e+41,3.1314100356e+43,-1.0568620655e+05,-4.6198827594e+04,1.0622519176e+04
218,2.3544000000e+06,1.9214281417e+35,-3.9017649867e+35,-1.9803368450e+35,8.2271546607e+41,2.6070463195e+41,3.1314101386e+43,-1.0568606292e+05,-4.6198920582e+04,1.0622347528e+04
219,2.3652000000e+06,1.9214086064e+35,-3.9017441475e+35,-1.9803355411e+35,8.2271549763e+41,2.6070462884e+41,3.1314102415e+43,-1.0568591929e+05,-4.6199013571e+04,1.0622175880e+04
220,2.3760000000e+06,1.9213891288e+35,-3.9017233659e+35,-1.9803342372e+35,8.2271552919e+41,2.6070462572e+41,3.1314103445e+43,-1.0568577567e+05,-4.6199106559e+04,1.0622004232e+04
221,2.3868000000e+06,1.9213697086e+35,-3.9017026418e+35,-1.9803329332e+35,8.2271556074e+41,2.6070462261e+41,3.1314104474e+43,-1.0568563204e+05,-4.6199199547e+04,1.0621832584e+04
222,2.3976000000e+06,1.9213503460e+35,-3.9016819752e+35,-1.9803316292e+35,8.2271559230e+41,2.6070461949e+41,3.1314105503e+43,-1.0568548841e+05,-4.6199292535e+04,1.0621660936e+04
223,2.4084000000e+06,1.9213310408e+35,-3.9016613659e+35,-1.9803303251e+35,8.2271562385e+41,2.6070461638e+41,3.1314106533e+43,-1.0568534478e+05,-4.6199385524e+04,1.0621489288e+04
224,2.4192000000e+06,1.9213117930e+35,-3.9016408140e+35,-1.9803290210e+35,8.2271565541e+41,2.6070461326e+41,3.1314107562e+43,-1.0568520115e+05,-4.6199478512e+04,1.0621317640e+04
225,2.4300000000e+06,1.9212926026e+35,-3.9016203194e+35,-1.9803277168e+35,8.2271568696e+41,2.6070461015e+41,3.1314108592e+43,-1.0568505753e+05,-4.6199571500e+04,1.0621145992e+04
226,2.4408000000e+06,1.9212734695e+35,-3.9015998820e+35,-1.9803264126e+35,8.2271571852e+41,2.6070460703e+41,3.1314109621e+43,-1.0568491390e+05,-4.6199664488e+04,1.0620974344e+04
227,2.4516000000e+06,1.9212543936e+35,-3.9015795018e+35,-1.9803251082e+35,8.2271575007e+41,2.6070460391e+41,3.1314110651e+43,-1.0568477027e+05,-4.6199757477e+04,1.0620802696e+04
228,2.4624000000e+06,1.9212353750e+35,-3.9015591787e+35,-1.9803238037e+35,8.2271578163e+41,2.6070460080e+41,3.1314111680e+43,-1.0568462664e+05,-4.6199850465e+04,1.0620631049e+04
229,2.4732000000e+06,1.9212164136e+35,-3.9015389128e+35,-1.9803224992e+35,8.2271581319e+41,2.6070459768e+41,3.1314112710e+43,-1.0568448301e+05,-4.6199943453e+04,1.0620459401e+04
230,2.4840000000e+06,1.9211975093e+35,-3.9015187038e+35,-1.9803211945e+35,8.2271584475e+41,2.6070459456e+41,3.1314113739e+43,-1.0568433939e+05,-4.6200036441e+04,1.0620287753e+04
231,2.4948000000e+06,1.9211786622e+35,-3.9014985519e+35,-1.9803198898e+35,8.2271587630e+41,2.6070459144e+41,3.1314114769e+43,-1.0568419576e+05,-4.6200129430e+04,1.0620116105e+04
232,2.5056000000e+06,1.9211598721e+35,-3.9014784570e+35,-1.9803185848e+35,8.2271590786e+41,2.6070458832e+41,3.1314115798e+43,-1.0568405213e+05,-4.6200222418e+04,1.0619944457e+04
233,2.5164000000e+06,1.9211411392e+35,-3.9014584190e+35,-1.9803172798e+35,8.2271593942e+41,2.6070458520e+41,3.1314116828e+43,-1.0568390850e+05,-4.6200315406e+04,1.0619772809e+04
234,2.5272000000e+06,1.9211224633e+35,-3.9014384379e+35,-1.9803159746e+35,8.2271597099e+41,2.6070458208e+41,3.1314117858e+43,-1.0568376487e+05,-4.6200408395e+04,1.0619601161e+04
235,2.5380000000e+06,1.9211038443e+35,-3.9014185136e+35,-1.9803146692e+35,8.2271600255e+41,2.6070457896e+41,3.1314118887e+43,-1.0568362125e+05,-4.6200501383e+04,1.0619429513e+04
236,2.5488000000e+06,1.9210852824e+35,-3.9013986462e+35,-1.9803133637e+35,8.2271603411e+41,2.6070457583e+41,3.1314119917e+43,-1.0568347762e+05,-4.6200594371e+04,1.0619257865e+04
237,2.5596000000e+06,1.9210667775e+35,-3.9013788355e+35,-1.9803120581e+35,8.2271606568e+41,2.6070457271e+41,3.1314120946e+43,-1.0568333399e+05,-4.6200687359e+04,1.0619086217e+04
238,2.5704000000e+06,1.9210483295e+35,-3.9013590817e+35,-1.9803107522e+35,8.2271609724e+41,2.6070456958e+41,3.1314121976e+43,-1.0568319036e+05,-4.6200780348e+04,1.0618914569e+04
239,2.5812000000e+06,1.9210299384e+35,-3.9013393845e+35,-1.9803094461e+35,8.2271612881e+41,2.6070456645e+41,3.1314123006e+43,-1.0568304673e+05,-4.6200873336e+04,1.0618742921e+04
240,2.5920000000e+06,1.9210116042e+35,-3.9013197441e+35,-1.9803081399e+35,8.2271616038e+41,2.6070456332e+41,3.1314124035e+43,-1.0568290311e+05,-4.6200966324e+04,1.0618571273e+04
241,2.6028000000e+06,1.9209933270e+35,-3.9013001604e+35,-1.9803068334e+35,8.2271619195e+41,2.6070456019e+41,3.1314125065e+43,-1.0568275948e+05,-4.6201059312e+04,1.0618399625e+04
242,2.6136000000e+06,1.9209751066e+35,-3.9012806333e+35,-1.9803055268e+35,8.2271622353e+41,2.6070455706e+41,3.1314126095e+43,-1.0568261585e+05,-4.6201152301e+04,1.0618227977e+04
243,2.6244000000e+06,1.9209569430e+35,-3.9012611629e+35,-1.9803042199e+35,8.2271625510e+41,2.6070455393e+41,3.1314127125e+43,-1.0568247222e+05,-4.6201245289e+04,1.0618056329e+04
244,2.6352000000e+06,1.9209388363e+35,-3.9012417491e+35,-1.9803029127e+35,8.2271628668e+41,2.6070455079e+41,3.1314128154e+43,-1.0568232859e+05,-4.6201338277e+04,1.0617884681e+04
245,2.6460000000e+06,1.9209207865e+35,-3.9012223919e+35,-1.9803016054e+35,8.2271631826e+41,2.6070454765e+41,3.1314129184e+43,-1.0568218497e+05,-4.6201431265e+04,1.0617713033e+04
246,2.6568000000e+06,1.9209027935e+35,-3.9012030912e+35,-1.9803002978e+35,8.2271634984e+41,2.6070454451e+41,3.1314130214e+43,-1.0568204134e+05,-4.6201524254e+04,1.0617541386e+04
247,2.6676000000e+06,1.9208848573e+35,-3.9011838472e+35,-1.9802989899e+35,8.2271638142e+41,2.6070454137e+41,3.1314131244e+43,-1.0568189771e+05,-4.6201617242e+04,1.0617369738e+04
248,2.6784000000e+06,1.9208669779e+35,-3.9011646597e+35,-1.9802976817e+35,8.2271641301e+41,2.6070453822e+41,3.1314132274e+43,-1.0568175408e+05,-4.6201710231e+04,1.0617198090e+04
249,2.6892000000e+06,1.9208491554e+35,-3.9011455287e+35,-1.9802963733e+35,8.2271644460e+41,2.6070453507e+41,3.1314133304e+43,-1.0568161045e+05,-4.6201803218e+04,1.0617026442e+04
250,2.7000000000e+06,1.9208313897e+35,-3.9011264543e+35,-1.9802950646e+35,8.2271647619e+41,2.6070453192e+41,3.1314134334e+43,-1.0568146683e+05,-4.6201896207e+04,1.0616854794e+04
251,2.7108000000e+06,1.9208136808e+35,-3.9011074364e+35,-1.9802937556e+35,8.2271650778e+41,2.6070452877e+41,3.1314135364e+43,-1.0568132320e+05,-4.6201989195e+04,1.0616683146e+04
252,2.7216000000e+06,1.9207960287e+35,-3.9010884750e+35,-1.9802924463e+35,8.2271653938e+41,2.6070452562e+41,3.1314136394e+43,-1.0568117957e+05,-4.6202082183e+04,1.0616511498e+04
253,2.7324000000e+06,1.9207784334e+35,-3.9010695701e+35,-1.9802911367e+35,8.2271657098e+41,2.6070452246e+41,3.1314137424e+43,-1.0568103594e+05,-4.6202175172e+04,1.0616339850e+04
254,2.7432000000e+06,1.9207608950e+35,-3.9010507218e+35,-1.9802898268e+35,8.2271660258e+41,2.6070451930e+41,3.1314138454e+43,-1.0568089231e+05,-4.6202268160e+04,1.0616168202e+04
255,2.7540000000e+06,1.9207434134e+35,-3.9010319299e+35,-1.9802885165e+35,8.2271663419e+41,2.6070451614e+41,3.1314139484e+43,-1.0568074869e+05,-4.6202361148e+04,1.0615996554e+04
256,2.7648000000e+06,1.9207259886e+35,-3.9010131945e+35,-1.9802872059e+35,8.2271666579e+41,2.6070451297e+41,3.1314140514e+43,-1.0568060506e+05,-4.6202454136e+04,1.0615824906e+04
257,2.7756000000e+06,1.9207086207e+35,-3.9009945157e+35,-1.9802858950e+35,8.2271669741e+41,2.6070450980e+41,3.1314141544e+43,-1.0568046143e+05,-4.6202547125e+04,1.0615653258e+04
258,2.7864000000e+06,1.9206913096e+35,-3.9009758933e+35,-1.9802845837e+35,8.2271672902e+41,2.6070450663e+41,3.1314142575e+43,-1.0568031780e+05,-4.6202640113e+04,1.0615481610e+04
259,2.7972000000e+06,1.9206740554e+35,-3.9009573274e+35,-1.9802832720e+35,8.2271676064e+41,2.6070450345e+41,3.1314143605e+43,-1.0568017417e+05,-4.6202733101e+04,1.0615309962e+04
260,2.8080000000e+06,1.9206568581e+35,-3.9009388181e+35,-1.9802819600e+35,8.2271679226e+41,2.6070450028e+41,3.1314144635e+43,-1.0568003055e+05,-4.6202826090e+04,1.0615138314e+04
261,2.8188000000e+06,1.9206397177e+35,-3.9009203652e+35,-1.9802806475e+35,8.2271682389e+41,2.6070449709e+41,3.1314145666e+43,-1.0567988692e+05,-4.6202919078e+04,1.0614966666e+04
262,2.8296000000e+06,1.9206226342e+35,-3.9009019689e+35,-1.9802793347e+35,8.2271685552e+41,2.6070449391e+41,3.1314146696e+43,-1.0567974329e+05,-4.6203012066e+04,1.0614795018e+04
263,2.8404000000e+06,1.9206056076e+35,-3.9008836292e+35,-1.9802780215e+35,8.2271688715e+41,2.6070449072e+41,3.1314147726e+43,-1.0567959966e+05,-4.6203105055e+04,1.0614623371e+04
264,2.8512000000e+06,1.9205886380e+35,-3.9008653459e+35,-1.9802767079e+35,8.2271691879e+41,2.6070448753e+41,3.1314148757e+43,-1.0567945603e+05,-4.6203198043e+04,1.0614451723e+04
265,2.8620000000e+06,1.9205717254e+35,-3.9008471192e+35,-1.9802753938e+35,8.2271695043e+41,2.6070448433e+41,3.1314149787e+43,-1.0567931241e+05,-4.6203291031e+04,1.0614280075e+04
266,2.8728000000e+06,1.9205548698e+35,-3.9008289491e+35,-1.9802740794e+35,8.2271698207e+41,2.6070448113e+41,3.1314150818e+43,-1.0567916878e+05,-4.6203384019e+04,1.0614108427e+04
267,2.8836000000e+06,1.9205380712e+35,-3.9008108356e+35,-1.9802727644e+35,8.2271701372e+41,2.6070447793e+41,3.1314151849e+43,-1.0567902515e+05,-4.6203477008e+04,1.0613936779e+04
268,2.8944000000e+06,1.9205213296e+35,-3.9007927786e+35,-1.9802714491e+35,8.2271704537e+41,2.6070447472e+41,3.1314152879e+43,-1.0567888152e+05,-4.6203569996e+04,1.0613765131e+04
269,2.9052000000e+06,1.9205046451e+35,-3.9007747783e+35,-1.9802701332e+35,8.2271707703e+41,2.6070447151e+41,3.1314153910e+43,-1.0567873789e+05,-4.6203662984e+04,1.0613593483e+04
270,2.9160000000e+06,1.9204880177e+35,-3.9007568346e+35,-1.9802688169e+35,8.2271710869e+41,2.6070446829e+41,3.1314154941e+43,-1.0567859427e+05,-4.6203755973e+04,1.0613421835e+04
271,2.9268000000e+06,1.9204714474e+35,-3.9007389476e+35,-1.9802675002e+35,8.2271714036e+41,2.6070446507e+41,3.1314155972e+43,-1.0567845064e+05,-4.6203848961e+04,1.0613250187e+04
272,2.9376000000e+06,1.9204549343e+35,-3.9007211172e+35,-1.9802661829e+35,8.2271717203e+41,2.6070446185e+41,3.1314157003e+43,-1.0567830701e+05,-4.6203941949e+04,1.0613078539e+04
273,2.9484000000e+06,1.9204384784e+35,-3.9007033436e+35,-1.9802648652e+35,8.2271720371e+41,2.6070445862e+41,3.1314158034e+43,-1.0567816338e+05,-4.6204034937e+04,1.0612906891e+04
274,2.9592000000e+06,1.9204220797e+35,-3.9006856266e+35,-1.9802635469e+35,8.2271723539e+41,2.6070445539e+41,3.1314159065e+43,-1.0567801975e+05,-4.6204127926e+04,1.0612735243e+04
275,2.9700000000e+06,1.9204057383e+35,-3.9006679664e+35,-1.9802622281e+35,8.2271726708e+41,2.6070445215e+41,3.1314160096e+43,-1.0567787613e+05,-4.6204220914e+04,1.0612563595e+04
276,2.9808000000e+06,1.9203894541e+35,-3.9006503630e+35,-1.9802609088e+35,8.2271729877e+41,2.6070444891e+41,3.1314161127e+43,-1.0567773250e+05,-4.6204313902e+04,1.0612391947e+04
277,2.9916000000e+06,1.9203732274e+35,-3.9006328163e+35,-1.9802595890e+35,8.2271733047e+41,2.6070444566e+41,3.1314162158e+43,-1.0567758887e+05,-4.6204406890e+04,1.0612220299e+04
278,3.0024000000e+06,1.9203570579e+35,-3.9006153265e+35,-1.9802582686e+35,8.2271736217e+41,2.6070444241e+41,3.1314163190e+43,-1.0567744524e+05,-4.6204499879e+04,1.0612048651e+04
279,3.0132000000e+06,1.9203409459e+35,-3.9005978936e+35,-1.9802569477e+35,8.2271739388e+41,2.6070443915e+41,3.1314164221e+43,-1.0567730161e+05,-4.6204592867e+04,1.0611877003e+04
280,3.0240000000e+06,1.9203248914e+35,-3.9005805176e+35,-1.9802556262e+35,8.2271742559e+41,2.6070443589e+41,3.1314165252e+43,-1.0567715799e+05,-4.6204685855e+04,1.0611705355e+04
281,3.0348000000e+06,1.9203088943e+35,-3.9005631984e+35,-1.9802543041e+35,8.2271745731e+41,2.6070443262e+41,3.1314166284e+43,-1.0567701436e+05,-4.6204778844e+04,1.0611533708e+04
282,3.0456000000e+06,1.9202929548e+35,-3.9005459363e+35,-1.9802529814e+35,8.2271748903e+41,2.6070442935e+41,3.1314167315e+43,-1.0567687073e+05,-4.6204871832e+04,1.0611362060e+04
283,3.0564000000e+06,1.9202770729e+35,-3.9005287311e+35,-1.9802516582e+35,8.2271752076e+41,2.6070442607e+41,3.1314168347e+43,-1.0567672710e+05,-4.6204964820e+04,1.0611190412e+04
284,3.0672000000e+06,1.9202612486e+35,-3.9005115829e+35,-1.9802503343e+35,8.2271755250e+41,2.6070442279e+41,3.1314169379e+43,-1.0567658347e+05,-4.6205057809e+04,1.0611018764e+04
285,3.0780000000e+06,1.9202454820e+35,-3.9004944918e+35,-1.9802490098e+35,8.2271758424e+41,2.6070441950e+41,3.1314170410e+43,-1.0567643985e+05,-4.6205150797e+04,1.0610847116e+04
286,3.0888000000e+06,1.9202297731e+35,-3.9004774579e+35,-1.9802476847e+35,8.2271761599e+41,2.6070441621e+41,3.1314171442e+43,-1.0567629622e+05,-4.6205243785e+04,1.0610675468e+04
287,3.0996000000e+06,1.9202141221e+35,-3.9004604810e+35,-1.9802463590e+35,8.2271764775e+41,2.6070441291e+41,3.1314172474e+43,-1.0567615259e+05,-4.6205336774e+04,1.0610503820e+04
288,3.1104000000e+06,1.9201985288e+35,-3.9004435614e+35,-1.9802450326e+35,8.2271767951e+41,2.6070440960e+41,3.1314173506e+43,-1.0567600896e+05,-4.6205429762e+04,1.0610332172e+04
289,3.1212000000e+06,1.9201829934e+35,-3.9004266989e+35,-1.9802437055e+35,8.2271771128e+41,2.6070440629e+41,3.1314174538e+43,-1.0567586533e+05,-4.6205522750e+04,1.0610160524e+04
290,3.1320000000e+06,1.9201675160e+35,-3.9004098938e+35,-1.9802423778e+35,8.2271774305e+41,2.6070440297e+41,3.1314175570e+43,-1.0567572171e+05,-4.6205615739e+04,1.0609988876e+04
291,3.1428000000e+06,1.9201520965e+35,-3.9003931459e+35,-1.9802410494e+35,8.2271777483e+41,2.6070439965e+41,3.1314176602e+43,-1.0567557808e+05,-4.6205708727e+04,1.0609817228e+04
292,3.1536000000e+06,1.9201367351e+35,-3.9003764554e+35,-1.9802397203e+35,8.2271780662e+41,2.6070439632e+41,3.1314177634e+43,-1.0567543445e+05,-4.6205801715e+04,1.0609645580e+04
293,3.1644000000e+06,1.9201214318e+35,-3.9003598223e+35,-1.9802383905e+35,8.2271783841e+41,2.6070439298e+41,3.1314178667e+43,-1.0567529082e+05,-4.6205894704e+04,1.0609473932e+04
294,3.1752000000e+06,1.9201061867e+35,-3.9003432467e+35,-1.9802370600e+35,8.2271787022e+41,2.6070438964e+41,3.1314179699e+43,-1.0567514719e+05,-4.6205987692e+04,1.0609302284e+04
295,3.1860000000e+06,1.9200909998e+35,-3.9003267285e+35,-1.9802357288e+35,8.2271790203e+41,2.6070438629e+41,3.1314180732e+43,-1.0567500357e+05,-4.6206080680e+04,1.0609130636e+04
296,3.1968000000e+06,1.9200758712e+35,-3.9003102679e+35,-1.9802343968e+35,8.2271793384e+41,2.6070438294e+41,3.1314181764e+43,-1.0567485994e+05,-4.6206173668e+04,1.0608958988e+04
297,3.2076000000e+06,1.9200608009e+35,-3.9002938649e+35,-1.9802330641e+35,8.2271796567e+41,2.6070437958e+41,3.1314182797e+43,-1.0567471631e+05,-4.6206266657e+04,1.0608787340e+04
298,3.2184000000e+06,1.9200457890e+35,-3.9002775196e+35,-1.9802317306e+35,8.2271799750e+41,2.6070437621e+41,3.1314183830e+43,-1.0567457268e+05,-4.6206359645e+04,1.0608615693e+04
299,3.2292000000e+06,1.9200308355e+35,-3.9002612319e+35,-1.9802303963e+35,8.2271802934e+41,2.6070437283e+41,3.1314184863e+43,-1.0567442905e+05,-4.6206452633e+04,1.0608444045e+04
300,3.2400000000e+06,1.9200159406e+35,-3.9002450020e+35,-1.9802290613e+35,8.2271806118e+41,2.6070436945e+41,3.1314185896e+43,-1.0567428543e+05,-4.6206545622e+04,1.0608272397e+04
301,3.2508000000e+06,1.9200011043e+35,-3.9002288298e+35,-1.9802277255e+35,8.2271809304e+41,2.6070436606e+41,3.1314186929e+43,-1.0567414180e+05,-4.6206638610e+04,1.0608100749e+04
302,3.2616000000e+06,1.9199863267e+35,-3.9002127156e+35,-1.9802263889e+35,8.2271812490e+41,2.6070436266e+41,3.1314187962e+43,-1.0567399817e+05,-4.6206731598e+04,1.0607929101e+04
303,3.2724000000e+06,1.9199716077e+35,-3.9001966592e+35,-1.9802250515e+35,8.2271815677e+41,2.6070435926e+41,3.1314188995e+43,-1.0567385454e+05,-4.6206824587e+04,1.0607757453e+04
304,3.2832000000e+06,1.9199569476e+35,-3.9001806608e+35,-1.9802237132e+35,8.2271818865e+41,2.6070435585e+41,3.1314190028e+43,-1.0567371091e+05,-4.6206917575e+04,1.0607585805e+04
305,3.2940000000e+06,1.9199423463e+35,-3.9001647204e+35,-1.9802223741e+35,8.2271822053e+41,2.6070435243e+41,3.1314191062e+43,-1.0567356729e+05,-4.6207010563e+04,1.0607414157e+04
306,3.3048000000e+06,1.9199278039e+35,-3.9001488381e+35,-1.9802210341e+35,8.2271825243e+41,2.6070434900e+41,3.1314192095e+43,-1.0567342366e+05,-4.6207103551e+04,1.0607242509e+04
307,3.3156000000e+06,1.9199133206e+35,-3.9001330139e+35,-1.9802196933e+35,8.2271828433e+41,2.6070434557e+41,3.1314193129e+43,-1.0567328003e+05,-4.6207196539e+04,1.0607070861e+04
308,3.3264000000e+06,1.9198988963e+35,-3.9001172479e+35,-1.9802183516e+35,8.2271831624e+41,2.6070434213e+41,3.1314194162e+43,-1.0567313640e+05,-4.6207289528e+04,1.0606899213e+04
309,3.3372000000e+06,1.9198845311e+35,-3.9001015401e+35,-1.9802170090e+35,8.2271834817e+41,2.6070433868e+41,3.1314195196e+43,-1.0567299277e+05,-4.6207382516e+04,1.0606727565e+04
310,3.3480000000e+06,1.9198702251e+35,-3.9000858906e+35,-1.9802156655e+35,8.2271838010e+41,2.6070433522e+41,3.1314196230e+43,-1.0567284915e+05,-4.6207475504e+04,1.0606555917e+04
311,3.3588000000e+06,1.9198559784e+35,-3.9000702995e+35,-1.9802143211e+35,8.2271841203e+41,2.6070433175e+41,3.1314197264e+43,-1.0567270552e+05,-4.6207568493e+04,1.0606384269e+04
312,3.3696000000e+06,1.9198417910e+35,-3.9000547668e+35,-1.9802129758e+35,8.2271844398e+41,2.6070432828e+41,3.1314198298e+43,-1.0567256189e+05,-4.6207661481e+04,1.0606212621e+04
313,3.3804000000e+06,1.9198276631e+35,-3.9000392926e+35,-1.9802116295e+35,8.2271847594e+41,2.6070432480e+41,3.1314199332e+43,-1.0567241826e+05,-4.6207754469e+04,1.0606040973e+04
314,3.3912000000e+06,1.9198135946e+35,-3.9000238769e+35,-1.9802102823e+35,8.2271850791e+41,2.6070432130e+41,3.1314200366e+43,-1.0567227463e+05,-4.6207847458e+04,1.0605869325e+04
315,3.4020000000e+06,1.9197995857e+35,-3.9000085198e+35,-1.9802089341e+35,8.2271853988e+41,2.6070431780e+41,3.1314201401e+43,-1.0567213101e+05,-4.6207940446e+04,1.0605697677e+04
316,3.4128000000e+06,1.9197856364e+35,-3.8999932214e+35,-1.9802075850e+35,8.2271857187e+41,2.6070431430e+41,3.1314202435e+43,-1.0567198738e+05,-4.6208033434e+04,1.0605526030e+04
317,3.4236000000e+06,1.9197717468e+35,-3.8999779817e+35,-1.9802062348e+35,8.2271860386e+41,2.6070431078e+41,3.1314203470e+43,-1.0567184375e+05,-4.6208126422e+04,1.0605354382e+04
318,3.4344000000e+06,1.9197579170e+35,-3.8999628007e+35,-1.9802048837e+35,8.2271863587e+41,2.6070430725e+41,3.1314204505e+43,-1.0567170012e+05,-4.6208219411e+04,1.0605182734e+04
319,3.4452000000e+06,1.9197441471e+35,-3.8999476786e+35,-1.9802035315e+35,8.2271866788e+41,2.6070430372e+41,3.1314205539e+43,-1.0567155649e+05,-4.6208312399e+04,1.0605011086e+04
320,3.4560000000e+06,1.9197304371e+35,-3.8999326154e+35,-1.9802021783e+35,8.2271869991e+41,2.6070430018e+41,3.1314206574e+43,-1.0567141287e+05,-4.6208405387e+04,1.0604839438e+04
321,3.4668000000e+06,1.9197167871e+35,-3.8999176111e+35,-1.9802008240e+35,8.2271873194e+41,2.6070429662e+41,3.1314207610e+43,-1.0567126924e+05,-4.6208498375e+04,1.0604667790e+04
322,3.4776000000e+06,1.9197031971e+35,-3.8999026658e+35,-1.9801994687e+35,8.2271876399e+41,2.6070429306e+41,3.1314208645e+43,-1.0567112561e+05,-4.6208591364e+04,1.0604496142e+04
323,3.4884000000e+06,1.9196896674e+35,-3.8998877797e+35,-1.9801981123e+35,8.2271879605e+41,2.6070428949e+41,3.1314209680e+43,-1.0567098198e+05,-4.6208684352e+04,1.0604324494e+04
324,3.4992000000e+06,1.9196761978e+35,-3.8998729526e+35,-1.9801967548e+35,8.2271882811e+41,2.6070428591e+41,3.1314210715e+43,-1.0567083835e+05,-4.6208777340e+04,1.0604152846e+04
325,3.5100000000e+06,1.9196627885e+35,-3.8998581848e+35,-1.9801953962e+35,8.2271886019e+41,2.6070428232e+41,3.1314211751e+43,-1.0567069473e+05,-4.6208870329e+04,1.0603981198e+04
326,3.5208000000e+06,1.9196494396e+35,-3.8998434762e+35,-1.9801940365e+35,8.2271889228e+41,2.6070427871e+41,3.1314212787e+43,-1.0567055110e+05,-4.6208963317e+04,1.0603809550e+04
327,3.5316000000e+06,1.9196361512e+35,-3.8998288269e+35,-1.9801926757e+35,8.2271892438e+41,2.6070427510e+41,3.1314213822e+43,-1.0567040747e+05,-4.6209056305e+04,1.0603637902e+04
328,3.5424000000e+06,1.9196229233e+35,-3.8998142370e+35,-1.9801913137e+35,8.2271895649e+41,2.6070427148e+41,3.1314214858e+43,-1.0567026384e+05,-4.6209149293e+04,1.0603466254e+04
329,3.5532000000e+06,1.9196097559e+35,-3.8997997065e+35,-1.9801899506e+35,8.2271898861e+41,2.6070426785e+41,3.1314215894e+43,-1.0567012021e+05,-4.6209242282e+04,1.0603294606e+04
330,3.5640000000e+06,1.9195966493e+35,-3.8997852355e+35,-1.9801885862e+35,8.2271902075e+41,2.6070426421e+41,3.1314216931e+43,-1.0566997659e+05,-4.6209335270e+04,1.0603122958e+04
331,3.5748000000e+06,1.9195836033e+35,-3.8997708241e+35,-1.9801872207e+35,8.2271905289e+41,2.6070426056e+41,3.1314217967e+43,-1.0566983296e+05,-4.6209428258e+04,1.0602951310e+04
332,3.5856000000e+06,1.9195706182e+35,-3.8997564722e+35,-1.9801858540e+35,8.2271908505e+41,2.6070425690e+41,3.1314219003e+43,-1.0566968933e+05,-4.6209521247e+04,1.0602779662e+04
333,3.5964000000e+06,1.9195576940e+35,-3.8997421800e+35,-1.9801844861e+35,8.2271911722e+41,2.6070425322e+41,3.1314220040e+43,-1.0566954570e+05,-4.6209614235e+04,1.0602608015e+04
334,3.6072000000e+06,1.9195448307e+35,-3.8997279476e+35,-1.9801831169e+35,8.2271914940e+41,2.6070424954e+41,3.1314221076e+43,-1.0566940207e+05,-4.6209707223e+04,1.0602436367e+04
335,3.6180000000e+06,1.9195320284e+35,-3.8997137749e+35,-1.9801817465e+35,8.2271918159e+41,2.6070424585e+41,3.1314222113e+43,-1.0566925845e+05,-4.6209800211e+04,1.0602264719e+04
336,3.6288000000e+06,1.9195192872e+35,-3.8996996620e+35,-1.9801803748e+35,8.2271921379e+41,2.6070424214e+41,3.1314223150e+43,-1.0566911482e+05,-4.6209893200e+04,1.0602093071e+04
337,3.6396000000e+06,1.9195066072e+35,-3.8996856090e+35,-1.9801790018e+35,8.2271924601e+41,2.6070423842e+41,3.1314224187e+43,-1.0566897119e+05,-4.6209986188e+04,1.0601921423e+04
338,3.6504000000e+06,1.9194939884e+35,-3.8996716159e+35,-1.9801776275e+35,8.2271927824e+41,2.6070423470e+41,3.1314225225e+43,-1.0566882756e+05,-4.6210079176e+04,1.0601749775e+04
339,3.6612000000e+06,1.9194814310e+35,-3.8996576828e+35,-1.9801762519e+35,8.2271931048e+41,2.6070423096e+41,3.1314226262e+43,-1.0566868393e+05,-4.6210172164e+04,1.0601578127e+04
340,3.6720000000e+06,1.9194689348e+35,-3.8996438098e+35,-1.9801748749e+35,8.2271934274e+41,2.6070422721e+41,3.1314227300e+43,-1.0566854031e+05,-4.6210265153e+04,1.0601406479e+04
341,3.6828000000e+06,1.9194565001e+35,-3.8996299968e+35,-1.9801734966e+35,8.2271937500e+41,2.6070422345e+41,3.1314228337e+43,-1.0566839668e+05,-4.6210358141e+04,1.0601234831e+04
342,3.6936000000e+06,1.9194441269e+35,-3.8996162439e+35,-1.9801721170e+35,8.2271940729e+41,2.6070421967e+41,3.1314229375e+43,-1.0566825305e+05,-4.6210451129e+04,1.0601063183e+04
343,3.7044000000e+06,1.9194318153e+35,-3.8996025512e+35,-1.9801707359e+35,8.2271943958e+41,2.6070421589e+41,3.1314230413e+43,-1.0566810942e+05,-4.6210544118e+04,1.0600891535e+04
344,3.7152000000e+06,1.9194195653e+35,-3.8995889187e+35,-1.9801693535e+35,8.2271947189e+41,2.6070421209e+41,3.1314231451e+43,-1.0566796579e+05,-4.6210637106e+04,1.0600719887e+04
345,3.7260000000e+06,1.9194073769e+35,-3.8995753465e+35,-1.9801679696e+35,8.2271950421e+41,2.6070420828e+41,3.1314232489e+43,-1.0566782217e+05,-4.6210730094e+04,1.0600548239e+04
346,3.7368000000e+06,1.9193952503e+35,-3.8995618346e+35,-1.9801665843e+35,8.2271953654e+41,2.6070420446e+41,3.1314233528e+43,-1.0566767854e+05,-4.6210823083e+04,1.0600376591e+04
347,3.7476000000e+06,1.9193831855e+35,-3.8995483830e+35,-1.9801651975e+35,8.2271956889e+41,2.6070420062e+41,3.1314234566e+43,-1.0566753491e+05,-4.6210916071e+04,1.0600204943e+04
348,3.7584000000e+06,1.9193711826e+35,-3.8995349918e+35,-1.9801638092e+35,8.2271960125e+41,2.6070419677e+41,3.1314235605e+43,-1.0566739128e+05,-4.6211009059e+04,1.0600033295e+04
349,3.7692000000e+06,1.9193592415e+35,-3.8995216610e+35,-1.9801624195e+35,8.2271963363e+41,2.6070419291e+41,3.1314236644e+43,-1.0566724765e+05,-4.6211102047e+04,1.0599861647e+04
350,3.7800000000e+06,1.9193473624e+35,-3.8995083907e+35,-1.9801610283e+35,8.2271966602e+41,2.6070418904e+41,3.1314237683e+43,-1.0566710403e+05,-4.6211195036e+04,1.0599689999e+04
351,3.7908000000e+06,1.9193355453e+35,-3.8994951808e+35,-1.9801596355e+35,8.2271969843e+41,2.6070418516e+41,3.1314238722e+43,-1.0566696040e+05,-4.6211288024e+04,1.0599518352e+04
352,3.8016000000e+06,1.9193237903e+35,-3.8994820315e+35,-1.9801582412e+35,8.2271973085e+41,2.6070418126e+41,3.1314239762e+43,-1.0566681677e+05,-4.6211381012e+04,1.0599346704e+04
353,3.8124000000e+06,1.9193120974e+35,-3.8994689426e+35,-1.9801568453e+35,8.2271976328e+41,2.6070417734e+41,3.1314240801e+43,-1.0566667314e+05,-4.6211474000e+04,1.0599175056e+04
354,3.8232000000e+06,1.9193004666e+35,-3.8994559144e+35,-1.9801554478e+35,8.2271979573e+41,2.6070417342e+41,3.1314241841e+43,-1.0566652951e+05,-4.6211566989e+04,1.0599003408e+04
355,3.8340000000e+06,1.9192888980e+35,-3.8994429467e+35,-1.9801540487e+35,8.2271982820e+41,2.6070416948e+41,3.1314242881e+43,-1.0566638589e+05,-4.6211659977e+04,1.0598831760e+04
356,3.8448000000e+06,1.9192773917e+35,-3.8994300396e+35,-1.9801526480e+35,8.2271986068e+41,2.6070416553e+41,3.1314243921e+43,-1.0566624226e+05,-4.6211752965e+04,1.0598660112e+04
357,3.8556000000e+06,1.9192659476e+35,-3.8994171932e+35,-1.9801512456e+35,8.2271989317e+41,2.6070416156e+41,3.1314244961e+43,-1.0566609863e+05,-4.6211845953e+04,1.0598488464e+04
358,3.8664000000e+06,1.9192545658e+35,-3.8994044074e+35,-1.9801498416e+35,8.2271992568e+41,2.6070415758e+41,3.1314246001e+43,-1.0566595500e+05,-4.6211938942e+04,1.0598316816e+04
359,3.8772000000e+06,1.9192432463e+35,-3.8993916823e+35,-1.9801484359e+35,8.2271995821e+41,2.6070415359e+41,3.1314247042e+43,-1.0566581137e+05,-4.6212031930e+04,1.0598145168e+04
360,3.8880000000e+06,1.9192319893e+35,-3.8993790178e+35,-1.9801470285e+35,8.2271999075e+41,2.6070414958e+41,3.1314248083e+43,-1.0566566775e+05,-4.6212124918e+04,1.0597973520e+04
361,3.8988000000e+06,1.9192207946e+35,-3.8993664139e+35,-1.9801456194e+35,8.2272002331e+41,2.6070414556e+41,3.1314249123e+43,-1.0566552412e+05,-4.6212217906e+04,1.0597801872e+04
362,3.9096000000e+06,1.9192096623e+35,-3.8993538708e+35,-1.9801442085e+35,8.2272005588e+41,2.6070414152e+41,3.1314250164e+43,-1.0566538049e+05,-4.6212310895e+04,1.0597630224e+04
363,3.9204000000e+06,1.9191985925e+35,-3.8993413883e+35,-1.9801427958e+35,8.2272008847e+41,2.6070413747e+41,3.1314251206e+43,-1.0566523686e+05,-4.6212403883e+04,1.0597458576e+04
364,3.9312000000e+06,1.9191875851e+35,-3.8993289665e+35,-1.9801413814e+35,8.2272012108e+41,2.6070413340e+41,3.1314252247e+43,-1.0566509323e+05,-4.6212496871e+04,1.0597286928e+04
365,3.9420000000e+06,1.9191766402e+35,-3.8993166053e+35,-1.9801399652e+35,8.2272015370e+41,2.6070412932e+41,3.1314253289e+43,-1.0566494961e+05,-4.6212589860e+04,1.0597115280e+04
366,3.9528000000e+06,1.9191657577e+35,-3.8993043048e+35,-1.9801385471e+35,8.2272018634e+41,2.6070412522e+41,3.1314254331e+43,-1.0566480598e+05,-4.6212682848e+04,1.0596943632e+04
367,3.9636000000e+06,1.9191549378e+35,-3.8992920650e+35,-1.9801371271e+35,8.2272021900e+41,2.6070412111e+41,3.1314255373e+43,-1.0566466235e+05,-4.6212775836e+04,1.0596771984e+04
368,3.9744000000e+06,1.9191441804e+35,-3.8992798857e+35,-1.9801357053e+35,8.2272025167e+41,2.6070411698e+41,3.1314256415e+43,-1.0566451872e+05,-4.6212868825e+04,1.0596600337e+04
369,3.9852000000e+06,1.9191334854e+35,-3.8992677670e+35,-1.9801342816e+35,8.2272028437e+41,2.6070411284e+41,3.1314257457e+43,-1.0566437509e+05,-4.6212961813e+04,1.0596428689e+04
370,3.9960000000e+06,1.9191228529e+35,-3.8992557089e+35,-1.9801328560e+35,8.2272031708e+41,2.6070410868e+41,3.1314258500e+43,-1.0566423146e+05,-4.6213054801e+04,1.0596257041e+04
371,4.0068000000e+06,1.9191122829e+35,-3.8992437114e+35,-1.9801314284e+35,8.2272034980e+41,2.6070410451e+41,3.1314259543e+43,-1.0566408784e+05,-4.6213147789e+04,1.0596085393e+04
372,4.0176000000e+06,1.9191017754e+35,-3.8992317743e+35,-1.9801299989e+35,8.2272038255e+41,2.6070410032e+41,3.1314260586e+43,-1.0566394421e+05,-4.6213240778e+04,1.0595913745e+04
373,4.0284000000e+06,1.9190913303e+35,-3.8992198977e+35,-1.9801285674e+35,8.2272041531e+41,2.6070409611e+41,3.1314261629e+43,-1.0566380058e+05,-4.6213333766e+04,1.0595742097e+04
374,4.0392000000e+06,1.9190809477e+35,-3.8992080815e+35,-1.9801271338e+35,8.2272044809e+41,2.6070409189e+41,3.1314262672e+43,-1.0566365695e+05,-4.6213426754e+04,1.0595570449e+04
375,4.0500000000e+06,1.9190706274e+35,-3.8991963256e+35,-1.9801256982e+35,8.2272048089e+41,2.6070408765e+41,3.1314263716e+43,-1.0566351332e+05,-4.6213519743e+04,1.0595398801e+04
376,4.0608000000e+06,1.9190603695e+35,-3.8991846301e+35,-1.9801242606e+35,8.2272051371e+41,2.6070408339e+41,3.1314264759e+43,-1.0566336970e+05,-4.6213612731e+04,1.0595227153e+04
377,4.0716000000e+06,1.9190501740e+35,-3.8991729948e+35,-1.9801228208e+35,8.2272054655e+41,2.6070407912e+41,3.1314265803e+43,-1.0566322607e+05,-4.6213705719e+04,1.0595055505e+04
378,4.0824000000e+06,1.9190400407e+35,-3.8991614197e+35,-1.9801213790e+35,8.2272057940e+41,2.6070407483e+41,3.1314266848e+43,-1.0566308244e+05,-4.6213798707e+04,1.0594883857e+04
379,4.0932000000e+06,1.9190299697e+35,-3.8991499048e+35,-1.9801199350e+35,8.2272061228e+41,2.6070407052e+41,3.1314267892e+43,-1.0566293881e+05,-4.6213891696e+04,1.0594712209e+04
380,4.1040000000e+06,1.9190199609e+35,-3.8991384498e+35,-1.9801184889e+35,8.2272064517e+41,2.6070406620e+41,3.1314268937e+43,-1.0566279518e+05,-4.6213984684e+04,1.0594540561e+04
381,4.1148000000e+06,1.9190100143e+35,-3.8991270548e+35,-1.9801170406e+35,8.2272067808e+41,2.6070406185e+41,3.1314269982e+43,-1.0566265156e+05,-4.6214077672e+04,1.0594368913e+04
382,4.1256000000e+06,1.9190001297e+35,-3.8991157197e+35,-1.9801155900e+35,8.2272071102e+41,2.6070405749e+41,3.1314271027e+43,-1.0566250793e+05,-4.6214170661e+04,1.0594197265e+04
383,4.1364000000e+06,1.9189903071e+35,-3.8991044443e+35,-1.9801141373e+35,8.2272074397e+41,2.6070405312e+41,3.1314272072e+43,-1.0566236430e+05,-4.6214263649e+04,1.0594025617e+04
384,4.1472000000e+06,1.9189805464e+35,-3.8990932286e+35,-1.9801126822e+35,8.2272077694e+41,2.6070404872e+41,3.1314273117e+43,-1.0566222067e+05,-4.6214356637e+04,1.0593853969e+04
385,4.1580000000e+06,1.9189708476e+35,-3.8990820725e+35,-1.9801112249e+35,8.2272080994e+41,2.6070404431e+41,3.1314274163e+43,-1.0566207704e+05,-4.6214449625e+04,1.0593682321e+04
386,4.1688000000e+06,1.9189612105e+35,-3.8990709758e+35,-1.9801097652e+35,8.2272084295e+41,2.6070403988e+41,3.1314275209e+43,-1.0566193342e+05,-4.6214542614e+04,1.0593510674e+04
387,4.1796000000e+06,1.9189516351e+35,-3.8990599384e+35,-1.9801083033e+35,8.2272087598e+41,2.6070403543e+41,3.1314276255e+43,-1.0566178979e+05,-4.6214635602e+04,1.0593339026e+04
388,4.1904000000e+06,1.9189421213e+35,-3.8990489602e+35,-1.9801068389e+35,8.2272090904e+41,2.6070403096e+41,3.1314277302e+43,-1.0566164616e+05,-4.6214728590e+04,1.0593167378e+04
389,4.2012000000e+06,1.9189326689e+35,-3.8990380411e+35,-1.9801053721e+35,8.2272094211e+41,2.6070402647e+41,3.1314278348e+43,-1.0566150253e+05,-4.6214821579e+04,1.0592995730e+04
390,4.2120000000e+06,1.9189232779e+35,-3.8990271808e+35,-1.9801039030e+35,8.2272097521e+41,2.6070402196e+41,3.1314279395e+43,-1.0566135890e+05,-4.6214914567e+04,1.0592824082e+04
391,4.2228000000e+06,1.9189139481e+35,-3.8990163794e+35,-1.9801024313e+35,8.2272100833e+41,2.6070401744e+41,3.1314280442e+43,-1.0566121528e+05,-4.6215007555e+04,1.0592652434e+04
392,4.2336000000e+06,1.9189046793e+35,-3.8990056365e+35,-1.9801009572e+35,8.2272104147e+41,2.6070401289e+41,3.1314281489e+43,-1.0566107165e+05,-4.6215100543e+04,1.0592480786e+04
393,4.2444000000e+06,1.9188954715e+35,-3.8989949521e+35,-1.9800994806e+35,8.2272107463e+41,2.6070400833e+41,3.1314282537e+43,-1.0566092802e+05,-4.6215193532e+04,1.0592309138e+04
394,4.2552000000e+06,1.9188863245e+35,-3.8989843259e+35,-1.9800980014e+35,8.2272110781e+41,2.6070400375e+41,3.1314283585e+43,-1.0566078439e+05,-4.6215286520e+04,1.0592137490e+04
395,4.2660000000e+06,1.9188772381e+35,-3.8989737578e+35,-1.9800965196e+35,8.2272114102e+41,2.6070399914e+41,3.1314284633e+43,-1.0566064076e+05,-4.6215379508e+04,1.0591965842e+04
396,4.2768000000e+06,1.9188682123e+35,-3.8989632476e+35,-1.9800950353e+35,8.2272117424e+41,2.6070399452e+41,3.1314285681e+43,-1.0566049714e+05,-4.6215472497e+04,1.0591794194e+04
397,4.2876000000e+06,1.9188592467e+35,-3.8989527950e+35,-1.9800935483e+35,8.2272120749e+41,2.6070398988e+41,3.1314286730e+43,-1.0566035351e+05,-4.6215565485e+04,1.0591622546e+04
398,4.2984000000e+06,1.9188503412e+35,-3.8989423999e+35,-1.9800920587e+35,8.2272124077e+41,2.6070398521e+41,3.1314287779e+43,-1.0566020988e+05,-4.6215658473e+04,1.0591450898e+04
399,4.3092000000e+06,1.9188414957e+35,-3.8989320621e+35,-1.9800905664e+35,8.2272127406e+41,2.6070398053e+41,3.1314288828e+43,-1.0566006625e+05,-4.6215751462e+04,1.0591279250e+04
400,4.3200000000e+06,1.9188327099e+35,-3.8989217812e+35,-1.9800890714e+35,8.2272130738e+41,2.6070397582e+41,3.1314289877e+43,-1.0565992262e+05,-4.6215844450e+04,1.0591107602e+04
401,4.3308000000e+06,1.9188239836e+35,-3.8989115571e+35,-1.9800875736e+35,8.2272134072e+41,2.6070397109e+41,3.1314290927e+43,-1.0565977900e+05,-4.6215937438e+04,1.0590935954e+04
402,4.3416000000e+06,1.9188153166e+35,-3.8989013896e+35,-1.9800860730e+35,8.2272137409e+41,2.6070396635e+41,3.1314291976e+43,-1.0565963537e+05,-4.6216030426e+04,1.0590764306e+04
403,4.3524000000e+06,1.9188067087e+35,-3.8988912783e+35,-1.9800845696e+35,8.2272140748e+41,2.6070396158e+41,3.1314293026e+43,-1.0565949174e+05,-4.6216123414e+04,1.0590592659e+04
404,4.3632000000e+06,1.9187981596e+35,-3.8988812230e+35,-1.9800830634e+35,8.2272144089e+41,2.6070395679e+41,3.1314294077e+43,-1.0565934811e+05,-4.6216216403e+04,1.0590421011e+04
405,4.3740000000e+06,1.9187896690e+35,-3.8988712233e+35,-1.9800815543e+35,8.2272147433e+41,2.6070395198e+41,3.1314295127e+43,-1.0565920448e+05,-4.6216309391e+04,1.0590249363e+04
406,4.3848000000e+06,1.9187812368e+35,-3.8988612791e+35,-1.9800800423e+35,8.2272150779e+41,2.6070394714e+41,3.1314296178e+43,-1.0565906086e+05,-4.6216402380e+04,1.0590077715e+04
407,4.3956000000e+06,1.9187728626e+35,-3.8988513900e+35,-1.9800785273e+35,8.2272154128e+41,2.6070394229e+41,3.1314297229e+43,-1.0565891723e+05,-4.6216495368e+04,1.0589906067e+04
408,4.4064000000e+06,1.9187645462e+35,-3.8988415556e+35,-1.9800770094e+35,8.2272157479e+41,2.6070393741e+41,3.1314298281e+43,-1.0565877360e+05,-4.6216588356e+04,1.0589734419e+04
409,4.4172000000e+06,1.9187562873e+35,-3.8988317757e+35,-1.9800754885e+35,8.2272160832e+41,2.6070393251e+41,3.1314299333e+43,-1.0565862997e+05,-4.6216681344e+04,1.0589562771e+04
410,4.4280000000e+06,1.9187480854e+35,-3.8988220499e+35,-1.9800739645e+35,8.2272164188e+41,2.6070392759e+41,3.1314300385e+43,-1.0565848634e+05,-4.6216774332e+04,1.0589391123e+04
411,4.4388000000e+06,1.9187399404e+35,-3.8988123779e+35,-1.9800724375e+35,8.2272167547e+41,2.6070392264e+41,3.1314301437e+43,-1.0565834272e+05,-4.6216867321e+04,1.0589219475e+04
412,4.4496000000e+06,1.9187318519e+35,-3.8988027592e+35,-1.9800709073e+35,8.2272170908e+41,2.6070391767e+41,3.1314302489e+43,-1.0565819909e+05,-4.6216960309e+04,1.0589047827e+04
413,4.4604000000e+06,1.9187238196e+35,-3.8987931936e+35,-1.9800693740e+35,8.2272174272e+41,2.6070391268e+41,3.1314303542e+43,-1.0565805546e+05,-4.6217053297e+04,1.0588876179e+04
414,4.4712000000e+06,1.9187158430e+35,-3.8987836805e+35,-1.9800678375e+35,8.2272177638e+41,2.6070390767e+41,3.1314304595e+43,-1.0565791183e+05,-4.6217146286e+04,1.0588704531e+04
415,4.4820000000e+06,1.9187079219e+35,-3.8987742197e+35,-1.9800662978e+35,8.2272181007e+41,2.6070390263e+41,3.1314305649e+43,-1.0565776820e+05,-4.6217239274e+04,1.0588532883e+04
416,4.4928000000e+06,1.9187000557e+35,-3.8987648106e+35,-1.9800647549e+35,8.2272184379e+41,2.6070389757e+41,3.1314306702e+43,-1.0565762458e+05,-4.6217332262e+04,1.0588361235e+04
417,4.5036000000e+06,1.9186922442e+35,-3.8987554529e+35,-1.9800632086e+35,8.2272187753e+41,2.6070389248e+41,3.1314307756e+43,-1.0565748095e+05,-4.6217425250e+04,1.0588189587e+04
418,4.5144000000e+06,1.9186844869e+35,-3.8987461460e+35,-1.9800616591e+35,8.2272191130e+41,2.6070388737e+41,3.1314308811e+43,-1.0565733732e+05,-4.6217518239e+04,1.0588017939e+04
419,4.5252000000e+06,1.9186767834e+35,-3.8987368896e+35,-1.9800601062e+35,8.2272194509e+41,2.6070388224e+41,3.1314309865e+43,-1.0565719369e+05,-4.6217611227e+04,1.0587846291e+04
420,4.5360000000e+06,1.9186691332e+35,-3.8987276831e+35,-1.9800585499e+35,8.2272197892e+41,2.6070387708e+41,3.1314310920e+43,-1.0565705006e+05,-4.6217704215e+04,1.0587674644e+04
421,4.5468000000e+06,1.9186615359e+35,-3.8987185261e+35,-1.9800569902e+35,8.2272201277e+41,2.6070387190e+41,3.1314311975e+43,-1.0565690644e+05,-4.6217797203e+04,1.0587502996e+04
422,4.5576000000e+06,1.9186539910e+35,-3.8987094180e+35,-1.9800554270e+35,8.2272204665e+41,2.6070386669e+41,3.1314313031e+43,-1.0565676281e+05,-4.6217890192e+04,1.0587331348e+04
423,4.5684000000e+06,1.9186464980e+35,-3.8987003583e+35,-1.9800538603e+35,8.2272208055e+41,2.6070386146e+41,3.1314314086e+43,-1.0565661918e+05,-4.6217983180e+04,1.0587159700e+04
424,4.5792000000e+06,1.9186390564e+35,-3.8986913465e+35,-1.9800522901e+35,8.2272211449e+41,2.6070385620e+41,3.1314315143e+43,-1.0565647555e+05,-4.6218076168e+04,1.0586988052e+04
425,4.5900000000e+06,1.9186316657e+35,-3.8986823820e+35,-1.9800507163e+35,8.2272214845e+41,2.6070385092e+41,3.1314316199e+43,-1.0565633192e+05,-4.6218169157e+04,1.0586816404e+04
426,4.6008000000e+06,1.9186243253e+35,-3.8986734642e+35,-1.9800491389e+35,8.2272218244e+41,2.6070384561e+41,3.1314317256e+43,-1.0565618830e+05,-4.6218262145e+04,1.0586644756e+04
427,4.6116000000e+06,1.9186170347e+35,-3.8986645925e+35,-1.9800475578e+35,8.2272221646e+41,2.6070384027e+41,3.1314318313e+43,-1.0565604467e+05,-4.6218355133e+04,1.0586473108e+04
428,4.6224000000e+06,1.9186097933e+35,-3.8986557663e+35,-1.9800459730e+35,8.2272225051e+41,2.6070383491e+41,3.1314319370e+43,-1.0565590104e+05,-4.6218448121e+04,1.0586301460e+04
429,4.6332000000e+06,1.9186026005e+35,-3.8986469850e+35,-1.9800443845e+35,8.2272228459e+41,2.6070382952e+41,3.1314320428e+43,-1.0565575741e+05,-4.6218541110e+04,1.0586129812e+04
430,4.6440000000e+06,1.9185954557e+35,-3.8986382480e+35,-1.9800427923e+35,8.2272231870e+41,2.6070382411e+41,3.1314321486e+43,-1.0565561378e+05,-4.6218634098e+04,1.0585958164e+04
431,4.6548000000e+06,1.9185883583e+35,-3.8986295545e+35,-1.9800411962e+35,8.2272235283e+41,2.6070381867e+41,3.1314322544e+43,-1.0565547016e+05,-4.6218727086e+04,1.0585786516e+04
432,4.6656000000e+06,1.9185813076e+35,-3.8986209039e+35,-1.9800395963e+35,8.2272238700e+41,2.6070381321e+41,3.1314323603e+43,-1.0565532653e+05,-4.6218820075e+04,1.0585614868e+04
433,4.6764000000e+06,1.9185743030e+35,-3.8986122954e+35,-1.9800379925e+35,8.2272242120e+41,2.6070380771e+41,3.1314324662e+43,-1.0565518290e+05,-4.6218913063e+04,1.0585443220e+04
434,4.6872000000e+06,1.9185673437e+35,-3.8986037284e+35,-1.9800363847e+35,8.2272245542e+41,2.6070380219e+41,3.1314325721e+43,-1.0565503927e+05,-4.6219006051e+04,1.0585271572e+04
435,4.6980000000e+06,1.9185604291e+35,-3.8985952021e+35,-1.9800347730e+35,8.2272248968e+41,2.6070379664e+41,3.1314326780e+43,-1.0565489564e+05,-4.6219099040e+04,1.0585099924e+04
436,4.7088000000e+06,1.9185535584e+35,-3.8985867157e+35,-1.9800331573e+35,8.2272252397e+41,2.6070379107e+41,3.1314327840e+43,-1.0565475202e+05,-4.6219192028e+04,1.0584928276e+04
437,4.7196000000e+06,1.9185467309e+35,-3.8985782685e+35,-1.9800315376e+35,8.2272255829e+41,2.6070378547e+41,3.1314328901e+43,-1.0565460839e+05,-4.6219285016e+04,1.0584756628e+04
438,4.7304000000e+06,1.9185399458e+35,-3.8985698596e+35,-1.9800299137e+35,8.2272259264e+41,2.6070377984e+41,3.1314329961e+43,-1.0565446476e+05,-4.6219378004e+04,1.0584584981e+04
439,4.7412000000e+06,1.9185332024e+35,-3.8985614881e+35,-1.9800282858e+35,8.2272262702e+41,2.6070377418e+41,3.1314331022e+43,-1.0565432113e+05,-4.6219470993e+04,1.0584413333e+04
440,4.7520000000e+06,1.9185264997e+35,-3.8985531534e+35,-1.9800266536e+35,8.2272266143e+41,2.6070376849e+41,3.1314332084e+43,-1.0565417750e+05,-4.6219563981e+04,1.0584241685e+04
441,4.7628000000e+06,1.9185198371e+35,-3.8985448544e+35,-1.9800250173e+35,8.2272269588e+41,2.6070376278e+41,3.1314333145e+43,-1.0565403388e+05,-4.6219656970e+04,1.0584070037e+04
442,4.7736000000e+06,1.9185132136e+35,-3.8985365903e+35,-1.9800233767e+35,8.2272273035e+41,2.6070375703e+41,3.1314334207e+43,-1.0565389025e+05,-4.6219749958e+04,1.0583898389e+04
443,4.7844000000e+06,1.9185066283e+35,-3.8985283601e+35,-1.9800217318e+35,8.2272276486e+41,2.6070375126e+41,3.1314335270e+43,-1.0565374662e+05,-4.6219842946e+04,1.0583726741e+04
444,4.7952000000e+06,1.9185000804e+35,-3.8985201630e+35,-1.9800200826e+35,8.2272279940e+41,2.6070374546e+41,3.1314336332e+43,-1.0565360299e+05,-4.6219935934e+04,1.0583555093e+04
445,4.8060000000e+06,1.9184935689e+35,-3.8985119979e+35,-1.9800184290e+35,8.2272283397e+41,2.6070373963e+41,3.1314337396e+43,-1.0565345936e+05,-4.6220028922e+04,1.0583383445e+04
446,4.8168000000e+06,1.9184870929e+35,-3.8985038639e+35,-1.9800167710e+35,8.2272286858e+41,2.6070373377e+41,3.1314338459e+43,-1.0565331574e+05,-4.6220121911e+04,1.0583211797e+04
447,4.8276000000e+06,1.9184806514e+35,-3.8984957600e+35,-1.9800151085e+35,8.2272290322e+41,2.6070372788e+41,3.1314339523e+43,-1.0565317211e+05,-4.6220214899e+04,1.0583040149e+04
448,4.8384000000e+06,1.9184742434e+35,-3.8984876850e+35,-1.9800134416e+35,8.2272293789e+41,2.6070372196e+41,3.1314340587e+43,-1.0565302848e+05,-4.6220307887e+04,1.0582868501e+04
449,4.8492000000e+06,1.9184678680e+35,-3.8984796381e+35,-1.9800117701e+35,8.2272297259e+41,2.6070371601e+41,3.1314341651e+43,-1.0565288485e+05,-4.6220400876e+04,1.0582696853e+04
450,4.8600000000e+06,1.9184615239e+35,-3.8984716179e+35,-1.9800100940e+35,8.2272300733e+41,2.6070371003e+41,3.1314342716e+43,-1.0565274122e+05,-4.6220493863e+04,1.0582525205e+04
451,4.8708000000e+06,1.9184552103e+35,-3.8984636236e+35,-1.9800084133e+35,8.2272304210e+41,2.6070370403e+41,3.1314343782e+43,-1.0565259760e+05,-4.6220586852e+04,1.0582353557e+04
452,4.8816000000e+06,1.9184489259e+35,-3.8984556539e+35,-1.9800067279e+35,8.2272307691e+41,2.6070369799e+41,3.1314344847e+43,-1.0565245397e+05,-4.6220679840e+04,1.0582181909e+04
453,4.8924000000e+06,1.9184426697e+35,-3.8984477076e+35,-1.9800050379e+35,8.2272311175e+41,2.6070369192e+41,3.1314345913e+43,-1.0565231034e+05,-4.6220772829e+04,1.0582010261e+04
454,4.9032000000e+06,1.9184364405e+35,-3.8984397836e+35,-1.9800033430e+35,8.2272314662e+41,2.6070368582e+41,3.1314346980e+43,-1.0565216671e+05,-4.6220865817e+04,1.0581838613e+04
455,4.9140000000e+06,1.9184302372e+35,-3.8984318806e+35,-1.9800016434e+35,8.2272318153e+41,2.6070367969e+41,3.1314348046e+43,-1.0565202308e+05,-4.6220958805e+04,1.0581666966e+04
456,4.9248000000e+06,1.9184240585e+35,-3.8984239975e+35,-1.9799999390e+35,8.2272321647e+41,2.6070367352e+41,3.1314349114e+43,-1.0565187946e+05,-4.6221051794e+04,1.0581495318e+04
457,4.9356000000e+06,1.9184179032e+35,-3.8984161329e+35,-1.9799982297e+35,8.2272325145e+41,2.6070366733e+41,3.1314350181e+43,-1.0565173583e+05,-4.6221144782e+04,1.0581323670e+04
458,4.9464000000e+06,1.9184117701e+35,-3.8984082856e+35,-1.9799965154e+35,8.2272328646e+41,2.6070366110e+41,3.1314351249e+43,-1.0565159220e+05,-4.6221237770e+04,1.0581152022e+04
459,4.9572000000e+06,1.9184056579e+35,-3.8984004541e+35,-1.9799947963e+35,8.2272332151e+41,2.6070365485e+41,3.1314352317e+43,-1.0565144857e+05,-4.6221330758e+04,1.0580980374e+04
460,4.9680000000e+06,1.9183995652e+35,-3.8983926373e+35,-1.9799930721e+35,8.2272335659e+41,2.6070364856e+41,3.1314353386e+43,-1.0565130494e+05,-4.6221423747e+04,1.0580808726e+04
461,4.9788000000e+06,1.9183934908e+35,-3.8983848336e+35,-1.9799913429e+35,8.2272339171e+41,2.6070364224e+41,3.1314354455e+43,-1.0565116132e+05,-4.6221516735e+04,1.0580637078e+04
462,4.9896000000e+06,1.9183874332e+35,-3.8983770418e+35,-1.9799896086e+35,8.2272342686e+41,2.6070363589e+41,3.1314355524e+43,-1.0565101769e+05,-4.6221609723e+04,1.0580465430e+04
463,5.0004000000e+06,1.9183813911e+35,-3.8983692602e+35,-1.9799878692e+35,8.2272346205e+41,2.6070362951e+41,3.1314356594e+43,-1.0565087406e+05,-4.6221702711e+04,1.0580293782e+04
464,5.0112000000e+06,1.9183753630e+35,-3.8983614876e+35,-1.9799861246e+35,8.2272349728e+41,2.6070362309e+41,3.1314357665e+43,-1.0565073043e+05,-4.6221795700e+04,1.0580122134e+04
465,5.0220000000e+06,1.9183693475e+35,-3.8983537224e+35,-1.9799843748e+35,8.2272353254e+41,2.6070361664e+41,3.1314358735e+43,-1.0565058680e+05,-4.6221888688e+04,1.0579950486e+04
466,5.0328000000e+06,1.9183633431e+35,-3.8983459630e+35,-1.9799826198e+35,8.2272356784e+41,2.6070361016e+41,3.1314359806e+43,-1.0565044318e+05,-4.6221981676e+04,1.0579778838e+04
467,5.0436000000e+06,1.9183573484e+35,-3.8983382079e+35,-1.9799808596e+35,8.2272360317e+41,2.6070360365e+41,3.1314360878e+43,-1.0565029955e+05,-4.6222074665e+04,1.0579607190e+04
468,5.0544000000e+06,1.9183513616e+35,-3.8983304556e+35,-1.9799790940e+35,8.2272363854e+41,2.6070359710e+41,3.1314361949e+43,-1.0565015592e+05,-4.6222167653e+04,1.0579435542e+04
469,5.0652000000e+06,1.9183453814e+35,-3.8983227044e+35,-1.9799773230e+35,8.2272367395e+41,2.6070359052e+41,3.1314363022e+43,-1.0565001229e+05,-4.6222260641e+04,1.0579263894e+04
470,5.0760000000e+06,1.9183394060e+35,-3.8983149527e+35,-1.9799755467e+35,8.2272370939e+41,2.6070358391e+41,3.1314364094e+43,-1.0564986866e+05,-4.6222353629e+04,1.0579092246e+04
471,5.0868000000e+06,1.9183334339e+35,-3.8983071989e+35,-1.9799737649e+35,8.2272374487e+41,2.6070357727e+41,3.1314365167e+43,-1.0564972504e+05,-4.6222446618e+04,1.0578920598e+04
472,5.0976000000e+06,1.9183274634e+35,-3.8982994411e+35,-1.9799719777e+35,8.2272378039e+41,2.6070357059e+41,3.1314366241e+43,-1.0564958141e+05,-4.6222539606e+04,1.0578748950e+04
473,5.1084000000e+06,1.9183214928e+35,-3.8982916777e+35,-1.9799701850e+35,8.2272381595e+41,2.6070356388e+41,3.1314367315e+43,-1.0564943778e+05,-4.6222632595e+04,1.0578577303e+04
474,5.1192000000e+06,1.9183155203e+35,-3.8982839070e+35,-1.9799683867e+35,8.2272385154e+41,2.6070355713e+41,3.1314368389e+43,-1.0564929415e+05,-4.6222725583e+04,1.0578405655e+04
475,5.1300000000e+06,1.9183095442e+35,-3.8982761271e+35,-1.9799665829e+35,8.2272388717e+41,2.6070355035e+41,3.1314369463e+43,-1.0564915052e+05,-4.6222818571e+04,1.0578234007e+04
476,5.1408000000e+06,1.9183035628e+35,-3.8982683362e+35,-1.9799647734e+35,8.2272392284e+41,2.6070354354e+41,3.1314370538e+43,-1.0564900690e+05,-4.6222911559e+04,1.0578062359e+04
477,5.1516000000e+06,1.9182975742e+35,-3.8982605325e+35,-1.9799629583e+35,8.2272395854e+41,2.6070353669e+41,3.1314371614e+43,-1.0564886327e+05,-4.6223004548e+04,1.0577890711e+04
478,5.1624000000e+06,1.9182915766e+35,-3.8982527141e+35,-1.9799611375e+35,8.2272399429e+41,2.6070352981e+41,3.1314372690e+43,-1.0564871964e+05,-4.6223097536e+04,1.0577719063e+04
479,5.1732000000e+06,1.9182855680e+35,-3.8982448791e+35,-1.9799593110e+35,8.2272403007e+41,2.6070352290e+41,3.1314373766e+43,-1.0564857601e+05,-4.6223190524e+04,1.0577547415e+04
480,5.1840000000e+06,1.9182795467e+35,-3.8982370255e+35,-1.9799574788e+35,8.2272406589e+41,2.6070351595e+41,3.1314374843e+43,-1.0564843238e+05,-4.6223283512e+04,1.0577375767e+04
481,5.1948000000e+06,1.9182735106e+35,-3.8982291514e+35,-1.9799556408e+35,8.2272410174e+41,2.6070350897e+41,3.1314375920e+43,-1.0564828876e+05,-4.6223376501e+04,1.0577204119e+04
482,5.2056000000e+06,1.9182674578e+35,-3.8982212548e+35,-1.9799537970e+35,8.2272413764e+41,2.6070350195e+41,3.1314376998e+43,-1.0564814513e+05,-4.6223469489e+04,1.0577032471e+04
483,5.2164000000e+06,1.9182613862e+35,-3.8982133336e+35,-1.9799519473e+35,8.2272417357e+41,2.6070349490e+41,3.1314378076e+43,-1.0564800150e+05,-4.6223562477e+04,1.0576860823e+04
484,5.2272000000e+06,1.9182552940e+35,-3.8982053858e+35,-1.9799500918e+35,8.2272420954e+41,2.6070348782e+41,3.1314379154e+43,-1.0564785787e+05,-4.6223655465e+04,1.0576689175e+04
485,5.2380000000e+06,1.9182491789e+35,-3.8981974093e+35,-1.9799482304e+35,8.2272424555e+41,2.6070348070e+41,3.1314380233e+43,-1.0564771424e+05,-4.6223748454e+04,1.0576517527e+04
486,5.2488000000e+06,1.9182430389e+35,-3.8981894020e+35,-1.9799463631e+35,8.2272428160e+41,2.6070347355e+41,3.1314381312e+43,-1.0564757062e+05,-4.6223841442e+04,1.0576345879e+04
487,5.2596000000e+06,1.9182368719e+35,-3.8981813617e+35,-1.9799444898e+35,8.2272431768e+41,2.6070346636e+41,3.1314382392e+43,-1.0564742699e+05,-4.6223934430e+04,1.0576174231e+04
488,5.2704000000e+06,1.9182306757e+35,-3.8981732863e+35,-1.9799426106e+35,8.2272435381e+41,2.6070345914e+41,3.1314383472e+43,-1.0564728336e+05,-4.6224027419e+04,1.0576002583e+04
489,5.2812000000e+06,1.9182244482e+35,-3.8981651736e+35,-1.9799407254e+35,8.2272438997e+41,2.6070345188e+41,3.1314384552e+43,-1.0564713973e+05,-4.6224120407e+04,1.0575830935e+04
490,5.2920000000e+06,1.9182181872e+35,-3.8981570212e+35,-1.9799388341e+35,8.2272442617e+41,2.6070344459e+41,3.1314385633e+43,-1.0564699610e+05,-4.6224213395e+04,1.0575659288e+04
491,5.3028000000e+06,1.9182118903e+35,-3.8981488271e+35,-1.9799369368e+35,8.2272446241e+41,2.6070343726e+41,3.1314386714e+43,-1.0564685248e+05,-4.6224306383e+04,1.0575487640e+04
492,5.3136000000e+06,1.9182055554e+35,-3.8981405888e+35,-1.9799350334e+35,8.2272449869e+41,2.6070342990e+41,3.1314387796e+43,-1.0564670885e+05,-4.6224399372e+04,1.0575315992e+04
493,5.3244000000e+06,1.9181991801e+35,-3.8981323041e+35,-1.9799331240e+35,8.2272453500e+41,2.6070342251e+41,3.1314388878e+43,-1.0564656522e+05,-4.6224492360e+04,1.0575144344e+04
494,5.3352000000e+06,1.9181927622e+35,-3.8981239707e+35,-1.9799312085e+35,8.2272457136e+41,2.6070341508e+41,3.1314389961e+43,-1.0564642159e+05,-4.6224585349e+04,1.0574972696e+04
495,5.3460000000e+06,1.9181862993e+35,-3.8981155861e+35,-1.9799292868e+35,8.2272460775e+41,2.6070340761e+41,3.1314391044e+43,-1.0564627797e+05,-4.6224678337e+04,1.0574801048e+04
496,5.3568000000e+06,1.9181797889e+35,-3.8981071480e+35,-1.9799273591e+35,8.2272464418e+41,2.6070340012e+41,3.1314392127e+43,-1.0564613434e+05,-4.6224771325e+04,1.0574629400e+04
497,5.3676000000e+06,1.9181732288e+35,-3.8980986539e+35,-1.9799254251e+35,8.2272468065e+41,2.6070339258e+41,3.1314393211e+43,-1.0564599071e+05,-4.6224864313e+04,1.0574457752e+04
498,5.3784000000e+06,1.9181666164e+35,-3.8980901014e+35,-1.9799234851e+35,8.2272471716e+41,2.6070338502e+41,3.1314394295e+43,-1.0564584708e+05,-4.6224957302e+04,1.0574286104e+04
499,5.3892000000e+06,1.9181599493e+35,-3.8980814881e+35,-1.9799215388e+35,8.2272475370e+41,2.6070337742e+41,3.1314395380e+43,-1.0564570345e+05,-4.6225050290e+04,1.0574114456e+04
500,5.4000000000e+06,1.9181532251e+35,-3.8980728115e+35,-1.9799195864e+35,8.2272479029e+41,2.6070336978e+41,3.1314396465e+43,-1.0564555983e+05,-4.6225143278e+04,1.0573942808e+04
501,5.4108000000e+06,1.9181464412e+35,-3.8980640690e+35,-1.9799176278e+35,8.2272482691e+41,2.6070336211e+41,3.1314397550e+43,-1.0564541620e+05,-4.6225236267e+04,1.0573771160e+04
502,5.4216000000e+06,1.9181395951e+35,-3.8980552581e+35,-1.9799156630e+35,8.2272486357e+41,2.6070335441e+41,3.1314398636e+43,-1.0564527257e+05,-4.6225329255e+04,1.0573599512e+04
503,5.4324000000e+06,1.9181326843e+35,-3.8980463763e+35,-1.9799136920e+35,8.2272490027e+41,2.6070334667e+41,3.1314399723e+43,-1.0564512894e+05,-4.6225422243e+04,1.0573427864e+04
504,5.4432000000e+06,1.9181257062e+35,-3.8980374210e+35,-1.9799117148e+35,8.2272493701e+41,2.6070333890e+41,3.1314400809e+43,-1.0564498531e+05,-4.6225515232e+04,1.0573256216e+04
505,5.4540000000e+06,1.9181186581e+35,-3.8980283896e+35,-1.9799097314e+35,8.2272497378e+41,2.6070333109e+41,3.1314401896e+43,-1.0564484169e+05,-4.6225608220e+04,1.0573084568e+04
506,5.4648000000e+06,1.9181115376e+35,-3.8980192794e+35,-1.9799077418e+35,8.2272501059e+41,2.6070332325e+41,3.1314402984e+43,-1.0564469806e+05,-4.6225701208e+04,1.0572912920e+04
507,5.4756000000e+06,1.9181043419e+35,-3.8980100879e+35,-1.9799057461e+35,8.2272504744e+41,2.6070331538e+41,3.1314404072e+43,-1.0564455443e+05,-4.6225794196e+04,1.0572741272e+04
508,5.4864000000e+06,1.9180970683e+35,-3.8980008124e+35,-1.9799037441e+35,8.2272508433e+41,2.6070330747e+41,3.1314405160e+43,-1.0564441080e+05,-4.6225887185e+04,1.0572569625e+04
509,5.4972000000e+06,1.9180897143e+35,-3.8979914503e+35,-1.9799017359e+35,8.2272512125e+41,2.6070329953e+41,3.1314406249e+43,-1.0564426717e+05,-4.6225980173e+04,1.0572397977e+04
510,5.5080000000e+06,1.9180822771e+35,-3.8979819988e+35,-1.9798997216e+35,8.2272515821e+41,2.6070329156e+41,3.1314407338e+43,-1.0564412355e+05,-4.6226073161e+04,1.0572226329e+04
511,5.5188000000e+06,1.9180747541e+35,-3.8979724552e+35,-1.9798977011e+35,8.2272519521e+41,2.6070328355e+41,3.1314408428e+43,-1.0564397992e+05,-4.6226166149e+04,1.0572054681e+04
512,5.5296000000e+06,1.9180671424e+35,-3.8979628169e+35,-1.9798956745e+35,8.2272523224e+41,2.6070327551e+41,3.1314409518e+43,-1.0564383629e+05,-4.6226259138e+04,1.0571883033e+04
513,5.5404000000e+06,1.9180594395e+35,-3.8979530812e+35,-1.9798936417e+35,8.2272526931e+41,2.6070326744e+41,3.1314410608e+43,-1.0564369266e+05,-4.6226352126e+04,1.0571711385e+04
514,5.5512000000e+06,1.9180516425e+35,-3.8979432453e+35,-1.9798916028e+35,8.2272530642e+41,2.6070325933e+41,3.1314411699e+43,-1.0564354903e+05,-4.6226445114e+04,1.0571539737e+04
515,5.5620000000e+06,1.9180437486e+35,-3.8979333064e+35,-1.9798895578e+35,8.2272534356e+41,2.6070325120e+41,3.1314412790e+43,-1.0564340541e+05,-4.6226538103e+04,1.0571368089e+04
516,5.5728000000e+06,1.9180357552e+35,-3.8979232619e+35,-1.9798875068e+35,8.2272538074e+41,2.6070324303e+41,3.1314413882e+43,-1.0564326178e+05,-4.6226631091e+04,1.0571196441e+04
517,5.5836000000e+06,1.9180276593e+35,-3.8979131090e+35,-1.9798854496e+35,8.2272541796e+41,2.6070323482e+41,3.1314414974e+43,-1.0564311815e+05,-4.6226724079e+04,1.0571024793e+04
518,5.5944000000e+06,1.9180194584e+35,-3.8979028448e+35,-1.9798833865e+35,8.2272545521e+41,2.6070322659e+41,3.1314416066e+43,-1.0564297452e+05,-4.6226817067e+04,1.0570853145e+04
519,5.6052000000e+06,1.9180111494e+35,-3.8978924668e+35,-1.9798813173e+35,8.2272549249e+41,2.6070321833e+41,3.1314417159e+43,-1.0564283089e+05,-4.6226910056e+04,1.0570681497e+04
520,5.6160000000e+06,1.9180027298e+35,-3.8978819720e+35,-1.9798792422e+35,8.2272552981e+41,2.6070321003e+41,3.1314418252e+43,-1.0564268726e+05,-4.6227003044e+04,1.0570509849e+04
521,5.6268000000e+06,1.9179941966e+35,-3.8978713577e+35,-1.9798771612e+35,8.2272556717e+41,2.6070320170e+41,3.1314419345e+43,-1.0564254364e+05,-4.6227096032e+04,1.0570338201e+04
522,5.6376000000e+06,1.9179855470e+35,-3.8978606212e+35,-1.9798750742e+35,8.2272560455e+41,2.6070319334e+41,3.1314420439e+43,-1.0564240001e+05,-4.6227189021e+04,1.0570166553e+04
523,5.6484000000e+06,1.9179767783e+35,-3.8978497597e+35,-1.9798729814e+35,8.2272564198e+41,2.6070318495e+41,3.1314421533e+43,-1.0564225638e+05,-4.6227282009e+04,1.0569994905e+04
524,5.6592000000e+06,1.9179678876e+35,-3.8978387704e+35,-1.9798708828e+35,8.2272567943e+41,2.6070317654e+41,3.1314422628e+43,-1.0564211275e+05,-4.6227374997e+04,1.0569823257e+04
525,5.6700000000e+06,1.9179588722e+35,-3.8978276506e+35,-1.9798687783e+35,8.2272571692e+41,2.6070316809e+41,3.1314423723e+43,-1.0564196912e+05,-4.6227467986e+04,1.0569651610e+04
526,5.6808000000e+06,1.9179497292e+35,-3.8978163974e+35,-1.9798666682e+35,8.2272575444e+41,2.6070315961e+41,3.1314424818e+43,-1.0564182550e+05,-4.6227560974e+04,1.0569479962e+04
527,5.6916000000e+06,1.9179404559e+35,-3.8978050082e+35,-1.9798645524e+35,8.2272579200e+41,2.6070315110e+41,3.1314425914e+43,-1.0564168187e+05,-4.6227653962e+04,1.0569308314e+04
528,5.7024000000e+06,1.9179310494e+35,-3.8977934803e+35,-1.9798624309e+35,8.2272582958e+41,2.6070314256e+41,3.1314427010e+43,-1.0564153824e+05,-4.6227746950e+04,1.0569136666e+04
529,5.7132000000e+06,1.9179215069e+35,-3.8977818108e+35,-1.9798603039e+35,8.2272586720e+41,2.6070313400e+41,3.1314428106e+43,-1.0564139461e+05,-4.6227839939e+04,1.0568965018e+04
530,5.7240000000e+06,1.9179118258e+35,-3.8977699971e+35,-1.9798581713e+35,8.2272590485e+41,2.6070312540e+41,3.1314429203e+43,-1.0564125098e+05,-4.6227932927e+04,1.0568793370e+04
531,5.7348000000e+06,1.9179020032e+35,-3.8977580365e+35,-1.9798560333e+35,8.2272594253e+41,2.6070311678e+41,3.1314430300e+43,-1.0564110736e+05,-4.6228025915e+04,1.0568621722e+04
532,5.7456000000e+06,1.9178920364e+35,-3.8977459263e+35,-1.9798538899e+35,8.2272598024e+41,2.6070310813e+41,3.1314431397e+43,-1.0564096373e+05,-4.6228118904e+04,1.0568450074e+04
533,5.7564000000e+06,1.9178819227e+35,-3.8977336638e+35,-1.9798517412e+35,8.2272601799e+41,2.6070309945e+41,3.1314432495e+43,-1.0564082010e+05,-4.6228211892e+04,1.0568278426e+04
534,5.7672000000e+06,1.9178716593e+35,-3.8977212464e+35,-1.9798495872e+35,8.2272605576e+41,2.6070309075e+41,3.1314433593e+43,-1.0564067647e+05,-4.6228304880e+04,1.0568106778e+04
535,5.7780000000e+06,1.9178612435e+35,-3.8977086715e+35,-1.9798474279e+35,8.2272609356e+41,2.6070308202e+41,3.1314434691e+43,-1.0564053284e+05,-4.6228397869e+04,1.0567935130e+04
536,5.7888000000e+06,1.9178506727e+35,-3.8976959363e+35,-1.9798452636e+35,8.2272613139e+41,2.6070307327e+41,3.1314435790e+43,-1.0564038922e+05,-4.6228490857e+04,1.0567763482e+04
537,5.7996000000e+06,1.9178399442e+35,-3.8976830385e+35,-1.9798430942e+35,8.2272616925e+41,2.6070306448e+41,3.1314436889e+43,-1.0564024559e+05,-4.6228583845e+04,1.0567591834e+04
538,5.8104000000e+06,1.9178290554e+35,-3.8976699753e+35,-1.9798409199e+35,8.2272620713e+41,2.6070305568e+41,3.1314437988e+43,-1.0564010196e+05,-4.6228676833e+04,1.0567420186e+04
539,5.8212000000e+06,1.9178180037e+35,-3.8976567443e+35,-1.9798387406e+35,8.2272624504e+41,2.6070304685e+41,3.1314439088e+43,-1.0563995833e+05,-4.6228769821e+04,1.0567248538e+04
540,5.8320000000e+06,1.9178067864e+35,-3.8976433430e+35,-1.9798365565e+35,8.2272628298e+41,2.6070303799e+41,3.1314440187e+43,-1.0563981470e+05,-4.6228862810e+04,1.0567076890e+04
541,5.8428000000e+06,1.9177954011e+35,-3.8976297688e+35,-1.9798343677e+35,8.2272632095e+41,2.6070302911e+41,3.1314441288e+43,-1.0563967108e+05,-4.6228955798e+04,1.0566905242e+04
542,5.8536000000e+06,1.9177838452e+35,-3.8976160195e+35,-1.9798321743e+35,8.2272635894e+41,2.6070302021e+41,3.1314442388e+43,-1.0563952745e+05,-4.6229048787e+04,1.0566733594e+04
543,5.8644000000e+06,1.9177721161e+35,-3.8976020925e+35,-1.9798299764e+35,8.2272639696e+41,2.6070301128e+41,3.1314443489e+43,-1.0563938382e+05,-4.6229141775e+04,1.0566561947e+04
544,5.8752000000e+06,1.9177602116e+35,-3.8975879855e+35,-1.9798277739e+35,8.2272643500e+41,2.6070300234e+41,3.1314444590e+43,-1.0563924019e+05,-4.6229234763e+04,1.0566390299e+04
545,5.8860000000e+06,1.9177481291e+35,-3.8975736963e+35,-1.9798255672e+35,8.2272647306e+41,2.6070299337e+41,3.1314445691e+43,-1.0563909656e+05,-4.6229327751e+04,1.0566218651e+04
546,5.8968000000e+06,1.9177358662e+35,-3.8975592224e+35,-1.9798233562e+35,8.2272651115e+41,2.6070298438e+41,3.1314446792e+43,-1.0563895294e+05,-4.6229420740e+04,1.0566047003e+04
547,5.9076000000e+06,1.9177234207e+35,-3.8975445617e+35,-1.9798211410e+35,8.2272654926e+41,2.6070297537e+41,3.1314447894e+43,-1.0563880931e+05,-4.6229513728e+04,1.0565875355e+04
548,5.9184000000e+06,1.9177107901e+35,-3.8975297119e+35,-1.9798189218e+35,8.2272658740e+41,2.6070296633e+41,3.1314448996e+43,-1.0563866568e+05,-4.6229606716e+04,1.0565703707e+04
549,5.9292000000e+06,1.9176979724e+35,-3.8975146710e+35,-1.9798166986e+35,8.2272662555e+41,2.6070295728e+41,3.1314450098e+43,-1.0563852205e+05,-4.6229699704e+04,1.0565532059e+04
550,5.9400000000e+06,1.9176849651e+35,-3.8974994367e+35,-1.9798144716e+35,8.2272666373e+41,2.6070294821e+41,3.1314451200e+43,-1.0563837842e+05,-4.6229792692e+04,1.0565360411e+04
551,5.9508000000e+06,1.9176717662e+35,-3.8974840071e+35,-1.9798122409e+35,8.2272670193e+41,2.6070293912e+41,3.1314452303e+43,-1.0563823480e+05,-4.6229885681e+04,1.0565188763e+04
552,5.9616000000e+06,1.9176583736e+35,-3.8974683802e+35,-1.9798100066e+35,8.2272674014e+41,2.6070293002e+41,3.1314453406e+43,-1.0563809117e+05,-4.6229978669e+04,1.0565017115e+04
553,5.9724000000e+06,1.9176447852e+35,-3.8974525540e+35,-1.9798077688e+35,8.2272677838e+41,2.6070292089e+41,3.1314454509e+43,-1.0563794754e+05,-4.6230071658e+04,1.0564845467e+04
554,5.9832000000e+06,1.9176309989e+35,-3.8974365265e+35,-1.9798055276e+35,8.2272681663e+41,2.6070291175e+41,3.1314455612e+43,-1.0563780391e+05,-4.6230164646e+04,1.0564673819e+04
555,5.9940000000e+06,1.9176170128e+35,-3.8974202960e+35,-1.9798032831e+35,8.2272685491e+41,2.6070290260e+41,3.1314456716e+43,-1.0563766028e+05,-4.6230257634e+04,1.0564502171e+04
556,6.0048000000e+06,1.9176028251e+35,-3.8974038606e+35,-1.9798010356e+35,8.2272689320e+41,2.6070289342e+41,3.1314457819e+43,-1.0563751666e+05,-4.6230350623e+04,1.0564330523e+04
557,6.0156000000e+06,1.9175884337e+35,-3.8973872187e+35,-1.9797987850e+35,8.2272693150e+41,2.6070288424e+41,3.1314458923e+43,-1.0563737303e+05,-4.6230443611e+04,1.0564158875e+04
558,6.0264000000e+06,1.9175738370e+35,-3.8973703686e+35,-1.9797965315e+35,8.2272696982e+41,2.6070287503e+41,3.1314460027e+43,-1.0563722940e+05,-4.6230536599e+04,1.0563987227e+04
559,6.0372000000e+06,1.9175590332e+35,-3.8973533086e+35,-1.9797942753e+35,8.2272700816e+41,2.6070286582e+41,3.1314461131e+43,-1.0563708577e+05,-4.6230629588e+04,1.0563815579e+04
560,6.0480000000e+06,1.9175440207e+35,-3.8973360372e+35,-1.9797920165e+35,8.2272704651e+41,2.6070285659e+41,3.1314462235e+43,-1.0563694214e+05,-4.6230722576e+04,1.0563643932e+04
561,6.0588000000e+06,1.9175287977e+35,-3.8973185529e+35,-1.9797897552e+35,8.2272708487e+41,2.6070284735e+41,3.1314463340e+43,-1.0563679852e+05,-4.6230815564e+04,1.0563472284e+04
562,6.0696000000e+06,1.9175133629e+35,-3.8973008544e+35,-1.9797874915e+35,8.2272712325e+41,2.6070283810e+41,3.1314464444e+43,-1.0563665489e+05,-4.6230908552e+04,1.0563300636e+04
563,6.0804000000e+06,1.9174977146e+35,-3.8972829402e+35,-1.9797852257e+35,8.2272716163e+41,2.6070282883e+41,3.1314465549e+43,-1.0563651126e+05,-4.6231001540e+04,1.0563128988e+04
564,6.0912000000e+06,1.9174818515e+35,-3.8972648092e+35,-1.9797829577e+35,8.2272720003e+41,2.6070281956e+41,3.1314466654e+43,-1.0563636763e+05,-4.6231094529e+04,1.0562957340e+04
565,6.1020000000e+06,1.9174657722e+35,-3.8972464600e+35,-1.9797806878e+35,8.2272723844e+41,2.6070281028e+41,3.1314467759e+43,-1.0563622400e+05,-4.6231187517e+04,1.0562785692e+04
566,6.1128000000e+06,1.9174494754e+35,-3.8972278915e+35,-1.9797784161e+35,8.2272727686e+41,2.6070280098e+41,3.1314468864e+43,-1.0563608038e+05,-4.6231280505e+04,1.0562614044e+04
567,6.1236000000e+06,1.9174329600e+35,-3.8972091027e+35,-1.9797761427e+35,8.2272731529e+41,2.6070279168e+41,3.1314469969e+43,-1.0563593675e+05,-4.6231373494e+04,1.0562442396e+04
568,6.1344000000e+06,1.9174162248e+35,-3.8971900926e+35,-1.9797738679e+35,8.2272735373e+41,2.6070278237e+41,3.1314471074e+43,-1.0563579312e+05,-4.6231466482e+04,1.0562270748e+04
569,6.1452000000e+06,1.9173992687e+35,-3.8971708603e+35,-1.9797715916e+35,8.2272739217e+41,2.6070277306e+41,3.1314472180e+43,-1.0563564949e+05,-4.6231559470e+04,1.0562099100e+04
570,6.1560000000e+06,1.9173820907e+35,-3.8971514048e+35,-1.9797693141e+35,8.2272743062e+41,2.6070276373e+41,3.1314473285e+43,-1.0563550586e+05,-4.6231652459e+04,1.0561927452e+04
571,6.1668000000e+06,1.9173646899e+35,-3.8971317255e+35,-1.9797670356e+35,8.2272746908e+41,2.6070275441e+41,3.1314474390e+43,-1.0563536224e+05,-4.6231745447e+04,1.0561755804e+04
572,6.1776000000e+06,1.9173470654e+35,-3.8971118215e+35,-1.9797647561e+35,8.2272750754e+41,2.6070274507e+41,3.1314475496e+43,-1.0563521861e+05,-4.6231838435e+04,1.0561584156e+04
573,6.1884000000e+06,1.9173292166e+35,-3.8970916924e+35,-1.9797624758e+35,8.2272754601e+41,2.6070273574e+41,3.1314476601e+43,-1.0563507498e+05,-4.6231931423e+04,1.0561412508e+04
574,6.1992000000e+06,1.9173111426e+35,-3.8970713375e+35,-1.9797601949e+35,8.2272758448e+41,2.6070272640e+41,3.1314477707e+43,-1.0563493135e+05,-4.6232024411e+04,1.0561240860e+04
575,6.2100000000e+06,1.9172928429e+35,-3.8970507564e+35,-1.9797579135e+35,8.2272762295e+41,2.6070271705e+41,3.1314478812e+43,-1.0563478772e+05,-4.6232117400e+04,1.0561069212e+04
576,6.2208000000e+06,1.9172743169e+35,-3.8970299487e+35,-1.9797556318e+35,8.2272766143e+41,2.6070270771e+41,3.1314479918e+43,-1.0563464410e+05,-4.6232210388e+04,1.0560897564e+04
577,6.2316000000e+06,1.9172555642e+35,-3.8970089140e+35,-1.9797533498e+35,8.2272769990e+41,2.6070269836e+41,3.1314481024e+43,-1.0563450047e+05,-4.6232303376e+04,1.0560725916e+04
578,6.2424000000e+06,1.9172365843e+35,-3.8969876522e+35,-1.9797510679e+35,8.2272773838e+41,2.6070268901e+41,3.1314482129e+43,-1.0563435684e+05,-4.6232396364e+04,1.0560554269e+04
579,6.2532000000e+06,1.9172173770e+35,-3.8969661630e+35,-1.9797487860e+35,8.2272777685e+41,2.6070267966e+41,3.1314483235e+43,-1.0563421321e+05,-4.6232489353e+04,1.0560382621e+04
580,6.2640000000e+06,1.9171979420e+35,-3.8969444465e+35,-1.9797465044e+35,8.2272781532e+41,2.6070267032e+41,3.1314484340e+43,-1.0563406958e+05,-4.6232582341e+04,1.0560210973e+04
581,6.2748000000e+06,1.9171782792e+35,-3.8969225025e+35,-1.9797442232e+35,8.2272785380e+41,2.6070266097e+41,3.1314485446e+43,-1.0563392596e+05,-4.6232675329e+04,1.0560039325e+04
582,6.2856000000e+06,1.9171583885e+35,-3.8969003312e+35,-1.9797419426e+35,8.2272789226e+41,2.6070265163e+41,3.1314486552e+43,-1.0563378233e+05,-4.6232768318e+04,1.0559867677e+04
583,6.2964000000e+06,1.9171382700e+35,-3.8968779327e+35,-1.9797396627e+35,8.2272793073e+41,2.6070264229e+41,3.1314487657e+43,-1.0563363870e+05,-4.6232861306e+04,1.0559696029e+04
584,6.3072000000e+06,1.9171179236e+35,-3.8968553072e+35,-1.9797373837e+35,8.2272796919e+41,2.6070263295e+41,3.1314488762e+43,-1.0563349507e+05,-4.6232954294e+04,1.0559524381e+04
585,6.3180000000e+06,1.9170973495e+35,-3.8968324552e+35,-1.9797351057e+35,8.2272800764e+41,2.6070262362e+41,3.1314489868e+43,-1.0563335144e+05,-4.6233047283e+04,1.0559352733e+04
586,6.3288000000e+06,1.9170765481e+35,-3.8968093769e+35,-1.9797328288e+35,8.2272804609e+41,2.6070261430e+41,3.1314490973e+43,-1.0563320782e+05,-4.6233140271e+04,1.0559181085e+04
587,6.3396000000e+06,1.9170555195e+35,-3.8967860728e+35,-1.9797305533e+35,8.2272808453e+41,2.6070260497e+41,3.1314492078e+43,-1.0563306419e+05,-4.6233233259e+04,1.0559009437e+04
588,6.3504000000e+06,1.9170342643e+35,-3.8967625435e+35,-1.9797282792e+35,8.2272812297e+41,2.6070259566e+41,3.1314493183e+43,-1.0563292056e+05,-4.6233326247e+04,1.0558837789e+04
589,6.3612000000e+06,1.9170127828e+35,-3.8967387895e+35,-1.9797260067e+35,8.2272816139e+41,2.6070258635e+41,3.1314494288e+43,-1.0563277693e+05,-4.6233419236e+04,1.0558666141e+04
590,6.3720000000e+06,1.9169910757e+35,-3.8967148117e+35,-1.9797237360e+35,8.2272819981e+41,2.6070257705e+41,3.1314495393e+43,-1.0563263330e+05,-4.6233512224e+04,1.0558494493e+04
591,6.3828000000e+06,1.9169691436e+35,-3.8966906107e+35,-1.9797214671e+35,8.2272823821e+41,2.6070256776e+41,3.1314496498e+43,-1.0563248968e+05,-4.6233605212e+04,1.0558322845e+04
592,6.3936000000e+06,1.9169469871e+35,-3.8966661874e+35,-1.9797192003e+35,8.2272827661e+41,2.6070255848e+41,3.1314497603e+43,-1.0563234605e+05,-4.6233698200e+04,1.0558151197e+04
593,6.4044000000e+06,1.9169246070e+35,-3.8966415427e+35,-1.9797169357e+35,8.2272831499e+41,2.6070254921e+41,3.1314498707e+43,-1.0563220242e+05,-4.6233791189e+04,1.0557979549e+04
594,6.4152000000e+06,1.9169020043e+35,-3.8966166777e+35,-1.9797146734e+35,8.2272835336e+41,2.6070253995e+41,3.1314499812e+43,-1.0563205879e+05,-4.6233884177e+04,1.0557807901e+04
595,6.4260000000e+06,1.9168791797e+35,-3.8965915933e+35,-1.9797124136e+35,8.2272839172e+41,2.6070253070e+41,3.1314500916e+43,-1.0563191516e+05,-4.6233977165e+04,1.0557636254e+04
596,6.4368000000e+06,1.9168561344e+35,-3.8965662908e+35,-1.9797101564e+35,8.2272843006e+41,2.6070252146e+41,3.1314502020e+43,-1.0563177154e+05,-4.6234070154e+04,1.0557464606e+04
597,6.4476000000e+06,1.9168328694e+35,-3.8965407713e+35,-1.9797079019e+35,8.2272846839e+41,2.6070251224e+41,3.1314503124e+43,-1.0563162791e+05,-4.6234163142e+04,1.0557292958e+04
598,6.4584000000e+06,1.9168093858e+35,-3.8965150361e+35,-1.9797056503e+35,8.2272850670e+41,2.6070250302e+41,3.1314504228e+43,-1.0563148428e+05,-4.6234256130e+04,1.0557121310e+04
599,6.4692000000e+06,1.9167856848e+35,-3.8964890865e+35,-1.9797034018e+35,8.2272854500e+41,2.6070249383e+41,3.1314505332e+43,-1.0563134065e+05,-4.6234349118e+04,1.0556949662e+04
600,6.4800000000e+06,1.9167617677e+35,-3.8964629240e+35,-1.9797011563e+35,8.2272858328e+41,2.6070248464e+41,3.1314506435e+43,-1.0563119702e+05,-4.6234442107e+04,1.0556778014e+04
601,6.4908000000e+06,1.9167376359e+35,-3.8964365501e+35,-1.9796989141e+35,8.2272862154e+41,2.6070247548e+41,3.1314507538e+43,-1.0563105340e+05,-4.6234535095e+04,1.0556606366e+04
602,6.5016000000e+06,1.9167132908e+35,-3.8964099662e+35,-1.9796966754e+35,8.2272865979e+41,2.6070246632e+41,3.1314508641e+43,-1.0563090977e+05,-4.6234628083e+04,1.0556434718e+04
603,6.5124000000e+06,1.9166887338e+35,-3.8963831740e+35,-1.9796944401e+35,8.2272869801e+41,2.6070245719e+41,3.1314509744e+43,-1.0563076614e+05,-4.6234721072e+04,1.0556263070e+04
604,6.5232000000e+06,1.9166639665e+35,-3.8963561751e+35,-1.9796922086e+35,8.2272873621e+41,2.6070244807e+41,3.1314510847e+43,-1.0563062251e+05,-4.6234814060e+04,1.0556091422e+04
605,6.5340000000e+06,1.9166389905e+35,-3.8963289713e+35,-1.9796899808e+35,8.2272877440e+41,2.6070243897e+41,3.1314511949e+43,-1.0563047888e+05,-4.6234907048e+04,1.0555919774e+04
606,6.5448000000e+06,1.9166138075e+35,-3.8963015643e+35,-1.9796877568e+35,8.2272881256e+41,2.6070242989e+41,3.1314513051e+43,-1.0563033526e+05,-4.6235000037e+04,1.0555748126e+04
607,6.5556000000e+06,1.9165884191e+35,-3.8962739560e+35,-1.9796855369e+35,8.2272885070e+41,2.6070242083e+41,3.1314514153e+43,-1.0563019163e+05,-4.6235093025e+04,1.0555576478e+04
608,6.5664000000e+06,1.9165628272e+35,-3.8962461483e+35,-1.9796833212e+35,8.2272888882e+41,2.6070241179e+41,3.1314515254e+43,-1.0563004800e+05,-4.6235186013e+04,1.0555404830e+04
609,6.5772000000e+06,1.9165370335e+35,-3.8962181431e+35,-1.9796811096e+35,8.2272892691e+41,2.6070240277e+41,3.1314516356e+43,-1.0562990437e+05,-4.6235279001e+04,1.0555233182e+04
610,6.5880000000e+06,1.9165110400e+35,-3.8961899425e+35,-1.9796789024e+35,8.2272896498e+41,2.6070239376e+41,3.1314517457e+43,-1.0562976074e+05,-4.6235371989e+04,1.0555061534e+04
611,6.5988000000e+06,1.9164848486e+35,-3.8961615484e+35,-1.9796766997e+35,8.2272900303e+41,2.6070238478e+41,3.1314518558e+43,-1.0562961712e+05,-4.6235464978e+04,1.0554889886e+04
612,6.6096000000e+06,1.9164584614e+35,-3.8961329630e+35,-1.9796745016e+35,8.2272904105e+41,2.6070237583e+41,3.1314519658e+43,-1.0562947349e+05,-4.6235557966e+04,1.0554718238e+04
613,6.6204000000e+06,1.9164318803e+35,-3.8961041884e+35,-1.9796723081e+35,8.2272907905e+41,2.6070236689e+41,3.1314520759e+43,-1.0562932986e+05,-4.6235650954e+04,1.0554546591e+04
614,6.6312000000e+06,1.9164051074e+35,-3.8960752268e+35,-1.9796701194e+35,8.2272911701e+41,2.6070235798e+41,3.1314521859e+43,-1.0562918623e+05,-4.6235743943e+04,1.0554374943e+04
615,6.6420000000e+06,1.9163781449e+35,-3.8960460804e+35,-1.9796679355e+35,8.2272915496e+41,2.6070234909e+41,3.1314522958e+43,-1.0562904260e+05,-4.6235836931e+04,1.0554203295e+04
616,6.6528000000e+06,1.9163509949e+35,-3.8960167516e+35,-1.9796657567e+35,8.2272919287e+41,2.6070234023e+41,3.1314524058e+43,-1.0562889898e+05,-4.6235929919e+04,1.0554031647e+04
617,6.6636000000e+06,1.9163236598e+35,-3.8959872426e+35,-1.9796635828e+35,8.2272923075e+41,2.6070233139e+41,3.1314525157e+43,-1.0562875535e+05,-4.6236022907e+04,1.0553859999e+04
618,6.6744000000e+06,1.9162961416e+35,-3.8959575558e+35,-1.9796614141e+35,8.2272926861e+41,2.6070232257e+41,3.1314526255e+43,-1.0562861172e+05,-4.6236115896e+04,1.0553688351e+04
619,6.6852000000e+06,1.9162684429e+35,-3.8959276936e+35,-1.9796592507e+35,8.2272930644e+41,2.6070231378e+41,3.1314527354e+43,-1.0562846809e+05,-4.6236208884e+04,1.0553516703e+04
620,6.6960000000e+06,1.9162405658e+35,-3.8958976584e+35,-1.9796570926e+35,8.2272934424e+41,2.6070230502e+41,3.1314528452e+43,-1.0562832446e+05,-4.6236301872e+04,1.0553345055e+04
621,6.7068000000e+06,1.9162125128e+35,-3.8958674526e+35,-1.9796549399e+35,8.2272938200e+41,2.6070229628e+41,3.1314529550e+43,-1.0562818084e+05,-4.6236394861e+04,1.0553173407e+04
622,6.7176000000e+06,1.9161842862e+35,-3.8958370788e+35,-1.9796527926e+35,8.2272941974e+41,2.6070228757e+41,3.1314530647e+43,-1.0562803721e+05,-4.6236487849e+04,1.0553001759e+04
623,6.7284000000e+06,1.9161558886e+35,-3.8958065395e+35,-1.9796506509e+35,8.2272945745e+41,2.6070227889e+41,3.1314531744e+43,-1.0562789358e+05,-4.6236580837e+04,1.0552830111e+04
624,6.7392000000e+06,1.9161273224e+35,-3.8957758372e+35,-1.9796485149e+35,8.2272949512e+41,2.6070227024e+41,3.1314532841e+43,-1.0562774995e+05,-4.6236673826e+04,1.0552658463e+04
625,6.7500000000e+06,1.9160985900e+35,-3.8957449745e+35,-1.9796463845e+35,8.2272953276e+41,2.6070226161e+41,3.1314533937e+43,-1.0562760632e+05,-4.6236766814e+04,1.0552486815e+04
626,6.7608000000e+06,1.9160696941e+35,-3.8957139540e+35,-1.9796442599e+35,8.2272957037e+41,2.6070225301e+41,3.1314535033e+43,-1.0562746270e+05,-4.6236859802e+04,1.0552315167e+04
627,6.7716000000e+06,1.9160406371e+35,-3.8956827783e+35,-1.9796421412e+35,8.2272960794e+41,2.6070224445e+41,3.1314536129e+43,-1.0562731907e+05,-4.6236952790e+04,1.0552143519e+04
628,6.7824000000e+06,1.9160114217e+35,-3.8956514500e+35,-1.9796400283e+35,8.2272964548e+41,2.6070223591e+41,3.1314537224e+43,-1.0562717544e+05,-4.6237045779e+04,1.0551971871e+04
629,6.7932000000e+06,1.9159820504e+35,-3.8956199719e+35,-1.9796379215e+35,8.2272968299e+41,2.6070222740e+41,3.1314538319e+43,-1.0562703181e+05,-4.6237138767e+04,1.0551800223e+04
630,6.8040000000e+06,1.9159525259e+35,-3.8955883465e+35,-1.9796358206e+35,8.2272972046e+41,2.6070221892e+41,3.1314539413e+43,-1.0562688818e+05,-4.6237231755e+04,1.0551628576e+04
631,6.8148000000e+06,1.9159228507e+35,-3.8955565765e+35,-1.9796337258e+35,8.2272975789e+41,2.6070221048e+41,3.1314540507e+43,-1.0562674456e+05,-4.6237324743e+04,1.0551456928e+04
632,6.8256000000e+06,1.9158930277e+35,-3.8955246647e+35,-1.9796316371e+35,8.2272979530e+41,2.6070220206e+41,3.1314541601e+43,-1.0562660093e+05,-4.6237417732e+04,1.0551285280e+04
633,6.8364000000e+06,1.9158630593e+35,-3.8954926138e+35,-1.9796295546e+35,8.2272983266e+41,2.6070219368e+41,3.1314542694e+43,-1.0562645730e+05,-4.6237510720e+04,1.0551113632e+04
634,6.8472000000e+06,1.9158329482e+35,-3.8954604265e+35,-1.9796274783e+35,8.2272986999e+41,2.6070218532e+41,3.1314543787e+43,-1.0562631367e+05,-4.6237603709e+04,1.0550941984e+04
635,6.8580000000e+06,1.9158026973e+35,-3.8954281055e+35,-1.9796254082e+35,8.2272990728e+41,2.6070217700e+41,3.1314544880e+43,-1.0562617004e+05,-4.6237696697e+04,1.0550770336e+04
636,6.8688000000e+06,1.9157723091e+35,-3.8953956536e+35,-1.9796233445e+35,8.2272994454e+41,2.6070216871e+41,3.1314545972e+43,-1.0562602642e+05,-4.6237789685e+04,1.0550598688e+04
637,6.8796000000e+06,1.9157417864e+35,-3.8953630735e+35,-1.9796212871e+35,8.2272998176e+41,2.6070216046e+41,3.1314547063e+43,-1.0562588279e+05,-4.6237882673e+04,1.0550427040e+04
638,6.8904000000e+06,1.9157111319e+35,-3.8953303679e+35,-1.9796192361e+35,8.2273001894e+41,2.6070215224e+41,3.1314548155e+43,-1.0562573916e+05,-4.6237975662e+04,1.0550255392e+04
639,6.9012000000e+06,1.9156803482e+35,-3.8952975397e+35,-1.9796171915e+35,8.2273005608e+41,2.6070214405e+41,3.1314549246e+43,-1.0562559553e+05,-4.6238068650e+04,1.0550083744e+04
640,6.9120000000e+06,1.9156494382e+35,-3.8952645915e+35,-1.9796151533e+35,8.2273009318e+41,2.6070213589e+41,3.1314550336e+43,-1.0562545190e+05,-4.6238161638e+04,1.0549912096e+04
641,6.9228000000e+06,1.9156184045e+35,-3.8952315261e+35,-1.9796131216e+35,8.2273013025e+41,2.6070212777e+41,3.1314551426e+43,-1.0562530828e+05,-4.6238254627e+04,1.0549740448e+04
642,6.9336000000e+06,1.9155872499e+35,-3.8951983462e+35,-1.9796110964e+35,8.2273016728e+41,2.6070211968e+41,3.1314552516e+43,-1.0562516465e+05,-4.6238347615e+04,1.0549568800e+04
643,6.9444000000e+06,1.9155559770e+35,-3.8951650547e+35,-1.9796090777e+35,8.2273020427e+41,2.6070211162e+41,3.1314553605e+43,-1.0562502102e+05,-4.6238440603e+04,1.0549397152e+04
644,6.9552000000e+06,1.9155245886e+35,-3.8951316541e+35,-1.9796070655e+35,8.2273024122e+41,2.6070210360e+41,3.1314554693e+43,-1.0562487739e+05,-4.6238533591e+04,1.0549225504e+04
645,6.9660000000e+06,1.9154930875e+35,-3.8950981473e+35,-1.9796050599e+35,8.2273027813e+41,2.6070209562e+41,3.1314555782e+43,-1.0562473376e+05,-4.6238626580e+04,1.0549053856e+04
646,6.9768000000e+06,1.9154614762e+35,-3.8950645370e+35,-1.9796030609e+35,8.2273031500e+41,2.6070208767e+41,3.1314556869e+43,-1.0562459014e+05,-4.6238719568e+04,1.0548882208e+04
647,6.9876000000e+06,1.9154297575e+35,-3.8950308259e+35,-1.9796010684e+35,8.2273035183e+41,2.6070207975e+41,3.1314557957e+43,-1.0562444651e+05,-4.6238812556e+04,1.0548710560e+04
648,6.9984000000e+06,1.9153979342e+35,-3.8949970167e+35,-1.9795990826e+35,8.2273038862e+41,2.6070207187e+41,3.1314559044e+43,-1.0562430288e+05,-4.6238905544e+04,1.0548538913e+04
649,7.0092000000e+06,1.9153660088e+35,-3.8949631121e+35,-1.9795971033e+35,8.2273042536e+41,2.6070206403e+41,3.1314560130e+43,-1.0562415925e+05,-4.6238998533e+04,1.0548367265e+04
650,7.0200000000e+06,1.9153339841e+35,-3.8949291148e+35,-1.9795951307e+35,8.2273046207e+41,2.6070205622e+41,3.1314561216e+43,-1.0562401562e+05,-4.6239091521e+04,1.0548195617e+04
651,7.0308000000e+06,1.9153018627e+35,-3.8948950273e+35,-1.9795931647e+35,8.2273049874e+41,2.6070204844e+41,3.1314562302e+43,-1.0562387200e+05,-4.6239184510e+04,1.0548023969e+04
652,7.0416000000e+06,1.9152696472e+35,-3.8948608525e+35,-1.9795912053e+35,8.2273053537e+41,2.6070204071e+41,3.1314563387e+43,-1.0562372837e+05,-4.6239277498e+04,1.0547852321e+04
653,7.0524000000e+06,1.9152373404e+35,-3.8948265929e+35,-1.9795892525e+35,8.2273057196e+41,2.6070203300e+41,3.1314564472e+43,-1.0562358474e+05,-4.6239370486e+04,1.0547680673e+04
654,7.0632000000e+06,1.9152049448e+35,-3.8947922512e+35,-1.9795873064e+35,8.2273060850e+41,2.6070202534e+41,3.1314565556e+43,-1.0562344111e+05,-4.6239463474e+04,1.0547509025e+04
655,7.0740000000e+06,1.9151724630e+35,-3.8947578298e+35,-1.9795853669e+35,8.2273064501e+41,2.6070201771e+41,3.1314566640e+43,-1.0562329748e+05,-4.6239556463e+04,1.0547337377e+04
656,7.0848000000e+06,1.9151398976e+35,-3.8947233315e+35,-1.9795834340e+35,8.2273068147e+41,2.6070201011e+41,3.1314567723e+43,-1.0562315386e+05,-4.6239649451e+04,1.0547165729e+04
657,7.0956000000e+06,1.9151072511e+35,-3.8946887588e+35,-1.9795815077e+35,8.2273071789e+41,2.6070200256e+41,3.1314568806e+43,-1.0562301023e+05,-4.6239742439e+04,1.0546994081e+04
658,7.1064000000e+06,1.9150745262e+35,-3.8946541143e+35,-1.9795795880e+35,8.2273075427e+41,2.6070199504e+41,3.1314569889e+43,-1.0562286660e+05,-4.6239835428e+04,1.0546822433e+04
659,7.1172000000e+06,1.9150417254e+35,-3.8946194003e+35,-1.9795776749e+35,8.2273079061e+41,2.6070198755e+41,3.1314570970e+43,-1.0562272297e+05,-4.6239928416e+04,1.0546650785e+04
660,7.1280000000e+06,1.9150088511e+35,-3.8945846195e+35,-1.9795757684e+35,8.2273082690e+41,2.6070198010e+41,3.1314572052e+43,-1.0562257934e+05,-4.6240021404e+04,1.0546479137e+04
661,7.1388000000e+06,1.9149759059e+35,-3.8945497744e+35,-1.9795738685e+35,8.2273086316e+41,2.6070197269e+41,3.1314573133e+43,-1.0562243572e+05,-4.6240114392e+04,1.0546307489e+04
662,7.1496000000e+06,1.9149428922e+35,-3.8945148673e+35,-1.9795719751e+35,8.2273089937e+41,2.6070196532e+41,3.1314574214e+43,-1.0562229209e+05,-4.6240207381e+04,1.0546135841e+04
663,7.1604000000e+06,1.9149098125e+35,-3.8944799007e+35,-1.9795700882e+35,8.2273093554e+41,2.6070195798e+41,3.1314575294e+43,-1.0562214846e+05,-4.6240300369e+04,1.0545964193e+04
664,7.1712000000e+06,1.9148766692e+35,-3.8944448771e+35,-1.9795682079e+35,8.2273097167e+41,2.6070195068e+41,3.1314576373e+43,-1.0562200483e+05,-4.6240393357e+04,1.0545792545e+04
665,7.1820000000e+06,1.9148434646e+35,-3.8944097987e+35,-1.9795663340e+35,8.2273100776e+41,2.6070194342e+41,3.1314577453e+43,-1.0562186120e+05,-4.6240486345e+04,1.0545620898e+04
666,7.1928000000e+06,1.9148102012e+35,-3.8943746679e+35,-1.9795644667e+35,8.2273104380e+41,2.6070193619e+41,3.1314578531e+43,-1.0562171758e+05,-4.6240579334e+04,1.0545449250e+04
667,7.2036000000e+06,1.9147768814e+35,-3.8943394871e+35,-1.9795626058e+35,8.2273107981e+41,2.6070192900e+41,3.1314579610e+43,-1.0562157395e+05,-4.6240672322e+04,1.0545277602e+04
668,7.2144000000e+06,1.9147435073e+35,-3.8943042586e+35,-1.9795607513e+35,8.2273111577e+41,2.6070192185e+41,3.1314580687e+43,-1.0562143032e+05,-4.6240765310e+04,1.0545105954e+04
669,7.2252000000e+06,1.9147100814e+35,-3.8942689846e+35,-1.9795589032e+35,8.2273115169e+41,2.6070191473e+41,3.1314581765e+43,-1.0562128669e+05,-4.6240858299e+04,1.0544934306e+04
670,7.2360000000e+06,1.9146766059e+35,-3.8942336674e+35,-1.9795570616e+35,8.2273118756e+41,2.6070190765e+41,3.1314582841e+43,-1.0562114306e+05,-4.6240951287e+04,1.0544762658e+04
671,7.2468000000e+06,1.9146430830e+35,-3.8941983092e+35,-1.9795552262e+35,8.2273122340e+41,2.6070190061e+41,3.1314583918e+43,-1.0562099944e+05,-4.6241044275e+04,1.0544591010e+04
672,7.2576000000e+06,1.9146095150e+35,-3.8941629122e+35,-1.9795533972e+35,8.2273125919e+41,2.6070189360e+41,3.1314584994e+43,-1.0562085581e+05,-4.6241137263e+04,1.0544419362e+04
673,7.2684000000e+06,1.9145759040e+35,-3.8941274785e+35,-1.9795515745e+35,8.2273129494e+41,2.6070188663e+41,3.1314586069e+43,-1.0562071218e+05,-4.6241230252e+04,1.0544247714e+04
674,7.2792000000e+06,1.9145422522e+35,-3.8940920102e+35,-1.9795497581e+35,8.2273133065e+41,2.6070187970e+41,3.1314587144e+43,-1.0562056855e+05,-4.6241323240e+04,1.0544076066e+04
675,7.2900000000e+06,1.9145085617e+35,-3.8940565096e+35,-1.9795479479e+35,8.2273136632e+41,2.6070187280e+41,3.1314588219e+43,-1.0562042492e+05,-4.6241416228e+04,1.0543904418e+04
676,7.3008000000e+06,1.9144748346e+35,-3.8940209785e+35,-1.9795461439e+35,8.2273140194e+41,2.6070186594e+41,3.1314589293e+43,-1.0562028130e+05,-4.6241509217e+04,1.0543732770e+04
677,7.3116000000e+06,1.9144410731e+35,-3.8939854192e+35,-1.9795443461e+35,8.2273143753e+41,2.6070185912e+41,3.1314590367e+43,-1.0562013767e+05,-4.6241602205e+04,1.0543561122e+04
678,7.3224000000e+06,1.9144072791e+35,-3.8939498335e+35,-1.9795425544e+35,8.2273147307e+41,2.6070185233e+41,3.1314591440e+43,-1.0561999404e+05,-4.6241695193e+04,1.0543389474e+04
679,7.3332000000e+06,1.9143734546e+35,-3.8939142234e+35,-1.9795407688e+35,8.2273150857e+41,2.6070184558e+41,3.1314592512e+43,-1.0561985041e+05,-4.6241788182e+04,1.0543217826e+04
680,7.3440000000e+06,1.9143396017e+35,-3.8938785910e+35,-1.9795389893e+35,8.2273154403e+41,2.6070183886e+41,3.1314593585e+43,-1.0561970678e+05,-4.6241881169e+04,1.0543046178e+04
681,7.3548000000e+06,1.9143057223e+35,-3.8938429381e+35,-1.9795372158e+35,8.2273157945e+41,2.6070183219e+41,3.1314594656e+43,-1.0561956316e+05,-4.6241974158e+04,1.0542874530e+04
682,7.3656000000e+06,1.9142718183e+35,-3.8938072666e+35,-1.9795354483e+35,8.2273161482e+41,2.6070182554e+41,3.1314595728e+43,-1.0561941953e+05,-4.6242067146e+04,1.0542702882e+04
683,7.3764000000e+06,1.9142378916e+35,-3.8937715784e+35,-1.9795336867e+35,8.2273165016e+41,2.6070181894e+41,3.1314596799e+43,-1.0561927590e+05,-4.6242160135e+04,1.0542531235e+04
684,7.3872000000e+06,1.9142039441e+35,-3.8937358752e+35,-1.9795319311e+35,8.2273168545e+41,2.6070181237e+41,3.1314597869e+43,-1.0561913227e+05,-4.6242253123e+04,1.0542359587e+04
685,7.3980000000e+06,1.9141699776e+35,-3.8937001590e+35,-1.9795301814e+35,8.2273172071e+41,2.6070180584e+41,3.1314598939e+43,-1.0561898864e+05,-4.6242346111e+04,1.0542187939e+04
686,7.4088000000e+06,1.9141359939e+35,-3.8936644313e+35,-1.9795284374e+35,8.2273175592e+41,2.6070179934e+41,3.1314600008e+43,-1.0561884502e+05,-4.6242439099e+04,1.0542016291e+04
687,7.4196000000e+06,1.9141019948e+35,-3.8936286941e+35,-1.9795266993e+35,8.2273179109e+41,2.6070179287e+41,3.1314601077e+43,-1.0561870139e+05,-4.6242532088e+04,1.0541844643e+04
688,7.4304000000e+06,1.9140679820e+35,-3.8935929490e+35,-1.9795249669e+35,8.2273182622e+41,2.6070178645e+41,3.1314602146e+43,-1.0561855776e+05,-4.6242625076e+04,1.0541672995e+04
689,7.4412000000e+06,1.9140339573e+35,-3.8935571976e+35,-1.9795232403e+35,8.2273186131e+41,2.6070178006e+41,3.1314603214e+43,-1.0561841413e+05,-4.6242718064e+04,1.0541501347e+04
690,7.4520000000e+06,1.9139999222e+35,-3.8935214416e+35,-1.9795215193e+35,8.2273189636e+41,2.6070177370e+41,3.1314604282e+43,-1.0561827050e+05,-4.6242811053e+04,1.0541329699e+04
691,7.4628000000e+06,1.9139658786e+35,-3.8934856826e+35,-1.9795198040e+35,8.2273193137e+41,2.6070176738e+41,3.1314605349e+43,-1.0561812688e+05,-4.6242904041e+04,1.0541158051e+04
692,7.4736000000e+06,1.9139318279e+35,-3.8934499221e+35,-1.9795180942e+35,8.2273196634e+41,2.6070176109e+41,3.1314606416e+43,-1.0561798325e+05,-4.6242997029e+04,1.0540986403e+04
693,7.4844000000e+06,1.9138977718e+35,-3.8934141618e+35,-1.9795163900e+35,8.2273200127e+41,2.6070175484e+41,3.1314607482e+43,-1.0561783962e+05,-4.6243090018e+04,1.0540814755e+04
694,7.4952000000e+06,1.9138637119e+35,-3.8933784032e+35,-1.9795146913e+35,8.2273203616e+41,2.6070174862e+41,3.1314608548e+43,-1.0561769599e+05,-4.6243183006e+04,1.0540643107e+04
695,7.5060000000e+06,1.9138296496e+35,-3.8933426477e+35,-1.9795129980e+35,8.2273207101e+41,2.6070174244e+41,3.1314609614e+43,-1.0561755236e+05,-4.6243275994e+04,1.0540471459e+04
696,7.5168000000e+06,1.9137955866e+35,-3.8933068968e+35,-1.9795113102e+35,8.2273210582e+41,2.6070173630e+41,3.1314610679e+43,-1.0561740874e+05,-4.6243368983e+04,1.0540299811e+04
697,7.5276000000e+06,1.9137615241e+35,-3.8932711519e+35,-1.9795096277e+35,8.2273214059e+41,2.6070173018e+41,3.1314611743e+43,-1.0561726511e+05,-4.6243461971e+04,1.0540128163e+04
698,7.5384000000e+06,1.9137274638e+35,-3.8932354144e+35,-1.9795079506e+35,8.2273217533e+41,2.6070172410e+41,3.1314612808e+43,-1.0561712148e+05,-4.6243554959e+04,1.0539956515e+04
699,7.5492000000e+06,1.9136934070e+35,-3.8931996857e+35,-1.9795062788e+35,8.2273221002e+41,2.6070171806e+41,3.1314613871e+43,-1.0561697785e+05,-4.6243647947e+04,1.0539784867e+04
700,7.5600000000e+06,1.9136593551e+35,-3.8931639672e+35,-1.9795046121e+35,8.2273224467e+41,2.6070171205e+41,3.1314614935e+43,-1.0561683422e+05,-4.6243740936e+04,1.0539613220e+04
701,7.5708000000e+06,1.9136253094e+35,-3.8931282601e+35,-1.9795029507e+35,8.2273227929e+41,2.6070170607e+41,3.1314615998e+43,-1.0561669060e+05,-4.6243833924e+04,1.0539441572e+04
702,7.5816000000e+06,1.9135912713e+35,-3.8930925658e+35,-1.9795012944e+35,8.2273231387e+41,2.6070170013e+41,3.1314617060e+43,-1.0561654697e+05,-4.6243926912e+04,1.0539269924e+04
703,7.5924000000e+06,1.9135572421e+35,-3.8930568854e+35,-1.9794996433e+35,8.2273234841e+41,2.6070169422e+41,3.1314618122e+43,-1.0561640334e+05,-4.6244019900e+04,1.0539098276e+04
704,7.6032000000e+06,1.9135232231e+35,-3.8930212203e+35,-1.9794979972e+35,8.2273238291e+41,2.6070168834e+41,3.1314619184e+43,-1.0561625971e+05,-4.6244112889e+04,1.0538926628e+04
705,7.6140000000e+06,1.9134892154e+35,-3.8929855715e+35,-1.9794963561e+35,8.2273241737e+41,2.6070168250e+41,3.1314620245e+43,-1.0561611608e+05,-4.6244205877e+04,1.0538754980e+04
706,7.6248000000e+06,1.9134552204e+35,-3.8929499404e+35,-1.9794947200e+35,8.2273245180e+41,2.6070167668e+41,3.1314621306e+43,-1.0561597246e+05,-4.6244298865e+04,1.0538583332e+04
707,7.6356000000e+06,1.9134212392e+35,-3.8929143280e+35,-1.9794930888e+35,8.2273248619e+41,2.6070167091e+41,3.1314622366e+43,-1.0561582883e+05,-4.6244391854e+04,1.0538411684e+04
708,7.6464000000e+06,1.9133872730e+35,-3.8928787354e+35,-1.9794914624e+35,8.2273252054e+41,2.6070166516e+41,3.1314623426e+43,-1.0561568520e+05,-4.6244484842e+04,1.0538240036e+04
709,7.6572000000e+06,1.9133533228e+35,-3.8928431638e+35,-1.9794898410e+35,8.2273255485e+41,2.6070165945e+41,3.1314624485e+43,-1.0561554157e+05,-4.6244577830e+04,1.0538068388e+04
710,7.6680000000e+06,1.9133193899e+35,-3.8928076142e+35,-1.9794882243e+35,8.2273258913e+41,2.6070165376e+41,3.1314625545e+43,-1.0561539794e+05,-4.6244670818e+04,1.0537896740e+04
711,7.6788000000e+06,1.9132854753e+35,-3.8927720876e+35,-1.9794866123e+35,8.2273262337e+41,2.6070164812e+41,3.1314626603e+43,-1.0561525432e+05,-4.6244763807e+04,1.0537725092e+04
712,7.6896000000e+06,1.9132515800e+35,-3.8927365851e+35,-1.9794850051e+35,8.2273265757e+41,2.6070164250e+41,3.1314627662e+43,-1.0561511069e+05,-4.6244856795e+04,1.0537553444e+04
713,7.7004000000e+06,1.9132177052e+35,-3.8927011076e+35,-1.9794834025e+35,8.2273269174e+41,2.6070163691e+41,3.1314628719e+43,-1.0561496706e+05,-4.6244949783e+04,1.0537381796e+04
714,7.7112000000e+06,1.9131838517e+35,-3.8926656562e+35,-1.9794818045e+35,8.2273272587e+41,2.6070163136e+41,3.1314629777e+43,-1.0561482343e+05,-4.6245042772e+04,1.0537210148e+04
715,7.7220000000e+06,1.9131500206e+35,-3.8926302317e+35,-1.9794802111e+35,8.2273275997e+41,2.6070162583e+41,3.1314630834e+43,-1.0561467980e+05,-4.6245135760e+04,1.0537038500e+04
716,7.7328000000e+06,1.9131162128e+35,-3.8925948350e+35,-1.9794786222e+35,8.2273279403e+41,2.6070162034e+41,3.1314631891e+43,-1.0561453618e+05,-4.6245228748e+04,1.0536866852e+04
717,7.7436000000e+06,1.9130824294e+35,-3.8925594671e+35,-1.9794770378e+35,8.2273282805e+41,2.6070161488e+41,3.1314632947e+43,-1.0561439255e+05,-4.6245321737e+04,1.0536695204e+04
718,7.7544000000e+06,1.9130486711e+35,-3.8925241289e+35,-1.9794754578e+35,8.2273286204e+41,2.6070160945e+41,3.1314634003e+43,-1.0561424892e+05,-4.6245414725e+04,1.0536523557e+04
719,7.7652000000e+06,1.9130149388e+35,-3.8924888210e+35,-1.9794738822e+35,8.2273289599e+41,2.6070160405e+41,3.1314635058e+43,-1.0561410529e+05,-4.6245507713e+04,1.0536351909e+04
720,7.7760000000e+06,1.9129812335e+35,-3.8924535445e+35,-1.9794723110e+35,8.2273292991e+41,2.6070159868e+41,3.1314636114e+43,-1.0561396166e+05,-4.6245600701e+04,1.0536180261e+04
721,7.7868000000e+06,1.9129475560e+35,-3.8924183000e+35,-1.9794707440e+35,8.2273296380e+41,2.6070159334e+41,3.1314637168e+43,-1.0561381804e+05,-4.6245693690e+04,1.0536008613e+04
722,7.7976000000e+06,1.9129139071e+35,-3.8923830884e+35,-1.9794691813e+35,8.2273299765e+41,2.6070158803e+41,3.1314638223e+43,-1.0561367441e+05,-4.6245786678e+04,1.0535836965e+04
723,7.8084000000e+06,1.9128802875e+35,-3.8923479104e+35,-1.9794676229e+35,8.2273303146e+41,2.6070158275e+41,3.1314639277e+43,-1.0561353078e+05,-4.6245879666e+04,1.0535665317e+04
724,7.8192000000e+06,1.9128466981e+35,-3.8923127667e+35,-1.9794660686e+35,8.2273306524e+41,2.6070157750e+41,3.1314640330e+43,-1.0561338715e+05,-4.6245972654e+04,1.0535493669e+04
725,7.8300000000e+06,1.9128131396e+35,-3.8922776580e+35,-1.9794645184e+35,8.2273309899e+41,2.6070157228e+41,3.1314641383e+43,-1.0561324352e+05,-4.6246065643e+04,1.0535322021e+04
726,7.8408000000e+06,1.9127796127e+35,-3.8922425851e+35,-1.9794629724e+35,8.2273313271e+41,2.6070156709e+41,3.1314642436e+43,-1.0561309990e+05,-4.6246158631e+04,1.0535150373e+04
727,7.8516000000e+06,1.9127461182e+35,-3.8922075485e+35,-1.9794614303e+35,8.2273316639e+41,2.6070156192e+41,3.1314643489e+43,-1.0561295627e+05,-4.6246251619e+04,1.0534978725e+04
728,7.8624000000e+06,1.9127126567e+35,-3.8921725490e+35,-1.9794598923e+35,8.2273320003e+41,2.6070155679e+41,3.1314644541e+43,-1.0561281264e+05,-4.6246344608e+04,1.0534807077e+04
729,7.8732000000e+06,1.9126792289e+35,-3.8921375872e+35,-1.9794583583e+35,8.2273323365e+41,2.6070155168e+41,3.1314645593e+43,-1.0561266901e+05,-4.6246437596e+04,1.0534635429e+04
730,7.8840000000e+06,1.9126458355e+35,-3.8921026636e+35,-1.9794568282e+35,8.2273326723e+41,2.6070154660e+41,3.1314646644e+43,-1.0561252538e+05,-4.6246530584e+04,1.0534463781e+04
731,7.8948000000e+06,1.9126124770e+35,-3.8920677789e+35,-1.9794553019e+35,8.2273330078e+41,2.6070154156e+41,3.1314647695e+43,-1.0561238176e+05,-4.6246623572e+04,1.0534292133e+04
732,7.9056000000e+06,1.9125791542e+35,-3.8920329337e+35,-1.9794537795e+35,8.2273333430e+41,2.6070153653e+41,3.1314648745e+43,-1.0561223813e+05,-4.6246716561e+04,1.0534120485e+04
733,7.9164000000e+06,1.9125458675e+35,-3.8919981284e+35,-1.9794522609e+35,8.2273336778e+41,2.6070153154e+41,3.1314649796e+43,-1.0561209450e+05,-4.6246809549e+04,1.0533948837e+04
734,7.9272000000e+06,1.9125126175e+35,-3.8919633636e+35,-1.9794507461e+35,8.2273340124e+41,2.6070152657e+41,3.1314650846e+43,-1.0561195087e+05,-4.6246902537e+04,1.0533777189e+04
735,7.9380000000e+06,1.9124794049e+35,-3.8919286398e+35,-1.9794492349e+35,8.2273343466e+41,2.6070152164e+41,3.1314651895e+43,-1.0561180724e+05,-4.6246995525e+04,1.0533605542e+04
736,7.9488000000e+06,1.9124462301e+35,-3.8918939576e+35,-1.9794477275e+35,8.2273346805e+41,2.6070151672e+41,3.1314652944e+43,-1.0561166362e+05,-4.6247088514e+04,1.0533433894e+04
737,7.9596000000e+06,1.9124130937e+35,-3.8918593174e+35,-1.9794462237e+35,8.2273350141e+41,2.6070151184e+41,3.1314653993e+43,-1.0561151999e+05,-4.6247181502e+04,1.0533262246e+04
738,7.9704000000e+06,1.9123799961e+35,-3.8918247196e+35,-1.9794447235e+35,8.2273353474e+41,2.6070150698e+41,3.1314655042e+43,-1.0561137636e+05,-4.6247274490e+04,1.0533090598e+04
739,7.9812000000e+06,1.9123469379e+35,-3.8917901647e+35,-1.9794432269e+35,8.2273356803e+41,2.6070150215e+41,3.1314656090e+43,-1.0561123273e+05,-4.6247367479e+04,1.0532918950e+04
740,7.9920000000e+06,1.9123139194e+35,-3.8917556532e+35,-1.9794417338e+35,8.2273360130e+41,2.6070149735e+41,3.1314657138e+43,-1.0561108910e+05,-4.6247460467e+04,1.0532747302e+04
741,8.0028000000e+06,1.9122809413e+35,-3.8917211854e+35,-1.9794402442e+35,8.2273363454e+41,2.6070149257e+41,3.1314658185e+43,-1.0561094548e+05,-4.6247553456e+04,1.0532575654e+04
742,8.0136000000e+06,1.9122480038e+35,-3.8916867618e+35,-1.9794387580e+35,8.2273366775e+41,2.6070148782e+41,3.1314659232e+43,-1.0561080185e+05,-4.6247646444e+04,1.0532404006e+04
743,8.0244000000e+06,1.9122151075e+35,-3.8916523827e+35,-1.9794372752e+35,8.2273370092e+41,2.6070148309e+41,3.1314660279e+43,-1.0561065822e+05,-4.6247739432e+04,1.0532232358e+04
744,8.0352000000e+06,1.9121822527e+35,-3.8916180485e+35,-1.9794357959e+35,8.2273373407e+41,2.6070147839e+41,3.1314661326e+43,-1.0561051459e+05,-4.6247832420e+04,1.0532060710e+04
745,8.0460000000e+06,1.9121494397e+35,-3.8915837596e+35,-1.9794343198e+35,8.2273376719e+41,2.6070147371e+41,3.1314662372e+43,-1.0561037096e+05,-4.6247925408e+04,1.0531889062e+04
746,8.0568000000e+06,1.9121166691e+35,-3.8915495162e+35,-1.9794328471e+35,8.2273380027e+41,2.6070146906e+41,3.1314663418e+43,-1.0561022734e+05,-4.6248018397e+04,1.0531717414e+04
747,8.0676000000e+06,1.9120839411e+35,-3.8915153188e+35,-1.9794313776e+35,8.2273383333e+41,2.6070146444e+41,3.1314664463e+43,-1.0561008371e+05,-4.6248111385e+04,1.0531545766e+04
748,8.0784000000e+06,1.9120512561e+35,-3.8914811675e+35,-1.9794299114e+35,8.2273386636e+41,2.6070145984e+41,3.1314665508e+43,-1.0560994008e+05,-4.6248204373e+04,1.0531374118e+04
749,8.0892000000e+06,1.9120186145e+35,-3.8914470628e+35,-1.9794284484e+35,8.2273389937e+41,2.6070145526e+41,3.1314666553e+43,-1.0560979645e+05,-4.6248297362e+04,1.0531202470e+04
750,8.1000000000e+06,1.9119860164e+35,-3.8914130049e+35,-1.9794269885e+35,8.2273393234e+41,2.6070145071e+41,3.1314667598e+43,-1.0560965282e+05,-4.6248390350e+04,1.0531030822e+04
751,8.1108000000e+06,1.9119534623e+35,-3.8913789941e+35,-1.9794255318e+35,8.2273396529e+41,2.6070144619e+41,3.1314668642e+43,-1.0560950920e+05,-4.6248483338e+04,1.0530859174e+04
752,8.1216000000e+06,1.9119209525e+35,-3.8913450306e+35,-1.9794240781e+35,8.2273399820e+41,2.6070144168e+41,3.1314669686e+43,-1.0560936557e+05,-4.6248576326e+04,1.0530687526e+04
753,8.1324000000e+06,1.9118884872e+35,-3.8913111147e+35,-1.9794226275e+35,8.2273403109e+41,2.6070143720e+41,3.1314670729e+43,-1.0560922194e+05,-4.6248669314e+04,1.0530515879e+04
754,8.1432000000e+06,1.9118560666e+35,-3.8912772466e+35,-1.9794211800e+35,8.2273406395e+41,2.6070143275e+41,3.1314671773e+43,-1.0560907831e+05,-4.6248762303e+04,1.0530344231e+04
755,8.1540000000e+06,1.9118236911e+35,-3.8912434265e+35,-1.9794197354e+35,8.2273409679e+41,2.6070142832e+41,3.1314672816e+43,-1.0560893468e+05,-4.6248855291e+04,1.0530172583e+04
756,8.1648000000e+06,1.9117913609e+35,-3.8912096547e+35,-1.9794182938e+35,8.2273412960e+41,2.6070142391e+41,3.1314673858e+43,-1.0560879106e+05,-4.6248948279e+04,1.0530000935e+04
757,8.1756000000e+06,1.9117590762e+35,-3.8911759313e+35,-1.9794168551e+35,8.2273416238e+41,2.6070141952e+41,3.1314674901e+43,-1.0560864743e+05,-4.6249041268e+04,1.0529829287e+04
758,8.1864000000e+06,1.9117268372e+35,-3.8911422566e+35,-1.9794154193e+35,8.2273419513e+41,2.6070141516e+41,3.1314675943e+43,-1.0560850380e+05,-4.6249134256e+04,1.0529657639e+04
759,8.1972000000e+06,1.9116946442e+35,-3.8911086306e+35,-1.9794139864e+35,8.2273422786e+41,2.6070141082e+41,3.1314676984e+43,-1.0560836017e+05,-4.6249227244e+04,1.0529485991e+04
760,8.2080000000e+06,1.9116624974e+35,-3.8910750537e+35,-1.9794125563e+35,8.2273426056e+41,2.6070140651e+41,3.1314678026e+43,-1.0560821654e+05,-4.6249320233e+04,1.0529314343e+04
761,8.2188000000e+06,1.9116303968e+35,-3.8910415259e+35,-1.9794111290e+35,8.2273429323e+41,2.6070140221e+41,3.1314679067e+43,-1.0560807292e+05,-4.6249413221e+04,1.0529142695e+04
762,8.2296000000e+06,1.9115983428e+35,-3.8910080473e+35,-1.9794097045e+35,8.2273432588e+41,2.6070139794e+41,3.1314680108e+43,-1.0560792929e+05,-4.6249506209e+04,1.0528971047e+04
763,8.2404000000e+06,1.9115663355e+35,-3.8909746182e+35,-1.9794082827e+35,8.2273435851e+41,2.6070139369e+41,3.1314681148e+43,-1.0560778566e+05,-4.6249599197e+04,1.0528799399e+04
764,8.2512000000e+06,1.9115343750e+35,-3.8909412387e+35,-1.9794068637e+35,8.2273439110e+41,2.6070138946e+41,3.1314682189e+43,-1.0560764203e+05,-4.6249692185e+04,1.0528627751e+04
765,8.2620000000e+06,1.9115024615e+35,-3.8909079088e+35,-1.9794054473e+35,8.2273442368e+41,2.6070138526e+41,3.1314683229e+43,-1.0560749840e+05,-4.6249785174e+04,1.0528456103e+04
766,8.2728000000e+06,1.9114705951e+35,-3.8908746287e+35,-1.9794040335e+35,8.2273445622e+41,2.6070138107e+41,3.1314684268e+43,-1.0560735478e+05,-4.6249878162e+04,1.0528284455e+04
767,8.2836000000e+06,1.9114387760e+35,-3.8908413984e+35,-1.9794026224e+35,8.2273448875e+41,2.6070137691e+41,3.1314685308e+43,-1.0560721115e+05,-4.6249971151e+04,1.0528112807e+04
768,8.2944000000e+06,1.9114070043e+35,-3.8908082182e+35,-1.9794012139e+35,8.2273452124e+41,2.6070137277e+41,3.1314686347e+43,-1.0560706752e+05,-4.6250064139e+04,1.0527941159e+04
769,8.3052000000e+06,1.9113752800e+35,-3.8907750880e+35,-1.9793998079e+35,8.2273455372e+41,2.6070136865e+41,3.1314687386e+43,-1.0560692389e+05,-4.6250157127e+04,1.0527769511e+04
770,8.3160000000e+06,1.9113436034e+35,-3.8907420079e+35,-1.9793984045e+35,8.2273458617e+41,2.6070136455e+41,3.1314688424e+43,-1.0560678026e+05,-4.6250250115e+04,1.0527597864e+04
771,8.3268000000e+06,1.9113119745e+35,-3.8907089781e+35,-1.9793970036e+35,8.2273461859e+41,2.6070136047e+41,3.1314689462e+43,-1.0560663664e+05,-4.6250343104e+04,1.0527426216e+04
772,8.3376000000e+06,1.9112803933e+35,-3.8906759985e+35,-1.9793956052e+35,8.2273465099e+41,2.6070135641e+41,3.1314690500e+43,-1.0560649301e+05,-4.6250436092e+04,1.0527254568e+04
773,8.3484000000e+06,1.9112488600e+35,-3.8906430692e+35,-1.9793942092e+35,8.2273468337e+41,2.6070135237e+41,3.1314691538e+43,-1.0560634938e+05,-4.6250529080e+04,1.0527082920e+04
774,8.3592000000e+06,1.9112173746e+35,-3.8906101903e+35,-1.9793928156e+35,8.2273471572e+41,2.6070134835e+41,3.1314692576e+43,-1.0560620575e+05,-4.6250622069e+04,1.0526911272e+04
775,8.3700000000e+06,1.9111859373e+35,-3.8905773617e+35,-1.9793914244e+35,8.2273474805e+41,2.6070134435e+41,3.1314693613e+43,-1.0560606212e+05,-4.6250715057e+04,1.0526739624e+04
776,8.3808000000e+06,1.9111545480e+35,-3.8905445837e+35,-1.9793900357e+35,8.2273478036e+41,2.6070134038e+41,3.1314694650e+43,-1.0560591850e+05,-4.6250808045e+04,1.0526567976e+04
777,8.3916000000e+06,1.9111232068e+35,-3.8905118560e+35,-1.9793886492e+35,8.2273481264e+41,2.6070133642e+41,3.1314695687e+43,-1.0560577487e+05,-4.6250901034e+04,1.0526396328e+04
778,8.4024000000e+06,1.9110919138e+35,-3.8904791789e+35,-1.9793872651e+35,8.2273484490e+41,2.6070133248e+41,3.1314696723e+43,-1.0560563124e+05,-4.6250994022e+04,1.0526224680e+04
779,8.4132000000e+06,1.9110606690e+35,-3.8904465523e+35,-1.9793858833e+35,8.2273487714e+41,2.6070132856e+41,3.1314697759e+43,-1.0560548761e+05,-4.6251087010e+04,1.0526053032e+04
780,8.4240000000e+06,1.9110294724e+35,-3.8904139761e+35,-1.9793845037e+35,8.2273490935e+41,2.6070132466e+41,3.1314698795e+43,-1.0560534398e+05,-4.6251179998e+04,1.0525881384e+04
781,8.4348000000e+06,1.9109983241e+35,-3.8903814504e+35,-1.9793831264e+35,8.2273494155e+41,2.6070132077e+41,3.1314699831e+43,-1.0560520036e+05,-4.6251272987e+04,1.0525709736e+04
782,8.4456000000e+06,1.9109672240e+35,-3.8903489753e+35,-1.9793817513e+35,8.2273497372e+41,2.6070131691e+41,3.1314700866e+43,-1.0560505673e+05,-4.6251365975e+04,1.0525538088e+04
783,8.4564000000e+06,1.9109361722e+35,-3.8903165506e+35,-1.9793803784e+35,8.2273500587e+41,2.6070131307e+41,3.1314701901e+43,-1.0560491310e+05,-4.6251458963e+04,1.0525366440e+04
784,8.4672000000e+06,1.9109051687e+35,-3.8902841764e+35,-1.9793790077e+35,8.2273503800e+41,2.6070130924e+41,3.1314702936e+43,-1.0560476947e+05,-4.6251551952e+04,1.0525194792e+04
785,8.4780000000e+06,1.9108742135e+35,-3.8902518526e+35,-1.9793776391e+35,8.2273507010e+41,2.6070130543e+41,3.1314703971e+43,-1.0560462584e+05,-4.6251644940e+04,1.0525023144e+04
786,8.4888000000e+06,1.9108433066e+35,-3.8902195793e+35,-1.9793762726e+35,8.2273510219e+41,2.6070130165e+41,3.1314705005e+43,-1.0560448222e+05,-4.6251737928e+04,1.0524851496e+04
787,8.4996000000e+06,1.9108124480e+35,-3.8901873563e+35,-1.9793749083e+35,8.2273513425e+41,2.6070129787e+41,3.1314706039e+43,-1.0560433859e+05,-4.6251830917e+04,1.0524679848e+04
788,8.5104000000e+06,1.9107816377e+35,-3.8901551836e+35,-1.9793735460e+35,8.2273516629e+41,2.6070129412e+41,3.1314707073e+43,-1.0560419496e+05,-4.6251923905e+04,1.0524508201e+04
789,8.5212000000e+06,1.9107508755e+35,-3.8901230613e+35,-1.9793721858e+35,8.2273519831e+41,2.6070129039e+41,3.1314708107e+43,-1.0560405133e+05,-4.6252016893e+04,1.0524336553e+04
790,8.5320000000e+06,1.9107201617e+35,-3.8900909892e+35,-1.9793708276e+35,8.2273523031e+41,2.6070128667e+41,3.1314709140e+43,-1.0560390770e+05,-4.6252109881e+04,1.0524164905e+04
791,8.5428000000e+06,1.9106894960e+35,-3.8900589673e+35,-1.9793694714e+35,8.2273526229e+41,2.6070128297e+41,3.1314710174e+43,-1.0560376408e+05,-4.6252202870e+04,1.0523993257e+04
792,8.5536000000e+06,1.9106588784e+35,-3.8900269956e+35,-1.9793681172e+35,8.2273529425e+41,2.6070127928e+41,3.1314711206e+43,-1.0560362045e+05,-4.6252295858e+04,1.0523821609e+04
793,8.5644000000e+06,1.9106283090e+35,-3.8899950740e+35,-1.9793667649e+35,8.2273532619e+41,2.6070127562e+41,3.1314712239e+43,-1.0560347682e+05,-4.6252388846e+04,1.0523649961e+04
794,8.5752000000e+06,1.9105977877e+35,-3.8899632023e+35,-1.9793654147e+35,8.2273535811e+41,2.6070127197e+41,3.1314713272e+43,-1.0560333319e+05,-4.6252481834e+04,1.0523478313e+04
795,8.5860000000e+06,1.9105673144e+35,-3.8899313807e+35,-1.9793640663e+35,8.2273539001e+41,2.6070126834e+41,3.1314714304e+43,-1.0560318956e+05,-4.6252574823e+04,1.0523306665e+04
796,8.5968000000e+06,1.9105368890e+35,-3.8898996089e+35,-1.9793627198e+35,8.2273542189e+41,2.6070126472e+41,3.1314715336e+43,-1.0560304594e+05,-4.6252667811e+04,1.0523135017e+04
797,8.6076000000e+06,1.9105065116e+35,-3.8898678869e+35,-1.9793613752e+35,8.2273545375e+41,2.6070126112e+41,3.1314716368e+43,-1.0560290231e+05,-4.6252760799e+04,1.0522963369e+04
798,8.6184000000e+06,1.9104761821e+35,-3.8898362146e+35,-1.9793600325e+35,8.2273548559e+41,2.6070125754e+41,3.1314717399e+43,-1.0560275868e+05,-4.6252853788e+04,1.0522791721e+04
799,8.6292000000e+06,1.9104459004e+35,-3.8898045920e+35,-1.9793586916e+35,8.2273551741e+41,2.6070125397e+41,3.1314718431e+43,-1.0560261505e+05,-4.6252946776e+04,1.0522620073e+04
800,8.6400000000e+06,1.9104156664e+35,-3.8897730190e+35,-1.9793573526e+35,8.2273554921e+41,2.6070125042e+41,3.1314719462e+43,-1.0560247142e+05,-4.6253039764e+04,1.0522448425e+04
801,8.6508000000e+06,1.9103854800e+35,-3.8897414954e+35,-1.9793560153e+35,8.2273558099e+41,2.6070124689e+41,3.1314720493e+43,-1.0560232780e+05,-4.6253132753e+04,1.0522276777e+04
802,8.6616000000e+06,1.9103553413e+35,-3.8897100212e+35,-1.9793546798e+35,8.2273561276e+41,2.6070124337e+41,3.1314721523e+43,-1.0560218417e+05,-4.6253225741e+04,1.0522105129e+04
803,8.6724000000e+06,1.9103252501e+35,-3.8896785962e+35,-1.9793533461e+35,8.2273564450e+41,2.6070123987e+41,3.1314722554e+43,-1.0560204054e+05,-4.6253318729e+04,1.0521933481e+04
804,8.6832000000e+06,1.9102952063e+35,-3.8896472205e+35,-1.9793520142e+35,8.2273567623e+41,2.6070123638e+41,3.1314723584e+43,-1.0560189691e+05,-4.6253411717e+04,1.0521761833e+04
805,8.6940000000e+06,1.9102652099e+35,-3.8896158938e+35,-1.9793506839e+35,8.2273570794e+41,2.6070123291e+41,3.1314724614e+43,-1.0560175328e+05,-4.6253504706e+04,1.0521590186e+04
806,8.7048000000e+06,1.9102352607e+35,-3.8895846161e+35,-1.9793493554e+35,8.2273573963e+41,2.6070122946e+41,3.1314725644e+43,-1.0560160966e+05,-4.6253597694e+04,1.0521418538e+04
807,8.7156000000e+06,1.9102053587e+35,-3.8895533872e+35,-1.9793480285e+35,8.2273577130e+41,2.6070122602e+41,3.1314726674e+43,-1.0560146603e+05,-4.6253690682e+04,1.0521246890e+04
808,8.7264000000e+06,1.9101755038e+35,-3.8895222072e+35,-1.9793467033e+35,8.2273580296e+41,2.6070122259e+41,3.1314727703e+43,-1.0560132240e+05,-4.6253783671e+04,1.0521075242e+04
809,8.7372000000e+06,1.9101456960e+35,-3.8894910757e+35,-1.9793453798e+35,8.2273583459e+41,2.6070121918e+41,3.1314728732e+43,-1.0560117877e+05,-4.6253876659e+04,1.0520903594e+04
810,8.7480000000e+06,1.9101159350e+35,-3.8894599928e+35,-1.9793440579e+35,8.2273586621e+41,2.6070121578e+41,3.1314729761e+43,-1.0560103514e+05,-4.6253969647e+04,1.0520731946e+04
811,8.7588000000e+06,1.9100862208e+35,-3.8894289583e+35,-1.9793427376e+35,8.2273589781e+41,2.6070121240e+41,3.1314730790e+43,-1.0560089152e+05,-4.6254062636e+04,1.0520560298e+04
812,8.7696000000e+06,1.9100565533e+35,-3.8893979721e+35,-1.9793414189e+35,8.2273592940e+41,2.6070120903e+41,3.1314731819e+43,-1.0560074789e+05,-4.6254155624e+04,1.0520388650e+04
813,8.7804000000e+06,1.9100269324e+35,-3.8893670341e+35,-1.9793401018e+35,8.2273596097e+41,2.6070120568e+41,3.1314732847e+43,-1.0560060426e+05,-4.6254248612e+04,1.0520217002e+04
814,8.7912000000e+06,1.9099973579e+35,-3.8893361442e+35,-1.9793387862e+35,8.2273599252e+41,2.6070120234e+41,3.1314733875e+43,-1.0560046063e+05,-4.6254341600e+04,1.0520045354e+04
815,8.8020000000e+06,1.9099678299e+35,-3.8893053021e+35,-1.9793374722e+35,8.2273602405e+41,2.6070119902e+41,3.1314734903e+43,-1.0560031700e+05,-4.6254434589e+04,1.0519873706e+04
816,8.8128000000e+06,1.9099383481e+35,-3.8892745079e+35,-1.9793361597e+35,8.2273605557e+41,2.6070119571e+41,3.1314735931e+43,-1.0560017338e+05,-4.6254527577e+04,1.0519702058e+04
817,8.8236000000e+06,1.9099089125e+35,-3.8892437613e+35,-1.9793348488e+35,8.2273608707e+41,2.6070119241e+41,3.1314736959e+43,-1.0560002975e+05,-4.6254620565e+04,1.0519530410e+04
818,8.8344000000e+06,1.9098795230e+35,-3.8892130623e+35,-1.9793335393e+35,8.2273611855e+41,2.6070118913e+41,3.1314737986e+43,-1.0559988612e+05,-4.6254713553e+04,1.0519358762e+04
819,8.8452000000e+06,1.9098501794e+35,-3.8891824107e+35,-1.9793322313e+35,8.2273615002e+41,2.6070118586e+41,3.1314739013e+43,-1.0559974249e+05,-4.6254806542e+04,1.0519187114e+04
820,8.8560000000e+06,1.9098208815e+35,-3.8891518064e+35,-1.9793309248e+35,8.2273618147e+41,2.6070118260e+41,3.1314740040e+43,-1.0559959886e+05,-4.6254899530e+04,1.0519015466e+04
821,8.8668000000e+06,1.9097916294e+35,-3.8891212492e+35,-1.9793296197e+35,8.2273621290e+41,2.6070117936e+41,3.1314741067e+43,-1.0559945524e+05,-4.6254992518e+04,1.0518843818e+04
822,8.8776000000e+06,1.9097624229e+35,-3.8890907390e+35,-1.9793283161e+35,8.2273624432e+41,2.6070117613e+41,3.1314742094e+43,-1.0559931161e+05,-4.6255085506e+04,1.0518672170e+04
823,8.8884000000e+06,1.9097332618e+35,-3.8890602757e+35,-1.9793270139e+35,8.2273627572e+41,2.6070117292e+41,3.1314743120e+43,-1.0559916798e+05,-4.6255178495e+04,1.0518500523e+04
824,8.8992000000e+06,1.9097041460e+35,-3.8890298591e+35,-1.9793257131e+35,8.2273630711e+41,2.6070116971e+41,3.1314744147e+43,-1.0559902435e+05,-4.6255271483e+04,1.0518328875e+04
825,8.9100000000e+06,1.9096750755e+35,-3.8889994892e+35,-1.9793244137e+35,8.2273633848e+41,2.6070116652e+41,3.1314745173e+43,-1.0559888072e+05,-4.6255364471e+04,1.0518157227e+04
826,8.9208000000e+06,1.9096460500e+35,-3.8889691656e+35,-1.9793231156e+35,8.2273636984e+41,2.6070116335e+41,3.1314746199e+43,-1.0559873710e+05,-4.6255457460e+04,1.0517985579e+04
827,8.9316000000e+06,1.9096170695e+35,-3.8889388884e+35,-1.9793218190e+35,8.2273640118e+41,2.6070116018e+41,3.1314747224e+43,-1.0559859347e+05,-4.6255550448e+04,1.0517813931e+04
828,8.9424000000e+06,1.9095881338e+35,-3.8889086574e+35,-1.9793205236e+35,8.2273643251e+41,2.6070115703e+41,3.1314748250e+43,-1.0559844984e+05,-4.6255643436e+04,1.0517642283e+04
829,8.9532000000e+06,1.9095592428e+35,-3.8888784724e+35,-1.9793192296e+35,8.2273646382e+41,2.6070115389e+41,3.1314749275e+43,-1.0559830621e+05,-4.6255736425e+04,1.0517470635e+04
830,8.9640000000e+06,1.9095303963e+35,-3.8888483333e+35,-1.9793179369e+35,8.2273649511e+41,2.6070115076e+41,3.1314750300e+43,-1.0559816258e+05,-4.6255829413e+04,1.0517298987e+04
831,8.9748000000e+06,1.9095015943e+35,-3.8888182399e+35,-1.9793166456e+35,8.2273652639e+41,2.6070114765e+41,3.1314751325e+43,-1.0559801896e+05,-4.6255922401e+04,1.0517127339e+04
832,8.9856000000e+06,1.9094728366e+35,-3.8887881921e+35,-1.9793153555e+35,8.2273655766e+41,2.6070114454e+41,3.1314752350e+43,-1.0559787533e+05,-4.6256015389e+04,1.0516955691e+04
833,8.9964000000e+06,1.9094441231e+35,-3.8887581898e+35,-1.9793140667e+35,8.2273658891e+41,2.6070114145e+41,3.1314753375e+43,-1.0559773170e+05,-4.6256108378e+04,1.0516784043e+04
834,9.0072000000e+06,1.9094154536e+35,-3.8887282327e+35,-1.9793127791e+35,8.2273662015e+41,2.6070113837e+41,3.1314754399e+43,-1.0559758807e+05,-4.6256201366e+04,1.0516612395e+04
835,9.0180000000e+06,1.9093868281e+35,-3.8886983209e+35,-1.9793114928e+35,8.2273665137e+41,2.6070113531e+41,3.1314755424e+43,-1.0559744444e+05,-4.6256294354e+04,1.0516440747e+04
836,9.0288000000e+06,1.9093582462e+35,-3.8886684540e+35,-1.9793102077e+35,8.2273668258e+41,2.6070113225e+41,3.1314756448e+43,-1.0559730082e+05,-4.6256387342e+04,1.0516269099e+04
837,9.0396000000e+06,1.9093297081e+35,-3.8886386320e+35,-1.9793089239e+35,8.2273671378e+41,2.6070112921e+41,3.1314757472e+43,-1.0559715719e+05,-4.6256480331e+04,1.0516097451e+04
838,9.0504000000e+06,1.9093012134e+35,-3.8886088547e+35,-1.9793076413e+35,8.2273674496e+41,2.6070112618e+41,3.1314758496e+43,-1.0559701356e+05,-4.6256573319e+04,1.0515925803e+04
839,9.0612000000e+06,1.9092727621e+35,-3.8885791219e+35,-1.9793063599e+35,8.2273677613e+41,2.6070112315e+41,3.1314759519e+43,-1.0559686993e+05,-4.6256666307e+04,1.0515754155e+04
840,9.0720000000e+06,1.9092443540e+35,-3.8885494336e+35,-1.9793050796e+35,8.2273680728e+41,2.6070112014e+41,3.1314760543e+43,-1.0559672630e+05,-4.6256759296e+04,1.0515582508e+04
841,9.0828000000e+06,1.9092159890e+35,-3.8885197896e+35,-1.9793038006e+35,8.2273683842e+41,2.6070111715e+41,3.1314761566e+43,-1.0559658268e+05,-4.6256852284e+04,1.0515410860e+04
842,9.0936000000e+06,1.9091876669e+35,-3.8884901896e+35,-1.9793025227e+35,8.2273686954e+41,2.6070111416e+41,3.1314762589e+43,-1.0559643905e+05,-4.6256945272e+04,1.0515239212e+04
843,9.1044000000e+06,1.9091593877e+35,-3.8884606336e+35,-1.9793012459e+35,8.2273690066e+41,2.6070111118e+41,3.1314763612e+43,-1.0559629542e+05,-4.6257038261e+04,1.0515067564e+04
844,9.1152000000e+06,1.9091311511e+35,-3.8884311215e+35,-1.9792999703e+35,8.2273693176e+41,2.6070110821e+41,3.1314764635e+43,-1.0559615179e+05,-4.6257131249e+04,1.0514895916e+04
845,9.1260000000e+06,1.9091029571e+35,-3.8884016529e+35,-1.9792986958e+35,8.2273696284e+41,2.6070110526e+41,3.1314765658e+43,-1.0559600816e+05,-4.6257224237e+04,1.0514724268e+04
846,9.1368000000e+06,1.9090748055e+35,-3.8883722280e+35,-1.9792974225e+35,8.2273699392e+41,2.6070110231e+41,3.1314766680e+43,-1.0559586454e+05,-4.6257317225e+04,1.0514552620e+04
847,9.1476000000e+06,1.9090466961e+35,-3.8883428463e+35,-1.9792961502e+35,8.2273702498e+41,2.6070109938e+41,3.1314767702e+43,-1.0559572091e+05,-4.6257410214e+04,1.0514380972e+04
848,9.1584000000e+06,1.9090186289e+35,-3.8883135079e+35,-1.9792948790e+35,8.2273705602e+41,2.6070109646e+41,3.1314768725e+43,-1.0559557728e+05,-4.6257503202e+04,1.0514209324e+04
849,9.1692000000e+06,1.9089906036e+35,-3.8882842126e+35,-1.9792936089e+35,8.2273708706e+41,2.6070109354e+41,3.1314769747e+43,-1.0559543365e+05,-4.6257596190e+04,1.0514037676e+04
850,9.1800000000e+06,1.9089626202e+35,-3.8882549602e+35,-1.9792923399e+35,8.2273711808e+41,2.6070109064e+41,3.1314770768e+43,-1.0559529002e+05,-4.6257689179e+04,1.0513866028e+04
851,9.1908000000e+06,1.9089346785e+35,-3.8882257505e+35,-1.9792910720e+35,8.2273714909e+41,2.6070108775e+41,3.1314771790e+43,-1.0559514640e+05,-4.6257782167e+04,1.0513694380e+04
852,9.2016000000e+06,1.9089067784e+35,-3.8881965835e+35,-1.9792898051e+35,8.2273718009e+41,2.6070108486e+41,3.1314772812e+43,-1.0559500277e+05,-4.6257875155e+04,1.0513522732e+04
853,9.2124000000e+06,1.9088789197e+35,-3.8881674589e+35,-1.9792885392e+35,8.2273721107e+41,2.6070108199e+41,3.1314773833e+43,-1.0559485914e+05,-4.6257968143e+04,1.0513351084e+04
854,9.2232000000e+06,1.9088511023e+35,-3.8881383767e+35,-1.9792872744e+35,8.2273724204e+41,2.6070107913e+41,3.1314774855e+43,-1.0559471551e+05,-4.6258061131e+04,1.0513179436e+04
855,9.2340000000e+06,1.9088233260e+35,-3.8881093366e+35,-1.9792860105e+35,8.2273727301e+41,2.6070107628e+41,3.1314775876e+43,-1.0559457188e+05,-4.6258154120e+04,1.0513007788e+04
856,9.2448000000e+06,1.9087955908e+35,-3.8880803385e+35,-1.9792847477e+35,8.2273730395e+41,2.6070107343e+41,3.1314776897e+43,-1.0559442826e+05,-4.6258247108e+04,1.0512836140e+04
857,9.2556000000e+06,1.9087678964e+35,-3.8880513824e+35,-1.9792834859e+35,8.2273733489e+41,2.6070107060e+41,3.1314777917e+43,-1.0559428463e+05,-4.6258340097e+04,1.0512664492e+04
858,9.2664000000e+06,1.9087402428e+35,-3.8880224679e+35,-1.9792822251e+35,8.2273736582e+41,2.6070106777e+41,3.1314778938e+43,-1.0559414100e+05,-4.6258433085e+04,1.0512492845e+04
859,9.2772000000e+06,1.9087126298e+35,-3.8879935950e+35,-1.9792809652e+35,8.2273739673e+41,2.6070106496e+41,3.1314779959e+43,-1.0559399737e+05,-4.6258526073e+04,1.0512321197e+04
860,9.2880000000e+06,1.9086850573e+35,-3.8879647636e+35,-1.9792797063e+35,8.2273742763e+41,2.6070106215e+41,3.1314780979e+43,-1.0559385374e+05,-4.6258619061e+04,1.0512149549e+04
861,9.2988000000e+06,1.9086575251e+35,-3.8879359734e+35,-1.9792784484e+35,8.2273745852e+41,2.6070105936e+41,3.1314781999e+43,-1.0559371012e+05,-4.6258712050e+04,1.0511977901e+04
862,9.3096000000e+06,1.9086300330e+35,-3.8879072244e+35,-1.9792771914e+35,8.2273748940e+41,2.6070105657e+41,3.1314783019e+43,-1.0559356649e+05,-4.6258805038e+04,1.0511806253e+04
863,9.3204000000e+06,1.9086025811e+35,-3.8878785164e+35,-1.9792759354e+35,8.2273752027e+41,2.6070105379e+41,3.1314784039e+43,-1.0559342286e+05,-4.6258898026e+04,1.0511634605e+04
864,9.3312000000e+06,1.9085751690e+35,-3.8878498493e+35,-1.9792746803e+35,8.2273755112e+41,2.6070105102e+41,3.1314785059e+43,-1.0559327923e+05,-4.6258991014e+04,1.0511462957e+04
865,9.3420000000e+06,1.9085477968e+35,-3.8878212228e+35,-1.9792734261e+35,8.2273758197e+41,2.6070104826e+41,3.1314786079e+43,-1.0559313560e+05,-4.6259084003e+04,1.0511291309e+04
866,9.3528000000e+06,1.9085204642e+35,-3.8877926370e+35,-1.9792721728e+35,8.2273761280e+41,2.6070104551e+41,3.1314787099e+43,-1.0559299198e+05,-4.6259176991e+04,1.0511119661e+04
867,9.3636000000e+06,1.9084931711e+35,-3.8877640915e+35,-1.9792709204e+35,8.2273764362e+41,2.6070104276e+41,3.1314788118e+43,-1.0559284835e+05,-4.6259269979e+04,1.0510948013e+04
868,9.3744000000e+06,1.9084659174e+35,-3.8877355863e+35,-1.9792696689e+35,8.2273767443e+41,2.6070104003e+41,3.1314789137e+43,-1.0559270472e+05,-4.6259362968e+04,1.0510776365e+04
869,9.3852000000e+06,1.9084387030e+35,-3.8877071213e+35,-1.9792684183e+35,8.2273770524e+41,2.6070103730e+41,3.1314790156e+43,-1.0559256109e+05,-4.6259455956e+04,1.0510604717e+04
870,9.3960000000e+06,1.9084115276e+35,-3.8876786962e+35,-1.9792671686e+35,8.2273773603e+41,2.6070103459e+41,3.1314791175e+43,-1.0559241746e+05,-4.6259548944e+04,1.0510433069e+04
871,9.4068000000e+06,1.9083843913e+35,-3.8876503110e+35,-1.9792659197e+35,8.2273776681e+41,2.6070103188e+41,3.1314792194e+43,-1.0559227384e+05,-4.6259641932e+04,1.0510261421e+04
872,9.4176000000e+06,1.9083572938e+35,-3.8876219655e+35,-1.9792646717e+35,8.2273779758e+41,2.6070102918e+41,3.1314793213e+43,-1.0559213021e+05,-4.6259734921e+04,1.0510089773e+04
873,9.4284000000e+06,1.9083302351e+35,-3.8875936596e+35,-1.9792634245e+35,8.2273782833e+41,2.6070102648e+41,3.1314794232e+43,-1.0559198658e+05,-4.6259827909e+04,1.0509918125e+04
874,9.4392000000e+06,1.9083032150e+35,-3.8875653932e+35,-1.9792621782e+35,8.2273785908e+41,2.6070102380e+41,3.1314795250e+43,-1.0559184295e+05,-4.6259920897e+04,1.0509746477e+04
875,9.4500000000e+06,1.9082762333e+35,-3.8875371660e+35,-1.9792609327e+35,8.2273788982e+41,2.6070102112e+41,3.1314796269e+43,-1.0559169932e+05,-4.6260013885e+04,1.0509574830e+04
876,9.4608000000e+06,1.9082492900e+35,-3.8875089780e+35,-1.9792596881e+35,8.2273792055e+41,2.6070101845e+41,3.1314797287e+43,-1.0559155570e+05,-4.6260106874e+04,1.0509403182e+04
877,9.4716000000e+06,1.9082223848e+35,-3.8874808291e+35,-1.9792584442e+35,8.2273795127e+41,2.6070101579e+41,3.1314798305e+43,-1.0559141207e+05,-4.6260199862e+04,1.0509231534e+04
878,9.4824000000e+06,1.9081955178e+35,-3.8874527190e+35,-1.9792572012e+35,8.2273798198e+41,2.6070101314e+41,3.1314799323e+43,-1.0559126844e+05,-4.6260292851e+04,1.0509059886e+04
879,9.4932000000e+06,1.9081686887e+35,-3.8874246477e+35,-1.9792559590e+35,8.2273801268e+41,2.6070101050e+41,3.1314800341e+43,-1.0559112481e+05,-4.6260385839e+04,1.0508888238e+04
880,9.5040000000e+06,1.9081418975e+35,-3.8873966150e+35,-1.9792547175e+35,8.2273804336e+41,2.6070100786e+41,3.1314801358e+43,-1.0559098118e+05,-4.6260478827e+04,1.0508716590e+04
881,9.5148000000e+06,1.9081151439e+35,-3.8873686208e+35,-1.9792534769e+35,8.2273807404e+41,2.6070100523e+41,3.1314802376e+43,-1.0559083756e+05,-4.6260571815e+04,1.0508544942e+04
882,9.5256000000e+06,1.9080884280e+35,-3.8873406649e+35,-1.9792522370e+35,8.2273810471e+41,2.6070100261e+41,3.1314803394e+43,-1.0559069393e+05,-4.6260664804e+04,1.0508373294e+04
883,9.5364000000e+06,1.9080617494e+35,-3.8873127473e+35,-1.9792509979e+35,8.2273813537e+41,2.6070099999e+41,3.1314804411e+43,-1.0559055030e+05,-4.6260757792e+04,1.0508201646e+04
884,9.5472000000e+06,1.9080351083e+35,-3.8872848678e+35,-1.9792497595e+35,8.2273816602e+41,2.6070099738e+41,3.1314805428e+43,-1.0559040667e+05,-4.6260850780e+04,1.0508029998e+04
885,9.5580000000e+06,1.9080085043e+35,-3.8872570262e+35,-1.9792485219e+35,8.2273819666e+41,2.6070099478e+41,3.1314806445e+43,-1.0559026304e+05,-4.6260943769e+04,1.0507858350e+04
886,9.5688000000e+06,1.9079819375e+35,-3.8872292225e+35,-1.9792472850e+35,8.2273822729e+41,2.6070099219e+41,3.1314807462e+43,-1.0559011942e+05,-4.6261036757e+04,1.0507686702e+04
887,9.5796000000e+06,1.9079554076e+35,-3.8872014565e+35,-1.9792460489e+35,8.2273825792e+41,2.6070098960e+41,3.1314808479e+43,-1.0558997579e+05,-4.6261129745e+04,1.0507515054e+04
888,9.5904000000e+06,1.9079289146e+35,-3.8871737281e+35,-1.9792448136e+35,8.2273828853e+41,2.6070098703e+41,3.1314809496e+43,-1.0558983216e+05,-4.6261222733e+04,1.0507343406e+04
889,9.6012000000e+06,1.9079024583e+35,-3.8871460372e+35,-1.9792435789e+35,8.2273831913e+41,2.6070098445e+41,3.1314810513e+43,-1.0558968853e+05,-4.6261315722e+04,1.0507171758e+04
890,9.6120000000e+06,1.9078760386e+35,-3.8871183835e+35,-1.9792423450e+35,8.2273834973e+41,2.6070098189e+41,3.1314811529e+43,-1.0558954490e+05,-4.6261408710e+04,1.0507000110e+04
891,9.6228000000e+06,1.9078496554e+35,-3.8870907671e+35,-1.9792411117e+35,8.2273838032e+41,2.6070097933e+41,3.1314812546e+43,-1.0558940128e+05,-4.6261501698e+04,1.0506828462e+04
892,9.6336000000e+06,1.9078233086e+35,-3.8870631878e+35,-1.9792398792e+35,8.2273841089e+41,2.6070097678e+41,3.1314813562e+43,-1.0558925765e+05,-4.6261594686e+04,1.0506656814e+04
893,9.6444000000e+06,1.9077969981e+35,-3.8870356455e+35,-1.9792386474e+35,8.2273844146e+41,2.6070097423e+41,3.1314814578e+43,-1.0558911402e+05,-4.6261687675e+04,1.0506485167e+04
894,9.6552000000e+06,1.9077707237e+35,-3.8870081399e+35,-1.9792374162e+35,8.2273847202e+41,2.6070097170e+41,3.1314815594e+43,-1.0558897039e+05,-4.6261780663e+04,1.0506313519e+04
895,9.6660000000e+06,1.9077444854e+35,-3.8869806712e+35,-1.9792361858e+35,8.2273850257e+41,2.6070096916e+41,3.1314816610e+43,-1.0558882676e+05,-4.6261873651e+04,1.0506141871e+04
896,9.6768000000e+06,1.9077182830e+35,-3.8869532390e+35,-1.9792349560e+35,8.2273853312e+41,2.6070096664e+41,3.1314817626e+43,-1.0558868314e+05,-4.6261966640e+04,1.0505970223e+04
897,9.6876000000e+06,1.9076921164e+35,-3.8869258433e+35,-1.9792337269e+35,8.2273856365e+41,2.6070096412e+41,3.1314818642e+43,-1.0558853951e+05,-4.6262059628e+04,1.0505798575e+04
898,9.6984000000e+06,1.9076659855e+35,-3.8868984839e+35,-1.9792324985e+35,8.2273859418e+41,2.6070096161e+41,3.1314819657e+43,-1.0558839588e+05,-4.6262152616e+04,1.0505626927e+04
899,9.7092000000e+06,1.9076398902e+35,-3.8868711609e+35,-1.9792312707e+35,8.2273862469e+41,2.6070095910e+41,3.1314820673e+43,-1.0558825225e+05,-4.6262245604e+04,1.0505455279e+04
900,9.7200000000e+06,1.9076138304e+35,-3.8868438739e+35,-1.9792300435e+35,8.2273865520e+41,2.6070095660e+41,3.1314821688e+43,-1.0558810862e+05,-4.6262338593e+04,1.0505283631e+04
901,9.7308000000e+06,1.9075878060e+35,-3.8868166230e+35,-1.9792288171e+35,8.2273868570e+41,2.6070095411e+41,3.1314822704e+43,-1.0558796500e+05,-4.6262431581e+04,1.0505111983e+04
902,9.7416000000e+06,1.9075618168e+35,-3.8867894080e+35,-1.9792275912e+35,8.2273871620e+41,2.6070095162e+41,3.1314823719e+43,-1.0558782137e+05,-4.6262524569e+04,1.0504940335e+04
903,9.7524000000e+06,1.9075358629e+35,-3.8867622288e+35,-1.9792263660e+35,8.2273874668e+41,2.6070094914e+41,3.1314824734e+43,-1.0558767774e+05,-4.6262617558e+04,1.0504768687e+04
904,9.7632000000e+06,1.9075099439e+35,-3.8867350853e+35,-1.9792251414e+35,8.2273877716e+41,2.6070094667e+41,3.1314825749e+43,-1.0558753411e+05,-4.6262710546e+04,1.0504597039e+04
905,9.7740000000e+06,1.9074840600e+35,-3.8867079774e+35,-1.9792239174e+35,8.2273880763e+41,2.6070094420e+41,3.1314826764e+43,-1.0558739048e+05,-4.6262803534e+04,1.0504425391e+04
906,9.7848000000e+06,1.9074582109e+35,-3.8866809049e+35,-1.9792226940e+35,8.2273883809e+41,2.6070094173e+41,3.1314827778e+43,-1.0558724686e+05,-4.6262896522e+04,1.0504253743e+04
907,9.7956000000e+06,1.9074323965e+35,-3.8866538678e+35,-1.9792214713e+35,8.2273886854e+41,2.6070093927e+41,3.1314828793e+43,-1.0558710323e+05,-4.6262989511e+04,1.0504082095e+04
908,9.8064000000e+06,1.9074066168e+35,-3.8866268660e+35,-1.9792202491e+35,8.2273889899e+41,2.6070093682e+41,3.1314829808e+43,-1.0558695960e+05,-4.6263082499e+04,1.0503910447e+04
909,9.8172000000e+06,1.9073808717e+35,-3.8865998993e+35,-1.9792190276e+35,8.2273892943e+41,2.6070093437e+41,3.1314830822e+43,-1.0558681597e+05,-4.6263175487e+04,1.0503738799e+04
910,9.8280000000e+06,1.9073551610e+35,-3.8865729676e+35,-1.9792178066e+35,8.2273895986e+41,2.6070093193e+41,3.1314831837e+43,-1.0558667234e+05,-4.6263268475e+04,1.0503567152e+04
911,9.8388000000e+06,1.9073294847e+35,-3.8865460709e+35,-1.9792165862e+35,8.2273899028e+41,2.6070092950e+41,3.1314832851e+43,-1.0558652872e+05,-4.6263361464e+04,1.0503395504e+04
912,9.8496000000e+06,1.9073038426e+35,-3.8865192090e+35,-1.9792153664e+35,8.2273902070e+41,2.6070092707e+41,3.1314833865e+43,-1.0558638509e+05,-4.6263454452e+04,1.0503223856e+04
913,9.8604000000e+06,1.9072782347e+35,-3.8864923819e+35,-1.9792141472e+35,8.2273905111e+41,2.6070092464e+41,3.1314834879e+43,-1.0558624146e+05,-4.6263547440e+04,1.0503052208e+04
914,9.8712000000e+06,1.9072526609e+35,-3.8864655894e+35,-1.9792129285e+35,8.2273908151e+41,2.6070092222e+41,3.1314835893e+43,-1.0558609783e+05,-4.6263640429e+04,1.0502880560e+04
915,9.8820000000e+06,1.9072271210e+35,-3.8864388314e+35,-1.9792117104e+35,8.2273911190e+41,2.6070091981e+41,3.1314836907e+43,-1.0558595420e+05,-4.6263733417e+04,1.0502708912e+04
916,9.8928000000e+06,1.9072016150e+35,-3.8864121079e+35,-1.9792104929e+35,8.2273914229e+41,2.6070091740e+41,3.1314837921e+43,-1.0558581058e+05,-4.6263826405e+04,1.0502537264e+04
917,9.9036000000e+06,1.9071761428e+35,-3.8863854187e+35,-1.9792092759e+35,8.2273917267e+41,2.6070091500e+41,3.1314838934e+43,-1.0558566695e+05,-4.6263919394e+04,1.0502365616e+04
918,9.9144000000e+06,1.9071507043e+35,-3.8863587637e+35,-1.9792080594e+35,8.2273920304e+41,2.6070091260e+41,3.1314839948e+43,-1.0558552332e+05,-4.6264012382e+04,1.0502193968e+04
919,9.9252000000e+06,1.9071252994e+35,-3.8863321429e+35,-1.9792068435e+35,8.2273923341e+41,2.6070091020e+41,3.1314840961e+43,-1.0558537969e+05,-4.6264105370e+04,1.0502022320e+04
920,9.9360000000e+06,1.9070999281e+35,-3.8863055562e+35,-1.9792056281e+35,8.2273926377e+41,2.6070090782e+41,3.1314841975e+43,-1.0558523606e+05,-4.6264198358e+04,1.0501850672e+04
921,9.9468000000e+06,1.9070745901e+35,-3.8862790034e+35,-1.9792044132e+35,8.2273929412e+41,2.6070090543e+41,3.1314842988e+43,-1.0558509244e+05,-4.6264291347e+04,1.0501679024e+04
922,9.9576000000e+06,1.9070492856e+35,-3.8862524845e+35,-1.9792031989e+35,8.2273932447e+41,2.6070090305e+41,3.1314844001e+43,-1.0558494881e+05,-4.6264384335e+04,1.0501507376e+04
923,9.9684000000e+06,1.9070240142e+35,-3.8862259993e+35,-1.9792019851e+35,8.2273935481e+41,2.6070090068e+41,3.1314845014e+43,-1.0558480518e+05,-4.6264477323e+04,1.0501335728e+04
924,9.9792000000e+06,1.9069987761e+35,-3.8861995479e+35,-1.9792007718e+35,8.2273938514e+41,2.6070089831e+41,3.1314846027e+43,-1.0558466155e+05,-4.6264570311e+04,1.0501164080e+04
925,9.9900000000e+06,1.9069735710e+35,-3.8861731301e+35,-1.9791995590e+35,8.2273941547e+41,2.6070089594e+41,3.1314847040e+43,-1.0558451792e+05,-4.6264663300e+04,1.0500992432e+04
926,1.0000800000e+07,1.9069483990e+35,-3.8861467457e+35,-1.9791983467e+35,8.2273944579e+41,2.6070089358e+41,3.1314848053e+43,-1.0558437430e+05,-4.6264756288e+04,1.0500820784e+04
927,1.0011600000e+07,1.9069232599e+35,-3.8861203948e+35,-1.9791971349e+35,8.2273947610e+41,2.6070089123e+41,3.1314849066e+43,-1.0558423067e+05,-4.6264849276e+04,1.0500649136e+04
928,1.0022400000e+07,1.9068981537e+35,-3.8860940773e+35,-1.9791959236e+35,8.2273950641e+41,2.6070088888e+41,3.1314850079e+43,-1.0558408704e+05,-4.6264942264e+04,1.0500477489e+04
929,1.0033200000e+07,1.9068730802e+35,-3.8860677930e+35,-1.9791947128e+35,8.2273953671e+41,2.6070088653e+41,3.1314851091e+43,-1.0558394341e+05,-4.6265035253e+04,1.0500305841e+04
930,1.0044000000e+07,1.9068480394e+35,-3.8860415419e+35,-1.9791935025e+35,8.2273956700e+41,2.6070088419e+41,3.1314852104e+43,-1.0558379978e+05,-4.6265128241e+04,1.0500134193e+04
931,1.0054800000e+07,1.9068230312e+35,-3.8860153239e+35,-1.9791922927e+35,8.2273959729e+41,2.6070088185e+41,3.1314853116e+43,-1.0558365616e+05,-4.6265221230e+04,1.0499962545e+04
932,1.0065600000e+07,1.9067980556e+35,-3.8859891389e+35,-1.9791910833e+35,8.2273962757e+41,2.6070087952e+41,3.1314854128e+43,-1.0558351253e+05,-4.6265314218e+04,1.0499790897e+04
933,1.0076400000e+07,1.9067731124e+35,-3.8859629868e+35,-1.9791898744e+35,8.2273965785e+41,2.6070087719e+41,3.1314855140e+43,-1.0558336890e+05,-4.6265407206e+04,1.0499619249e+04
934,1.0087200000e+07,1.9067482016e+35,-3.8859368676e+35,-1.9791886659e+35,8.2273968812e+41,2.6070087486e+41,3.1314856153e+43,-1.0558322527e+05,-4.6265500194e+04,1.0499447601e+04
935,1.0098000000e+07,1.9067233232e+35,-3.8859107811e+35,-1.9791874580e+35,8.2273971838e+41,2.6070087254e+41,3.1314857165e+43,-1.0558308164e+05,-4.6265593183e+04,1.0499275953e+04
936,1.0108800000e+07,1.9066984770e+35,-3.8858847274e+35,-1.9791862504e+35,8.2273974864e+41,2.6070087022e+41,3.1314858177e+43,-1.0558293802e+05,-4.6265686171e+04,1.0499104305e+04
937,1.0119600000e+07,1.9066736629e+35,-3.8858587063e+35,-1.9791850433e+35,8.2273977889e+41,2.6070086791e+41,3.1314859189e+43,-1.0558279439e+05,-4.6265779159e+04,1.0498932657e+04
938,1.0130400000e+07,1.9066488810e+35,-3.8858327177e+35,-1.9791838367e+35,8.2273980914e+41,2.6070086560e+41,3.1314860200e+43,-1.0558265076e+05,-4.6265872148e+04,1.0498761009e+04
939,1.0141200000e+07,1.9066241311e+35,-3.8858067617e+35,-1.9791826305e+35,8.2273983938e+41,2.6070086329e+41,3.1314861212e+43,-1.0558250713e+05,-4.6265965136e+04,1.0498589361e+04
940,1.0152000000e+07,1.9065994132e+35,-3.8857808380e+35,-1.9791814248e+35,8.2273986961e+41,2.6070086099e+41,3.1314862224e+43,-1.0558236350e+05,-4.6266058124e+04,1.0498417713e+04
941,1.0162800000e+07,1.9065747272e+35,-3.8857549467e+35,-1.9791802194e+35,8.2273989984e+41,2.6070085869e+41,3.1314863235e+43,-1.0558221988e+05,-4.6266151113e+04,1.0498246065e+04
942,1.0173600000e+07,1.9065500731e+35,-3.8857290876e+35,-1.9791790145e+35,8.2273993007e+41,2.6070085640e+41,3.1314864247e+43,-1.0558207625e+05,-4.6266244101e+04,1.0498074417e+04
943,1.0184400000e+07,1.9065254507e+35,-3.8857032607e+35,-1.9791778100e+35,8.2273996029e+41,2.6070085411e+41,3.1314865258e+43,-1.0558193262e+05,-4.6266337089e+04,1.0497902769e+04
944,1.0195200000e+07,1.9065008600e+35,-3.8856774660e+35,-1.9791766060e+35,8.2273999050e+41,2.6070085182e+41,3.1314866269e+43,-1.0558178899e+05,-4.6266430077e+04,1.0497731121e+04
945,1.0206000000e+07,1.9064763010e+35,-3.8856517034e+35,-1.9791754023e+35,8.2274002071e+41,2.6070084954e+41,3.1314867281e+43,-1.0558164536e+05,-4.6266523066e+04,1.0497559474e+04
946,1.0216800000e+07,1.9064517736e+35,-3.8856259727e+35,-1.9791741991e+35,8.2274005091e+41,2.6070084726e+41,3.1314868292e+43,-1.0558150174e+05,-4.6266616054e+04,1.0497387826e+04
947,1.0227600000e+07,1.9064272777e+35,-3.8856002740e+35,-1.9791729963e+35,8.2274008111e+41,2.6070084498e+41,3.1314869303e+43,-1.0558135811e+05,-4.6266709042e+04,1.0497216178e+04
948,1.0238400000e+07,1.9064028133e+35,-3.8855746071e+35,-1.9791717938e+35,8.2274011130e+41,2.6070084271e+41,3.1314870314e+43,-1.0558121448e+05,-4.6266802031e+04,1.0497044530e+04
949,1.0249200000e+07,1.9063783803e+35,-3.8855489721e+35,-1.9791705918e+35,8.2274014149e+41,2.6070084044e+41,3.1314871325e+43,-1.0558107085e+05,-4.6266895019e+04,1.0496872882e+04
950,1.0260000000e+07,1.9063539787e+35,-3.8855233688e+35,-1.9791693901e+35,8.2274017167e+41,2.6070083818e+41,3.1314872336e+43,-1.0558092722e+05,-4.6266988007e+04,1.0496701234e+04
951,1.0270800000e+07,1.9063296083e+35,-3.8854977972e+35,-1.9791681889e+35,8.2274020185e+41,2.6070083591e+41,3.1314873346e+43,-1.0558078360e+05,-4.6267080995e+04,1.0496529586e+04
952,1.0281600000e+07,1.9063052692e+35,-3.8854722572e+35,-1.9791669880e+35,8.2274023202e+41,2.6070083365e+41,3.1314874357e+43,-1.0558063997e+05,-4.6267173984e+04,1.0496357938e+04
953,1.0292400000e+07,1.9062809614e+35,-3.8854467489e+35,-1.9791657875e+35,8.2274026218e+41,2.6070083140e+41,3.1314875368e+43,-1.0558049634e+05,-4.6267266972e+04,1.0496186290e+04
954,1.0303200000e+07,1.9062566846e+35,-3.8854212720e+35,-1.9791645874e+35,8.2274029235e+41,2.6070082914e+41,3.1314876378e+43,-1.0558035271e+05,-4.6267359960e+04,1.0496014642e+04
955,1.0314000000e+07,1.9062324390e+35,-3.8853958266e+35,-1.9791633876e+35,8.2274032250e+41,2.6070082689e+41,3.1314877389e+43,-1.0558020908e+05,-4.6267452948e+04,1.0495842994e+04
956,1.0324800000e+07,1.9062082244e+35,-3.8853704126e+35,-1.9791621882e+35,8.2274035266e+41,2.6070082465e+41,3.1314878399e+43,-1.0558006546e+05,-4.6267545937e+04,1.0495671346e+04
957,1.0335600000e+07,1.9061840408e+35,-3.8853450300e+35,-1.9791609892e+35,8.2274038281e+41,2.6070082240e+41,3.1314879409e+43,-1.0557992183e+05,-4.6267638925e+04,1.0495499698e+04
958,1.0346400000e+07,1.9061598881e+35,-3.8853196787e+35,-1.9791597906e+35,8.2274041295e+41,2.6070082016e+41,3.1314880420e+43,-1.0557977820e+05,-4.6267731913e+04,1.0495328050e+04
959,1.0357200000e+07,1.9061357663e+35,-3.8852943586e+35,-1.9791585923e+35,8.2274044309e+41,2.6070081792e+41,3.1314881430e+43,-1.0557963457e+05,-4.6267824902e+04,1.0495156402e+04
960,1.0368000000e+07,1.9061116754e+35,-3.8852690697e+35,-1.9791573943e+35,8.2274047322e+41,2.6070081569e+41,3.1314882440e+43,-1.0557949094e+05,-4.6267917890e+04,1.0494984754e+04
961,1.0378800000e+07,1.9060876153e+35,-3.8852438120e+35,-1.9791561967e+35,8.2274050335e+41,2.6070081345e+41,3.1314883450e+43,-1.0557934732e+05,-4.6268010878e+04,1.0494813106e+04
962,1.0389600000e+07,1.9060635860e+35,-3.8852185854e+35,-1.9791549994e+35,8.2274053348e+41,2.6070081122e+41,3.1314884460e+43,-1.0557920369e+05,-4.6268103866e+04,1.0494641458e+04
963,1.0400400000e+07,1.9060395874e+35,-3.8851933899e+35,-1.9791538025e+35,8.2274056360e+41,2.6070080900e+41,3.1314885470e+43,-1.0557906006e+05,-4.6268196855e+04,1.0494469811e+04
964,1.0411200000e+07,1.9060156195e+35,-3.8851682254e+35,-1.9791526059e+35,8.2274059371e+41,2.6070080677e+41,3.1314886479e+43,-1.0557891643e+05,-4.6268289843e+04,1.0494298163e+04
965,1.0422000000e+07,1.9059916822e+35,-3.8851430918e+35,-1.9791514096e+35,8.2274062383e+41,2.6070080455e+41,3.1314887489e+43,-1.0557877280e+05,-4.6268382831e+04,1.0494126515e+04
966,1.0432800000e+07,1.9059677756e+35,-3.8851179892e+35,-1.9791502137e+35,8.2274065394e+41,2.6070080233e+41,3.1314888499e+43,-1.0557862918e+05,-4.6268475819e+04,1.0493954867e+04
967,1.0443600000e+07,1.9059438995e+35,-3.8850929175e+35,-1.9791490181e+35,8.2274068404e+41,2.6070080011e+41,3.1314889509e+43,-1.0557848555e+05,-4.6268568808e+04,1.0493783219e+04
968,1.0454400000e+07,1.9059200539e+35,-3.8850678766e+35,-1.9791478228e+35,8.2274071414e+41,2.6070079790e+41,3.1314890518e+43,-1.0557834192e+05,-4.6268661796e+04,1.0493611571e+04
969,1.0465200000e+07,1.9058962388e+35,-3.8850428666e+35,-1.9791466278e+35,8.2274074424e+41,2.6070079569e+41,3.1314891528e+43,-1.0557819829e+05,-4.6268754784e+04,1.0493439923e+04
970,1.0476000000e+07,1.9058724542e+35,-3.8850178873e+35,-1.9791454331e+35,8.2274077433e+41,2.6070079348e+41,3.1314892537e+43,-1.0557805466e+05,-4.6268847772e+04,1.0493268275e+04
971,1.0486800000e+07,1.9058487000e+35,-3.8849929387e+35,-1.9791442387e+35,8.2274080442e+41,2.6070079127e+41,3.1314893546e+43,-1.0557791104e+05,-4.6268940761e+04,1.0493096627e+04
972,1.0497600000e+07,1.9058249762e+35,-3.8849680208e+35,-1.9791430447e+35,8.2274083450e+41,2.6070078906e+41,3.1314894556e+43,-1.0557776741e+05,-4.6269033749e+04,1.0492924979e+04
973,1.0508400000e+07,1.9058012827e+35,-3.8849431336e+35,-1.9791418509e+35,8.2274086458e+41,2.6070078686e+41,3.1314895565e+43,-1.0557762378e+05,-4.6269126737e+04,1.0492753331e+04
974,1.0519200000e+07,1.9057776196e+35,-3.8849182770e+35,-1.9791406574e+35,8.2274089466e+41,2.6070078466e+41,3.1314896574e+43,-1.0557748015e+05,-4.6269219726e+04,1.0492581683e+04
975,1.0530000000e+07,1.9057539868e+35,-3.8848934510e+35,-1.9791394643e+35,8.2274092473e+41,2.6070078246e+41,3.1314897583e+43,-1.0557733652e+05,-4.6269312714e+04,1.0492410035e+04
976,1.0540800000e+07,1.9057303842e+35,-3.8848686556e+35,-1.9791382714e+35,8.2274095480e+41,2.6070078026e+41,3.1314898592e+43,-1.0557719290e+05,-4.6269405702e+04,1.0492238387e+04
977,1.0551600000e+07,1.9057068119e+35,-3.8848438907e+35,-1.9791370788e+35,8.2274098486e+41,2.6070077807e+41,3.1314899601e+43,-1.0557704927e+05,-4.6269498690e+04,1.0492066739e+04
978,1.0562400000e+07,1.9056832698e+35,-3.8848191563e+35,-1.9791358865e+35,8.2274101492e+41,2.6070077587e+41,3.1314900610e+43,-1.0557690564e+05,-4.6269591679e+04,1.0491895091e+04
979,1.0573200000e+07,1.9056597579e+35,-3.8847944524e+35,-1.9791346944e+35,8.2274104498e+41,2.6070077368e+41,3.1314901619e+43,-1.0557676201e+05,-4.6269684667e+04,1.0491723443e+04
980,1.0584000000e+07,1.9056362762e+35,-3.8847697789e+35,-1.9791335026e+35,8.2274107504e+41,2.6070077149e+41,3.1314902628e+43,-1.0557661838e+05,-4.6269777655e+04,1.0491551796e+04
981,1.0594800000e+07,1.9056128246e+35,-3.8847451358e+35,-1.9791323111e+35,8.2274110509e+41,2.6070076931e+41,3.1314903636e+43,-1.0557647476e+05,-4.6269870644e+04,1.0491380148e+04
982,1.0605600000e+07,1.9055894032e+35,-3.8847205231e+35,-1.9791311199e+35,8.2274113514e+41,2.6070076712e+41,3.1314904645e+43,-1.0557633113e+05,-4.6269963632e+04,1.0491208500e+04
983,1.0616400000e+07,1.9055660118e+35,-3.8846959408e+35,-1.9791299289e+35,8.2274116518e+41,2.6070076494e+41,3.1314905654e+43,-1.0557618750e+05,-4.6270056620e+04,1.0491036852e+04
984,1.0627200000e+07,1.9055426505e+35,-3.8846713888e+35,-1.9791287382e+35,8.2274119522e+41,2.6070076275e+41,3.1314906662e+43,-1.0557604387e+05,-4.6270149608e+04,1.0490865204e+04
985,1.0638000000e+07,1.9055193193e+35,-3.8846468671e+35,-1.9791275478e+35,8.2274122526e+41,2.6070076057e+41,3.1314907671e+43,-1.0557590024e+05,-4.6270242597e+04,1.0490693556e+04
986,1.0648800000e+07,1.9054960181e+35,-3.8846223757e+35,-1.9791263576e+35,8.2274125529e+41,2.6070075839e+41,3.1314908679e+43,-1.0557575662e+05,-4.6270335585e+04,1.0490521908e+04
987,1.0659600000e+07,1.9054727470e+35,-3.8845979146e+35,-1.9791251676e+35,8.2274128533e+41,2.6070075622e+41,3.1314909688e+43,-1.0557561299e+05,-4.6270428573e+04,1.0490350260e+04
988,1.0670400000e+07,1.9054495059e+35,-3.8845734838e+35,-1.9791239779e+35,8.2274131535e+41,2.6070075404e+41,3.1314910696e+43,-1.0557546936e+05,-4.6270521561e+04,1.0490178612e+04
989,1.0681200000e+07,1.9054262947e+35,-3.8845490832e+35,-1.9791227884e+35,8.2274134538e+41,2.6070075187e+41,3.1314911704e+43,-1.0557532573e+05,-4.6270614550e+04,1.0490006964e+04
990,1.0692000000e+07,1.9054031136e+35,-3.8845247128e+35,-1.9791215992e+35,8.2274137540e+41,2.6070074969e+41,3.1314912712e+43,-1.0557518210e+05,-4.6270707538e+04,1.0489835316e+04
991,1.0702800000e+07,1.9053799624e+35,-3.8845003726e+35,-1.9791204102e+35,8.2274140542e+41,2.6070074752e+41,3.1314913720e+43,-1.0557503848e+05,-4.6270800526e+04,1.0489663668e+04
992,1.0713600000e+07,1.9053568411e+35,-3.8844760626e+35,-1.9791192214e+35,8.2274143544e+41,2.6070074535e+41,3.1314914729e+43,-1.0557489485e+05,-4.6270893515e+04,1.0489492020e+04
993,1.0724400000e+07,1.9053337499e+35,-3.8844517828e+35,-1.9791180329e+35,8.2274146545e+41,2.6070074318e+41,3.1314915737e+43,-1.0557475122e+05,-4.6270986503e+04,1.0489320372e+04
994,1.0735200000e+07,1.9053106885e+35,-3.8844275331e+35,-1.9791168446e+35,8.2274149546e+41,2.6070074101e+41,3.1314916745e+43,-1.0557460759e+05,-4.6271079491e+04,1.0489148724e+04
995,1.0746000000e+07,1.9052876571e+35,-3.8844033136e+35,-1.9791156565e+35,8.2274152547e+41,2.6070073885e+41,3.1314917752e+43,-1.0557446396e+05,-4.6271172480e+04,1.0488977076e+04
996,1.0756800000e+07,1.9052646556e+35,-3.8843791242e+35,-1.9791144686e+35,8.2274155548e+41,2.6070073668e+41,3.1314918760e+43,-1.0557432034e+05,-4.6271265468e+04,1.0488805428e+04
997,1.0767600000e+07,1.9052416840e+35,-3.8843549650e+35,-1.9791132809e+35,8.2274158548e+41,2.6070073452e+41,3.1314919768e+43,-1.0557417671e+05,-4.6271358456e+04,1.0488633780e+04
998,1.0778400000e+07,1.9052187424e+35,-3.8843308358e+35,-1.9791120935e+35,8.2274161548e+41,2.6070073235e+41,3.1314920776e+43,-1.0557403308e+05,-4.6271451444e+04,1.0488462133e+04
999,1.0789200000e+07,1.9051958306e+35,-3.8843067368e+35,-1.9791109062e+35,8.2274164548e+41,2.6070073019e+41,3.1314921784e+43,-1.0557388945e+05,-4.6271544433e+04,1.0488290485e+04
1000,1.0800000000e+07,1.9051729487e+35,-3.8842826679e+35,-1.9791097192e+35,8.2274167547e+41,2.6070072803e+41,3.1314922791e+43,-1.0557374582e+05,-4.6271637421e+04,1.0488118837e+04
1001,1.0810800000e+07,1.9051500968e+35,-3.8842586291e+35,-1.9791085323e+35,8.2274170547e+41,2.6070072587e+41,3.1314923799e+43,-1.0557360220e+05,-4.6271730409e+04,1.0487947189e+04
1002,1.0821600000e+07,1.9051272747e+35,-3.8842346203e+35,-1.9791073456e+35,8.2274173546e+41,2.6070072371e+41,3.1314924807e+43,-1.0557345857e+05,-4.6271823397e+04,1.0487775541e+04
1003,1.0832400000e+07,1.9051044825e+35,-3.8842106417e+35,-1.9791061592e+35,8.2274176544e+41,2.6070072155e+41,3.1314925814e+43,-1.0557331494e+05,-4.6271916386e+04,1.0487603893e+04
1004,1.0843200000e+07,1.9050817202e+35,-3.8841866931e+35,-1.9791049729e+35,8.2274179543e+41,2.6070071939e+41,3.1314926822e+43,-1.0557317131e+05,-4.6272009374e+04,1.0487432245e+04
1005,1.0854000000e+07,1.9050589879e+35,-3.8841627747e+35,-1.9791037868e+35,8.2274182541e+41,2.6070071724e+41,3.1314927829e+43,-1.0557302768e+05,-4.6272102362e+04,1.0487260597e+04
1006,1.0864800000e+07,1.9050362854e+35,-3.8841388863e+35,-1.9791026009e+35,8.2274185539e+41,2.6070071508e+41,3.1314928836e+43,-1.0557288406e+05,-4.6272195351e+04,1.0487088949e+04
1007,1.0875600000e+07,1.9050136128e+35,-3.8841150280e+35,-1.9791014152e+35,8.2274188537e+41,2.6070071292e+41,3.1314929844e+43,-1.0557274043e+05,-4.6272288339e+04,1.0486917301e+04
1008,1.0886400000e+07,1.9049909702e+35,-3.8840911998e+35,-1.9791002296e+35,8.2274191535e+41,2.6070071077e+41,3.1314930851e+43,-1.0557259680e+05,-4.6272381327e+04,1.0486745653e+04
1009,1.0897200000e+07,1.9049683574e+35,-3.8840674016e+35,-1.9790990442e+35,8.2274194532e+41,2.6070070861e+41,3.1314931858e+43,-1.0557245317e+05,-4.6272474316e+04,1.0486574005e+04
1010,1.0908000000e+07,1.9049457746e+35,-3.8840436336e+35,-1.9790978590e+35,8.2274197530e+41,2.6070070646e+41,3.1314932865e+43,-1.0557230954e+05,-4.6272567304e+04,1.0486402357e+04
1011,1.0918800000e+07,1.9049232217e+35,-3.8840198956e+35,-1.9790966739e+35,8.2274200527e+41,2.6070070430e+41,3.1314933873e+43,-1.0557216591e+05,-4.6272660292e+04,1.0486230709e+04
1012,1.0929600000e+07,1.9049006988e+35,-3.8839961878e+35,-1.9790954890e+35,8.2274203524e+41,2.6070070215e+41,3.1314934880e+43,-1.0557202229e+05,-4.6272753281e+04,1.0486059061e+04
1013,1.0940400000e+07,1.9048782058e+35,-3.8839725101e+35,-1.9790943043e+35,8.2274206520e+41,2.6070070000e+41,3.1314935887e+43,-1.0557187866e+05,-4.6272846269e+04,1.0485887413e+04
1014,1.0951200000e+07,1.9048557427e+35,-3.8839488624e+35,-1.9790931197e+35,8.2274209517e+41,2.6070069785e+41,3.1314936894e+43,-1.0557173503e+05,-4.6272939257e+04,1.0485715765e+04
1015,1.0962000000e+07,1.9048333097e+35,-3.8839252449e+35,-1.9790919353e+35,8.2274212513e+41,2.6070069569e+41,3.1314937901e+43,-1.0557159140e+05,-4.6273032245e+04,1.0485544118e+04
1016,1.0972800000e+07,1.9048109066e+35,-3.8839016575e+35,-1.9790907510e+35,8.2274215509e+41,2.6070069354e+41,3.1314938908e+43,-1.0557144777e+05,-4.6273125234e+04,1.0485372470e+04
1017,1.0983600000e+07,1.9047885335e+35,-3.8838781003e+35,-1.9790895668e+35,8.2274218505e+41,2.6070069139e+41,3.1314939914e+43,-1.0557130415e+05,-4.6273218222e+04,1.0485200822e+04
1018,1.0994400000e+07,1.9047661904e+35,-3.8838545732e+35,-1.9790883828e+35,8.2274221501e+41,2.6070068924e+41,3.1314940921e+43,-1.0557116052e+05,-4.6273311210e+04,1.0485029174e+04
1019,1.1005200000e+07,1.9047438773e+35,-3.8838310763e+35,-1.9790871990e+35,8.2274224497e+41,2.6070068709e+41,3.1314941928e+43,-1.0557101689e+05,-4.6273404199e+04,1.0484857526e+04
1020,1.1016000000e+07,1.9047215943e+35,-3.8838076096e+35,-1.9790860152e+35,8.2274227492e+41,2.6070068494e+41,3.1314942935e+43,-1.0557087326e+05,-4.6273497187e+04,1.0484685878e+04
1021,1.1026800000e+07,1.9046993414e+35,-3.8837841730e+35,-1.9790848316e+35,8.2274230488e+41,2.6070068278e+41,3.1314943942e+43,-1.0557072963e+05,-4.6273590175e+04,1.0484514230e+04
1022,1.1037600000e+07,1.9046771185e+35,-3.8837607667e+35,-1.9790836481e+35,8.2274233483e+41,2.6070068063e+41,3.1314944948e+43,-1.0557058601e+05,-4.6273683163e+04,1.0484342582e+04
1023,1.1048400000e+07,1.9046549258e+35,-3.8837373905e+35,-1.9790824648e+35,8.2274236478e+41,2.6070067848e+41,3.1314945955e+43,-1.0557044238e+05,-4.6273776152e+04,1.0484170934e+04
1024,1.1059200000e+07,1.9046327631e+35,-3.8837140447e+35,-1.9790812815e+35,8.2274239473e+41,2.6070067633e+41,3.1314946961e+43,-1.0557029875e+05,-4.6273869140e+04,1.0483999286e+04
1025,1.1070000000e+07,1.9046106306e+35,-3.8836907290e+35,-1.9790800984e+35,8.2274242468e+41,2.6070067418e+41,3.1314947968e+43,-1.0557015512e+05,-4.6273962128e+04,1.0483827638e+04
1026,1.1080800000e+07,1.9045885283e+35,-3.8836674437e+35,-1.9790789154e+35,8.2274245462e+41,2.6070067203e+41,3.1314948974e+43,-1.0557001149e+05,-4.6274055116e+04,1.0483655990e+04
1027,1.1091600000e+07,1.9045664562e+35,-3.8836441886e+35,-1.9790777325e+35,8.2274248457e+41,2.6070066987e+41,3.1314949981e+43,-1.0556986787e+05,-4.6274148105e+04,1.0483484342e+04
1028,1.1102400000e+07,1.9045444142e+35,-3.8836209639e+35,-1.9790765497e+35,8.2274251451e+41,2.6070066772e+41,3.1314950987e+43,-1.0556972424e+05,-4.6274241093e+04,1.0483312694e+04
1029,1.1113200000e+07,1.9045224026e+35,-3.8835977695e+35,-1.9790753670e+35,8.2274254446e+41,2.6070066557e+41,3.1314951994e+43,-1.0556958061e+05,-4.6274334081e+04,1.0483141046e+04
1030,1.1124000000e+07,1.9045004211e+35,-3.8835746055e+35,-1.9790741844e+35,8.2274257440e+41,2.6070066342e+41,3.1314953000e+43,-1.0556943698e+05,-4.6274427069e+04,1.0482969398e+04
1031,1.1134800000e+07,1.9044784700e+35,-3.8835514719e+35,-1.9790730019e+35,8.2274260434e+41,2.6070066126e+41,3.1314954007e+43,-1.0556929335e+05,-4.6274520058e+04,1.0482797750e+04
1032,1.1145600000e+07,1.9044565492e+35,-3.8835283686e+35,-1.9790718194e+35,8.2274263428e+41,2.6070065911e+41,3.1314955013e+43,-1.0556914973e+05,-4.6274613046e+04,1.0482626102e+04
1033,1.1156400000e+07,1.9044346587e+35,-3.8835052958e+35,-1.9790706371e+35,8.2274266422e+41,2.6070065696e+41,3.1314956019e+43,-1.0556900610e+05,-4.6274706034e+04,1.0482454455e+04
1034,1.1167200000e+07,1.9044127987e+35,-3.8834822535e+35,-1.9790694549e+35,8.2274269416e+41,2.6070065480e+41,3.1314957025e+43,-1.0556886247e+05,-4.6274799023e+04,1.0482282807e+04
1035,1.1178000000e+07,1.9043909690e+35,-3.8834592417e+35,-1.9790682727e+35,8.2274272410e+41,2.6070065265e+41,3.1314958031e+43,-1.0556871884e+05,-4.6274892011e+04,1.0482111159e+04
1036,1.1188800000e+07,1.9043691698e+35,-3.8834362604e+35,-1.9790670906e+35,8.2274275403e+41,2.6070065049e+41,3.1314959038e+43,-1.0556857521e+05,-4.6274984999e+04,1.0481939511e+04
1037,1.1199600000e+07,1.9043474010e+35,-3.8834133096e+35,-1.9790659086e+35,8.2274278397e+41,2.6070064833e+41,3.1314960044e+43,-1.0556843159e+05,-4.6275077987e+04,1.0481767863e+04
1038,1.1210400000e+07,1.9043256628e+35,-3.8833903895e+35,-1.9790647266e+35,8.2274281390e+41,2.6070064618e+41,3.1314961050e+43,-1.0556828796e+05,-4.6275170976e+04,1.0481596215e+04
1039,1.1221200000e+07,1.9043039551e+35,-3.8833674999e+35,-1.9790635448e+35,8.2274284384e+41,2.6070064402e+41,3.1314962056e+43,-1.0556814433e+05,-4.6275263964e+04,1.0481424567e+04
1040,1.1232000000e+07,1.9042822781e+35,-3.8833446410e+35,-1.9790623629e+35,8.2274287377e+41,2.6070064186e+41,3.1314963062e+43,-1.0556800070e+05,-4.6275356952e+04,1.0481252919e+04
1041,1.1242800000e+07,1.9042606316e+35,-3.8833218128e+35,-1.9790611812e+35,8.2274290371e+41,2.6070063970e+41,3.1314964068e+43,-1.0556785707e+05,-4.6275449940e+04,1.0481081271e+04
1042,1.1253600000e+07,1.9042390158e+35,-3.8832990153e+35,-1.9790599995e+35,8.2274293364e+41,2.6070063754e+41,3.1314965074e+43,-1.0556771345e+05,-4.6275542929e+04,1.0480909623e+04
1043,1.1264400000e+07,1.9042174307e+35,-3.8832762485e+35,-1.9790588178e+35,8.2274296357e+41,2.6070063538e+41,3.1314966080e+43,-1.0556756982e+05,-4.6275635917e+04,1.0480737975e+04
1044,1.1275200000e+07,1.9041958763e+35,-3.8832535125e+35,-1.9790576362e+35,8.2274299351e+41,2.6070063321e+41,3.1314967086e+43,-1.0556742619e+05,-4.6275728906e+04,1.0480566327e+04
1045,1.1286000000e+07,1.9041743527e+35,-3.8832308074e+35,-1.9790564547e+35,8.2274302344e+41,2.6070063105e+41,3.1314968092e+43,-1.0556728256e+05,-4.6275821894e+04,1.0480394679e+04
1046,1.1296800000e+07,1.9041528599e+35,-3.8832081331e+35,-1.9790552732e+35,8.2274305337e+41,2.6070062889e+41,3.1314969097e+43,-1.0556713893e+05,-4.6275914882e+04,1.0480223031e+04
1047,1.1307600000e+07,1.9041313980e+35,-3.8831854897e+35,-1.9790540917e+35,8.2274308330e+41,2.6070062672e+41,3.1314970103e+43,-1.0556699531e+05,-4.6276007870e+04,1.0480051383e+04
1048,1.1318400000e+07,1.9041099670e+35,-3.8831628772e+35,-1.9790529102e+35,8.2274311323e+41,2.6070062455e+41,3.1314971109e+43,-1.0556685168e+05,-4.6276100859e+04,1.0479879735e+04
1049,1.1329200000e+07,1.9040885670e+35,-3.8831402958e+35,-1.9790517288e+35,8.2274314316e+41,2.6070062238e+41,3.1314972115e+43,-1.0556670805e+05,-4.6276193847e+04,1.0479708087e+04
1050,1.1340000000e+07,1.9040671979e+35,-3.8831177453e+35,-1.9790505474e+35,8.2274317310e+41,2.6070062022e+41,3.1314973121e+43,-1.0556656442e+05,-4.6276286835e+04,1.0479536440e+04
1051,1.1350800000e+07,1.9040458599e+35,-3.8830952260e+35,-1.9790493660e+35,8.2274320303e+41,2.6070061804e+41,3.1314974126e+43,-1.0556642079e+05,-4.6276379823e+04,1.0479364792e+04
1052,1.1361600000e+07,1.9040245530e+35,-3.8830727377e+35,-1.9790481847e+35,8.2274323296e+41,2.6070061587e+41,3.1314975132e+43,-1.0556627717e+05,-4.6276472812e+04,1.0479193144e+04
1053,1.1372400000e+07,1.9040032772e+35,-3.8830502806e+35,-1.9790470034e+35,8.2274326289e+41,2.6070061370e+41,3.1314976138e+43,-1.0556613354e+05,-4.6276565800e+04,1.0479021496e+04
1054,1.1383200000e+07,1.9039820326e+35,-3.8830278547e+35,-1.9790458220e+35,8.2274329282e+41,2.6070061152e+41,3.1314977143e+43,-1.0556598991e+05,-4.6276658788e+04,1.0478849848e+04
1055,1.1394000000e+07,1.9039608193e+35,-3.8830054600e+35,-1.9790446407e+35,8.2274332275e+41,2.6070060935e+41,3.1314978149e+43,-1.0556584628e+05,-4.6276751776e+04,1.0478678200e+04
1056,1.1404800000e+07,1.9039396372e+35,-3.8829830967e+35,-1.9790434594e+35,8.2274335269e+41,2.6070060717e+41,3.1314979154e+43,-1.0556570265e+05,-4.6276844765e+04,1.0478506552e+04
1057,1.1415600000e+07,1.9039184865e+35,-3.8829607646e+35,-1.9790422781e+35,8.2274338262e+41,2.6070060499e+41,3.1314980160e+43,-1.0556555903e+05,-4.6276937753e+04,1.0478334904e+04
1058,1.1426400000e+07,1.9038973672e+35,-3.8829384640e+35,-1.9790410968e+35,8.2274341255e+41,2.6070060281e+41,3.1314981166e+43,-1.0556541540e+05,-4.6277030741e+04,1.0478163256e+04
1059,1.1437200000e+07,1.9038762794e+35,-3.8829161948e+35,-1.9790399154e+35,8.2274344248e+41,2.6070060063e+41,3.1314982171e+43,-1.0556527177e+05,-4.6277123730e+04,1.0477991608e+04
1060,1.1448000000e+07,1.9038552230e+35,-3.8828939571e+35,-1.9790387341e+35,8.2274347242e+41,2.6070059844e+41,3.1314983177e+43,-1.0556512814e+05,-4.6277216718e+04,1.0477819960e+04
1061,1.1458800000e+07,1.9038341982e+35,-3.8828717510e+35,-1.9790375528e+35,8.2274350235e+41,2.6070059626e+41,3.1314984182e+43,-1.0556498451e+05,-4.6277309706e+04,1.0477648312e+04
1062,1.1469600000e+07,1.9038132050e+35,-3.8828495764e+35,-1.9790363714e+35,8.2274353228e+41,2.6070059407e+41,3.1314985187e+43,-1.0556484089e+05,-4.6277402694e+04,1.0477476664e+04
1063,1.1480400000e+07,1.9037922435e+35,-3.8828274335e+35,-1.9790351900e+35,8.2274356222e+41,2.6070059188e+41,3.1314986193e+43,-1.0556469726e+05,-4.6277495683e+04,1.0477305016e+04
1064,1.1491200000e+07,1.9037713137e+35,-3.8828053223e+35,-1.9790340086e+35,8.2274359215e+41,2.6070058969e+41,3.1314987198e+43,-1.0556455363e+05,-4.6277588671e+04,1.0477133368e+04
1065,1.1502000000e+07,1.9037504158e+35,-3.8827832429e+35,-1.9790328271e+35,8.2274362209e+41,2.6070058749e+41,3.1314988204e+43,-1.0556441000e+05,-4.6277681659e+04,1.0476961720e+04
1066,1.1512800000e+07,1.9037295496e+35,-3.8827611952e+35,-1.9790316456e+35,8.2274365203e+41,2.6070058530e+41,3.1314989209e+43,-1.0556426637e+05,-4.6277774648e+04,1.0476790072e+04
1067,1.1523600000e+07,1.9037087154e+35,-3.8827391795e+35,-1.9790304641e+35,8.2274368197e+41,2.6070058310e+41,3.1314990214e+43,-1.0556412275e+05,-4.6277867636e+04,1.0476618424e+04
1068,1.1534400000e+07,1.9036879132e+35,-3.8827171957e+35,-1.9790292825e+35,8.2274371190e+41,2.6070058090e+41,3.1314991220e+43,-1.0556397912e+05,-4.6277960624e+04,1.0476446777e+04
1069,1.1545200000e+07,1.9036671430e+35,-3.8826952439e+35,-1.9790281009e+35,8.2274374184e+41,2.6070057870e+41,3.1314992225e+43,-1.0556383549e+05,-4.6278053612e+04,1.0476275129e+04
1070,1.1556000000e+07,1.9036464048e+35,-3.8826733241e+35,-1.9790269192e+35,8.2274377178e+41,2.6070057649e+41,3.1314993230e+43,-1.0556369186e+05,-4.6278146601e+04,1.0476103481e+04
1071,1.1566800000e+07,1.9036256989e+35,-3.8826514364e+35,-1.9790257375e+35,8.2274380173e+41,2.6070057429e+41,3.1314994236e+43,-1.0556354823e+05,-4.6278239589e+04,1.0475931833e+04
1072,1.1577600000e+07,1.9036050252e+35,-3.8826295809e+35,-1.9790245557e+35,8.2274383167e+41,2.6070057208e+41,3.1314995241e+43,-1.0556340461e+05,-4.6278332577e+04,1.0475760185e+04
1073,1.1588400000e+07,1.9035843838e+35,-3.8826077577e+35,-1.9790233739e+35,8.2274386161e+41,2.6070056987e+41,3.1314996246e+43,-1.0556326098e+05,-4.6278425566e+04,1.0475588537e+04
1074,1.1599200000e+07,1.9035637747e+35,-3.8825859667e+35,-1.9790221920e+35,8.2274389156e+41,2.6070056766e+41,3.1314997252e+43,-1.0556311735e+05,-4.6278518554e+04,1.0475416889e+04
1075,1.1610000000e+07,1.9035431981e+35,-3.8825642081e+35,-1.9790210100e+35,8.2274392150e+41,2.6070056544e+41,3.1314998257e+43,-1.0556297372e+05,-4.6278611542e+04,1.0475245241e+04
1076,1.1620800000e+07,1.9035226540e+35,-3.8825424819e+35,-1.9790198279e+35,8.2274395145e+41,2.6070056322e+41,3.1314999262e+43,-1.0556283009e+05,-4.6278704531e+04,1.0475073593e+04
1077,1.1631600000e+07,1.9035021425e+35,-3.8825207883e+35,-1.9790186458e+35,8.2274398140e+41,2.6070056100e+41,3.1315000267e+43,-1.0556268647e+05,-4.6278797519e+04,1.0474901945e+04
1078,1.1642400000e+07,1.9034816636e+35,-3.8824991271e+35,-1.9790174636e+35,8.2274401135e+41,2.6070055878e+41,3.1315001272e+43,-1.0556254284e+05,-4.6278890507e+04,1.0474730297e+04
1079,1.1653200000e+07,1.9034612174e+35,-3.8824774986e+35,-1.9790162813e+35,8.2274404130e+41,2.6070055655e+41,3.1315002278e+43,-1.0556239921e+05,-4.6278983495e+04,1.0474558649e+04
1080,1.1664000000e+07,1.9034408040e+35,-3.8824559028e+35,-1.9790150989e+35,8.2274407125e+41,2.6070055432e+41,3.1315003283e+43,-1.0556225558e+05,-4.6279076484e+04,1.0474387001e+04
1081,1.1674800000e+07,1.9034204234e+35,-3.8824343398e+35,-1.9790139164e+35,8.2274410121e+41,2.6070055209e+41,3.1315004288e+43,-1.0556211195e+05,-4.6279169472e+04,1.0474215353e+04
1082,1.1685600000e+07,1.9034000758e+35,-3.8824128096e+35,-1.9790127338e+35,8.2274413116e+41,2.6070054986e+41,3.1315005293e+43,-1.0556196833e+05,-4.6279262460e+04,1.0474043705e+04
1083,1.1696400000e+07,1.9033797612e+35,-3.8823913122e+35,-1.9790115510e+35,8.2274416112e+41,2.6070054762e+41,3.1315006298e+43,-1.0556182470e+05,-4.6279355449e+04,1.0473872057e+04
1084,1.1707200000e+07,1.9033594797e+35,-3.8823698479e+35,-1.9790103682e+35,8.2274419108e+41,2.6070054538e+41,3.1315007303e+43,-1.0556168107e+05,-4.6279448437e+04,1.0473700409e+04
1085,1.1718000000e+07,1.9033392313e+35,-3.8823484166e+35,-1.9790091853e+35,8.2274422104e+41,2.6070054314e+41,3.1315008308e+43,-1.0556153744e+05,-4.6279541425e+04,1.0473528761e+04
1086,1.1728800000e+07,1.9033190161e+35,-3.8823270184e+35,-1.9790080022e+35,8.2274425100e+41,2.6070054089e+41,3.1315009314e+43,-1.0556139381e+05,-4.6279634413e+04,1.0473357114e+04
1087,1.1739600000e+07,1.9032988343e+35,-3.8823056534e+35,-1.9790068191e+35,8.2274428097e+41,2.6070053864e+41,3.1315010319e+43,-1.0556125019e+05,-4.6279727402e+04,1.0473185466e+04
1088,1.1750400000e+07,1.9032786859e+35,-3.8822843217e+35,-1.9790056358e+35,8.2274431094e+41,2.6070053639e+41,3.1315011324e+43,-1.0556110656e+05,-4.6279820390e+04,1.0473013818e+04
1089,1.1761200000e+07,1.9032585709e+35,-3.8822630233e+35,-1.9790044523e+35,8.2274434091e+41,2.6070053414e+41,3.1315012329e+43,-1.0556096293e+05,-4.6279913379e+04,1.0472842170e+04
1090,1.1772000000e+07,1.9032384895e+35,-3.8822417583e+35,-1.9790032688e+35,8.2274437088e+41,2.6070053188e+41,3.1315013334e+43,-1.0556081930e+05,-4.6280006367e+04,1.0472670522e+04
1091,1.1782800000e+07,1.9032184417e+35,-3.8822205268e+35,-1.9790020851e+35,8.2274440085e+41,2.6070052962e+41,3.1315014339e+43,-1.0556067567e+05,-4.6280099355e+04,1.0472498874e+04
1092,1.1793600000e+07,1.9031984276e+35,-3.8821993288e+35,-1.9790009012e+35,8.2274443082e+41,2.6070052735e+41,3.1315015344e+43,-1.0556053205e+05,-4.6280192343e+04,1.0472327226e+04
1093,1.1804400000e+07,1.9031784474e+35,-3.8821781646e+35,-1.9789997172e+35,8.2274446080e+41,2.6070052508e+41,3.1315016349e+43,-1.0556038842e+05,-4.6280285332e+04,1.0472155578e+04
1094,1.1815200000e+07,1.9031585010e+35,-3.8821570340e+35,-1.9789985330e+35,8.2274449078e+41,2.6070052281e+41,3.1315017354e+43,-1.0556024479e+05,-4.6280378320e+04,1.0471983930e+04
1095,1.1826000000e+07,1.9031385885e+35,-3.8821359372e+35,-1.9789973487e+35,8.2274452076e+41,2.6070052054e+41,3.1315018359e+43,-1.0556010116e+05,-4.6280471308e+04,1.0471812282e+04
1096,1.1836800000e+07,1.9031187102e+35,-3.8821148744e+35,-1.9789961642e+35,8.2274455075e+41,2.6070051826e+41,3.1315019365e+43,-1.0555995753e+05,-4.6280564296e+04,1.0471640634e+04
1097,1.1847600000e+07,1.9030988659e+35,-3.8820938455e+35,-1.9789949796e+35,8.2274458073e+41,2.6070051598e+41,3.1315020370e+43,-1.0555981391e+05,-4.6280657285e+04,1.0471468986e+04
1098,1.1858400000e+07,1.9030790559e+35,-3.8820728506e+35,-1.9789937947e+35,8.2274461072e+41,2.6070051369e+41,3.1315021375e+43,-1.0555967028e+05,-4.6280750273e+04,1.0471297338e+04
1099,1.1869200000e+07,1.9030592801e+35,-3.8820518899e+35,-1.9789926097e+35,8.2274464072e+41,2.6070051140e+41,3.1315022380e+43,-1.0555952665e+05,-4.6280843261e+04,1.0471125690e+04
1100,1.1880000000e+07,1.9030395388e+35,-3.8820309633e+35,-1.9789914245e+35,8.2274467071e+41,2.6070050911e+41,3.1315023385e+43,-1.0555938302e+05,-4.6280936250e+04,1.0470954042e+04
1101,1.1890800000e+07,1.9030198320e+35,-3.8820100711e+35,-1.9789902392e+35,8.2274470071e+41,2.6070050681e+41,3.1315024390e+43,-1.0555923939e+05,-4.6281029238e+04,1.0470782394e+04
1102,1.1901600000e+07,1.9030001597e+35,-3.8819892133e+35,-1.9789890536e+35,8.2274473071e+41,2.6070050451e+41,3.1315025395e+43,-1.0555909577e+05,-4.6281122226e+04,1.0470610746e+04
1103,1.1912400000e+07,1.9029805221e+35,-3.8819683899e+35,-1.9789878678e+35,8.2274476071e+41,2.6070050221e+41,3.1315026400e+43,-1.0555895214e+05,-4.6281215214e+04,1.0470439099e+04
1104,1.1923200000e+07,1.9029609192e+35,-3.8819476010e+35,-1.9789866818e+35,8.2274479072e+41,2.6070049990e+41,3.1315027405e+43,-1.0555880851e+05,-4.6281308203e+04,1.0470267451e+04
1105,1.1934000000e+07,1.9029413512e+35,-3.8819268468e+35,-1.9789854956e+35,8.2274482073e+41,2.6070049759e+41,3.1315028410e+43,-1.0555866488e+05,-4.6281401191e+04,1.0470095803e+04
1106,1.1944800000e+07,1.9029218181e+35,-3.8819061273e+35,-1.9789843092e+35,8.2274485074e+41,2.6070049527e+41,3.1315029415e+43,-1.0555852125e+05,-4.6281494179e+04,1.0469924155e+04
1107,1.1955600000e+07,1.9029023200e+35,-3.8818854427e+35,-1.9789831226e+35,8.2274488075e+41,2.6070049295e+41,3.1315030421e+43,-1.0555837763e+05,-4.6281587167e+04,1.0469752507e+04
1108,1.1966400000e+07,1.9028828571e+35,-3.8818647929e+35,-1.9789819358e+35,8.2274491077e+41,2.6070049063e+41,3.1315031426e+43,-1.0555823400e+05,-4.6281680156e+04,1.0469580859e+04
1109,1.1977200000e+07,1.9028634294e+35,-3.8818441781e+35,-1.9789807487e+35,8.2274494079e+41,2.6070048830e+41,3.1315032431e+43,-1.0555809037e+05,-4.6281773144e+04,1.0469409211e+04
1110,1.1988000000e+07,1.9028440370e+35,-3.8818235984e+35,-1.9789795614e+35,8.2274497082e+41,2.6070048597e+41,3.1315033436e+43,-1.0555794674e+05,-4.6281866132e+04,1.0469237563e+04
1111,1.1998800000e+07,1.9028246799e+35,-3.8818030538e+35,-1.9789783739e+35,8.2274500084e+41,2.6070048363e+41,3.1315034441e+43,-1.0555780311e+05,-4.6281959121e+04,1.0469065915e+04
1112,1.2009600000e+07,1.9028053584e+35,-3.8817825445e+35,-1.9789771861e+35,8.2274503088e+41,2.6070048129e+41,3.1315035446e+43,-1.0555765949e+05,-4.6282052109e+04,1.0468894267e+04
1113,1.2020400000e+07,1.9027860725e+35,-3.8817620705e+35,-1.9789759980e+35,8.2274506091e+41,2.6070047894e+41,3.1315036451e+43,-1.0555751586e+05,-4.6282145097e+04,1.0468722619e+04
1114,1.2031200000e+07,1.9027668223e+35,-3.8817416320e+35,-1.9789748097e+35,8.2274509095e+41,2.6070047659e+41,3.1315037457e+43,-1.0555737223e+05,-4.6282238086e+04,1.0468550971e+04
1115,1.2042000000e+07,1.9027476078e+35,-3.8817212290e+35,-1.9789736212e+35,8.2274512099e+41,2.6070047424e+41,3.1315038462e+43,-1.0555722860e+05,-4.6282331074e+04,1.0468379323e+04
1116,1.2052800000e+07,1.9027284293e+35,-3.8817008616e+35,-1.9789724323e+35,8.2274515104e+41,2.6070047188e+41,3.1315039467e+43,-1.0555708497e+05,-4.6282424062e+04,1.0468207675e+04
1117,1.2063600000e+07,1.9027092867e+35,-3.8816805300e+35,-1.9789712432e+35,8.2274518108e+41,2.6070046951e+41,3.1315040472e+43,-1.0555694135e+05,-4.6282517050e+04,1.0468036027e+04
1118,1.2074400000e+07,1.9026901803e+35,-3.8816602341e+35,-1.9789700539e+35,8.2274521114e+41,2.6070046714e+41,3.1315041477e+43,-1.0555679772e+05,-4.6282610039e+04,1.0467864379e+04
1119,1.2085200000e+07,1.9026711100e+35,-3.8816399742e+35,-1.9789688642e+35,8.2274524119e+41,2.6070046477e+41,3.1315042483e+43,-1.0555665409e+05,-4.6282703027e+04,1.0467692731e+04
1120,1.2096000000e+07,1.9026520760e+35,-3.8816197502e+35,-1.9789676743e+35,8.2274527125e+41,2.6070046239e+41,3.1315043488e+43,-1.0555651046e+05,-4.6282796015e+04,1.0467521084e+04
1121,1.2106800000e+07,1.9026330784e+35,-3.8815995624e+35,-1.9789664840e+35,8.2274530132e+41,2.6070046001e+41,3.1315044493e+43,-1.0555636683e+05,-4.6282889003e+04,1.0467349436e+04
1122,1.2117600000e+07,1.9026141172e+35,-3.8815794107e+35,-1.9789652935e+35,8.2274533139e+41,2.6070045762e+41,3.1315045498e+43,-1.0555622321e+05,-4.6282981992e+04,1.0467177788e+04
1123,1.2128400000e+07,1.9025951927e+35,-3.8815592953e+35,-1.9789641026e+35,8.2274536146e+41,2.6070045523e+41,3.1315046504e+43,-1.0555607958e+05,-4.6283074980e+04,1.0467006140e+04
1124,1.2139200000e+07,1.9025763049e+35,-3.8815392163e+35,-1.9789629114e+35,8.2274539154e+41,2.6070045283e+41,3.1315047509e+43,-1.0555593595e+05,-4.6283167968e+04,1.0466834492e+04
1125,1.2150000000e+07,1.9025574538e+35,-3.8815191738e+35,-1.9789617200e+35,8.2274542162e+41,2.6070045042e+41,3.1315048514e+43,-1.0555579232e+05,-4.6283260957e+04,1.0466662844e+04
1126,1.2160800000e+07,1.9025386397e+35,-3.8814991678e+35,-1.9789605281e+35,8.2274545170e+41,2.6070044802e+41,3.1315049520e+43,-1.0555564869e+05,-4.6283353945e+04,1.0466491196e+04
1127,1.2171600000e+07,1.9025198625e+35,-3.8814791985e+35,-1.9789593360e+35,8.2274548179e+41,2.6070044560e+41,3.1315050525e+43,-1.0555550507e+05,-4.6283446933e+04,1.0466319548e+04
1128,1.2182400000e+07,1.9025011225e+35,-3.8814592660e+35,-1.9789581435e+35,8.2274551189e+41,2.6070044318e+41,3.1315051530e+43,-1.0555536144e+05,-4.6283539922e+04,1.0466147900e+04
1129,1.2193200000e+07,1.9024824196e+35,-3.8814393704e+35,-1.9789569507e+35,8.2274554199e+41,2.6070044076e+41,3.1315052536e+43,-1.0555521781e+05,-4.6283632910e+04,1.0465976252e+04
1130,1.2204000000e+07,1.9024637541e+35,-3.8814195117e+35,-1.9789557575e+35,8.2274557209e+41,2.6070043833e+41,3.1315053541e+43,-1.0555507418e+05,-4.6283725898e+04,1.0465804604e+04
1131,1.2214800000e+07,1.9024451260e+35,-3.8813996901e+35,-1.9789545640e+35,8.2274560220e+41,2.6070043589e+41,3.1315054547e+43,-1.0555493055e+05,-4.6283818887e+04,1.0465632956e+04
1132,1.2225600000e+07,1.9024265355e+35,-3.8813799056e+35,-1.9789533701e+35,8.2274563231e+41,2.6070043345e+41,3.1315055552e+43,-1.0555478693e+05,-4.6283911875e+04,1.0465461308e+04
1133,1.2236400000e+07,1.9024079826e+35,-3.8813601584e+35,-1.9789521759e+35,8.2274566243e+41,2.6070043100e+41,3.1315056557e+43,-1.0555464330e+05,-4.6284004863e+04,1.0465289660e+04
1134,1.2247200000e+07,1.9023894674e+35,-3.8813404486e+35,-1.9789509812e+35,8.2274569255e+41,2.6070042855e+41,3.1315057563e+43,-1.0555449967e+05,-4.6284097851e+04,1.0465118012e+04
1135,1.2258000000e+07,1.9023709900e+35,-3.8813207763e+35,-1.9789497862e+35,8.2274572268e+41,2.6070042609e+41,3.1315058569e+43,-1.0555435604e+05,-4.6284190840e+04,1.0464946364e+04
1136,1.2268800000e+07,1.9023525506e+35,-3.8813011415e+35,-1.9789485908e+35,8.2274575281e+41,2.6070042363e+41,3.1315059574e+43,-1.0555421241e+05,-4.6284283828e+04,1.0464774716e+04
1137,1.2279600000e+07,1.9023341493e+35,-3.8812815444e+35,-1.9789473950e+35,8.2274578295e+41,2.6070042116e+41,3.1315060580e+43,-1.0555406879e+05,-4.6284376816e+04,1.0464603068e+04
1138,1.2290400000e+07,1.9023157862e+35,-3.8812619850e+35,-1.9789461989e+35,8.2274581309e+41,2.6070041868e+41,3.1315061585e+43,-1.0555392516e+05,-4.6284469805e+04,1.0464431421e+04
1139,1.2301200000e+07,1.9022974613e+35,-3.8812424635e+35,-1.9789450023e+35,8.2274584324e+41,2.6070041620e+41,3.1315062591e+43,-1.0555378153e+05,-4.6284562793e+04,1.0464259773e+04
1140,1.2312000000e+07,1.9022791748e+35,-3.8812229800e+35,-1.9789438052e+35,8.2274587339e+41,2.6070041371e+41,3.1315063597e+43,-1.0555363790e+05,-4.6284655781e+04,1.0464088125e+04
1141,1.2322800000e+07,1.9022609268e+35,-3.8812035346e+35,-1.9789426078e+35,8.2274590355e+41,2.6070041121e+41,3.1315064602e+43,-1.0555349427e+05,-4.6284748770e+04,1.0463916477e+04
1142,1.2333600000e+07,1.9022427174e+35,-3.8811841273e+35,-1.9789414099e+35,8.2274593372e+41,2.6070040871e+41,3.1315065608e+43,-1.0555335065e+05,-4.6284841758e+04,1.0463744829e+04
1143,1.2344400000e+07,1.9022245467e+35,-3.8811647583e+35,-1.9789402116e+35,8.2274596389e+41,2.6070040621e+41,3.1315066614e+43,-1.0555320702e+05,-4.6284934746e+04,1.0463573181e+04
1144,1.2355200000e+07,1.9022064148e+35,-3.8811454277e+35,-1.9789390129e+35,8.2274599406e+41,2.6070040369e+41,3.1315067620e+43,-1.0555306339e+05,-4.6285027735e+04,1.0463401533e+04
1145,1.2366000000e+07,1.9021883219e+35,-3.8811261356e+35,-1.9789378137e+35,8.2274602424e+41,2.6070040117e+41,3.1315068625e+43,-1.0555291976e+05,-4.6285120723e+04,1.0463229885e+04
1146,1.2376800000e+07,1.9021702680e+35,-3.8811068820e+35,-1.9789366141e+35,8.2274605443e+41,2.6070039865e+41,3.1315069631e+43,-1.0555277613e+05,-4.6285213711e+04,1.0463058237e+04
1147,1.2387600000e+07,1.9021522532e+35,-3.8810876672e+35,-1.9789354139e+35,8.2274608462e+41,2.6070039611e+41,3.1315070637e+43,-1.0555263251e+05,-4.6285306699e+04,1.0462886589e+04
1148,1.2398400000e+07,1.9021342777e+35,-3.8810684911e+35,-1.9789342134e+35,8.2274611482e+41,2.6070039357e+41,3.1315071643e+43,-1.0555248888e+05,-4.6285399688e+04,1.0462714941e+04
1149,1.2409200000e+07,1.9021163416e+35,-3.8810493539e+35,-1.9789330123e+35,8.2274614503e+41,2.6070039103e+41,3.1315072649e+43,-1.0555234525e+05,-4.6285492676e+04,1.0462543293e+04
1150,1.2420000000e+07,1.9020984450e+35,-3.8810302557e+35,-1.9789318108e+35,8.2274617524e+41,2.6070038847e+41,3.1315073655e+43,-1.0555220162e+05,-4.6285585664e+04,1.0462371645e+04
1151,1.2430800000e+07,1.9020805879e+35,-3.8810111966e+35,-1.9789306087e+35,8.2274620545e+41,2.6070038591e+41,3.1315074661e+43,-1.0555205799e+05,-4.6285678653e+04,1.0462199997e+04
1152,1.2441600000e+07,1.9020627705e+35,-3.8809921767e+35,-1.9789294062e+35,8.2274623568e+41,2.6070038335e+41,3.1315075667e+43,-1.0555191437e+05,-4.6285771641e+04,1.0462028349e+04
1153,1.2452400000e+07,1.9020449930e+35,-3.8809731961e+35,-1.9789282031e+35,8.2274626591e+41,2.6070038077e+41,3.1315076673e+43,-1.0555177074e+05,-4.6285864629e+04,1.0461856701e+04
1154,1.2463200000e+07,1.9020272553e+35,-3.8809542549e+35,-1.9789269996e+35,8.2274629614e+41,2.6070037819e+41,3.1315077680e+43,-1.0555162711e+05,-4.6285957617e+04,1.0461685053e+04
1155,1.2474000000e+07,1.9020095577e+35,-3.8809353532e+35,-1.9789257955e+35,8.2274632639e+41,2.6070037560e+41,3.1315078686e+43,-1.0555148348e+05,-4.6286050606e+04,1.0461513405e+04
1156,1.2484800000e+07,1.9019919002e+35,-3.8809164911e+35,-1.9789245908e+35,8.2274635663e+41,2.6070037301e+41,3.1315079692e+43,-1.0555133985e+05,-4.6286143594e+04,1.0461341758e+04
1157,1.2495600000e+07,1.9019742830e+35,-3.8808976687e+35,-1.9789233857e+35,8.2274638689e+41,2.6070037040e+41,3.1315080698e+43,-1.0555119623e+05,-4.6286236582e+04,1.0461170110e+04
1158,1.2506400000e+07,1.9019567061e+35,-3.8808788861e+35,-1.9789221800e+35,8.2274641715e+41,2.6070036779e+41,3.1315081705e+43,-1.0555105260e+05,-4.6286329570e+04,1.0460998462e+04
1159,1.2517200000e+07,1.9019391697e+35,-3.8808601434e+35,-1.9789209737e+35,8.2274644742e+41,2.6070036517e+41,3.1315082711e+43,-1.0555090897e+05,-4.6286422559e+04,1.0460826814e+04
1160,1.2528000000e+07,1.9019216738e+35,-3.8808414407e+35,-1.9789197669e+35,8.2274647770e+41,2.6070036255e+41,3.1315083717e+43,-1.0555076534e+05,-4.6286515547e+04,1.0460655166e+04
1161,1.2538800000e+07,1.9019042186e+35,-3.8808227781e+35,-1.9789185595e+35,8.2274650798e+41,2.6070035992e+41,3.1315084724e+43,-1.0555062171e+05,-4.6286608535e+04,1.0460483518e+04
1162,1.2549600000e+07,1.9018868042e+35,-3.8808041557e+35,-1.9789173515e+35,8.2274653827e+41,2.6070035728e+41,3.1315085730e+43,-1.0555047809e+05,-4.6286701524e+04,1.0460311870e+04
1163,1.2560400000e+07,1.9018694307e+35,-3.8807855736e+35,-1.9789161429e+35,8.2274656857e+41,2.6070035463e+41,3.1315086737e+43,-1.0555033446e+05,-4.6286794512e+04,1.0460140222e+04
1164,1.2571200000e+07,1.9018520982e+35,-3.8807670319e+35,-1.9789149337e+35,8.2274659887e+41,2.6070035197e+41,3.1315087744e+43,-1.0555019083e+05,-4.6286887500e+04,1.0459968574e+04
1165,1.2582000000e+07,1.9018348068e+35,-3.8807485308e+35,-1.9789137239e+35,8.2274662919e+41,2.6070034931e+41,3.1315088750e+43,-1.0555004720e+05,-4.6286980488e+04,1.0459796926e+04
1166,1.2592800000e+07,1.9018175567e+35,-3.8807300702e+35,-1.9789125135e+35,8.2274665951e+41,2.6070034664e+41,3.1315089757e+43,-1.0554990357e+05,-4.6287073477e+04,1.0459625278e+04
1167,1.2603600000e+07,1.9018003478e+35,-3.8807116503e+35,-1.9789113025e+35,8.2274668983e+41,2.6070034396e+41,3.1315090764e+43,-1.0554975995e+05,-4.6287166465e+04,1.0459453630e+04
1168,1.2614400000e+07,1.9017831804e+35,-3.8806932712e+35,-1.9789100909e+35,8.2274672017e+41,2.6070034127e+41,3.1315091771e+43,-1.0554961632e+05,-4.6287259453e+04,1.0459281982e+04
1169,1.2625200000e+07,1.9017660545e+35,-3.8806749330e+35,-1.9789088786e+35,8.2274675051e+41,2.6070033857e+41,3.1315092777e+43,-1.0554947269e+05,-4.6287352442e+04,1.0459110334e+04
1170,1.2636000000e+07,1.9017489702e+35,-3.8806566358e+35,-1.9789076656e+35,8.2274678086e+41,2.6070033587e+41,3.1315093784e+43,-1.0554932906e+05,-4.6287445430e+04,1.0458938686e+04
1171,1.2646800000e+07,1.9017319277e+35,-3.8806383797e+35,-1.9789064520e+35,8.2274681122e+41,2.6070033315e+41,3.1315094791e+43,-1.0554918543e+05,-4.6287538418e+04,1.0458767038e+04
1172,1.2657600000e+07,1.9017149270e+35,-3.8806201647e+35,-1.9789052377e+35,8.2274684158e+41,2.6070033043e+41,3.1315095798e+43,-1.0554904181e+05,-4.6287631406e+04,1.0458595390e+04
1173,1.2668400000e+07,1.9016979683e+35,-3.8806019911e+35,-1.9789040228e+35,8.2274687196e+41,2.6070032770e+41,3.1315096806e+43,-1.0554889818e+05,-4.6287724395e+04,1.0458423743e+04
1174,1.2679200000e+07,1.9016810516e+35,-3.8805838587e+35,-1.9789028071e+35,8.2274690234e+41,2.6070032496e+41,3.1315097813e+43,-1.0554875455e+05,-4.6287817383e+04,1.0458252095e+04
1175,1.2690000000e+07,1.9016641771e+35,-3.8805657679e+35,-1.9789015908e+35,8.2274693273e+41,2.6070032221e+41,3.1315098820e+43,-1.0554861092e+05,-4.6287910371e+04,1.0458080447e+04
1176,1.2700800000e+07,1.9016473448e+35,-3.8805477185e+35,-1.9789003737e+35,8.2274696313e+41,2.6070031946e+41,3.1315099827e+43,-1.0554846729e+05,-4.6288003359e+04,1.0457908799e+04
1177,1.2711600000e+07,1.9016305549e+35,-3.8805297108e+35,-1.9788991559e+35,8.2274699354e+41,2.6070031669e+41,3.1315100835e+43,-1.0554832367e+05,-4.6288096348e+04,1.0457737151e+04
1178,1.2722400000e+07,1.9016138074e+35,-3.8805117449e+35,-1.9788979374e+35,8.2274702395e+41,2.6070031392e+41,3.1315101842e+43,-1.0554818004e+05,-4.6288189336e+04,1.0457565503e+04
1179,1.2733200000e+07,1.9015971025e+35,-3.8804938207e+35,-1.9788967182e+35,8.2274705438e+41,2.6070031113e+41,3.1315102849e+43,-1.0554803641e+05,-4.6288282324e+04,1.0457393855e+04
1180,1.2744000000e+07,1.9015804402e+35,-3.8804759384e+35,-1.9788954982e+35,8.2274708481e+41,2.6070030834e+41,3.1315103857e+43,-1.0554789278e+05,-4.6288375313e+04,1.0457222207e+04
1181,1.2754800000e+07,1.9015638207e+35,-3.8804580982e+35,-1.9788942775e+35,8.2274711525e+41,2.6070030554e+41,3.1315104865e+43,-1.0554774915e+05,-4.6288468301e+04,1.0457050559e+04
1182,1.2765600000e+07,1.9015472440e+35,-3.8804403000e+35,-1.9788930560e+35,8.2274714571e+41,2.6070030273e+41,3.1315105872e+43,-1.0554760553e+05,-4.6288561289e+04,1.0456878911e+04
1183,1.2776400000e+07,1.9015307102e+35,-3.8804225439e+35,-1.9788918337e+35,8.2274717617e+41,2.6070029991e+41,3.1315106880e+43,-1.0554746190e+05,-4.6288654277e+04,1.0456707263e+04
1184,1.2787200000e+07,1.9015142195e+35,-3.8804048301e+35,-1.9788906106e+35,8.2274720663e+41,2.6070029708e+41,3.1315107888e+43,-1.0554731827e+05,-4.6288747266e+04,1.0456535615e+04
1185,1.2798000000e+07,1.9014977718e+35,-3.8803871586e+35,-1.9788893867e+35,8.2274723711e+41,2.6070029424e+41,3.1315108896e+43,-1.0554717464e+05,-4.6288840254e+04,1.0456363967e+04
1186,1.2808800000e+07,1.9014813674e+35,-3.8803695295e+35,-1.9788881621e+35,8.2274726760e+41,2.6070029139e+41,3.1315109904e+43,-1.0554703101e+05,-4.6288933242e+04,1.0456192319e+04
1187,1.2819600000e+07,1.9014650063e+35,-3.8803519428e+35,-1.9788869366e+35,8.2274729810e+41,2.6070028853e+41,3.1315110912e+43,-1.0554688739e+05,-4.6289026231e+04,1.0456020671e+04
1188,1.2830400000e+07,1.9014486885e+35,-3.8803343988e+35,-1.9788857102e+35,8.2274732860e+41,2.6070028566e+41,3.1315111920e+43,-1.0554674376e+05,-4.6289119219e+04,1.0455849023e+04
1189,1.2841200000e+07,1.9014324143e+35,-3.8803168973e+35,-1.9788844831e+35,8.2274735912e+41,2.6070028278e+41,3.1315112928e+43,-1.0554660013e+05,-4.6289212207e+04,1.0455677375e+04
1190,1.2852000000e+07,1.9014161835e+35,-3.8802994386e+35,-1.9788832550e+35,8.2274738965e+41,2.6070027989e+41,3.1315113936e+43,-1.0554645650e+05,-4.6289305195e+04,1.0455505728e+04
1191,1.2862800000e+07,1.9013999965e+35,-3.8802820226e+35,-1.9788820261e+35,8.2274742018e+41,2.6070027700e+41,3.1315114944e+43,-1.0554631287e+05,-4.6289398184e+04,1.0455334080e+04
1192,1.2873600000e+07,1.9013838531e+35,-3.8802646495e+35,-1.9788807964e+35,8.2274745073e+41,2.6070027409e+41,3.1315115953e+43,-1.0554616925e+05,-4.6289491172e+04,1.0455162432e+04
1193,1.2884400000e+07,1.9013677535e+35,-3.8802473193e+35,-1.9788795657e+35,8.2274748128e+41,2.6070027117e+41,3.1315116961e+43,-1.0554602562e+05,-4.6289584160e+04,1.0454990784e+04
1194,1.2895200000e+07,1.9013516979e+35,-3.8802300320e+35,-1.9788783342e+35,8.2274751185e+41,2.6070026824e+41,3.1315117970e+43,-1.0554588199e+05,-4.6289677149e+04,1.0454819136e+04
1195,1.2906000000e+07,1.9013356861e+35,-3.8802127878e+35,-1.9788771017e+35,8.2274754243e+41,2.6070026530e+41,3.1315118979e+43,-1.0554573836e+05,-4.6289770137e+04,1.0454647488e+04
1196,1.2916800000e+07,1.9013197184e+35,-3.8801955867e+35,-1.9788758683e+35,8.2274757301e+41,2.6070026235e+41,3.1315119987e+43,-1.0554559473e+05,-4.6289863125e+04,1.0454475840e+04
1197,1.2927600000e+07,1.9013037949e+35,-3.8801784288e+35,-1.9788746340e+35,8.2274760361e+41,2.6070025939e+41,3.1315120996e+43,-1.0554545111e+05,-4.6289956113e+04,1.0454304192e+04
1198,1.2938400000e+07,1.9012879155e+35,-3.8801613142e+35,-1.9788733987e+35,8.2274763422e+41,2.6070025641e+41,3.1315122005e+43,-1.0554530748e+05,-4.6290049102e+04,1.0454132544e+04
1199,1.2949200000e+07,1.9012720803e+35,-3.8801442428e+35,-1.9788721625e+35,8.2274766484e+41,2.6070025343e+41,3.1315123014e+43,-1.0554516385e+05,-4.6290142090e+04,1.0453960896e+04
1200,1.2960000000e+07,1.9012562894e+35,-3.8801272147e+35,-1.9788709253e+35,8.2274769547e+41,2.6070025044e+41,3.1315124023e+43,-1.0554502022e+05,-4.6290235078e+04,1.0453789248e+04
1201,1.2970800000e+07,1.9012405430e+35,-3.8801102301e+35,-1.9788696871e+35,8.2274772611e+41,2.6070024743e+41,3.1315125032e+43,-1.0554487659e+05,-4.6290328067e+04,1.0453617600e+04
1202,1.2981600000e+07,1.9012248409e+35,-3.8800932889e+35,-1.9788684479e+35,8.2274775676e+41,2.6070024441e+41,3.1315126041e+43,-1.0554473297e+05,-4.6290421055e+04,1.0453445952e+04
1203,1.2992400000e+07,1.9012091834e+35,-3.8800763912e+35,-1.9788672077e+35,8.2274778742e+41,2.6070024139e+41,3.1315127051e+43,-1.0554458934e+05,-4.6290514043e+04,1.0453274304e+04
1204,1.3003200000e+07,1.9011935705e+35,-3.8800595370e+35,-1.9788659665e+35,8.2274781809e+41,2.6070023835e+41,3.1315128060e+43,-1.0554444571e+05,-4.6290607031e+04,1.0453102656e+04
1205,1.3014000000e+07,1.9011780021e+35,-3.8800427264e+35,-1.9788647243e+35,8.2274784878e+41,2.6070023530e+41,3.1315129070e+43,-1.0554430208e+05,-4.6290700020e+04,1.0452931008e+04
1206,1.3024800000e+07,1.9011624784e+35,-3.8800259595e+35,-1.9788634810e+35,8.2274787947e+41,2.6070023223e+41,3.1315130079e+43,-1.0554415845e+05,-4.6290793008e+04,1.0452759360e+04
1207,1.3035600000e+07,1.9011469995e+35,-3.8800092362e+35,-1.9788622367e+35,8.2274791018e+41,2.6070022916e+41,3.1315131089e+43,-1.0554401483e+05,-4.6290885996e+04,1.0452587712e+04
1208,1.3046400000e+07,1.9011315653e+35,-3.8799925566e+35,-1.9788609913e+35,8.2274794090e+41,2.6070022608e+41,3.1315132099e+43,-1.0554387120e+05,-4.6290978985e+04,1.0452416065e+04
1209,1.3057200000e+07,1.9011161759e+35,-3.8799759207e+35,-1.9788597448e+35,8.2274797163e+41,2.6070022298e+41,3.1315133109e+43,-1.0554372757e+05,-4.6291071973e+04,1.0452244417e+04
1210,1.3068000000e+07,1.9011008314e+35,-3.8799593286e+35,-1.9788584971e+35,8.2274800237e+41,2.6070021987e+41,3.1315134119e+43,-1.0554358394e+05,-4.6291164961e+04,1.0452072769e+04
1211,1.3078800000e+07,1.9010855318e+35,-3.8799427803e+35,-1.9788572484e+35,8.2274803313e+41,2.6070021675e+41,3.1315135129e+43,-1.0554344031e+05,-4.6291257949e+04,1.0451901121e+04
1212,1.3089600000e+07,1.9010702772e+35,-3.8799262758e+35,-1.9788559986e+35,8.2274806390e+41,2.6070021361e+41,3.1315136139e+43,-1.0554329669e+05,-4.6291350938e+04,1.0451729473e+04
1213,1.3100400000e+07,1.9010550675e+35,-3.8799098151e+35,-1.9788547476e+35,8.2274809468e+41,2.6070021047e+41,3.1315137149e+43,-1.0554315306e+05,-4.6291443926e+04,1.0451557825e+04
1214,1.3111200000e+07,1.9010399028e+35,-3.8798933982e+35,-1.9788534954e+35,8.2274812547e+41,2.6070020731e+41,3.1315138160e+43,-1.0554300943e+05,-4.6291536914e+04,1.0451386177e+04
1215,1.3122000000e+07,1.9010247831e+35,-3.8798770253e+35,-1.9788522421e+35,8.2274815627e+41,2.6070020414e+41,3.1315139170e+43,-1.0554286580e+05,-4.6291629903e+04,1.0451214529e+04
1216,1.3132800000e+07,1.9010097085e+35,-3.8798606962e+35,-1.9788509876e+35,8.2274818709e+41,2.6070020096e+41,3.1315140181e+43,-1.0554272217e+05,-4.6291722891e+04,1.0451042881e+04
1217,1.3143600000e+07,1.9009946790e+35,-3.8798444110e+35,-1.9788497319e+35,8.2274821792e+41,2.6070019776e+41,3.1315141191e+43,-1.0554257855e+05,-4.6291815879e+04,1.0450871233e+04
1218,1.3154400000e+07,1.9009796946e+35,-3.8798281696e+35,-1.9788484750e+35,8.2274824876e+41,2.6070019455e+41,3.1315142202e+43,-1.0554243492e+05,-4.6291908867e+04,1.0450699585e+04
1219,1.3165200000e+07,1.9009647553e+35,-3.8798119722e+35,-1.9788472169e+35,8.2274827962e+41,2.6070019133e+41,3.1315143213e+43,-1.0554229129e+05,-4.6292001856e+04,1.0450527937e+04
1220,1.3176000000e+07,1.9009498611e+35,-3.8797958186e+35,-1.9788459575e+35,8.2274831049e+41,2.6070018809e+41,3.1315144224e+43,-1.0554214766e+05,-4.6292094844e+04,1.0450356289e+04
1221,1.3186800000e+07,1.9009350120e+35,-3.8797797089e+35,-1.9788446968e+35,8.2274834137e+41,2.6070018485e+41,3.1315145235e+43,-1.0554200403e+05,-4.6292187832e+04,1.0450184641e+04
1222,1.3197600000e+07,1.9009202081e+35,-3.8797636430e+35,-1.9788434349e+35,8.2274837226e+41,2.6070018159e+41,3.1315146247e+43,-1.0554186041e+05,-4.6292280821e+04,1.0450012993e+04
1223,1.3208400000e+07,1.9009054493e+35,-3.8797476210e+35,-1.9788421717e+35,8.2274840317e+41,2.6070017831e+41,3.1315147258e+43,-1.0554171678e+05,-4.6292373809e+04,1.0449841345e+04
1224,1.3219200000e+07,1.9008907356e+35,-3.8797316428e+35,-1.9788409072e+35,8.2274843409e+41,2.6070017502e+41,3.1315148270e+43,-1.0554157315e+05,-4.6292466797e+04,1.0449669697e+04
1225,1.3230000000e+07,1.9008760670e+35,-3.8797157084e+35,-1.9788396414e+35,8.2274846503e+41,2.6070017172e+41,3.1315149281e+43,-1.0554142952e+05,-4.6292559786e+04,1.0449498050e+04
1226,1.3240800000e+07,1.9008614436e+35,-3.8796998177e+35,-1.9788383742e+35,8.2274849598e+41,2.6070016841e+41,3.1315150293e+43,-1.0554128589e+05,-4.6292652773e+04,1.0449326402e+04
1227,1.3251600000e+07,1.9008468652e+35,-3.8796839708e+35,-1.9788371057e+35,8.2274852694e+41,2.6070016508e+41,3.1315151305e+43,-1.0554114227e+05,-4.6292745762e+04,1.0449154754e+04
1228,1.3262400000e+07,1.9008323318e+35,-3.8796681676e+35,-1.9788358358e+35,8.2274855792e+41,2.6070016173e+41,3.1315152317e+43,-1.0554099864e+05,-4.6292838751e+04,1.0448983106e+04
1229,1.3273200000e+07,1.9008178436e+35,-3.8796524081e+35,-1.9788345645e+35,8.2274858891e+41,2.6070015838e+41,3.1315153329e+43,-1.0554085501e+05,-4.6292931739e+04,1.0448811458e+04
1230,1.3284000000e+07,1.9008034003e+35,-3.8796366921e+35,-1.9788332918e+35,8.2274861992e+41,2.6070015501e+41,3.1315154341e+43,-1.0554071138e+05,-4.6293024727e+04,1.0448639810e+04
1231,1.3294800000e+07,1.9007890020e+35,-3.8796210197e+35,-1.9788320177e+35,8.2274865094e+41,2.6070015162e+41,3.1315155354e+43,-1.0554056775e+05,-4.6293117715e+04,1.0448468162e+04
1232,1.3305600000e+07,1.9007746486e+35,-3.8796053908e+35,-1.9788307422e+35,8.2274868198e+41,2.6070014822e+41,3.1315156366e+43,-1.0554042413e+05,-4.6293210704e+04,1.0448296514e+04
1233,1.3316400000e+07,1.9007603401e+35,-3.8795898053e+35,-1.9788294652e+35,8.2274871303e+41,2.6070014481e+41,3.1315157379e+43,-1.0554028050e+05,-4.6293303692e+04,1.0448124866e+04
1234,1.3327200000e+07,1.9007460764e+35,-3.8795742631e+35,-1.9788281867e+35,8.2274874409e+41,2.6070014138e+41,3.1315158391e+43,-1.0554013687e+05,-4.6293396680e+04,1.0447953218e+04
1235,1.3338000000e+07,1.9007318575e+35,-3.8795587643e+35,-1.9788269068e+35,8.2274877517e+41,2.6070013793e+41,3.1315159404e+43,-1.0553999324e+05,-4.6293489668e+04,1.0447781570e+04
1236,1.3348800000e+07,1.9007176833e+35,-3.8795433086e+35,-1.9788256253e+35,8.2274880627e+41,2.6070013448e+41,3.1315160417e+43,-1.0553984961e+05,-4.6293582657e+04,1.0447609922e+04
1237,1.3359600000e+07,1.9007035537e+35,-3.8795278961e+35,-1.9788243424e+35,8.2274883738e+41,2.6070013100e+41,3.1315161431e+43,-1.0553970599e+05,-4.6293675645e+04,1.0447438274e+04
1238,1.3370400000e+07,1.9006894687e+35,-3.8795125266e+35,-1.9788230579e+35,8.2274886851e+41,2.6070012751e+41,3.1315162444e+43,-1.0553956236e+05,-4.6293768633e+04,1.0447266626e+04
1239,1.3381200000e+07,1.9006754282e+35,-3.8794972000e+35,-1.9788217718e+35,8.2274889965e+41,2.6070012401e+41,3.1315163457e+43,-1.0553941873e+05,-4.6293861622e+04,1.0447094978e+04
1240,1.3392000000e+07,1.9006614321e+35,-3.8794819162e+35,-1.9788204841e+35,8.2274893081e+41,2.6070012049e+41,3.1315164471e+43,-1.0553927510e+05,-4.6293954610e+04,1.0446923330e+04
1241,1.3402800000e+07,1.9006474803e+35,-3.8794666752e+35,-1.9788191949e+35,8.2274896198e+41,2.6070011696e+41,3.1315165485e+43,-1.0553913147e+05,-4.6294047598e+04,1.0446751682e+04
1242,1.3413600000e+07,1.9006335727e+35,-3.8794514768e+35,-1.9788179041e+35,8.2274899317e+41,2.6070011341e+41,3.1315166498e+43,-1.0553898785e+05,-4.6294140586e+04,1.0446580034e+04
1243,1.3424400000e+07,1.9006197093e+35,-3.8794363208e+35,-1.9788166116e+35,8.2274902437e+41,2.6070010984e+41,3.1315167512e+43,-1.0553884422e+05,-4.6294233574e+04,1.0446408387e+04
1244,1.3435200000e+07,1.9006058898e+35,-3.8794212072e+35,-1.9788153174e+35,8.2274905559e+41,2.6070010626e+41,3.1315168527e+43,-1.0553870059e+05,-4.6294326563e+04,1.0446236739e+04
1245,1.3446000000e+07,1.9005921142e+35,-3.8794061359e+35,-1.9788140216e+35,8.2274908683e+41,2.6070010266e+41,3.1315169541e+43,-1.0553855696e+05,-4.6294419551e+04,1.0446065091e+04
1246,1.3456800000e+07,1.9005783824e+35,-3.8793911065e+35,-1.9788127242e+35,8.2274911809e+41,2.6070009905e+41,3.1315170555e+43,-1.0553841333e+05,-4.6294512539e+04,1.0445893443e+04
1247,1.3467600000e+07,1.9005646942e+35,-3.8793761192e+35,-1.9788114250e+35,8.2274914936e+41,2.6070009542e+41,3.1315171570e+43,-1.0553826971e+05,-4.6294605528e+04,1.0445721795e+04
1248,1.3478400000e+07,1.9005510495e+35,-3.8793611735e+35,-1.9788101240e+35,8.2274918065e+41,2.6070009177e+41,3.1315172585e+43,-1.0553812608e+05,-4.6294698516e+04,1.0445550147e+04
1249,1.3489200000e+07,1.9005374481e+35,-3.8793462695e+35,-1.9788088214e+35,8.2274921195e+41,2.6070008811e+41,3.1315173599e+43,-1.0553798245e+05,-4.6294791504e+04,1.0445378499e+04
1250,1.3500000000e+07,1.9005238900e+35,-3.8793314069e+35,-1.9788075169e+35,8.2274924327e+41,2.6070008443e+41,3.1315174614e+43,-1.0553783882e+05,-4.6294884493e+04,1.0445206851e+04
1251,1.3510800000e+07,1.9005103749e+35,-3.8793165856e+35,-1.9788062107e+35,8.2274927461e+41,2.6070008074e+41,3.1315175630e+43,-1.0553769519e+05,-4.6294977481e+04,1.0445035203e+04
1252,1.3521600000e+07,1.9004969026e+35,-3.8793018053e+35,-1.9788049027e+35,8.2274930597e+41,2.6070007702e+41,3.1315176645e+43,-1.0553755157e+05,-4.6295070469e+04,1.0444863555e+04
1253,1.3532400000e+07,1.9004834730e+35,-3.8792870659e+35,-1.9788035928e+35,8.2274933734e+41,2.6070007329e+41,3.1315177661e+43,-1.0553740794e+05,-4.6295163457e+04,1.0444691907e+04
1254,1.3543200000e+07,1.9004700860e+35,-3.8792723671e+35,-1.9788022811e+35,8.2274936873e+41,2.6070006955e+41,3.1315178676e+43,-1.0553726431e+05,-4.6295256446e+04,1.0444520259e+04
1255,1.3554000000e+07,1.9004567413e+35,-3.8792577088e+35,-1.9788009676e+35,8.2274940014e+41,2.6070006579e+41,3.1315179692e+43,-1.0553712068e+05,-4.6295349434e+04,1.0444348611e+04
1256,1.3564800000e+07,1.9004434386e+35,-3.8792430908e+35,-1.9787996521e+35,8.2274943157e+41,2.6070006200e+41,3.1315180708e+43,-1.0553697705e+05,-4.6295442422e+04,1.0444176963e+04
1257,1.3575600000e+07,1.9004301779e+35,-3.8792285127e+35,-1.9787983347e+35,8.2274946302e+41,2.6070005821e+41,3.1315181724e+43,-1.0553683343e+05,-4.6295535411e+04,1.0444005315e+04
1258,1.3586400000e+07,1.9004169589e+35,-3.8792139744e+35,-1.9787970155e+35,8.2274949448e+41,2.6070005439e+41,3.1315182741e+43,-1.0553668980e+05,-4.6295628399e+04,1.0443833667e+04
1259,1.3597200000e+07,1.9004037814e+35,-3.8791994756e+35,-1.9787956942e+35,8.2274952596e+41,2.6070005056e+41,3.1315183757e+43,-1.0553654617e+05,-4.6295721387e+04,1.0443662019e+04
1260,1.3608000000e+07,1.9003906451e+35,-3.8791850161e+35,-1.9787943710e+35,8.2274955746e+41,2.6070004671e+41,3.1315184774e+43,-1.0553640254e+05,-4.6295814375e+04,1.0443490372e+04
1261,1.3618800000e+07,1.9003775498e+35,-3.8791705956e+35,-1.9787930458e+35,8.2274958898e+41,2.6070004284e+41,3.1315185791e+43,-1.0553625891e+05,-4.6295907364e+04,1.0443318724e+04
1262,1.3629600000e+07,1.9003644952e+35,-3.8791562138e+35,-1.9787917186e+35,8.2274962052e+41,2.6070003895e+41,3.1315186808e+43,-1.0553611529e+05,-4.6296000352e+04,1.0443147076e+04
1263,1.3640400000e+07,1.9003514811e+35,-3.8791418704e+35,-1.9787903893e+35,8.2274965207e+41,2.6070003504e+41,3.1315187825e+43,-1.0553597166e+05,-4.6296093340e+04,1.0442975428e+04
1264,1.3651200000e+07,1.9003385072e+35,-3.8791275652e+35,-1.9787890580e+35,8.2274968365e+41,2.6070003112e+41,3.1315188842e+43,-1.0553582803e+05,-4.6296186328e+04,1.0442803780e+04
1265,1.3662000000e+07,1.9003255733e+35,-3.8791132978e+35,-1.9787877246e+35,8.2274971524e+41,2.6070002718e+41,3.1315189860e+43,-1.0553568440e+05,-4.6296279317e+04,1.0442632132e+04
1266,1.3672800000e+07,1.9003126789e+35,-3.8790990680e+35,-1.9787863891e+35,8.2274974686e+41,2.6070002322e+41,3.1315190877e+43,-1.0553554077e+05,-4.6296372305e+04,1.0442460484e+04
1267,1.3683600000e+07,1.9002998239e+35,-3.8790848754e+35,-1.9787850514e+35,8.2274977849e+41,2.6070001924e+41,3.1315191895e+43,-1.0553539715e+05,-4.6296465293e+04,1.0442288836e+04
1268,1.3694400000e+07,1.9002870080e+35,-3.8790707196e+35,-1.9787837116e+35,8.2274981014e+41,2.6070001524e+41,3.1315192913e+43,-1.0553525352e+05,-4.6296558282e+04,1.0442117188e+04
1269,1.3705200000e+07,1.9002742307e+35,-3.8790566004e+35,-1.9787823697e+35,8.2274984182e+41,2.6070001122e+41,3.1315193932e+43,-1.0553510989e+05,-4.6296651270e+04,1.0441945540e+04
1270,1.3716000000e+07,1.9002614918e+35,-3.8790425173e+35,-1.9787810255e+35,8.2274987351e+41,2.6070000719e+41,3.1315194950e+43,-1.0553496626e+05,-4.6296744258e+04,1.0441773892e+04
1271,1.3726800000e+07,1.9002487909e+35,-3.8790284700e+35,-1.9787796792e+35,8.2274990522e+41,2.6070000313e+41,3.1315195969e+43,-1.0553482263e+05,-4.6296837246e+04,1.0441602244e+04
1272,1.3737600000e+07,1.9002361276e+35,-3.8790144582e+35,-1.9787783306e+35,8.2274993696e+41,2.6069999906e+41,3.1315196988e+43,-1.0553467901e+05,-4.6296930235e+04,1.0441430596e+04
1273,1.3748400000e+07,1.9002235017e+35,-3.8790004814e+35,-1.9787769797e+35,8.2274996871e+41,2.6069999496e+41,3.1315198007e+43,-1.0553453538e+05,-4.6297023223e+04,1.0441258948e+04
1274,1.3759200000e+07,1.9002109127e+35,-3.8789865392e+35,-1.9787756265e+35,8.2275000048e+41,2.6069999085e+41,3.1315199026e+43,-1.0553439175e+05,-4.6297116211e+04,1.0441087300e+04
1275,1.3770000000e+07,1.9001983602e+35,-3.8789726312e+35,-1.9787742711e+35,8.2275003228e+41,2.6069998672e+41,3.1315200045e+43,-1.0553424812e+05,-4.6297209199e+04,1.0440915652e+04
1276,1.3780800000e+07,1.9001858438e+35,-3.8789587571e+35,-1.9787729133e+35,8.2275006409e+41,2.6069998256e+41,3.1315201065e+43,-1.0553410449e+05,-4.6297302188e+04,1.0440744004e+04
1277,1.3791600000e+07,1.9001733632e+35,-3.8789449163e+35,-1.9787715531e+35,8.2275009593e+41,2.6069997839e+41,3.1315202085e+43,-1.0553396087e+05,-4.6297395176e+04,1.0440572356e+04
1278,1.3802400000e+07,1.9001609178e+35,-3.8789311084e+35,-1.9787701905e+35,8.2275012779e+41,2.6069997420e+41,3.1315203105e+43,-1.0553381724e+05,-4.6297488164e+04,1.0440400709e+04
1279,1.3813200000e+07,1.9001485073e+35,-3.8789173329e+35,-1.9787688256e+35,8.2275015967e+41,2.6069996999e+41,3.1315204125e+43,-1.0553367361e+05,-4.6297581153e+04,1.0440229061e+04
1280,1.3824000000e+07,1.9001361312e+35,-3.8789035894e+35,-1.9787674582e+35,8.2275019157e+41,2.6069996575e+41,3.1315205145e+43,-1.0553352998e+05,-4.6297674141e+04,1.0440057413e+04
1281,1.3834800000e+07,1.9001237891e+35,-3.8788898774e+35,-1.9787660884e+35,8.2275022349e+41,2.6069996150e+41,3.1315206166e+43,-1.0553338635e+05,-4.6297767129e+04,1.0439885765e+04
1282,1.3845600000e+07,1.9001114804e+35,-3.8788761964e+35,-1.9787647161e+35,8.2275025543e+41,2.6069995722e+41,3.1315207187e+43,-1.0553324273e+05,-4.6297860117e+04,1.0439714117e+04
1283,1.3856400000e+07,1.9000992046e+35,-3.8788625459e+35,-1.9787633412e+35,8.2275028740e+41,2.6069995293e+41,3.1315208208e+43,-1.0553309910e+05,-4.6297953106e+04,1.0439542469e+04
1284,1.3867200000e+07,1.9000869614e+35,-3.8788489253e+35,-1.9787619639e+35,8.2275031938e+41,2.6069994861e+41,3.1315209229e+43,-1.0553295547e+05,-4.6298046094e+04,1.0439370821e+04
1285,1.3878000000e+07,1.9000747501e+35,-3.8788353341e+35,-1.9787605840e+35,8.2275035139e+41,2.6069994427e+41,3.1315210250e+43,-1.0553281184e+05,-4.6298139082e+04,1.0439199173e+04
1286,1.3888800000e+07,1.9000625702e+35,-3.8788217717e+35,-1.9787592015e+35,8.2275038342e+41,2.6069993991e+41,3.1315211272e+43,-1.0553266821e+05,-4.6298232071e+04,1.0439027525e+04
1287,1.3899600000e+07,1.9000504212e+35,-3.8788082376e+35,-1.9787578164e+35,8.2275041548e+41,2.6069993553e+41,3.1315212294e+43,-1.0553252459e+05,-4.6298325059e+04,1.0438855877e+04
1288,1.3910400000e+07,1.9000383025e+35,-3.8787947312e+35,-1.9787564287e+35,8.2275044755e+41,2.6069993113e+41,3.1315213316e+43,-1.0553238096e+05,-4.6298418047e+04,1.0438684229e+04
1289,1.3921200000e+07,1.9000262136e+35,-3.8787812519e+35,-1.9787550384e+35,8.2275047965e+41,2.6069992671e+41,3.1315214338e+43,-1.0553223733e+05,-4.6298511036e+04,1.0438512581e+04
1290,1.3932000000e+07,1.9000141538e+35,-3.8787677991e+35,-1.9787536453e+35,8.2275051177e+41,2.6069992227e+41,3.1315215360e+43,-1.0553209370e+05,-4.6298604024e+04,1.0438340933e+04
1291,1.3942800000e+07,1.9000021226e+35,-3.8787543722e+35,-1.9787522496e+35,8.2275054392e+41,2.6069991780e+41,3.1315216383e+43,-1.0553195007e+05,-4.6298697012e+04,1.0438169285e+04
1292,1.3953600000e+07,1.8999901193e+35,-3.8787409704e+35,-1.9787508511e+35,8.2275057609e+41,2.6069991331e+41,3.1315217406e+43,-1.0553180645e+05,-4.6298790000e+04,1.0437997637e+04
1293,1.3964400000e+07,1.8999781434e+35,-3.8787275933e+35,-1.9787494499e+35,8.2275060828e+41,2.6069990880e+41,3.1315218429e+43,-1.0553166282e+05,-4.6298882989e+04,1.0437825989e+04
1294,1.3975200000e+07,1.8999661941e+35,-3.8787142400e+35,-1.9787480459e+35,8.2275064049e+41,2.6069990427e+41,3.1315219452e+43,-1.0553151919e+05,-4.6298975977e+04,1.0437654341e+04
1295,1.3986000000e+07,1.8999542708e+35,-3.8787009099e+35,-1.9787466391e+35,8.2275067273e+41,2.6069989972e+41,3.1315220476e+43,-1.0553137556e+05,-4.6299068965e+04,1.0437482694e+04
1296,1.3996800000e+07,1.8999423728e+35,-3.8786876023e+35,-1.9787452295e+35,8.2275070499e+41,2.6069989514e+41,3.1315221500e+43,-1.0553123193e+05,-4.6299161953e+04,1.0437311046e+04
1297,1.4007600000e+07,1.8999304995e+35,-3.8786743165e+35,-1.9787438170e+35,8.2275073727e+41,2.6069989054e+41,3.1315222524e+43,-1.0553108831e+05,-4.6299254942e+04,1.0437139398e+04
1298,1.4018400000e+07,1.8999186501e+35,-3.8786610517e+35,-1.9787424016e+35,8.2275076958e+41,2.6069988592e+41,3.1315223548e+43,-1.0553094468e+05,-4.6299347930e+04,1.0436967750e+04
1299,1.4029200000e+07,1.8999068239e+35,-3.8786478072e+35,-1.9787409834e+35,8.2275080191e+41,2.6069988128e+41,3.1315224573e+43,-1.0553080105e+05,-4.6299440918e+04,1.0436796102e+04
1300,1.4040000000e+07,1.8998950201e+35,-3.8786345823e+35,-1.9787395622e+35,8.2275083427e+41,2.6069987661e+41,3.1315225597e+43,-1.0553065742e+05,-4.6299533907e+04,1.0436624454e+04
1301,1.4050800000e+07,1.8998832380e+35,-3.8786213760e+35,-1.9787381380e+35,8.2275086665e+41,2.6069987192e+41,3.1315226622e+43,-1.0553051379e+05,-4.6299626895e+04,1.0436452806e+04
1302,1.4061600000e+07,1.8998714769e+35,-3.8786081878e+35,-1.9787367109e+35,8.2275089906e+41,2.6069986721e+41,3.1315227647e+43,-1.0553037017e+05,-4.6299719883e+04,1.0436281158e+04
1303,1.4072400000e+07,1.8998597359e+35,-3.8785950166e+35,-1.9787352807e+35,8.2275093149e+41,2.6069986247e+41,3.1315228673e+43,-1.0553022654e+05,-4.6299812871e+04,1.0436109510e+04
1304,1.4083200000e+07,1.8998480142e+35,-3.8785818618e+35,-1.9787338476e+35,8.2275096394e+41,2.6069985772e+41,3.1315229698e+43,-1.0553008291e+05,-4.6299905859e+04,1.0435937862e+04
1305,1.4094000000e+07,1.8998363110e+35,-3.8785687223e+35,-1.9787324114e+35,8.2275099642e+41,2.6069985293e+41,3.1315230724e+43,-1.0552993928e+05,-4.6299998848e+04,1.0435766214e+04
1306,1.4104800000e+07,1.8998246254e+35,-3.8785555975e+35,-1.9787309721e+35,8.2275102892e+41,2.6069984813e+41,3.1315231750e+43,-1.0552979565e+05,-4.6300091836e+04,1.0435594566e+04
1307,1.4115600000e+07,1.8998129567e+35,-3.8785424863e+35,-1.9787295296e+35,8.2275106145e+41,2.6069984330e+41,3.1315232777e+43,-1.0552965203e+05,-4.6300184825e+04,1.0435422918e+04
1308,1.4126400000e+07,1.8998013038e+35,-3.8785293879e+35,-1.9787280841e+35,8.2275109401e+41,2.6069983845e+41,3.1315233803e+43,-1.0552950840e+05,-4.6300277813e+04,1.0435251270e+04
1309,1.4137200000e+07,1.8997896660e+35,-3.8785163014e+35,-1.9787266354e+35,8.2275112658e+41,2.6069983357e+41,3.1315234830e+43,-1.0552936477e+05,-4.6300370801e+04,1.0435079622e+04
1310,1.4148000000e+07,1.8997780422e+35,-3.8785032258e+35,-1.9787251835e+35,8.2275115919e+41,2.6069982867e+41,3.1315235857e+43,-1.0552922114e+05,-4.6300463790e+04,1.0434907974e+04
1311,1.4158800000e+07,1.8997664317e+35,-3.8784901601e+35,-1.9787237284e+35,8.2275119182e+41,2.6069982375e+41,3.1315236885e+43,-1.0552907751e+05,-4.6300556778e+04,1.0434736326e+04
1312,1.4169600000e+07,1.8997548333e+35,-3.8784771035e+35,-1.9787222701e+35,8.2275122447e+41,2.6069981880e+41,3.1315237912e+43,-1.0552893388e+05,-4.6300649766e+04,1.0434564678e+04
1313,1.4180400000e+07,1.8997432462e+35,-3.8784640548e+35,-1.9787208086e+35,8.2275125715e+41,2.6069981383e+41,3.1315238940e+43,-1.0552879026e+05,-4.6300742754e+04,1.0434393031e+04
1314,1.4191200000e+07,1.8997316694e+35,-3.8784510131e+35,-1.9787193437e+35,8.2275128986e+41,2.6069980883e+41,3.1315239968e+43,-1.0552864663e+05,-4.6300835743e+04,1.0434221383e+04
1315,1.4202000000e+07,1.8997201018e+35,-3.8784379774e+35,-1.9787178756e+35,8.2275132259e+41,2.6069980381e+41,3.1315240996e+43,-1.0552850300e+05,-4.6300928731e+04,1.0434049735e+04
1316,1.4212800000e+07,1.8997085425e+35,-3.8784249466e+35,-1.9787164041e+35,8.2275135535e+41,2.6069979876e+41,3.1315242025e+43,-1.0552835937e+05,-4.6301021719e+04,1.0433878087e+04
1317,1.4223600000e+07,1.8996969904e+35,-3.8784119196e+35,-1.9787149293e+35,8.2275138814e+41,2.6069979369e+41,3.1315243054e+43,-1.0552821574e+05,-4.6301114708e+04,1.0433706439e+04
1318,1.4234400000e+07,1.8996854443e+35,-3.8783988954e+35,-1.9787134511e+35,8.2275142095e+41,2.6069978860e+41,3.1315244083e+43,-1.0552807212e+05,-4.6301207696e+04,1.0433534791e+04
1319,1.4245200000e+07,1.8996739034e+35,-3.8783858729e+35,-1.9787119695e+35,8.2275145378e+41,2.6069978348e+41,3.1315245112e+43,-1.0552792849e+05,-4.6301300684e+04,1.0433363143e+04
1320,1.4256000000e+07,1.8996623664e+35,-3.8783728509e+35,-1.9787104845e+35,8.2275148665e+41,2.6069977834e+41,3.1315246142e+43,-1.0552778486e+05,-4.6301393672e+04,1.0433191495e+04
1321,1.4266800000e+07,1.8996508322e+35,-3.8783598283e+35,-1.9787089961e+35,8.2275151954e+41,2.6069977317e+41,3.1315247172e+43,-1.0552764123e+05,-4.6301486661e+04,1.0433019847e+04
1322,1.4277600000e+07,1.8996392997e+35,-3.8783468039e+35,-1.9787075042e+35,8.2275155245e+41,2.6069976798e+41,3.1315248202e+43,-1.0552749760e+05,-4.6301579649e+04,1.0432848199e+04
1323,1.4288400000e+07,1.8996277678e+35,-3.8783337766e+35,-1.9787060088e+35,8.2275158539e+41,2.6069976276e+41,3.1315249232e+43,-1.0552735398e+05,-4.6301672637e+04,1.0432676551e+04
1324,1.4299200000e+07,1.8996162353e+35,-3.8783207451e+35,-1.9787045099e+35,8.2275161836e+41,2.6069975751e+41,3.1315250263e+43,-1.0552721035e+05,-4.6301765625e+04,1.0432504903e+04
1325,1.4310000000e+07,1.8996047009e+35,-3.8783077083e+35,-1.9787030074e+35,8.2275165136e+41,2.6069975225e+41,3.1315251294e+43,-1.0552706672e+05,-4.6301858614e+04,1.0432333255e+04
1326,1.4320800000e+07,1.8995931635e+35,-3.8782946649e+35,-1.9787015014e+35,8.2275168438e+41,2.6069974695e+41,3.1315252325e+43,-1.0552692309e+05,-4.6301951602e+04,1.0432161607e+04
1327,1.4331600000e+07,1.8995816218e+35,-3.8782816137e+35,-1.9786999919e+35,8.2275171743e+41,2.6069974163e+41,3.1315253356e+43,-1.0552677946e+05,-4.6302044590e+04,1.0431989959e+04
1328,1.4342400000e+07,1.8995700746e+35,-3.8782685533e+35,-1.9786984787e+35,8.2275175051e+41,2.6069973629e+41,3.1315254388e+43,-1.0552663584e+05,-4.6302137579e+04,1.0431818311e+04
1329,1.4353200000e+07,1.8995585206e+35,-3.8782554826e+35,-1.9786969620e+35,8.2275178361e+41,2.6069973092e+41,3.1315255420e+43,-1.0552649221e+05,-4.6302230567e+04,1.0431646663e+04
1330,1.4364000000e+07,1.8995469585e+35,-3.8782424001e+35,-1.9786954416e+35,8.2275181674e+41,2.6069972553e+41,3.1315256452e+43,-1.0552634858e+05,-4.6302323555e+04,1.0431475016e+04
1331,1.4374800000e+07,1.8995353871e+35,-3.8782293046e+35,-1.9786939176e+35,8.2275184990e+41,2.6069972011e+41,3.1315257484e+43,-1.0552620495e+05,-4.6302416543e+04,1.0431303368e+04
1332,1.4385600000e+07,1.8995238049e+35,-3.8782161947e+35,-1.9786923898e+35,8.2275188308e+41,2.6069971466e+41,3.1315258517e+43,-1.0552606132e+05,-4.6302509532e+04,1.0431131720e+04
1333,1.4396400000e+07,1.8995122107e+35,-3.8782030691e+35,-1.9786908584e+35,8.2275191629e+41,2.6069970919e+41,3.1315259550e+43,-1.0552591770e+05,-4.6302602520e+04,1.0430960072e+04
1334,1.4407200000e+07,1.8995006030e+35,-3.8781899263e+35,-1.9786893233e+35,8.2275194953e+41,2.6069970370e+41,3.1315260583e+43,-1.0552577407e+05,-4.6302695508e+04,1.0430788424e+04
1335,1.4418000000e+07,1.8994889805e+35,-3.8781767650e+35,-1.9786877845e+35,8.2275198280e+41,2.6069969817e+41,3.1315261617e+43,-1.0552563044e+05,-4.6302788496e+04,1.0430616776e+04
1336,1.4428800000e+07,1.8994773418e+35,-3.8781635838e+35,-1.9786862420e+35,8.2275201609e+41,2.6069969263e+41,3.1315262650e+43,-1.0552548681e+05,-4.6302881485e+04,1.0430445128e+04
1337,1.4439600000e+07,1.8994656855e+35,-3.8781503811e+35,-1.9786846956e+35,8.2275204941e+41,2.6069968705e+41,3.1315263684e+43,-1.0552534318e+05,-4.6302974473e+04,1.0430273480e+04
1338,1.4450400000e+07,1.8994540101e+35,-3.8781371557e+35,-1.9786831456e+35,8.2275208276e+41,2.6069968146e+41,3.1315264719e+43,-1.0552519956e+05,-4.6303067461e+04,1.0430101832e+04
1339,1.4461200000e+07,1.8994423142e+35,-3.8781239059e+35,-1.9786815917e+35,8.2275211614e+41,2.6069967583e+41,3.1315265753e+43,-1.0552505593e+05,-4.6303160450e+04,1.0429930184e+04
1340,1.4472000000e+07,1.8994305962e+35,-3.8781106302e+35,-1.9786800340e+35,8.2275214954e+41,2.6069967018e+41,3.1315266788e+43,-1.0552491230e+05,-4.6303253438e+04,1.0429758536e+04
1341,1.4482800000e+07,1.8994188548e+35,-3.8780973273e+35,-1.9786784725e+35,8.2275218297e+41,2.6069966451e+41,3.1315267823e+43,-1.0552476867e+05,-4.6303346426e+04,1.0429586888e+04
1342,1.4493600000e+07,1.8994070883e+35,-3.8780839955e+35,-1.9786769072e+35,8.2275221643e+41,2.6069965881e+41,3.1315268858e+43,-1.0552462504e+05,-4.6303439414e+04,1.0429415240e+04
1343,1.4504400000e+07,1.8993952953e+35,-3.8780706334e+35,-1.9786753380e+35,8.2275224991e+41,2.6069965308e+41,3.1315269894e+43,-1.0552448142e+05,-4.6303532403e+04,1.0429243592e+04
1344,1.4515200000e+07,1.8993834743e+35,-3.8780572393e+35,-1.9786737650e+35,8.2275228343e+41,2.6069964733e+41,3.1315270930e+43,-1.0552433779e+05,-4.6303625391e+04,1.0429071944e+04
1345,1.4526000000e+07,1.8993716235e+35,-3.8780438116e+35,-1.9786721881e+35,8.2275231697e+41,2.6069964155e+41,3.1315271966e+43,-1.0552419416e+05,-4.6303718379e+04,1.0428900296e+04
1346,1.4536800000e+07,1.8993597415e+35,-3.8780303489e+35,-1.9786706074e+35,8.2275235053e+41,2.6069963574e+41,3.1315273002e+43,-1.0552405053e+05,-4.6303811368e+04,1.0428728648e+04
1347,1.4547600000e+07,1.8993478267e+35,-3.8780168494e+35,-1.9786690227e+35,8.2275238413e+41,2.6069962992e+41,3.1315274039e+43,-1.0552390690e+05,-4.6303904356e+04,1.0428557000e+04
1348,1.4558400000e+07,1.8993358775e+35,-3.8780033117e+35,-1.9786674342e+35,8.2275241775e+41,2.6069962406e+41,3.1315275076e+43,-1.0552376328e+05,-4.6303997344e+04,1.0428385353e+04
1349,1.4569200000e+07,1.8993238921e+35,-3.8779897339e+35,-1.9786658418e+35,8.2275245140e+41,2.6069961818e+41,3.1315276113e+43,-1.0552361965e+05,-4.6304090333e+04,1.0428213705e+04
1350,1.4580000000e+07,1.8993118691e+35,-3.8779761145e+35,-1.9786642454e+35,8.2275248508e+41,2.6069961227e+41,3.1315277151e+43,-1.0552347602e+05,-4.6304183321e+04,1.0428042057e+04
1351,1.4590800000e+07,1.8992998066e+35,-3.8779624518e+35,-1.9786626452e+35,8.2275251878e+41,2.6069960634e+41,3.1315278188e+43,-1.0552333239e+05,-4.6304276309e+04,1.0427870409e+04
1352,1.4601600000e+07,1.8992877031e+35,-3.8779487441e+35,-1.9786610410e+35,8.2275255251e+41,2.6069960038e+41,3.1315279226e+43,-1.0552318876e+05,-4.6304369297e+04,1.0427698761e+04
1353,1.4612400000e+07,1.8992755569e+35,-3.8779349897e+35,-1.9786594329e+35,8.2275258627e+41,2.6069959440e+41,3.1315280265e+43,-1.0552304514e+05,-4.6304462285e+04,1.0427527113e+04
1354,1.4623200000e+07,1.8992633662e+35,-3.8779211870e+35,-1.9786578208e+35,8.2275262005e+41,2.6069958839e+41,3.1315281303e+43,-1.0552290151e+05,-4.6304555274e+04,1.0427355465e+04
1355,1.4634000000e+07,1.8992511293e+35,-3.8779073342e+35,-1.9786562049e+35,8.2275265387e+41,2.6069958236e+41,3.1315282342e+43,-1.0552275788e+05,-4.6304648262e+04,1.0427183817e+04
1356,1.4644800000e+07,1.8992388445e+35,-3.8778934295e+35,-1.9786545850e+35,8.2275268771e+41,2.6069957630e+41,3.1315283381e+43,-1.0552261425e+05,-4.6304741250e+04,1.0427012169e+04
1357,1.4655600000e+07,1.8992265100e+35,-3.8778794712e+35,-1.9786529611e+35,8.2275272157e+41,2.6069957022e+41,3.1315284420e+43,-1.0552247062e+05,-4.6304834239e+04,1.0426840521e+04
1358,1.4666400000e+07,1.8992141242e+35,-3.8778654576e+35,-1.9786513334e+35,8.2275275547e+41,2.6069956411e+41,3.1315285460e+43,-1.0552232700e+05,-4.6304927227e+04,1.0426668873e+04
1359,1.4677200000e+07,1.8992016852e+35,-3.8778513868e+35,-1.9786497017e+35,8.2275278939e+41,2.6069955797e+41,3.1315286500e+43,-1.0552218337e+05,-4.6305020215e+04,1.0426497225e+04
1360,1.4688000000e+07,1.8991891912e+35,-3.8778372572e+35,-1.9786480660e+35,8.2275282333e+41,2.6069955182e+41,3.1315287540e+43,-1.0552203974e+05,-4.6305113204e+04,1.0426325577e+04
1361,1.4698800000e+07,1.8991766404e+35,-3.8778230669e+35,-1.9786464264e+35,8.2275285731e+41,2.6069954563e+41,3.1315288580e+43,-1.0552189611e+05,-4.6305206192e+04,1.0426153929e+04
1362,1.4709600000e+07,1.8991640311e+35,-3.8778088141e+35,-1.9786447829e+35,8.2275289131e+41,2.6069953942e+41,3.1315289621e+43,-1.0552175248e+05,-4.6305299180e+04,1.0425982281e+04
1363,1.4720400000e+07,1.8991513614e+35,-3.8777944970e+35,-1.9786431355e+35,8.2275292533e+41,2.6069953319e+41,3.1315290662e+43,-1.0552160886e+05,-4.6305392168e+04,1.0425810633e+04
1364,1.4731200000e+07,1.8991386296e+35,-3.8777801138e+35,-1.9786414842e+35,8.2275295938e+41,2.6069952693e+41,3.1315291703e+43,-1.0552146523e+05,-4.6305485157e+04,1.0425638985e+04
1365,1.4742000000e+07,1.8991258337e+35,-3.8777656626e+35,-1.9786398290e+35,8.2275299346e+41,2.6069952065e+41,3.1315292744e+43,-1.0552132160e+05,-4.6305578145e+04,1.0425467338e+04
1366,1.4752800000e+07,1.8991129719e+35,-3.8777511417e+35,-1.9786381698e+35,8.2275302757e+41,2.6069951434e+41,3.1315293786e+43,-1.0552117797e+05,-4.6305671133e+04,1.0425295690e+04
1367,1.4763600000e+07,1.8991000424e+35,-3.8777365492e+35,-1.9786365068e+35,8.2275306170e+41,2.6069950801e+41,3.1315294827e+43,-1.0552103434e+05,-4.6305764122e+04,1.0425124042e+04
1368,1.4774400000e+07,1.8990870434e+35,-3.8777218833e+35,-1.9786348399e+35,8.2275309585e+41,2.6069950166e+41,3.1315295869e+43,-1.0552089072e+05,-4.6305857110e+04,1.0424952394e+04
1369,1.4785200000e+07,1.8990739729e+35,-3.8777071421e+35,-1.9786331691e+35,8.2275313003e+41,2.6069949528e+41,3.1315296912e+43,-1.0552074709e+05,-4.6305950098e+04,1.0424780746e+04
1370,1.4796000000e+07,1.8990608292e+35,-3.8776923237e+35,-1.9786314945e+35,8.2275316424e+41,2.6069948887e+41,3.1315297954e+43,-1.0552060346e+05,-4.6306043086e+04,1.0424609098e+04
1371,1.4806800000e+07,1.8990476102e+35,-3.8776774263e+35,-1.9786298161e+35,8.2275319847e+41,2.6069948245e+41,3.1315298997e+43,-1.0552045983e+05,-4.6306136075e+04,1.0424437450e+04
1372,1.4817600000e+07,1.8990343143e+35,-3.8776624481e+35,-1.9786281338e+35,8.2275323273e+41,2.6069947600e+41,3.1315300040e+43,-1.0552031620e+05,-4.6306229063e+04,1.0424265802e+04
1373,1.4828400000e+07,1.8990209394e+35,-3.8776473872e+35,-1.9786264478e+35,8.2275326701e+41,2.6069946952e+41,3.1315301084e+43,-1.0552017258e+05,-4.6306322051e+04,1.0424094154e+04
1374,1.4839200000e+07,1.8990074838e+35,-3.8776322417e+35,-1.9786247579e+35,8.2275330132e+41,2.6069946303e+41,3.1315302127e+43,-1.0552002895e+05,-4.6306415040e+04,1.0423922506e+04
1375,1.4850000000e+07,1.8989939454e+35,-3.8776170097e+35,-1.9786230643e+35,8.2275333565e+41,2.6069945651e+41,3.1315303171e+43,-1.0551988532e+05,-4.6306508028e+04,1.0423750858e+04
1376,1.4860800000e+07,1.8989803225e+35,-3.8776016895e+35,-1.9786213669e+35,8.2275337000e+41,2.6069944997e+41,3.1315304215e+43,-1.0551974169e+05,-4.6306601016e+04,1.0423579210e+04
1377,1.4871600000e+07,1.8989666132e+35,-3.8775862790e+35,-1.9786196658e+35,8.2275340438e+41,2.6069944340e+41,3.1315305259e+43,-1.0551959806e+05,-4.6306694004e+04,1.0423407562e+04
1378,1.4882400000e+07,1.8989528155e+35,-3.8775707766e+35,-1.9786179611e+35,8.2275343879e+41,2.6069943681e+41,3.1315306304e+43,-1.0551945444e+05,-4.6306786993e+04,1.0423235914e+04
1379,1.4893200000e+07,1.8989389276e+35,-3.8775551803e+35,-1.9786162526e+35,8.2275347321e+41,2.6069943020e+41,3.1315307348e+43,-1.0551931081e+05,-4.6306879981e+04,1.0423064266e+04
1380,1.4904000000e+07,1.8989249477e+35,-3.8775394882e+35,-1.9786145405e+35,8.2275350766e+41,2.6069942357e+41,3.1315308393e+43,-1.0551916718e+05,-4.6306972969e+04,1.0422892618e+04
1381,1.4914800000e+07,1.8989108738e+35,-3.8775236986e+35,-1.9786128249e+35,8.2275354214e+41,2.6069941692e+41,3.1315309438e+43,-1.0551902355e+05,-4.6307065958e+04,1.0422720970e+04
1382,1.4925600000e+07,1.8988967040e+35,-3.8775078096e+35,-1.9786111056e+35,8.2275357663e+41,2.6069941024e+41,3.1315310484e+43,-1.0551887992e+05,-4.6307158946e+04,1.0422549322e+04
1383,1.4936400000e+07,1.8988824365e+35,-3.8774918193e+35,-1.9786093827e+35,8.2275361115e+41,2.6069940355e+41,3.1315311529e+43,-1.0551873630e+05,-4.6307251934e+04,1.0422377675e+04
1384,1.4947200000e+07,1.8988680695e+35,-3.8774757259e+35,-1.9786076564e+35,8.2275364569e+41,2.6069939683e+41,3.1315312575e+43,-1.0551859267e+05,-4.6307344922e+04,1.0422206027e+04
1385,1.4958000000e+07,1.8988536011e+35,-3.8774595276e+35,-1.9786059265e+35,8.2275368026e+41,2.6069939009e+41,3.1315313621e+43,-1.0551844904e+05,-4.6307437911e+04,1.0422034379e+04
1386,1.4968800000e+07,1.8988390294e+35,-3.8774432226e+35,-1.9786041932e+35,8.2275371484e+41,2.6069938333e+41,3.1315314667e+43,-1.0551830541e+05,-4.6307530899e+04,1.0421862731e+04
1387,1.4979600000e+07,1.8988243526e+35,-3.8774268091e+35,-1.9786024565e+35,8.2275374945e+41,2.6069937655e+41,3.1315315713e+43,-1.0551816178e+05,-4.6307623887e+04,1.0421691083e+04
1388,1.4990400000e+07,1.8988095689e+35,-3.8774102853e+35,-1.9786007164e+35,8.2275378408e+41,2.6069936975e+41,3.1315316760e+43,-1.0551801816e+05,-4.6307716876e+04,1.0421519435e+04
1389,1.5001200000e+07,1.8987946764e+35,-3.8773936494e+35,-1.9785989730e+35,8.2275381872e+41,2.6069936293e+41,3.1315317807e+43,-1.0551787453e+05,-4.6307809864e+04,1.0421347787e+04
1390,1.5012000000e+07,1.8987796734e+35,-3.8773768997e+35,-1.9785972263e+35,8.2275385339e+41,2.6069935609e+41,3.1315318854e+43,-1.0551773090e+05,-4.6307902852e+04,1.0421176139e+04
1391,1.5022800000e+07,1.8987645581e+35,-3.8773600344e+35,-1.9785954763e+35,8.2275388808e+41,2.6069934923e+41,3.1315319901e+43,-1.0551758727e+05,-4.6307995840e+04,1.0421004491e+04
1392,1.5033600000e+07,1.8987493286e+35,-3.8773430518e+35,-1.9785937232e+35,8.2275392279e+41,2.6069934235e+41,3.1315320948e+43,-1.0551744364e+05,-4.6308088828e+04,1.0420832843e+04
1393,1.5044400000e+07,1.8987339832e+35,-3.8773259501e+35,-1.9785919668e+35,8.2275395752e+41,2.6069933546e+41,3.1315321996e+43,-1.0551730002e+05,-4.6308181817e+04,1.0420661195e+04
1394,1.5055200000e+07,1.8987185202e+35,-3.8773087276e+35,-1.9785902074e+35,8.2275399227e+41,2.6069932854e+41,3.1315323043e+43,-1.0551715639e+05,-4.6308274805e+04,1.0420489547e+04
1395,1.5066000000e+07,1.8987029379e+35,-3.8772913828e+35,-1.9785884449e+35,8.2275402704e+41,2.6069932161e+41,3.1315324091e+43,-1.0551701276e+05,-4.6308367793e+04,1.0420317899e+04
1396,1.5076800000e+07,1.8986872344e+35,-3.8772739138e+35,-1.9785866793e+35,8.2275406183e+41,2.6069931466e+41,3.1315325139e+43,-1.0551686913e+05,-4.6308460782e+04,1.0420146251e+04
1397,1.5087600000e+07,1.8986714082e+35,-3.8772563191e+35,-1.9785849109e+35,8.2275409663e+41,2.6069930769e+41,3.1315326188e+43,-1.0551672550e+05,-4.6308553770e+04,1.0419974603e+04
1398,1.5098400000e+07,1.8986554576e+35,-3.8772385970e+35,-1.9785831395e+35,8.2275413146e+41,2.6069930071e+41,3.1315327236e+43,-1.0551658188e+05,-4.6308646758e+04,1.0419802955e+04
1399,1.5109200000e+07,1.8986393808e+35,-3.8772207460e+35,-1.9785813652e+35,8.2275416630e+41,2.6069929370e+41,3.1315328285e+43,-1.0551643825e+05,-4.6308739747e+04,1.0419631307e+04
1400,1.5120000000e+07,1.8986231763e+35,-3.8772027644e+35,-1.9785795881e+35,8.2275420115e+41,2.6069928668e+41,3.1315329333e+43,-1.0551629462e+05,-4.6308832735e+04,1.0419459660e+04
1401,1.5130800000e+07,1.8986068424e+35,-3.8771846507e+35,-1.9785778083e+35,8.2275423603e+41,2.6069927965e+41,3.1315330382e+43,-1.0551615099e+05,-4.6308925723e+04,1.0419288012e+04
1402,1.5141600000e+07,1.8985903776e+35,-3.8771664035e+35,-1.9785760258e+35,8.2275427092e+41,2.6069927260e+41,3.1315331431e+43,-1.0551600736e+05,-4.6309018711e+04,1.0419116364e+04
1403,1.5152400000e+07,1.8985737803e+35,-3.8771480210e+35,-1.9785742407e+35,8.2275430583e+41,2.6069926553e+41,3.1315332480e+43,-1.0551586374e+05,-4.6309111700e+04,1.0418944716e+04
1404,1.5163200000e+07,1.8985570489e+35,-3.8771295020e+35,-1.9785724531e+35,8.2275434075e+41,2.6069925845e+41,3.1315333529e+43,-1.0551572011e+05,-4.6309204688e+04,1.0418773068e+04
1405,1.5174000000e+07,1.8985401820e+35,-3.8771108449e+35,-1.9785706629e+35,8.2275437569e+41,2.6069925136e+41,3.1315334579e+43,-1.0551557648e+05,-4.6309297676e+04,1.0418601420e+04
1406,1.5184800000e+07,1.8985231781e+35,-3.8770920484e+35,-1.9785688703e+35,8.2275441064e+41,2.6069924424e+41,3.1315335628e+43,-1.0551543285e+05,-4.6309390664e+04,1.0418429772e+04
1407,1.5195600000e+07,1.8985060357e+35,-3.8770731110e+35,-1.9785670753e+35,8.2275444561e+41,2.6069923712e+41,3.1315336678e+43,-1.0551528922e+05,-4.6309483653e+04,1.0418258124e+04
1408,1.5206400000e+07,1.8984887533e+35,-3.8770540314e+35,-1.9785652780e+35,8.2275448059e+41,2.6069922998e+41,3.1315337728e+43,-1.0551514560e+05,-4.6309576641e+04,1.0418086476e+04
1409,1.5217200000e+07,1.8984713297e+35,-3.8770348082e+35,-1.9785634785e+35,8.2275451558e+41,2.6069922283e+41,3.1315338778e+43,-1.0551500197e+05,-4.6309669629e+04,1.0417914828e+04
1410,1.5228000000e+07,1.8984537634e+35,-3.8770154402e+35,-1.9785616768e+35,8.2275455059e+41,2.6069921567e+41,3.1315339828e+43,-1.0551485834e+05,-4.6309762618e+04,1.0417743180e+04
1411,1.5238800000e+07,1.8984360531e+35,-3.8769959261e+35,-1.9785598730e+35,8.2275458561e+41,2.6069920849e+41,3.1315340878e+43,-1.0551471471e+05,-4.6309855606e+04,1.0417571532e+04
1412,1.5249600000e+07,1.8984181975e+35,-3.8769762647e+35,-1.9785580672e+35,8.2275462064e+41,2.6069920130e+41,3.1315341928e+43,-1.0551457108e+05,-4.6309948594e+04,1.0417399884e+04
1413,1.5260400000e+07,1.8984001953e+35,-3.8769564548e+35,-1.9785562595e+35,8.2275465569e+41,2.6069919410e+41,3.1315342978e+43,-1.0551442746e+05,-4.6310041583e+04,1.0417228236e+04
1414,1.5271200000e+07,1.8983820454e+35,-3.8769364952e+35,-1.9785544499e+35,8.2275469074e+41,2.6069918689e+41,3.1315344029e+43,-1.0551428383e+05,-4.6310134571e+04,1.0417056588e+04
1415,1.5282000000e+07,1.8983637464e+35,-3.8769163849e+35,-1.9785526384e+35,8.2275472581e+41,2.6069917967e+41,3.1315345079e+43,-1.0551414020e+05,-4.6310227559e+04,1.0416884940e+04
1416,1.5292800000e+07,1.8983452974e+35,-3.8768961227e+35,-1.9785508253e+35,8.2275476089e+41,2.6069917244e+41,3.1315346130e+43,-1.0551399657e+05,-4.6310320547e+04,1.0416713292e+04
1417,1.5303600000e+07,1.8983266971e+35,-3.8768757075e+35,-1.9785490105e+35,8.2275479597e+41,2.6069916520e+41,3.1315347180e+43,-1.0551385294e+05,-4.6310413535e+04,1.0416541644e+04
1418,1.5314400000e+07,1.8983079444e+35,-3.8768551385e+35,-1.9785471941e+35,8.2275483107e+41,2.6069915795e+41,3.1315348231e+43,-1.0551370932e+05,-4.6310506524e+04,1.0416369997e+04
1419,1.5325200000e+07,1.8982890384e+35,-3.8768344147e+35,-1.9785453762e+35,8.2275486617e+41,2.6069915069e+41,3.1315349282e+43,-1.0551356569e+05,-4.6310599512e+04,1.0416198349e+04
1420,1.5336000000e+07,1.8982699781e+35,-3.8768135350e+35,-1.9785435570e+35,8.2275490129e+41,2.6069914342e+41,3.1315350332e+43,-1.0551342206e+05,-4.6310692500e+04,1.0416026701e+04
1421,1.5346800000e+07,1.8982507624e+35,-3.8767924988e+35,-1.9785417364e+35,8.2275493641e+41,2.6069913614e+41,3.1315351383e+43,-1.0551327843e+05,-4.6310785489e+04,1.0415855053e+04
1422,1.5357600000e+07,1.8982313905e+35,-3.8767713050e+35,-1.9785399145e+35,8.2275497153e+41,2.6069912886e+41,3.1315352434e+43,-1.0551313480e+05,-4.6310878477e+04,1.0415683405e+04
1423,1.5368400000e+07,1.8982118614e+35,-3.8767499529e+35,-1.9785380915e+35,8.2275500667e+41,2.6069912156e+41,3.1315353485e+43,-1.0551299118e+05,-4.6310971465e+04,1.0415511757e+04
1424,1.5379200000e+07,1.8981921744e+35,-3.8767284418e+35,-1.9785362674e+35,8.2275504181e+41,2.6069911426e+41,3.1315354536e+43,-1.0551284755e+05,-4.6311064453e+04,1.0415340109e+04
1425,1.5390000000e+07,1.8981723287e+35,-3.8767067710e+35,-1.9785344423e+35,8.2275507696e+41,2.6069910696e+41,3.1315355587e+43,-1.0551270392e+05,-4.6311157442e+04,1.0415168461e+04
1426,1.5400800000e+07,1.8981523235e+35,-3.8766849398e+35,-1.9785326163e+35,8.2275511211e+41,2.6069909965e+41,3.1315356638e+43,-1.0551256029e+05,-4.6311250430e+04,1.0414996813e+04
1427,1.5411600000e+07,1.8981321581e+35,-3.8766629476e+35,-1.9785307895e+35,8.2275514726e+41,2.6069909233e+41,3.1315357689e+43,-1.0551241666e+05,-4.6311343418e+04,1.0414825165e+04
1428,1.5422400000e+07,1.8981118319e+35,-3.8766407938e+35,-1.9785289619e+35,8.2275518243e+41,2.6069908501e+41,3.1315358740e+43,-1.0551227304e+05,-4.6311436406e+04,1.0414653517e+04
1429,1.5433200000e+07,1.8980913442e+35,-3.8766184779e+35,-1.9785271337e+35,8.2275521759e+41,2.6069907769e+41,3.1315359791e+43,-1.0551212941e+05,-4.6311529395e+04,1.0414481869e+04
1430,1.5444000000e+07,1.8980706945e+35,-3.8765959994e+35,-1.9785253049e+35,8.2275525276e+41,2.6069907036e+41,3.1315360842e+43,-1.0551198578e+05,-4.6311622383e+04,1.0414310221e+04
1431,1.5454800000e+07,1.8980498822e+35,-3.8765733579e+35,-1.9785234756e+35,8.2275528793e+41,2.6069906302e+41,3.1315361893e+43,-1.0551184215e+05,-4.6311715371e+04,1.0414138573e+04
1432,1.5465600000e+07,1.8980289070e+35,-3.8765505530e+35,-1.9785216460e+35,8.2275532310e+41,2.6069905569e+41,3.1315362944e+43,-1.0551169852e+05,-4.6311808359e+04,1.0413966925e+04
1433,1.5476400000e+07,1.8980077683e+35,-3.8765275844e+35,-1.9785198160e+35,8.2275535828e+41,2.6069904835e+41,3.1315363995e+43,-1.0551155490e+05,-4.6311901348e+04,1.0413795277e+04
1434,1.5487200000e+07,1.8979864659e+35,-3.8765044517e+35,-1.9785179859e+35,8.2275539345e+41,2.6069904101e+41,3.1315365046e+43,-1.0551141127e+05,-4.6311994336e+04,1.0413623629e+04
1435,1.5498000000e+07,1.8979649993e+35,-3.8764811548e+35,-1.9785161556e+35,8.2275542863e+41,2.6069903367e+41,3.1315366097e+43,-1.0551126764e+05,-4.6312087324e+04,1.0413451982e+04
1436,1.5508800000e+07,1.8979433682e+35,-3.8764576935e+35,-1.9785143253e+35,8.2275546380e+41,2.6069902633e+41,3.1315367148e+43,-1.0551112401e+05,-4.6312180312e+04,1.0413280334e+04
1437,1.5519600000e+07,1.8979215726e+35,-3.8764340676e+35,-1.9785124950e+35,8.2275549898e+41,2.6069901898e+41,3.1315368199e+43,-1.0551098038e+05,-4.6312273301e+04,1.0413108686e+04
1438,1.5530400000e+07,1.8978996121e+35,-3.8764102769e+35,-1.9785106649e+35,8.2275553415e+41,2.6069901164e+41,3.1315369250e+43,-1.0551083676e+05,-4.6312366289e+04,1.0412937038e+04
1439,1.5541200000e+07,1.8978774866e+35,-3.8763863216e+35,-1.9785088350e+35,8.2275556932e+41,2.6069900429e+41,3.1315370301e+43,-1.0551069313e+05,-4.6312459277e+04,1.0412765390e+04
1440,1.5552000000e+07,1.8978551961e+35,-3.8763622015e+35,-1.9785070054e+35,8.2275560449e+41,2.6069899695e+41,3.1315371352e+43,-1.0551054950e+05,-4.6312552266e+04,1.0412593742e+04
1441,1.5562800000e+07,1.8978327405e+35,-3.8763379168e+35,-1.9785051763e+35,8.2275563966e+41,2.6069898961e+41,3.1315372402e+43,-1.0551040587e+05,-4.6312645254e+04,1.0412422094e+04
1442,1.5573600000e+07,1.8978101198e+35,-3.8763134674e+35,-1.9785033476e+35,8.2275567483e+41,2.6069898227e+41,3.1315373453e+43,-1.0551026224e+05,-4.6312738242e+04,1.0412250446e+04
1443,1.5584400000e+07,1.8977873341e+35,-3.8762888537e+35,-1.9785015196e+35,8.2275570999e+41,2.6069897493e+41,3.1315374504e+43,-1.0551011862e+05,-4.6312831231e+04,1.0412078798e+04
1444,1.5595200000e+07,1.8977643835e+35,-3.8762640757e+35,-1.9784996922e+35,8.2275574514e+41,2.6069896760e+41,3.1315375554e+43,-1.0550997499e+05,-4.6312924219e+04,1.0411907150e+04
1445,1.5606000000e+07,1.8977412681e+35,-3.8762391337e+35,-1.9784978656e+35,8.2275578029e+41,2.6069896027e+41,3.1315376605e+43,-1.0550983136e+05,-4.6313017207e+04,1.0411735502e+04
1446,1.5616800000e+07,1.8977179881e+35,-3.8762140281e+35,-1.9784960399e+35,8.2275581544e+41,2.6069895294e+41,3.1315377655e+43,-1.0550968773e+05,-4.6313110195e+04,1.0411563854e+04
1447,1.5627600000e+07,1.8976945439e+35,-3.8761887590e+35,-1.9784942151e+35,8.2275585058e+41,2.6069894562e+41,3.1315378705e+43,-1.0550954410e+05,-4.6313203183e+04,1.0411392206e+04
1448,1.5638400000e+07,1.8976709357e+35,-3.8761633271e+35,-1.9784923914e+35,8.2275588571e+41,2.6069893830e+41,3.1315379755e+43,-1.0550940048e+05,-4.6313296172e+04,1.0411220558e+04
1449,1.5649200000e+07,1.8976471638e+35,-3.8761377326e+35,-1.9784905688e+35,8.2275592084e+41,2.6069893099e+41,3.1315380805e+43,-1.0550925685e+05,-4.6313389160e+04,1.0411048910e+04
1450,1.5660000000e+07,1.8976232287e+35,-3.8761119761e+35,-1.9784887474e+35,8.2275595596e+41,2.6069892368e+41,3.1315381855e+43,-1.0550911322e+05,-4.6313482149e+04,1.0410877262e+04
1451,1.5670800000e+07,1.8975991307e+35,-3.8760860580e+35,-1.9784869273e+35,8.2275599107e+41,2.6069891638e+41,3.1315382905e+43,-1.0550896959e+05,-4.6313575137e+04,1.0410705614e+04
1452,1.5681600000e+07,1.8975748705e+35,-3.8760599791e+35,-1.9784851086e+35,8.2275602617e+41,2.6069890908e+41,3.1315383954e+43,-1.0550882596e+05,-4.6313668125e+04,1.0410533966e+04
1453,1.5692400000e+07,1.8975504485e+35,-3.8760337398e+35,-1.9784832914e+35,8.2275606126e+41,2.6069890180e+41,3.1315385004e+43,-1.0550868234e+05,-4.6313761113e+04,1.0410362319e+04
1454,1.5703200000e+07,1.8975258652e+35,-3.8760073409e+35,-1.9784814757e+35,8.2275609635e+41,2.6069889452e+41,3.1315386053e+43,-1.0550853871e+05,-4.6313854101e+04,1.0410190671e+04
1455,1.5714000000e+07,1.8975011215e+35,-3.8759807831e+35,-1.9784796617e+35,8.2275613142e+41,2.6069888724e+41,3.1315387102e+43,-1.0550839508e+05,-4.6313947090e+04,1.0410019023e+04
1456,1.5724800000e+07,1.8974762178e+35,-3.8759540672e+35,-1.9784778494e+35,8.2275616648e+41,2.6069887998e+41,3.1315388151e+43,-1.0550825145e+05,-4.6314040078e+04,1.0409847375e+04
1457,1.5735600000e+07,1.8974511550e+35,-3.8759271939e+35,-1.9784760389e+35,8.2275620153e+41,2.6069887273e+41,3.1315389200e+43,-1.0550810782e+05,-4.6314133066e+04,1.0409675727e+04
1458,1.5746400000e+07,1.8974259338e+35,-3.8759001641e+35,-1.9784742303e+35,8.2275623657e+41,2.6069886548e+41,3.1315390249e+43,-1.0550796420e+05,-4.6314226055e+04,1.0409504079e+04
1459,1.5757200000e+07,1.8974005550e+35,-3.8758729786e+35,-1.9784724237e+35,8.2275627160e+41,2.6069885825e+41,3.1315391298e+43,-1.0550782057e+05,-4.6314319043e+04,1.0409332431e+04
1460,1.5768000000e+07,1.8973750194e+35,-3.8758456385e+35,-1.9784706191e+35,8.2275630661e+41,2.6069885102e+41,3.1315392346e+43,-1.0550767694e+05,-4.6314412031e+04,1.0409160783e+04
1461,1.5778800000e+07,1.8973493280e+35,-3.8758181447e+35,-1.9784688167e+35,8.2275634161e+41,2.6069884381e+41,3.1315393394e+43,-1.0550753331e+05,-4.6314505020e+04,1.0408989135e+04
1462,1.5789600000e+07,1.8973234817e+35,-3.8757904982e+35,-1.9784670165e+35,8.2275637660e+41,2.6069883660e+41,3.1315394442e+43,-1.0550738968e+05,-4.6314598008e+04,1.0408817487e+04
1463,1.5800400000e+07,1.8972974815e+35,-3.8757627000e+35,-1.9784652185e+35,8.2275641157e+41,2.6069882941e+41,3.1315395490e+43,-1.0550724606e+05,-4.6314690996e+04,1.0408645839e+04
1464,1.5811200000e+07,1.8972713284e+35,-3.8757347513e+35,-1.9784634230e+35,8.2275644653e+41,2.6069882223e+41,3.1315396538e+43,-1.0550710243e+05,-4.6314783984e+04,1.0408474191e+04
1465,1.5822000000e+07,1.8972450234e+35,-3.8757066532e+35,-1.9784616298e+35,8.2275648147e+41,2.6069881506e+41,3.1315397585e+43,-1.0550695880e+05,-4.6314876973e+04,1.0408302543e+04
1466,1.5832800000e+07,1.8972185677e+35,-3.8756784069e+35,-1.9784598392e+35,8.2275651640e+41,2.6069880791e+41,3.1315398633e+43,-1.0550681517e+05,-4.6314969961e+04,1.0408130895e+04
1467,1.5843600000e+07,1.8971919623e+35,-3.8756500135e+35,-1.9784580512e+35,8.2275655131e+41,2.6069880077e+41,3.1315399680e+43,-1.0550667154e+05,-4.6315062949e+04,1.0407959247e+04
1468,1.5854400000e+07,1.8971652085e+35,-3.8756214744e+35,-1.9784562658e+35,8.2275658621e+41,2.6069879364e+41,3.1315400726e+43,-1.0550652792e+05,-4.6315155937e+04,1.0407787599e+04
1469,1.5865200000e+07,1.8971383075e+35,-3.8755927907e+35,-1.9784544832e+35,8.2275662109e+41,2.6069878653e+41,3.1315401773e+43,-1.0550638429e+05,-4.6315248926e+04,1.0407615951e+04
1470,1.5876000000e+07,1.8971112605e+35,-3.8755639639e+35,-1.9784527034e+35,8.2275665595e+41,2.6069877943e+41,3.1315402819e+43,-1.0550624066e+05,-4.6315341914e+04,1.0407444304e+04
1471,1.5886800000e+07,1.8970840688e+35,-3.8755349952e+35,-1.9784509264e+35,8.2275669079e+41,2.6069877235e+41,3.1315403866e+43,-1.0550609703e+05,-4.6315434902e+04,1.0407272656e+04
1472,1.5897600000e+07,1.8970567337e+35,-3.8755058860e+35,-1.9784491524e+35,8.2275672561e+41,2.6069876528e+41,3.1315404912e+43,-1.0550595340e+05,-4.6315527890e+04,1.0407101008e+04
1473,1.5908400000e+07,1.8970292565e+35,-3.8754766379e+35,-1.9784473813e+35,8.2275676042e+41,2.6069875823e+41,3.1315405957e+43,-1.0550580978e+05,-4.6315620879e+04,1.0406929360e+04
1474,1.5919200000e+07,1.8970016387e+35,-3.8754472521e+35,-1.9784456134e+35,8.2275679520e+41,2.6069875119e+41,3.1315407003e+43,-1.0550566615e+05,-4.6315713867e+04,1.0406757712e+04
1475,1.5930000000e+07,1.8969738816e+35,-3.8754177302e+35,-1.9784438485e+35,8.2275682997e+41,2.6069874417e+41,3.1315408048e+43,-1.0550552252e+05,-4.6315806855e+04,1.0406586064e+04
1476,1.5940800000e+07,1.8969459867e+35,-3.8753880736e+35,-1.9784420869e+35,8.2275686471e+41,2.6069873717e+41,3.1315409093e+43,-1.0550537889e+05,-4.6315899844e+04,1.0406414416e+04
1477,1.5951600000e+07,1.8969179555e+35,-3.8753582840e+35,-1.9784403285e+35,8.2275689944e+41,2.6069873018e+41,3.1315410138e+43,-1.0550523526e+05,-4.6315992832e+04,1.0406242768e+04
1478,1.5962400000e+07,1.8968897894e+35,-3.8753283628e+35,-1.9784385734e+35,8.2275693414e+41,2.6069872321e+41,3.1315411182e+43,-1.0550509164e+05,-4.6316085820e+04,1.0406071120e+04
1479,1.5973200000e+07,1.8968614900e+35,-3.8752983117e+35,-1.9784368217e+35,8.2275696883e+41,2.6069871626e+41,3.1315412226e+43,-1.0550494801e+05,-4.6316178809e+04,1.0405899472e+04
1480,1.5984000000e+07,1.8968330589e+35,-3.8752681322e+35,-1.9784350734e+35,8.2275700349e+41,2.6069870933e+41,3.1315413270e+43,-1.0550480438e+05,-4.6316271797e+04,1.0405727824e+04
1481,1.5994800000e+07,1.8968044975e+35,-3.8752378261e+35,-1.9784333286e+35,8.2275703813e+41,2.6069870242e+41,3.1315414314e+43,-1.0550466075e+05,-4.6316364785e+04,1.0405556176e+04
1482,1.6005600000e+07,1.8967758076e+35,-3.8752073949e+35,-1.9784315873e+35,8.2275707275e+41,2.6069869552e+41,3.1315415357e+43,-1.0550451712e+05,-4.6316457773e+04,1.0405384528e+04
1483,1.6016400000e+07,1.8967469907e+35,-3.8751768403e+35,-1.9784298495e+35,8.2275710734e+41,2.6069868865e+41,3.1315416400e+43,-1.0550437349e+05,-4.6316550762e+04,1.0405212880e+04
1484,1.6027200000e+07,1.8967180486e+35,-3.8751461640e+35,-1.9784281154e+35,8.2275714191e+41,2.6069868179e+41,3.1315417443e+43,-1.0550422987e+05,-4.6316643750e+04,1.0405041232e+04
1485,1.6038000000e+07,1.8966889828e+35,-3.8751153678e+35,-1.9784263850e+35,8.2275717646e+41,2.6069867496e+41,3.1315418485e+43,-1.0550408624e+05,-4.6316736738e+04,1.0404869584e+04
1486,1.6048800000e+07,1.8966597950e+35,-3.8750844534e+35,-1.9784246583e+35,8.2275721098e+41,2.6069866814e+41,3.1315419528e+43,-1.0550394261e+05,-4.6316829727e+04,1.0404697936e+04
1487,1.6059600000e+07,1.8966304871e+35,-3.8750534225e+35,-1.9784229354e+35,8.2275724548e+41,2.6069866135e+41,3.1315420569e+43,-1.0550379898e+05,-4.6316922715e+04,1.0404526288e+04
1488,1.6070400000e+07,1.8966010606e+35,-3.8750222770e+35,-1.9784212163e+35,8.2275727996e+41,2.6069865457e+41,3.1315421611e+43,-1.0550365535e+05,-4.6317015703e+04,1.0404354641e+04
1489,1.6081200000e+07,1.8965715174e+35,-3.8749910185e+35,-1.9784195011e+35,8.2275731441e+41,2.6069864782e+41,3.1315422652e+43,-1.0550351173e+05,-4.6317108691e+04,1.0404182993e+04
1490,1.6092000000e+07,1.8965418592e+35,-3.8749596490e+35,-1.9784177898e+35,8.2275734883e+41,2.6069864109e+41,3.1315423693e+43,-1.0550336810e+05,-4.6317201680e+04,1.0404011345e+04
1491,1.6102800000e+07,1.8965120878e+35,-3.8749281702e+35,-1.9784160823e+35,8.2275738323e+41,2.6069863438e+41,3.1315424734e+43,-1.0550322447e+05,-4.6317294668e+04,1.0403839697e+04
1492,1.6113600000e+07,1.8964822050e+35,-3.8748965839e+35,-1.9784143789e+35,8.2275741761e+41,2.6069862769e+41,3.1315425774e+43,-1.0550308084e+05,-4.6317387656e+04,1.0403668049e+04
1493,1.6124400000e+07,1.8964522126e+35,-3.8748648921e+35,-1.9784126795e+35,8.2275745195e+41,2.6069862103e+41,3.1315426814e+43,-1.0550293721e+05,-4.6317480645e+04,1.0403496401e+04
1494,1.6135200000e+07,1.8964221124e+35,-3.8748330965e+35,-1.9784109841e+35,8.2275748628e+41,2.6069861438e+41,3.1315427854e+43,-1.0550279359e+05,-4.6317573633e+04,1.0403324753e+04
1495,1.6146000000e+07,1.8963919062e+35,-3.8748011991e+35,-1.9784092928e+35,8.2275752057e+41,2.6069860776e+41,3.1315428894e+43,-1.0550264996e+05,-4.6317666621e+04,1.0403153105e+04
1496,1.6156800000e+07,1.8963615959e+35,-3.8747692016e+35,-1.9784076057e+35,8.2275755484e+41,2.6069860116e+41,3.1315429933e+43,-1.0550250633e+05,-4.6317759610e+04,1.0402981457e+04
1497,1.6167600000e+07,1.8963311834e+35,-3.8747371060e+35,-1.9784059226e+35,8.2275758908e+41,2.6069859459e+41,3.1315430971e+43,-1.0550236270e+05,-4.6317852598e+04,1.0402809809e+04
1498,1.6178400000e+07,1.8963006705e+35,-3.8747049143e+35,-1.9784042438e+35,8.2275762329e+41,2.6069858804e+41,3.1315432010e+43,-1.0550221907e+05,-4.6317945586e+04,1.0402638161e+04
1499,1.6189200000e+07,1.8962700590e+35,-3.8746726281e+35,-1.9784025691e+35,8.2275765748e+41,2.6069858151e+41,3.1315433048e+43,-1.0550207545e+05,-4.6318038574e+04,1.0402466513e+04
1500,1.6200000000e+07,1.8962393509e+35,-3.8746402496e+35,-1.9784008987e+35,8.2275769163e+41,2.6069857501e+41,3.1315434086e+43,-1.0550193182e+05,-4.6318131563e+04,1.0402294865e+04
1501,1.6210800000e+07,1.8962085480e+35,-3.8746077805e+35,-1.9783992325e+35,8.2275772576e+41,2.6069856853e+41,3.1315435123e+43,-1.0550178819e+05,-4.6318224551e+04,1.0402123217e+04
1502,1.6221600000e+07,1.8961776522e+35,-3.8745752228e+35,-1.9783975706e+35,8.2275775986e+41,2.6069856208e+41,3.1315436160e+43,-1.0550164456e+05,-4.6318317539e+04,1.0401951569e+04
1503,1.6232400000e+07,1.8961466654e+35,-3.8745425784e+35,-1.9783959130e+35,8.2275779394e+41,2.6069855565e+41,3.1315437197e+43,-1.0550150093e+05,-4.6318410528e+04,1.0401779921e+04
1504,1.6243200000e+07,1.8961155896e+35,-3.8745098492e+35,-1.9783942597e+35,8.2275782798e+41,2.6069854924e+41,3.1315438233e+43,-1.0550135731e+05,-4.6318503516e+04,1.0401608273e+04
1505,1.6254000000e+07,1.8960844265e+35,-3.8744770372e+35,-1.9783926107e+35,8.2275786200e+41,2.6069854286e+41,3.1315439269e+43,-1.0550121368e+05,-4.6318596504e+04,1.0401436626e+04
1506,1.6264800000e+07,1.8960531780e+35,-3.8744441441e+35,-1.9783909661e+35,8.2275789598e+41,2.6069853650e+41,3.1315440305e+43,-1.0550107005e+05,-4.6318689493e+04,1.0401264978e+04
1507,1.6275600000e+07,1.8960218462e+35,-3.8744111721e+35,-1.9783893259e+35,8.2275792994e+41,2.6069853017e+41,3.1315441340e+43,-1.0550092642e+05,-4.6318782481e+04,1.0401093330e+04
1508,1.6286400000e+07,1.8959904328e+35,-3.8743781228e+35,-1.9783876900e+35,8.2275796386e+41,2.6069852387e+41,3.1315442375e+43,-1.0550078279e+05,-4.6318875469e+04,1.0400921682e+04
1509,1.6297200000e+07,1.8959589398e+35,-3.8743449984e+35,-1.9783860585e+35,8.2275799776e+41,2.6069851759e+41,3.1315443410e+43,-1.0550063917e+05,-4.6318968457e+04,1.0400750034e+04
1510,1.6308000000e+07,1.8959273691e+35,-3.8743118006e+35,-1.9783844315e+35,8.2275803163e+41,2.6069851134e+41,3.1315444444e+43,-1.0550049554e+05,-4.6319061446e+04,1.0400578386e+04
1511,1.6318800000e+07,1.8958957226e+35,-3.8742785315e+35,-1.9783828089e+35,8.2275806546e+41,2.6069850511e+41,3.1315445478e+43,-1.0550035191e+05,-4.6319154434e+04,1.0400406738e+04
1512,1.6329600000e+07,1.8958640021e+35,-3.8742451928e+35,-1.9783811907e+35,8.2275809927e+41,2.6069849891e+41,3.1315446512e+43,-1.0550020828e+05,-4.6319247422e+04,1.0400235090e+04
1513,1.6340400000e+07,1.8958322095e+35,-3.8742117864e+35,-1.9783795769e+35,8.2275813305e+41,2.6069849273e+41,3.1315447545e+43,-1.0550006465e+05,-4.6319340410e+04,1.0400063442e+04
1514,1.6351200000e+07,1.8958003468e+35,-3.8741783144e+35,-1.9783779676e+35,8.2275816679e+41,2.6069848658e+41,3.1315448578e+43,-1.0549992103e+05,-4.6319433399e+04,1.0399891794e+04
1515,1.6362000000e+07,1.8957684157e+35,-3.8741447785e+35,-1.9783763628e+35,8.2275820051e+41,2.6069848046e+41,3.1315449610e+43,-1.0549977740e+05,-4.6319526387e+04,1.0399720146e+04
1516,1.6372800000e+07,1.8957364182e+35,-3.8741111806e+35,-1.9783747624e+35,8.2275823419e+41,2.6069847436e+41,3.1315450642e+43,-1.0549963377e+05,-4.6319619375e+04,1.0399548498e+04
1517,1.6383600000e+07,1.8957043561e+35,-3.8740775226e+35,-1.9783731665e+35,8.2275826784e+41,2.6069846829e+41,3.1315451674e+43,-1.0549949014e+05,-4.6319712364e+04,1.0399376850e+04
1518,1.6394400000e+07,1.8956722313e+35,-3.8740438063e+35,-1.9783715750e+35,8.2275830147e+41,2.6069846225e+41,3.1315452705e+43,-1.0549934651e+05,-4.6319805352e+04,1.0399205202e+04
1519,1.6405200000e+07,1.8956400455e+35,-3.8740100336e+35,-1.9783699880e+35,8.2275833506e+41,2.6069845623e+41,3.1315453736e+43,-1.0549920289e+05,-4.6319898340e+04,1.0399033554e+04
1520,1.6416000000e+07,1.8956078008e+35,-3.8739762063e+35,-1.9783684055e+35,8.2275836862e+41,2.6069845024e+41,3.1315454767e+43,-1.0549905926e+05,-4.6319991329e+04,1.0398861906e+04
1521,1.6426800000e+07,1.8955754988e+35,-3.8739423263e+35,-1.9783668274e+35,8.2275840215e+41,2.6069844428e+41,3.1315455797e+43,-1.0549891563e+05,-4.6320084317e+04,1.0398690258e+04
1522,1.6437600000e+07,1.8955431415e+35,-3.8739083953e+35,-1.9783652538e+35,8.2275843564e+41,2.6069843834e+41,3.1315456827e+43,-1.0549877200e+05,-4.6320177305e+04,1.0398518610e+04
1523,1.6448400000e+07,1.8955107305e+35,-3.8738744152e+35,-1.9783636847e+35,8.2275846911e+41,2.6069843243e+41,3.1315457856e+43,-1.0549862837e+05,-4.6320270293e+04,1.0398346963e+04
1524,1.6459200000e+07,1.8954782677e+35,-3.8738403878e+35,-1.9783621200e+35,8.2275850254e+41,2.6069842655e+41,3.1315458885e+43,-1.0549848475e+05,-4.6320363282e+04,1.0398175315e+04
1525,1.6470000000e+07,1.8954457550e+35,-3.8738063148e+35,-1.9783605598e+35,8.2275853595e+41,2.6069842069e+41,3.1315459914e+43,-1.0549834112e+05,-4.6320456270e+04,1.0398003667e+04
1526,1.6480800000e+07,1.8954131940e+35,-3.8737721980e+35,-1.9783590041e+35,8.2275856932e+41,2.6069841487e+41,3.1315460942e+43,-1.0549819749e+05,-4.6320549258e+04,1.0397832019e+04
1527,1.6491600000e+07,1.8953805865e+35,-3.8737380392e+35,-1.9783574527e+35,8.2275860266e+41,2.6069840907e+41,3.1315461970e+43,-1.0549805386e+05,-4.6320642247e+04,1.0397660371e+04
1528,1.6502400000e+07,1.8953479343e+35,-3.8737038401e+35,-1.9783559059e+35,8.2275863596e+41,2.6069840329e+41,3.1315462998e+43,-1.0549791023e+05,-4.6320735235e+04,1.0397488723e+04
1529,1.6513200000e+07,1.8953152390e+35,-3.8736696024e+35,-1.9783543634e+35,8.2275866924e+41,2.6069839755e+41,3.1315464025e+43,-1.0549776661e+05,-4.6320828223e+04,1.0397317075e+04
1530,1.6524000000e+07,1.8952825026e+35,-3.8736353279e+35,-1.9783528253e+35,8.2275870248e+41,2.6069839183e+41,3.1315465052e+43,-1.0549762298e+05,-4.6320921211e+04,1.0397145427e+04
1531,1.6534800000e+07,1.8952497265e+35,-3.8736010182e+35,-1.9783512917e+35,8.2275873570e+41,2.6069838614e+41,3.1315466078e+43,-1.0549747935e+05,-4.6321014200e+04,1.0396973779e+04
1532,1.6545600000e+07,1.8952169126e+35,-3.8735666751e+35,-1.9783497625e+35,8.2275876888e+41,2.6069838047e+41,3.1315467104e+43,-1.0549733572e+05,-4.6321107188e+04,1.0396802131e+04
1533,1.6556400000e+07,1.8951840625e+35,-3.8735323001e+35,-1.9783482376e+35,8.2275880203e+41,2.6069837484e+41,3.1315468130e+43,-1.0549719209e+05,-4.6321200176e+04,1.0396630483e+04
1534,1.6567200000e+07,1.8951511778e+35,-3.8734978949e+35,-1.9783467171e+35,8.2275883514e+41,2.6069836923e+41,3.1315469155e+43,-1.0549704847e+05,-4.6321293164e+04,1.0396458835e+04
1535,1.6578000000e+07,1.8951182603e+35,-3.8734634613e+35,-1.9783452010e+35,8.2275886823e+41,2.6069836365e+41,3.1315470180e+43,-1.0549690484e+05,-4.6321386153e+04,1.0396287187e+04
1536,1.6588800000e+07,1.8950853114e+35,-3.8734290007e+35,-1.9783436892e+35,8.2275890128e+41,2.6069835810e+41,3.1315471205e+43,-1.0549676121e+05,-4.6321479141e+04,1.0396115539e+04
1537,1.6599600000e+07,1.8950523330e+35,-3.8733945148e+35,-1.9783421818e+35,8.2275893430e+41,2.6069835257e+41,3.1315472229e+43,-1.0549661758e+05,-4.6321572129e+04,1.0395943891e+04
1538,1.6610400000e+07,1.8950193265e+35,-3.8733600052e+35,-1.9783406787e+35,8.2275896729e+41,2.6069834707e+41,3.1315473253e+43,-1.0549647395e+05,-4.6321665118e+04,1.0395772243e+04
1539,1.6621200000e+07,1.8949862935e+35,-3.8733254734e+35,-1.9783391798e+35,8.2275900025e+41,2.6069834160e+41,3.1315474276e+43,-1.0549633033e+05,-4.6321758106e+04,1.0395600595e+04
1540,1.6632000000e+07,1.8949532357e+35,-3.8732909210e+35,-1.9783376853e+35,8.2275903317e+41,2.6069833616e+41,3.1315475299e+43,-1.0549618670e+05,-4.6321851094e+04,1.0395428948e+04
1541,1.6642800000e+07,1.8949201545e+35,-3.8732563495e+35,-1.9783361950e+35,8.2275906607e+41,2.6069833074e+41,3.1315476322e+43,-1.0549604307e+05,-4.6321944083e+04,1.0395257300e+04
1542,1.6653600000e+07,1.8948870514e+35,-3.8732217604e+35,-1.9783347090e+35,8.2275909893e+41,2.6069832535e+41,3.1315477344e+43,-1.0549589944e+05,-4.6322037071e+04,1.0395085652e+04
1543,1.6664400000e+07,1.8948539281e+35,-3.8731871553e+35,-1.9783332272e+35,8.2275913176e+41,2.6069831999e+41,3.1315478366e+43,-1.0549575581e+05,-4.6322130059e+04,1.0394914004e+04
1544,1.6675200000e+07,1.8948207859e+35,-3.8731525355e+35,-1.9783317496e+35,8.2275916455e+41,2.6069831466e+41,3.1315479387e+43,-1.0549561219e+05,-4.6322223047e+04,1.0394742356e+04
1545,1.6686000000e+07,1.8947876264e+35,-3.8731179026e+35,-1.9783302762e+35,8.2275919732e+41,2.6069830935e+41,3.1315480408e+43,-1.0549546856e+05,-4.6322316036e+04,1.0394570708e+04
1546,1.6696800000e+07,1.8947544510e+35,-3.8730832580e+35,-1.9783288070e+35,8.2275923006e+41,2.6069830408e+41,3.1315481429e+43,-1.0549532493e+05,-4.6322409024e+04,1.0394399060e+04
1547,1.6707600000e+07,1.8947212612e+35,-3.8730486031e+35,-1.9783273419e+35,8.2275926276e+41,2.6069829882e+41,3.1315482450e+43,-1.0549518130e+05,-4.6322502012e+04,1.0394227412e+04
1548,1.6718400000e+07,1.8946880584e+35,-3.8730139393e+35,-1.9783258809e+35,8.2275929543e+41,2.6069829360e+41,3.1315483470e+43,-1.0549503767e+05,-4.6322595000e+04,1.0394055764e+04
1549,1.6729200000e+07,1.8946548439e+35,-3.8729792680e+35,-1.9783244241e+35,8.2275932807e+41,2.6069828840e+41,3.1315484489e+43,-1.0549489405e+05,-4.6322687989e+04,1.0393884116e+04
1550,1.6740000000e+07,1.8946216192e+35,-3.8729445906e+35,-1.9783229714e+35,8.2275936068e+41,2.6069828323e+41,3.1315485508e+43,-1.0549475042e+05,-4.6322780977e+04,1.0393712468e+04
1551,1.6750800000e+07,1.8945883857e+35,-3.8729099084e+35,-1.9783215227e+35,8.2275939326e+41,2.6069827809e+41,3.1315486527e+43,-1.0549460679e+05,-4.6322873965e+04,1.0393540820e+04
1552,1.6761600000e+07,1.8945551446e+35,-3.8728752227e+35,-1.9783200780e+35,8.2275942580e+41,2.6069827297e+41,3.1315487546e+43,-1.0549446316e+05,-4.6322966954e+04,1.0393369172e+04
1553,1.6772400000e+07,1.8945218974e+35,-3.8728405348e+35,-1.9783186374e+35,8.2275945832e+41,2.6069826788e+41,3.1315488564e+43,-1.0549431953e+05,-4.6323059942e+04,1.0393197524e+04
1554,1.6783200000e+07,1.8944886453e+35,-3.8728058461e+35,-1.9783172008e+35,8.2275949080e+41,2.6069826282e+41,3.1315489582e+43,-1.0549417591e+05,-4.6323152930e+04,1.0393025876e+04
1555,1.6794000000e+07,1.8944553895e+35,-3.8727711577e+35,-1.9783157681e+35,8.2275952325e+41,2.6069825779e+41,3.1315490599e+43,-1.0549403228e+05,-4.6323245919e+04,1.0392854228e+04
1556,1.6804800000e+07,1.8944221315e+35,-3.8727364710e+35,-1.9783143394e+35,8.2275955567e+41,2.6069825278e+41,3.1315491616e+43,-1.0549388865e+05,-4.6323338907e+04,1.0392682580e+04
1557,1.6815600000e+07,1.8943888724e+35,-3.8727017871e+35,-1.9783129147e+35,8.2275958806e+41,2.6069824780e+41,3.1315492633e+43,-1.0549374502e+05,-4.6323431895e+04,1.0392510932e+04
1558,1.6826400000e+07,1.8943556135e+35,-3.8726671073e+35,-1.9783114938e+35,8.2275962042e+41,2.6069824284e+41,3.1315493649e+43,-1.0549360139e+05,-4.6323524883e+04,1.0392339285e+04
1559,1.6837200000e+07,1.8943223560e+35,-3.8726324328e+35,-1.9783100768e+35,8.2275965275e+41,2.6069823791e+41,3.1315494665e+43,-1.0549345777e+05,-4.6323617872e+04,1.0392167637e+04
1560,1.6848000000e+07,1.8942891011e+35,-3.8725977647e+35,-1.9783086636e+35,8.2275968505e+41,2.6069823301e+41,3.1315495680e+43,-1.0549331414e+05,-4.6323710860e+04,1.0391995989e+04
1561,1.6858800000e+07,1.8942558499e+35,-3.8725631042e+35,-1.9783072543e+35,8.2275971731e+41,2.6069822814e+41,3.1315496696e+43,-1.0549317051e+05,-4.6323803848e+04,1.0391824341e+04
1562,1.6869600000e+07,1.8942226037e+35,-3.8725284525e+35,-1.9783058488e+35,8.2275974955e+41,2.6069822329e+41,3.1315497710e+43,-1.0549302688e+05,-4.6323896837e+04,1.0391652693e+04
1563,1.6880400000e+07,1.8941893635e+35,-3.8724938106e+35,-1.9783044470e+35,8.2275978176e+41,2.6069821846e+41,3.1315498725e+43,-1.0549288325e+05,-4.6323989825e+04,1.0391481045e+04
1564,1.6891200000e+07,1.8941561306e+35,-3.8724591796e+35,-1.9783030490e+35,8.2275981393e+41,2.6069821367e+41,3.1315499739e+43,-1.0549273963e+05,-4.6324082813e+04,1.0391309397e+04
1565,1.6902000000e+07,1.8941229059e+35,-3.8724245606e+35,-1.9783016547e+35,8.2275984608e+41,2.6069820890e+41,3.1315500753e+43,-1.0549259600e+05,-4.6324175801e+04,1.0391137749e+04
1566,1.6912800000e+07,1.8940896906e+35,-3.8723899547e+35,-1.9783002642e+35,8.2275987820e+41,2.6069820415e+41,3.1315501766e+43,-1.0549245237e+05,-4.6324268790e+04,1.0390966101e+04
1567,1.6923600000e+07,1.8940564857e+35,-3.8723553629e+35,-1.9782988772e+35,8.2275991028e+41,2.6069819943e+41,3.1315502779e+43,-1.0549230874e+05,-4.6324361778e+04,1.0390794453e+04
1568,1.6934400000e+07,1.8940232923e+35,-3.8723207863e+35,-1.9782974940e+35,8.2275994234e+41,2.6069819474e+41,3.1315503792e+43,-1.0549216511e+05,-4.6324454766e+04,1.0390622805e+04
1569,1.6945200000e+07,1.8939901115e+35,-3.8722862258e+35,-1.9782961143e+35,8.2275997436e+41,2.6069819007e+41,3.1315504804e+43,-1.0549202149e+05,-4.6324547754e+04,1.0390451157e+04
1570,1.6956000000e+07,1.8939569442e+35,-3.8722516824e+35,-1.9782947382e+35,8.2276000636e+41,2.6069818543e+41,3.1315505816e+43,-1.0549187786e+05,-4.6324640743e+04,1.0390279509e+04
1571,1.6966800000e+07,1.8939237914e+35,-3.8722171571e+35,-1.9782933657e+35,8.2276003833e+41,2.6069818081e+41,3.1315506827e+43,-1.0549173423e+05,-4.6324733731e+04,1.0390107861e+04
1572,1.6977600000e+07,1.8938906541e+35,-3.8721826509e+35,-1.9782919967e+35,8.2276007026e+41,2.6069817622e+41,3.1315507839e+43,-1.0549159060e+05,-4.6324826719e+04,1.0389936213e+04
1573,1.6988400000e+07,1.8938575333e+35,-3.8721481646e+35,-1.9782906313e+35,8.2276010217e+41,2.6069817165e+41,3.1315508850e+43,-1.0549144697e+05,-4.6324919708e+04,1.0389764565e+04
1574,1.6999200000e+07,1.8938244299e+35,-3.8721136992e+35,-1.9782892693e+35,8.2276013405e+41,2.6069816711e+41,3.1315509860e+43,-1.0549130335e+05,-4.6325012696e+04,1.0389592917e+04
1575,1.7010000000e+07,1.8937913448e+35,-3.8720792555e+35,-1.9782879108e+35,8.2276016590e+41,2.6069816259e+41,3.1315510870e+43,-1.0549115972e+05,-4.6325105684e+04,1.0389421270e+04
1576,1.7020800000e+07,1.8937582789e+35,-3.8720448346e+35,-1.9782865557e+35,8.2276019772e+41,2.6069815810e+41,3.1315511880e+43,-1.0549101609e+05,-4.6325198673e+04,1.0389249622e+04
1577,1.7031600000e+07,1.8937252332e+35,-3.8720104371e+35,-1.9782852040e+35,8.2276022952e+41,2.6069815364e+41,3.1315512890e+43,-1.0549087246e+05,-4.6325291661e+04,1.0389077974e+04
1578,1.7042400000e+07,1.8936922084e+35,-3.8719760640e+35,-1.9782838556e+35,8.2276026128e+41,2.6069814919e+41,3.1315513899e+43,-1.0549072883e+05,-4.6325384649e+04,1.0388906326e+04
1579,1.7053200000e+07,1.8936592055e+35,-3.8719417162e+35,-1.9782825107e+35,8.2276029302e+41,2.6069814478e+41,3.1315514908e+43,-1.0549058521e+05,-4.6325477638e+04,1.0388734678e+04
1580,1.7064000000e+07,1.8936262253e+35,-3.8719073943e+35,-1.9782811690e+35,8.2276032472e+41,2.6069814038e+41,3.1315515916e+43,-1.0549044158e+05,-4.6325570626e+04,1.0388563030e+04
1581,1.7074800000e+07,1.8935932685e+35,-3.8718730992e+35,-1.9782798306e+35,8.2276035640e+41,2.6069813601e+41,3.1315516924e+43,-1.0549029795e+05,-4.6325663614e+04,1.0388391382e+04
1582,1.7085600000e+07,1.8935603361e+35,-3.8718388316e+35,-1.9782784955e+35,8.2276038805e+41,2.6069813167e+41,3.1315517932e+43,-1.0549015432e+05,-4.6325756602e+04,1.0388219734e+04
1583,1.7096400000e+07,1.8935274288e+35,-3.8718045924e+35,-1.9782771636e+35,8.2276041968e+41,2.6069812735e+41,3.1315518939e+43,-1.0549001069e+05,-4.6325849591e+04,1.0388048086e+04
1584,1.7107200000e+07,1.8934945473e+35,-3.8717703823e+35,-1.9782758350e+35,8.2276045127e+41,2.6069812305e+41,3.1315519946e+43,-1.0548986707e+05,-4.6325942579e+04,1.0387876438e+04
1585,1.7118000000e+07,1.8934616925e+35,-3.8717362020e+35,-1.9782745095e+35,8.2276048284e+41,2.6069811878e+41,3.1315520953e+43,-1.0548972344e+05,-4.6326035567e+04,1.0387704790e+04
1586,1.7128800000e+07,1.8934288650e+35,-3.8717020522e+35,-1.9782731872e+35,8.2276051438e+41,2.6069811453e+41,3.1315521960e+43,-1.0548957981e+05,-4.6326128555e+04,1.0387533142e+04
1587,1.7139600000e+07,1.8933960656e+35,-3.8716679336e+35,-1.9782718680e+35,8.2276054589e+41,2.6069811031e+41,3.1315522966e+43,-1.0548943618e+05,-4.6326221544e+04,1.0387361494e+04
1588,1.7150400000e+07,1.8933632950e+35,-3.8716338469e+35,-1.9782705519e+35,8.2276057738e+41,2.6069810610e+41,3.1315523972e+43,-1.0548929255e+05,-4.6326314532e+04,1.0387189846e+04
1589,1.7161200000e+07,1.8933305539e+35,-3.8715997928e+35,-1.9782692389e+35,8.2276060884e+41,2.6069810192e+41,3.1315524977e+43,-1.0548914893e+05,-4.6326407520e+04,1.0387018198e+04
1590,1.7172000000e+07,1.8932978430e+35,-3.8715657719e+35,-1.9782679289e+35,8.2276064027e+41,2.6069809777e+41,3.1315525982e+43,-1.0548900530e+05,-4.6326500509e+04,1.0386846550e+04
1591,1.7182800000e+07,1.8932651629e+35,-3.8715317849e+35,-1.9782666219e+35,8.2276067167e+41,2.6069809364e+41,3.1315526987e+43,-1.0548886167e+05,-4.6326593497e+04,1.0386674902e+04
1592,1.7193600000e+07,1.8932325143e+35,-3.8714978323e+35,-1.9782653180e+35,8.2276070305e+41,2.6069808953e+41,3.1315527992e+43,-1.0548871804e+05,-4.6326686485e+04,1.0386503254e+04
1593,1.7204400000e+07,1.8931998979e+35,-3.8714639149e+35,-1.9782640170e+35,8.2276073440e+41,2.6069808544e+41,3.1315528996e+43,-1.0548857441e+05,-4.6326779473e+04,1.0386331607e+04
1594,1.7215200000e+07,1.8931673141e+35,-3.8714300331e+35,-1.9782627189e+35,8.2276076573e+41,2.6069808138e+41,3.1315530000e+43,-1.0548843079e+05,-4.6326872462e+04,1.0386159959e+04
1595,1.7226000000e+07,1.8931347638e+35,-3.8713961876e+35,-1.9782614238e+35,8.2276079703e+41,2.6069807733e+41,3.1315531003e+43,-1.0548828716e+05,-4.6326965450e+04,1.0385988311e+04
1596,1.7236800000e+07,1.8931022474e+35,-3.8713623789e+35,-1.9782601316e+35,8.2276082830e+41,2.6069807332e+41,3.1315532006e+43,-1.0548814353e+05,-4.6327058438e+04,1.0385816663e+04
1597,1.7247600000e+07,1.8930697655e+35,-3.8713286077e+35,-1.9782588422e+35,8.2276085954e+41,2.6069806932e+41,3.1315533009e+43,-1.0548799990e+05,-4.6327151426e+04,1.0385645015e+04
1598,1.7258400000e+07,1.8930373187e+35,-3.8712948744e+35,-1.9782575557e+35,8.2276089077e+41,2.6069806534e+41,3.1315534012e+43,-1.0548785627e+05,-4.6327244415e+04,1.0385473367e+04
1599,1.7269200000e+07,1.8930049076e+35,-3.8712611795e+35,-1.9782562719e+35,8.2276092196e+41,2.6069806139e+41,3.1315535014e+43,-1.0548771265e+05,-4.6327337403e+04,1.0385301719e+04
1600,1.7280000000e+07,1.8929725327e+35,-3.8712275237e+35,-1.9782549910e+35,8.2276095313e+41,2.6069805746e+41,3.1315536016e+43,-1.0548756902e+05,-4.6327430392e+04,1.0385130071e+04
1601,1.7290800000e+07,1.8929401945e+35,-3.8711939073e+35,-1.9782537128e+35,8.2276098428e+41,2.6069805355e+41,3.1315537018e+43,-1.0548742539e+05,-4.6327523380e+04,1.0384958423e+04
1602,1.7301600000e+07,1.8929078936e+35,-3.8711603310e+35,-1.9782524374e+35,8.2276101539e+41,2.6069804967e+41,3.1315538019e+43,-1.0548728176e+05,-4.6327616368e+04,1.0384786775e+04
1603,1.7312400000e+07,1.8928756305e+35,-3.8711267951e+35,-1.9782511646e+35,8.2276104649e+41,2.6069804580e+41,3.1315539020e+43,-1.0548713813e+05,-4.6327709357e+04,1.0384615127e+04
1604,1.7323200000e+07,1.8928434056e+35,-3.8710933002e+35,-1.9782498946e+35,8.2276107756e+41,2.6069804196e+41,3.1315540021e+43,-1.0548699451e+05,-4.6327802345e+04,1.0384443479e+04
1605,1.7334000000e+07,1.8928112194e+35,-3.8710598466e+35,-1.9782486272e+35,8.2276110860e+41,2.6069803813e+41,3.1315541022e+43,-1.0548685088e+05,-4.6327895333e+04,1.0384271831e+04
1606,1.7344800000e+07,1.8927790725e+35,-3.8710264350e+35,-1.9782473625e+35,8.2276113962e+41,2.6069803433e+41,3.1315542022e+43,-1.0548670725e+05,-4.6327988321e+04,1.0384100183e+04
1607,1.7355600000e+07,1.8927469653e+35,-3.8709930656e+35,-1.9782461003e+35,8.2276117062e+41,2.6069803055e+41,3.1315543022e+43,-1.0548656362e+05,-4.6328081310e+04,1.0383928535e+04
1608,1.7366400000e+07,1.8927148982e+35,-3.8709597390e+35,-1.9782448408e+35,8.2276120159e+41,2.6069802679e+41,3.1315544021e+43,-1.0548641999e+05,-4.6328174298e+04,1.0383756887e+04
1609,1.7377200000e+07,1.8926828718e+35,-3.8709264556e+35,-1.9782435838e+35,8.2276123254e+41,2.6069802305e+41,3.1315545020e+43,-1.0548627637e+05,-4.6328267286e+04,1.0383585239e+04
1610,1.7388000000e+07,1.8926508864e+35,-3.8708932157e+35,-1.9782423293e+35,8.2276126346e+41,2.6069801933e+41,3.1315546019e+43,-1.0548613274e+05,-4.6328360274e+04,1.0383413592e+04
1611,1.7398800000e+07,1.8926189424e+35,-3.8708600198e+35,-1.9782410774e+35,8.2276129436e+41,2.6069801563e+41,3.1315547018e+43,-1.0548598911e+05,-4.6328453263e+04,1.0383241944e+04
1612,1.7409600000e+07,1.8925870404e+35,-3.8708268683e+35,-1.9782398279e+35,8.2276132524e+41,2.6069801195e+41,3.1315548017e+43,-1.0548584548e+05,-4.6328546251e+04,1.0383070296e+04
1613,1.7420400000e+07,1.8925551806e+35,-3.8707937616e+35,-1.9782385810e+35,8.2276135609e+41,2.6069800830e+41,3.1315549015e+43,-1.0548570185e+05,-4.6328639240e+04,1.0382898648e+04
1614,1.7431200000e+07,1.8925233636e+35,-3.8707607001e+35,-1.9782373364e+35,8.2276138692e+41,2.6069800466e+41,3.1315550013e+43,-1.0548555823e+05,-4.6328732228e+04,1.0382727000e+04
1615,1.7442000000e+07,1.8924915897e+35,-3.8707276841e+35,-1.9782360943e+35,8.2276141772e+41,2.6069800104e+41,3.1315551010e+43,-1.0548541460e+05,-4.6328825216e+04,1.0382555352e+04
1616,1.7452800000e+07,1.8924598594e+35,-3.8706947140e+35,-1.9782348546e+35,8.2276144850e+41,2.6069799744e+41,3.1315552007e+43,-1.0548527097e+05,-4.6328918204e+04,1.0382383704e+04
1617,1.7463600000e+07,1.8924281730e+35,-3.8706617903e+35,-1.9782336173e+35,8.2276147926e+41,2.6069799386e+41,3.1315553004e+43,-1.0548512734e+05,-4.6329011193e+04,1.0382212056e+04
1618,1.7474400000e+07,1.8923965310e+35,-3.8706289133e+35,-1.9782323823e+35,8.2276151000e+41,2.6069799030e+41,3.1315554001e+43,-1.0548498371e+05,-4.6329104181e+04,1.0382040408e+04
1619,1.7485200000e+07,1.8923649337e+35,-3.8705960834e+35,-1.9782311497e+35,8.2276154071e+41,2.6069798676e+41,3.1315554998e+43,-1.0548484009e+05,-4.6329197169e+04,1.0381868760e+04
1620,1.7496000000e+07,1.8923333815e+35,-3.8705633009e+35,-1.9782299194e+35,8.2276157140e+41,2.6069798324e+41,3.1315555994e+43,-1.0548469646e+05,-4.6329290157e+04,1.0381697112e+04
1621,1.7506800000e+07,1.8923018749e+35,-3.8705305663e+35,-1.9782286914e+35,8.2276160207e+41,2.6069797974e+41,3.1315556990e+43,-1.0548455283e+05,-4.6329383146e+04,1.0381525464e+04
1622,1.7517600000e+07,1.8922704143e+35,-3.8704978799e+35,-1.9782274656e+35,8.2276163272e+41,2.6069797626e+41,3.1315557985e+43,-1.0548440920e+05,-4.6329476134e+04,1.0381353816e+04
1623,1.7528400000e+07,1.8922390001e+35,-3.8704652422e+35,-1.9782262421e+35,8.2276166334e+41,2.6069797280e+41,3.1315558981e+43,-1.0548426557e+05,-4.6329569122e+04,1.0381182168e+04
1624,1.7539200000e+07,1.8922076327e+35,-3.8704326536e+35,-1.9782250208e+35,8.2276169395e+41,2.6069796935e+41,3.1315559976e+43,-1.0548412195e+05,-4.6329662111e+04,1.0381010520e+04
1625,1.7550000000e+07,1.8921763127e+35,-3.8704001145e+35,-1.9782238018e+35,8.2276172453e+41,2.6069796593e+41,3.1315560970e+43,-1.0548397832e+05,-4.6329755099e+04,1.0380838872e+04
1626,1.7560800000e+07,1.8921450405e+35,-3.8703676254e+35,-1.9782225849e+35,8.2276175509e+41,2.6069796252e+41,3.1315561965e+43,-1.0548383469e+05,-4.6329848087e+04,1.0380667224e+04
1627,1.7571600000e+07,1.8921138166e+35,-3.8703351868e+35,-1.9782213702e+35,8.2276178562e+41,2.6069795913e+41,3.1315562959e+43,-1.0548369106e+05,-4.6329941076e+04,1.0380495576e+04
1628,1.7582400000e+07,1.8920826416e+35,-3.8703027993e+35,-1.9782201577e+35,8.2276181614e+41,2.6069795576e+41,3.1315563953e+43,-1.0548354743e+05,-4.6330034064e+04,1.0380323929e+04
1629,1.7593200000e+07,1.8920515162e+35,-3.8702704635e+35,-1.9782189473e+35,8.2276184663e+41,2.6069795240e+41,3.1315564947e+43,-1.0548340381e+05,-4.6330127052e+04,1.0380152281e+04
1630,1.7604000000e+07,1.8920204410e+35,-3.8702381800e+35,-1.9782177390e+35,8.2276187711e+41,2.6069794907e+41,3.1315565941e+43,-1.0548326018e+05,-4.6330220040e+04,1.0379980633e+04
1631,1.7614800000e+07,1.8919894168e+35,-3.8702059496e+35,-1.9782165328e+35,8.2276190756e+41,2.6069794575e+41,3.1315566934e+43,-1.0548311655e+05,-4.6330313029e+04,1.0379808985e+04
1632,1.7625600000e+07,1.8919584446e+35,-3.8701737732e+35,-1.9782153286e+35,8.2276193799e+41,2.6069794245e+41,3.1315567927e+43,-1.0548297292e+05,-4.6330406017e+04,1.0379637337e+04
1633,1.7636400000e+07,1.8919275254e+35,-3.8701416519e+35,-1.9782141265e+35,8.2276196840e+41,2.6069793917e+41,3.1315568920e+43,-1.0548282929e+05,-4.6330499005e+04,1.0379465689e+04
1634,1.7647200000e+07,1.8918966604e+35,-3.8701095867e+35,-1.9782129263e+35,8.2276199879e+41,2.6069793591e+41,3.1315569912e+43,-1.0548268567e+05,-4.6330591993e+04,1.0379294041e+04
1635,1.7658000000e+07,1.8918658511e+35,-3.8700775792e+35,-1.9782117280e+35,8.2276202915e+41,2.6069793266e+41,3.1315570905e+43,-1.0548254204e+05,-4.6330684982e+04,1.0379122393e+04
1636,1.7668800000e+07,1.8918350994e+35,-3.8700456309e+35,-1.9782105315e+35,8.2276205950e+41,2.6069792943e+41,3.1315571897e+43,-1.0548239841e+05,-4.6330777970e+04,1.0378950745e+04
1637,1.7679600000e+07,1.8918044073e+35,-3.8700137437e+35,-1.9782093364e+35,8.2276208982e+41,2.6069792621e+41,3.1315572888e+43,-1.0548225478e+05,-4.6330870958e+04,1.0378779097e+04
1638,1.7690400000e+07,1.8917737774e+35,-3.8699819199e+35,-1.9782081424e+35,8.2276212013e+41,2.6069792302e+41,3.1315573880e+43,-1.0548211115e+05,-4.6330963946e+04,1.0378607449e+04
1639,1.7701200000e+07,1.8917432128e+35,-3.8699501616e+35,-1.9782069488e+35,8.2276215041e+41,2.6069791984e+41,3.1315574871e+43,-1.0548196753e+05,-4.6331056935e+04,1.0378435801e+04
1640,1.7712000000e+07,1.8917127168e+35,-3.8699184709e+35,-1.9782057541e+35,8.2276218066e+41,2.6069791667e+41,3.1315575863e+43,-1.0548182390e+05,-4.6331149923e+04,1.0378264153e+04
1641,1.7722800000e+07,1.8916822926e+35,-3.8698868485e+35,-1.9782045559e+35,8.2276221090e+41,2.6069791353e+41,3.1315576853e+43,-1.0548168027e+05,-4.6331242911e+04,1.0378092505e+04
1642,1.7733600000e+07,1.8916519422e+35,-3.8698552920e+35,-1.9782033499e+35,8.2276224110e+41,2.6069791040e+41,3.1315577844e+43,-1.0548153664e+05,-4.6331335900e+04,1.0377920857e+04
1643,1.7744400000e+07,1.8916216639e+35,-3.8698237925e+35,-1.9782021287e+35,8.2276227128e+41,2.6069790728e+41,3.1315578835e+43,-1.0548139301e+05,-4.6331428888e+04,1.0377749209e+04
1644,1.7755200000e+07,1.8915914476e+35,-3.8697923299e+35,-1.9782008824e+35,8.2276230143e+41,2.6069790418e+41,3.1315579825e+43,-1.0548124939e+05,-4.6331521876e+04,1.0377577561e+04
1645,1.7766000000e+07,1.8915612691e+35,-3.8697608714e+35,-1.9781996022e+35,8.2276233155e+41,2.6069790110e+41,3.1315580816e+43,-1.0548110576e+05,-4.6331614864e+04,1.0377405914e+04
1646,1.7776800000e+07,1.8915310895e+35,-3.8697293807e+35,-1.9781982911e+35,8.2276236164e+41,2.6069789803e+41,3.1315581806e+43,-1.0548096213e+05,-4.6331707853e+04,1.0377234266e+04
1647,1.7787600000e+07,1.8915008691e+35,-3.8696978404e+35,-1.9781969713e+35,8.2276239170e+41,2.6069789497e+41,3.1315582796e+43,-1.0548081850e+05,-4.6331800841e+04,1.0377062618e+04
1648,1.7798400000e+07,1.8914705936e+35,-3.8696662670e+35,-1.9781956734e+35,8.2276242175e+41,2.6069789194e+41,3.1315583786e+43,-1.0548067487e+05,-4.6331893829e+04,1.0376890970e+04
1649,1.7809200000e+07,1.8914402841e+35,-3.8696346983e+35,-1.9781944142e+35,8.2276245180e+41,2.6069788891e+41,3.1315584776e+43,-1.0548053125e+05,-4.6331986817e+04,1.0376719322e+04
1650,1.7820000000e+07,1.8914099786e+35,-3.8696031703e+35,-1.9781931916e+35,8.2276248183e+41,2.6069788591e+41,3.1315585765e+43,-1.0548038762e+05,-4.6332079805e+04,1.0376547674e+04
1651,1.7830800000e+07,1.8913797094e+35,-3.8695717046e+35,-1.9781919951e+35,8.2276251186e+41,2.6069788292e+41,3.1315586754e+43,-1.0548024399e+05,-4.6332172794e+04,1.0376376026e+04
1652,1.7841600000e+07,1.8913494958e+35,-3.8695403106e+35,-1.9781908147e+35,8.2276254188e+41,2.6069787995e+41,3.1315587742e+43,-1.0548010036e+05,-4.6332265782e+04,1.0376204378e+04
1653,1.7852400000e+07,1.8913193463e+35,-3.8695089901e+35,-1.9781896438e+35,8.2276257189e+41,2.6069787699e+41,3.1315588730e+43,-1.0547995673e+05,-4.6332358770e+04,1.0376032730e+04
1654,1.7863200000e+07,1.8912892631e+35,-3.8694777415e+35,-1.9781884784e+35,8.2276260189e+41,2.6069787405e+41,3.1315589718e+43,-1.0547981311e+05,-4.6332451759e+04,1.0375861082e+04
1655,1.7874000000e+07,1.8912592458e+35,-3.8694465623e+35,-1.9781873165e+35,8.2276263187e+41,2.6069787112e+41,3.1315590706e+43,-1.0547966948e+05,-4.6332544747e+04,1.0375689434e+04
1656,1.7884800000e+07,1.8912292925e+35,-3.8694154496e+35,-1.9781861571e+35,8.2276266184e+41,2.6069786821e+41,3.1315591693e+43,-1.0547952585e+05,-4.6332637735e+04,1.0375517786e+04
1657,1.7895600000e+07,1.8911994014e+35,-3.8693844010e+35,-1.9781849996e+35,8.2276269180e+41,2.6069786531e+41,3.1315592680e+43,-1.0547938222e+05,-4.6332730724e+04,1.0375346138e+04
1658,1.7906400000e+07,1.8911695706e+35,-3.8693534143e+35,-1.9781838436e+35,8.2276272173e+41,2.6069786243e+41,3.1315593667e+43,-1.0547923859e+05,-4.6332823712e+04,1.0375174490e+04
1659,1.7917200000e+07,1.8911397986e+35,-3.8693224877e+35,-1.9781826891e+35,8.2276275166e+41,2.6069785956e+41,3.1315594654e+43,-1.0547909497e+05,-4.6332916700e+04,1.0375002842e+04
1660,1.7928000000e+07,1.8911100839e+35,-3.8692916199e+35,-1.9781815360e+35,8.2276278156e+41,2.6069785671e+41,3.1315595640e+43,-1.0547895134e+05,-4.6333009688e+04,1.0374831194e+04
1661,1.7938800000e+07,1.8910804255e+35,-3.8692608098e+35,-1.9781803843e+35,8.2276281146e+41,2.6069785387e+41,3.1315596627e+43,-1.0547880771e+05,-4.6333102677e+04,1.0374659546e+04
1662,1.7949600000e+07,1.8910508223e+35,-3.8692300562e+35,-1.9781792339e+35,8.2276284133e+41,2.6069785105e+41,3.1315597613e+43,-1.0547866408e+05,-4.6333195665e+04,1.0374487898e+04
1663,1.7960400000e+07,1.8910212737e+35,-3.8691993586e+35,-1.9781780849e+35,8.2276287119e+41,2.6069784824e+41,3.1315598599e+43,-1.0547852045e+05,-4.6333288653e+04,1.0374316251e+04
1664,1.7971200000e+07,1.8909917790e+35,-3.8691687162e+35,-1.9781769372e+35,8.2276290103e+41,2.6069784544e+41,3.1315599584e+43,-1.0547837683e+05,-4.6333381642e+04,1.0374144603e+04
1665,1.7982000000e+07,1.8909623376e+35,-3.8691381284e+35,-1.9781757909e+35,8.2276293086e+41,2.6069784266e+41,3.1315600570e+43,-1.0547823320e+05,-4.6333474630e+04,1.0373972955e+04
1666,1.7992800000e+07,1.8909329491e+35,-3.8691075950e+35,-1.9781746459e+35,8.2276296067e+41,2.6069783989e+41,3.1315601555e+43,-1.0547808957e+05,-4.6333567618e+04,1.0373801307e+04
1667,1.8003600000e+07,1.8909036131e+35,-3.8690771154e+35,-1.9781735022e+35,8.2276299046e+41,2.6069783713e+41,3.1315602540e+43,-1.0547794594e+05,-4.6333660607e+04,1.0373629659e+04
1668,1.8014400000e+07,1.8908743293e+35,-3.8690466893e+35,-1.9781723600e+35,8.2276302024e+41,2.6069783439e+41,3.1315603524e+43,-1.0547780231e+05,-4.6333753595e+04,1.0373458011e+04
1669,1.8025200000e+07,1.8908450975e+35,-3.8690163165e+35,-1.9781712190e+35,8.2276305001e+41,2.6069783166e+41,3.1315604509e+43,-1.0547765869e+05,-4.6333846583e+04,1.0373286363e+04
1670,1.8036000000e+07,1.8908159173e+35,-3.8689859967e+35,-1.9781700794e+35,8.2276307976e+41,2.6069782895e+41,3.1315605493e+43,-1.0547751506e+05,-4.6333939571e+04,1.0373114715e+04
1671,1.8046800000e+07,1.8907867887e+35,-3.8689557298e+35,-1.9781689411e+35,8.2276310949e+41,2.6069782625e+41,3.1315606478e+43,-1.0547737143e+05,-4.6334032560e+04,1.0372943067e+04
1672,1.8057600000e+07,1.8907577113e+35,-3.8689255154e+35,-1.9781678042e+35,8.2276313921e+41,2.6069782356e+41,3.1315607462e+43,-1.0547722780e+05,-4.6334125548e+04,1.0372771419e+04
1673,1.8068400000e+07,1.8907286850e+35,-3.8688953535e+35,-1.9781666685e+35,8.2276316891e+41,2.6069782088e+41,3.1315608445e+43,-1.0547708417e+05,-4.6334218536e+04,1.0372599771e+04
1674,1.8079200000e+07,1.8906997097e+35,-3.8688652439e+35,-1.9781655342e+35,8.2276319859e+41,2.6069781822e+41,3.1315609429e+43,-1.0547694055e+05,-4.6334311525e+04,1.0372428123e+04
1675,1.8090000000e+07,1.8906707853e+35,-3.8688351864e+35,-1.9781644011e+35,8.2276322827e+41,2.6069781557e+41,3.1315610412e+43,-1.0547679692e+05,-4.6334404513e+04,1.0372256475e+04
1676,1.8100800000e+07,1.8906419116e+35,-3.8688051810e+35,-1.9781632694e+35,8.2276325792e+41,2.6069781293e+41,3.1315611396e+43,-1.0547665329e+05,-4.6334497501e+04,1.0372084827e+04
1677,1.8111600000e+07,1.8906130885e+35,-3.8687752274e+35,-1.9781621389e+35,8.2276328757e+41,2.6069781031e+41,3.1315612379e+43,-1.0547650966e+05,-4.6334590489e+04,1.0371913179e+04
1678,1.8122400000e+07,1.8905843159e+35,-3.8687453256e+35,-1.9781610097e+35,8.2276331719e+41,2.6069780770e+41,3.1315613361e+43,-1.0547636603e+05,-4.6334683478e+04,1.0371741531e+04
1679,1.8133200000e+07,1.8905555937e+35,-3.8687154755e+35,-1.9781598817e+35,8.2276334681e+41,2.6069780510e+41,3.1315614344e+43,-1.0547622241e+05,-4.6334776466e+04,1.0371569883e+04
1680,1.8144000000e+07,1.8905269218e+35,-3.8686856769e+35,-1.9781587550e+35,8.2276337641e+41,2.6069780251e+41,3.1315615326e+43,-1.0547607878e+05,-4.6334869454e+04,1.0371398236e+04
1681,1.8154800000e+07,1.8904983002e+35,-3.8686559297e+35,-1.9781576296e+35,8.2276340599e+41,2.6069779993e+41,3.1315616309e+43,-1.0547593515e+05,-4.6334962443e+04,1.0371226588e+04
1682,1.8165600000e+07,1.8904697286e+35,-3.8686262339e+35,-1.9781565053e+35,8.2276343556e+41,2.6069779737e+41,3.1315617291e+43,-1.0547579152e+05,-4.6335055431e+04,1.0371054940e+04
1683,1.8176400000e+07,1.8904412071e+35,-3.8685965894e+35,-1.9781553823e+35,8.2276346512e+41,2.6069779482e+41,3.1315618273e+43,-1.0547564789e+05,-4.6335148419e+04,1.0370883292e+04
1684,1.8187200000e+07,1.8904127355e+35,-3.8685669960e+35,-1.9781542605e+35,8.2276349466e+41,2.6069779228e+41,3.1315619254e+43,-1.0547550427e+05,-4.6335241407e+04,1.0370711644e+04
1685,1.8198000000e+07,1.8903843139e+35,-3.8685374537e+35,-1.9781531398e+35,8.2276352418e+41,2.6069778975e+41,3.1315620236e+43,-1.0547536064e+05,-4.6335334396e+04,1.0370539996e+04
1686,1.8208800000e+07,1.8903559420e+35,-3.8685079624e+35,-1.9781520204e+35,8.2276355370e+41,2.6069778724e+41,3.1315621217e+43,-1.0547521701e+05,-4.6335427384e+04,1.0370368348e+04
1687,1.8219600000e+07,1.8903276198e+35,-3.8684785219e+35,-1.9781509021e+35,8.2276358320e+41,2.6069778473e+41,3.1315622198e+43,-1.0547507338e+05,-4.6335520372e+04,1.0370196700e+04
1688,1.8230400000e+07,1.8902993473e+35,-3.8684491323e+35,-1.9781497850e+35,8.2276361269e+41,2.6069778224e+41,3.1315623179e+43,-1.0547492975e+05,-4.6335613361e+04,1.0370025052e+04
1689,1.8241200000e+07,1.8902711243e+35,-3.8684197933e+35,-1.9781486690e+35,8.2276364216e+41,2.6069777976e+41,3.1315624160e+43,-1.0547478613e+05,-4.6335706349e+04,1.0369853404e+04
1690,1.8252000000e+07,1.8902429508e+35,-3.8683905050e+35,-1.9781475542e+35,8.2276367162e+41,2.6069777729e+41,3.1315625141e+43,-1.0547464250e+05,-4.6335799337e+04,1.0369681756e+04
1691,1.8262800000e+07,1.8902148267e+35,-3.8683612672e+35,-1.9781464405e+35,8.2276370106e+41,2.6069777483e+41,3.1315626121e+43,-1.0547449887e+05,-4.6335892325e+04,1.0369510108e+04
1692,1.8273600000e+07,1.8901867520e+35,-3.8683320799e+35,-1.9781453279e+35,8.2276373050e+41,2.6069777239e+41,3.1315627101e+43,-1.0547435524e+05,-4.6335985313e+04,1.0369338460e+04
1693,1.8284400000e+07,1.8901587264e+35,-3.8683029428e+35,-1.9781442164e+35,8.2276375992e+41,2.6069776995e+41,3.1315628082e+43,-1.0547421161e+05,-4.6336078302e+04,1.0369166812e+04
1694,1.8295200000e+07,1.8901307500e+35,-3.8682738561e+35,-1.9781431061e+35,8.2276378932e+41,2.6069776752e+41,3.1315629062e+43,-1.0547406799e+05,-4.6336171290e+04,1.0368995164e+04
1695,1.8306000000e+07,1.8901028227e+35,-3.8682448195e+35,-1.9781419968e+35,8.2276381872e+41,2.6069776511e+41,3.1315630041e+43,-1.0547392436e+05,-4.6336264278e+04,1.0368823516e+04
1696,1.8316800000e+07,1.8900749444e+35,-3.8682158330e+35,-1.9781408886e+35,8.2276384810e+41,2.6069776271e+41,3.1315631021e+43,-1.0547378073e+05,-4.6336357267e+04,1.0368651868e+04
1697,1.8327600000e+07,1.8900471151e+35,-3.8681868965e+35,-1.9781397814e+35,8.2276387747e+41,2.6069776031e+41,3.1315632000e+43,-1.0547363710e+05,-4.6336450255e+04,1.0368480220e+04
1698,1.8338400000e+07,1.8900193345e+35,-3.8681580098e+35,-1.9781386753e+35,8.2276390682e+41,2.6069775793e+41,3.1315632980e+43,-1.0547349347e+05,-4.6336543243e+04,1.0368308573e+04
1699,1.8349200000e+07,1.8899916027e+35,-3.8681291730e+35,-1.9781375703e+35,8.2276393617e+41,2.6069775556e+41,3.1315633959e+43,-1.0547334985e+05,-4.6336636232e+04,1.0368136925e+04
1700,1.8360000000e+07,1.8899639196e+35,-3.8681003859e+35,-1.9781364663e+35,8.2276396550e+41,2.6069775320e+41,3.1315634938e+43,-1.0547320622e+05,-4.6336729220e+04,1.0367965277e+04
1701,1.8370800000e+07,1.8899362851e+35,-3.8680716484e+35,-1.9781353633e+35,8.2276399482e+41,2.6069775085e+41,3.1315635916e+43,-1.0547306259e+05,-4.6336822208e+04,1.0367793629e+04
1702,1.8381600000e+07,1.8899086991e+35,-3.8680429604e+35,-1.9781342613e+35,8.2276402412e+41,2.6069774851e+41,3.1315636895e+43,-1.0547291896e+05,-4.6336915196e+04,1.0367621981e+04
1703,1.8392400000e+07,1.8898811615e+35,-3.8680143219e+35,-1.9781331604e+35,8.2276405342e+41,2.6069774618e+41,3.1315637873e+43,-1.0547277533e+05,-4.6337008185e+04,1.0367450333e+04
1704,1.8403200000e+07,1.8898536723e+35,-3.8679857327e+35,-1.9781320604e+35,8.2276408270e+41,2.6069774386e+41,3.1315638852e+43,-1.0547263171e+05,-4.6337101173e+04,1.0367278685e+04
1705,1.8414000000e+07,1.8898262313e+35,-3.8679571927e+35,-1.9781309614e+35,8.2276411197e+41,2.6069774155e+41,3.1315639830e+43,-1.0547248808e+05,-4.6337194161e+04,1.0367107037e+04
1706,1.8424800000e+07,1.8897988385e+35,-3.8679287019e+35,-1.9781298634e+35,8.2276414123e+41,2.6069773925e+41,3.1315640808e+43,-1.0547234445e+05,-4.6337287149e+04,1.0366935389e+04
1707,1.8435600000e+07,1.8897714937e+35,-3.8679002601e+35,-1.9781287664e+35,8.2276417048e+41,2.6069773696e+41,3.1315641786e+43,-1.0547220082e+05,-4.6337380138e+04,1.0366763741e+04
1708,1.8446400000e+07,1.8897441970e+35,-3.8678718673e+35,-1.9781276703e+35,8.2276419971e+41,2.6069773468e+41,3.1315642763e+43,-1.0547205719e+05,-4.6337473126e+04,1.0366592093e+04
1709,1.8457200000e+07,1.8897169481e+35,-3.8678435233e+35,-1.9781265752e+35,8.2276422894e+41,2.6069773241e+41,3.1315643741e+43,-1.0547191357e+05,-4.6337566114e+04,1.0366420445e+04
1710,1.8468000000e+07,1.8896897470e+35,-3.8678152281e+35,-1.9781254811e+35,8.2276425815e+41,2.6069773015e+41,3.1315644718e+43,-1.0547176994e+05,-4.6337659103e+04,1.0366248797e+04
1711,1.8478800000e+07,1.8896625937e+35,-3.8677869816e+35,-1.9781243878e+35,8.2276428735e+41,2.6069772790e+41,3.1315645695e+43,-1.0547162631e+05,-4.6337752091e+04,1.0366077149e+04
1712,1.8489600000e+07,1.8896354880e+35,-3.8677587835e+35,-1.9781232955e+35,8.2276431654e+41,2.6069772566e+41,3.1315646672e+43,-1.0547148268e+05,-4.6337845079e+04,1.0365905501e+04
1713,1.8500400000e+07,1.8896084299e+35,-3.8677306340e+35,-1.9781222041e+35,8.2276434572e+41,2.6069772343e+41,3.1315647649e+43,-1.0547133905e+05,-4.6337938067e+04,1.0365733853e+04
1714,1.8511200000e+07,1.8895814192e+35,-3.8677025328e+35,-1.9781211136e+35,8.2276437488e+41,2.6069772120e+41,3.1315648626e+43,-1.0547119542e+05,-4.6338031056e+04,1.0365562205e+04
1715,1.8522000000e+07,1.8895544559e+35,-3.8676744799e+35,-1.9781200240e+35,8.2276440404e+41,2.6069771899e+41,3.1315649603e+43,-1.0547105180e+05,-4.6338124044e+04,1.0365390558e+04
1716,1.8532800000e+07,1.8895275398e+35,-3.8676464751e+35,-1.9781189353e+35,8.2276443318e+41,2.6069771679e+41,3.1315650579e+43,-1.0547090817e+05,-4.6338217032e+04,1.0365218910e+04
1717,1.8543600000e+07,1.8895006709e+35,-3.8676185184e+35,-1.9781178475e+35,8.2276446232e+41,2.6069771459e+41,3.1315651555e+43,-1.0547076454e+05,-4.6338310020e+04,1.0365047262e+04
1718,1.8554400000e+07,1.8894738491e+35,-3.8675906096e+35,-1.9781167606e+35,8.2276449144e+41,2.6069771240e+41,3.1315652532e+43,-1.0547062091e+05,-4.6338403009e+04,1.0364875614e+04
1719,1.8565200000e+07,1.8894470743e+35,-3.8675627487e+35,-1.9781156745e+35,8.2276452056e+41,2.6069771023e+41,3.1315653508e+43,-1.0547047728e+05,-4.6338495997e+04,1.0364703966e+04
1720,1.8576000000e+07,1.8894203463e+35,-3.8675349356e+35,-1.9781145892e+35,8.2276454966e+41,2.6069770806e+41,3.1315654483e+43,-1.0547033366e+05,-4.6338588985e+04,1.0364532318e+04
1721,1.8586800000e+07,1.8893936652e+35,-3.8675071700e+35,-1.9781135049e+35,8.2276457875e+41,2.6069770590e+41,3.1315655459e+43,-1.0547019003e+05,-4.6338681974e+04,1.0364360670e+04
1722,1.8597600000e+07,1.8893670307e+35,-3.8674794521e+35,-1.9781124213e+35,8.2276460783e+41,2.6069770375e+41,3.1315656435e+43,-1.0547004640e+05,-4.6338774962e+04,1.0364189022e+04
1723,1.8608400000e+07,1.8893404429e+35,-3.8674517815e+35,-1.9781113386e+35,8.2276463690e+41,2.6069770161e+41,3.1315657410e+43,-1.0546990277e+05,-4.6338867950e+04,1.0364017374e+04
1724,1.8619200000e+07,1.8893139016e+35,-3.8674241583e+35,-1.9781102567e+35,8.2276466596e+41,2.6069769947e+41,3.1315658385e+43,-1.0546975914e+05,-4.6338960938e+04,1.0363845726e+04
1725,1.8630000000e+07,1.8892874067e+35,-3.8673965824e+35,-1.9781091757e+35,8.2276469501e+41,2.6069769735e+41,3.1315659361e+43,-1.0546961552e+05,-4.6339053927e+04,1.0363674078e+04
1726,1.8640800000e+07,1.8892609581e+35,-3.8673690535e+35,-1.9781080954e+35,8.2276472405e+41,2.6069769523e+41,3.1315660336e+43,-1.0546947189e+05,-4.6339146915e+04,1.0363502430e+04
1727,1.8651600000e+07,1.8892345558e+35,-3.8673415717e+35,-1.9781070159e+35,8.2276475308e+41,2.6069769312e+41,3.1315661311e+43,-1.0546932826e+05,-4.6339239903e+04,1.0363330782e+04
1728,1.8662400000e+07,1.8892081995e+35,-3.8673141368e+35,-1.9781059373e+35,8.2276478210e+41,2.6069769102e+41,3.1315662285e+43,-1.0546918463e+05,-4.6339332891e+04,1.0363159134e+04
1729,1.8673200000e+07,1.8891818893e+35,-3.8672867488e+35,-1.9781048594e+35,8.2276481112e+41,2.6069768893e+41,3.1315663260e+43,-1.0546904100e+05,-4.6339425880e+04,1.0362987486e+04
1730,1.8684000000e+07,1.8891556251e+35,-3.8672594074e+35,-1.9781037823e+35,8.2276484012e+41,2.6069768685e+41,3.1315664234e+43,-1.0546889738e+05,-4.6339518868e+04,1.0362815838e+04
1731,1.8694800000e+07,1.8891294066e+35,-3.8672321126e+35,-1.9781027060e+35,8.2276486911e+41,2.6069768478e+41,3.1315665209e+43,-1.0546875375e+05,-4.6339611856e+04,1.0362644190e+04
1732,1.8705600000e+07,1.8891032339e+35,-3.8672048644e+35,-1.9781016304e+35,8.2276489809e+41,2.6069768271e+41,3.1315666183e+43,-1.0546861012e+05,-4.6339704845e+04,1.0362472542e+04
1733,1.8716400000e+07,1.8890771069e+35,-3.8671776625e+35,-1.9781005556e+35,8.2276492706e+41,2.6069768065e+41,3.1315667157e+43,-1.0546846649e+05,-4.6339797833e+04,1.0362300895e+04
1734,1.8727200000e+07,1.8890510254e+35,-3.8671505069e+35,-1.9780994816e+35,8.2276495602e+41,2.6069767860e+41,3.1315668131e+43,-1.0546832286e+05,-4.6339890821e+04,1.0362129247e+04
1735,1.8738000000e+07,1.8890249893e+35,-3.8671233975e+35,-1.9780984082e+35,8.2276498498e+41,2.6069767655e+41,3.1315669105e+43,-1.0546817924e+05,-4.6339983809e+04,1.0361957599e+04
1736,1.8748800000e+07,1.8889989985e+35,-3.8670963342e+35,-1.9780973357e+35,8.2276501392e+41,2.6069767452e+41,3.1315670079e+43,-1.0546803561e+05,-4.6340076798e+04,1.0361785951e+04
1737,1.8759600000e+07,1.8889730531e+35,-3.8670693169e+35,-1.9780962638e+35,8.2276504286e+41,2.6069767249e+41,3.1315671052e+43,-1.0546789198e+05,-4.6340169786e+04,1.0361614303e+04
1738,1.8770400000e+07,1.8889471527e+35,-3.8670423454e+35,-1.9780951927e+35,8.2276507178e+41,2.6069767047e+41,3.1315672026e+43,-1.0546774835e+05,-4.6340262774e+04,1.0361442655e+04
1739,1.8781200000e+07,1.8889212974e+35,-3.8670154197e+35,-1.9780941223e+35,8.2276510070e+41,2.6069766846e+41,3.1315672999e+43,-1.0546760472e+05,-4.6340355762e+04,1.0361271007e+04
1740,1.8792000000e+07,1.8888954871e+35,-3.8669885396e+35,-1.9780930526e+35,8.2276512960e+41,2.6069766645e+41,3.1315673972e+43,-1.0546746110e+05,-4.6340448751e+04,1.0361099359e+04
1741,1.8802800000e+07,1.8888697216e+35,-3.8669617051e+35,-1.9780919836e+35,8.2276515850e+41,2.6069766446e+41,3.1315674945e+43,-1.0546731747e+05,-4.6340541739e+04,1.0360927711e+04
1742,1.8813600000e+07,1.8888440008e+35,-3.8669349161e+35,-1.9780909153e+35,8.2276518739e+41,2.6069766247e+41,3.1315675918e+43,-1.0546717384e+05,-4.6340634727e+04,1.0360756063e+04
1743,1.8824400000e+07,1.8888183247e+35,-3.8669081724e+35,-1.9780898477e+35,8.2276521627e+41,2.6069766048e+41,3.1315676891e+43,-1.0546703021e+05,-4.6340727715e+04,1.0360584415e+04
1744,1.8835200000e+07,1.8887926932e+35,-3.8668814739e+35,-1.9780887807e+35,8.2276524515e+41,2.6069765851e+41,3.1315677864e+43,-1.0546688658e+05,-4.6340820704e+04,1.0360412767e+04
1745,1.8846000000e+07,1.8887671061e+35,-3.8668548206e+35,-1.9780877145e+35,8.2276527401e+41,2.6069765654e+41,3.1315678836e+43,-1.0546674296e+05,-4.6340913692e+04,1.0360241119e+04
1746,1.8856800000e+07,1.8887415633e+35,-3.8668282123e+35,-1.9780866489e+35,8.2276530286e+41,2.6069765458e+41,3.1315679809e+43,-1.0546659933e+05,-4.6341006680e+04,1.0360069471e+04
1747,1.8867600000e+07,1.8887160649e+35,-3.8668016489e+35,-1.9780855840e+35,8.2276533171e+41,2.6069765262e+41,3.1315680781e+43,-1.0546645570e+05,-4.6341099669e+04,1.0359897823e+04
1748,1.8878400000e+07,1.8886906106e+35,-3.8667751303e+35,-1.9780845197e+35,8.2276536055e+41,2.6069765068e+41,3.1315681753e+43,-1.0546631207e+05,-4.6341192657e+04,1.0359726175e+04
1749,1.8889200000e+07,1.8886652003e+35,-3.8667486564e+35,-1.9780834561e+35,8.2276538938e+41,2.6069764874e+41,3.1315682725e+43,-1.0546616844e+05,-4.6341285645e+04,1.0359554527e+04
1750,1.8900000000e+07,1.8886398340e+35,-3.8667222272e+35,-1.9780823931e+35,8.2276541820e+41,2.6069764680e+41,3.1315683697e+43,-1.0546602482e+05,-4.6341378634e+04,1.0359382880e+04
1751,1.8910800000e+07,1.8886145116e+35,-3.8666958424e+35,-1.9780813308e+35,8.2276544701e+41,2.6069764488e+41,3.1315684669e+43,-1.0546588119e+05,-4.6341471622e+04,1.0359211232e+04
1752,1.8921600000e+07,1.8885892329e+35,-3.8666695021e+35,-1.9780802691e+35,8.2276547582e+41,2.6069764296e+41,3.1315685641e+43,-1.0546573756e+05,-4.6341564610e+04,1.0359039584e+04
1753,1.8932400000e+07,1.8885639979e+35,-3.8666432060e+35,-1.9780792081e+35,8.2276550461e+41,2.6069764105e+41,3.1315686612e+43,-1.0546559393e+05,-4.6341657598e+04,1.0358867936e+04
1754,1.8943200000e+07,1.8885388065e+35,-3.8666169541e+35,-1.9780781476e+35,8.2276553340e+41,2.6069763914e+41,3.1315687584e+43,-1.0546545030e+05,-4.6341750587e+04,1.0358696288e+04
1755,1.8954000000e+07,1.8885136586e+35,-3.8665907464e+35,-1.9780770878e+35,8.2276556218e+41,2.6069763724e+41,3.1315688555e+43,-1.0546530668e+05,-4.6341843575e+04,1.0358524640e+04
1756,1.8964800000e+07,1.8884885540e+35,-3.8665645826e+35,-1.9780760286e+35,8.2276559096e+41,2.6069763535e+41,3.1315689526e+43,-1.0546516305e+05,-4.6341936563e+04,1.0358352992e+04
1757,1.8975600000e+07,1.8884634927e+35,-3.8665384627e+35,-1.9780749700e+35,8.2276561972e+41,2.6069763346e+41,3.1315690498e+43,-1.0546501942e+05,-4.6342029552e+04,1.0358181344e+04
1758,1.8986400000e+07,1.8884384746e+35,-3.8665123865e+35,-1.9780739120e+35,8.2276564848e+41,2.6069763158e+41,3.1315691469e+43,-1.0546487579e+05,-4.6342122540e+04,1.0358009696e+04
1759,1.8997200000e+07,1.8884134995e+35,-3.8664863541e+35,-1.9780728545e+35,8.2276567723e+41,2.6069762971e+41,3.1315692440e+43,-1.0546473216e+05,-4.6342215528e+04,1.0357838048e+04
1760,1.9008000000e+07,1.8883885675e+35,-3.8664603652e+35,-1.9780717977e+35,8.2276570597e+41,2.6069762784e+41,3.1315693410e+43,-1.0546458854e+05,-4.6342308517e+04,1.0357666400e+04
1761,1.9018800000e+07,1.8883636784e+35,-3.8664344198e+35,-1.9780707415e+35,8.2276573470e+41,2.6069762598e+41,3.1315694381e+43,-1.0546444491e+05,-4.6342401505e+04,1.0357494752e+04
1762,1.9029600000e+07,1.8883388320e+35,-3.8664085178e+35,-1.9780696858e+35,8.2276576343e+41,2.6069762412e+41,3.1315695352e+43,-1.0546430128e+05,-4.6342494493e+04,1.0357323104e+04
1763,1.9040400000e+07,1.8883140283e+35,-3.8663826590e+35,-1.9780686307e+35,8.2276579215e+41,2.6069762227e+41,3.1315696322e+43,-1.0546415765e+05,-4.6342587481e+04,1.0357151456e+04
1764,1.9051200000e+07,1.8882892673e+35,-3.8663568434e+35,-1.9780675761e+35,8.2276582086e+41,2.6069762043e+41,3.1315697293e+43,-1.0546401402e+05,-4.6342680470e+04,1.0356979808e+04
1765,1.9062000000e+07,1.8882645487e+35,-3.8663310709e+35,-1.9780665222e+35,8.2276584957e+41,2.6069761860e+41,3.1315698263e+43,-1.0546387040e+05,-4.6342773458e+04,1.0356808160e+04
1766,1.9072800000e+07,1.8882398726e+35,-3.8663053414e+35,-1.9780654688e+35,8.2276587827e+41,2.6069761676e+41,3.1315699233e+43,-1.0546372677e+05,-4.6342866446e+04,1.0356636512e+04
1767,1.9083600000e+07,1.8882152388e+35,-3.8662796547e+35,-1.9780644159e+35,8.2276590696e+41,2.6069761494e+41,3.1315700203e+43,-1.0546358314e+05,-4.6342959435e+04,1.0356464864e+04
1768,1.9094400000e+07,1.8881906472e+35,-3.8662540108e+35,-1.9780633636e+35,8.2276593564e+41,2.6069761312e+41,3.1315701173e+43,-1.0546343951e+05,-4.6343052423e+04,1.0356293217e+04
1769,1.9105200000e+07,1.8881660977e+35,-3.8662284095e+35,-1.9780623118e+35,8.2276596432e+41,2.6069761131e+41,3.1315702143e+43,-1.0546329588e+05,-4.6343145411e+04,1.0356121569e+04
1770,1.9116000000e+07,1.8881415903e+35,-3.8662028509e+35,-1.9780612606e+35,8.2276599298e+41,2.6069760950e+41,3.1315703113e+43,-1.0546315226e+05,-4.6343238400e+04,1.0355949921e+04
1771,1.9126800000e+07,1.8881171248e+35,-3.8661773347e+35,-1.9780602098e+35,8.2276602165e+41,2.6069760770e+41,3.1315704083e+43,-1.0546300863e+05,-4.6343331388e+04,1.0355778273e+04
1772,1.9137600000e+07,1.8880927012e+35,-3.8661518609e+35,-1.9780591597e+35,8.2276605030e+41,2.6069760591e+41,3.1315705052e+43,-1.0546286500e+05,-4.6343424376e+04,1.0355606625e+04
1773,1.9148400000e+07,1.8880683193e+35,-3.8661264293e+35,-1.9780581100e+35,8.2276607895e+41,2.6069760412e+41,3.1315706022e+43,-1.0546272137e+05,-4.6343517364e+04,1.0355434977e+04
1774,1.9159200000e+07,1.8880439791e+35,-3.8661010400e+35,-1.9780570608e+35,8.2276610759e+41,2.6069760233e+41,3.1315706991e+43,-1.0546257774e+05,-4.6343610352e+04,1.0355263329e+04
1775,1.9170000000e+07,1.8880196805e+35,-3.8660756927e+35,-1.9780560122e+35,8.2276613623e+41,2.6069760055e+41,3.1315707960e+43,-1.0546243412e+05,-4.6343703341e+04,1.0355091681e+04
1776,1.9180800000e+07,1.8879954233e+35,-3.8660503874e+35,-1.9780549641e+35,8.2276616486e+41,2.6069759878e+41,3.1315708929e+43,-1.0546229049e+05,-4.6343796329e+04,1.0354920033e+04
1777,1.9191600000e+07,1.8879712076e+35,-3.8660251240e+35,-1.9780539164e+35,8.2276619348e+41,2.6069759701e+41,3.1315709898e+43,-1.0546214686e+05,-4.6343889317e+04,1.0354748385e+04
1778,1.9202400000e+07,1.8879470331e+35,-3.8659999024e+35,-1.9780528693e+35,8.2276622209e+41,2.6069759525e+41,3.1315710867e+43,-1.0546200323e+05,-4.6343982306e+04,1.0354576737e+04
1779,1.9213200000e+07,1.8879228998e+35,-3.8659747225e+35,-1.9780518227e+35,8.2276625070e+41,2.6069759349e+41,3.1315711836e+43,-1.0546185960e+05,-4.6344075294e+04,1.0354405089e+04
1780,1.9224000000e+07,1.8878988077e+35,-3.8659495842e+35,-1.9780507765e+35,8.2276627930e+41,2.6069759174e+41,3.1315712805e+43,-1.0546171598e+05,-4.6344168282e+04,1.0354233441e+04
1781,1.9234800000e+07,1.8878747565e+35,-3.8659244874e+35,-1.9780497309e+35,8.2276630790e+41,2.6069758999e+41,3.1315713774e+43,-1.0546157235e+05,-4.6344261271e+04,1.0354061793e+04
1782,1.9245600000e+07,1.8878507464e+35,-3.8658994320e+35,-1.9780486857e+35,8.2276633649e+41,2.6069758825e+41,3.1315714742e+43,-1.0546142872e+05,-4.6344354259e+04,1.0353890145e+04
1783,1.9256400000e+07,1.8878267770e+35,-3.8658744180e+35,-1.9780476410e+35,8.2276636507e+41,2.6069758652e+41,3.1315715711e+43,-1.0546128509e+05,-4.6344447247e+04,1.0353718497e+04
1784,1.9267200000e+07,1.8878028484e+35,-3.8658494451e+35,-1.9780465967e+35,8.2276639365e+41,2.6069758479e+41,3.1315716679e+43,-1.0546114146e+05,-4.6344540235e+04,1.0353546849e+04
1785,1.9278000000e+07,1.8877789605e+35,-3.8658245135e+35,-1.9780455529e+35,8.2276642222e+41,2.6069758306e+41,3.1315717648e+43,-1.0546099784e+05,-4.6344633224e+04,1.0353375202e+04
1786,1.9288800000e+07,1.8877551132e+35,-3.8657996228e+35,-1.9780445096e+35,8.2276645079e+41,2.6069758134e+41,3.1315718616e+43,-1.0546085421e+05,-4.6344726212e+04,1.0353203554e+04
1787,1.9299600000e+07,1.8877313064e+35,-3.8657747731e+35,-1.9780434668e+35,8.2276647935e+41,2.6069757962e+41,3.1315719584e+43,-1.0546071058e+05,-4.6344819200e+04,1.0353031906e+04
1788,1.9310400000e+07,1.8877075400e+35,-3.8657499643e+35,-1.9780424243e+35,8.2276650790e+41,2.6069757791e+41,3.1315720552e+43,-1.0546056695e+05,-4.6344912188e+04,1.0352860258e+04
1789,1.9321200000e+07,1.8876838139e+35,-3.8657251963e+35,-1.9780413824e+35,8.2276653645e+41,2.6069757620e+41,3.1315721520e+43,-1.0546042332e+05,-4.6345005177e+04,1.0352688610e+04
1790,1.9332000000e+07,1.8876601280e+35,-3.8657004689e+35,-1.9780403409e+35,8.2276656499e+41,2.6069757450e+41,3.1315722488e+43,-1.0546027970e+05,-4.6345098165e+04,1.0352516962e+04
1791,1.9342800000e+07,1.8876364823e+35,-3.8656757821e+35,-1.9780392998e+35,8.2276659352e+41,2.6069757281e+41,3.1315723455e+43,-1.0546013607e+05,-4.6345191153e+04,1.0352345314e+04
1792,1.9353600000e+07,1.8876128767e+35,-3.8656511358e+35,-1.9780382592e+35,8.2276662205e+41,2.6069757112e+41,3.1315724423e+43,-1.0545999244e+05,-4.6345284142e+04,1.0352173666e+04
1793,1.9364400000e+07,1.8875893110e+35,-3.8656265300e+35,-1.9780372190e+35,8.2276665057e+41,2.6069756943e+41,3.1315725391e+43,-1.0545984881e+05,-4.6345377130e+04,1.0352002018e+04
1794,1.9375200000e+07,1.8875657852e+35,-3.8656019644e+35,-1.9780361792e+35,8.2276667909e+41,2.6069756775e+41,3.1315726358e+43,-1.0545970518e+05,-4.6345470118e+04,1.0351830370e+04
1795,1.9386000000e+07,1.8875422993e+35,-3.8655774391e+35,-1.9780351398e+35,8.2276670761e+41,2.6069756607e+41,3.1315727326e+43,-1.0545956156e+05,-4.6345563107e+04,1.0351658722e+04
1796,1.9396800000e+07,1.8875188530e+35,-3.8655529540e+35,-1.9780341009e+35,8.2276673611e+41,2.6069756439e+41,3.1315728293e+43,-1.0545941793e+05,-4.6345656095e+04,1.0351487074e+04
1797,1.9407600000e+07,1.8874954465e+35,-3.8655285089e+35,-1.9780330624e+35,8.2276676461e+41,2.6069756273e+41,3.1315729260e+43,-1.0545927430e+05,-4.6345749083e+04,1.0351315426e+04
1798,1.9418400000e+07,1.8874720795e+35,-3.8655041037e+35,-1.9780320243e+35,8.2276679311e+41,2.6069756106e+41,3.1315730227e+43,-1.0545913067e+05,-4.6345842071e+04,1.0351143778e+04
1799,1.9429200000e+07,1.8874487519e+35,-3.8654797385e+35,-1.9780309866e+35,8.2276682160e+41,2.6069755940e+41,3.1315731194e+43,-1.0545898704e+05,-4.6345935060e+04,1.0350972130e+04
1800,1.9440000000e+07,1.8874254638e+35,-3.8654554131e+35,-1.9780299493e+35,8.2276685009e+41,2.6069755775e+41,3.1315732161e+43,-1.0545884342e+05,-4.6346028048e+04,1.0350800482e+04
1801,1.9450800000e+07,1.8874022150e+35,-3.8654311274e+35,-1.9780289124e+35,8.2276687857e+41,2.6069755609e+41,3.1315733128e+43,-1.0545869979e+05,-4.6346121036e+04,1.0350628834e+04
1802,1.9461600000e+07,1.8873790054e+35,-3.8654068813e+35,-1.9780278759e+35,8.2276690704e+41,2.6069755445e+41,3.1315734095e+43,-1.0545855616e+05,-4.6346214025e+04,1.0350457186e+04
1803,1.9472400000e+07,1.8873558350e+35,-3.8653826748e+35,-1.9780268398e+35,8.2276693551e+41,2.6069755280e+41,3.1315735062e+43,-1.0545841253e+05,-4.6346307013e+04,1.0350285539e+04
1804,1.9483200000e+07,1.8873327037e+35,-3.8653585078e+35,-1.9780258041e+35,8.2276696397e+41,2.6069755117e+41,3.1315736028e+43,-1.0545826890e+05,-4.6346400001e+04,1.0350113891e+04
1805,1.9494000000e+07,1.8873096113e+35,-3.8653343801e+35,-1.9780247688e+35,8.2276699243e+41,2.6069754953e+41,3.1315736995e+43,-1.0545812528e+05,-4.6346492989e+04,1.0349942243e+04
1806,1.9504800000e+07,1.8872865579e+35,-3.8653102918e+35,-1.9780237338e+35,8.2276702089e+41,2.6069754790e+41,3.1315737961e+43,-1.0545798165e+05,-4.6346585978e+04,1.0349770595e+04
1807,1.9515600000e+07,1.8872635434e+35,-3.8652862426e+35,-1.9780226993e+35,8.2276704934e+41,2.6069754628e+41,3.1315738928e+43,-1.0545783802e+05,-4.6346678966e+04,1.0349598947e+04
1808,1.9526400000e+07,1.8872405676e+35,-3.8652622326e+35,-1.9780216651e+35,8.2276707778e+41,2.6069754465e+41,3.1315739894e+43,-1.0545769439e+05,-4.6346771954e+04,1.0349427299e+04
1809,1.9537200000e+07,1.8872176304e+35,-3.8652382617e+35,-1.9780206313e+35,8.2276710622e+41,2.6069754304e+41,3.1315740860e+43,-1.0545755076e+05,-4.6346864943e+04,1.0349255651e+04
1810,1.9548000000e+07,1.8871947319e+35,-3.8652143298e+35,-1.9780195978e+35,8.2276713465e+41,2.6069754142e+41,3.1315741826e+43,-1.0545740714e+05,-4.6346957931e+04,1.0349084003e+04
1811,1.9558800000e+07,1.8871718720e+35,-3.8651904367e+35,-1.9780185647e+35,8.2276716308e+41,2.6069753981e+41,3.1315742793e+43,-1.0545726351e+05,-4.6347050919e+04,1.0348912355e+04
1812,1.9569600000e+07,1.8871490505e+35,-3.8651665825e+35,-1.9780175320e+35,8.2276719151e+41,2.6069753821e+41,3.1315743759e+43,-1.0545711988e+05,-4.6347143908e+04,1.0348740707e+04
1813,1.9580400000e+07,1.8871262674e+35,-3.8651427670e+35,-1.9780164996e+35,8.2276721993e+41,2.6069753660e+41,3.1315744724e+43,-1.0545697625e+05,-4.6347236896e+04,1.0348569059e+04
1814,1.9591200000e+07,1.8871035226e+35,-3.8651189902e+35,-1.9780154676e+35,8.2276724834e+41,2.6069753500e+41,3.1315745690e+43,-1.0545683262e+05,-4.6347329884e+04,1.0348397411e+04
1815,1.9602000000e+07,1.8870808160e+35,-3.8650952520e+35,-1.9780144360e+35,8.2276727675e+41,2.6069753341e+41,3.1315746656e+43,-1.0545668900e+05,-4.6347422872e+04,1.0348225763e+04
1816,1.9612800000e+07,1.8870581476e+35,-3.8650715522e+35,-1.9780134046e+35,8.2276730516e+41,2.6069753182e+41,3.1315747622e+43,-1.0545654537e+05,-4.6347515861e+04,1.0348054115e+04
1817,1.9623600000e+07,1.8870355173e+35,-3.8650478910e+35,-1.9780123737e+35,8.2276733356e+41,2.6069753023e+41,3.1315748587e+43,-1.0545640174e+05,-4.6347608849e+04,1.0347882467e+04
1818,1.9634400000e+07,1.8870129250e+35,-3.8650242680e+35,-1.9780113430e+35,8.2276736196e+41,2.6069752865e+41,3.1315749553e+43,-1.0545625811e+05,-4.6347701837e+04,1.0347710819e+04
1819,1.9645200000e+07,1.8869903707e+35,-3.8650006834e+35,-1.9780103127e+35,8.2276739035e+41,2.6069752707e+41,3.1315750518e+43,-1.0545611448e+05,-4.6347794825e+04,1.0347539171e+04
1820,1.9656000000e+07,1.8869678542e+35,-3.8649771370e+35,-1.9780092828e+35,8.2276741874e+41,2.6069752549e+41,3.1315751484e+43,-1.0545597086e+05,-4.6347887814e+04,1.0347367524e+04
1821,1.9666800000e+07,1.8869453755e+35,-3.8649536287e+35,-1.9780082531e+35,8.2276744712e+41,2.6069752392e+41,3.1315752449e+43,-1.0545582723e+05,-4.6347980802e+04,1.0347195876e+04
1822,1.9677600000e+07,1.8869229346e+35,-3.8649301584e+35,-1.9780072238e+35,8.2276747550e+41,2.6069752235e+41,3.1315753414e+43,-1.0545568360e+05,-4.6348073790e+04,1.0347024228e+04
1823,1.9688400000e+07,1.8869005313e+35,-3.8649067262e+35,-1.9780061949e+35,8.2276750388e+41,2.6069752078e+41,3.1315754380e+43,-1.0545553997e+05,-4.6348166779e+04,1.0346852580e+04
1824,1.9699200000e+07,1.8868781656e+35,-3.8648833318e+35,-1.9780051662e+35,8.2276753225e+41,2.6069751922e+41,3.1315755345e+43,-1.0545539634e+05,-4.6348259767e+04,1.0346680932e+04
1825,1.9710000000e+07,1.8868558375e+35,-3.8648599753e+35,-1.9780041378e+35,8.2276756062e+41,2.6069751766e+41,3.1315756310e+43,-1.0545525272e+05,-4.6348352755e+04,1.0346509284e+04
1826,1.9720800000e+07,1.8868335468e+35,-3.8648366566e+35,-1.9780031098e+35,8.2276758898e+41,2.6069751611e+41,3.1315757275e+43,-1.0545510909e+05,-4.6348445744e+04,1.0346337636e+04
1827,1.9731600000e+07,1.8868112935e+35,-3.8648133756e+35,-1.9780020821e+35,8.2276761734e+41,2.6069751455e+41,3.1315758240e+43,-1.0545496546e+05,-4.6348538732e+04,1.0346165988e+04
1828,1.9742400000e+07,1.8867890775e+35,-3.8647901322e+35,-1.9780010547e+35,8.2276764569e+41,2.6069751300e+41,3.1315759204e+43,-1.0545482183e+05,-4.6348631720e+04,1.0345994340e+04
1829,1.9753200000e+07,1.8867668988e+35,-3.8647669264e+35,-1.9780000276e+35,8.2276767404e+41,2.6069751146e+41,3.1315760169e+43,-1.0545467820e+05,-4.6348724708e+04,1.0345822692e+04
1830,1.9764000000e+07,1.8867447573e+35,-3.8647437581e+35,-1.9779990008e+35,8.2276770239e+41,2.6069750992e+41,3.1315761134e+43,-1.0545453458e+05,-4.6348817697e+04,1.0345651044e+04
1831,1.9774800000e+07,1.8867226529e+35,-3.8647206272e+35,-1.9779979743e+35,8.2276773073e+41,2.6069750838e+41,3.1315762099e+43,-1.0545439095e+05,-4.6348910685e+04,1.0345479396e+04
1832,1.9785600000e+07,1.8867005856e+35,-3.8646975336e+35,-1.9779969481e+35,8.2276775907e+41,2.6069750684e+41,3.1315763063e+43,-1.0545424732e+05,-4.6349003673e+04,1.0345307748e+04
1833,1.9796400000e+07,1.8866785552e+35,-3.8646744773e+35,-1.9779959221e+35,8.2276778740e+41,2.6069750531e+41,3.1315764028e+43,-1.0545410369e+05,-4.6349096662e+04,1.0345136100e+04
1834,1.9807200000e+07,1.8866565618e+35,-3.8646514583e+35,-1.9779948965e+35,8.2276781573e+41,2.6069750378e+41,3.1315764992e+43,-1.0545396006e+05,-4.6349189650e+04,1.0344964452e+04
1835,1.9818000000e+07,1.8866346052e+35,-3.8646284764e+35,-1.9779938712e+35,8.2276784406e+41,2.6069750225e+41,3.1315765956e+43,-1.0545381644e+05,-4.6349282638e+04,1.0344792804e+04
1836,1.9828800000e+07,1.8866126855e+35,-3.8646055316e+35,-1.9779928461e+35,8.2276787239e+41,2.6069750073e+41,3.1315766921e+43,-1.0545367281e+05,-4.6349375626e+04,1.0344621156e+04
1837,1.9839600000e+07,1.8865908025e+35,-3.8645826238e+35,-1.9779918213e+35,8.2276790071e+41,2.6069749920e+41,3.1315767885e+43,-1.0545352918e+05,-4.6349468615e+04,1.0344449508e+04
1838,1.9850400000e+07,1.8865689562e+35,-3.8645597530e+35,-1.9779907968e+35,8.2276792902e+41,2.6069749769e+41,3.1315768849e+43,-1.0545338555e+05,-4.6349561603e+04,1.0344277861e+04
1839,1.9861200000e+07,1.8865471464e+35,-3.8645369191e+35,-1.9779897726e+35,8.2276795733e+41,2.6069749617e+41,3.1315769813e+43,-1.0545324192e+05,-4.6349654591e+04,1.0344106213e+04
1840,1.9872000000e+07,1.8865253733e+35,-3.8645141220e+35,-1.9779887487e+35,8.2276798564e+41,2.6069749466e+41,3.1315770777e+43,-1.0545309830e+05,-4.6349747579e+04,1.0343934565e+04
1841,1.9882800000e+07,1.8865036367e+35,-3.8644913616e+35,-1.9779877250e+35,8.2276801395e+41,2.6069749315e+41,3.1315771741e+43,-1.0545295467e+05,-4.6349840568e+04,1.0343762917e+04
1842,1.9893600000e+07,1.8864819364e+35,-3.8644686380e+35,-1.9779867016e+35,8.2276804225e+41,2.6069749164e+41,3.1315772705e+43,-1.0545281104e+05,-4.6349933556e+04,1.0343591269e+04
1843,1.9904400000e+07,1.8864602726e+35,-3.8644459510e+35,-1.9779856784e+35,8.2276807055e+41,2.6069749014e+41,3.1315773669e+43,-1.0545266741e+05,-4.6350026544e+04,1.0343419621e+04
1844,1.9915200000e+07,1.8864386451e+35,-3.8644233006e+35,-1.9779846555e+35,8.2276809884e+41,2.6069748864e+41,3.1315774633e+43,-1.0545252378e+05,-4.6350119533e+04,1.0343247973e+04
1845,1.9926000000e+07,1.8864170538e+35,-3.8644006867e+35,-1.9779836329e+35,8.2276812713e+41,2.6069748714e+41,3.1315775597e+43,-1.0545238016e+05,-4.6350212521e+04,1.0343076325e+04
1846,1.9936800000e+07,1.8863954988e+35,-3.8643781093e+35,-1.9779826105e+35,8.2276815542e+41,2.6069748564e+41,3.1315776560e+43,-1.0545223653e+05,-4.6350305509e+04,1.0342904677e+04
1847,1.9947600000e+07,1.8863739799e+35,-3.8643555683e+35,-1.9779815884e+35,8.2276818371e+41,2.6069748415e+41,3.1315777524e+43,-1.0545209290e+05,-4.6350398497e+04,1.0342733029e+04
1848,1.9958400000e+07,1.8863524971e+35,-3.8643330636e+35,-1.9779805665e+35,8.2276821199e+41,2.6069748266e+41,3.1315778487e+43,-1.0545194927e+05,-4.6350491486e+04,1.0342561381e+04
1849,1.9969200000e+07,1.8863310503e+35,-3.8643105952e+35,-1.9779795449e+35,8.2276824027e+41,2.6069748117e+41,3.1315779451e+43,-1.0545180564e+05,-4.6350584474e+04,1.0342389733e+04
1850,1.9980000000e+07,1.8863096395e+35,-3.8642881630e+35,-1.9779785235e+35,8.2276826854e+41,2.6069747968e+41,3.1315780414e+43,-1.0545166202e+05,-4.6350677462e+04,1.0342218085e+04
1851,1.9990800000e+07,1.8862882646e+35,-3.8642657670e+35,-1.9779775024e+35,8.2276829682e+41,2.6069747820e+41,3.1315781378e+43,-1.0545151839e+05,-4.6350770451e+04,1.0342046437e+04
1852,2.0001600000e+07,1.8862669256e+35,-3.8642434071e+35,-1.9779764815e+35,8.2276832509e+41,2.6069747672e+41,3.1315782341e+43,-1.0545137476e+05,-4.6350863439e+04,1.0341874789e+04
1853,2.0012400000e+07,1.8862456224e+35,-3.8642210832e+35,-1.9779754608e+35,8.2276835335e+41,2.6069747524e+41,3.1315783304e+43,-1.0545123113e+05,-4.6350956427e+04,1.0341703141e+04
1854,2.0023200000e+07,1.8862243550e+35,-3.8641987954e+35,-1.9779744404e+35,8.2276838161e+41,2.6069747377e+41,3.1315784267e+43,-1.0545108750e+05,-4.6351049416e+04,1.0341531493e+04
1855,2.0034000000e+07,1.8862031233e+35,-3.8641765435e+35,-1.9779734202e+35,8.2276840987e+41,2.6069747229e+41,3.1315785231e+43,-1.0545094388e+05,-4.6351142404e+04,1.0341359846e+04
1856,2.0044800000e+07,1.8861819272e+35,-3.8641543274e+35,-1.9779724002e+35,8.2276843813e+41,2.6069747082e+41,3.1315786194e+43,-1.0545080025e+05,-4.6351235392e+04,1.0341188198e+04
1857,2.0055600000e+07,1.8861607668e+35,-3.8641321472e+35,-1.9779713805e+35,8.2276846639e+41,2.6069746935e+41,3.1315787157e+43,-1.0545065662e+05,-4.6351328380e+04,1.0341016550e+04
1858,2.0066400000e+07,1.8861396419e+35,-3.8641100028e+35,-1.9779703609e+35,8.2276849464e+41,2.6069746789e+41,3.1315788120e+43,-1.0545051299e+05,-4.6351421369e+04,1.0340844902e+04
1859,2.0077200000e+07,1.8861185525e+35,-3.8640878941e+35,-1.9779693416e+35,8.2276852289e+41,2.6069746642e+41,3.1315789083e+43,-1.0545036936e+05,-4.6351514357e+04,1.0340673254e+04
1860,2.0088000000e+07,1.8860974985e+35,-3.8640658211e+35,-1.9779683226e+35,8.2276855113e+41,2.6069746496e+41,3.1315790045e+43,-1.0545022574e+05,-4.6351607345e+04,1.0340501606e+04
1861,2.0098800000e+07,1.8860764800e+35,-3.8640437837e+35,-1.9779673037e+35,8.2276857937e+41,2.6069746350e+41,3.1315791008e+43,-1.0545008211e+05,-4.6351700333e+04,1.0340329958e+04
1862,2.0109600000e+07,1.8860554968e+35,-3.8640217818e+35,-1.9779662850e+35,8.2276860761e+41,2.6069746204e+41,3.1315791971e+43,-1.0544993848e+05,-4.6351793322e+04,1.0340158310e+04
1863,2.0120400000e+07,1.8860345489e+35,-3.8639998155e+35,-1.9779652666e+35,8.2276863585e+41,2.6069746058e+41,3.1315792934e+43,-1.0544979485e+05,-4.6351886310e+04,1.0339986662e+04
1864,2.0131200000e+07,1.8860136363e+35,-3.8639778847e+35,-1.9779642484e+35,8.2276866409e+41,2.6069745913e+41,3.1315793896e+43,-1.0544965122e+05,-4.6351979298e+04,1.0339815014e+04
1865,2.0142000000e+07,1.8859927589e+35,-3.8639559892e+35,-1.9779632303e+35,8.2276869232e+41,2.6069745768e+41,3.1315794859e+43,-1.0544950760e+05,-4.6352072287e+04,1.0339643366e+04
1866,2.0152800000e+07,1.8859719166e+35,-3.8639341292e+35,-1.9779622125e+35,8.2276872055e+41,2.6069745623e+41,3.1315795821e+43,-1.0544936397e+05,-4.6352165275e+04,1.0339471718e+04
1867,2.0163600000e+07,1.8859511095e+35,-3.8639123044e+35,-1.9779611949e+35,8.2276874878e+41,2.6069745478e+41,3.1315796784e+43,-1.0544922034e+05,-4.6352258263e+04,1.0339300070e+04
1868,2.0174400000e+07,1.8859303375e+35,-3.8638905149e+35,-1.9779601775e+35,8.2276877700e+41,2.6069745334e+41,3.1315797746e+43,-1.0544907671e+05,-4.6352351251e+04,1.0339128422e+04
1869,2.0185200000e+07,1.8859096004e+35,-3.8638687607e+35,-1.9779591602e+35,8.2276880522e+41,2.6069745189e+41,3.1315798709e+43,-1.0544893308e+05,-4.6352444240e+04,1.0338956774e+04
1870,2.0196000000e+07,1.8858888984e+35,-3.8638470416e+35,-1.9779581432e+35,8.2276883344e+41,2.6069745045e+41,3.1315799671e+43,-1.0544878946e+05,-4.6352537228e+04,1.0338785126e+04
1871,2.0206800000e+07,1.8858682313e+35,-3.8638253576e+35,-1.9779571264e+35,8.2276886166e+41,2.6069744901e+41,3.1315800633e+43,-1.0544864583e+05,-4.6352630216e+04,1.0338613478e+04
1872,2.0217600000e+07,1.8858475991e+35,-3.8638037087e+35,-1.9779561097e+35,8.2276888988e+41,2.6069744757e+41,3.1315801596e+43,-1.0544850220e+05,-4.6352723205e+04,1.0338441830e+04
1873,2.0228400000e+07,1.8858270017e+35,-3.8637820949e+35,-1.9779550932e+35,8.2276891809e+41,2.6069744614e+41,3.1315802558e+43,-1.0544835857e+05,-4.6352816193e+04,1.0338270183e+04
1874,2.0239200000e+07,1.8858064391e+35,-3.8637605161e+35,-1.9779540769e+35,8.2276894630e+41,2.6069744470e+41,3.1315803520e+43,-1.0544821494e+05,-4.6352909181e+04,1.0338098535e+04
1875,2.0250000000e+07,1.8857859113e+35,-3.8637389722e+35,-1.9779530608e+35,8.2276897451e+41,2.6069744327e+41,3.1315804482e+43,-1.0544807132e+05,-4.6353002169e+04,1.0337926887e+04
1876,2.0260800000e+07,1.8857654183e+35,-3.8637174632e+35,-1.9779520449e+35,8.2276900271e+41,2.6069744184e+41,3.1315805444e+43,-1.0544792769e+05,-4.6353095158e+04,1.0337755239e+04
1877,2.0271600000e+07,1.8857449599e+35,-3.8636959890e+35,-1.9779510292e+35,8.2276903092e+41,2.6069744041e+41,3.1315806406e+43,-1.0544778406e+05,-4.6353188146e+04,1.0337583591e+04
1878,2.0282400000e+07,1.8857245361e+35,-3.8636745497e+35,-1.9779500136e+35,8.2276905912e+41,2.6069743898e+41,3.1315807368e+43,-1.0544764043e+05,-4.6353281134e+04,1.0337411943e+04
1879,2.0293200000e+07,1.8857041470e+35,-3.8636531452e+35,-1.9779489982e+35,8.2276908732e+41,2.6069743756e+41,3.1315808330e+43,-1.0544749680e+05,-4.6353374123e+04,1.0337240295e+04
1880,2.0304000000e+07,1.8856837924e+35,-3.8636317753e+35,-1.9779479830e+35,8.2276911551e+41,2.6069743613e+41,3.1315809292e+43,-1.0544735318e+05,-4.6353467111e+04,1.0337068647e+04
1881,2.0314800000e+07,1.8856634723e+35,-3.8636104402e+35,-1.9779469679e+35,8.2276914371e+41,2.6069743471e+41,3.1315810254e+43,-1.0544720955e+05,-4.6353560099e+04,1.0336896999e+04
1882,2.0325600000e+07,1.8856431867e+35,-3.8635891397e+35,-1.9779459530e+35,8.2276917190e+41,2.6069743329e+41,3.1315811215e+43,-1.0544706592e+05,-4.6353653087e+04,1.0336725351e+04
1883,2.0336400000e+07,1.8856229356e+35,-3.8635678739e+35,-1.9779449383e+35,8.2276920010e+41,2.6069743187e+41,3.1315812177e+43,-1.0544692229e+05,-4.6353746076e+04,1.0336553703e+04
1884,2.0347200000e+07,1.8856027189e+35,-3.8635466426e+35,-1.9779439237e+35,8.2276922828e+41,2.6069743045e+41,3.1315813139e+43,-1.0544677866e+05,-4.6353839064e+04,1.0336382055e+04
1885,2.0358000000e+07,1.8855825365e+35,-3.8635254458e+35,-1.9779429093e+35,8.2276925647e+41,2.6069742903e+41,3.1315814101e+43,-1.0544663504e+05,-4.6353932052e+04,1.0336210407e+04
1886,2.0368800000e+07,1.8855623885e+35,-3.8635042835e+35,-1.9779418950e+35,8.2276928466e+41,2.6069742762e+41,3.1315815062e+43,-1.0544649141e+05,-4.6354025041e+04,1.0336038759e+04
1887,2.0379600000e+07,1.8855422748e+35,-3.8634831557e+35,-1.9779408809e+35,8.2276931284e+41,2.6069742620e+41,3.1315816024e+43,-1.0544634778e+05,-4.6354118029e+04,1.0335867111e+04
1888,2.0390400000e+07,1.8855221953e+35,-3.8634620623e+35,-1.9779398670e+35,8.2276934102e+41,2.6069742479e+41,3.1315816985e+43,-1.0544620415e+05,-4.6354211017e+04,1.0335695463e+04
1889,2.0401200000e+07,1.8855021501e+35,-3.8634410033e+35,-1.9779388532e+35,8.2276936920e+41,2.6069742338e+41,3.1315817947e+43,-1.0544606052e+05,-4.6354304005e+04,1.0335523815e+04
1890,2.0412000000e+07,1.8854821391e+35,-3.8634199786e+35,-1.9779378395e+35,8.2276939738e+41,2.6069742197e+41,3.1315818908e+43,-1.0544591690e+05,-4.6354396994e+04,1.0335352168e+04
1891,2.0422800000e+07,1.8854621622e+35,-3.8633989882e+35,-1.9779368260e+35,8.2276942556e+41,2.6069742056e+41,3.1315819869e+43,-1.0544577327e+05,-4.6354489982e+04,1.0335180520e+04
1892,2.0433600000e+07,1.8854422195e+35,-3.8633780321e+35,-1.9779358126e+35,8.2276945373e+41,2.6069741915e+41,3.1315820831e+43,-1.0544562964e+05,-4.6354582970e+04,1.0335008872e+04
1893,2.0444400000e+07,1.8854223108e+35,-3.8633571102e+35,-1.9779347994e+35,8.2276948191e+41,2.6069741775e+41,3.1315821792e+43,-1.0544548601e+05,-4.6354675958e+04,1.0334837224e+04
1894,2.0455200000e+07,1.8854024362e+35,-3.8633362225e+35,-1.9779337863e+35,8.2276951008e+41,2.6069741634e+41,3.1315822753e+43,-1.0544534238e+05,-4.6354768947e+04,1.0334665576e+04
1895,2.0466000000e+07,1.8853825957e+35,-3.8633153690e+35,-1.9779327734e+35,8.2276953825e+41,2.6069741494e+41,3.1315823715e+43,-1.0544519876e+05,-4.6354861935e+04,1.0334493928e+04
1896,2.0476800000e+07,1.8853627891e+35,-3.8632945497e+35,-1.9779317605e+35,8.2276956642e+41,2.6069741353e+41,3.1315824676e+43,-1.0544505513e+05,-4.6354954923e+04,1.0334322280e+04
1897,2.0487600000e+07,1.8853430165e+35,-3.8632737644e+35,-1.9779307479e+35,8.2276959459e+41,2.6069741213e+41,3.1315825637e+43,-1.0544491150e+05,-4.6355047912e+04,1.0334150632e+04
1898,2.0498400000e+07,1.8853232779e+35,-3.8632530132e+35,-1.9779297353e+35,8.2276962275e+41,2.6069741073e+41,3.1315826598e+43,-1.0544476787e+05,-4.6355140900e+04,1.0333978984e+04
1899,2.0509200000e+07,1.8853035731e+35,-3.8632322960e+35,-1.9779287229e+35,8.2276965092e+41,2.6069740933e+41,3.1315827559e+43,-1.0544462424e+05,-4.6355233888e+04,1.0333807336e+04
1900,2.0520000000e+07,1.8852839023e+35,-3.8632116128e+35,-1.9779277106e+35,8.2276967908e+41,2.6069740793e+41,3.1315828520e+43,-1.0544448062e+05,-4.6355326876e+04,1.0333635688e+04
1901,2.0530800000e+07,1.8852642653e+35,-3.8631909637e+35,-1.9779266984e+35,8.2276970724e+41,2.6069740654e+41,3.1315829481e+43,-1.0544433699e+05,-4.6355419865e+04,1.0333464040e+04
1902,2.0541600000e+07,1.8852446621e+35,-3.8631703484e+35,-1.9779256863e+35,8.2276973540e+41,2.6069740514e+41,3.1315830442e+43,-1.0544419336e+05,-4.6355512853e+04,1.0333292392e+04
1903,2.0552400000e+07,1.8852250927e+35,-3.8631497671e+35,-1.9779246744e+35,8.2276976356e+41,2.6069740375e+41,3.1315831403e+43,-1.0544404973e+05,-4.6355605841e+04,1.0333120744e+04
1904,2.0563200000e+07,1.8852055570e+35,-3.8631292196e+35,-1.9779236626e+35,8.2276979172e+41,2.6069740235e+41,3.1315832364e+43,-1.0544390610e+05,-4.6355698830e+04,1.0332949096e+04
1905,2.0574000000e+07,1.8851860552e+35,-3.8631087060e+35,-1.9779226509e+35,8.2276981987e+41,2.6069740096e+41,3.1315833325e+43,-1.0544376248e+05,-4.6355791818e+04,1.0332777448e+04
1906,2.0584800000e+07,1.8851665870e+35,-3.8630882263e+35,-1.9779216393e+35,8.2276984803e+41,2.6069739957e+41,3.1315834285e+43,-1.0544361885e+05,-4.6355884806e+04,1.0332605800e+04
1907,2.0595600000e+07,1.8851471525e+35,-3.8630677803e+35,-1.9779206278e+35,8.2276987618e+41,2.6069739817e+41,3.1315835246e+43,-1.0544347522e+05,-4.6355977795e+04,1.0332434152e+04
1908,2.0606400000e+07,1.8851277517e+35,-3.8630473681e+35,-1.9779196164e+35,8.2276990433e+41,2.6069739678e+41,3.1315836207e+43,-1.0544333159e+05,-4.6356070783e+04,1.0332262505e+04
1909,2.0617200000e+07,1.8851083845e+35,-3.8630269897e+35,-1.9779186052e+35,8.2276993249e+41,2.6069739539e+41,3.1315837168e+43,-1.0544318796e+05,-4.6356163771e+04,1.0332090857e+04
1910,2.0628000000e+07,1.8850890509e+35,-3.8630066449e+35,-1.9779175940e+35,8.2276996064e+41,2.6069739400e+41,3.1315838128e+43,-1.0544304434e+05,-4.6356256759e+04,1.0331919209e+04
1911,2.0638800000e+07,1.8850697510e+35,-3.8629863339e+35,-1.9779165829e+35,8.2276998879e+41,2.6069739261e+41,3.1315839089e+43,-1.0544290071e+05,-4.6356349748e+04,1.0331747561e+04
1912,2.0649600000e+07,1.8850504845e+35,-3.8629660565e+35,-1.9779155720e+35,8.2277001693e+41,2.6069739123e+41,3.1315840049e+43,-1.0544275708e+05,-4.6356442736e+04,1.0331575913e+04
1913,2.0660400000e+07,1.8850312517e+35,-3.8629458128e+35,-1.9779145611e+35,8.2277004508e+41,2.6069738984e+41,3.1315841010e+43,-1.0544261345e+05,-4.6356535724e+04,1.0331404265e+04
1914,2.0671200000e+07,1.8850120523e+35,-3.8629256027e+35,-1.9779135503e+35,8.2277007323e+41,2.6069738845e+41,3.1315841971e+43,-1.0544246982e+05,-4.6356628713e+04,1.0331232617e+04
1915,2.0682000000e+07,1.8849928865e+35,-3.8629054262e+35,-1.9779125397e+35,8.2277010137e+41,2.6069738707e+41,3.1315842931e+43,-1.0544232620e+05,-4.6356721701e+04,1.0331060969e+04
1916,2.0692800000e+07,1.8849737542e+35,-3.8628852832e+35,-1.9779115291e+35,8.2277012952e+41,2.6069738568e+41,3.1315843892e+43,-1.0544218257e+05,-4.6356814689e+04,1.0330889321e+04
1917,2.0703600000e+07,1.8849546553e+35,-3.8628651739e+35,-1.9779105186e+35,8.2277015766e+41,2.6069738430e+41,3.1315844852e+43,-1.0544203894e+05,-4.6356907677e+04,1.0330717673e+04
1918,2.0714400000e+07,1.8849355898e+35,-3.8628450980e+35,-1.9779095082e+35,8.2277018580e+41,2.6069738291e+41,3.1315845812e+43,-1.0544189531e+05,-4.6357000666e+04,1.0330546025e+04
1919,2.0725200000e+07,1.8849165578e+35,-3.8628250556e+35,-1.9779084979e+35,8.2277021395e+41,2.6069738153e+41,3.1315846773e+43,-1.0544175168e+05,-4.6357093654e+04,1.0330374377e+04
1920,2.0736000000e+07,1.8848975591e+35,-3.8628050468e+35,-1.9779074876e+35,8.2277024209e+41,2.6069738015e+41,3.1315847733e+43,-1.0544160806e+05,-4.6357186642e+04,1.0330202729e+04
1921,2.0746800000e+07,1.8848785939e+35,-3.8627850714e+35,-1.9779064775e+35,8.2277027023e+41,2.6069737876e+41,3.1315848693e+43,-1.0544146443e+05,-4.6357279630e+04,1.0330031081e+04
1922,2.0757600000e+07,1.8848596620e+35,-3.8627651294e+35,-1.9779054674e+35,8.2277029837e+41,2.6069737738e+41,3.1315849654e+43,-1.0544132080e+05,-4.6357372619e+04,1.0329859433e+04
1923,2.0768400000e+07,1.8848407634e+35,-3.8627452209e+35,-1.9779044574e+35,8.2277032651e+41,2.6069737600e+41,3.1315850614e+43,-1.0544117717e+05,-4.6357465607e+04,1.0329687785e+04
1924,2.0779200000e+07,1.8848218982e+35,-3.8627253457e+35,-1.9779034475e+35,8.2277035465e+41,2.6069737462e+41,3.1315851574e+43,-1.0544103354e+05,-4.6357558595e+04,1.0329516137e+04
1925,2.0790000000e+07,1.8848030663e+35,-3.8627055040e+35,-1.9779024377e+35,8.2277038278e+41,2.6069737324e+41,3.1315852534e+43,-1.0544088992e+05,-4.6357651584e+04,1.0329344489e+04
1926,2.0800800000e+07,1.8847842677e+35,-3.8626856956e+35,-1.9779014279e+35,8.2277041092e+41,2.6069737185e+41,3.1315853495e+43,-1.0544074629e+05,-4.6357744572e+04,1.0329172842e+04
1927,2.0811600000e+07,1.8847655024e+35,-3.8626659206e+35,-1.9779004182e+35,8.2277043906e+41,2.6069737047e+41,3.1315854455e+43,-1.0544060266e+05,-4.6357837560e+04,1.0329001194e+04
1928,2.0822400000e+07,1.8847467703e+35,-3.8626461789e+35,-1.9778994086e+35,8.2277046719e+41,2.6069736909e+41,3.1315855415e+43,-1.0544045903e+05,-4.6357930548e+04,1.0328829546e+04
1929,2.0833200000e+07,1.8847280715e+35,-3.8626264705e+35,-1.9778983990e+35,8.2277049533e+41,2.6069736771e+41,3.1315856375e+43,-1.0544031540e+05,-4.6358023537e+04,1.0328657898e+04
1930,2.0844000000e+07,1.8847094060e+35,-3.8626067954e+35,-1.9778973895e+35,8.2277052346e+41,2.6069736633e+41,3.1315857335e+43,-1.0544017177e+05,-4.6358116525e+04,1.0328486250e+04
1931,2.0854800000e+07,1.8846907736e+35,-3.8625871536e+35,-1.9778963800e+35,8.2277055160e+41,2.6069736496e+41,3.1315858295e+43,-1.0544002815e+05,-4.6358209513e+04,1.0328314602e+04
1932,2.0865600000e+07,1.8846721745e+35,-3.8625675451e+35,-1.9778953706e+35,8.2277057973e+41,2.6069736358e+41,3.1315859255e+43,-1.0543988452e+05,-4.6358302502e+04,1.0328142954e+04
1933,2.0876400000e+07,1.8846536085e+35,-3.8625479698e+35,-1.9778943613e+35,8.2277060787e+41,2.6069736220e+41,3.1315860215e+43,-1.0543974089e+05,-4.6358395490e+04,1.0327971306e+04
1934,2.0887200000e+07,1.8846350758e+35,-3.8625284278e+35,-1.9778933520e+35,8.2277063600e+41,2.6069736082e+41,3.1315861175e+43,-1.0543959726e+05,-4.6358488478e+04,1.0327799658e+04
1935,2.0898000000e+07,1.8846165762e+35,-3.8625089190e+35,-1.9778923428e+35,8.2277066414e+41,2.6069735944e+41,3.1315862135e+43,-1.0543945363e+05,-4.6358581466e+04,1.0327628010e+04
1936,2.0908800000e+07,1.8845981098e+35,-3.8624894434e+35,-1.9778913337e+35,8.2277069227e+41,2.6069735806e+41,3.1315863095e+43,-1.0543931001e+05,-4.6358674455e+04,1.0327456362e+04
1937,2.0919600000e+07,1.8845796765e+35,-3.8624700011e+35,-1.9778903245e+35,8.2277072040e+41,2.6069735668e+41,3.1315864055e+43,-1.0543916638e+05,-4.6358767443e+04,1.0327284714e+04
1938,2.0930400000e+07,1.8845612764e+35,-3.8624505919e+35,-1.9778893155e+35,8.2277074853e+41,2.6069735530e+41,3.1315865014e+43,-1.0543902275e+05,-4.6358860431e+04,1.0327113066e+04
1939,2.0941200000e+07,1.8845429094e+35,-3.8624312158e+35,-1.9778883065e+35,8.2277077667e+41,2.6069735392e+41,3.1315865974e+43,-1.0543887912e+05,-4.6358953420e+04,1.0326941418e+04
1940,2.0952000000e+07,1.8845245755e+35,-3.8624118730e+35,-1.9778872975e+35,8.2277080480e+41,2.6069735255e+41,3.1315866934e+43,-1.0543873550e+05,-4.6359046408e+04,1.0326769770e+04
1941,2.0962800000e+07,1.8845062748e+35,-3.8623925633e+35,-1.9778862885e+35,8.2277083293e+41,2.6069735117e+41,3.1315867894e+43,-1.0543859187e+05,-4.6359139396e+04,1.0326598122e+04
1942,2.0973600000e+07,1.8844880071e+35,-3.8623732867e+35,-1.9778852796e+35,8.2277086106e+41,2.6069734979e+41,3.1315868854e+43,-1.0543844824e+05,-4.6359232385e+04,1.0326426474e+04
1943,2.0984400000e+07,1.8844697725e+35,-3.8623540433e+35,-1.9778842708e+35,8.2277088920e+41,2.6069734841e+41,3.1315869813e+43,-1.0543830461e+05,-4.6359325373e+04,1.0326254827e+04
1944,2.0995200000e+07,1.8844515711e+35,-3.8623348330e+35,-1.9778832619e+35,8.2277091733e+41,2.6069734703e+41,3.1315870773e+43,-1.0543816098e+05,-4.6359418361e+04,1.0326083179e+04
1945,2.1006000000e+07,1.8844334027e+35,-3.8623156559e+35,-1.9778822532e+35,8.2277094546e+41,2.6069734565e+41,3.1315871733e+43,-1.0543801736e+05,-4.6359511349e+04,1.0325911531e+04
1946,2.1016800000e+07,1.8844152674e+35,-3.8622965118e+35,-1.9778812444e+35,8.2277097359e+41,2.6069734427e+41,3.1315872692e+43,-1.0543787373e+05,-4.6359604338e+04,1.0325739883e+04
1947,2.1027600000e+07,1.8843971652e+35,-3.8622774008e+35,-1.9778802357e+35,8.2277100172e+41,2.6069734289e+41,3.1315873652e+43,-1.0543773010e+05,-4.6359697326e+04,1.0325568235e+04
1948,2.1038400000e+07,1.8843790960e+35,-3.8622583230e+35,-1.9778792270e+35,8.2277102986e+41,2.6069734151e+41,3.1315874612e+43,-1.0543758647e+05,-4.6359790314e+04,1.0325396587e+04
1949,2.1049200000e+07,1.8843610599e+35,-3.8622392782e+35,-1.9778782183e+35,8.2277105799e+41,2.6069734013e+41,3.1315875571e+43,-1.0543744284e+05,-4.6359883302e+04,1.0325224939e+04
1950,2.1060000000e+07,1.8843430569e+35,-3.8622202665e+35,-1.9778772096e+35,8.2277108612e+41,2.6069733875e+41,3.1315876531e+43,-1.0543729921e+05,-4.6359976291e+04,1.0325053291e+04
1951,2.1070800000e+07,1.8843250869e+35,-3.8622012878e+35,-1.9778762010e+35,8.2277111425e+41,2.6069733737e+41,3.1315877490e+43,-1.0543715559e+05,-4.6360069279e+04,1.0324881643e+04
1952,2.1081600000e+07,1.8843071499e+35,-3.8621823423e+35,-1.9778751924e+35,8.2277114239e+41,2.6069733599e+41,3.1315878450e+43,-1.0543701196e+05,-4.6360162267e+04,1.0324709995e+04
1953,2.1092400000e+07,1.8842892460e+35,-3.8621634298e+35,-1.9778741838e+35,8.2277117052e+41,2.6069733461e+41,3.1315879410e+43,-1.0543686833e+05,-4.6360255256e+04,1.0324538347e+04
1954,2.1103200000e+07,1.8842713752e+35,-3.8621445504e+35,-1.9778731752e+35,8.2277119865e+41,2.6069733323e+41,3.1315880369e+43,-1.0543672470e+05,-4.6360348244e+04,1.0324366699e+04
1955,2.1114000000e+07,1.8842535373e+35,-3.8621257040e+35,-1.9778721666e+35,8.2277122679e+41,2.6069733184e+41,3.1315881329e+43,-1.0543658107e+05,-4.6360441232e+04,1.0324195051e+04
1956,2.1124800000e+07,1.8842357326e+35,-3.8621068906e+35,-1.9778711581e+35,8.2277125492e+41,2.6069733046e+41,3.1315882288e+43,-1.0543643745e+05,-4.6360534220e+04,1.0324023403e+04
1957,2.1135600000e+07,1.8842179608e+35,-3.8620881104e+35,-1.9778701495e+35,8.2277128305e+41,2.6069732908e+41,3.1315883248e+43,-1.0543629382e+05,-4.6360627209e+04,1.0323851755e+04
1958,2.1146400000e+07,1.8842002222e+35,-3.8620693631e+35,-1.9778691410e+35,8.2277131119e+41,2.6069732769e+41,3.1315884207e+43,-1.0543615019e+05,-4.6360720197e+04,1.0323680107e+04
1959,2.1157200000e+07,1.8841825165e+35,-3.8620506490e+35,-1.9778681325e+35,8.2277133932e+41,2.6069732631e+41,3.1315885166e+43,-1.0543600656e+05,-4.6360813185e+04,1.0323508459e+04
1960,2.1168000000e+07,1.8841648439e+35,-3.8620319678e+35,-1.9778671239e+35,8.2277136746e+41,2.6069732493e+41,3.1315886126e+43,-1.0543586293e+05,-4.6360906173e+04,1.0323336811e+04
1961,2.1178800000e+07,1.8841472043e+35,-3.8620133197e+35,-1.9778661154e+35,8.2277139560e+41,2.6069732354e+41,3.1315887085e+43,-1.0543571931e+05,-4.6360999162e+04,1.0323165164e+04
1962,2.1189600000e+07,1.8841295978e+35,-3.8619947047e+35,-1.9778651069e+35,8.2277142373e+41,2.6069732216e+41,3.1315888045e+43,-1.0543557568e+05,-4.6361092150e+04,1.0322993516e+04
1963,2.1200400000e+07,1.8841120243e+35,-3.8619761227e+35,-1.9778640983e+35,8.2277145187e+41,2.6069732077e+41,3.1315889004e+43,-1.0543543205e+05,-4.6361185138e+04,1.0322821868e+04
1964,2.1211200000e+07,1.8840944839e+35,-3.8619575737e+35,-1.9778630898e+35,8.2277148001e+41,2.6069731938e+41,3.1315889963e+43,-1.0543528842e+05,-4.6361278127e+04,1.0322650220e+04
1965,2.1222000000e+07,1.8840769765e+35,-3.8619390578e+35,-1.9778620813e+35,8.2277150815e+41,2.6069731799e+41,3.1315890923e+43,-1.0543514479e+05,-4.6361371115e+04,1.0322478572e+04
1966,2.1232800000e+07,1.8840595022e+35,-3.8619205749e+35,-1.9778610727e+35,8.2277153629e+41,2.6069731661e+41,3.1315891882e+43,-1.0543500117e+05,-4.6361464103e+04,1.0322306924e+04
1967,2.1243600000e+07,1.8840420609e+35,-3.8619021250e+35,-1.9778600642e+35,8.2277156443e+41,2.6069731522e+41,3.1315892841e+43,-1.0543485754e+05,-4.6361557092e+04,1.0322135276e+04
1968,2.1254400000e+07,1.8840246527e+35,-3.8618837082e+35,-1.9778590556e+35,8.2277159257e+41,2.6069731383e+41,3.1315893801e+43,-1.0543471391e+05,-4.6361650080e+04,1.0321963628e+04
1969,2.1265200000e+07,1.8840072775e+35,-3.8618653245e+35,-1.9778580470e+35,8.2277162071e+41,2.6069731244e+41,3.1315894760e+43,-1.0543457028e+05,-4.6361743068e+04,1.0321791980e+04
1970,2.1276000000e+07,1.8839899354e+35,-3.8618469738e+35,-1.9778570384e+35,8.2277164885e+41,2.6069731104e+41,3.1315895719e+43,-1.0543442665e+05,-4.6361836056e+04,1.0321620332e+04
1971,2.1286800000e+07,1.8839726264e+35,-3.8618286562e+35,-1.9778560298e+35,8.2277167699e+41,2.6069730965e+41,3.1315896679e+43,-1.0543428303e+05,-4.6361929045e+04,1.0321448684e+04
1972,2.1297600000e+07,1.8839553505e+35,-3.8618103716e+35,-1.9778550211e+35,8.2277170513e+41,2.6069730826e+41,3.1315897638e+43,-1.0543413940e+05,-4.6362022033e+04,1.0321277036e+04
1973,2.1308400000e+07,1.8839381077e+35,-3.8617921201e+35,-1.9778540125e+35,8.2277173328e+41,2.6069730686e+41,3.1315898597e+43,-1.0543399577e+05,-4.6362115021e+04,1.0321105388e+04
1974,2.1319200000e+07,1.8839208979e+35,-3.8617739017e+35,-1.9778530038e+35,8.2277176142e+41,2.6069730547e+41,3.1315899556e+43,-1.0543385214e+05,-4.6362208010e+04,1.0320933740e+04
1975,2.1330000000e+07,1.8839037213e+35,-3.8617557164e+35,-1.9778519951e+35,8.2277178957e+41,2.6069730407e+41,3.1315900515e+43,-1.0543370851e+05,-4.6362300998e+04,1.0320762092e+04
1976,2.1340800000e+07,1.8838865778e+35,-3.8617375641e+35,-1.9778509863e+35,8.2277181772e+41,2.6069730268e+41,3.1315901475e+43,-1.0543356489e+05,-4.6362393986e+04,1.0320590444e+04
1977,2.1351600000e+07,1.8838694674e+35,-3.8617194450e+35,-1.9778499775e+35,8.2277184587e+41,2.6069730128e+41,3.1315902434e+43,-1.0543342126e+05,-4.6362486975e+04,1.0320418796e+04
1978,2.1362400000e+07,1.8838523901e+35,-3.8617013589e+35,-1.9778489687e+35,8.2277187402e+41,2.6069729988e+41,3.1315903393e+43,-1.0543327763e+05,-4.6362579963e+04,1.0320247149e+04
1979,2.1373200000e+07,1.8838353460e+35,-3.8616833059e+35,-1.9778479599e+35,8.2277190217e+41,2.6069729848e+41,3.1315904352e+43,-1.0543313400e+05,-4.6362672951e+04,1.0320075501e+04
1980,2.1384000000e+07,1.8838183351e+35,-3.8616652861e+35,-1.9778469510e+35,8.2277193032e+41,2.6069729708e+41,3.1315905311e+43,-1.0543299037e+05,-4.6362765939e+04,1.0319903853e+04
1981,2.1394800000e+07,1.8838013572e+35,-3.8616472993e+35,-1.9778459421e+35,8.2277195847e+41,2.6069729568e+41,3.1315906271e+43,-1.0543284675e+05,-4.6362858928e+04,1.0319732205e+04
1982,2.1405600000e+07,1.8837844126e+35,-3.8616293457e+35,-1.9778449331e+35,8.2277198662e+41,2.6069729427e+41,3.1315907230e+43,-1.0543270312e+05,-4.6362951916e+04,1.0319560557e+04
1983,2.1416400000e+07,1.8837675011e+35,-3.8616114253e+35,-1.9778439241e+35,8.2277201478e+41,2.6069729287e+41,3.1315908189e+43,-1.0543255949e+05,-4.6363044904e+04,1.0319388909e+04
1984,2.1427200000e+07,1.8837506229e+35,-3.8615935380e+35,-1.9778429151e+35,8.2277204293e+41,2.6069729146e+41,3.1315909148e+43,-1.0543241586e+05,-4.6363137892e+04,1.0319217261e+04
1985,2.1438000000e+07,1.8837337778e+35,-3.8615756838e+35,-1.9778419060e+35,8.2277207109e+41,2.6069729006e+41,3.1315910107e+43,-1.0543227223e+05,-4.6363230881e+04,1.0319045613e+04
1986,2.1448800000e+07,1.8837169660e+35,-3.8615578628e+35,-1.9778408968e+35,8.2277209925e+41,2.6069728865e+41,3.1315911066e+43,-1.0543212861e+05,-4.6363323869e+04,1.0318873965e+04
1987,2.1459600000e+07,1.8837001874e+35,-3.8615400750e+35,-1.9778398876e+35,8.2277212741e+41,2.6069728724e+41,3.1315912026e+43,-1.0543198498e+05,-4.6363416857e+04,1.0318702317e+04
1988,2.1470400000e+07,1.8836834420e+35,-3.8615223204e+35,-1.9778388784e+35,8.2277215557e+41,2.6069728583e+41,3.1315912985e+43,-1.0543184135e+05,-4.6363509845e+04,1.0318530669e+04
1989,2.1481200000e+07,1.8836667299e+35,-3.8615045990e+35,-1.9778378691e+35,8.2277218373e+41,2.6069728442e+41,3.1315913944e+43,-1.0543169772e+05,-4.6363602834e+04,1.0318359021e+04
1990,2.1492000000e+07,1.8836500511e+35,-3.8614869109e+35,-1.9778368597e+35,8.2277221190e+41,2.6069728300e+41,3.1315914903e+43,-1.0543155409e+05,-4.6363695822e+04,1.0318187373e+04
1991,2.1502800000e+07,1.8836334056e+35,-3.8614692559e+35,-1.9778358503e+35,8.2277224006e+41,2.6069728159e+41,3.1315915862e+43,-1.0543141047e+05,-4.6363788810e+04,1.0318015725e+04
1992,2.1513600000e+07,1.8836167934e+35,-3.8614516342e+35,-1.9778348408e+35,8.2277226823e+41,2.6069728017e+41,3.1315916821e+43,-1.0543126684e+05,-4.6363881799e+04,1.0317844077e+04
1993,2.1524400000e+07,1.8836002145e+35,-3.8614340458e+35,-1.9778338313e+35,8.2277229640e+41,2.6069727875e+41,3.1315917780e+43,-1.0543112321e+05,-4.6363974787e+04,1.0317672429e+04
1994,2.1535200000e+07,1.8835836689e+35,-3.8614164906e+35,-1.9778328217e+35,8.2277232457e+41,2.6069727733e+41,3.1315918739e+43,-1.0543097958e+05,-4.6364067775e+04,1.0317500781e+04
1995,2.1546000000e+07,1.8835671568e+35,-3.8613989687e+35,-1.9778318120e+35,8.2277235274e+41,2.6069727591e+41,3.1315919698e+43,-1.0543083595e+05,-4.6364160763e+04,1.0317329133e+04
1996,2.1556800000e+07,1.8835506779e+35,-3.8613814801e+35,-1.9778308022e+35,8.2277238091e+41,2.6069727449e+41,3.1315920658e+43,-1.0543069233e+05,-4.6364253752e+04,1.0317157486e+04
1997,2.1567600000e+07,1.8835342325e+35,-3.8613640249e+35,-1.9778297924e+35,8.2277240909e+41,2.6069727307e+41,3.1315921617e+43,-1.0543054870e+05,-4.6364346740e+04,1.0316985838e+04
1998,2.1578400000e+07,1.8835178205e+35,-3.8613466030e+35,-1.9778287825e+35,8.2277243726e+41,2.6069727164e+41,3.1315922576e+43,-1.0543040507e+05,-4.6364439729e+04,1.0316814190e+04
1999,2.1589200000e+07,1.8835014419e+35,-3.8613292144e+35,-1.9778277725e+35,8.2277246544e+41,2.6069727022e+41,3.1315923535e+43,-1.0543026144e+05,-4.6364532717e+04,1.0316642542e+04
2000,2.1600000000e+07,1.8834850968e+35,-3.8613118592e+35,-1.9778267624e+35,8.2277249362e+41,2.6069726879e+41,3.1315924494e+43,-1.0543011781e+05,-4.6364625705e+04,1.0316470894e+04
2001,2.1610800000e+07,1.8834687851e+35,-3.8612945374e+35,-1.9778257523e+35,8.2277252180e+41,2.6069726736e+41,3.1315925453e+43,-1.0542997419e+05,-4.6364718693e+04,1.0316299246e+04
2002,2.1621600000e+07,1.8834525069e+35,-3.8612772490e+35,-1.9778247421e+35,8.2277254998e+41,2.6069726593e+41,3.1315926412e+43,-1.0542983056e+05,-4.6364811681e+04,1.0316127598e+04
2003,2.1632400000e+07,1.8834362623e+35,-3.8612599940e+35,-1.9778237318e+35,8.2277257817e+41,2.6069726449e+41,3.1315927371e+43,-1.0542968693e+05,-4.6364904670e+04,1.0315955950e+04
2004,2.1643200000e+07,1.8834200511e+35,-3.8612427725e+35,-1.9778227214e+35,8.2277260635e+41,2.6069726306e+41,3.1315928330e+43,-1.0542954330e+05,-4.6364997658e+04,1.0315784302e+04
2005,2.1654000000e+07,1.8834038736e+35,-3.8612255844e+35,-1.9778217109e+35,8.2277263454e+41,2.6069726162e+41,3.1315929289e+43,-1.0542939967e+05,-4.6365090646e+04,1.0315612654e+04
2006,2.1664800000e+07,1.8833877296e+35,-3.8612084299e+35,-1.9778207003e+35,8.2277266273e+41,2.6069726018e+41,3.1315930248e+43,-1.0542925605e+05,-4.6365183635e+04,1.0315441006e+04
2007,2.1675600000e+07,1.8833716192e+35,-3.8611913088e+35,-1.9778196896e+35,8.2277269093e+41,2.6069725874e+41,3.1315931208e+43,-1.0542911242e+05,-4.6365276623e+04,1.0315269358e+04
2008,2.1686400000e+07,1.8833555424e+35,-3.8611742212e+35,-1.9778186789e+35,8.2277271912e+41,2.6069725730e+41,3.1315932167e+43,-1.0542896879e+05,-4.6365369611e+04,1.0315097710e+04
2009,2.1697200000e+07,1.8833394992e+35,-3.8611571672e+35,-1.9778176680e+35,8.2277274732e+41,2.6069725586e+41,3.1315933126e+43,-1.0542882516e+05,-4.6365462600e+04,1.0314926062e+04
2010,2.1708000000e+07,1.8833234898e+35,-3.8611401468e+35,-1.9778166570e+35,8.2277277552e+41,2.6069725441e+41,3.1315934085e+43,-1.0542868153e+05,-4.6365555588e+04,1.0314754414e+04
2011,2.1718800000e+07,1.8833075140e+35,-3.8611231599e+35,-1.9778156459e+35,8.2277280372e+41,2.6069725296e+41,3.1315935044e+43,-1.0542853791e+05,-4.6365648576e+04,1.0314582766e+04
2012,2.1729600000e+07,1.8832915720e+35,-3.8611062067e+35,-1.9778146348e+35,8.2277283192e+41,2.6069725151e+41,3.1315936003e+43,-1.0542839428e+05,-4.6365741564e+04,1.0314411118e+04
2013,2.1740400000e+07,1.8832756636e+35,-3.8610892871e+35,-1.9778136235e+35,8.2277286012e+41,2.6069725006e+41,3.1315936962e+43,-1.0542825065e+05,-4.6365834553e+04,1.0314239471e+04
2014,2.1751200000e+07,1.8832597891e+35,-3.8610724012e+35,-1.9778126121e+35,8.2277288833e+41,2.6069724861e+41,3.1315937921e+43,-1.0542810702e+05,-4.6365927541e+04,1.0314067823e+04
2015,2.1762000000e+07,1.8832439484e+35,-3.8610555489e+35,-1.9778116005e+35,8.2277291654e+41,2.6069724715e+41,3.1315938880e+43,-1.0542796339e+05,-4.6366020529e+04,1.0313896175e+04
2016,2.1772800000e+07,1.8832281415e+35,-3.8610387304e+35,-1.9778105889e+35,8.2277294475e+41,2.6069724569e+41,3.1315939839e+43,-1.0542781977e+05,-4.6366113518e+04,1.0313724527e+04
2017,2.1783600000e+07,1.8832123684e+35,-3.8610219456e+35,-1.9778095772e+35,8.2277297297e+41,2.6069724423e+41,3.1315940799e+43,-1.0542767614e+05,-4.6366206506e+04,1.0313552879e+04
2018,2.1794400000e+07,1.8831966292e+35,-3.8610051945e+35,-1.9778085653e+35,8.2277300118e+41,2.6069724277e+41,3.1315941758e+43,-1.0542753251e+05,-4.6366299494e+04,1.0313381231e+04
2019,2.1805200000e+07,1.8831809239e+35,-3.8609884772e+35,-1.9778075533e+35,8.2277302940e+41,2.6069724131e+41,3.1315942717e+43,-1.0542738888e+05,-4.6366392482e+04,1.0313209583e+04
2020,2.1816000000e+07,1.8831652526e+35,-3.8609717938e+35,-1.9778065412e+35,8.2277305762e+41,2.6069723984e+41,3.1315943676e+43,-1.0542724525e+05,-4.6366485471e+04,1.0313037935e+04
2021,2.1826800000e+07,1.8831496152e+35,-3.8609551441e+35,-1.9778055290e+35,8.2277308584e+41,2.6069723837e+41,3.1315944635e+43,-1.0542710163e+05,-4.6366578459e+04,1.0312866287e+04
2022,2.1837600000e+07,1.8831340118e+35,-3.8609385284e+35,-1.9778045166e+35,8.2277311407e+41,2.6069723690e+41,3.1315945594e+43,-1.0542695800e+05,-4.6366671447e+04,1.0312694639e+04
2023,2.1848400000e+07,1.8831184424e+35,-3.8609219465e+35,-1.9778035041e+35,8.2277314230e+41,2.6069723543e+41,3.1315946554e+43,-1.0542681437e+05,-4.6366764436e+04,1.0312522991e+04
2024,2.1859200000e+07,1.8831029071e+35,-3.8609053986e+35,-1.9778024914e+35,8.2277317053e+41,2.6069723395e+41,3.1315947513e+43,-1.0542667074e+05,-4.6366857424e+04,1.0312351343e+04
2025,2.1870000000e+07,1.8830874059e+35,-3.8608888846e+35,-1.9778014787e+35,8.2277319876e+41,2.6069723247e+41,3.1315948472e+43,-1.0542652711e+05,-4.6366950412e+04,1.0312179695e+04
2026,2.1880800000e+07,1.8830719388e+35,-3.8608724046e+35,-1.9778004658e+35,8.2277322700e+41,2.6069723099e+41,3.1315949431e+43,-1.0542638349e+05,-4.6367043401e+04,1.0312008047e+04
2027,2.1891600000e+07,1.8830565058e+35,-3.8608559585e+35,-1.9777994527e+35,8.2277325524e+41,2.6069722951e+41,3.1315950390e+43,-1.0542623986e+05,-4.6367136389e+04,1.0311836399e+04
2028,2.1902400000e+07,1.8830411070e+35,-3.8608395466e+35,-1.9777984395e+35,8.2277328348e+41,2.6069722802e+41,3.1315951350e+43,-1.0542609623e+05,-4.6367229377e+04,1.0311664751e+04
2029,2.1913200000e+07,1.8830257425e+35,-3.8608231686e+35,-1.9777974262e+35,8.2277331172e+41,2.6069722654e+41,3.1315952309e+43,-1.0542595260e+05,-4.6367322365e+04,1.0311493103e+04
2030,2.1924000000e+07,1.8830104122e+35,-3.8608068248e+35,-1.9777964127e+35,8.2277333997e+41,2.6069722505e+41,3.1315953268e+43,-1.0542580897e+05,-4.6367415354e+04,1.0311321455e+04
2031,2.1934800000e+07,1.8829951161e+35,-3.8607905151e+35,-1.9777953990e+35,8.2277336822e+41,2.6069722355e+41,3.1315954227e+43,-1.0542566535e+05,-4.6367508342e+04,1.0311149808e+04
2032,2.1945600000e+07,1.8829798544e+35,-3.8607742396e+35,-1.9777943852e+35,8.2277339647e+41,2.6069722206e+41,3.1315955187e+43,-1.0542552172e+05,-4.6367601330e+04,1.0310978160e+04
2033,2.1956400000e+07,1.8829646270e+35,-3.8607579983e+35,-1.9777933713e+35,8.2277342472e+41,2.6069722056e+41,3.1315956146e+43,-1.0542537809e+05,-4.6367694319e+04,1.0310806512e+04
2034,2.1967200000e+07,1.8829494340e+35,-3.8607417912e+35,-1.9777923572e+35,8.2277345298e+41,2.6069721906e+41,3.1315957105e+43,-1.0542523446e+05,-4.6367787307e+04,1.0310634864e+04
2035,2.1978000000e+07,1.8829342754e+35,-3.8607256183e+35,-1.9777913429e+35,8.2277348124e+41,2.6069721756e+41,3.1315958064e+43,-1.0542509083e+05,-4.6367880295e+04,1.0310463216e+04
2036,2.1988800000e+07,1.8829191513e+35,-3.8607094797e+35,-1.9777903285e+35,8.2277350951e+41,2.6069721605e+41,3.1315959024e+43,-1.0542494721e+05,-4.6367973283e+04,1.0310291568e+04
2037,2.1999600000e+07,1.8829040616e+35,-3.8606933755e+35,-1.9777893139e+35,8.2277353777e+41,2.6069721454e+41,3.1315959983e+43,-1.0542480358e+05,-4.6368066272e+04,1.0310119920e+04
2038,2.2010400000e+07,1.8828890065e+35,-3.8606773056e+35,-1.9777882991e+35,8.2277356604e+41,2.6069721303e+41,3.1315960943e+43,-1.0542465995e+05,-4.6368159260e+04,1.0309948272e+04
2039,2.2021200000e+07,1.8828739859e+35,-3.8606612701e+35,-1.9777872841e+35,8.2277359431e+41,2.6069721152e+41,3.1315961902e+43,-1.0542451632e+05,-4.6368252248e+04,1.0309776624e+04
2040,2.2032000000e+07,1.8828590000e+35,-3.8606452690e+35,-1.9777862690e+35,8.2277362259e+41,2.6069721000e+41,3.1315962861e+43,-1.0542437269e+05,-4.6368345237e+04,1.0309604976e+04
2041,2.2042800000e+07,1.8828440487e+35,-3.8606293024e+35,-1.9777852537e+35,8.2277365087e+41,2.6069720848e+41,3.1315963821e+43,-1.0542422907e+05,-4.6368438225e+04,1.0309433328e+04
2042,2.2053600000e+07,1.8828291320e+35,-3.8606133703e+35,-1.9777842382e+35,8.2277367915e+41,2.6069720696e+41,3.1315964780e+43,-1.0542408544e+05,-4.6368531213e+04,1.0309261680e+04
2043,2.2064400000e+07,1.8828142501e+35,-3.8605974727e+35,-1.9777832226e+35,8.2277370744e+41,2.6069720543e+41,3.1315965739e+43,-1.0542394181e+05,-4.6368624201e+04,1.0309090032e+04
2044,2.2075200000e+07,1.8827994029e+35,-3.8605816097e+35,-1.9777822067e+35,8.2277373573e+41,2.6069720390e+41,3.1315966699e+43,-1.0542379818e+05,-4.6368717190e+04,1.0308918384e+04
2045,2.2086000000e+07,1.8827845905e+35,-3.8605657812e+35,-1.9777811907e+35,8.2277376402e+41,2.6069720237e+41,3.1315967658e+43,-1.0542365455e+05,-4.6368810178e+04,1.0308746736e+04
2046,2.2096800000e+07,1.8827698130e+35,-3.8605499875e+35,-1.9777801745e+35,8.2277379231e+41,2.6069720084e+41,3.1315968618e+43,-1.0542351093e+05,-4.6368903166e+04,1.0308575088e+04
2047,2.2107600000e+07,1.8827550703e+35,-3.8605342284e+35,-1.9777791581e+35,8.2277382061e+41,2.6069719930e+41,3.1315969577e+43,-1.0542336730e+05,-4.6368996155e+04,1.0308403440e+04
2048,2.2118400000e+07,1.8827403625e+35,-3.8605185040e+35,-1.9777781415e+35,8.2277384891e+41,2.6069719776e+41,3.1315970537e+43,-1.0542322367e+05,-4.6369089143e+04,1.0308231793e+04
2049,2.2129200000e+07,1.8827256897e+35,-3.8605028144e+35,-1.9777771247e+35,8.2277387722e+41,2.6069719621e+41,3.1315971496e+43,-1.0542308004e+05,-4.6369182131e+04,1.0308060145e+04
2050,2.2140000000e+07,1.8827110519e+35,-3.8604871595e+35,-1.9777761076e+35,8.2277390553e+41,2.6069719467e+41,3.1315972456e+43,-1.0542293641e+05,-4.6369275119e+04,1.0307888497e+04
2051,2.2150800000e+07,1.8826964491e+35,-3.8604715395e+35,-1.9777750904e+35,8.2277393384e+41,2.6069719312e+41,3.1315973416e+43,-1.0542279279e+05,-4.6369368108e+04,1.0307716849e+04
2052,2.2161600000e+07,1.8826818814e+35,-3.8604559544e+35,-1.9777740730e+35,8.2277396216e+41,2.6069719156e+41,3.1315974375e+43,-1.0542264916e+05,-4.6369461096e+04,1.0307545201e+04
2053,2.2172400000e+07,1.8826673488e+35,-3.8604404042e+35,-1.9777730554e+35,8.2277399047e+41,2.6069719001e+41,3.1315975335e+43,-1.0542250553e+05,-4.6369554084e+04,1.0307373553e+04
2054,2.2183200000e+07,1.8826528514e+35,-3.8604248890e+35,-1.9777720375e+35,8.2277401880e+41,2.6069718845e+41,3.1315976294e+43,-1.0542236190e+05,-4.6369647072e+04,1.0307201905e+04
2055,2.2194000000e+07,1.8826383892e+35,-3.8604094087e+35,-1.9777710195e+35,8.2277404712e+41,2.6069718688e+41,3.1315977254e+43,-1.0542221827e+05,-4.6369740061e+04,1.0307030257e+04
2056,2.2204800000e+07,1.8826239623e+35,-3.8603939635e+35,-1.9777700012e+35,8.2277407545e+41,2.6069718532e+41,3.1315978214e+43,-1.0542207465e+05,-4.6369833049e+04,1.0306858609e+04
2057,2.2215600000e+07,1.8826095706e+35,-3.8603785533e+35,-1.9777689827e+35,8.2277410379e+41,2.6069718375e+41,3.1315979174e+43,-1.0542193102e+05,-4.6369926037e+04,1.0306686961e+04
2058,2.2226400000e+07,1.8825952143e+35,-3.8603631783e+35,-1.9777679640e+35,8.2277413213e+41,2.6069718218e+41,3.1315980133e+43,-1.0542178739e+05,-4.6370019025e+04,1.0306515313e+04
2059,2.2237200000e+07,1.8825808934e+35,-3.8603478384e+35,-1.9777669450e+35,8.2277416047e+41,2.6069718060e+41,3.1315981093e+43,-1.0542164376e+05,-4.6370112014e+04,1.0306343665e+04
2060,2.2248000000e+07,1.8825666079e+35,-3.8603325337e+35,-1.9777659259e+35,8.2277418881e+41,2.6069717902e+41,3.1315982053e+43,-1.0542150013e+05,-4.6370205002e+04,1.0306172017e+04
2061,2.2258800000e+07,1.8825523578e+35,-3.8603172643e+35,-1.9777649064e+35,8.2277421716e+41,2.6069717743e+41,3.1315983013e+43,-1.0542135651e+05,-4.6370297990e+04,1.0306000369e+04
2062,2.2269600000e+07,1.8825381433e+35,-3.8603020301e+35,-1.9777638868e+35,8.2277424552e+41,2.6069717585e+41,3.1315983972e+43,-1.0542121288e+05,-4.6370390979e+04,1.0305828721e+04
2063,2.2280400000e+07,1.8825239644e+35,-3.8602868313e+35,-1.9777628669e+35,8.2277427387e+41,2.6069717426e+41,3.1315984932e+43,-1.0542106925e+05,-4.6370483967e+04,1.0305657073e+04
2064,2.2291200000e+07,1.8825098211e+35,-3.8602716679e+35,-1.9777618468e+35,8.2277430224e+41,2.6069717266e+41,3.1315985892e+43,-1.0542092562e+05,-4.6370576955e+04,1.0305485425e+04
2065,2.2302000000e+07,1.8824957135e+35,-3.8602565399e+35,-1.9777608264e+35,8.2277433060e+41,2.6069717106e+41,3.1315986852e+43,-1.0542078199e+05,-4.6370669943e+04,1.0305313777e+04
2066,2.2312800000e+07,1.8824816415e+35,-3.8602414473e+35,-1.9777598058e+35,8.2277435897e+41,2.6069716946e+41,3.1315987812e+43,-1.0542063837e+05,-4.6370762932e+04,1.0305142130e+04
2067,2.2323600000e+07,1.8824676053e+35,-3.8602263903e+35,-1.9777587849e+35,8.2277438735e+41,2.6069716786e+41,3.1315988772e+43,-1.0542049474e+05,-4.6370855920e+04,1.0304970482e+04
2068,2.2334400000e+07,1.8824536050e+35,-3.8602113688e+35,-1.9777577638e+35,8.2277441572e+41,2.6069716625e+41,3.1315989732e+43,-1.0542035111e+05,-4.6370948908e+04,1.0304798834e+04
2069,2.2345200000e+07,1.8824396405e+35,-3.8601963829e+35,-1.9777567424e+35,8.2277444411e+41,2.6069716464e+41,3.1315990692e+43,-1.0542020748e+05,-4.6371041896e+04,1.0304627186e+04
2070,2.2356000000e+07,1.8824257119e+35,-3.8601814326e+35,-1.9777557208e+35,8.2277447249e+41,2.6069716302e+41,3.1315991652e+43,-1.0542006385e+05,-4.6371134885e+04,1.0304455538e+04
2071,2.2366800000e+07,1.8824118192e+35,-3.8601665181e+35,-1.9777546989e+35,8.2277450088e+41,2.6069716140e+41,3.1315992612e+43,-1.0541992023e+05,-4.6371227873e+04,1.0304283890e+04
2072,2.2377600000e+07,1.8823979625e+35,-3.8601516392e+35,-1.9777536767e+35,8.2277452928e+41,2.6069715977e+41,3.1315993572e+43,-1.0541977660e+05,-4.6371320861e+04,1.0304112242e+04
2073,2.2388400000e+07,1.8823841420e+35,-3.8601367962e+35,-1.9777526542e+35,8.2277455768e+41,2.6069715814e+41,3.1315994532e+43,-1.0541963297e+05,-4.6371413850e+04,1.0303940594e+04
2074,2.2399200000e+07,1.8823703575e+35,-3.8601219890e+35,-1.9777516315e+35,8.2277458608e+41,2.6069715651e+41,3.1315995493e+43,-1.0541948934e+05,-4.6371506838e+04,1.0303768946e+04
2075,2.2410000000e+07,1.8823566091e+35,-3.8601072176e+35,-1.9777506085e+35,8.2277461449e+41,2.6069715488e+41,3.1315996453e+43,-1.0541934571e+05,-4.6371599826e+04,1.0303597298e+04
2076,2.2420800000e+07,1.8823428970e+35,-3.8600924822e+35,-1.9777495852e+35,8.2277464290e+41,2.6069715323e+41,3.1315997413e+43,-1.0541920209e+05,-4.6371692815e+04,1.0303425650e+04
2077,2.2431600000e+07,1.8823292211e+35,-3.8600777828e+35,-1.9777485617e+35,8.2277467132e+41,2.6069715159e+41,3.1315998373e+43,-1.0541905846e+05,-4.6371785803e+04,1.0303254002e+04
2078,2.2442400000e+07,1.8823155815e+35,-3.8600631194e+35,-1.9777475378e+35,8.2277469974e+41,2.6069714994e+41,3.1315999334e+43,-1.0541891483e+05,-4.6371878791e+04,1.0303082354e+04
2079,2.2453200000e+07,1.8823019783e+35,-3.8600484920e+35,-1.9777465137e+35,8.2277472817e+41,2.6069714829e+41,3.1316000294e+43,-1.0541877120e+05,-4.6371971779e+04,1.0302910706e+04
2080,2.2464000000e+07,1.8822884115e+35,-3.8600339008e+35,-1.9777454893e+35,8.2277475660e+41,2.6069714663e+41,3.1316001254e+43,-1.0541862757e+05,-4.6372064768e+04,1.0302739058e+04
2081,2.2474800000e+07,1.8822748812e+35,-3.8600193457e+35,-1.9777444645e+35,8.2277478504e+41,2.6069714497e+41,3.1316002215e+43,-1.0541848395e+05,-4.6372157756e+04,1.0302567410e+04
2082,2.2485600000e+07,1.8822613873e+35,-3.8600048269e+35,-1.9777434395e+35,8.2277481348e+41,2.6069714330e+41,3.1316003175e+43,-1.0541834032e+05,-4.6372250744e+04,1.0302395762e+04
2083,2.2496400000e+07,1.8822479301e+35,-3.8599903443e+35,-1.9777424142e+35,8.2277484192e+41,2.6069714163e+41,3.1316004136e+43,-1.0541819669e+05,-4.6372343732e+04,1.0302224115e+04
2084,2.2507200000e+07,1.8822345095e+35,-3.8599758980e+35,-1.9777413885e+35,8.2277487037e+41,2.6069713996e+41,3.1316005096e+43,-1.0541805306e+05,-4.6372436721e+04,1.0302052467e+04
2085,2.2518000000e+07,1.8822211255e+35,-3.8599614881e+35,-1.9777403626e+35,8.2277489883e+41,2.6069713828e+41,3.1316006057e+43,-1.0541790943e+05,-4.6372529709e+04,1.0301880819e+04
2086,2.2528800000e+07,1.8822077783e+35,-3.8599471146e+35,-1.9777393363e+35,8.2277492729e+41,2.6069713660e+41,3.1316007017e+43,-1.0541776581e+05,-4.6372622697e+04,1.0301709171e+04
2087,2.2539600000e+07,1.8821944678e+35,-3.8599327776e+35,-1.9777383097e+35,8.2277495576e+41,2.6069713491e+41,3.1316007978e+43,-1.0541762218e+05,-4.6372715686e+04,1.0301537523e+04
2088,2.2550400000e+07,1.8821811942e+35,-3.8599184771e+35,-1.9777372828e+35,8.2277498423e+41,2.6069713322e+41,3.1316008938e+43,-1.0541747855e+05,-4.6372808674e+04,1.0301365875e+04
2089,2.2561200000e+07,1.8821679575e+35,-3.8599042131e+35,-1.9777362556e+35,8.2277501270e+41,2.6069713152e+41,3.1316009899e+43,-1.0541733492e+05,-4.6372901662e+04,1.0301194227e+04
2090,2.2572000000e+07,1.8821547577e+35,-3.8598899858e+35,-1.9777352280e+35,8.2277504118e+41,2.6069712982e+41,3.1316010860e+43,-1.0541719129e+05,-4.6372994650e+04,1.0301022579e+04
2091,2.2582800000e+07,1.8821415950e+35,-3.8598757951e+35,-1.9777342001e+35,8.2277506967e+41,2.6069712811e+41,3.1316011821e+43,-1.0541704767e+05,-4.6373087639e+04,1.0300850931e+04
2092,2.2593600000e+07,1.8821284693e+35,-3.8598616412e+35,-1.9777331719e+35,8.2277509816e+41,2.6069712640e+41,3.1316012782e+43,-1.0541690404e+05,-4.6373180627e+04,1.0300679283e+04
2093,2.2604400000e+07,1.8821153807e+35,-3.8598475240e+35,-1.9777321434e+35,8.2277512666e+41,2.6069712468e+41,3.1316013742e+43,-1.0541676041e+05,-4.6373273615e+04,1.0300507635e+04
2094,2.2615200000e+07,1.8821023292e+35,-3.8598334437e+35,-1.9777311144e+35,8.2277515516e+41,2.6069712296e+41,3.1316014703e+43,-1.0541661678e+05,-4.6373366603e+04,1.0300335987e+04
2095,2.2626000000e+07,1.8820893150e+35,-3.8598194002e+35,-1.9777300852e+35,8.2277518367e+41,2.6069712124e+41,3.1316015664e+43,-1.0541647315e+05,-4.6373459592e+04,1.0300164339e+04
2096,2.2636800000e+07,1.8820763381e+35,-3.8598053937e+35,-1.9777290556e+35,8.2277521218e+41,2.6069711951e+41,3.1316016625e+43,-1.0541632953e+05,-4.6373552580e+04,1.0299992691e+04
2097,2.2647600000e+07,1.8820633985e+35,-3.8597914241e+35,-1.9777280256e+35,8.2277524070e+41,2.6069711777e+41,3.1316017586e+43,-1.0541618590e+05,-4.6373645568e+04,1.0299821043e+04
2098,2.2658400000e+07,1.8820504963e+35,-3.8597774916e+35,-1.9777269953e+35,8.2277526922e+41,2.6069711603e+41,3.1316018547e+43,-1.0541604227e+05,-4.6373738556e+04,1.0299649395e+04
2099,2.2669200000e+07,1.8820376315e+35,-3.8597635961e+35,-1.9777259646e+35,8.2277529775e+41,2.6069711429e+41,3.1316019508e+43,-1.0541589864e+05,-4.6373831545e+04,1.0299477747e+04
2100,2.2680000000e+07,1.8820248043e+35,-3.8597497378e+35,-1.9777249335e+35,8.2277532629e+41,2.6069711254e+41,3.1316020470e+43,-1.0541575501e+05,-4.6373924533e+04,1.0299306099e+04
2101,2.2690800000e+07,1.8820120146e+35,-3.8597359167e+35,-1.9777239021e+35,8.2277535483e+41,2.6069711078e+41,3.1316021431e+43,-1.0541561139e+05,-4.6374017521e+04,1.0299134452e+04
2102,2.2701600000e+07,1.8819992625e+35,-3.8597221328e+35,-1.9777228703e+35,8.2277538338e+41,2.6069710902e+41,3.1316022392e+43,-1.0541546776e+05,-4.6374110510e+04,1.0298962804e+04
2103,2.2712400000e+07,1.8819865481e+35,-3.8597083862e+35,-1.9777218381e+35,8.2277541193e+41,2.6069710726e+41,3.1316023353e+43,-1.0541532413e+05,-4.6374203498e+04,1.0298791156e+04
2104,2.2723200000e+07,1.8819738714e+35,-3.8596946770e+35,-1.9777208055e+35,8.2277544049e+41,2.6069710548e+41,3.1316024315e+43,-1.0541518050e+05,-4.6374296486e+04,1.0298619508e+04
2105,2.2734000000e+07,1.8819612326e+35,-3.8596810051e+35,-1.9777197726e+35,8.2277546905e+41,2.6069710371e+41,3.1316025276e+43,-1.0541503687e+05,-4.6374389474e+04,1.0298447860e+04
2106,2.2744800000e+07,1.8819486315e+35,-3.8596673708e+35,-1.9777187392e+35,8.2277549762e+41,2.6069710193e+41,3.1316026238e+43,-1.0541489325e+05,-4.6374482463e+04,1.0298276212e+04
2107,2.2755600000e+07,1.8819360684e+35,-3.8596537739e+35,-1.9777177055e+35,8.2277552620e+41,2.6069710014e+41,3.1316027199e+43,-1.0541474962e+05,-4.6374575451e+04,1.0298104564e+04
2108,2.2766400000e+07,1.8819235432e+35,-3.8596402146e+35,-1.9777166713e+35,8.2277555478e+41,2.6069709835e+41,3.1316028161e+43,-1.0541460599e+05,-4.6374668439e+04,1.0297932916e+04
2109,2.2777200000e+07,1.8819110561e+35,-3.8596266929e+35,-1.9777156368e+35,8.2277558337e+41,2.6069709655e+41,3.1316029122e+43,-1.0541446236e+05,-4.6374761428e+04,1.0297761268e+04
2110,2.2788000000e+07,1.8818986070e+35,-3.8596132088e+35,-1.9777146018e+35,8.2277561196e+41,2.6069709475e+41,3.1316030084e+43,-1.0541431873e+05,-4.6374854416e+04,1.0297589620e+04
2111,2.2798800000e+07,1.8818861961e+35,-3.8595997625e+35,-1.9777135665e+35,8.2277564056e+41,2.6069709294e+41,3.1316031046e+43,-1.0541417511e+05,-4.6374947404e+04,1.0297417972e+04
2112,2.2809600000e+07,1.8818738233e+35,-3.8595863540e+35,-1.9777125307e+35,8.2277566917e+41,2.6069709113e+41,3.1316032007e+43,-1.0541403148e+05,-4.6375040392e+04,1.0297246324e+04
2113,2.2820400000e+07,1.8818614888e+35,-3.8595729833e+35,-1.9777114944e+35,8.2277569778e+41,2.6069708931e+41,3.1316032969e+43,-1.0541388785e+05,-4.6375133381e+04,1.0297074676e+04
2114,2.2831200000e+07,1.8818491927e+35,-3.8595596505e+35,-1.9777104578e+35,8.2277572640e+41,2.6069708748e+41,3.1316033931e+43,-1.0541374422e+05,-4.6375226369e+04,1.0296903028e+04
2115,2.2842000000e+07,1.8818369348e+35,-3.8595463556e+35,-1.9777094207e+35,8.2277575503e+41,2.6069708565e+41,3.1316034893e+43,-1.0541360059e+05,-4.6375319357e+04,1.0296731380e+04
2116,2.2852800000e+07,1.8818247154e+35,-3.8595330987e+35,-1.9777083832e+35,8.2277578366e+41,2.6069708381e+41,3.1316035855e+43,-1.0541345697e+05,-4.6375412345e+04,1.0296559732e+04
2117,2.2863600000e+07,1.8818125345e+35,-3.8595198798e+35,-1.9777073453e+35,8.2277581230e+41,2.6069708197e+41,3.1316036817e+43,-1.0541331334e+05,-4.6375505334e+04,1.0296388084e+04
2118,2.2874400000e+07,1.8818003921e+35,-3.8595066990e+35,-1.9777063069e+35,8.2277584094e+41,2.6069708012e+41,3.1316037779e+43,-1.0541316971e+05,-4.6375598322e+04,1.0296216437e+04
2119,2.2885200000e+07,1.8817882883e+35,-3.8594935564e+35,-1.9777052680e+35,8.2277586959e+41,2.6069707827e+41,3.1316038741e+43,-1.0541302608e+05,-4.6375691310e+04,1.0296044789e+04
2120,2.2896000000e+07,1.8817762232e+35,-3.8594804520e+35,-1.9777042288e+35,8.2277589825e+41,2.6069707641e+41,3.1316039703e+43,-1.0541288245e+05,-4.6375784298e+04,1.0295873141e+04
2121,2.2906800000e+07,1.8817641968e+35,-3.8594673858e+35,-1.9777031890e+35,8.2277592692e+41,2.6069707454e+41,3.1316040665e+43,-1.0541273883e+05,-4.6375877287e+04,1.0295701493e+04
2122,2.2917600000e+07,1.8817522091e+35,-3.8594543579e+35,-1.9777021488e+35,8.2277595559e+41,2.6069707267e+41,3.1316041628e+43,-1.0541259520e+05,-4.6375970275e+04,1.0295529845e+04
2123,2.2928400000e+07,1.8817402603e+35,-3.8594413684e+35,-1.9777011081e+35,8.2277598427e+41,2.6069707079e+41,3.1316042590e+43,-1.0541245157e+05,-4.6376063263e+04,1.0295358197e+04
2124,2.2939200000e+07,1.8817283504e+35,-3.8594284173e+35,-1.9777000669e+35,8.2277601296e+41,2.6069706891e+41,3.1316043552e+43,-1.0541230794e+05,-4.6376156252e+04,1.0295186549e+04
2125,2.2950000000e+07,1.8817164794e+35,-3.8594155047e+35,-1.9776990253e+35,8.2277604165e+41,2.6069706701e+41,3.1316044515e+43,-1.0541216431e+05,-4.6376249240e+04,1.0295014901e+04
2126,2.2960800000e+07,1.8817046474e+35,-3.8594026305e+35,-1.9776979832e+35,8.2277607035e+41,2.6069706512e+41,3.1316045478e+43,-1.0541202069e+05,-4.6376342228e+04,1.0294843253e+04
2127,2.2971600000e+07,1.8816928544e+35,-3.8593897950e+35,-1.9776969405e+35,8.2277609905e+41,2.6069706321e+41,3.1316046440e+43,-1.0541187706e+05,-4.6376435217e+04,1.0294671605e+04
2128,2.2982400000e+07,1.8816811006e+35,-3.8593769980e+35,-1.9776958974e+35,8.2277612777e+41,2.6069706130e+41,3.1316047403e+43,-1.0541173343e+05,-4.6376528205e+04,1.0294499957e+04
2129,2.2993200000e+07,1.8816693859e+35,-3.8593642398e+35,-1.9776948538e+35,8.2277615649e+41,2.6069705939e+41,3.1316048365e+43,-1.0541158980e+05,-4.6376621193e+04,1.0294328309e+04
2130,2.3004000000e+07,1.8816577105e+35,-3.8593515202e+35,-1.9776938097e+35,8.2277618522e+41,2.6069705746e+41,3.1316049328e+43,-1.0541144617e+05,-4.6376714182e+04,1.0294156661e+04
2131,2.3014800000e+07,1.8816460743e+35,-3.8593388394e+35,-1.9776927651e+35,8.2277621395e+41,2.6069705554e+41,3.1316050291e+43,-1.0541130255e+05,-4.6376807170e+04,1.0293985013e+04
2132,2.3025600000e+07,1.8816344775e+35,-3.8593261974e+35,-1.9776917200e+35,8.2277624270e+41,2.6069705360e+41,3.1316051254e+43,-1.0541115892e+05,-4.6376900158e+04,1.0293813365e+04
2133,2.3036400000e+07,1.8816229200e+35,-3.8593135944e+35,-1.9776906743e+35,8.2277627145e+41,2.6069705166e+41,3.1316052217e+43,-1.0541101529e+05,-4.6376993146e+04,1.0293641717e+04
2134,2.3047200000e+07,1.8816114020e+35,-3.8593010302e+35,-1.9776896281e+35,8.2277630021e+41,2.6069704971e+41,3.1316053180e+43,-1.0541087166e+05,-4.6377086135e+04,1.0293470069e+04
2135,2.3058000000e+07,1.8815999236e+35,-3.8592885050e+35,-1.9776885814e+35,8.2277632897e+41,2.6069704775e+41,3.1316054143e+43,-1.0541072803e+05,-4.6377179123e+04,1.0293298421e+04
2136,2.3068800000e+07,1.8815884846e+35,-3.8592760188e+35,-1.9776875342e+35,8.2277635774e+41,2.6069704579e+41,3.1316055106e+43,-1.0541058441e+05,-4.6377272111e+04,1.0293126774e+04
2137,2.3079600000e+07,1.8815770853e+35,-3.8592635717e+35,-1.9776864864e+35,8.2277638652e+41,2.6069704382e+41,3.1316056070e+43,-1.0541044078e+05,-4.6377365100e+04,1.0292955126e+04
2138,2.3090400000e+07,1.8815657256e+35,-3.8592511637e+35,-1.9776854381e+35,8.2277641531e+41,2.6069704184e+41,3.1316057033e+43,-1.0541029715e+05,-4.6377458088e+04,1.0292783478e+04
2139,2.3101200000e+07,1.8815544057e+35,-3.8592387949e+35,-1.9776843892e+35,8.2277644411e+41,2.6069703986e+41,3.1316057996e+43,-1.0541015352e+05,-4.6377551076e+04,1.0292611830e+04
2140,2.3112000000e+07,1.8815431255e+35,-3.8592264653e+35,-1.9776833397e+35,8.2277647291e+41,2.6069703787e+41,3.1316058960e+43,-1.0541000989e+05,-4.6377644065e+04,1.0292440182e+04
2141,2.3122800000e+07,1.8815318852e+35,-3.8592141749e+35,-1.9776822897e+35,8.2277650173e+41,2.6069703587e+41,3.1316059923e+43,-1.0540986627e+05,-4.6377737053e+04,1.0292268534e+04
2142,2.3133600000e+07,1.8815206847e+35,-3.8592019238e+35,-1.9776812392e+35,8.2277653055e+41,2.6069703387e+41,3.1316060887e+43,-1.0540972264e+05,-4.6377830041e+04,1.0292096886e+04
2143,2.3144400000e+07,1.8815095241e+35,-3.8591897122e+35,-1.9776801880e+35,8.2277655937e+41,2.6069703186e+41,3.1316061851e+43,-1.0540957901e+05,-4.6377923029e+04,1.0291925238e+04
2144,2.3155200000e+07,1.8814984036e+35,-3.8591775399e+35,-1.9776791363e+35,8.2277658821e+41,2.6069702984e+41,3.1316062814e+43,-1.0540943538e+05,-4.6378016018e+04,1.0291753590e+04
2145,2.3166000000e+07,1.8814873230e+35,-3.8591654070e+35,-1.9776780840e+35,8.2277661705e+41,2.6069702781e+41,3.1316063778e+43,-1.0540929175e+05,-4.6378109006e+04,1.0291581942e+04
2146,2.3176800000e+07,1.8814762826e+35,-3.8591533136e+35,-1.9776770310e+35,8.2277664591e+41,2.6069702578e+41,3.1316064742e+43,-1.0540914813e+05,-4.6378201994e+04,1.0291410294e+04
2147,2.3187600000e+07,1.8814652823e+35,-3.8591412598e+35,-1.9776759775e+35,8.2277667477e+41,2.6069702374e+41,3.1316065706e+43,-1.0540900450e+05,-4.6378294983e+04,1.0291238646e+04
2148,2.3198400000e+07,1.8814543221e+35,-3.8591292455e+35,-1.9776749234e+35,8.2277670364e+41,2.6069702169e+41,3.1316066670e+43,-1.0540886087e+05,-4.6378387971e+04,1.0291066998e+04
2149,2.3209200000e+07,1.8814434022e+35,-3.8591172709e+35,-1.9776738687e+35,8.2277673251e+41,2.6069701964e+41,3.1316067634e+43,-1.0540871724e+05,-4.6378480959e+04,1.0290895350e+04
2150,2.3220000000e+07,1.8814325226e+35,-3.8591053359e+35,-1.9776728133e+35,8.2277676140e+41,2.6069701757e+41,3.1316068598e+43,-1.0540857361e+05,-4.6378573947e+04,1.0290723702e+04
2151,2.3230800000e+07,1.8814216832e+35,-3.8590934406e+35,-1.9776717574e+35,8.2277679029e+41,2.6069701550e+41,3.1316069563e+43,-1.0540842999e+05,-4.6378666936e+04,1.0290552054e+04
2152,2.3241600000e+07,1.8814108843e+35,-3.8590815851e+35,-1.9776707008e+35,8.2277681920e+41,2.6069701342e+41,3.1316070527e+43,-1.0540828636e+05,-4.6378759924e+04,1.0290380406e+04
2153,2.3252400000e+07,1.8814001258e+35,-3.8590697693e+35,-1.9776696435e+35,8.2277684811e+41,2.6069701134e+41,3.1316071491e+43,-1.0540814273e+05,-4.6378852912e+04,1.0290208759e+04
2154,2.3263200000e+07,1.8813894077e+35,-3.8590579933e+35,-1.9776685857e+35,8.2277687703e+41,2.6069700924e+41,3.1316072456e+43,-1.0540799910e+05,-4.6378945901e+04,1.0290037111e+04
2155,2.3274000000e+07,1.8813787301e+35,-3.8590462572e+35,-1.9776675271e+35,8.2277690596e+41,2.6069700714e+41,3.1316073420e+43,-1.0540785547e+05,-4.6379038889e+04,1.0289865463e+04
2156,2.3284800000e+07,1.8813680931e+35,-3.8590345611e+35,-1.9776664679e+35,8.2277693490e+41,2.6069700503e+41,3.1316074385e+43,-1.0540771185e+05,-4.6379131877e+04,1.0289693815e+04
2157,2.3295600000e+07,1.8813574967e+35,-3.8590229048e+35,-1.9776654081e+35,8.2277696384e+41,2.6069700291e+41,3.1316075350e+43,-1.0540756822e+05,-4.6379224865e+04,1.0289522167e+04
2158,2.3306400000e+07,1.8813469409e+35,-3.8590112885e+35,-1.9776643476e+35,8.2277699280e+41,2.6069700079e+41,3.1316076315e+43,-1.0540742459e+05,-4.6379317854e+04,1.0289350519e+04
2159,2.3317200000e+07,1.8813364258e+35,-3.8589997122e+35,-1.9776632864e+35,8.2277702177e+41,2.6069699865e+41,3.1316077280e+43,-1.0540728096e+05,-4.6379410842e+04,1.0289178871e+04
2160,2.3328000000e+07,1.8813259514e+35,-3.8589881759e+35,-1.9776622245e+35,8.2277705074e+41,2.6069699651e+41,3.1316078245e+43,-1.0540713733e+05,-4.6379503830e+04,1.0289007223e+04
2161,2.3338800000e+07,1.8813155178e+35,-3.8589766797e+35,-1.9776611620e+35,8.2277707972e+41,2.6069699436e+41,3.1316079210e+43,-1.0540699371e+05,-4.6379596819e+04,1.0288835575e+04
2162,2.3349600000e+07,1.8813051249e+35,-3.8589652236e+35,-1.9776600987e+35,8.2277710872e+41,2.6069699220e+41,3.1316080175e+43,-1.0540685008e+05,-4.6379689807e+04,1.0288663927e+04
2163,2.3360400000e+07,1.8812947729e+35,-3.8589538076e+35,-1.9776590347e+35,8.2277713772e+41,2.6069699003e+41,3.1316081140e+43,-1.0540670645e+05,-4.6379782795e+04,1.0288492279e+04
2164,2.3371200000e+07,1.8812844618e+35,-3.8589424318e+35,-1.9776579701e+35,8.2277716673e+41,2.6069698786e+41,3.1316082106e+43,-1.0540656282e+05,-4.6379875783e+04,1.0288320631e+04
2165,2.3382000000e+07,1.8812741915e+35,-3.8589310962e+35,-1.9776569047e+35,8.2277719575e+41,2.6069698568e+41,3.1316083071e+43,-1.0540641919e+05,-4.6379968772e+04,1.0288148983e+04
2166,2.3392800000e+07,1.8812639622e+35,-3.8589198008e+35,-1.9776558386e+35,8.2277722478e+41,2.6069698348e+41,3.1316084037e+43,-1.0540627557e+05,-4.6380061760e+04,1.0287977335e+04
2167,2.3403600000e+07,1.8812537739e+35,-3.8589085456e+35,-1.9776547717e+35,8.2277725382e+41,2.6069698128e+41,3.1316085002e+43,-1.0540613194e+05,-4.6380154748e+04,1.0287805687e+04
2168,2.3414400000e+07,1.8812436266e+35,-3.8588973307e+35,-1.9776537041e+35,8.2277728287e+41,2.6069697907e+41,3.1316085968e+43,-1.0540598831e+05,-4.6380247737e+04,1.0287634039e+04
2169,2.3425200000e+07,1.8812335203e+35,-3.8588861561e+35,-1.9776526358e+35,8.2277731193e+41,2.6069697685e+41,3.1316086934e+43,-1.0540584468e+05,-4.6380340725e+04,1.0287462391e+04
2170,2.3436000000e+07,1.8812234550e+35,-3.8588750218e+35,-1.9776515667e+35,8.2277734100e+41,2.6069697463e+41,3.1316087900e+43,-1.0540570105e+05,-4.6380433713e+04,1.0287290743e+04
2171,2.3446800000e+07,1.8812134309e+35,-3.8588639278e+35,-1.9776504969e+35,8.2277737008e+41,2.6069697239e+41,3.1316088866e+43,-1.0540555743e+05,-4.6380526702e+04,1.0287119096e+04
2172,2.3457600000e+07,1.8812034479e+35,-3.8588528741e+35,-1.9776494262e+35,8.2277739917e+41,2.6069697015e+41,3.1316089832e+43,-1.0540541380e+05,-4.6380619690e+04,1.0286947448e+04
2173,2.3468400000e+07,1.8811935060e+35,-3.8588418609e+35,-1.9776483549e+35,8.2277742828e+41,2.6069696789e+41,3.1316090798e+43,-1.0540527017e+05,-4.6380712678e+04,1.0286775800e+04
2174,2.3479200000e+07,1.8811836053e+35,-3.8588308880e+35,-1.9776472827e+35,8.2277745739e+41,2.6069696563e+41,3.1316091764e+43,-1.0540512654e+05,-4.6380805666e+04,1.0286604152e+04
2175,2.3490000000e+07,1.8811737458e+35,-3.8588199555e+35,-1.9776462097e+35,8.2277748651e+41,2.6069696336e+41,3.1316092731e+43,-1.0540498291e+05,-4.6380898655e+04,1.0286432504e+04
2176,2.3500800000e+07,1.8811639275e+35,-3.8588090634e+35,-1.9776451359e+35,8.2277751564e+41,2.6069696107e+41,3.1316093697e+43,-1.0540483929e+05,-4.6380991643e+04,1.0286260856e+04
2177,2.3511600000e+07,1.8811541504e+35,-3.8587982118e+35,-1.9776440614e+35,8.2277754478e+41,2.6069695878e+41,3.1316094664e+43,-1.0540469566e+05,-4.6381084631e+04,1.0286089208e+04
2178,2.3522400000e+07,1.8811444146e+35,-3.8587874006e+35,-1.9776429860e+35,8.2277757393e+41,2.6069695648e+41,3.1316095630e+43,-1.0540455203e+05,-4.6381177620e+04,1.0285917560e+04
2179,2.3533200000e+07,1.8811347201e+35,-3.8587766298e+35,-1.9776419097e+35,8.2277760309e+41,2.6069695417e+41,3.1316096597e+43,-1.0540440840e+05,-4.6381270608e+04,1.0285745912e+04
2180,2.3544000000e+07,1.8811250668e+35,-3.8587658995e+35,-1.9776408327e+35,8.2277763226e+41,2.6069695185e+41,3.1316097564e+43,-1.0540426477e+05,-4.6381363596e+04,1.0285574264e+04
2181,2.3554800000e+07,1.8811154548e+35,-3.8587552096e+35,-1.9776397548e+35,8.2277766145e+41,2.6069694953e+41,3.1316098531e+43,-1.0540412115e+05,-4.6381456584e+04,1.0285402616e+04
2182,2.3565600000e+07,1.8811058842e+35,-3.8587445602e+35,-1.9776386761e+35,8.2277769064e+41,2.6069694719e+41,3.1316099498e+43,-1.0540397752e+05,-4.6381549573e+04,1.0285230968e+04
2183,2.3576400000e+07,1.8810963548e+35,-3.8587339513e+35,-1.9776375965e+35,8.2277771985e+41,2.6069694484e+41,3.1316100465e+43,-1.0540383389e+05,-4.6381642561e+04,1.0285059320e+04
2184,2.3587200000e+07,1.8810868668e+35,-3.8587233828e+35,-1.9776365160e+35,8.2277774906e+41,2.6069694248e+41,3.1316101433e+43,-1.0540369026e+05,-4.6381735549e+04,1.0284887672e+04
2185,2.3598000000e+07,1.8810774201e+35,-3.8587128548e+35,-1.9776354347e+35,8.2277777829e+41,2.6069694011e+41,3.1316102400e+43,-1.0540354663e+05,-4.6381828537e+04,1.0284716024e+04
2186,2.3608800000e+07,1.8810680148e+35,-3.8587023672e+35,-1.9776343524e+35,8.2277780753e+41,2.6069693774e+41,3.1316103367e+43,-1.0540340301e+05,-4.6381921526e+04,1.0284544376e+04
2187,2.3619600000e+07,1.8810586508e+35,-3.8586919201e+35,-1.9776332693e+35,8.2277783678e+41,2.6069693535e+41,3.1316104335e+43,-1.0540325938e+05,-4.6382014514e+04,1.0284372728e+04
2188,2.3630400000e+07,1.8810493281e+35,-3.8586815134e+35,-1.9776321853e+35,8.2277786604e+41,2.6069693295e+41,3.1316105303e+43,-1.0540311575e+05,-4.6382107502e+04,1.0284201081e+04
2189,2.3641200000e+07,1.8810400468e+35,-3.8586711472e+35,-1.9776311004e+35,8.2277789531e+41,2.6069693054e+41,3.1316106271e+43,-1.0540297212e+05,-4.6382200490e+04,1.0284029433e+04
2190,2.3652000000e+07,1.8810308068e+35,-3.8586608213e+35,-1.9776300145e+35,8.2277792460e+41,2.6069692813e+41,3.1316107239e+43,-1.0540282849e+05,-4.6382293479e+04,1.0283857785e+04
2191,2.3662800000e+07,1.8810216081e+35,-3.8586505359e+35,-1.9776289278e+35,8.2277795389e+41,2.6069692570e+41,3.1316108207e+43,-1.0540268487e+05,-4.6382386467e+04,1.0283686137e+04
2192,2.3673600000e+07,1.8810124508e+35,-3.8586402908e+35,-1.9776278400e+35,8.2277798320e+41,2.6069692326e+41,3.1316109175e+43,-1.0540254124e+05,-4.6382479455e+04,1.0283514489e+04
2193,2.3684400000e+07,1.8810033347e+35,-3.8586300861e+35,-1.9776267514e+35,8.2277801252e+41,2.6069692081e+41,3.1316110143e+43,-1.0540239761e+05,-4.6382572444e+04,1.0283342841e+04
2194,2.3695200000e+07,1.8809942600e+35,-3.8586199218e+35,-1.9776256618e+35,8.2277804185e+41,2.6069691835e+41,3.1316111111e+43,-1.0540225398e+05,-4.6382665432e+04,1.0283171193e+04
2195,2.3706000000e+07,1.8809852265e+35,-3.8586097977e+35,-1.9776245712e+35,8.2277807119e+41,2.6069691588e+41,3.1316112080e+43,-1.0540211035e+05,-4.6382758420e+04,1.0282999545e+04
2196,2.3716800000e+07,1.8809762343e+35,-3.8585997140e+35,-1.9776234797e+35,8.2277810054e+41,2.6069691340e+41,3.1316113049e+43,-1.0540196673e+05,-4.6382851408e+04,1.0282827897e+04
2197,2.3727600000e+07,1.8809672834e+35,-3.8585896705e+35,-1.9776223871e+35,8.2277812991e+41,2.6069691091e+41,3.1316114017e+43,-1.0540182310e+05,-4.6382944397e+04,1.0282656249e+04
2198,2.3738400000e+07,1.8809583737e+35,-3.8585796673e+35,-1.9776212936e+35,8.2277815929e+41,2.6069690841e+41,3.1316114986e+43,-1.0540167947e+05,-4.6383037385e+04,1.0282484601e+04
2199,2.3749200000e+07,1.8809495051e+35,-3.8585697042e+35,-1.9776201991e+35,8.2277818868e+41,2.6069690589e+41,3.1316115955e+43,-1.0540153584e+05,-4.6383130373e+04,1.0282312953e+04
2200,2.3760000000e+07,1.8809406778e+35,-3.8585597813e+35,-1.9776191035e+35,8.2277821808e+41,2.6069690337e+41,3.1316116924e+43,-1.0540139221e+05,-4.6383223361e+04,1.0282141305e+04
2201,2.3770800000e+07,1.8809318915e+35,-3.8585498985e+35,-1.9776180070e+35,8.2277824750e+41,2.6069690084e+41,3.1316117894e+43,-1.0540124859e+05,-4.6383316350e+04,1.0281969657e+04
2202,2.3781600000e+07,1.8809231464e+35,-3.8585400558e+35,-1.9776169094e+35,8.2277827693e+41,2.6069689829e+41,3.1316118863e+43,-1.0540110496e+05,-4.6383409338e+04,1.0281798009e+04
2203,2.3792400000e+07,1.8809144423e+35,-3.8585302531e+35,-1.9776158107e+35,8.2277830637e+41,2.6069689573e+41,3.1316119832e+43,-1.0540096133e+05,-4.6383502326e+04,1.0281626361e+04
2204,2.3803200000e+07,1.8809057793e+35,-3.8585204903e+35,-1.9776147110e+35,8.2277833582e+41,2.6069689316e+41,3.1316120802e+43,-1.0540081770e+05,-4.6383595314e+04,1.0281454713e+04
2205,2.3814000000e+07,1.8808971573e+35,-3.8585107675e+35,-1.9776136103e+35,8.2277836528e+41,2.6069689058e+41,3.1316121772e+43,-1.0540067407e+05,-4.6383688303e+04,1.0281283066e+04
2206,2.3824800000e+07,1.8808885762e+35,-3.8585010846e+35,-1.9776125084e+35,8.2277839476e+41,2.6069688799e+41,3.1316122742e+43,-1.0540053045e+05,-4.6383781291e+04,1.0281111418e+04
2207,2.3835600000e+07,1.8808800359e+35,-3.8584914414e+35,-1.9776114055e+35,8.2277842425e+41,2.6069688539e+41,3.1316123712e+43,-1.0540038682e+05,-4.6383874279e+04,1.0280939770e+04
2208,2.3846400000e+07,1.8808715366e+35,-3.8584818380e+35,-1.9776103015e+35,8.2277845376e+41,2.6069688278e+41,3.1316124682e+43,-1.0540024319e+05,-4.6383967268e+04,1.0280768122e+04
2209,2.3857200000e+07,1.8808630780e+35,-3.8584722743e+35,-1.9776091964e+35,8.2277848328e+41,2.6069688015e+41,3.1316125652e+43,-1.0540009956e+05,-4.6384060256e+04,1.0280596474e+04
2210,2.3868000000e+07,1.8808546601e+35,-3.8584627502e+35,-1.9776080901e+35,8.2277851281e+41,2.6069687751e+41,3.1316126622e+43,-1.0539995593e+05,-4.6384153244e+04,1.0280424826e+04
2211,2.3878800000e+07,1.8808462829e+35,-3.8584532657e+35,-1.9776069828e+35,8.2277854235e+41,2.6069687486e+41,3.1316127593e+43,-1.0539981231e+05,-4.6384246232e+04,1.0280253178e+04
2212,2.3889600000e+07,1.8808379463e+35,-3.8584438206e+35,-1.9776058743e+35,8.2277857191e+41,2.6069687220e+41,3.1316128563e+43,-1.0539966868e+05,-4.6384339221e+04,1.0280081530e+04
2213,2.3900400000e+07,1.8808296502e+35,-3.8584344148e+35,-1.9776047646e+35,8.2277860148e+41,2.6069686953e+41,3.1316129534e+43,-1.0539952505e+05,-4.6384432209e+04,1.0279909882e+04
2214,2.3911200000e+07,1.8808213946e+35,-3.8584250484e+35,-1.9776036538e+35,8.2277863106e+41,2.6069686684e+41,3.1316130505e+43,-1.0539938142e+05,-4.6384525197e+04,1.0279738234e+04
2215,2.3922000000e+07,1.8808131794e+35,-3.8584157212e+35,-1.9776025418e+35,8.2277866066e+41,2.6069686414e+41,3.1316131476e+43,-1.0539923779e+05,-4.6384618186e+04,1.0279566586e+04
2216,2.3932800000e+07,1.8808050045e+35,-3.8584064331e+35,-1.9776014286e+35,8.2277869027e+41,2.6069686143e+41,3.1316132447e+43,-1.0539909417e+05,-4.6384711174e+04,1.0279394938e+04
2217,2.3943600000e+07,1.8807968697e+35,-3.8583971840e+35,-1.9776003143e+35,8.2277871990e+41,2.6069685871e+41,3.1316133418e+43,-1.0539895054e+05,-4.6384804162e+04,1.0279223290e+04
2218,2.3954400000e+07,1.8807887752e+35,-3.8583879739e+35,-1.9775991987e+35,8.2277874954e+41,2.6069685597e+41,3.1316134390e+43,-1.0539880691e+05,-4.6384897150e+04,1.0279051642e+04
2219,2.3965200000e+07,1.8807807206e+35,-3.8583788025e+35,-1.9775980819e+35,8.2277877919e+41,2.6069685323e+41,3.1316135361e+43,-1.0539866328e+05,-4.6384990139e+04,1.0278879994e+04
2220,2.3976000000e+07,1.8807727060e+35,-3.8583696699e+35,-1.9775969639e+35,8.2277880886e+41,2.6069685047e+41,3.1316136333e+43,-1.0539851965e+05,-4.6385083127e+04,1.0278708346e+04
2221,2.3986800000e+07,1.8807647313e+35,-3.8583605759e+35,-1.9775958447e+35,8.2277883854e+41,2.6069684769e+41,3.1316137305e+43,-1.0539837603e+05,-4.6385176116e+04,1.0278536698e+04
2222,2.3997600000e+07,1.8807567962e+35,-3.8583515204e+35,-1.9775947241e+35,8.2277886824e+41,2.6069684491e+41,3.1316138277e+43,-1.0539823240e+05,-4.6385269104e+04,1.0278365050e+04
2223,2.4008400000e+07,1.8807489008e+35,-3.8583425032e+35,-1.9775936024e+35,8.2277889795e+41,2.6069684211e+41,3.1316139249e+43,-1.0539808877e+05,-4.6385362092e+04,1.0278193403e+04
2224,2.4019200000e+07,1.8807410450e+35,-3.8583335243e+35,-1.9775924793e+35,8.2277892767e+41,2.6069683930e+41,3.1316140222e+43,-1.0539794514e+05,-4.6385455080e+04,1.0278021755e+04
2225,2.4030000000e+07,1.8807332285e+35,-3.8583245835e+35,-1.9775913550e+35,8.2277895741e+41,2.6069683648e+41,3.1316141194e+43,-1.0539780151e+05,-4.6385548069e+04,1.0277850107e+04
2226,2.4040800000e+07,1.8807254513e+35,-3.8583156806e+35,-1.9775902293e+35,8.2277898716e+41,2.6069683364e+41,3.1316142167e+43,-1.0539765789e+05,-4.6385641057e+04,1.0277678459e+04
2227,2.4051600000e+07,1.8807177132e+35,-3.8583068156e+35,-1.9775891024e+35,8.2277901693e+41,2.6069683079e+41,3.1316143139e+43,-1.0539751426e+05,-4.6385734045e+04,1.0277506811e+04
2228,2.4062400000e+07,1.8807100142e+35,-3.8582979883e+35,-1.9775879741e+35,8.2277904672e+41,2.6069682792e+41,3.1316144112e+43,-1.0539737063e+05,-4.6385827033e+04,1.0277335163e+04
2229,2.4073200000e+07,1.8807023540e+35,-3.8582891985e+35,-1.9775868445e+35,8.2277907652e+41,2.6069682505e+41,3.1316145085e+43,-1.0539722700e+05,-4.6385920021e+04,1.0277163515e+04
2230,2.4084000000e+07,1.8806947326e+35,-3.8582804461e+35,-1.9775857135e+35,8.2277910633e+41,2.6069682216e+41,3.1316146058e+43,-1.0539708337e+05,-4.6386013010e+04,1.0276991867e+04
2231,2.4094800000e+07,1.8806871498e+35,-3.8582717309e+35,-1.9775845812e+35,8.2277913616e+41,2.6069681925e+41,3.1316147032e+43,-1.0539693975e+05,-4.6386105998e+04,1.0276820219e+04
2232,2.4105600000e+07,1.8806796054e+35,-3.8582630528e+35,-1.9775834474e+35,8.2277916600e+41,2.6069681633e+41,3.1316148005e+43,-1.0539679612e+05,-4.6386198986e+04,1.0276648571e+04
2233,2.4116400000e+07,1.8806720993e+35,-3.8582544116e+35,-1.9775823123e+35,8.2277919586e+41,2.6069681340e+41,3.1316148979e+43,-1.0539665249e+05,-4.6386291975e+04,1.0276476923e+04
2234,2.4127200000e+07,1.8806646313e+35,-3.8582458071e+35,-1.9775811758e+35,8.2277922574e+41,2.6069681046e+41,3.1316149953e+43,-1.0539650886e+05,-4.6386384963e+04,1.0276305275e+04
2235,2.4138000000e+07,1.8806572013e+35,-3.8582372392e+35,-1.9775800379e+35,8.2277925563e+41,2.6069680750e+41,3.1316150927e+43,-1.0539636523e+05,-4.6386477951e+04,1.0276133627e+04
2236,2.4148800000e+07,1.8806498091e+35,-3.8582287076e+35,-1.9775788985e+35,8.2277928554e+41,2.6069680452e+41,3.1316151901e+43,-1.0539622161e+05,-4.6386570939e+04,1.0275961979e+04
2237,2.4159600000e+07,1.8806424544e+35,-3.8582202121e+35,-1.9775777577e+35,8.2277931546e+41,2.6069680154e+41,3.1316152875e+43,-1.0539607798e+05,-4.6386663928e+04,1.0275790331e+04
2238,2.4170400000e+07,1.8806351372e+35,-3.8582117526e+35,-1.9775766155e+35,8.2277934540e+41,2.6069679854e+41,3.1316153849e+43,-1.0539593435e+05,-4.6386756916e+04,1.0275618683e+04
2239,2.4181200000e+07,1.8806278572e+35,-3.8582033289e+35,-1.9775754717e+35,8.2277937535e+41,2.6069679552e+41,3.1316154824e+43,-1.0539579072e+05,-4.6386849904e+04,1.0275447035e+04
2240,2.4192000000e+07,1.8806206142e+35,-3.8581949407e+35,-1.9775743265e+35,8.2277940532e+41,2.6069679249e+41,3.1316155799e+43,-1.0539564709e+05,-4.6386942893e+04,1.0275275387e+04
2241,2.4202800000e+07,1.8806134080e+35,-3.8581865879e+35,-1.9775731798e+35,8.2277943531e+41,2.6069678945e+41,3.1316156774e+43,-1.0539550347e+05,-4.6387035881e+04,1.0275103740e+04
2242,2.4213600000e+07,1.8806062385e+35,-3.8581782701e+35,-1.9775720316e+35,8.2277946531e+41,2.6069678639e+41,3.1316157749e+43,-1.0539535984e+05,-4.6387128869e+04,1.0274932092e+04
2243,2.4224400000e+07,1.8805991054e+35,-3.8581699872e+35,-1.9775708818e+35,8.2277949533e+41,2.6069678331e+41,3.1316158724e+43,-1.0539521621e+05,-4.6387221857e+04,1.0274760444e+04
2244,2.4235200000e+07,1.8805920084e+35,-3.8581617390e+35,-1.9775697305e+35,8.2277952536e+41,2.6069678023e+41,3.1316159699e+43,-1.0539507258e+05,-4.6387314846e+04,1.0274588796e+04
2245,2.4246000000e+07,1.8805849474e+35,-3.8581535251e+35,-1.9775685777e+35,8.2277955541e+41,2.6069677712e+41,3.1316160675e+43,-1.0539492895e+05,-4.6387407834e+04,1.0274417148e+04
2246,2.4256800000e+07,1.8805779221e+35,-3.8581453454e+35,-1.9775674233e+35,8.2277958548e+41,2.6069677400e+41,3.1316161651e+43,-1.0539478533e+05,-4.6387500822e+04,1.0274245500e+04
2247,2.4267600000e+07,1.8805709323e+35,-3.8581371996e+35,-1.9775662673e+35,8.2277961557e+41,2.6069677087e+41,3.1316162627e+43,-1.0539464170e+05,-4.6387593811e+04,1.0274073852e+04
2248,2.4278400000e+07,1.8805639777e+35,-3.8581290875e+35,-1.9775651097e+35,8.2277964567e+41,2.6069676772e+41,3.1316163603e+43,-1.0539449807e+05,-4.6387686799e+04,1.0273902204e+04
2249,2.4289200000e+07,1.8805570581e+35,-3.8581210086e+35,-1.9775639505e+35,8.2277967579e+41,2.6069676456e+41,3.1316164579e+43,-1.0539435444e+05,-4.6387779787e+04,1.0273730556e+04
2250,2.4300000000e+07,1.8805501732e+35,-3.8581129629e+35,-1.9775627897e+35,8.2277970593e+41,2.6069676138e+41,3.1316165555e+43,-1.0539421081e+05,-4.6387872775e+04,1.0273558908e+04
2251,2.4310800000e+07,1.8805433228e+35,-3.8581049500e+35,-1.9775616272e+35,8.2277973608e+41,2.6069675819e+41,3.1316166532e+43,-1.0539406719e+05,-4.6387965764e+04,1.0273387260e+04
2252,2.4321600000e+07,1.8805365065e+35,-3.8580969696e+35,-1.9775604631e+35,8.2277976625e+41,2.6069675498e+41,3.1316167509e+43,-1.0539392356e+05,-4.6388058752e+04,1.0273215612e+04
2253,2.4332400000e+07,1.8805297241e+35,-3.8580890214e+35,-1.9775592973e+35,8.2277979644e+41,2.6069675175e+41,3.1316168486e+43,-1.0539377993e+05,-4.6388151740e+04,1.0273043964e+04
2254,2.4343200000e+07,1.8805229753e+35,-3.8580811051e+35,-1.9775581298e+35,8.2277982664e+41,2.6069674851e+41,3.1316169463e+43,-1.0539363630e+05,-4.6388244729e+04,1.0272872316e+04
2255,2.4354000000e+07,1.8805162598e+35,-3.8580732204e+35,-1.9775569606e+35,8.2277985687e+41,2.6069674526e+41,3.1316170440e+43,-1.0539349267e+05,-4.6388337717e+04,1.0272700668e+04
2256,2.4364800000e+07,1.8805095772e+35,-3.8580653670e+35,-1.9775557897e+35,8.2277988711e+41,2.6069674199e+41,3.1316171418e+43,-1.0539334905e+05,-4.6388430705e+04,1.0272529020e+04
2257,2.4375600000e+07,1.8805029274e+35,-3.8580575445e+35,-1.9775546171e+35,8.2277991737e+41,2.6069673870e+41,3.1316172396e+43,-1.0539320542e+05,-4.6388523694e+04,1.0272357372e+04
2258,2.4386400000e+07,1.8804963099e+35,-3.8580497526e+35,-1.9775534428e+35,8.2277994764e+41,2.6069673540e+41,3.1316173373e+43,-1.0539306179e+05,-4.6388616682e+04,1.0272185725e+04
2259,2.4397200000e+07,1.8804897244e+35,-3.8580419910e+35,-1.9775522666e+35,8.2277997794e+41,2.6069673208e+41,3.1316174351e+43,-1.0539291816e+05,-4.6388709670e+04,1.0272014077e+04
2260,2.4408000000e+07,1.8804831706e+35,-3.8580342593e+35,-1.9775510887e+35,8.2278000825e+41,2.6069672874e+41,3.1316175330e+43,-1.0539277453e+05,-4.6388802658e+04,1.0271842429e+04
2261,2.4418800000e+07,1.8804766481e+35,-3.8580265571e+35,-1.9775499090e+35,8.2278003858e+41,2.6069672539e+41,3.1316176308e+43,-1.0539263091e+05,-4.6388895647e+04,1.0271670781e+04
2262,2.4429600000e+07,1.8804701566e+35,-3.8580188842e+35,-1.9775487275e+35,8.2278006893e+41,2.6069672202e+41,3.1316177287e+43,-1.0539248728e+05,-4.6388988635e+04,1.0271499133e+04
2263,2.4440400000e+07,1.8804636958e+35,-3.8580112400e+35,-1.9775475442e+35,8.2278009930e+41,2.6069671864e+41,3.1316178266e+43,-1.0539234365e+05,-4.6389081623e+04,1.0271327485e+04
2264,2.4451200000e+07,1.8804572652e+35,-3.8580036242e+35,-1.9775463590e+35,8.2278012968e+41,2.6069671524e+41,3.1316179244e+43,-1.0539220002e+05,-4.6389174611e+04,1.0271155837e+04
2265,2.4462000000e+07,1.8804508644e+35,-3.8579960364e+35,-1.9775451720e+35,8.2278016009e+41,2.6069671182e+41,3.1316180224e+43,-1.0539205639e+05,-4.6389267600e+04,1.0270984189e+04
2266,2.4472800000e+07,1.8804444931e+35,-3.8579884762e+35,-1.9775439831e+35,8.2278019051e+41,2.6069670838e+41,3.1316181203e+43,-1.0539191277e+05,-4.6389360588e+04,1.0270812541e+04
2267,2.4483600000e+07,1.8804381509e+35,-3.8579809433e+35,-1.9775427923e+35,8.2278022095e+41,2.6069670493e+41,3.1316182183e+43,-1.0539176914e+05,-4.6389453576e+04,1.0270640893e+04
2268,2.4494400000e+07,1.8804318374e+35,-3.8579734371e+35,-1.9775415996e+35,8.2278025141e+41,2.6069670146e+41,3.1316183162e+43,-1.0539162551e+05,-4.6389546565e+04,1.0270469245e+04
2269,2.4505200000e+07,1.8804255521e+35,-3.8579659572e+35,-1.9775404051e+35,8.2278028189e+41,2.6069669798e+41,3.1316184142e+43,-1.0539148188e+05,-4.6389639553e+04,1.0270297597e+04
2270,2.4516000000e+07,1.8804192947e+35,-3.8579585032e+35,-1.9775392085e+35,8.2278031239e+41,2.6069669448e+41,3.1316185122e+43,-1.0539133825e+05,-4.6389732541e+04,1.0270125949e+04
2271,2.4526800000e+07,1.8804130647e+35,-3.8579510747e+35,-1.9775380100e+35,8.2278034291e+41,2.6069669096e+41,3.1316186103e+43,-1.0539119463e+05,-4.6389825530e+04,1.0269954301e+04
2272,2.4537600000e+07,1.8804068616e+35,-3.8579436712e+35,-1.9775368096e+35,8.2278037345e+41,2.6069668742e+41,3.1316187083e+43,-1.0539105100e+05,-4.6389918518e+04,1.0269782653e+04
2273,2.4548400000e+07,1.8804006850e+35,-3.8579362921e+35,-1.9775356072e+35,8.2278040400e+41,2.6069668387e+41,3.1316188064e+43,-1.0539090737e+05,-4.6390011506e+04,1.0269611005e+04
2274,2.4559200000e+07,1.8803945344e+35,-3.8579289371e+35,-1.9775344027e+35,8.2278043458e+41,2.6069668030e+41,3.1316189045e+43,-1.0539076374e+05,-4.6390104494e+04,1.0269439357e+04
2275,2.4570000000e+07,1.8803884094e+35,-3.8579216057e+35,-1.9775331963e+35,8.2278046518e+41,2.6069667671e+41,3.1316190026e+43,-1.0539062011e+05,-4.6390197483e+04,1.0269267710e+04
2276,2.4580800000e+07,1.8803823094e+35,-3.8579142972e+35,-1.9775319878e+35,8.2278049579e+41,2.6069667310e+41,3.1316191007e+43,-1.0539047649e+05,-4.6390290471e+04,1.0269096062e+04
2277,2.4591600000e+07,1.8803762340e+35,-3.8579070114e+35,-1.9775307773e+35,8.2278052643e+41,2.6069666948e+41,3.1316191989e+43,-1.0539033286e+05,-4.6390383459e+04,1.0268924414e+04
2278,2.4602400000e+07,1.8803701827e+35,-3.8578997475e+35,-1.9775295647e+35,8.2278055708e+41,2.6069666584e+41,3.1316192971e+43,-1.0539018923e+05,-4.6390476448e+04,1.0268752766e+04
2279,2.4613200000e+07,1.8803641550e+35,-3.8578925051e+35,-1.9775283501e+35,8.2278058776e+41,2.6069666218e+41,3.1316193953e+43,-1.0539004560e+05,-4.6390569436e+04,1.0268581118e+04
2280,2.4624000000e+07,1.8803581503e+35,-3.8578852836e+35,-1.9775271333e+35,8.2278061845e+41,2.6069665850e+41,3.1316194935e+43,-1.0538990197e+05,-4.6390662424e+04,1.0268409470e+04
2281,2.4634800000e+07,1.8803521681e+35,-3.8578780825e+35,-1.9775259145e+35,8.2278064917e+41,2.6069665481e+41,3.1316195917e+43,-1.0538975834e+05,-4.6390755413e+04,1.0268237822e+04
2282,2.4645600000e+07,1.8803462078e+35,-3.8578709013e+35,-1.9775246935e+35,8.2278067990e+41,2.6069665109e+41,3.1316196900e+43,-1.0538961472e+05,-4.6390848401e+04,1.0268066174e+04
2283,2.4656400000e+07,1.8803402690e+35,-3.8578637393e+35,-1.9775234703e+35,8.2278071066e+41,2.6069664736e+41,3.1316197883e+43,-1.0538947109e+05,-4.6390941389e+04,1.0267894526e+04
2284,2.4667200000e+07,1.8803343509e+35,-3.8578565960e+35,-1.9775222450e+35,8.2278074143e+41,2.6069664361e+41,3.1316198866e+43,-1.0538932746e+05,-4.6391034377e+04,1.0267722878e+04
2285,2.4678000000e+07,1.8803284532e+35,-3.8578494707e+35,-1.9775210175e+35,8.2278077223e+41,2.6069663984e+41,3.1316199849e+43,-1.0538918383e+05,-4.6391127366e+04,1.0267551230e+04
2286,2.4688800000e+07,1.8803225750e+35,-3.8578423629e+35,-1.9775197879e+35,8.2278080305e+41,2.6069663606e+41,3.1316200832e+43,-1.0538904020e+05,-4.6391220354e+04,1.0267379582e+04
2287,2.4699600000e+07,1.8803167160e+35,-3.8578352719e+35,-1.9775185560e+35,8.2278083388e+41,2.6069663225e+41,3.1316201816e+43,-1.0538889658e+05,-4.6391313342e+04,1.0267207934e+04
2288,2.4710400000e+07,1.8803108753e+35,-3.8578281972e+35,-1.9775173219e+35,8.2278086474e+41,2.6069662843e+41,3.1316202800e+43,-1.0538875295e+05,-4.6391406331e+04,1.0267036286e+04
2289,2.4721200000e+07,1.8803050525e+35,-3.8578211380e+35,-1.9775160855e+35,8.2278089562e+41,2.6069662459e+41,3.1316203784e+43,-1.0538860932e+05,-4.6391499319e+04,1.0266864638e+04
2290,2.4732000000e+07,1.8802992469e+35,-3.8578140938e+35,-1.9775148469e+35,8.2278092652e+41,2.6069662073e+41,3.1316204768e+43,-1.0538846569e+05,-4.6391592307e+04,1.0266692990e+04
2291,2.4742800000e+07,1.8802934578e+35,-3.8578070638e+35,-1.9775136060e+35,8.2278095744e+41,2.6069661685e+41,3.1316205753e+43,-1.0538832206e+05,-4.6391685295e+04,1.0266521342e+04
2292,2.4753600000e+07,1.8802876846e+35,-3.8578000475e+35,-1.9775123628e+35,8.2278098838e+41,2.6069661295e+41,3.1316206737e+43,-1.0538817844e+05,-4.6391778284e+04,1.0266349694e+04
2293,2.4764400000e+07,1.8802819267e+35,-3.8577930440e+35,-1.9775111173e+35,8.2278101935e+41,2.6069660904e+41,3.1316207722e+43,-1.0538803481e+05,-4.6391871272e+04,1.0266178047e+04
2294,2.4775200000e+07,1.8802761832e+35,-3.8577860527e+35,-1.9775098695e+35,8.2278105033e+41,2.6069660510e+41,3.1316208707e+43,-1.0538789118e+05,-4.6391964260e+04,1.0266006399e+04
2295,2.4786000000e+07,1.8802704536e+35,-3.8577790730e+35,-1.9775086194e+35,8.2278108134e+41,2.6069660115e+41,3.1316209693e+43,-1.0538774755e+05,-4.6392057248e+04,1.0265834751e+04
2296,2.4796800000e+07,1.8802647371e+35,-3.8577721040e+35,-1.9775073669e+35,8.2278111236e+41,2.6069659717e+41,3.1316210678e+43,-1.0538760392e+05,-4.6392150237e+04,1.0265663103e+04
2297,2.4807600000e+07,1.8802590330e+35,-3.8577651450e+35,-1.9775061120e+35,8.2278114341e+41,2.6069659318e+41,3.1316211664e+43,-1.0538746030e+05,-4.6392243225e+04,1.0265491455e+04
2298,2.4818400000e+07,1.8802533406e+35,-3.8577581954e+35,-1.9775048548e+35,8.2278117448e+41,2.6069658917e+41,3.1316212650e+43,-1.0538731667e+05,-4.6392336213e+04,1.0265319807e+04
2299,2.4829200000e+07,1.8802476592e+35,-3.8577512543e+35,-1.9775035951e+35,8.2278120557e+41,2.6069658513e+41,3.1316213636e+43,-1.0538717304e+05,-4.6392429202e+04,1.0265148159e+04
2300,2.4840000000e+07,1.8802419879e+35,-3.8577443209e+35,-1.9775023330e+35,8.2278123669e+41,2.6069658108e+41,3.1316214623e+43,-1.0538702941e+05,-4.6392522190e+04,1.0264976511e+04
2301,2.4850800000e+07,1.8802363261e+35,-3.8577373946e+35,-1.9775010685e+35,8.2278126782e+41,2.6069657701e+41,3.1316215610e+43,-1.0538688578e+05,-4.6392615178e+04,1.0264804863e+04
2302,2.4861600000e+07,1.8802306729e+35,-3.8577304744e+35,-1.9774998015e+35,8.2278129898e+41,2.6069657292e+41,3.1316216597e+43,-1.0538674216e+05,-4.6392708166e+04,1.0264633215e+04
2303,2.4872400000e+07,1.8802250275e+35,-3.8577235596e+35,-1.9774985321e+35,8.2278133016e+41,2.6069656881e+41,3.1316217584e+43,-1.0538659853e+05,-4.6392801155e+04,1.0264461567e+04
2304,2.4883200000e+07,1.8802193892e+35,-3.8577166494e+35,-1.9774972602e+35,8.2278136136e+41,2.6069656468e+41,3.1316218571e+43,-1.0538645490e+05,-4.6392894143e+04,1.0264289919e+04
2305,2.4894000000e+07,1.8802137572e+35,-3.8577097429e+35,-1.9774959858e+35,8.2278139258e+41,2.6069656054e+41,3.1316219559e+43,-1.0538631127e+05,-4.6392987131e+04,1.0264118271e+04
2306,2.4904800000e+07,1.8802081305e+35,-3.8577028394e+35,-1.9774947089e+35,8.2278142383e+41,2.6069655637e+41,3.1316220547e+43,-1.0538616764e+05,-4.6393080120e+04,1.0263946623e+04
2307,2.4915600000e+07,1.8802025084e+35,-3.8576959378e+35,-1.9774934294e+35,8.2278145509e+41,2.6069655218e+41,3.1316221535e+43,-1.0538602402e+05,-4.6393173108e+04,1.0263774975e+04
2308,2.4926400000e+07,1.8801968900e+35,-3.8576890375e+35,-1.9774921475e+35,8.2278148638e+41,2.6069654797e+41,3.1316222523e+43,-1.0538588039e+05,-4.6393266096e+04,1.0263603327e+04
2309,2.4937200000e+07,1.8801912745e+35,-3.8576821374e+35,-1.9774908629e+35,8.2278151769e+41,2.6069654374e+41,3.1316223512e+43,-1.0538573676e+05,-4.6393359084e+04,1.0263431679e+04
2310,2.4948000000e+07,1.8801856609e+35,-3.8576752367e+35,-1.9774895758e+35,8.2278154903e+41,2.6069653950e+41,3.1316224500e+43,-1.0538559313e+05,-4.6393452073e+04,1.0263260032e+04
2311,2.4958800000e+07,1.8801800484e+35,-3.8576683345e+35,-1.9774882862e+35,8.2278158038e+41,2.6069653523e+41,3.1316225489e+43,-1.0538544950e+05,-4.6393545061e+04,1.0263088384e+04
2312,2.4969600000e+07,1.8801744360e+35,-3.8576614299e+35,-1.9774869939e+35,8.2278161176e+41,2.6069653094e+41,3.1316226479e+43,-1.0538530588e+05,-4.6393638049e+04,1.0262916736e+04
2313,2.4980400000e+07,1.8801688229e+35,-3.8576545220e+35,-1.9774856990e+35,8.2278164316e+41,2.6069652663e+41,3.1316227468e+43,-1.0538516225e+05,-4.6393731038e+04,1.0262745088e+04
2314,2.4991200000e+07,1.8801632082e+35,-3.8576476097e+35,-1.9774844015e+35,8.2278167458e+41,2.6069652230e+41,3.1316228458e+43,-1.0538501862e+05,-4.6393824026e+04,1.0262573440e+04
2315,2.5002000000e+07,1.8801575908e+35,-3.8576406922e+35,-1.9774831014e+35,8.2278170603e+41,2.6069651796e+41,3.1316229448e+43,-1.0538487499e+05,-4.6393917014e+04,1.0262401792e+04
2316,2.5012800000e+07,1.8801519698e+35,-3.8576337684e+35,-1.9774817986e+35,8.2278173750e+41,2.6069651359e+41,3.1316230438e+43,-1.0538473136e+05,-4.6394010002e+04,1.0262230144e+04
2317,2.5023600000e+07,1.8801463443e+35,-3.8576268375e+35,-1.9774804931e+35,8.2278176899e+41,2.6069650920e+41,3.1316231428e+43,-1.0538458774e+05,-4.6394102991e+04,1.0262058496e+04
2318,2.5034400000e+07,1.8801407133e+35,-3.8576198983e+35,-1.9774791850e+35,8.2278180050e+41,2.6069650479e+41,3.1316232419e+43,-1.0538444411e+05,-4.6394195979e+04,1.0261886848e+04
2319,2.5045200000e+07,1.8801350758e+35,-3.8576129500e+35,-1.9774778742e+35,8.2278183204e+41,2.6069650036e+41,3.1316233410e+43,-1.0538430048e+05,-4.6394288967e+04,1.0261715200e+04
2320,2.5056000000e+07,1.8801294307e+35,-3.8576059914e+35,-1.9774765607e+35,8.2278186360e+41,2.6069649591e+41,3.1316234401e+43,-1.0538415685e+05,-4.6394381956e+04,1.0261543552e+04
2321,2.5066800000e+07,1.8801237771e+35,-3.8575990216e+35,-1.9774752445e+35,8.2278189518e+41,2.6069649144e+41,3.1316235392e+43,-1.0538401322e+05,-4.6394474944e+04,1.0261371904e+04
2322,2.5077600000e+07,1.8801181140e+35,-3.8575920395e+35,-1.9774739256e+35,8.2278192678e+41,2.6069648695e+41,3.1316236384e+43,-1.0538386960e+05,-4.6394567932e+04,1.0261200256e+04
2323,2.5088400000e+07,1.8801124402e+35,-3.8575850441e+35,-1.9774726039e+35,8.2278195841e+41,2.6069648244e+41,3.1316237376e+43,-1.0538372597e+05,-4.6394660920e+04,1.0261028608e+04
2324,2.5099200000e+07,1.8801067547e+35,-3.8575780342e+35,-1.9774712795e+35,8.2278199006e+41,2.6069647791e+41,3.1316238368e+43,-1.0538358234e+05,-4.6394753909e+04,1.0260856960e+04
2325,2.5110000000e+07,1.8801010566e+35,-3.8575710089e+35,-1.9774699523e+35,8.2278202173e+41,2.6069647336e+41,3.1316239360e+43,-1.0538343871e+05,-4.6394846897e+04,1.0260685312e+04
2326,2.5120800000e+07,1.8800953446e+35,-3.8575639670e+35,-1.9774686224e+35,8.2278205343e+41,2.6069646879e+41,3.1316240353e+43,-1.0538329508e+05,-4.6394939885e+04,1.0260513664e+04
2327,2.5131600000e+07,1.8800896177e+35,-3.8575569074e+35,-1.9774672897e+35,8.2278208515e+41,2.6069646420e+41,3.1316241345e+43,-1.0538315146e+05,-4.6395032873e+04,1.0260342016e+04
2328,2.5142400000e+07,1.8800838748e+35,-3.8575498290e+35,-1.9774659542e+35,8.2278211689e+41,2.6069645959e+41,3.1316242338e+43,-1.0538300783e+05,-4.6395125862e+04,1.0260170369e+04
2329,2.5153200000e+07,1.8800781148e+35,-3.8575427308e+35,-1.9774646160e+35,8.2278214865e+41,2.6069645495e+41,3.1316243332e+43,-1.0538286420e+05,-4.6395218850e+04,1.0259998721e+04
2330,2.5164000000e+07,1.8800723365e+35,-3.8575356114e+35,-1.9774632749e+35,8.2278218044e+41,2.6069645030e+41,3.1316244325e+43,-1.0538272057e+05,-4.6395311838e+04,1.0259827073e+04
2331,2.5174800000e+07,1.8800665389e+35,-3.8575284699e+35,-1.9774619310e+35,8.2278221225e+41,2.6069644563e+41,3.1316245319e+43,-1.0538257694e+05,-4.6395404826e+04,1.0259655425e+04
2332,2.5185600000e+07,1.8800607207e+35,-3.8575213050e+35,-1.9774605843e+35,8.2278224408e+41,2.6069644093e+41,3.1316246313e+43,-1.0538243332e+05,-4.6395497815e+04,1.0259483777e+04
2333,2.5196400000e+07,1.8800548808e+35,-3.8575141156e+35,-1.9774592348e+35,8.2278227593e+41,2.6069643622e+41,3.1316247307e+43,-1.0538228969e+05,-4.6395590803e+04,1.0259312129e+04
2334,2.5207200000e+07,1.8800490181e+35,-3.8575069005e+35,-1.9774578824e+35,8.2278230781e+41,2.6069643148e+41,3.1316248301e+43,-1.0538214606e+05,-4.6395683791e+04,1.0259140481e+04
2335,2.5218000000e+07,1.8800431313e+35,-3.8574996585e+35,-1.9774565272e+35,8.2278233971e+41,2.6069642673e+41,3.1316249296e+43,-1.0538200243e+05,-4.6395776780e+04,1.0258968833e+04
2336,2.5228800000e+07,1.8800372192e+35,-3.8574923885e+35,-1.9774551692e+35,8.2278237164e+41,2.6069642195e+41,3.1316250291e+43,-1.0538185880e+05,-4.6395869768e+04,1.0258797185e+04
2337,2.5239600000e+07,1.8800312808e+35,-3.8574850891e+35,-1.9774538083e+35,8.2278240358e+41,2.6069641715e+41,3.1316251286e+43,-1.0538171518e+05,-4.6395962756e+04,1.0258625537e+04
2338,2.5250400000e+07,1.8800253146e+35,-3.8574777592e+35,-1.9774524446e+35,8.2278243555e+41,2.6069641234e+41,3.1316252282e+43,-1.0538157155e+05,-4.6396055744e+04,1.0258453889e+04
2339,2.5261200000e+07,1.8800193195e+35,-3.8574703975e+35,-1.9774510780e+35,8.2278246755e+41,2.6069640750e+41,3.1316253277e+43,-1.0538142792e+05,-4.6396148733e+04,1.0258282241e+04
2340,2.5272000000e+07,1.8800132944e+35,-3.8574630029e+35,-1.9774497086e+35,8.2278249956e+41,2.6069640264e+41,3.1316254273e+43,-1.0538128429e+05,-4.6396241721e+04,1.0258110593e+04
2341,2.5282800000e+07,1.8800072378e+35,-3.8574555740e+35,-1.9774483362e+35,8.2278253160e+41,2.6069639777e+41,3.1316255269e+43,-1.0538114066e+05,-4.6396334709e+04,1.0257938945e+04
2342,2.5293600000e+07,1.8800011486e+35,-3.8574481097e+35,-1.9774469610e+35,8.2278256366e+41,2.6069639287e+41,3.1316256265e+43,-1.0538099704e+05,-4.6396427697e+04,1.0257767297e+04
2343,2.5304400000e+07,1.8799950256e+35,-3.8574406085e+35,-1.9774455830e+35,8.2278259574e+41,2.6069638795e+41,3.1316257262e+43,-1.0538085341e+05,-4.6396520686e+04,1.0257595649e+04
2344,2.5315200000e+07,1.8799888673e+35,-3.8574330693e+35,-1.9774442020e+35,8.2278262784e+41,2.6069638301e+41,3.1316258259e+43,-1.0538070978e+05,-4.6396613674e+04,1.0257424001e+04
2345,2.5326000000e+07,1.8799826726e+35,-3.8574254908e+35,-1.9774428182e+35,8.2278265997e+41,2.6069637805e+41,3.1316259256e+43,-1.0538056615e+05,-4.6396706662e+04,1.0257252354e+04
2346,2.5336800000e+07,1.8799764402e+35,-3.8574178717e+35,-1.9774414315e+35,8.2278269212e+41,2.6069637308e+41,3.1316260253e+43,-1.0538042252e+05,-4.6396799651e+04,1.0257080706e+04
2347,2.5347600000e+07,1.8799701688e+35,-3.8574102107e+35,-1.9774400419e+35,8.2278272429e+41,2.6069636808e+41,3.1316261251e+43,-1.0538027890e+05,-4.6396892639e+04,1.0256909058e+04
2348,2.5358400000e+07,1.8799638570e+35,-3.8574025064e+35,-1.9774386495e+35,8.2278275649e+41,2.6069636306e+41,3.1316262248e+43,-1.0538013527e+05,-4.6396985627e+04,1.0256737410e+04
2349,2.5369200000e+07,1.8799575035e+35,-3.8573947576e+35,-1.9774372542e+35,8.2278278871e+41,2.6069635802e+41,3.1316263246e+43,-1.0537999164e+05,-4.6397078615e+04,1.0256565762e+04
2350,2.5380000000e+07,1.8799511070e+35,-3.8573869630e+35,-1.9774358560e+35,8.2278282095e+41,2.6069635296e+41,3.1316264245e+43,-1.0537984801e+05,-4.6397171604e+04,1.0256394114e+04
2351,2.5390800000e+07,1.8799446663e+35,-3.8573791212e+35,-1.9774344549e+35,8.2278285321e+41,2.6069634788e+41,3.1316265243e+43,-1.0537970438e+05,-4.6397264592e+04,1.0256222466e+04
2352,2.5401600000e+07,1.8799381799e+35,-3.8573712308e+35,-1.9774330509e+35,8.2278288549e+41,2.6069634279e+41,3.1316266242e+43,-1.0537956076e+05,-4.6397357580e+04,1.0256050818e+04
2353,2.5412400000e+07,1.8799316465e+35,-3.8573632906e+35,-1.9774316441e+35,8.2278291779e+41,2.6069633767e+41,3.1316267241e+43,-1.0537941713e+05,-4.6397450569e+04,1.0255879170e+04
2354,2.5423200000e+07,1.8799250648e+35,-3.8573552992e+35,-1.9774302344e+35,8.2278295012e+41,2.6069633253e+41,3.1316268240e+43,-1.0537927350e+05,-4.6397543557e+04,1.0255707522e+04
2355,2.5434000000e+07,1.8799184334e+35,-3.8573472553e+35,-1.9774288219e+35,8.2278298247e+41,2.6069632738e+41,3.1316269239e+43,-1.0537912987e+05,-4.6397636545e+04,1.0255535874e+04
2356,2.5444800000e+07,1.8799117509e+35,-3.8573391574e+35,-1.9774274065e+35,8.2278301484e+41,2.6069632220e+41,3.1316270239e+43,-1.0537898624e+05,-4.6397729533e+04,1.0255364226e+04
2357,2.5455600000e+07,1.8799050160e+35,-3.8573310043e+35,-1.9774259883e+35,8.2278304723e+41,2.6069631700e+41,3.1316271238e+43,-1.0537884262e+05,-4.6397822522e+04,1.0255192578e+04
2358,2.5466400000e+07,1.8798982273e+35,-3.8573227946e+35,-1.9774245672e+35,8.2278307965e+41,2.6069631179e+41,3.1316272238e+43,-1.0537869899e+05,-4.6397915510e+04,1.0255020930e+04
2359,2.5477200000e+07,1.8798913835e+35,-3.8573145268e+35,-1.9774231433e+35,8.2278311208e+41,2.6069630656e+41,3.1316273239e+43,-1.0537855536e+05,-4.6398008498e+04,1.0254849282e+04
2360,2.5488000000e+07,1.8798844832e+35,-3.8573061997e+35,-1.9774217166e+35,8.2278314454e+41,2.6069630130e+41,3.1316274239e+43,-1.0537841173e+05,-4.6398101487e+04,1.0254677634e+04
2361,2.5498800000e+07,1.8798775249e+35,-3.8572978119e+35,-1.9774202870e+35,8.2278317701e+41,2.6069629603e+41,3.1316275240e+43,-1.0537826810e+05,-4.6398194475e+04,1.0254505986e+04
2362,2.5509600000e+07,1.8798705073e+35,-3.8572893620e+35,-1.9774188547e+35,8.2278320951e+41,2.6069629074e+41,3.1316276241e+43,-1.0537812448e+05,-4.6398287463e+04,1.0254334338e+04
2363,2.5520400000e+07,1.8798634291e+35,-3.8572808486e+35,-1.9774174195e+35,8.2278324203e+41,2.6069628543e+41,3.1316277242e+43,-1.0537798085e+05,-4.6398380451e+04,1.0254162691e+04
2364,2.5531200000e+07,1.8798562888e+35,-3.8572722704e+35,-1.9774159816e+35,8.2278327457e+41,2.6069628011e+41,3.1316278243e+43,-1.0537783722e+05,-4.6398473440e+04,1.0253991043e+04
2365,2.5542000000e+07,1.8798490850e+35,-3.8572636260e+35,-1.9774145409e+35,8.2278330713e+41,2.6069627476e+41,3.1316279245e+43,-1.0537769359e+05,-4.6398566428e+04,1.0253819395e+04
2366,2.5552800000e+07,1.8798418164e+35,-3.8572549139e+35,-1.9774130975e+35,8.2278333971e+41,2.6069626940e+41,3.1316280247e+43,-1.0537754996e+05,-4.6398659416e+04,1.0253647747e+04
2367,2.5563600000e+07,1.8798344816e+35,-3.8572461329e+35,-1.9774116513e+35,8.2278337231e+41,2.6069626401e+41,3.1316281248e+43,-1.0537740634e+05,-4.6398752404e+04,1.0253476099e+04
2368,2.5574400000e+07,1.8798270792e+35,-3.8572372815e+35,-1.9774102023e+35,8.2278340493e+41,2.6069625861e+41,3.1316282251e+43,-1.0537726271e+05,-4.6398845393e+04,1.0253304451e+04
2369,2.5585200000e+07,1.8798196077e+35,-3.8572283584e+35,-1.9774087507e+35,8.2278343757e+41,2.6069625319e+41,3.1316283253e+43,-1.0537711908e+05,-4.6398938381e+04,1.0253132803e+04
2370,2.5596000000e+07,1.8798120658e+35,-3.8572193622e+35,-1.9774072964e+35,8.2278347023e+41,2.6069624776e+41,3.1316284256e+43,-1.0537697545e+05,-4.6399031369e+04,1.0252961155e+04
2371,2.5606800000e+07,1.8798044522e+35,-3.8572102915e+35,-1.9774058393e+35,8.2278350291e+41,2.6069624230e+41,3.1316285258e+43,-1.0537683182e+05,-4.6399124358e+04,1.0252789507e+04
2372,2.5617600000e+07,1.8797967654e+35,-3.8572011451e+35,-1.9774043797e+35,8.2278353561e+41,2.6069623683e+41,3.1316286261e+43,-1.0537668820e+05,-4.6399217346e+04,1.0252617859e+04
2373,2.5628400000e+07,1.8797890040e+35,-3.8571919214e+35,-1.9774029173e+35,8.2278356833e+41,2.6069623134e+41,3.1316287265e+43,-1.0537654457e+05,-4.6399310334e+04,1.0252446211e+04
2374,2.5639200000e+07,1.8797811668e+35,-3.8571826191e+35,-1.9774014524e+35,8.2278360107e+41,2.6069622584e+41,3.1316288268e+43,-1.0537640094e+05,-4.6399403322e+04,1.0252274563e+04
2375,2.5650000000e+07,1.8797732522e+35,-3.8571732370e+35,-1.9773999848e+35,8.2278363383e+41,2.6069622031e+41,3.1316289272e+43,-1.0537625731e+05,-4.6399496311e+04,1.0252102915e+04
2376,2.5660800000e+07,1.8797652589e+35,-3.8571637736e+35,-1.9773985147e+35,8.2278366660e+41,2.6069621478e+41,3.1316290275e+43,-1.0537611368e+05,-4.6399589299e+04,1.0251931267e+04
2377,2.5671600000e+07,1.8797571857e+35,-3.8571542276e+35,-1.9773970420e+35,8.2278369940e+41,2.6069620922e+41,3.1316291279e+43,-1.0537597006e+05,-4.6399682287e+04,1.0251759619e+04
2378,2.5682400000e+07,1.8797490310e+35,-3.8571445977e+35,-1.9773955667e+35,8.2278373221e+41,2.6069620365e+41,3.1316292284e+43,-1.0537582643e+05,-4.6399775276e+04,1.0251587971e+04
2379,2.5693200000e+07,1.8797407936e+35,-3.8571348825e+35,-1.9773940890e+35,8.2278376504e+41,2.6069619806e+41,3.1316293288e+43,-1.0537568280e+05,-4.6399868264e+04,1.0251416323e+04
2380,2.5704000000e+07,1.8797324721e+35,-3.8571250808e+35,-1.9773926087e+35,8.2278379789e+41,2.6069619245e+41,3.1316294292e+43,-1.0537553917e+05,-4.6399961252e+04,1.0251244676e+04
2381,2.5714800000e+07,1.8797240651e+35,-3.8571151911e+35,-1.9773911260e+35,8.2278383075e+41,2.6069618683e+41,3.1316295297e+43,-1.0537539554e+05,-4.6400054240e+04,1.0251073028e+04
2382,2.5725600000e+07,1.8797155714e+35,-3.8571052123e+35,-1.9773896409e+35,8.2278386364e+41,2.6069618119e+41,3.1316296302e+43,-1.0537525192e+05,-4.6400147229e+04,1.0250901380e+04
2383,2.5736400000e+07,1.8797069896e+35,-3.8570951429e+35,-1.9773881533e+35,8.2278389654e+41,2.6069617554e+41,3.1316297307e+43,-1.0537510829e+05,-4.6400240217e+04,1.0250729732e+04
2384,2.5747200000e+07,1.8796983184e+35,-3.8570849818e+35,-1.9773866633e+35,8.2278392946e+41,2.6069616987e+41,3.1316298312e+43,-1.0537496466e+05,-4.6400333205e+04,1.0250558084e+04
2385,2.5758000000e+07,1.8796895565e+35,-3.8570747276e+35,-1.9773851711e+35,8.2278396239e+41,2.6069616419e+41,3.1316299318e+43,-1.0537482103e+05,-4.6400426194e+04,1.0250386436e+04
2386,2.5768800000e+07,1.8796807026e+35,-3.8570643791e+35,-1.9773836764e+35,8.2278399534e+41,2.6069615849e+41,3.1316300323e+43,-1.0537467740e+05,-4.6400519182e+04,1.0250214788e+04
2387,2.5779600000e+07,1.8796717555e+35,-3.8570539350e+35,-1.9773821795e+35,8.2278402831e+41,2.6069615278e+41,3.1316301329e+43,-1.0537453378e+05,-4.6400612170e+04,1.0250043140e+04
2388,2.5790400000e+07,1.8796627137e+35,-3.8570433941e+35,-1.9773806803e+35,8.2278406129e+41,2.6069614706e+41,3.1316302335e+43,-1.0537439015e+05,-4.6400705158e+04,1.0249871492e+04
2389,2.5801200000e+07,1.8796535762e+35,-3.8570327551e+35,-1.9773791789e+35,8.2278409429e+41,2.6069614131e+41,3.1316303341e+43,-1.0537424652e+05,-4.6400798147e+04,1.0249699844e+04
2390,2.5812000000e+07,1.8796443416e+35,-3.8570220169e+35,-1.9773776753e+35,8.2278412731e+41,2.6069613556e+41,3.1316304347e+43,-1.0537410289e+05,-4.6400891135e+04,1.0249528196e+04
2391,2.5822800000e+07,1.8796350087e+35,-3.8570111782e+35,-1.9773761696e+35,8.2278416034e+41,2.6069612979e+41,3.1316305354e+43,-1.0537395926e+05,-4.6400984123e+04,1.0249356548e+04
2392,2.5833600000e+07,1.8796255763e+35,-3.8570002379e+35,-1.9773746617e+35,8.2278419338e+41,2.6069612401e+41,3.1316306360e+43,-1.0537381564e+05,-4.6401077111e+04,1.0249184900e+04
2393,2.5844400000e+07,1.8796160431e+35,-3.8569891948e+35,-1.9773731517e+35,8.2278422644e+41,2.6069611821e+41,3.1316307367e+43,-1.0537367201e+05,-4.6401170100e+04,1.0249013252e+04
2394,2.5855200000e+07,1.8796064081e+35,-3.8569780478e+35,-1.9773716397e+35,8.2278425952e+41,2.6069611240e+41,3.1316308374e+43,-1.0537352838e+05,-4.6401263088e+04,1.0248841604e+04
2395,2.5866000000e+07,1.8795966700e+35,-3.8569667956e+35,-1.9773701256e+35,8.2278429261e+41,2.6069610658e+41,3.1316309381e+43,-1.0537338475e+05,-4.6401356076e+04,1.0248669956e+04
2396,2.5876800000e+07,1.8795868276e+35,-3.8569554372e+35,-1.9773686096e+35,8.2278432571e+41,2.6069610075e+41,3.1316310388e+43,-1.0537324112e+05,-4.6401449064e+04,1.0248498308e+04
2397,2.5887600000e+07,1.8795768799e+35,-3.8569439715e+35,-1.9773670916e+35,8.2278435883e+41,2.6069609490e+41,3.1316311395e+43,-1.0537309750e+05,-4.6401542053e+04,1.0248326660e+04
2398,2.5898400000e+07,1.8795668256e+35,-3.8569323974e+35,-1.9773655718e+35,8.2278439195e+41,2.6069608905e+41,3.1316312403e+43,-1.0537295387e+05,-4.6401635041e+04,1.0248155013e+04
2399,2.5909200000e+07,1.8795566638e+35,-3.8569207138e+35,-1.9773640501e+35,8.2278442510e+41,2.6069608318e+41,3.1316313410e+43,-1.0537281024e+05,-4.6401728029e+04,1.0247983365e+04
2400,2.5920000000e+07,1.8795463932e+35,-3.8569089198e+35,-1.9773625265e+35,8.2278445825e+41,2.6069607729e+41,3.1316314418e+43,-1.0537266661e+05,-4.6401821017e+04,1.0247811717e+04
2401,2.5930800000e+07,1.8795360129e+35,-3.8568970141e+35,-1.9773610012e+35,8.2278449142e+41,2.6069607140e+41,3.1316315426e+43,-1.0537252298e+05,-4.6401914006e+04,1.0247640069e+04
2402,2.5941600000e+07,1.8795255218e+35,-3.8568849960e+35,-1.9773594742e+35,8.2278452460e+41,2.6069606550e+41,3.1316316434e+43,-1.0537237936e+05,-4.6402006994e+04,1.0247468421e+04
2403,2.5952400000e+07,1.8795149189e+35,-3.8568728643e+35,-1.9773579455e+35,8.2278455779e+41,2.6069605959e+41,3.1316317442e+43,-1.0537223573e+05,-4.6402099982e+04,1.0247296773e+04
2404,2.5963200000e+07,1.8795042031e+35,-3.8568606182e+35,-1.9773564151e+35,8.2278459099e+41,2.6069605366e+41,3.1316318450e+43,-1.0537209210e+05,-4.6402192971e+04,1.0247125125e+04
2405,2.5974000000e+07,1.8794933735e+35,-3.8568482566e+35,-1.9773548831e+35,8.2278462421e+41,2.6069604773e+41,3.1316319458e+43,-1.0537194847e+05,-4.6402285959e+04,1.0246953477e+04
2406,2.5984800000e+07,1.8794824291e+35,-3.8568357787e+35,-1.9773533496e+35,8.2278465743e+41,2.6069604178e+41,3.1316320467e+43,-1.0537180484e+05,-4.6402378947e+04,1.0246781829e+04
2407,2.5995600000e+07,1.8794713690e+35,-3.8568231836e+35,-1.9773518146e+35,8.2278469066e+41,2.6069603583e+41,3.1316321475e+43,-1.0537166122e+05,-4.6402471936e+04,1.0246610181e+04
2408,2.6006400000e+07,1.8794601923e+35,-3.8568104704e+35,-1.9773502782e+35,8.2278472391e+41,2.6069602987e+41,3.1316322484e+43,-1.0537151759e+05,-4.6402564924e+04,1.0246438533e+04
2409,2.6017200000e+07,1.8794488980e+35,-3.8567976383e+35,-1.9773487403e+35,8.2278475716e+41,2.6069602390e+41,3.1316323492e+43,-1.0537137396e+05,-4.6402657912e+04,1.0246266885e+04
2410,2.6028000000e+07,1.8794374853e+35,-3.8567846864e+35,-1.9773472010e+35,8.2278479043e+41,2.6069601791e+41,3.1316324501e+43,-1.0537123033e+05,-4.6402750900e+04,1.0246095237e+04
2411,2.6038800000e+07,1.8794259535e+35,-3.8567716140e+35,-1.9773456605e+35,8.2278482370e+41,2.6069601193e+41,3.1316325510e+43,-1.0537108670e+05,-4.6402843889e+04,1.0245923589e+04
2412,2.6049600000e+07,1.8794143015e+35,-3.8567584202e+35,-1.9773441187e+35,8.2278485698e+41,2.6069600593e+41,3.1316326519e+43,-1.0537094308e+05,-4.6402936877e+04,1.0245751941e+04
2413,2.6060400000e+07,1.8794025288e+35,-3.8567451044e+35,-1.9773425757e+35,8.2278489027e+41,2.6069599993e+41,3.1316327528e+43,-1.0537079945e+05,-4.6403029865e+04,1.0245580293e+04
2414,2.6071200000e+07,1.8793906344e+35,-3.8567316659e+35,-1.9773410315e+35,8.2278492357e+41,2.6069599391e+41,3.1316328537e+43,-1.0537065582e+05,-4.6403122853e+04,1.0245408645e+04
2415,2.6082000000e+07,1.8793786177e+35,-3.8567181039e+35,-1.9773394863e+35,8.2278495688e+41,2.6069598790e+41,3.1316329546e+43,-1.0537051219e+05,-4.6403215842e+04,1.0245236997e+04
2416,2.6092800000e+07,1.8793664779e+35,-3.8567044178e+35,-1.9773379399e+35,8.2278499019e+41,2.6069598187e+41,3.1316330556e+43,-1.0537036856e+05,-4.6403308830e+04,1.0245065350e+04
2417,2.6103600000e+07,1.8793542144e+35,-3.8566906070e+35,-1.9773363926e+35,8.2278502351e+41,2.6069597584e+41,3.1316331565e+43,-1.0537022494e+05,-4.6403401818e+04,1.0244893702e+04
2418,2.6114400000e+07,1.8793418265e+35,-3.8566766708e+35,-1.9773348443e+35,8.2278505684e+41,2.6069596980e+41,3.1316332574e+43,-1.0537008131e+05,-4.6403494807e+04,1.0244722054e+04
2419,2.6125200000e+07,1.8793293136e+35,-3.8566626087e+35,-1.9773332952e+35,8.2278509017e+41,2.6069596376e+41,3.1316333584e+43,-1.0536993768e+05,-4.6403587795e+04,1.0244550406e+04
2420,2.6136000000e+07,1.8793166750e+35,-3.8566484202e+35,-1.9773317452e+35,8.2278512351e+41,2.6069595771e+41,3.1316334593e+43,-1.0536979405e+05,-4.6403680783e+04,1.0244378758e+04
2421,2.6146800000e+07,1.8793039103e+35,-3.8566341047e+35,-1.9773301944e+35,8.2278515685e+41,2.6069595166e+41,3.1316335603e+43,-1.0536965042e+05,-4.6403773772e+04,1.0244207110e+04
2422,2.6157600000e+07,1.8792910189e+35,-3.8566196618e+35,-1.9773286429e+35,8.2278519020e+41,2.6069594560e+41,3.1316336612e+43,-1.0536950680e+05,-4.6403866760e+04,1.0244035462e+04
2423,2.6168400000e+07,1.8792780002e+35,-3.8566050909e+35,-1.9773270907e+35,8.2278522355e+41,2.6069593954e+41,3.1316337622e+43,-1.0536936317e+05,-4.6403959748e+04,1.0243863814e+04
2424,2.6179200000e+07,1.8792648539e+35,-3.8565903918e+35,-1.9773255379e+35,8.2278525691e+41,2.6069593347e+41,3.1316338632e+43,-1.0536921954e+05,-4.6404052737e+04,1.0243692166e+04
2425,2.6190000000e+07,1.8792515794e+35,-3.8565755639e+35,-1.9773239845e+35,8.2278529027e+41,2.6069592740e+41,3.1316339641e+43,-1.0536907591e+05,-4.6404145725e+04,1.0243520518e+04
2426,2.6200800000e+07,1.8792381763e+35,-3.8565606069e+35,-1.9773224306e+35,8.2278532364e+41,2.6069592133e+41,3.1316340651e+43,-1.0536893228e+05,-4.6404238713e+04,1.0243348870e+04
2427,2.6211600000e+07,1.8792246442e+35,-3.8565455205e+35,-1.9773208763e+35,8.2278535701e+41,2.6069591525e+41,3.1316341661e+43,-1.0536878866e+05,-4.6404331702e+04,1.0243177222e+04
2428,2.6222400000e+07,1.8792109828e+35,-3.8565303044e+35,-1.9773193216e+35,8.2278539038e+41,2.6069590917e+41,3.1316342671e+43,-1.0536864503e+05,-4.6404424690e+04,1.0243005574e+04
2429,2.6233200000e+07,1.8791971918e+35,-3.8565149584e+35,-1.9773177666e+35,8.2278542375e+41,2.6069590309e+41,3.1316343680e+43,-1.0536850140e+05,-4.6404517678e+04,1.0242833926e+04
2430,2.6244000000e+07,1.8791832709e+35,-3.8564994821e+35,-1.9773162112e+35,8.2278545713e+41,2.6069589700e+41,3.1316344690e+43,-1.0536835777e+05,-4.6404610666e+04,1.0242662278e+04
2431,2.6254800000e+07,1.8791692197e+35,-3.8564838754e+35,-1.9773146557e+35,8.2278549051e+41,2.6069589092e+41,3.1316345700e+43,-1.0536821414e+05,-4.6404703655e+04,1.0242490630e+04
2432,2.6265600000e+07,1.8791550382e+35,-3.8564681382e+35,-1.9773131000e+35,8.2278552388e+41,2.6069588483e+41,3.1316346710e+43,-1.0536807052e+05,-4.6404796643e+04,1.0242318982e+04
2433,2.6276400000e+07,1.8791407260e+35,-3.8564522702e+35,-1.9773115442e+35,8.2278555726e+41,2.6069587874e+41,3.1316347720e+43,-1.0536792689e+05,-4.6404889631e+04,1.0242147335e+04
2434,2.6287200000e+07,1.8791262830e+35,-3.8564362713e+35,-1.9773099883e+35,8.2278559064e+41,2.6069587266e+41,3.1316348729e+43,-1.0536778326e+05,-4.6404982619e+04,1.0241975687e+04
2435,2.6298000000e+07,1.8791117091e+35,-3.8564201416e+35,-1.9773084325e+35,8.2278562402e+41,2.6069586657e+41,3.1316349739e+43,-1.0536763963e+05,-4.6405075608e+04,1.0241804039e+04
2436,2.6308800000e+07,1.8790970042e+35,-3.8564038809e+35,-1.9773068767e+35,8.2278565740e+41,2.6069586048e+41,3.1316350749e+43,-1.0536749600e+05,-4.6405168596e+04,1.0241632391e+04
2437,2.6319600000e+07,1.8790821682e+35,-3.8563874893e+35,-1.9773053211e+35,8.2278569078e+41,2.6069585439e+41,3.1316351759e+43,-1.0536735238e+05,-4.6405261584e+04,1.0241460743e+04
2438,2.6330400000e+07,1.8790672011e+35,-3.8563709667e+35,-1.9773037656e+35,8.2278572416e+41,2.6069584830e+41,3.1316352769e+43,-1.0536720875e+05,-4.6405354573e+04,1.0241289095e+04
2439,2.6341200000e+07,1.8790521028e+35,-3.8563543132e+35,-1.9773022104e+35,8.2278575754e+41,2.6069584222e+41,3.1316353778e+43,-1.0536706512e+05,-4.6405447561e+04,1.0241117447e+04
2440,2.6352000000e+07,1.8790368735e+35,-3.8563375290e+35,-1.9773006555e+35,8.2278579091e+41,2.6069583613e+41,3.1316354788e+43,-1.0536692149e+05,-4.6405540549e+04,1.0240945799e+04
2441,2.6362800000e+07,1.8790215131e+35,-3.8563206141e+35,-1.9772991010e+35,8.2278582428e+41,2.6069583005e+41,3.1316355798e+43,-1.0536677786e+05,-4.6405633538e+04,1.0240774151e+04
2442,2.6373600000e+07,1.8790060218e+35,-3.8563035686e+35,-1.9772975468e+35,8.2278585765e+41,2.6069582397e+41,3.1316356807e+43,-1.0536663424e+05,-4.6405726526e+04,1.0240602503e+04
2443,2.6384400000e+07,1.8789903997e+35,-3.8562863928e+35,-1.9772959932e+35,8.2278589102e+41,2.6069581789e+41,3.1316357817e+43,-1.0536649061e+05,-4.6405819514e+04,1.0240430855e+04
2444,2.6395200000e+07,1.8789746469e+35,-3.8562690869e+35,-1.9772944400e+35,8.2278592438e+41,2.6069581181e+41,3.1316358826e+43,-1.0536634698e+05,-4.6405912502e+04,1.0240259207e+04
2445,2.6406000000e+07,1.8789587636e+35,-3.8562516511e+35,-1.9772928875e+35,8.2278595774e+41,2.6069580574e+41,3.1316359836e+43,-1.0536620335e+05,-4.6406005491e+04,1.0240087559e+04
2446,2.6416800000e+07,1.8789427501e+35,-3.8562340857e+35,-1.9772913356e+35,8.2278599110e+41,2.6069579967e+41,3.1316360845e+43,-1.0536605972e+05,-4.6406098479e+04,1.0239915911e+04
2447,2.6427600000e+07,1.8789266066e+35,-3.8562163911e+35,-1.9772897844e+35,8.2278602445e+41,2.6069579361e+41,3.1316361855e+43,-1.0536591610e+05,-4.6406191467e+04,1.0239744263e+04
2448,2.6438400000e+07,1.8789103334e+35,-3.8561985674e+35,-1.9772882340e+35,8.2278605779e+41,2.6069578755e+41,3.1316362864e+43,-1.0536577247e+05,-4.6406284455e+04,1.0239572615e+04
2449,2.6449200000e+07,1.8788939309e+35,-3.8561806153e+35,-1.9772866844e+35,8.2278609113e+41,2.6069578149e+41,3.1316363873e+43,-1.0536562884e+05,-4.6406377444e+04,1.0239400967e+04
2450,2.6460000000e+07,1.8788773993e+35,-3.8561625349e+35,-1.9772851357e+35,8.2278612447e+41,2.6069577544e+41,3.1316364882e+43,-1.0536548521e+05,-4.6406470432e+04,1.0239229320e+04
2451,2.6470800000e+07,1.8788607390e+35,-3.8561443268e+35,-1.9772835878e+35,8.2278615780e+41,2.6069576939e+41,3.1316365891e+43,-1.0536534158e+05,-4.6406563420e+04,1.0239057672e+04
2452,2.6481600000e+07,1.8788439505e+35,-3.8561259915e+35,-1.9772820410e+35,8.2278619112e+41,2.6069576335e+41,3.1316366900e+43,-1.0536519796e+05,-4.6406656408e+04,1.0238886024e+04
2453,2.6492400000e+07,1.8788270341e+35,-3.8561075293e+35,-1.9772804952e+35,8.2278622443e+41,2.6069575732e+41,3.1316367909e+43,-1.0536505433e+05,-4.6406749397e+04,1.0238714376e+04
2454,2.6503200000e+07,1.8788099905e+35,-3.8560889410e+35,-1.9772789505e+35,8.2278625774e+41,2.6069575129e+41,3.1316368918e+43,-1.0536491070e+05,-4.6406842385e+04,1.0238542728e+04
2455,2.6514000000e+07,1.8787928200e+35,-3.8560702269e+35,-1.9772774070e+35,8.2278629104e+41,2.6069574527e+41,3.1316369927e+43,-1.0536476707e+05,-4.6406935374e+04,1.0238371080e+04
2456,2.6524800000e+07,1.8787755231e+35,-3.8560513877e+35,-1.9772758646e+35,8.2278632433e+41,2.6069573925e+41,3.1316370936e+43,-1.0536462344e+05,-4.6407028362e+04,1.0238199432e+04
2457,2.6535600000e+07,1.8787581006e+35,-3.8560324241e+35,-1.9772743235e+35,8.2278635762e+41,2.6069573324e+41,3.1316371944e+43,-1.0536447982e+05,-4.6407121350e+04,1.0238027784e+04
2458,2.6546400000e+07,1.8787405529e+35,-3.8560133365e+35,-1.9772727837e+35,8.2278639089e+41,2.6069572724e+41,3.1316372953e+43,-1.0536433619e+05,-4.6407214338e+04,1.0237856136e+04
2459,2.6557200000e+07,1.8787228806e+35,-3.8559941258e+35,-1.9772712452e+35,8.2278642416e+41,2.6069572125e+41,3.1316373961e+43,-1.0536419256e+05,-4.6407307327e+04,1.0237684488e+04
2460,2.6568000000e+07,1.8787050844e+35,-3.8559747926e+35,-1.9772697082e+35,8.2278645741e+41,2.6069571527e+41,3.1316374969e+43,-1.0536404893e+05,-4.6407400315e+04,1.0237512840e+04
2461,2.6578800000e+07,1.8786871650e+35,-3.8559553376e+35,-1.9772681726e+35,8.2278649066e+41,2.6069570929e+41,3.1316375977e+43,-1.0536390530e+05,-4.6407493303e+04,1.0237341192e+04
2462,2.6589600000e+07,1.8786691231e+35,-3.8559357616e+35,-1.9772666385e+35,8.2278652390e+41,2.6069570332e+41,3.1316376985e+43,-1.0536376168e+05,-4.6407586291e+04,1.0237169544e+04
2463,2.6600400000e+07,1.8786509594e+35,-3.8559160653e+35,-1.9772651059e+35,8.2278655712e+41,2.6069569736e+41,3.1316377993e+43,-1.0536361805e+05,-4.6407679280e+04,1.0236997896e+04
2464,2.6611200000e+07,1.8786326746e+35,-3.8558962496e+35,-1.9772635750e+35,8.2278659034e+41,2.6069569142e+41,3.1316379001e+43,-1.0536347442e+05,-4.6407772268e+04,1.0236826248e+04
2465,2.6622000000e+07,1.8786142695e+35,-3.8558763152e+35,-1.9772620457e+35,8.2278662354e+41,2.6069568548e+41,3.1316380008e+43,-1.0536333079e+05,-4.6407865256e+04,1.0236654600e+04
2466,2.6632800000e+07,1.8785957450e+35,-3.8558562631e+35,-1.9772605181e+35,8.2278665673e+41,2.6069567955e+41,3.1316381016e+43,-1.0536318716e+05,-4.6407958244e+04,1.0236482952e+04
2467,2.6643600000e+07,1.8785771018e+35,-3.8558360941e+35,-1.9772589923e+35,8.2278668991e+41,2.6069567363e+41,3.1316382023e+43,-1.0536304354e+05,-4.6408051233e+04,1.0236311304e+04
2468,2.6654400000e+07,1.8785583409e+35,-3.8558158091e+35,-1.9772574682e+35,8.2278672308e+41,2.6069566772e+41,3.1316383030e+43,-1.0536289991e+05,-4.6408144221e+04,1.0236139657e+04
2469,2.6665200000e+07,1.8785394630e+35,-3.8557954090e+35,-1.9772559460e+35,8.2278675624e+41,2.6069566182e+41,3.1316384037e+43,-1.0536275628e+05,-4.6408237209e+04,1.0235968009e+04
2470,2.6676000000e+07,1.8785204691e+35,-3.8557748947e+35,-1.9772544257e+35,8.2278678938e+41,2.6069565594e+41,3.1316385044e+43,-1.0536261265e+05,-4.6408330197e+04,1.0235796361e+04
2471,2.6686800000e+07,1.8785013601e+35,-3.8557542673e+35,-1.9772529073e+35,8.2278682251e+41,2.6069565006e+41,3.1316386051e+43,-1.0536246902e+05,-4.6408423186e+04,1.0235624713e+04
2472,2.6697600000e+07,1.8784821370e+35,-3.8557335278e+35,-1.9772513908e+35,8.2278685562e+41,2.6069564420e+41,3.1316387058e+43,-1.0536232540e+05,-4.6408516174e+04,1.0235453065e+04
2473,2.6708400000e+07,1.8784628006e+35,-3.8557126770e+35,-1.9772498764e+35,8.2278688873e+41,2.6069563835e+41,3.1316388064e+43,-1.0536218177e+05,-4.6408609162e+04,1.0235281417e+04
2474,2.6719200000e+07,1.8784433521e+35,-3.8556917161e+35,-1.9772483640e+35,8.2278692182e+41,2.6069563251e+41,3.1316389070e+43,-1.0536203814e+05,-4.6408702150e+04,1.0235109769e+04
2475,2.6730000000e+07,1.8784237925e+35,-3.8556706461e+35,-1.9772468537e+35,8.2278695489e+41,2.6069562669e+41,3.1316390076e+43,-1.0536189451e+05,-4.6408795139e+04,1.0234938121e+04
2476,2.6740800000e+07,1.8784041226e+35,-3.8556494681e+35,-1.9772453455e+35,8.2278698795e+41,2.6069562087e+41,3.1316391082e+43,-1.0536175088e+05,-4.6408888127e+04,1.0234766473e+04
2477,2.6751600000e+07,1.8783843437e+35,-3.8556281832e+35,-1.9772438395e+35,8.2278702099e+41,2.6069561507e+41,3.1316392088e+43,-1.0536160726e+05,-4.6408981115e+04,1.0234594825e+04
2478,2.6762400000e+07,1.8783644567e+35,-3.8556067924e+35,-1.9772423357e+35,8.2278705402e+41,2.6069560929e+41,3.1316393094e+43,-1.0536146363e+05,-4.6409074103e+04,1.0234423177e+04
2479,2.6773200000e+07,1.8783444627e+35,-3.8555852969e+35,-1.9772408342e+35,8.2278708703e+41,2.6069560351e+41,3.1316394099e+43,-1.0536132000e+05,-4.6409167092e+04,1.0234251529e+04
2480,2.6784000000e+07,1.8783243629e+35,-3.8555636978e+35,-1.9772393349e+35,8.2278712003e+41,2.6069559776e+41,3.1316395104e+43,-1.0536117637e+05,-4.6409260080e+04,1.0234079881e+04
2481,2.6794800000e+07,1.8783041584e+35,-3.8555419964e+35,-1.9772378380e+35,8.2278715301e+41,2.6069559201e+41,3.1316396109e+43,-1.0536103274e+05,-4.6409353068e+04,1.0233908233e+04
2482,2.6805600000e+07,1.8782838502e+35,-3.8555201936e+35,-1.9772363434e+35,8.2278718598e+41,2.6069558628e+41,3.1316397114e+43,-1.0536088912e+05,-4.6409446057e+04,1.0233736585e+04
2483,2.6816400000e+07,1.8782634397e+35,-3.8554982908e+35,-1.9772348512e+35,8.2278721893e+41,2.6069558056e+41,3.1316398119e+43,-1.0536074549e+05,-4.6409539045e+04,1.0233564937e+04
2484,2.6827200000e+07,1.8782429278e+35,-3.8554762892e+35,-1.9772333614e+35,8.2278725186e+41,2.6069557486e+41,3.1316399123e+43,-1.0536060186e+05,-4.6409632033e+04,1.0233393289e+04
2485,2.6838000000e+07,1.8782223158e+35,-3.8554541899e+35,-1.9772318740e+35,8.2278728477e+41,2.6069556918e+41,3.1316400128e+43,-1.0536045823e+05,-4.6409725021e+04,1.0233221641e+04
2486,2.6848800000e+07,1.8782016050e+35,-3.8554319941e+35,-1.9772303892e+35,8.2278731767e+41,2.6069556351e+41,3.1316401132e+43,-1.0536031460e+05,-4.6409818010e+04,1.0233049994e+04
2487,2.6859600000e+07,1.8781807964e+35,-3.8554097032e+35,-1.9772289068e+35,8.2278735054e+41,2.6069555785e+41,3.1316402136e+43,-1.0536017098e+05,-4.6409910998e+04,1.0232878346e+04
2488,2.6870400000e+07,1.8781598914e+35,-3.8553873184e+35,-1.9772274270e+35,8.2278738341e+41,2.6069555221e+41,3.1316403139e+43,-1.0536002735e+05,-4.6410003987e+04,1.0232706698e+04
2489,2.6881200000e+07,1.8781388912e+35,-3.8553648409e+35,-1.9772259498e+35,8.2278741625e+41,2.6069554659e+41,3.1316404143e+43,-1.0535988372e+05,-4.6410096975e+04,1.0232535050e+04
2490,2.6892000000e+07,1.8781177969e+35,-3.8553422720e+35,-1.9772244751e+35,8.2278744907e+41,2.6069554098e+41,3.1316405146e+43,-1.0535974009e+05,-4.6410189963e+04,1.0232363402e+04
2491,2.6902800000e+07,1.8780966099e+35,-3.8553196130e+35,-1.9772230031e+35,8.2278748188e+41,2.6069553539e+41,3.1316406149e+43,-1.0535959646e+05,-4.6410282951e+04,1.0232191754e+04
2492,2.6913600000e+07,1.8780753315e+35,-3.8552968652e+35,-1.9772215337e+35,8.2278751466e+41,2.6069552981e+41,3.1316407152e+43,-1.0535945284e+05,-4.6410375939e+04,1.0232020106e+04
2493,2.6924400000e+07,1.8780539629e+35,-3.8552740299e+35,-1.9772200670e+35,8.2278754743e+41,2.6069552426e+41,3.1316408154e+43,-1.0535930921e+05,-4.6410468928e+04,1.0231848458e+04
2494,2.6935200000e+07,1.8780325053e+35,-3.8552511084e+35,-1.9772186030e+35,8.2278758018e+41,2.6069551871e+41,3.1316409157e+43,-1.0535916558e+05,-4.6410561916e+04,1.0231676810e+04
2495,2.6946000000e+07,1.8780109602e+35,-3.8552281019e+35,-1.9772171417e+35,8.2278761291e+41,2.6069551319e+41,3.1316410159e+43,-1.0535902195e+05,-4.6410654904e+04,1.0231505162e+04
2496,2.6956800000e+07,1.8779893288e+35,-3.8552050120e+35,-1.9772156832e+35,8.2278764561e+41,2.6069550768e+41,3.1316411161e+43,-1.0535887832e+05,-4.6410747893e+04,1.0231333514e+04
2497,2.6967600000e+07,1.8779676123e+35,-3.8551818397e+35,-1.9772142274e+35,8.2278767830e+41,2.6069550219e+41,3.1316412163e+43,-1.0535873470e+05,-4.6410840881e+04,1.0231161866e+04
2498,2.6978400000e+07,1.8779458122e+35,-3.8551585866e+35,-1.9772127744e+35,8.2278771097e+41,2.6069549672e+41,3.1316413164e+43,-1.0535859107e+05,-4.6410933869e+04,1.0230990218e+04
2499,2.6989200000e+07,1.8779239297e+35,-3.8551352540e+35,-1.9772113242e+35,8.2278774362e+41,2.6069549127e+41,3.1316414165e+43,-1.0535844744e+05,-4.6411026857e+04,1.0230818570e+04
2500,2.7000000000e+07,1.8779019662e+35,-3.8551118431e+35,-1.9772098769e+35,8.2278777625e+41,2.6069548583e+41,3.1316415166e+43,-1.0535830381e+05,-4.6411119846e+04,1.0230646922e+04
2501,2.7010800000e+07,1.8778799230e+35,-3.8550883554e+35,-1.9772084324e+35,8.2278780885e+41,2.6069548042e+41,3.1316416167e+43,-1.0535816018e+05,-4.6411212834e+04,1.0230475274e+04
2502,2.7021600000e+07,1.8778578015e+35,-3.8550647922e+35,-1.9772069907e+35,8.2278784144e+41,2.6069547502e+41,3.1316417168e+43,-1.0535801656e+05,-4.6411305822e+04,1.0230303626e+04
2503,2.7032400000e+07,1.8778356029e+35,-3.8550411549e+35,-1.9772055519e+35,8.2278787400e+41,2.6069546964e+41,3.1316418168e+43,-1.0535787293e+05,-4.6411398810e+04,1.0230131979e+04
2504,2.7043200000e+07,1.8778133287e+35,-3.8550174447e+35,-1.9772041160e+35,8.2278790655e+41,2.6069546427e+41,3.1316419168e+43,-1.0535772930e+05,-4.6411491799e+04,1.0229960331e+04
2505,2.7054000000e+07,1.8777909801e+35,-3.8549936632e+35,-1.9772026830e+35,8.2278793907e+41,2.6069545893e+41,3.1316420168e+43,-1.0535758567e+05,-4.6411584787e+04,1.0229788683e+04
2506,2.7064800000e+07,1.8777685586e+35,-3.8549698116e+35,-1.9772012530e+35,8.2278797157e+41,2.6069545361e+41,3.1316421167e+43,-1.0535744204e+05,-4.6411677775e+04,1.0229617035e+04
2507,2.7075600000e+07,1.8777460655e+35,-3.8549458913e+35,-1.9771998258e+35,8.2278800405e+41,2.6069544830e+41,3.1316422167e+43,-1.0535729841e+05,-4.6411770764e+04,1.0229445387e+04
2508,2.7086400000e+07,1.8777235021e+35,-3.8549219037e+35,-1.9771984016e+35,8.2278803651e+41,2.6069544301e+41,3.1316423166e+43,-1.0535715479e+05,-4.6411863752e+04,1.0229273739e+04
2509,2.7097200000e+07,1.8777008698e+35,-3.8548978501e+35,-1.9771969804e+35,8.2278806894e+41,2.6069543775e+41,3.1316424165e+43,-1.0535701116e+05,-4.6411956740e+04,1.0229102091e+04
2510,2.7108000000e+07,1.8776781699e+35,-3.8548737320e+35,-1.9771955621e+35,8.2278810135e+41,2.6069543250e+41,3.1316425163e+43,-1.0535686753e+05,-4.6412049729e+04,1.0228930443e+04
2511,2.7118800000e+07,1.8776554038e+35,-3.8548495506e+35,-1.9771941468e+35,8.2278813374e+41,2.6069542727e+41,3.1316426162e+43,-1.0535672390e+05,-4.6412142717e+04,1.0228758795e+04
2512,2.7129600000e+07,1.8776325729e+35,-3.8548253074e+35,-1.9771927345e+35,8.2278816611e+41,2.6069542206e+41,3.1316427160e+43,-1.0535658027e+05,-4.6412235705e+04,1.0228587147e+04
2513,2.7140400000e+07,1.8776096784e+35,-3.8548010036e+35,-1.9771913252e+35,8.2278819846e+41,2.6069541687e+41,3.1316428158e+43,-1.0535643665e+05,-4.6412328693e+04,1.0228415499e+04
2514,2.7151200000e+07,1.8775867219e+35,-3.8547766407e+35,-1.9771899188e+35,8.2278823078e+41,2.6069541170e+41,3.1316429155e+43,-1.0535629302e+05,-4.6412421682e+04,1.0228243851e+04
2515,2.7162000000e+07,1.8775637045e+35,-3.8547522200e+35,-1.9771885155e+35,8.2278826308e+41,2.6069540655e+41,3.1316430152e+43,-1.0535614939e+05,-4.6412514670e+04,1.0228072203e+04
2516,2.7172800000e+07,1.8775406276e+35,-3.8547277428e+35,-1.9771871152e+35,8.2278829536e+41,2.6069540143e+41,3.1316431150e+43,-1.0535600576e+05,-4.6412607658e+04,1.0227900555e+04
2517,2.7183600000e+07,1.8775174927e+35,-3.8547032106e+35,-1.9771857179e+35,8.2278832761e+41,2.6069539632e+41,3.1316432146e+43,-1.0535586214e+05,-4.6412700646e+04,1.0227728907e+04
2518,2.7194400000e+07,1.8774943010e+35,-3.8546786246e+35,-1.9771843236e+35,8.2278835984e+41,2.6069539123e+41,3.1316433143e+43,-1.0535571851e+05,-4.6412793635e+04,1.0227557259e+04
2519,2.7205200000e+07,1.8774710538e+35,-3.8546539862e+35,-1.9771829324e+35,8.2278839205e+41,2.6069538616e+41,3.1316434139e+43,-1.0535557488e+05,-4.6412886623e+04,1.0227385611e+04
2520,2.7216000000e+07,1.8774477525e+35,-3.8546292967e+35,-1.9771815442e+35,8.2278842424e+41,2.6069538111e+41,3.1316435135e+43,-1.0535543125e+05,-4.6412979611e+04,1.0227213964e+04
2521,2.7226800000e+07,1.8774243985e+35,-3.8546045574e+35,-1.9771801590e+35,8.2278845640e+41,2.6069537608e+41,3.1316436131e+43,-1.0535528762e+05,-4.6413072600e+04,1.0227042316e+04
2522,2.7237600000e+07,1.8774009929e+35,-3.8545797698e+35,-1.9771787768e+35,8.2278848854e+41,2.6069537108e+41,3.1316437126e+43,-1.0535514399e+05,-4.6413165588e+04,1.0226870668e+04
2523,2.7248400000e+07,1.8773775373e+35,-3.8545549350e+35,-1.9771773977e+35,8.2278852065e+41,2.6069536609e+41,3.1316438122e+43,-1.0535500037e+05,-4.6413258576e+04,1.0226699020e+04
2524,2.7259200000e+07,1.8773540327e+35,-3.8545300544e+35,-1.9771760216e+35,8.2278855274e+41,2.6069536112e+41,3.1316439117e+43,-1.0535485674e+05,-4.6413351564e+04,1.0226527372e+04
2525,2.7270000000e+07,1.8773304807e+35,-3.8545051293e+35,-1.9771746486e+35,8.2278858481e+41,2.6069535618e+41,3.1316440111e+43,-1.0535471311e+05,-4.6413444553e+04,1.0226355724e+04
2526,2.7280800000e+07,1.8773068824e+35,-3.8544801610e+35,-1.9771732786e+35,8.2278861685e+41,2.6069535125e+41,3.1316441106e+43,-1.0535456948e+05,-4.6413537541e+04,1.0226184076e+04
2527,2.7291600000e+07,1.8772832392e+35,-3.8544551507e+35,-1.9771719116e+35,8.2278864887e+41,2.6069534635e+41,3.1316442100e+43,-1.0535442585e+05,-4.6413630529e+04,1.0226012428e+04
2528,2.7302400000e+07,1.8772595522e+35,-3.8544300999e+35,-1.9771705476e+35,8.2278868087e+41,2.6069534147e+41,3.1316443094e+43,-1.0535428223e+05,-4.6413723518e+04,1.0225840780e+04
2529,2.7313200000e+07,1.8772358229e+35,-3.8544050096e+35,-1.9771691867e+35,8.2278871284e+41,2.6069533661e+41,3.1316444088e+43,-1.0535413860e+05,-4.6413816506e+04,1.0225669132e+04
2530,2.7324000000e+07,1.8772120525e+35,-3.8543798813e+35,-1.9771678288e+35,8.2278874479e+41,2.6069533176e+41,3.1316445081e+43,-1.0535399497e+05,-4.6413909494e+04,1.0225497484e+04
2531,2.7334800000e+07,1.8771882422e+35,-3.8543547161e+35,-1.9771664739e+35,8.2278877671e+41,2.6069532694e+41,3.1316446074e+43,-1.0535385134e+05,-4.6414002482e+04,1.0225325836e+04
2532,2.7345600000e+07,1.8771643933e+35,-3.8543295153e+35,-1.9771651220e+35,8.2278880861e+41,2.6069532215e+41,3.1316447067e+43,-1.0535370771e+05,-4.6414095471e+04,1.0225154188e+04
2533,2.7356400000e+07,1.8771405070e+35,-3.8543042802e+35,-1.9771637732e+35,8.2278884049e+41,2.6069531737e+41,3.1316448059e+43,-1.0535356409e+05,-4.6414188459e+04,1.0224982540e+04
2534,2.7367200000e+07,1.8771165846e+35,-3.8542790119e+35,-1.9771624273e+35,8.2278887234e+41,2.6069531261e+41,3.1316449052e+43,-1.0535342046e+05,-4.6414281447e+04,1.0224810892e+04
2535,2.7378000000e+07,1.8770926272e+35,-3.8542537117e+35,-1.9771610845e+35,8.2278890417e+41,2.6069530787e+41,3.1316450044e+43,-1.0535327683e+05,-4.6414374435e+04,1.0224639244e+04
2536,2.7388800000e+07,1.8770686362e+35,-3.8542283807e+35,-1.9771597446e+35,8.2278893597e+41,2.6069530316e+41,3.1316451035e+43,-1.0535313320e+05,-4.6414467424e+04,1.0224467596e+04
2537,2.7399600000e+07,1.8770446126e+35,-3.8542030203e+35,-1.9771584077e+35,8.2278896775e+41,2.6069529847e+41,3.1316452027e+43,-1.0535298957e+05,-4.6414560412e+04,1.0224295948e+04
2538,2.7410400000e+07,1.8770205577e+35,-3.8541776316e+35,-1.9771570738e+35,8.2278899951e+41,2.6069529379e+41,3.1316453018e+43,-1.0535284595e+05,-4.6414653400e+04,1.0224124301e+04
2539,2.7421200000e+07,1.8769964728e+35,-3.8541522157e+35,-1.9771557429e+35,8.2278903124e+41,2.6069528914e+41,3.1316454009e+43,-1.0535270232e+05,-4.6414746388e+04,1.0223952653e+04
2540,2.7432000000e+07,1.8769723588e+35,-3.8541267738e+35,-1.9771544149e+35,8.2278906294e+41,2.6069528451e+41,3.1316455000e+43,-1.0535255869e+05,-4.6414839377e+04,1.0223781005e+04
2541,2.7442800000e+07,1.8769482171e+35,-3.8541013071e+35,-1.9771530899e+35,8.2278909463e+41,2.6069527990e+41,3.1316455990e+43,-1.0535241506e+05,-4.6414932365e+04,1.0223609357e+04
2542,2.7453600000e+07,1.8769240488e+35,-3.8540758167e+35,-1.9771517679e+35,8.2278912629e+41,2.6069527532e+41,3.1316456980e+43,-1.0535227143e+05,-4.6415025353e+04,1.0223437709e+04
2543,2.7464400000e+07,1.8768998550e+35,-3.8540503037e+35,-1.9771504488e+35,8.2278915792e+41,2.6069527075e+41,3.1316457970e+43,-1.0535212781e+05,-4.6415118342e+04,1.0223266061e+04
2544,2.7475200000e+07,1.8768756368e+35,-3.8540247693e+35,-1.9771491326e+35,8.2278918953e+41,2.6069526621e+41,3.1316458960e+43,-1.0535198418e+05,-4.6415211330e+04,1.0223094413e+04
2545,2.7486000000e+07,1.8768513954e+35,-3.8539992147e+35,-1.9771478193e+35,8.2278922112e+41,2.6069526168e+41,3.1316459949e+43,-1.0535184055e+05,-4.6415304318e+04,1.0222922765e+04
2546,2.7496800000e+07,1.8768271318e+35,-3.8539736408e+35,-1.9771465089e+35,8.2278925268e+41,2.6069525718e+41,3.1316460938e+43,-1.0535169692e+05,-4.6415397307e+04,1.0222751117e+04
2547,2.7507600000e+07,1.8768028473e+35,-3.8539480487e+35,-1.9771452015e+35,8.2278928421e+41,2.6069525270e+41,3.1316461927e+43,-1.0535155329e+05,-4.6415490295e+04,1.0222579469e+04
2548,2.7518400000e+07,1.8767785427e+35,-3.8539224396e+35,-1.9771438969e+35,8.2278931573e+41,2.6069524824e+41,3.1316462915e+43,-1.0535140967e+05,-4.6415583283e+04,1.0222407821e+04
2549,2.7529200000e+07,1.8767542194e+35,-3.8538968145e+35,-1.9771425952e+35,8.2278934722e+41,2.6069524380e+41,3.1316463903e+43,-1.0535126604e+05,-4.6415676271e+04,1.0222236173e+04
2550,2.7540000000e+07,1.8767298782e+35,-3.8538711745e+35,-1.9771412963e+35,8.2278937868e+41,2.6069523938e+41,3.1316464891e+43,-1.0535112241e+05,-4.6415769260e+04,1.0222064525e+04
2551,2.7550800000e+07,1.8767055203e+35,-3.8538455206e+35,-1.9771400003e+35,8.2278941012e+41,2.6069523498e+41,3.1316465879e+43,-1.0535097878e+05,-4.6415862248e+04,1.0221892877e+04
2552,2.7561600000e+07,1.8766811466e+35,-3.8538198537e+35,-1.9771387071e+35,8.2278944154e+41,2.6069523061e+41,3.1316466866e+43,-1.0535083515e+05,-4.6415955236e+04,1.0221721229e+04
2553,2.7572400000e+07,1.8766567583e+35,-3.8537941751e+35,-1.9771374168e+35,8.2278947293e+41,2.6069522625e+41,3.1316467853e+43,-1.0535069153e+05,-4.6416048225e+04,1.0221549581e+04
2554,2.7583200000e+07,1.8766323563e+35,-3.8537684855e+35,-1.9771361292e+35,8.2278950430e+41,2.6069522192e+41,3.1316468840e+43,-1.0535054790e+05,-4.6416141213e+04,1.0221377933e+04
2555,2.7594000000e+07,1.8766079416e+35,-3.8537427861e+35,-1.9771348445e+35,8.2278953565e+41,2.6069521760e+41,3.1316469827e+43,-1.0535040427e+05,-4.6416234201e+04,1.0221206286e+04
2556,2.7604800000e+07,1.8765835152e+35,-3.8537170778e+35,-1.9771335625e+35,8.2278956697e+41,2.6069521331e+41,3.1316470813e+43,-1.0535026064e+05,-4.6416327189e+04,1.0221034638e+04
2557,2.7615600000e+07,1.8765590782e+35,-3.8536913615e+35,-1.9771322834e+35,8.2278959826e+41,2.6069520904e+41,3.1316471799e+43,-1.0535011701e+05,-4.6416420178e+04,1.0220862990e+04
2558,2.7626400000e+07,1.8765346314e+35,-3.8536656383e+35,-1.9771310069e+35,8.2278962953e+41,2.6069520479e+41,3.1316472785e+43,-1.0534997339e+05,-4.6416513166e+04,1.0220691342e+04
2559,2.7637200000e+07,1.8765101758e+35,-3.8536399090e+35,-1.9771297332e+35,8.2278966078e+41,2.6069520056e+41,3.1316473770e+43,-1.0534982976e+05,-4.6416606154e+04,1.0220519694e+04
2560,2.7648000000e+07,1.8764857124e+35,-3.8536141746e+35,-1.9771284623e+35,8.2278969201e+41,2.6069519635e+41,3.1316474756e+43,-1.0534968613e+05,-4.6416699142e+04,1.0220348046e+04
2561,2.7658800000e+07,1.8764612420e+35,-3.8535884361e+35,-1.9771271940e+35,8.2278972321e+41,2.6069519216e+41,3.1316475741e+43,-1.0534954250e+05,-4.6416792131e+04,1.0220176398e+04
2562,2.7669600000e+07,1.8764367657e+35,-3.8535626942e+35,-1.9771259285e+35,8.2278975439e+41,2.6069518799e+41,3.1316476725e+43,-1.0534939887e+05,-4.6416885119e+04,1.0220004750e+04
2563,2.7680400000e+07,1.8764122843e+35,-3.8535369499e+35,-1.9771246656e+35,8.2278978554e+41,2.6069518385e+41,3.1316477710e+43,-1.0534925525e+05,-4.6416978107e+04,1.0219833102e+04
2564,2.7691200000e+07,1.8763877986e+35,-3.8535112040e+35,-1.9771234054e+35,8.2278981667e+41,2.6069517972e+41,3.1316478694e+43,-1.0534911162e+05,-4.6417071095e+04,1.0219661454e+04
2565,2.7702000000e+07,1.8763633097e+35,-3.8534854575e+35,-1.9771221478e+35,8.2278984778e+41,2.6069517562e+41,3.1316479678e+43,-1.0534896799e+05,-4.6417164084e+04,1.0219489806e+04
2566,2.7712800000e+07,1.8763388183e+35,-3.8534597112e+35,-1.9771208929e+35,8.2278987886e+41,2.6069517153e+41,3.1316480662e+43,-1.0534882436e+05,-4.6417257072e+04,1.0219318158e+04
2567,2.7723600000e+07,1.8763143252e+35,-3.8534339658e+35,-1.9771196406e+35,8.2278990992e+41,2.6069516747e+41,3.1316481645e+43,-1.0534868073e+05,-4.6417350060e+04,1.0219146510e+04
2568,2.7734400000e+07,1.8762898314e+35,-3.8534082223e+35,-1.9771183909e+35,8.2278994096e+41,2.6069516342e+41,3.1316482628e+43,-1.0534853711e+05,-4.6417443049e+04,1.0218974862e+04
2569,2.7745200000e+07,1.8762653377e+35,-3.8533824815e+35,-1.9771171438e+35,8.2278997197e+41,2.6069515940e+41,3.1316483611e+43,-1.0534839348e+05,-4.6417536037e+04,1.0218803214e+04
2570,2.7756000000e+07,1.8762408448e+35,-3.8533567441e+35,-1.9771158993e+35,8.2279000296e+41,2.6069515539e+41,3.1316484594e+43,-1.0534824985e+05,-4.6417629025e+04,1.0218631566e+04
2571,2.7766800000e+07,1.8762163537e+35,-3.8533310110e+35,-1.9771146573e+35,8.2279003393e+41,2.6069515141e+41,3.1316485576e+43,-1.0534810622e+05,-4.6417722013e+04,1.0218459918e+04
2572,2.7777600000e+07,1.8761918650e+35,-3.8533052828e+35,-1.9771134178e+35,8.2279006487e+41,2.6069514745e+41,3.1316486558e+43,-1.0534796259e+05,-4.6417815002e+04,1.0218288270e+04
2573,2.7788400000e+07,1.8761673795e+35,-3.8532795605e+35,-1.9771121809e+35,8.2279009579e+41,2.6069514350e+41,3.1316487540e+43,-1.0534781897e+05,-4.6417907990e+04,1.0218116623e+04
2574,2.7799200000e+07,1.8761428981e+35,-3.8532538446e+35,-1.9771109465e+35,8.2279012669e+41,2.6069513958e+41,3.1316488521e+43,-1.0534767534e+05,-4.6418000978e+04,1.0217944975e+04
2575,2.7810000000e+07,1.8761184215e+35,-3.8532281361e+35,-1.9771097146e+35,8.2279015756e+41,2.6069513568e+41,3.1316489503e+43,-1.0534753171e+05,-4.6418093967e+04,1.0217773327e+04
2576,2.7820800000e+07,1.8760939503e+35,-3.8532024355e+35,-1.9771084851e+35,8.2279018842e+41,2.6069513179e+41,3.1316490484e+43,-1.0534738808e+05,-4.6418186955e+04,1.0217601679e+04
2577,2.7831600000e+07,1.8760694854e+35,-3.8531767436e+35,-1.9771072581e+35,8.2279021924e+41,2.6069512793e+41,3.1316491464e+43,-1.0534724445e+05,-4.6418279943e+04,1.0217430031e+04
2578,2.7842400000e+07,1.8760450275e+35,-3.8531510611e+35,-1.9771060336e+35,8.2279025005e+41,2.6069512409e+41,3.1316492445e+43,-1.0534710083e+05,-4.6418372932e+04,1.0217258383e+04
2579,2.7853200000e+07,1.8760205773e+35,-3.8531253887e+35,-1.9771048115e+35,8.2279028083e+41,2.6069512026e+41,3.1316493425e+43,-1.0534695720e+05,-4.6418465920e+04,1.0217086735e+04
2580,2.7864000000e+07,1.8759961354e+35,-3.8530997271e+35,-1.9771035917e+35,8.2279031160e+41,2.6069511646e+41,3.1316494405e+43,-1.0534681357e+05,-4.6418558908e+04,1.0216915087e+04
2581,2.7874800000e+07,1.8759717025e+35,-3.8530740769e+35,-1.9771023744e+35,8.2279034234e+41,2.6069511267e+41,3.1316495385e+43,-1.0534666994e+05,-4.6418651896e+04,1.0216743439e+04
2582,2.7885600000e+07,1.8759472794e+35,-3.8530484388e+35,-1.9771011594e+35,8.2279037305e+41,2.6069510891e+41,3.1316496365e+43,-1.0534652631e+05,-4.6418744885e+04,1.0216571791e+04
2583,2.7896400000e+07,1.8759228667e+35,-3.8530228135e+35,-1.9770999468e+35,8.2279040375e+41,2.6069510516e+41,3.1316497344e+43,-1.0534638269e+05,-4.6418837873e+04,1.0216400143e+04
2584,2.7907200000e+07,1.8758984649e+35,-3.8529972015e+35,-1.9770987365e+35,8.2279043442e+41,2.6069510143e+41,3.1316498323e+43,-1.0534623906e+05,-4.6418930861e+04,1.0216228495e+04
2585,2.7918000000e+07,1.8758740749e+35,-3.8529716034e+35,-1.9770975286e+35,8.2279046507e+41,2.6069509773e+41,3.1316499302e+43,-1.0534609543e+05,-4.6419023850e+04,1.0216056847e+04
2586,2.7928800000e+07,1.8758496971e+35,-3.8529460200e+35,-1.9770963229e+35,8.2279049570e+41,2.6069509404e+41,3.1316500280e+43,-1.0534595180e+05,-4.6419116838e+04,1.0215885199e+04
2587,2.7939600000e+07,1.8758253322e+35,-3.8529204517e+35,-1.9770951195e+35,8.2279052630e+41,2.6069509037e+41,3.1316501259e+43,-1.0534580817e+05,-4.6419209826e+04,1.0215713551e+04
2588,2.7950400000e+07,1.8758009808e+35,-3.8528948993e+35,-1.9770939184e+35,8.2279055689e+41,2.6069508672e+41,3.1316502237e+43,-1.0534566455e+05,-4.6419302814e+04,1.0215541903e+04
2589,2.7961200000e+07,1.8757766435e+35,-3.8528693631e+35,-1.9770927196e+35,8.2279058745e+41,2.6069508308e+41,3.1316503214e+43,-1.0534552092e+05,-4.6419395803e+04,1.0215370255e+04
2590,2.7972000000e+07,1.8757523209e+35,-3.8528438438e+35,-1.9770915230e+35,8.2279061799e+41,2.6069507947e+41,3.1316504192e+43,-1.0534537729e+05,-4.6419488791e+04,1.0215198608e+04
2591,2.7982800000e+07,1.8757280135e+35,-3.8528183420e+35,-1.9770903286e+35,8.2279064851e+41,2.6069507588e+41,3.1316505169e+43,-1.0534523366e+05,-4.6419581779e+04,1.0215026960e+04
2592,2.7993600000e+07,1.8757037218e+35,-3.8527928582e+35,-1.9770891364e+35,8.2279067901e+41,2.6069507230e+41,3.1316506146e+43,-1.0534509003e+05,-4.6419674768e+04,1.0214855312e+04
2593,2.8004400000e+07,1.8756794466e+35,-3.8527673929e+35,-1.9770879464e+35,8.2279070948e+41,2.6069506874e+41,3.1316507123e+43,-1.0534494641e+05,-4.6419767756e+04,1.0214683664e+04
2594,2.8015200000e+07,1.8756551882e+35,-3.8527419467e+35,-1.9770867585e+35,8.2279073994e+41,2.6069506521e+41,3.1316508100e+43,-1.0534480278e+05,-4.6419860744e+04,1.0214512016e+04
2595,2.8026000000e+07,1.8756309471e+35,-3.8527165200e+35,-1.9770855728e+35,8.2279077037e+41,2.6069506169e+41,3.1316509076e+43,-1.0534465915e+05,-4.6419953732e+04,1.0214340368e+04
2596,2.8036800000e+07,1.8756067240e+35,-3.8526911133e+35,-1.9770843892e+35,8.2279080079e+41,2.6069505818e+41,3.1316510052e+43,-1.0534451552e+05,-4.6420046721e+04,1.0214168720e+04
2597,2.8047600000e+07,1.8755825194e+35,-3.8526657272e+35,-1.9770832078e+35,8.2279083118e+41,2.6069505470e+41,3.1316511028e+43,-1.0534437189e+05,-4.6420139709e+04,1.0213997072e+04
2598,2.8058400000e+07,1.8755583336e+35,-3.8526403620e+35,-1.9770820284e+35,8.2279086155e+41,2.6069505123e+41,3.1316512004e+43,-1.0534422827e+05,-4.6420232697e+04,1.0213825424e+04
2599,2.8069200000e+07,1.8755341672e+35,-3.8526150184e+35,-1.9770808512e+35,8.2279089190e+41,2.6069504779e+41,3.1316512979e+43,-1.0534408464e+05,-4.6420325686e+04,1.0213653776e+04
2600,2.8080000000e+07,1.8755100207e+35,-3.8525896967e+35,-1.9770796759e+35,8.2279092223e+41,2.6069504436e+41,3.1316513954e+43,-1.0534394101e+05,-4.6420418674e+04,1.0213482128e+04
2601,2.8090800000e+07,1.8754858945e+35,-3.8525643973e+35,-1.9770785028e+35,8.2279095254e+41,2.6069504094e+41,3.1316514929e+43,-1.0534379738e+05,-4.6420511662e+04,1.0213310480e+04
2602,2.8101600000e+07,1.8754617891e+35,-3.8525391208e+35,-1.9770773316e+35,8.2279098283e+41,2.6069503755e+41,3.1316515904e+43,-1.0534365375e+05,-4.6420604650e+04,1.0213138832e+04
2603,2.8112400000e+07,1.8754377050e+35,-3.8525138675e+35,-1.9770761625e+35,8.2279101309e+41,2.6069503417e+41,3.1316516878e+43,-1.0534351013e+05,-4.6420697639e+04,1.0212967184e+04
2604,2.8123200000e+07,1.8754136425e+35,-3.8524886379e+35,-1.9770749954e+35,8.2279104334e+41,2.6069503082e+41,3.1316517853e+43,-1.0534336650e+05,-4.6420790627e+04,1.0212795536e+04
2605,2.8134000000e+07,1.8753896021e+35,-3.8524634323e+35,-1.9770738302e+35,8.2279107357e+41,2.6069502747e+41,3.1316518827e+43,-1.0534322287e+05,-4.6420883615e+04,1.0212623888e+04
2606,2.8144800000e+07,1.8753655841e+35,-3.8524382512e+35,-1.9770726671e+35,8.2279110378e+41,2.6069502415e+41,3.1316519800e+43,-1.0534307924e+05,-4.6420976604e+04,1.0212452240e+04
2607,2.8155600000e+07,1.8753415891e+35,-3.8524130949e+35,-1.9770715058e+35,8.2279113396e+41,2.6069502084e+41,3.1316520774e+43,-1.0534293561e+05,-4.6421069592e+04,1.0212280592e+04
2608,2.8166400000e+07,1.8753176174e+35,-3.8523879639e+35,-1.9770703465e+35,8.2279116413e+41,2.6069501755e+41,3.1316521747e+43,-1.0534279199e+05,-4.6421162580e+04,1.0212108945e+04
2609,2.8177200000e+07,1.8752936694e+35,-3.8523628585e+35,-1.9770691891e+35,8.2279119428e+41,2.6069501428e+41,3.1316522720e+43,-1.0534264836e+05,-4.6421255568e+04,1.0211937297e+04
2610,2.8188000000e+07,1.8752697455e+35,-3.8523377791e+35,-1.9770680336e+35,8.2279122441e+41,2.6069501103e+41,3.1316523693e+43,-1.0534250473e+05,-4.6421348557e+04,1.0211765649e+04
2611,2.8198800000e+07,1.8752458460e+35,-3.8523127260e+35,-1.9770668800e+35,8.2279125451e+41,2.6069500779e+41,3.1316524666e+43,-1.0534236110e+05,-4.6421441545e+04,1.0211594001e+04
2612,2.8209600000e+07,1.8752219713e+35,-3.8522876996e+35,-1.9770657283e+35,8.2279128460e+41,2.6069500457e+41,3.1316525639e+43,-1.0534221747e+05,-4.6421534533e+04,1.0211422353e+04
2613,2.8220400000e+07,1.8751981217e+35,-3.8522627001e+35,-1.9770645784e+35,8.2279131467e+41,2.6069500136e+41,3.1316526611e+43,-1.0534207385e+05,-4.6421627522e+04,1.0211250705e+04
2614,2.8231200000e+07,1.8751742977e+35,-3.8522377280e+35,-1.9770634303e+35,8.2279134472e+41,2.6069499817e+41,3.1316527583e+43,-1.0534193022e+05,-4.6421720510e+04,1.0211079057e+04
2615,2.8242000000e+07,1.8751504995e+35,-3.8522127836e+35,-1.9770622841e+35,8.2279137475e+41,2.6069499500e+41,3.1316528555e+43,-1.0534178659e+05,-4.6421813498e+04,1.0210907409e+04
2616,2.8252800000e+07,1.8751267274e+35,-3.8521878671e+35,-1.9770611396e+35,8.2279140476e+41,2.6069499185e+41,3.1316529526e+43,-1.0534164296e+05,-4.6421906486e+04,1.0210735761e+04
2617,2.8263600000e+07,1.8751029819e+35,-3.8521629788e+35,-1.9770599970e+35,8.2279143476e+41,2.6069498871e+41,3.1316530498e+43,-1.0534149933e+05,-4.6421999475e+04,1.0210564113e+04
2618,2.8274400000e+07,1.8750792631e+35,-3.8521381192e+35,-1.9770588561e+35,8.2279146473e+41,2.6069498559e+41,3.1316531469e+43,-1.0534135571e+05,-4.6422092463e+04,1.0210392465e+04
2619,2.8285200000e+07,1.8750555714e+35,-3.8521132884e+35,-1.9770577170e+35,8.2279149469e+41,2.6069498248e+41,3.1316532440e+43,-1.0534121208e+05,-4.6422185451e+04,1.0210220817e+04
2620,2.8296000000e+07,1.8750319071e+35,-3.8520884867e+35,-1.9770565796e+35,8.2279152462e+41,2.6069497939e+41,3.1316533410e+43,-1.0534106845e+05,-4.6422278440e+04,1.0210049169e+04
2621,2.8306800000e+07,1.8750082705e+35,-3.8520637144e+35,-1.9770554439e+35,8.2279155454e+41,2.6069497632e+41,3.1316534381e+43,-1.0534092482e+05,-4.6422371428e+04,1.0209877521e+04
2622,2.8317600000e+07,1.8749846618e+35,-3.8520389718e+35,-1.9770543100e+35,8.2279158444e+41,2.6069497326e+41,3.1316535351e+43,-1.0534078119e+05,-4.6422464416e+04,1.0209705873e+04
2623,2.8328400000e+07,1.8749610814e+35,-3.8520142591e+35,-1.9770531777e+35,8.2279161432e+41,2.6069497022e+41,3.1316536321e+43,-1.0534063757e+05,-4.6422557405e+04,1.0209534225e+04
2624,2.8339200000e+07,1.8749375295e+35,-3.8519895766e+35,-1.9770520472e+35,8.2279164418e+41,2.6069496719e+41,3.1316537291e+43,-1.0534049394e+05,-4.6422650393e+04,1.0209362577e+04
2625,2.8350000000e+07,1.8749140063e+35,-3.8519649245e+35,-1.9770509182e+35,8.2279167403e+41,2.6069496418e+41,3.1316538261e+43,-1.0534035031e+05,-4.6422743381e+04,1.0209190930e+04
2626,2.8360800000e+07,1.8748905121e+35,-3.8519403031e+35,-1.9770497910e+35,8.2279170385e+41,2.6069496119e+41,3.1316539230e+43,-1.0534020668e+05,-4.6422836369e+04,1.0209019282e+04
2627,2.8371600000e+07,1.8748670472e+35,-3.8519157125e+35,-1.9770486654e+35,8.2279173366e+41,2.6069495821e+41,3.1316540200e+43,-1.0534006305e+05,-4.6422929358e+04,1.0208847634e+04
2628,2.8382400000e+07,1.8748436117e+35,-3.8518911531e+35,-1.9770475414e+35,8.2279176345e+41,2.6069495524e+41,3.1316541169e+43,-1.0533991943e+05,-4.6423022346e+04,1.0208675986e+04
2629,2.8393200000e+07,1.8748202060e+35,-3.8518666250e+35,-1.9770464190e+35,8.2279179322e+41,2.6069495229e+41,3.1316542138e+43,-1.0533977580e+05,-4.6423115334e+04,1.0208504338e+04
2630,2.8404000000e+07,1.8747968302e+35,-3.8518421284e+35,-1.9770452982e+35,8.2279182298e+41,2.6069494936e+41,3.1316543106e+43,-1.0533963217e+05,-4.6423208323e+04,1.0208332690e+04
2631,2.8414800000e+07,1.8747734846e+35,-3.8518176635e+35,-1.9770441789e+35,8.2279185272e+41,2.6069494644e+41,3.1316544075e+43,-1.0533948854e+05,-4.6423301311e+04,1.0208161042e+04
2632,2.8425600000e+07,1.8747501693e+35,-3.8517932306e+35,-1.9770430613e+35,8.2279188244e+41,2.6069494354e+41,3.1316545043e+43,-1.0533934491e+05,-4.6423394299e+04,1.0207989394e+04
2633,2.8436400000e+07,1.8747268846e+35,-3.8517688297e+35,-1.9770419451e+35,8.2279191214e+41,2.6069494065e+41,3.1316546011e+43,-1.0533920129e+05,-4.6423487287e+04,1.0207817746e+04
2634,2.8447200000e+07,1.8747036306e+35,-3.8517444612e+35,-1.9770408306e+35,8.2279194182e+41,2.6069493777e+41,3.1316546979e+43,-1.0533905766e+05,-4.6423580276e+04,1.0207646098e+04
2635,2.8458000000e+07,1.8746804076e+35,-3.8517201252e+35,-1.9770397175e+35,8.2279197149e+41,2.6069493491e+41,3.1316547947e+43,-1.0533891403e+05,-4.6423673264e+04,1.0207474450e+04
2636,2.8468800000e+07,1.8746572158e+35,-3.8516958218e+35,-1.9770386060e+35,8.2279200114e+41,2.6069493207e+41,3.1316548914e+43,-1.0533877040e+05,-4.6423766252e+04,1.0207302802e+04
2637,2.8479600000e+07,1.8746340553e+35,-3.8516715512e+35,-1.9770374959e+35,8.2279203078e+41,2.6069492924e+41,3.1316549882e+43,-1.0533862677e+05,-4.6423859241e+04,1.0207131154e+04
2638,2.8490400000e+07,1.8746109262e+35,-3.8516473136e+35,-1.9770363873e+35,8.2279206039e+41,2.6069492642e+41,3.1316550849e+43,-1.0533848315e+05,-4.6423952229e+04,1.0206959506e+04
2639,2.8501200000e+07,1.8745878289e+35,-3.8516231091e+35,-1.9770352802e+35,8.2279208999e+41,2.6069492362e+41,3.1316551816e+43,-1.0533833952e+05,-4.6424045217e+04,1.0206787858e+04
2640,2.8512000000e+07,1.8745647633e+35,-3.8515989379e+35,-1.9770341746e+35,8.2279211958e+41,2.6069492084e+41,3.1316552783e+43,-1.0533819589e+05,-4.6424138205e+04,1.0206616210e+04
2641,2.8522800000e+07,1.8745417297e+35,-3.8515748001e+35,-1.9770330704e+35,8.2279214915e+41,2.6069491806e+41,3.1316553749e+43,-1.0533805226e+05,-4.6424231194e+04,1.0206444562e+04
2642,2.8533600000e+07,1.8745187283e+35,-3.8515506959e+35,-1.9770319676e+35,8.2279217870e+41,2.6069491530e+41,3.1316554715e+43,-1.0533790863e+05,-4.6424324182e+04,1.0206272914e+04
2643,2.8544400000e+07,1.8744957591e+35,-3.8515266253e+35,-1.9770308662e+35,8.2279220823e+41,2.6069491256e+41,3.1316555682e+43,-1.0533776501e+05,-4.6424417170e+04,1.0206101267e+04
2644,2.8555200000e+07,1.8744728224e+35,-3.8515025886e+35,-1.9770297662e+35,8.2279223775e+41,2.6069490983e+41,3.1316556648e+43,-1.0533762138e+05,-4.6424510159e+04,1.0205929619e+04
2645,2.8566000000e+07,1.8744499181e+35,-3.8514785858e+35,-1.9770286677e+35,8.2279226725e+41,2.6069490711e+41,3.1316557613e+43,-1.0533747775e+05,-4.6424603147e+04,1.0205757971e+04
2646,2.8576800000e+07,1.8744270466e+35,-3.8514546171e+35,-1.9770275705e+35,8.2279229674e+41,2.6069490441e+41,3.1316558579e+43,-1.0533733412e+05,-4.6424696135e+04,1.0205586323e+04
2647,2.8587600000e+07,1.8744042079e+35,-3.8514306825e+35,-1.9770264746e+35,8.2279232620e+41,2.6069490172e+41,3.1316559545e+43,-1.0533719049e+05,-4.6424789124e+04,1.0205414675e+04
2648,2.8598400000e+07,1.8743814021e+35,-3.8514067822e+35,-1.9770253801e+35,8.2279235566e+41,2.6069489904e+41,3.1316560510e+43,-1.0533704687e+05,-4.6424882112e+04,1.0205243027e+04
2649,2.8609200000e+07,1.8743586293e+35,-3.8513829163e+35,-1.9770242870e+35,8.2279238510e+41,2.6069489638e+41,3.1316561475e+43,-1.0533690324e+05,-4.6424975100e+04,1.0205071379e+04
2650,2.8620000000e+07,1.8743358897e+35,-3.8513590849e+35,-1.9770231952e+35,8.2279241452e+41,2.6069489373e+41,3.1316562440e+43,-1.0533675961e+05,-4.6425068088e+04,1.0204899731e+04
2651,2.8630800000e+07,1.8743131833e+35,-3.8513352880e+35,-1.9770221047e+35,8.2279244393e+41,2.6069489110e+41,3.1316563405e+43,-1.0533661598e+05,-4.6425161077e+04,1.0204728083e+04
2652,2.8641600000e+07,1.8742905103e+35,-3.8513115258e+35,-1.9770210155e+35,8.2279247332e+41,2.6069488847e+41,3.1316564369e+43,-1.0533647235e+05,-4.6425254065e+04,1.0204556435e+04
2653,2.8652400000e+07,1.8742678708e+35,-3.8512877983e+35,-1.9770199275e+35,8.2279250269e+41,2.6069488586e+41,3.1316565334e+43,-1.0533632873e+05,-4.6425347053e+04,1.0204384787e+04
2654,2.8663200000e+07,1.8742452648e+35,-3.8512641057e+35,-1.9770188409e+35,8.2279253205e+41,2.6069488327e+41,3.1316566298e+43,-1.0533618510e+05,-4.6425440042e+04,1.0204213139e+04
2655,2.8674000000e+07,1.8742226924e+35,-3.8512404479e+35,-1.9770177555e+35,8.2279256140e+41,2.6069488068e+41,3.1316567262e+43,-1.0533604147e+05,-4.6425533030e+04,1.0204041491e+04
2656,2.8684800000e+07,1.8742001537e+35,-3.8512168251e+35,-1.9770166714e+35,8.2279259073e+41,2.6069487811e+41,3.1316568226e+43,-1.0533589784e+05,-4.6425626018e+04,1.0203869843e+04
2657,2.8695600000e+07,1.8741776488e+35,-3.8511932374e+35,-1.9770155886e+35,8.2279262004e+41,2.6069487556e+41,3.1316569189e+43,-1.0533575421e+05,-4.6425719006e+04,1.0203698195e+04
2658,2.8706400000e+07,1.8741551778e+35,-3.8511696847e+35,-1.9770145069e+35,8.2279264934e+41,2.6069487301e+41,3.1316570153e+43,-1.0533561059e+05,-4.6425811995e+04,1.0203526547e+04
2659,2.8717200000e+07,1.8741327407e+35,-3.8511461672e+35,-1.9770134265e+35,8.2279267863e+41,2.6069487048e+41,3.1316571116e+43,-1.0533546696e+05,-4.6425904983e+04,1.0203354899e+04
2660,2.8728000000e+07,1.8741103376e+35,-3.8511226849e+35,-1.9770123473e+35,8.2279270790e+41,2.6069486796e+41,3.1316572079e+43,-1.0533532333e+05,-4.6425997971e+04,1.0203183252e+04
2661,2.8738800000e+07,1.8740879686e+35,-3.8510992379e+35,-1.9770112693e+35,8.2279273715e+41,2.6069486545e+41,3.1316573042e+43,-1.0533517970e+05,-4.6426090960e+04,1.0203011604e+04
2662,2.8749600000e+07,1.8740656338e+35,-3.8510758262e+35,-1.9770101925e+35,8.2279276639e+41,2.6069486296e+41,3.1316574005e+43,-1.0533503607e+05,-4.6426183948e+04,1.0202839956e+04
2663,2.8760400000e+07,1.8740433331e+35,-3.8510524499e+35,-1.9770091168e+35,8.2279279562e+41,2.6069486047e+41,3.1316574968e+43,-1.0533489245e+05,-4.6426276936e+04,1.0202668308e+04
2664,2.8771200000e+07,1.8740210666e+35,-3.8510291090e+35,-1.9770080423e+35,8.2279282483e+41,2.6069485800e+41,3.1316575931e+43,-1.0533474882e+05,-4.6426369924e+04,1.0202496660e+04
2665,2.8782000000e+07,1.8739988345e+35,-3.8510058035e+35,-1.9770069690e+35,8.2279285403e+41,2.6069485554e+41,3.1316576893e+43,-1.0533460519e+05,-4.6426462913e+04,1.0202325012e+04
2666,2.8792800000e+07,1.8739766366e+35,-3.8509825335e+35,-1.9770058969e+35,8.2279288322e+41,2.6069485310e+41,3.1316577855e+43,-1.0533446156e+05,-4.6426555901e+04,1.0202153364e+04
2667,2.8803600000e+07,1.8739544732e+35,-3.8509592990e+35,-1.9770048258e+35,8.2279291238e+41,2.6069485066e+41,3.1316578817e+43,-1.0533431793e+05,-4.6426648889e+04,1.0201981716e+04
2668,2.8814400000e+07,1.8739323441e+35,-3.8509361000e+35,-1.9770037559e+35,8.2279294154e+41,2.6069484824e+41,3.1316579779e+43,-1.0533417431e+05,-4.6426741877e+04,1.0201810068e+04
2669,2.8825200000e+07,1.8739102495e+35,-3.8509129366e+35,-1.9770026871e+35,8.2279297068e+41,2.6069484583e+41,3.1316580741e+43,-1.0533403068e+05,-4.6426834866e+04,1.0201638420e+04
2670,2.8836000000e+07,1.8738881894e+35,-3.8508898088e+35,-1.9770016194e+35,8.2279299981e+41,2.6069484343e+41,3.1316581702e+43,-1.0533388705e+05,-4.6426927854e+04,1.0201466772e+04
2671,2.8846800000e+07,1.8738661638e+35,-3.8508667166e+35,-1.9770005528e+35,8.2279302892e+41,2.6069484104e+41,3.1316582664e+43,-1.0533374342e+05,-4.6427020842e+04,1.0201295124e+04
2672,2.8857600000e+07,1.8738441727e+35,-3.8508436600e+35,-1.9769994873e+35,8.2279305802e+41,2.6069483867e+41,3.1316583625e+43,-1.0533359979e+05,-4.6427113831e+04,1.0201123476e+04
2673,2.8868400000e+07,1.8738222162e+35,-3.8508206390e+35,-1.9769984228e+35,8.2279308711e+41,2.6069483630e+41,3.1316584586e+43,-1.0533345617e+05,-4.6427206819e+04,1.0200951828e+04
2674,2.8879200000e+07,1.8738002943e+35,-3.8507976537e+35,-1.9769973594e+35,8.2279311618e+41,2.6069483395e+41,3.1316585547e+43,-1.0533331254e+05,-4.6427299807e+04,1.0200780180e+04
2675,2.8890000000e+07,1.8737784069e+35,-3.8507747040e+35,-1.9769962971e+35,8.2279314524e+41,2.6069483161e+41,3.1316586508e+43,-1.0533316891e+05,-4.6427392796e+04,1.0200608532e+04
2676,2.8900800000e+07,1.8737565542e+35,-3.8507517900e+35,-1.9769952358e+35,8.2279317429e+41,2.6069482928e+41,3.1316587469e+43,-1.0533302528e+05,-4.6427485784e+04,1.0200436884e+04
2677,2.8911600000e+07,1.8737347361e+35,-3.8507289117e+35,-1.9769941756e+35,8.2279320332e+41,2.6069482696e+41,3.1316588429e+43,-1.0533288165e+05,-4.6427578772e+04,1.0200265236e+04
2678,2.8922400000e+07,1.8737129526e+35,-3.8507060690e+35,-1.9769931163e+35,8.2279323234e+41,2.6069482465e+41,3.1316589389e+43,-1.0533273803e+05,-4.6427671761e+04,1.0200093589e+04
2679,2.8933200000e+07,1.8736912038e+35,-3.8506832619e+35,-1.9769920581e+35,8.2279326135e+41,2.6069482236e+41,3.1316590350e+43,-1.0533259440e+05,-4.6427764749e+04,1.0199921941e+04
2680,2.8944000000e+07,1.8736694896e+35,-3.8506604905e+35,-1.9769910009e+35,8.2279329034e+41,2.6069482007e+41,3.1316591310e+43,-1.0533245077e+05,-4.6427857737e+04,1.0199750293e+04
2681,2.8954800000e+07,1.8736478100e+35,-3.8506377548e+35,-1.9769899447e+35,8.2279331932e+41,2.6069481779e+41,3.1316592269e+43,-1.0533230714e+05,-4.6427950725e+04,1.0199578645e+04
2682,2.8965600000e+07,1.8736261651e+35,-3.8506150546e+35,-1.9769888895e+35,8.2279334829e+41,2.6069481553e+41,3.1316593229e+43,-1.0533216351e+05,-4.6428043714e+04,1.0199406997e+04
2683,2.8976400000e+07,1.8736045549e+35,-3.8505923901e+35,-1.9769878353e+35,8.2279337724e+41,2.6069481328e+41,3.1316594189e+43,-1.0533201989e+05,-4.6428136702e+04,1.0199235349e+04
2684,2.8987200000e+07,1.8735829792e+35,-3.8505697612e+35,-1.9769867820e+35,8.2279340619e+41,2.6069481103e+41,3.1316595148e+43,-1.0533187626e+05,-4.6428229690e+04,1.0199063701e+04
2685,2.8998000000e+07,1.8735614382e+35,-3.8505471679e+35,-1.9769857297e+35,8.2279343512e+41,2.6069480880e+41,3.1316596108e+43,-1.0533173263e+05,-4.6428322678e+04,1.0198892053e+04
2686,2.9008800000e+07,1.8735399318e+35,-3.8505246102e+35,-1.9769846784e+35,8.2279346403e+41,2.6069480658e+41,3.1316597067e+43,-1.0533158900e+05,-4.6428415667e+04,1.0198720405e+04
2687,2.9019600000e+07,1.8735184600e+35,-3.8505020880e+35,-1.9769836280e+35,8.2279349294e+41,2.6069480437e+41,3.1316598026e+43,-1.0533144537e+05,-4.6428508655e+04,1.0198548757e+04
2688,2.9030400000e+07,1.8734970228e+35,-3.8504796013e+35,-1.9769825785e+35,8.2279352183e+41,2.6069480217e+41,3.1316598985e+43,-1.0533130175e+05,-4.6428601643e+04,1.0198377109e+04
2689,2.9041200000e+07,1.8734756202e+35,-3.8504571502e+35,-1.9769815300e+35,8.2279355071e+41,2.6069479997e+41,3.1316599943e+43,-1.0533115812e+05,-4.6428694632e+04,1.0198205461e+04
2690,2.9052000000e+07,1.8734542521e+35,-3.8504347345e+35,-1.9769804824e+35,8.2279357958e+41,2.6069479779e+41,3.1316600902e+43,-1.0533101449e+05,-4.6428787620e+04,1.0198033813e+04
2691,2.9062800000e+07,1.8734329186e+35,-3.8504123542e+35,-1.9769794356e+35,8.2279360843e+41,2.6069479562e+41,3.1316601860e+43,-1.0533087086e+05,-4.6428880608e+04,1.0197862165e+04
2692,2.9073600000e+07,1.8734116195e+35,-3.8503900094e+35,-1.9769783898e+35,8.2279363728e+41,2.6069479346e+41,3.1316602819e+43,-1.0533072723e+05,-4.6428973597e+04,1.0197690517e+04
2693,2.9084400000e+07,1.8733903550e+35,-3.8503676999e+35,-1.9769773449e+35,8.2279366611e+41,2.6069479131e+41,3.1316603777e+43,-1.0533058361e+05,-4.6429066585e+04,1.0197518869e+04
2694,2.9095200000e+07,1.8733691249e+35,-3.8503454258e+35,-1.9769763009e+35,8.2279369493e+41,2.6069478917e+41,3.1316604735e+43,-1.0533043998e+05,-4.6429159573e+04,1.0197347221e+04
2695,2.9106000000e+07,1.8733479293e+35,-3.8503231871e+35,-1.9769752578e+35,8.2279372374e+41,2.6069478704e+41,3.1316605693e+43,-1.0533029635e+05,-4.6429252561e+04,1.0197175574e+04
2696,2.9116800000e+07,1.8733267680e+35,-3.8503009836e+35,-1.9769742155e+35,8.2279375253e+41,2.6069478492e+41,3.1316606651e+43,-1.0533015272e+05,-4.6429345550e+04,1.0197003926e+04
2697,2.9127600000e+07,1.8733056412e+35,-3.8502788153e+35,-1.9769731741e+35,8.2279378132e+41,2.6069478281e+41,3.1316607608e+43,-1.0533000909e+05,-4.6429438538e+04,1.0196832278e+04
2698,2.9138400000e+07,1.8732845487e+35,-3.8502566822e+35,-1.9769721336e+35,8.2279381009e+41,2.6069478071e+41,3.1316608566e+43,-1.0532986547e+05,-4.6429531526e+04,1.0196660630e+04
2699,2.9149200000e+07,1.8732634904e+35,-3.8502345843e+35,-1.9769710939e+35,8.2279383885e+41,2.6069477862e+41,3.1316609523e+43,-1.0532972184e+05,-4.6429624515e+04,1.0196488982e+04
2700,2.9160000000e+07,1.8732424665e+35,-3.8502125215e+35,-1.9769700550e+35,8.2279386760e+41,2.6069477653e+41,3.1316610480e+43,-1.0532957821e+05,-4.6429717503e+04,1.0196317334e+04
2701,2.9170800000e+07,1.8732214768e+35,-3.8501904938e+35,-1.9769690170e+35,8.2279389634e+41,2.6069477446e+41,3.1316611438e+43,-1.0532943458e+05,-4.6429810491e+04,1.0196145686e+04
2702,2.9181600000e+07,1.8732005213e+35,-3.8501685010e+35,-1.9769679798e+35,8.2279392507e+41,2.6069477240e+41,3.1316612395e+43,-1.0532929095e+05,-4.6429903479e+04,1.0195974038e+04
2703,2.9192400000e+07,1.8731795999e+35,-3.8501465433e+35,-1.9769669434e+35,8.2279395378e+41,2.6069477034e+41,3.1316613351e+43,-1.0532914733e+05,-4.6429996468e+04,1.0195802390e+04
2704,2.9203200000e+07,1.8731587127e+35,-3.8501246205e+35,-1.9769659078e+35,8.2279398249e+41,2.6069476830e+41,3.1316614308e+43,-1.0532900370e+05,-4.6430089456e+04,1.0195630742e+04
2705,2.9214000000e+07,1.8731378595e+35,-3.8501027326e+35,-1.9769648730e+35,8.2279401118e+41,2.6069476626e+41,3.1316615265e+43,-1.0532886007e+05,-4.6430182444e+04,1.0195459094e+04
2706,2.9224800000e+07,1.8731170404e+35,-3.8500808794e+35,-1.9769638391e+35,8.2279403986e+41,2.6069476424e+41,3.1316616221e+43,-1.0532871644e+05,-4.6430275433e+04,1.0195287446e+04
2707,2.9235600000e+07,1.8730962552e+35,-3.8500590611e+35,-1.9769628059e+35,8.2279406853e+41,2.6069476222e+41,3.1316617178e+43,-1.0532857281e+05,-4.6430368421e+04,1.0195115798e+04
2708,2.9246400000e+07,1.8730755040e+35,-3.8500372775e+35,-1.9769617735e+35,8.2279409719e+41,2.6069476021e+41,3.1316618134e+43,-1.0532842919e+05,-4.6430461409e+04,1.0194944150e+04
2709,2.9257200000e+07,1.8730547866e+35,-3.8500155285e+35,-1.9769607419e+35,8.2279412584e+41,2.6069475821e+41,3.1316619090e+43,-1.0532828556e+05,-4.6430554397e+04,1.0194772502e+04
2710,2.9268000000e+07,1.8730341031e+35,-3.8499938141e+35,-1.9769597110e+35,8.2279415448e+41,2.6069475622e+41,3.1316620046e+43,-1.0532814193e+05,-4.6430647386e+04,1.0194600854e+04
2711,2.9278800000e+07,1.8730134534e+35,-3.8499721343e+35,-1.9769586810e+35,8.2279418311e+41,2.6069475424e+41,3.1316621002e+43,-1.0532799830e+05,-4.6430740374e+04,1.0194429206e+04
2712,2.9289600000e+07,1.8729928374e+35,-3.8499504890e+35,-1.9769576516e+35,8.2279421173e+41,2.6069475227e+41,3.1316621957e+43,-1.0532785467e+05,-4.6430833362e+04,1.0194257558e+04
2713,2.9300400000e+07,1.8729722551e+35,-3.8499288781e+35,-1.9769566230e+35,8.2279424033e+41,2.6069475030e+41,3.1316622913e+43,-1.0532771105e+05,-4.6430926350e+04,1.0194085911e+04
2714,2.9311200000e+07,1.8729517064e+35,-3.8499073016e+35,-1.9769555952e+35,8.2279426893e+41,2.6069474835e+41,3.1316623869e+43,-1.0532756742e+05,-4.6431019339e+04,1.0193914263e+04
2715,2.9322000000e+07,1.8729311913e+35,-3.8498857594e+35,-1.9769545681e+35,8.2279429752e+41,2.6069474640e+41,3.1316624824e+43,-1.0532742379e+05,-4.6431112327e+04,1.0193742615e+04
2716,2.9332800000e+07,1.8729107097e+35,-3.8498642515e+35,-1.9769535417e+35,8.2279432609e+41,2.6069474446e+41,3.1316625779e+43,-1.0532728016e+05,-4.6431205315e+04,1.0193570967e+04
2717,2.9343600000e+07,1.8728902616e+35,-3.8498427777e+35,-1.9769525161e+35,8.2279435466e+41,2.6069474253e+41,3.1316626734e+43,-1.0532713653e+05,-4.6431298304e+04,1.0193399319e+04
2718,2.9354400000e+07,1.8728698469e+35,-3.8498213381e+35,-1.9769514912e+35,8.2279438321e+41,2.6069474061e+41,3.1316627689e+43,-1.0532699291e+05,-4.6431391292e+04,1.0193227671e+04
2719,2.9365200000e+07,1.8728494656e+35,-3.8497999325e+35,-1.9769504670e+35,8.2279441176e+41,2.6069473869e+41,3.1316628644e+43,-1.0532684928e+05,-4.6431484280e+04,1.0193056023e+04
2720,2.9376000000e+07,1.8728291175e+35,-3.8497785609e+35,-1.9769494434e+35,8.2279444029e+41,2.6069473679e+41,3.1316629599e+43,-1.0532670565e+05,-4.6431577268e+04,1.0192884375e+04
2721,2.9386800000e+07,1.8728088027e+35,-3.8497572233e+35,-1.9769484206e+35,8.2279446882e+41,2.6069473489e+41,3.1316630554e+43,-1.0532656202e+05,-4.6431670256e+04,1.0192712727e+04
2722,2.9397600000e+07,1.8727885210e+35,-3.8497359195e+35,-1.9769473985e+35,8.2279449733e+41,2.6069473300e+41,3.1316631508e+43,-1.0532641839e+05,-4.6431763245e+04,1.0192541079e+04
2723,2.9408400000e+07,1.8727682724e+35,-3.8497146495e+35,-1.9769463771e+35,8.2279452584e+41,2.6069473112e+41,3.1316632463e+43,-1.0532627477e+05,-4.6431856233e+04,1.0192369431e+04
2724,2.9419200000e+07,1.8727480569e+35,-3.8496934133e+35,-1.9769453563e+35,8.2279455433e+41,2.6069472925e+41,3.1316633417e+43,-1.0532613114e+05,-4.6431949222e+04,1.0192197783e+04
2725,2.9430000000e+07,1.8727278744e+35,-3.8496722107e+35,-1.9769443363e+35,8.2279458282e+41,2.6069472739e+41,3.1316634371e+43,-1.0532598751e+05,-4.6432042210e+04,1.0192026135e+04
2726,2.9440800000e+07,1.8727077248e+35,-3.8496510417e+35,-1.9769433169e+35,8.2279461129e+41,2.6069472553e+41,3.1316635325e+43,-1.0532584388e+05,-4.6432135198e+04,1.0191854487e+04
2727,2.9451600000e+07,1.8726876080e+35,-3.8496299062e+35,-1.9769422981e+35,8.2279463976e+41,2.6069472368e+41,3.1316636279e+43,-1.0532570025e+05,-4.6432228186e+04,1.0191682839e+04
2728,2.9462400000e+07,1.8726675241e+35,-3.8496088041e+35,-1.9769412801e+35,8.2279466822e+41,2.6069472184e+41,3.1316637233e+43,-1.0532555663e+05,-4.6432321175e+04,1.0191511191e+04
2729,2.9473200000e+07,1.8726474728e+35,-3.8495877355e+35,-1.9769402626e+35,8.2279469666e+41,2.6069472001e+41,3.1316638187e+43,-1.0532541300e+05,-4.6432414163e+04,1.0191339543e+04
2730,2.9484000000e+07,1.8726274543e+35,-3.8495667001e+35,-1.9769392459e+35,8.2279472510e+41,2.6069471818e+41,3.1316639140e+43,-1.0532526937e+05,-4.6432507151e+04,1.0191167896e+04
2731,2.9494800000e+07,1.8726074683e+35,-3.8495456980e+35,-1.9769382297e+35,8.2279475353e+41,2.6069471636e+41,3.1316640094e+43,-1.0532512574e+05,-4.6432600139e+04,1.0190996248e+04
2732,2.9505600000e+07,1.8725875148e+35,-3.8495247291e+35,-1.9769372142e+35,8.2279478195e+41,2.6069471455e+41,3.1316641047e+43,-1.0532498211e+05,-4.6432693128e+04,1.0190824600e+04
2733,2.9516400000e+07,1.8725675939e+35,-3.8495037932e+35,-1.9769361994e+35,8.2279481036e+41,2.6069471275e+41,3.1316642001e+43,-1.0532483849e+05,-4.6432786116e+04,1.0190652952e+04
2734,2.9527200000e+07,1.8725477053e+35,-3.8494828904e+35,-1.9769351851e+35,8.2279483876e+41,2.6069471095e+41,3.1316642954e+43,-1.0532469486e+05,-4.6432879104e+04,1.0190481304e+04
2735,2.9538000000e+07,1.8725278490e+35,-3.8494620205e+35,-1.9769341715e+35,8.2279486715e+41,2.6069470916e+41,3.1316643907e+43,-1.0532455123e+05,-4.6432972093e+04,1.0190309656e+04
2736,2.9548800000e+07,1.8725080250e+35,-3.8494411835e+35,-1.9769331585e+35,8.2279489553e+41,2.6069470738e+41,3.1316644860e+43,-1.0532440760e+05,-4.6433065081e+04,1.0190138008e+04
2737,2.9559600000e+07,1.8724882331e+35,-3.8494203792e+35,-1.9769321461e+35,8.2279492390e+41,2.6069470561e+41,3.1316645813e+43,-1.0532426397e+05,-4.6433158069e+04,1.0189966360e+04
2738,2.9570400000e+07,1.8724684734e+35,-3.8493996077e+35,-1.9769311343e+35,8.2279495226e+41,2.6069470385e+41,3.1316646766e+43,-1.0532412035e+05,-4.6433251057e+04,1.0189794712e+04
2739,2.9581200000e+07,1.8724487457e+35,-3.8493788689e+35,-1.9769301231e+35,8.2279498062e+41,2.6069470209e+41,3.1316647718e+43,-1.0532397672e+05,-4.6433344046e+04,1.0189623064e+04
2740,2.9592000000e+07,1.8724290501e+35,-3.8493581626e+35,-1.9769291125e+35,8.2279500897e+41,2.6069470033e+41,3.1316648671e+43,-1.0532383309e+05,-4.6433437034e+04,1.0189451416e+04
2741,2.9602800000e+07,1.8724093863e+35,-3.8493374888e+35,-1.9769281025e+35,8.2279503730e+41,2.6069469859e+41,3.1316649624e+43,-1.0532368946e+05,-4.6433530022e+04,1.0189279768e+04
2742,2.9613600000e+07,1.8723897543e+35,-3.8493168474e+35,-1.9769270931e+35,8.2279506563e+41,2.6069469685e+41,3.1316650576e+43,-1.0532354583e+05,-4.6433623011e+04,1.0189108120e+04
2743,2.9624400000e+07,1.8723701541e+35,-3.8492962384e+35,-1.9769260843e+35,8.2279509395e+41,2.6069469512e+41,3.1316651528e+43,-1.0532340220e+05,-4.6433715999e+04,1.0188936472e+04
2744,2.9635200000e+07,1.8723505856e+35,-3.8492756617e+35,-1.9769250760e+35,8.2279512226e+41,2.6069469340e+41,3.1316652480e+43,-1.0532325858e+05,-4.6433808987e+04,1.0188764824e+04
2745,2.9646000000e+07,1.8723310487e+35,-3.8492551171e+35,-1.9769240684e+35,8.2279515056e+41,2.6069469168e+41,3.1316653432e+43,-1.0532311495e+05,-4.6433901976e+04,1.0188593176e+04
2746,2.9656800000e+07,1.8723115434e+35,-3.8492346046e+35,-1.9769230612e+35,8.2279517885e+41,2.6069468997e+41,3.1316654384e+43,-1.0532297132e+05,-4.6433994964e+04,1.0188421528e+04
2747,2.9667600000e+07,1.8722920695e+35,-3.8492141242e+35,-1.9769220547e+35,8.2279520714e+41,2.6069468827e+41,3.1316655336e+43,-1.0532282769e+05,-4.6434087952e+04,1.0188249880e+04
2748,2.9678400000e+07,1.8722726271e+35,-3.8491936758e+35,-1.9769210487e+35,8.2279523542e+41,2.6069468657e+41,3.1316656288e+43,-1.0532268407e+05,-4.6434180940e+04,1.0188078233e+04
2749,2.9689200000e+07,1.8722532159e+35,-3.8491732592e+35,-1.9769200432e+35,8.2279526368e+41,2.6069468489e+41,3.1316657240e+43,-1.0532254044e+05,-4.6434273929e+04,1.0187906585e+04
2750,2.9700000000e+07,1.8722338361e+35,-3.8491528744e+35,-1.9769190384e+35,8.2279529194e+41,2.6069468320e+41,3.1316658191e+43,-1.0532239681e+05,-4.6434366917e+04,1.0187734937e+04
2751,2.9710800000e+07,1.8722144874e+35,-3.8491325214e+35,-1.9769180340e+35,8.2279532019e+41,2.6069468153e+41,3.1316659143e+43,-1.0532225318e+05,-4.6434459905e+04,1.0187563289e+04
2752,2.9721600000e+07,1.8721951698e+35,-3.8491122000e+35,-1.9769170302e+35,8.2279534844e+41,2.6069467986e+41,3.1316660094e+43,-1.0532210955e+05,-4.6434552893e+04,1.0187391641e+04
2753,2.9732400000e+07,1.8721758832e+35,-3.8490919102e+35,-1.9769160269e+35,8.2279537667e+41,2.6069467819e+41,3.1316661045e+43,-1.0532196592e+05,-4.6434645882e+04,1.0187219993e+04
2754,2.9743200000e+07,1.8721566277e+35,-3.8490716518e+35,-1.9769150242e+35,8.2279540490e+41,2.6069467654e+41,3.1316661997e+43,-1.0532182230e+05,-4.6434738870e+04,1.0187048345e+04
2755,2.9754000000e+07,1.8721374030e+35,-3.8490514249e+35,-1.9769140220e+35,8.2279543312e+41,2.6069467489e+41,3.1316662948e+43,-1.0532167867e+05,-4.6434831858e+04,1.0186876697e+04
2756,2.9764800000e+07,1.8721182091e+35,-3.8490312293e+35,-1.9769130203e+35,8.2279546133e+41,2.6069467324e+41,3.1316663899e+43,-1.0532153504e+05,-4.6434924846e+04,1.0186705049e+04
2757,2.9775600000e+07,1.8720990459e+35,-3.8490110650e+35,-1.9769120191e+35,8.2279548953e+41,2.6069467161e+41,3.1316664850e+43,-1.0532139141e+05,-4.6435017835e+04,1.0186533401e+04
2758,2.9786400000e+07,1.8720799135e+35,-3.8489909319e+35,-1.9769110184e+35,8.2279551772e+41,2.6069466998e+41,3.1316665801e+43,-1.0532124778e+05,-4.6435110823e+04,1.0186361753e+04
2759,2.9797200000e+07,1.8720608116e+35,-3.8489708299e+35,-1.9769100183e+35,8.2279554591e+41,2.6069466835e+41,3.1316666751e+43,-1.0532110416e+05,-4.6435203811e+04,1.0186190105e+04
2760,2.9808000000e+07,1.8720417402e+35,-3.8489507589e+35,-1.9769090186e+35,8.2279557409e+41,2.6069466673e+41,3.1316667702e+43,-1.0532096053e+05,-4.6435296800e+04,1.0186018457e+04
2761,2.9818800000e+07,1.8720226993e+35,-3.8489307188e+35,-1.9769080195e+35,8.2279560226e+41,2.6069466512e+41,3.1316668652e+43,-1.0532081690e+05,-4.6435389788e+04,1.0185846809e+04
2762,2.9829600000e+07,1.8720036887e+35,-3.8489107096e+35,-1.9769070209e+35,8.2279563042e+41,2.6069466352e+41,3.1316669603e+43,-1.0532067327e+05,-4.6435482776e+04,1.0185675161e+04
2763,2.9840400000e+07,1.8719847085e+35,-3.8488907312e+35,-1.9769060227e+35,8.2279565858e+41,2.6069466192e+41,3.1316670553e+43,-1.0532052964e+05,-4.6435575764e+04,1.0185503513e+04
2764,2.9851200000e+07,1.8719657585e+35,-3.8488707835e+35,-1.9769050250e+35,8.2279568673e+41,2.6069466032e+41,3.1316671504e+43,-1.0532038602e+05,-4.6435668753e+04,1.0185331865e+04
2765,2.9862000000e+07,1.8719468386e+35,-3.8488508664e+35,-1.9769040279e+35,8.2279571487e+41,2.6069465873e+41,3.1316672454e+43,-1.0532024239e+05,-4.6435761741e+04,1.0185160218e+04
2766,2.9872800000e+07,1.8719279488e+35,-3.8488309799e+35,-1.9769030312e+35,8.2279574300e+41,2.6069465715e+41,3.1316673404e+43,-1.0532009876e+05,-4.6435854729e+04,1.0184988570e+04
2767,2.9883600000e+07,1.8719090889e+35,-3.8488111239e+35,-1.9769020350e+35,8.2279577112e+41,2.6069465558e+41,3.1316674354e+43,-1.0531995513e+05,-4.6435947718e+04,1.0184816922e+04
2768,2.9894400000e+07,1.8718902591e+35,-3.8487912983e+35,-1.9769010392e+35,8.2279579924e+41,2.6069465401e+41,3.1316675304e+43,-1.0531981150e+05,-4.6436040706e+04,1.0184645274e+04
2769,2.9905200000e+07,1.8718714590e+35,-3.8487715030e+35,-1.9769000440e+35,8.2279582735e+41,2.6069465244e+41,3.1316676254e+43,-1.0531966788e+05,-4.6436133694e+04,1.0184473626e+04
2770,2.9916000000e+07,1.8718526888e+35,-3.8487517380e+35,-1.9768990492e+35,8.2279585545e+41,2.6069465088e+41,3.1316677203e+43,-1.0531952425e+05,-4.6436226682e+04,1.0184301978e+04
2771,2.9926800000e+07,1.8718339482e+35,-3.8487320031e+35,-1.9768980549e+35,8.2279588355e+41,2.6069464933e+41,3.1316678153e+43,-1.0531938062e+05,-4.6436319671e+04,1.0184130330e+04
2772,2.9937600000e+07,1.8718152373e+35,-3.8487122983e+35,-1.9768970610e+35,8.2279591163e+41,2.6069464778e+41,3.1316679103e+43,-1.0531923699e+05,-4.6436412659e+04,1.0183958682e+04
2773,2.9948400000e+07,1.8717965559e+35,-3.8486926235e+35,-1.9768960676e+35,8.2279593972e+41,2.6069464624e+41,3.1316680052e+43,-1.0531909336e+05,-4.6436505647e+04,1.0183787034e+04
2774,2.9959200000e+07,1.8717779040e+35,-3.8486729786e+35,-1.9768950746e+35,8.2279596779e+41,2.6069464470e+41,3.1316681001e+43,-1.0531894974e+05,-4.6436598635e+04,1.0183615386e+04
2775,2.9970000000e+07,1.8717592815e+35,-3.8486533636e+35,-1.9768940821e+35,8.2279599585e+41,2.6069464317e+41,3.1316681951e+43,-1.0531880611e+05,-4.6436691624e+04,1.0183443738e+04
2776,2.9980800000e+07,1.8717406884e+35,-3.8486337784e+35,-1.9768930901e+35,8.2279602391e+41,2.6069464165e+41,3.1316682900e+43,-1.0531866248e+05,-4.6436784612e+04,1.0183272090e+04
2777,2.9991600000e+07,1.8717221245e+35,-3.8486142229e+35,-1.9768920984e+35,8.2279605197e+41,2.6069464013e+41,3.1316683849e+43,-1.0531851885e+05,-4.6436877600e+04,1.0183100442e+04
2778,3.0002400000e+07,1.8717035898e+35,-3.8485946970e+35,-1.9768911073e+35,8.2279608001e+41,2.6069463862e+41,3.1316684798e+43,-1.0531837522e+05,-4.6436970589e+04,1.0182928794e+04
2779,3.0013200000e+07,1.8716850842e+35,-3.8485752007e+35,-1.9768901165e+35,8.2279610805e+41,2.6069463711e+41,3.1316685747e+43,-1.0531823160e+05,-4.6437063577e+04,1.0182757146e+04
2780,3.0024000000e+07,1.8716666077e+35,-3.8485557339e+35,-1.9768891262e+35,8.2279613608e+41,2.6069463561e+41,3.1316686696e+43,-1.0531808797e+05,-4.6437156565e+04,1.0182585498e+04
2781,3.0034800000e+07,1.8716481601e+35,-3.8485362964e+35,-1.9768881363e+35,8.2279616410e+41,2.6069463411e+41,3.1316687645e+43,-1.0531794434e+05,-4.6437249553e+04,1.0182413850e+04
2782,3.0045600000e+07,1.8716297414e+35,-3.8485168883e+35,-1.9768871469e+35,8.2279619212e+41,2.6069463262e+41,3.1316688594e+43,-1.0531780071e+05,-4.6437342542e+04,1.0182242203e+04
2783,3.0056400000e+07,1.8716113515e+35,-3.8484975094e+35,-1.9768861579e+35,8.2279622013e+41,2.6069463113e+41,3.1316689542e+43,-1.0531765708e+05,-4.6437435530e+04,1.0182070555e+04
2784,3.0067200000e+07,1.8715929904e+35,-3.8484781597e+35,-1.9768851693e+35,8.2279624813e+41,2.6069462965e+41,3.1316690491e+43,-1.0531751346e+05,-4.6437528518e+04,1.0181898907e+04
2785,3.0078000000e+07,1.8715746580e+35,-3.8484588391e+35,-1.9768841811e+35,8.2279627613e+41,2.6069462817e+41,3.1316691439e+43,-1.0531736983e+05,-4.6437621507e+04,1.0181727259e+04
2786,3.0088800000e+07,1.8715563542e+35,-3.8484395475e+35,-1.9768831933e+35,8.2279630412e+41,2.6069462670e+41,3.1316692388e+43,-1.0531722620e+05,-4.6437714495e+04,1.0181555611e+04
2787,3.0099600000e+07,1.8715380789e+35,-3.8484202849e+35,-1.9768822059e+35,8.2279633210e+41,2.6069462523e+41,3.1316693336e+43,-1.0531708257e+05,-4.6437807483e+04,1.0181383963e+04
2788,3.0110400000e+07,1.8715198321e+35,-3.8484010511e+35,-1.9768812190e+35,8.2279636008e+41,2.6069462377e+41,3.1316694285e+43,-1.0531693894e+05,-4.6437900472e+04,1.0181212315e+04
2789,3.0121200000e+07,1.8715016137e+35,-3.8483818461e+35,-1.9768802324e+35,8.2279638805e+41,2.6069462231e+41,3.1316695233e+43,-1.0531679532e+05,-4.6437993460e+04,1.0181040667e+04
2790,3.0132000000e+07,1.8714834236e+35,-3.8483626699e+35,-1.9768792463e+35,8.2279641601e+41,2.6069462086e+41,3.1316696181e+43,-1.0531665169e+05,-4.6438086448e+04,1.0180869019e+04
2791,3.0142800000e+07,1.8714652618e+35,-3.8483435223e+35,-1.9768782606e+35,8.2279644397e+41,2.6069461942e+41,3.1316697129e+43,-1.0531650806e+05,-4.6438179436e+04,1.0180697371e+04
2792,3.0153600000e+07,1.8714471281e+35,-3.8483244033e+35,-1.9768772752e+35,8.2279647192e+41,2.6069461798e+41,3.1316698077e+43,-1.0531636443e+05,-4.6438272424e+04,1.0180525723e+04
2793,3.0164400000e+07,1.8714290226e+35,-3.8483053128e+35,-1.9768762902e+35,8.2279649986e+41,2.6069461654e+41,3.1316699025e+43,-1.0531622080e+05,-4.6438365413e+04,1.0180354075e+04
2794,3.0175200000e+07,1.8714109451e+35,-3.8482862507e+35,-1.9768753057e+35,8.2279652780e+41,2.6069461511e+41,3.1316699972e+43,-1.0531607718e+05,-4.6438458401e+04,1.0180182427e+04
2795,3.0186000000e+07,1.8713928955e+35,-3.8482672170e+35,-1.9768743215e+35,8.2279655573e+41,2.6069461368e+41,3.1316700920e+43,-1.0531593355e+05,-4.6438551389e+04,1.0180010779e+04
2796,3.0196800000e+07,1.8713748739e+35,-3.8482482116e+35,-1.9768733377e+35,8.2279658366e+41,2.6069461226e+41,3.1316701868e+43,-1.0531578992e+05,-4.6438644378e+04,1.0179839131e+04
2797,3.0207600000e+07,1.8713568801e+35,-3.8482292344e+35,-1.9768723543e+35,8.2279661157e+41,2.6069461084e+41,3.1316702815e+43,-1.0531564629e+05,-4.6438737366e+04,1.0179667483e+04
2798,3.0218400000e+07,1.8713389140e+35,-3.8482102853e+35,-1.9768713713e+35,8.2279663949e+41,2.6069460943e+41,3.1316703763e+43,-1.0531550266e+05,-4.6438830354e+04,1.0179495835e+04
2799,3.0229200000e+07,1.8713209757e+35,-3.8481913643e+35,-1.9768703886e+35,8.2279666739e+41,2.6069460802e+41,3.1316704710e+43,-1.0531535904e+05,-4.6438923343e+04,1.0179324187e+04
2800,3.0240000000e+07,1.8713030650e+35,-3.8481724713e+35,-1.9768694063e+35,8.2279669529e+41,2.6069460662e+41,3.1316705658e+43,-1.0531521541e+05,-4.6439016331e+04,1.0179152540e+04
2801,3.0250800000e+07,1.8712851818e+35,-3.8481536062e+35,-1.9768684244e+35,8.2279672318e+41,2.6069460522e+41,3.1316706605e+43,-1.0531507178e+05,-4.6439109319e+04,1.0178980892e+04
2802,3.0261600000e+07,1.8712673262e+35,-3.8481347690e+35,-1.9768674429e+35,8.2279675107e+41,2.6069460382e+41,3.1316707552e+43,-1.0531492815e+05,-4.6439202307e+04,1.0178809244e+04
2803,3.0272400000e+07,1.8712494979e+35,-3.8481159596e+35,-1.9768664617e+35,8.2279677895e+41,2.6069460244e+41,3.1316708499e+43,-1.0531478452e+05,-4.6439295296e+04,1.0178637596e+04
2804,3.0283200000e+07,1.8712316970e+35,-3.8480971779e+35,-1.9768654809e+35,8.2279680683e+41,2.6069460105e+41,3.1316709446e+43,-1.0531464090e+05,-4.6439388284e+04,1.0178465948e+04
2805,3.0294000000e+07,1.8712139234e+35,-3.8480784238e+35,-1.9768645004e+35,8.2279683470e+41,2.6069459967e+41,3.1316710393e+43,-1.0531449727e+05,-4.6439481272e+04,1.0178294300e+04
2806,3.0304800000e+07,1.8711961770e+35,-3.8480596973e+35,-1.9768635203e+35,8.2279686256e+41,2.6069459829e+41,3.1316711340e+43,-1.0531435364e+05,-4.6439574261e+04,1.0178122652e+04
2807,3.0315600000e+07,1.8711784578e+35,-3.8480409984e+35,-1.9768625406e+35,8.2279689042e+41,2.6069459692e+41,3.1316712287e+43,-1.0531421001e+05,-4.6439667249e+04,1.0177951004e+04
2808,3.0326400000e+07,1.8711607657e+35,-3.8480223268e+35,-1.9768615612e+35,8.2279691827e+41,2.6069459555e+41,3.1316713234e+43,-1.0531406638e+05,-4.6439760237e+04,1.0177779356e+04
2809,3.0337200000e+07,1.8711431005e+35,-3.8480036827e+35,-1.9768605821e+35,8.2279694612e+41,2.6069459419e+41,3.1316714181e+43,-1.0531392276e+05,-4.6439853226e+04,1.0177607708e+04
2810,3.0348000000e+07,1.8711254624e+35,-3.8479850658e+35,-1.9768596034e+35,8.2279697396e+41,2.6069459283e+41,3.1316715127e+43,-1.0531377913e+05,-4.6439946214e+04,1.0177436060e+04
2811,3.0358800000e+07,1.8711078511e+35,-3.8479664762e+35,-1.9768586251e+35,8.2279700179e+41,2.6069459148e+41,3.1316716074e+43,-1.0531363550e+05,-4.6440039202e+04,1.0177264412e+04
2812,3.0369600000e+07,1.8710902667e+35,-3.8479479138e+35,-1.9768576471e+35,8.2279702962e+41,2.6069459013e+41,3.1316717021e+43,-1.0531349187e+05,-4.6440132191e+04,1.0177092764e+04
2813,3.0380400000e+07,1.8710727090e+35,-3.8479293784e+35,-1.9768566694e+35,8.2279705744e+41,2.6069458878e+41,3.1316717967e+43,-1.0531334824e+05,-4.6440225179e+04,1.0176921116e+04
2814,3.0391200000e+07,1.8710551780e+35,-3.8479108701e+35,-1.9768556921e+35,8.2279708526e+41,2.6069458744e+41,3.1316718913e+43,-1.0531320462e+05,-4.6440318167e+04,1.0176749468e+04
2815,3.0402000000e+07,1.8710376737e+35,-3.8478923888e+35,-1.9768547151e+35,8.2279711307e+41,2.6069458610e+41,3.1316719860e+43,-1.0531306099e+05,-4.6440411156e+04,1.0176577820e+04
2816,3.0412800000e+07,1.8710201959e+35,-3.8478739343e+35,-1.9768537384e+35,8.2279714087e+41,2.6069458477e+41,3.1316720806e+43,-1.0531291736e+05,-4.6440504144e+04,1.0176406172e+04
2817,3.0423600000e+07,1.8710027446e+35,-3.8478555067e+35,-1.9768527621e+35,8.2279716867e+41,2.6069458344e+41,3.1316721752e+43,-1.0531277373e+05,-4.6440597132e+04,1.0176234525e+04
2818,3.0434400000e+07,1.8709853198e+35,-3.8478371059e+35,-1.9768517861e+35,8.2279719647e+41,2.6069458212e+41,3.1316722698e+43,-1.0531263010e+05,-4.6440690120e+04,1.0176062877e+04
2819,3.0445200000e+07,1.8709679213e+35,-3.8478187318e+35,-1.9768508104e+35,8.2279722426e+41,2.6069458080e+41,3.1316723644e+43,-1.0531248648e+05,-4.6440783109e+04,1.0175891229e+04
2820,3.0456000000e+07,1.8709505492e+35,-3.8478003843e+35,-1.9768498351e+35,8.2279725204e+41,2.6069457948e+41,3.1316724590e+43,-1.0531234285e+05,-4.6440876097e+04,1.0175719581e+04
2821,3.0466800000e+07,1.8709332034e+35,-3.8477820634e+35,-1.9768488601e+35,8.2279727982e+41,2.6069457817e+41,3.1316725536e+43,-1.0531219922e+05,-4.6440969085e+04,1.0175547933e+04
2822,3.0477600000e+07,1.8709158837e+35,-3.8477637690e+35,-1.9768478854e+35,8.2279730759e+41,2.6069457686e+41,3.1316726482e+43,-1.0531205559e+05,-4.6441062073e+04,1.0175376285e+04
2823,3.0488400000e+07,1.8708985901e+35,-3.8477455011e+35,-1.9768469110e+35,8.2279733536e+41,2.6069457555e+41,3.1316727428e+43,-1.0531191196e+05,-4.6441155062e+04,1.0175204637e+04
2824,3.0499200000e+07,1.8708813227e+35,-3.8477272596e+35,-1.9768459369e+35,8.2279736312e+41,2.6069457425e+41,3.1316728373e+43,-1.0531176834e+05,-4.6441248050e+04,1.0175032989e+04
2825,3.0510000000e+07,1.8708640812e+35,-3.8477090443e+35,-1.9768449631e+35,8.2279739087e+41,2.6069457295e+41,3.1316729319e+43,-1.0531162471e+05,-4.6441341038e+04,1.0174861341e+04
2826,3.0520800000e+07,1.8708468657e+35,-3.8476908554e+35,-1.9768439897e+35,8.2279741862e+41,2.6069457166e+41,3.1316730265e+43,-1.0531148108e+05,-4.6441434027e+04,1.0174689693e+04
2827,3.0531600000e+07,1.8708296761e+35,-3.8476726926e+35,-1.9768430165e+35,8.2279744637e+41,2.6069457037e+41,3.1316731210e+43,-1.0531133745e+05,-4.6441527015e+04,1.0174518045e+04
2828,3.0542400000e+07,1.8708125123e+35,-3.8476545560e+35,-1.9768420437e+35,8.2279747411e+41,2.6069456908e+41,3.1316732156e+43,-1.0531119382e+05,-4.6441620003e+04,1.0174346397e+04
2829,3.0553200000e+07,1.8707953743e+35,-3.8476364455e+35,-1.9768410712e+35,8.2279750185e+41,2.6069456780e+41,3.1316733101e+43,-1.0531105020e+05,-4.6441712992e+04,1.0174174749e+04
2830,3.0564000000e+07,1.8707782620e+35,-3.8476183610e+35,-1.9768400989e+35,8.2279752957e+41,2.6069456652e+41,3.1316734046e+43,-1.0531090657e+05,-4.6441805980e+04,1.0174003101e+04
2831,3.0574800000e+07,1.8707611754e+35,-3.8476003024e+35,-1.9768391270e+35,8.2279755730e+41,2.6069456525e+41,3.1316734992e+43,-1.0531076294e+05,-4.6441898968e+04,1.0173831453e+04
2832,3.0585600000e+07,1.8707441144e+35,-3.8475822697e+35,-1.9768381554e+35,8.2279758502e+41,2.6069456398e+41,3.1316735937e+43,-1.0531061931e+05,-4.6441991957e+04,1.0173659805e+04
2833,3.0596400000e+07,1.8707270789e+35,-3.8475642629e+35,-1.9768371840e+35,8.2279761273e+41,2.6069456271e+41,3.1316736882e+43,-1.0531047568e+05,-4.6442084945e+04,1.0173488157e+04
2834,3.0607200000e+07,1.8707100689e+35,-3.8475462819e+35,-1.9768362130e+35,8.2279764044e+41,2.6069456145e+41,3.1316737827e+43,-1.0531033206e+05,-4.6442177933e+04,1.0173316509e+04
2835,3.0618000000e+07,1.8706930843e+35,-3.8475283265e+35,-1.9768352423e+35,8.2279766815e+41,2.6069456019e+41,3.1316738772e+43,-1.0531018843e+05,-4.6442270921e+04,1.0173144862e+04
2836,3.0628800000e+07,1.8706761251e+35,-3.8475103969e+35,-1.9768342718e+35,8.2279769585e+41,2.6069455893e+41,3.1316739717e+43,-1.0531004480e+05,-4.6442363910e+04,1.0172973214e+04
2837,3.0639600000e+07,1.8706591912e+35,-3.8474924928e+35,-1.9768333016e+35,8.2279772354e+41,2.6069455767e+41,3.1316740662e+43,-1.0530990117e+05,-4.6442456898e+04,1.0172801566e+04
2838,3.0650400000e+07,1.8706422825e+35,-3.8474746143e+35,-1.9768323317e+35,8.2279775123e+41,2.6069455643e+41,3.1316741607e+43,-1.0530975754e+05,-4.6442549886e+04,1.0172629918e+04
2839,3.0661200000e+07,1.8706253991e+35,-3.8474567612e+35,-1.9768313621e+35,8.2279777891e+41,2.6069455518e+41,3.1316742552e+43,-1.0530961392e+05,-4.6442642874e+04,1.0172458270e+04
2840,3.0672000000e+07,1.8706085408e+35,-3.8474389336e+35,-1.9768303928e+35,8.2279780659e+41,2.6069455394e+41,3.1316743496e+43,-1.0530947029e+05,-4.6442735863e+04,1.0172286622e+04
2841,3.0682800000e+07,1.8705917076e+35,-3.8474211314e+35,-1.9768294238e+35,8.2279783427e+41,2.6069455270e+41,3.1316744441e+43,-1.0530932666e+05,-4.6442828851e+04,1.0172114974e+04
2842,3.0693600000e+07,1.8705748994e+35,-3.8474033545e+35,-1.9768284550e+35,8.2279786194e+41,2.6069455146e+41,3.1316745386e+43,-1.0530918303e+05,-4.6442921839e+04,1.0171943326e+04
2843,3.0704400000e+07,1.8705581163e+35,-3.8473856028e+35,-1.9768274866e+35,8.2279788960e+41,2.6069455023e+41,3.1316746330e+43,-1.0530903940e+05,-4.6443014828e+04,1.0171771678e+04
2844,3.0715200000e+07,1.8705413580e+35,-3.8473678764e+35,-1.9768265183e+35,8.2279791726e+41,2.6069454900e+41,3.1316747275e+43,-1.0530889578e+05,-4.6443107816e+04,1.0171600030e+04
2845,3.0726000000e+07,1.8705246246e+35,-3.8473501751e+35,-1.9768255504e+35,8.2279794492e+41,2.6069454777e+41,3.1316748219e+43,-1.0530875215e+05,-4.6443200804e+04,1.0171428382e+04
2846,3.0736800000e+07,1.8705079161e+35,-3.8473324989e+35,-1.9768245828e+35,8.2279797257e+41,2.6069454655e+41,3.1316749164e+43,-1.0530860852e+05,-4.6443293792e+04,1.0171256734e+04
2847,3.0747600000e+07,1.8704912323e+35,-3.8473148477e+35,-1.9768236154e+35,8.2279800022e+41,2.6069454533e+41,3.1316750108e+43,-1.0530846489e+05,-4.6443386781e+04,1.0171085086e+04
2848,3.0758400000e+07,1.8704745733e+35,-3.8472972215e+35,-1.9768226482e+35,8.2279802786e+41,2.6069454411e+41,3.1316751052e+43,-1.0530832126e+05,-4.6443479769e+04,1.0170913438e+04
2849,3.0769200000e+07,1.8704579389e+35,-3.8472796203e+35,-1.9768216814e+35,8.2279805549e+41,2.6069454290e+41,3.1316751996e+43,-1.0530817764e+05,-4.6443572757e+04,1.0170741790e+04
2850,3.0780000000e+07,1.8704413291e+35,-3.8472620439e+35,-1.9768207148e+35,8.2279808313e+41,2.6069454169e+41,3.1316752941e+43,-1.0530803401e+05,-4.6443665745e+04,1.0170570142e+04
2851,3.0790800000e+07,1.8704247439e+35,-3.8472444924e+35,-1.9768197485e+35,8.2279811075e+41,2.6069454048e+41,3.1316753885e+43,-1.0530789038e+05,-4.6443758734e+04,1.0170398494e+04
2852,3.0801600000e+07,1.8704081832e+35,-3.8472269656e+35,-1.9768187824e+35,8.2279813838e+41,2.6069453928e+41,3.1316754829e+43,-1.0530774675e+05,-4.6443851722e+04,1.0170226847e+04
2853,3.0812400000e+07,1.8703916470e+35,-3.8472094636e+35,-1.9768178166e+35,8.2279816599e+41,2.6069453808e+41,3.1316755773e+43,-1.0530760312e+05,-4.6443944710e+04,1.0170055199e+04
2854,3.0823200000e+07,1.8703751352e+35,-3.8471919862e+35,-1.9768168510e+35,8.2279819361e+41,2.6069453688e+41,3.1316756717e+43,-1.0530745950e+05,-4.6444037698e+04,1.0169883551e+04
2855,3.0834000000e+07,1.8703586478e+35,-3.8471745335e+35,-1.9768158857e+35,8.2279822122e+41,2.6069453569e+41,3.1316757661e+43,-1.0530731587e+05,-4.6444130687e+04,1.0169711903e+04
2856,3.0844800000e+07,1.8703421847e+35,-3.8471571053e+35,-1.9768149207e+35,8.2279824882e+41,2.6069453450e+41,3.1316758604e+43,-1.0530717224e+05,-4.6444223675e+04,1.0169540255e+04
2857,3.0855600000e+07,1.8703257458e+35,-3.8471397017e+35,-1.9768139559e+35,8.2279827642e+41,2.6069453331e+41,3.1316759548e+43,-1.0530702861e+05,-4.6444316663e+04,1.0169368607e+04
2858,3.0866400000e+07,1.8703093312e+35,-3.8471223225e+35,-1.9768129913e+35,8.2279830402e+41,2.6069453212e+41,3.1316760492e+43,-1.0530688498e+05,-4.6444409652e+04,1.0169196959e+04
2859,3.0877200000e+07,1.8702929407e+35,-3.8471049677e+35,-1.9768120270e+35,8.2279833161e+41,2.6069453094e+41,3.1316761436e+43,-1.0530674136e+05,-4.6444502640e+04,1.0169025311e+04
2860,3.0888000000e+07,1.8702765744e+35,-3.8470876374e+35,-1.9768110630e+35,8.2279835920e+41,2.6069452976e+41,3.1316762379e+43,-1.0530659773e+05,-4.6444595628e+04,1.0168853663e+04
2861,3.0898800000e+07,1.8702602321e+35,-3.8470703313e+35,-1.9768100992e+35,8.2279838678e+41,2.6069452859e+41,3.1316763323e+43,-1.0530645410e+05,-4.6444688616e+04,1.0168682015e+04
2862,3.0909600000e+07,1.8702439139e+35,-3.8470530495e+35,-1.9768091356e+35,8.2279841436e+41,2.6069452741e+41,3.1316764266e+43,-1.0530631047e+05,-4.6444781605e+04,1.0168510367e+04
2863,3.0920400000e+07,1.8702276196e+35,-3.8470357920e+35,-1.9768081723e+35,8.2279844193e+41,2.6069452624e+41,3.1316765210e+43,-1.0530616684e+05,-4.6444874593e+04,1.0168338719e+04
2864,3.0931200000e+07,1.8702113493e+35,-3.8470185586e+35,-1.9768072093e+35,8.2279846950e+41,2.6069452508e+41,3.1316766153e+43,-1.0530602322e+05,-4.6444967581e+04,1.0168167071e+04
2865,3.0942000000e+07,1.8701951029e+35,-3.8470013493e+35,-1.9768062464e+35,8.2279849707e+41,2.6069452391e+41,3.1316767097e+43,-1.0530587959e+05,-4.6445060569e+04,1.0167995423e+04
2866,3.0952800000e+07,1.8701788804e+35,-3.8469841642e+35,-1.9768052838e+35,8.2279852463e+41,2.6069452275e+41,3.1316768040e+43,-1.0530573596e+05,-4.6445153558e+04,1.0167823775e+04
2867,3.0963600000e+07,1.8701626816e+35,-3.8469670031e+35,-1.9768043215e+35,8.2279855219e+41,2.6069452159e+41,3.1316768983e+43,-1.0530559233e+05,-4.6445246546e+04,1.0167652127e+04
2868,3.0974400000e+07,1.8701465066e+35,-3.8469498659e+35,-1.9768033593e+35,8.2279857974e+41,2.6069452043e+41,3.1316769926e+43,-1.0530544870e+05,-4.6445339534e+04,1.0167480479e+04
2869,3.0985200000e+07,1.8701303553e+35,-3.8469327528e+35,-1.9768023974e+35,8.2279860729e+41,2.6069451928e+41,3.1316770870e+43,-1.0530530508e+05,-4.6445432522e+04,1.0167308831e+04
2870,3.0996000000e+07,1.8701142277e+35,-3.8469156635e+35,-1.9768014358e+35,8.2279863483e+41,2.6069451813e+41,3.1316771813e+43,-1.0530516145e+05,-4.6445525511e+04,1.0167137184e+04
2871,3.1006800000e+07,1.8700981237e+35,-3.8468985981e+35,-1.9768004744e+35,8.2279866237e+41,2.6069451698e+41,3.1316772756e+43,-1.0530501782e+05,-4.6445618499e+04,1.0166965536e+04
2872,3.1017600000e+07,1.8700820433e+35,-3.8468815565e+35,-1.9767995132e+35,8.2279868991e+41,2.6069451583e+41,3.1316773699e+43,-1.0530487419e+05,-4.6445711487e+04,1.0166793888e+04
2873,3.1028400000e+07,1.8700659865e+35,-3.8468645386e+35,-1.9767985522e+35,8.2279871744e+41,2.6069451469e+41,3.1316774642e+43,-1.0530473056e+05,-4.6445804476e+04,1.0166622240e+04
2874,3.1039200000e+07,1.8700499531e+35,-3.8468475445e+35,-1.9767975914e+35,8.2279874497e+41,2.6069451355e+41,3.1316775585e+43,-1.0530458694e+05,-4.6445897464e+04,1.0166450592e+04
2875,3.1050000000e+07,1.8700339432e+35,-3.8468305741e+35,-1.9767966309e+35,8.2279877250e+41,2.6069451241e+41,3.1316776527e+43,-1.0530444331e+05,-4.6445990452e+04,1.0166278944e+04
2876,3.1060800000e+07,1.8700179567e+35,-3.8468136273e+35,-1.9767956706e+35,8.2279880002e+41,2.6069451128e+41,3.1316777470e+43,-1.0530429968e+05,-4.6446083440e+04,1.0166107296e+04
2877,3.1071600000e+07,1.8700019936e+35,-3.8467967041e+35,-1.9767947105e+35,8.2279882753e+41,2.6069451014e+41,3.1316778413e+43,-1.0530415605e+05,-4.6446176429e+04,1.0165935648e+04
2878,3.1082400000e+07,1.8699860539e+35,-3.8467798045e+35,-1.9767937507e+35,8.2279885505e+41,2.6069450901e+41,3.1316779356e+43,-1.0530401242e+05,-4.6446269417e+04,1.0165764000e+04
2879,3.1093200000e+07,1.8699701374e+35,-3.8467629284e+35,-1.9767927910e+35,8.2279888256e+41,2.6069450789e+41,3.1316780298e+43,-1.0530386880e+05,-4.6446362405e+04,1.0165592352e+04
2880,3.1104000000e+07,1.8699542442e+35,-3.8467460758e+35,-1.9767918316e+35,8.2279891006e+41,2.6069450676e+41,3.1316781241e+43,-1.0530372517e+05,-4.6446455394e+04,1.0165420704e+04
2881,3.1114800000e+07,1.8699383742e+35,-3.8467292466e+35,-1.9767908724e+35,8.2279893756e+41,2.6069450564e+41,3.1316782184e+43,-1.0530358154e+05,-4.6446548382e+04,1.0165249056e+04
2882,3.1125600000e+07,1.8699225274e+35,-3.8467124408e+35,-1.9767899134e+35,8.2279896506e+41,2.6069450452e+41,3.1316783126e+43,-1.0530343791e+05,-4.6446641370e+04,1.0165077408e+04
2883,3.1136400000e+07,1.8699067037e+35,-3.8466956583e+35,-1.9767889546e+35,8.2279899255e+41,2.6069450340e+41,3.1316784069e+43,-1.0530329428e+05,-4.6446734359e+04,1.0164905760e+04
2884,3.1147200000e+07,1.8698909031e+35,-3.8466788992e+35,-1.9767879960e+35,8.2279902004e+41,2.6069450228e+41,3.1316785011e+43,-1.0530315066e+05,-4.6446827347e+04,1.0164734112e+04
2885,3.1158000000e+07,1.8698751256e+35,-3.8466621633e+35,-1.9767870377e+35,8.2279904753e+41,2.6069450117e+41,3.1316785953e+43,-1.0530300703e+05,-4.6446920335e+04,1.0164562464e+04
2886,3.1168800000e+07,1.8698593711e+35,-3.8466454506e+35,-1.9767860795e+35,8.2279907501e+41,2.6069450006e+41,3.1316786896e+43,-1.0530286340e+05,-4.6447013324e+04,1.0164390816e+04
2887,3.1179600000e+07,1.8698436396e+35,-3.8466287612e+35,-1.9767851216e+35,8.2279910249e+41,2.6069449895e+41,3.1316787838e+43,-1.0530271977e+05,-4.6447106312e+04,1.0164219169e+04
2888,3.1190400000e+07,1.8698279311e+35,-3.8466120949e+35,-1.9767841638e+35,8.2279912996e+41,2.6069449785e+41,3.1316788780e+43,-1.0530257614e+05,-4.6447199300e+04,1.0164047521e+04
2889,3.1201200000e+07,1.8698122454e+35,-3.8465954518e+35,-1.9767832063e+35,8.2279915743e+41,2.6069449674e+41,3.1316789722e+43,-1.0530243252e+05,-4.6447292288e+04,1.0163875873e+04
2890,3.1212000000e+07,1.8697965827e+35,-3.8465788317e+35,-1.9767822490e+35,8.2279918490e+41,2.6069449564e+41,3.1316790665e+43,-1.0530228889e+05,-4.6447385276e+04,1.0163704225e+04
2891,3.1222800000e+07,1.8697809428e+35,-3.8465622347e+35,-1.9767812919e+35,8.2279921236e+41,2.6069449454e+41,3.1316791607e+43,-1.0530214526e+05,-4.6447478265e+04,1.0163532577e+04
2892,3.1233600000e+07,1.8697653257e+35,-3.8465456606e+35,-1.9767803349e+35,8.2279923982e+41,2.6069449344e+41,3.1316792549e+43,-1.0530200163e+05,-4.6447571253e+04,1.0163360929e+04
2893,3.1244400000e+07,1.8697497314e+35,-3.8465291096e+35,-1.9767793782e+35,8.2279926728e+41,2.6069449235e+41,3.1316793491e+43,-1.0530185800e+05,-4.6447664241e+04,1.0163189281e+04
2894,3.1255200000e+07,1.8697341598e+35,-3.8465125815e+35,-1.9767784217e+35,8.2279929473e+41,2.6069449126e+41,3.1316794433e+43,-1.0530171437e+05,-4.6447757229e+04,1.0163017633e+04
2895,3.1266000000e+07,1.8697186110e+35,-3.8464960763e+35,-1.9767774653e+35,8.2279932218e+41,2.6069449017e+41,3.1316795375e+43,-1.0530157075e+05,-4.6447850218e+04,1.0162845985e+04
2896,3.1276800000e+07,1.8697030848e+35,-3.8464795940e+35,-1.9767765092e+35,8.2279934963e+41,2.6069448908e+41,3.1316796317e+43,-1.0530142712e+05,-4.6447943206e+04,1.0162674337e+04
2897,3.1287600000e+07,1.8696875812e+35,-3.8464631345e+35,-1.9767755533e+35,8.2279937707e+41,2.6069448799e+41,3.1316797258e+43,-1.0530128349e+05,-4.6448036194e+04,1.0162502689e+04
2898,3.1298400000e+07,1.8696721003e+35,-3.8464466978e+35,-1.9767745975e+35,8.2279940451e+41,2.6069448691e+41,3.1316798200e+43,-1.0530113986e+05,-4.6448129183e+04,1.0162331041e+04
2899,3.1309200000e+07,1.8696566419e+35,-3.8464302838e+35,-1.9767736420e+35,8.2279943194e+41,2.6069448583e+41,3.1316799142e+43,-1.0530099623e+05,-4.6448222171e+04,1.0162159393e+04
2900,3.1320000000e+07,1.8696412061e+35,-3.8464138927e+35,-1.9767726866e+35,8.2279945938e+41,2.6069448475e+41,3.1316800084e+43,-1.0530085261e+05,-4.6448315159e+04,1.0161987745e+04
2901,3.1330800000e+07,1.8696257927e+35,-3.8463975242e+35,-1.9767717314e+35,8.2279948680e+41,2.6069448367e+41,3.1316801025e+43,-1.0530070898e+05,-4.6448408148e+04,1.0161816097e+04
2902,3.1341600000e+07,1.8696104019e+35,-3.8463811783e+35,-1.9767707764e+35,8.2279951423e+41,2.6069448259e+41,3.1316801967e+43,-1.0530056535e+05,-4.6448501136e+04,1.0161644449e+04
2903,3.1352400000e+07,1.8695950335e+35,-3.8463648551e+35,-1.9767698216e+35,8.2279954165e+41,2.6069448152e+41,3.1316802909e+43,-1.0530042172e+05,-4.6448594124e+04,1.0161472801e+04
2904,3.1363200000e+07,1.8695796875e+35,-3.8463485545e+35,-1.9767688670e+35,8.2279956907e+41,2.6069448045e+41,3.1316803850e+43,-1.0530027809e+05,-4.6448687112e+04,1.0161301153e+04
2905,3.1374000000e+07,1.8695643639e+35,-3.8463322765e+35,-1.9767679126e+35,8.2279959648e+41,2.6069447938e+41,3.1316804792e+43,-1.0530013447e+05,-4.6448780101e+04,1.0161129506e+04
2906,3.1384800000e+07,1.8695490627e+35,-3.8463160211e+35,-1.9767669583e+35,8.2279962389e+41,2.6069447831e+41,3.1316805733e+43,-1.0529999084e+05,-4.6448873089e+04,1.0160957858e+04
2907,3.1395600000e+07,1.8695337838e+35,-3.8462997881e+35,-1.9767660043e+35,8.2279965130e+41,2.6069447725e+41,3.1316806675e+43,-1.0529984721e+05,-4.6448966077e+04,1.0160786210e+04
2908,3.1406400000e+07,1.8695185272e+35,-3.8462835776e+35,-1.9767650504e+35,8.2279967871e+41,2.6069447618e+41,3.1316807616e+43,-1.0529970358e+05,-4.6449059065e+04,1.0160614562e+04
2909,3.1417200000e+07,1.8695032929e+35,-3.8462673896e+35,-1.9767640967e+35,8.2279970611e+41,2.6069447512e+41,3.1316808557e+43,-1.0529955995e+05,-4.6449152054e+04,1.0160442914e+04
2910,3.1428000000e+07,1.8694880808e+35,-3.8462512240e+35,-1.9767631432e+35,8.2279973351e+41,2.6069447406e+41,3.1316809499e+43,-1.0529941633e+05,-4.6449245042e+04,1.0160271266e+04
2911,3.1438800000e+07,1.8694728909e+35,-3.8462350808e+35,-1.9767621898e+35,8.2279976090e+41,2.6069447300e+41,3.1316810440e+43,-1.0529927270e+05,-4.6449338030e+04,1.0160099618e+04
2912,3.1449600000e+07,1.8694577233e+35,-3.8462189599e+35,-1.9767612366e+35,8.2279978829e+41,2.6069447195e+41,3.1316811381e+43,-1.0529912907e+05,-4.6449431019e+04,1.0159927970e+04
2913,3.1460400000e+07,1.8694425777e+35,-3.8462028614e+35,-1.9767602836e+35,8.2279981568e+41,2.6069447089e+41,3.1316812322e+43,-1.0529898544e+05,-4.6449524007e+04,1.0159756322e+04
2914,3.1471200000e+07,1.8694274543e+35,-3.8461867852e+35,-1.9767593308e+35,8.2279984307e+41,2.6069446984e+41,3.1316813264e+43,-1.0529884182e+05,-4.6449616995e+04,1.0159584674e+04
2915,3.1482000000e+07,1.8694123531e+35,-3.8461707312e+35,-1.9767583782e+35,8.2279987045e+41,2.6069446879e+41,3.1316814205e+43,-1.0529869819e+05,-4.6449709983e+04,1.0159413026e+04
2916,3.1492800000e+07,1.8693972739e+35,-3.8461546995e+35,-1.9767574257e+35,8.2279989783e+41,2.6069446774e+41,3.1316815146e+43,-1.0529855456e+05,-4.6449802972e+04,1.0159241378e+04
2917,3.1503600000e+07,1.8693822167e+35,-3.8461386901e+35,-1.9767564734e+35,8.2279992521e+41,2.6069446669e+41,3.1316816087e+43,-1.0529841093e+05,-4.6449895960e+04,1.0159069730e+04
2918,3.1514400000e+07,1.8693671816e+35,-3.8461227028e+35,-1.9767555212e+35,8.2279995258e+41,2.6069446565e+41,3.1316817028e+43,-1.0529826730e+05,-4.6449988948e+04,1.0158898082e+04
2919,3.1525200000e+07,1.8693521685e+35,-3.8461067377e+35,-1.9767545693e+35,8.2279997995e+41,2.6069446460e+41,3.1316817969e+43,-1.0529812368e+05,-4.6450081937e+04,1.0158726434e+04
2920,3.1536000000e+07,1.8693371773e+35,-3.8460907948e+35,-1.9767536175e+35,8.2280000732e+41,2.6069446356e+41,3.1316818910e+43,-1.0529798005e+05,-4.6450174925e+04,1.0158554786e+04
