step,t,K,U,E,Lx,Ly,Lz,Rcom_x,Rcom_y,Rcom_z
0,0.0000000000e+00,1.9273021574e+35,-3.9079446895e+35,-1.9806425321e+35,8.2270836869e+41,2.6070550106e+41,3.1313874630e+43,-1.0571737383e+05,-4.6178649135e+04,1.0659766780e+04
1,4.3200000000e+04,1.9271571561e+35,-3.9077996716e+35,-1.9806425155e+35,8.2270836869e+41,2.6070550106e+41,3.1313874630e+43,-1.0571679932e+05,-4.6179021088e+04,1.0659080188e+04
2,8.6400000000e+04,1.9270134623e+35,-3.9076559624e+35,-1.9806425001e+35,8.2270836869e+41,2.6070550106e+41,3.1313874630e+43,-1.0571622480e+05,-4.6179393042e+04,1.0658393596e+04
3,1.2960000000e+05,1.9268711112e+35,-3.9075135970e+35,-1.9806424857e+35,8.2270836869e+41,2.6070550106e+41,3.1313874630e+43,-1.0571565029e+05,-4.6179764995e+04,1.0657707004e+04
4,1.7280000000e+05,1.9267301317e+35,-3.9073726040e+35,-1.9806424723e+35,8.2270836869e+41,2.6070550106e+41,3.1313874630e+43,-1.0571507578e+05,-4.6180136948e+04,1.0657020412e+04
5,2.1600000000e+05,1.9265905469e+35,-3.9072330068e+35,-1.9806424598e+35,8.2270836869e+41,2.6070550106e+41,3.1313874630e+43,-1.0571450127e+05,-4.6180508901e+04,1.0656333821e+04
6,2.5920000000e+05,1.9264523754e+35,-3.9070948236e+35,-1.9806424482e+35,8.2270836869e+41,2.6070550106e+41,3.1313874630e+43,-1.0571392676e+05,-4.6180880854e+04,1.0655647229e+04
7,3.0240000000e+05,1.9263156308e+35,-3.9069580682e+35,-1.9806424374e+35,8.2270836869e+41,2.6070550106e+41,3.1313874630e+43,-1.0571335224e+05,-4.6181252807e+04,1.0654960637e+04
8,3.4560000000e+05,1.9261803231e+35,-3.9068227504e+35,-1.9806424273e+35,8.2270836869e+41,2.6070550106e+41,3.1313874630e+43,-1.0571277773e+05,-4.6181624760e+04,1.0654274045e+04
9,3.8880000000e+05,1.9260464584e+35,-3.9066888763e+35,-1.9806424179e+35,8.2270836869e+41,2.6070550106e+41,3.1313874630e+43,-1.0571220322e+05,-4.6181996714e+04,1.0653587454e+04
10,4.3200000000e+05,1.9259140397e+35,-3.9065564489e+35,-1.9806424092e+35,8.2270836869e+41,2.6070550106e+41,3.1313874630e+43,-1.0571162871e+05,-4.6182368667e+04,1.0652900862e+04
11,4.7520000000e+05,1.9257830673e+35,-3.9064254685e+35,-1.9806424011e+35,8.2270836869e+41,2.6070550106e+41,3.1313874630e+43,-1.0571105420e+05,-4.6182740620e+04,1.0652214270e+04
12,5.1840000000e+05,1.9256535390e+35,-3.9062959326e+35,-1.9806423936e+35,8.2270836869e+41,2.6070550106e+41,3.1313874630e+43,-1.0571047968e+05,-4.6183112573e+04,1.0651527678e+04
13,5.6160000000e+05,1.9255254504e+35,-3.9061678370e+35,-1.9806423866e+35,8.2270836869e+41,2.6070550106e+41,3.1313874630e+43,-1.0570990517e+05,-4.6183484526e+04,1.0650841086e+04
14,6.0480000000e+05,1.9253987952e+35,-3.9060411753e+35,-1.9806423801e+35,8.2270836869e+41,2.6070550106e+41,3.1313874630e+43,-1.0570933066e+05,-4.6183856479e+04,1.0650154495e+04
15,6.4800000000e+05,1.9252735657e+35,-3.9059159397e+35,-1.9806423740e+35,8.2270836869e+41,2.6070550106e+41,3.1313874630e+43,-1.0570875615e+05,-4.6184228432e+04,1.0649467903e+04
16,6.9120000000e+05,1.9251497527e+35,-3.9057921211e+35,-1.9806423684e+35,8.2270836869e+41,2.6070550106e+41,3.1313874630e+43,-1.0570818164e+05,-4.6184600385e+04,1.0648781311e+04
17,7.3440000000e+05,1.9250273458e+35,-3.9056697090e+35,-1.9806423632e+35,8.2270836869e+41,2.6070550106e+41,3.1313874630e+43,-1.0570760712e+05,-4.6184972339e+04,1.0648094719e+04
18,7.7760000000e+05,1.9249063339e+35,-3.9055486922e+35,-1.9806423583e+35,8.2270836869e+41,2.6070550106e+41,3.1313874630e+43,-1.0570703261e+05,-4.6185344292e+04,1.0647408128e+04
19,8.2080000000e+05,1.9247867049e+35,-3.9054290587e+35,-1.9806423538e+35,8.2270836869e+41,2.6070550106e+41,3.1313874630e+43,-1.0570645810e+05,-4.6185716245e+04,1.0646721536e+04
20,8.6400000000e+05,1.9246684463e+35,-3.9053107959e+35,-1.9806423496e+35,8.2270836869e+41,2.6070550106e+41,3.1313874630e+43,-1.0570588359e+05,-4.6186088198e+04,1.0646034944e+04
21,9.0720000000e+05,1.9245515450e+35,-3.9051938906e+35,-1.9806423457e+35,8.2270836869e+41,2.6070550106e+41,3.1313874630e+43,-1.0570530908e+05,-4.6186460151e+04,1.0645348352e+04
22,9.5040000000e+05,1.9244359875e+35,-3.9050783296e+35,-1.9806423420e+35,8.2270836869e+41,2.6070550106e+41,3.1313874630e+43,-1.0570473456e+05,-4.6186832104e+04,1.0644661761e+04
23,9.9360000000e+05,1.9243217603e+35,-3.9049640990e+35,-1.9806423387e+35,8.2270836869e+41,2.6070550106e+41,3.1313874630e+43,-1.0570416005e+05,-4.6187204057e+04,1.0643975169e+04
24,1.0368000000e+06,1.9242088496e+35,-3.9048511851e+35,-1.9806423355e+35,8.2270836869e+41,2.6070550106e+41,3.1313874630e+43,-1.0570358554e+05,-4.6187576010e+04,1.0643288577e+04
25,1.0800000000e+06,1.9240972415e+35,-3.9047395741e+35,-1.9806423326e+35,8.2270836869e+41,2.6070550106e+41,3.1313874630e+43,-1.0570301103e+05,-4.6187947964e+04,1.0642601985e+04
26,1.1232000000e+06,1.9239869223e+35,-3.9046292522e+35,-1.9806423299e+35,8.2270836869e+41,2.6070550106e+41,3.1313874630e+43,-1.0570243652e+05,-4.6188319917e+04,1.0641915393e+04
27,1.1664000000e+06,1.9238778781e+35,-3.9045202056e+35,-1.9806423274e+35,8.2270836869e+41,2.6070550106e+41,3.1313874630e+43,-1.0570186200e+05,-4.6188691870e+04,1.0641228802e+04
28,1.2096000000e+06,1.9237700956e+35,-3.9044124207e+35,-1.9806423251e+35,8.2270836869e+41,2.6070550106e+41,3.1313874630e+43,-1.0570128749e+05,-4.6189063823e+04,1.0640542210e+04
29,1.2528000000e+06,1.9236635613e+35,-3.9043058843e+35,-1.9806423230e+35,8.2270836869e+41,2.6070550106e+41,3.1313874630e+43,-1.0570071298e+05,-4.6189435776e+04,1.0639855618e+04
30,1.2960000000e+06,1.9235582621e+35,-3.9042005831e+35,-1.9806423210e+35,8.2270836869e+41,2.6070550106e+41,3.1313874630e+43,-1.0570013847e+05,-4.6189807729e+04,1.0639169026e+04
31,1.3392000000e+06,1.9234541852e+35,-3.9040965044e+35,-1.9806423192e+35,8.2270836869e+41,2.6070550106e+41,3.1313874630e+43,-1.0569956395e+05,-4.6190179682e+04,1.0638482435e+04
32,1.3824000000e+06,1.9233513181e+35,-3.9039936356e+35,-1.9806423176e+35,8.2270836869e+41,2.6070550106e+41,3.1313874630e+43,-1.0569898944e+05,-4.6190551635e+04,1.0637795843e+04
33,1.4256000000e+06,1.9232496487e+35,-3.9038919647e+35,-1.9806423160e+35,8.2270836869e+41,2.6070550106e+41,3.1313874630e+43,-1.0569841493e+05,-4.6190923588e+04,1.0637109251e+04
34,1.4688000000e+06,1.9231491653e+35,-3.9037914800e+35,-1.9806423146e+35,8.2270836869e+41,2.6070550106e+41,3.1313874630e+43,-1.0569784042e+05,-4.6191295542e+04,1.0636422659e+04
35,1.5120000000e+06,1.9230498566e+35,-3.9036921699e+35,-1.9806423134e+35,8.2270836869e+41,2.6070550106e+41,3.1313874630e+43,-1.0569726591e+05,-4.6191667495e+04,1.0635736068e+04
36,1.5552000000e+06,1.9229517116e+35,-3.9035940238e+35,-1.9806423122e+35,8.2270836869e+41,2.6070550106e+41,3.1313874630e+43,-1.0569669139e+05,-4.6192039448e+04,1.0635049476e+04
37,1.5984000000e+06,1.9228547199e+35,-3.9034970311e+35,-1.9806423112e+35,8.2270836869e+41,2.6070550106e+41,3.1313874630e+43,-1.0569611688e+05,-4.6192411401e+04,1.0634362884e+04
38,1.6416000000e+06,1.9227588716e+35,-3.9034011818e+35,-1.9806423102e+35,8.2270836869e+41,2.6070550106e+41,3.1313874630e+43,-1.0569554237e+05,-4.6192783354e+04,1.0633676292e+04
39,1.6848000000e+06,1.9226641572e+35,-3.9033064666e+35,-1.9806423094e+35,8.2270836869e+41,2.6070550106e+41,3.1313874630e+43,-1.0569496786e+05,-4.6193155307e+04,1.0632989700e+04
40,1.7280000000e+06,1.9225705677e+35,-3.9032128763e+35,-1.9806423087e+35,8.2270836869e+41,2.6070550106e+41,3.1313874630e+43,-1.0569439335e+05,-4.6193527261e+04,1.0632303109e+04
41,1.7712000000e+06,1.9224780945e+35,-3.9031204026e+35,-1.9806423080e+35,8.2270836869e+41,2.6070550106e+41,3.1313874630e+43,-1.0569381883e+05,-4.6193899214e+04,1.0631616517e+04
42,1.8144000000e+06,1.9223867299e+35,-3.9030290374e+35,-1.9806423075e+35,8.2270836869e+41,2.6070550106e+41,3.1313874630e+43,-1.0569324432e+05,-4.6194271167e+04,1.0630929925e+04
43,1.8576000000e+06,1.9222964662e+35,-3.9029387732e+35,-1.9806423070e+35,8.2270836869e+41,2.6070550106e+41,3.1313874630e+43,-1.0569266981e+05,-4.6194643120e+04,1.0630243333e+04
44,1.9008000000e+06,1.9222072967e+35,-3.9028496033e+35,-1.9806423066e+35,8.2270836869e+41,2.6070550106e+41,3.1313874630e+43,-1.0569209530e+05,-4.6195015073e+04,1.0629556742e+04
45,1.9440000000e+06,1.9221192149e+35,-3.9027615212e+35,-1.9806423063e+35,8.2270836869e+41,2.6070550106e+41,3.1313874630e+43,-1.0569152079e+05,-4.6195387026e+04,1.0628870150e+04
46,1.9872000000e+06,1.9220322149e+35,-3.9026745210e+35,-1.9806423061e+35,8.2270836869e+41,2.6070550106e+41,3.1313874630e+43,-1.0569094627e+05,-4.6195758979e+04,1.0628183558e+04
47,2.0304000000e+06,1.9219462916e+35,-3.9025885975e+35,-1.9806423059e+35,8.2270836869e+41,2.6070550106e+41,3.1313874630e+43,-1.0569037176e+05,-4.6196130932e+04,1.0627496966e+04
48,2.0736000000e+06,1.9218614401e+35,-3.9025037460e+35,-1.9806423059e+35,8.2270836869e+41,2.6070550106e+41,3.1313874630e+43,-1.0568979725e+05,-4.6196502886e+04,1.0626810374e+04
49,2.1168000000e+06,1.9217776564e+35,-3.9024199622e+35,-1.9806423058e+35,8.2270836869e+41,2.6070550106e+41,3.1313874630e+43,-1.0568922274e+05,-4.6196874838e+04,1.0626123783e+04
50,2.1600000000e+06,1.9216949367e+35,-3.9023372427e+35,-1.9806423059e+35,8.2270836869e+41,2.6070550106e+41,3.1313874630e+43,-1.0568864823e+05,-4.6197246792e+04,1.0625437191e+04
51,2.2032000000e+06,1.9216132782e+35,-3.9022555842e+35,-1.9806423060e+35,8.2270836869e+41,2.6070550106e+41,3.1313874630e+43,-1.0568807371e+05,-4.6197618745e+04,1.0624750599e+04
52,2.2464000000e+06,1.9215326782e+35,-3.9021749844e+35,-1.9806423062e+35,8.2270836869e+41,2.6070550106e+41,3.1313874630e+43,-1.0568749920e+05,-4.6197990698e+04,1.0624064007e+04
53,2.2896000000e+06,1.9214531349e+35,-3.9020954414e+35,-1.9806423065e+35,8.2270836869e+41,2.6070550106e+41,3.1313874630e+43,-1.0568692469e+05,-4.6198362651e+04,1.0623377416e+04
54,2.3328000000e+06,1.9213746471e+35,-3.9020169539e+35,-1.9806423069e+35,8.2270836869e+41,2.6070550106e+41,3.1313874630e+43,-1.0568635018e+05,-4.6198734604e+04,1.0622690824e+04
55,2.3760000000e+06,1.9212972139e+35,-3.9019395212e+35,-1.9806423073e+35,8.2270836869e+41,2.6070550106e+41,3.1313874630e+43,-1.0568577567e+05,-4.6199106557e+04,1.0622004232e+04
56,2.4192000000e+06,1.9212208353e+35,-3.9018631431e+35,-1.9806423077e+35,8.2270836869e+41,2.6070550106e+41,3.1313874630e+43,-1.0568520115e+05,-4.6199478510e+04,1.0621317640e+04
57,2.4624000000e+06,1.9211455118e+35,-3.9017878201e+35,-1.9806423083e+35,8.2270836869e+41,2.6070550106e+41,3.1313874630e+43,-1.0568462664e+05,-4.6199850464e+04,1.0620631049e+04
58,2.5056000000e+06,1.9210712444e+35,-3.9017135532e+35,-1.9806423089e+35,8.2270836869e+41,2.6070550106e+41,3.1313874630e+43,-1.0568405213e+05,-4.6200222417e+04,1.0619944457e+04
59,2.5488000000e+06,1.9209980346e+35,-3.9016403442e+35,-1.9806423095e+35,8.2270836869e+41,2.6070550106e+41,3.1313874630e+43,-1.0568347762e+05,-4.6200594370e+04,1.0619257865e+04
60,2.5920000000e+06,1.9209258848e+35,-3.9015681951e+35,-1.9806423103e+35,8.2270836869e+41,2.6070550106e+41,3.1313874630e+43,-1.0568290311e+05,-4.6200966323e+04,1.0618571273e+04
61,2.6352000000e+06,1.9208547976e+35,-3.9014971087e+35,-1.9806423111e+35,8.2270836869e+41,2.6070550106e+41,3.1313874630e+43,-1.0568232859e+05,-4.6201338276e+04,1.0617884681e+04
62,2.6784000000e+06,1.9207847764e+35,-3.9014270884e+35,-1.9806423120e+35,8.2270836869e+41,2.6070550106e+41,3.1313874630e+43,-1.0568175408e+05,-4.6201710229e+04,1.0617198090e+04
63,2.7216000000e+06,1.9207158251e+35,-3.9013581381e+35,-1.9806423130e+35,8.2270836869e+41,2.6070550106e+41,3.1313874630e+43,-1.0568117957e+05,-4.6202082182e+04,1.0616511498e+04
64,2.7648000000e+06,1.9206479481e+35,-3.9012902622e+35,-1.9806423140e+35,8.2270836869e+41,2.6070550106e+41,3.1313874630e+43,-1.0568060506e+05,-4.6202454136e+04,1.0615824906e+04
65,2.8080000000e+06,1.9205811504e+35,-3.9012234656e+35,-1.9806423152e+35,8.2270836869e+41,2.6070550106e+41,3.1313874630e+43,-1.0568003055e+05,-4.6202826088e+04,1.0615138314e+04
66,2.8512000000e+06,1.9205154374e+35,-3.9011577538e+35,-1.9806423164e+35,8.2270836869e+41,2.6070550106e+41,3.1313874630e+43,-1.0567945603e+05,-4.6203198042e+04,1.0614451723e+04
67,2.8944000000e+06,1.9204508152e+35,-3.9010931329e+35,-1.9806423177e+35,8.2270836869e+41,2.6070550106e+41,3.1313874630e+43,-1.0567888152e+05,-4.6203569995e+04,1.0613765131e+04
68,2.9376000000e+06,1.9203872903e+35,-3.9010296094e+35,-1.9806423191e+35,8.2270836869e+41,2.6070550106e+41,3.1313874630e+43,-1.0567830701e+05,-4.6203941948e+04,1.0613078539e+04
69,2.9808000000e+06,1.9203248697e+35,-3.9009671903e+35,-1.9806423207e+35,8.2270836869e+41,2.6070550106e+41,3.1313874630e+43,-1.0567773250e+05,-4.6204313902e+04,1.0612391947e+04
70,3.0240000000e+06,1.9202635610e+35,-3.9009058833e+35,-1.9806423223e+35,8.2270836869e+41,2.6070550106e+41,3.1313874630e+43,-1.0567715799e+05,-4.6204685854e+04,1.0611705356e+04
71,3.0672000000e+06,1.9202033721e+35,-3.9008456962e+35,-1.9806423240e+35,8.2270836869e+41,2.6070550106e+41,3.1313874630e+43,-1.0567658347e+05,-4.6205057808e+04,1.0611018764e+04
72,3.1104000000e+06,1.9201443117e+35,-3.9007866376e+35,-1.9806423259e+35,8.2270836869e+41,2.6070550106e+41,3.1313874630e+43,-1.0567600896e+05,-4.6205429761e+04,1.0610332172e+04
73,3.1536000000e+06,1.9200863886e+35,-3.9007287164e+35,-1.9806423278e+35,8.2270836869e+41,2.6070550106e+41,3.1313874630e+43,-1.0567543445e+05,-4.6205801714e+04,1.0609645580e+04
74,3.1968000000e+06,1.9200296122e+35,-3.9006719421e+35,-1.9806423299e+35,8.2270836869e+41,2.6070550106e+41,3.1313874630e+43,-1.0567485994e+05,-4.6206173667e+04,1.0608958988e+04
75,3.2400000000e+06,1.9199739923e+35,-3.9006163245e+35,-1.9806423322e+35,8.2270836869e+41,2.6070550106e+41,3.1313874630e+43,-1.0567428543e+05,-4.6206545620e+04,1.0608272397e+04
76,3.2832000000e+06,1.9199195392e+35,-3.9005618738e+35,-1.9806423346e+35,8.2270836869e+41,2.6070550106e+41,3.1313874630e+43,-1.0567371091e+05,-4.6206917573e+04,1.0607585805e+04
77,3.3264000000e+06,1.9198662635e+35,-3.9005086006e+35,-1.9806423371e+35,8.2270836869e+41,2.6070550106e+41,3.1313874630e+43,-1.0567313640e+05,-4.6207289527e+04,1.0606899213e+04
78,3.3696000000e+06,1.9198141761e+35,-3.9004565159e+35,-1.9806423398e+35,8.2270836869e+41,2.6070550106e+41,3.1313874630e+43,-1.0567256189e+05,-4.6207661480e+04,1.0606212621e+04
79,3.4128000000e+06,1.9197632882e+35,-3.9004056309e+35,-1.9806423427e+35,8.2270836869e+41,2.6070550106e+41,3.1313874630e+43,-1.0567198738e+05,-4.6208033433e+04,1.0605526030e+04
80,3.4560000000e+06,1.9197136114e+35,-3.9003559571e+35,-1.9806423458e+35,8.2270836869e+41,2.6070550106e+41,3.1313874630e+43,-1.0567141287e+05,-4.6208405386e+04,1.0604839438e+04
81,3.4992000000e+06,1.9196651572e+35,-3.9003075063e+35,-1.9806423491e+35,8.2270836869e+41,2.6070550106e+41,3.1313874630e+43,-1.0567083835e+05,-4.6208777339e+04,1.0604152846e+04
82,3.5424000000e+06,1.9196179377e+35,-3.9002602903e+35,-1.9806423526e+35,8.2270836869e+41,2.6070550106e+41,3.1313874630e+43,-1.0567026384e+05,-4.6209149292e+04,1.0603466254e+04
83,3.5856000000e+06,1.9195719647e+35,-3.9002143209e+35,-1.9806423563e+35,8.2270836869e+41,2.6070550106e+41,3.1313874630e+43,-1.0566968933e+05,-4.6209521245e+04,1.0602779662e+04
84,3.6288000000e+06,1.9195272501e+35,-3.9001696103e+35,-1.9806423602e+35,8.2270836869e+41,2.6070550106e+41,3.1313874630e+43,-1.0566911482e+05,-4.6209893199e+04,1.0602093071e+04
85,3.6720000000e+06,1.9194838057e+35,-3.9001261702e+35,-1.9806423645e+35,8.2270836869e+41,2.6070550106e+41,3.1313874630e+43,-1.0566854031e+05,-4.6210265152e+04,1.0601406479e+04
86,3.7152000000e+06,1.9194416433e+35,-3.9000840123e+35,-1.9806423690e+35,8.2270836869e+41,2.6070550106e+41,3.1313874630e+43,-1.0566796579e+05,-4.6210637105e+04,1.0600719887e+04
87,3.7584000000e+06,1.9194007742e+35,-3.9000431480e+35,-1.9806423738e+35,8.2270836869e+41,2.6070550106e+41,3.1313874630e+43,-1.0566739128e+05,-4.6211009058e+04,1.0600033295e+04
88,3.8016000000e+06,1.9193612094e+35,-3.9000035884e+35,-1.9806423790e+35,8.2270836869e+41,2.6070550106e+41,3.1313874630e+43,-1.0566681677e+05,-4.6211381011e+04,1.0599346704e+04
89,3.8448000000e+06,1.9193229593e+35,-3.8999653438e+35,-1.9806423845e+35,8.2270836869e+41,2.6070550106e+41,3.1313874630e+43,-1.0566624226e+05,-4.6211752964e+04,1.0598660112e+04
90,3.8880000000e+06,1.9192860337e+35,-3.8999284241e+35,-1.9806423904e+35,8.2270836869e+41,2.6070550106e+41,3.1313874630e+43,-1.0566566775e+05,-4.6212124918e+04,1.0597973520e+04
91,3.9312000000e+06,1.9192504415e+35,-3.8998928382e+35,-1.9806423967e+35,8.2270836869e+41,2.6070550106e+41,3.1313874630e+43,-1.0566509323e+05,-4.6212496871e+04,1.0597286928e+04
92,3.9744000000e+06,1.9192161905e+35,-3.8998585940e+35,-1.9806424034e+35,8.2270836869e+41,2.6070550106e+41,3.1313874630e+43,-1.0566451872e+05,-4.6212868824e+04,1.0596600337e+04
93,4.0176000000e+06,1.9191832874e+35,-3.8998256981e+35,-1.9806424106e+35,8.2270836869e+41,2.6070550106e+41,3.1313874630e+43,-1.0566394421e+05,-4.6213240777e+04,1.0595913745e+04
94,4.0608000000e+06,1.9191517374e+35,-3.8997941557e+35,-1.9806424184e+35,8.2270836869e+41,2.6070550106e+41,3.1313874630e+43,-1.0566336970e+05,-4.6213612730e+04,1.0595227153e+04
95,4.1040000000e+06,1.9191215438e+35,-3.8997639704e+35,-1.9806424266e+35,8.2270836869e+41,2.6070550106e+41,3.1313874630e+43,-1.0566279519e+05,-4.6213984683e+04,1.0594540561e+04
96,4.1472000000e+06,1.9190927082e+35,-3.8997351437e+35,-1.9806424355e+35,8.2270836869e+41,2.6070550106e+41,3.1313874630e+43,-1.0566222067e+05,-4.6214356637e+04,1.0593853969e+04
97,4.1904000000e+06,1.9190652298e+35,-3.8997076748e+35,-1.9806424449e+35,8.2270836869e+41,2.6070550106e+41,3.1313874630e+43,-1.0566164616e+05,-4.6214728590e+04,1.0593167378e+04
98,4.2336000000e+06,1.9190391053e+35,-3.8996815604e+35,-1.9806424551e+35,8.2270836869e+41,2.6070550106e+41,3.1313874630e+43,-1.0566107165e+05,-4.6215100543e+04,1.0592480786e+04
99,4.2768000000e+06,1.9190143281e+35,-3.8996567941e+35,-1.9806424660e+35,8.2270836869e+41,2.6070550106e+41,3.1313874630e+43,-1.0566049714e+05,-4.6215472496e+04,1.0591794194e+04
100,4.3200000000e+06,1.9189908887e+35,-3.8996333664e+35,-1.9806424776e+35,8.2270836869e+41,2.6070550106e+41,3.1313874630e+43,-1.0565992263e+05,-4.6215844449e+04,1.0591107602e+04
101,4.3632000000e+06,1.9189687736e+35,-3.8996112637e+35,-1.9806424901e+35,8.2270836869e+41,2.6070550106e+41,3.1313874630e+43,-1.0565934811e+05,-4.6216216402e+04,1.0590421011e+04
102,4.4064000000e+06,1.9189479651e+35,-3.8995904686e+35,-1.9806425035e+35,8.2270836869e+41,2.6070550106e+41,3.1313874630e+43,-1.0565877360e+05,-4.6216588355e+04,1.0589734419e+04
103,4.4496000000e+06,1.9189284408e+35,-3.8995709586e+35,-1.9806425178e+35,8.2270836869e+41,2.6070550106e+41,3.1313874630e+43,-1.0565819909e+05,-4.6216960308e+04,1.0589047827e+04
104,4.4928000000e+06,1.9189101732e+35,-3.8995527063e+35,-1.9806425331e+35,8.2270836869e+41,2.6070550106e+41,3.1313874630e+43,-1.0565762458e+05,-4.6217332262e+04,1.0588361235e+04
105,4.5360000000e+06,1.9188931287e+35,-3.8995356783e+35,-1.9806425495e+35,8.2270836869e+41,2.6070550106e+41,3.1313874630e+43,-1.0565705007e+05,-4.6217704215e+04,1.0587674644e+04
106,4.5792000000e+06,1.9188772678e+35,-3.8995198348e+35,-1.9806425671e+35,8.2270836869e+41,2.6070550106e+41,3.1313874630e+43,-1.0565647555e+05,-4.6218076168e+04,1.0586988052e+04
107,4.6224000000e+06,1.9188625435e+35,-3.8995051293e+35,-1.9806425858e+35,8.2270836869e+41,2.6070550106e+41,3.1313874630e+43,-1.0565590104e+05,-4.6218448121e+04,1.0586301460e+04
108,4.6656000000e+06,1.9188489017e+35,-3.8994915075e+35,-1.9806426058e+35,8.2270836869e+41,2.6070550106e+41,3.1313874630e+43,-1.0565532653e+05,-4.6218820074e+04,1.0585614868e+04
109,4.7088000000e+06,1.9188362796e+35,-3.8994789067e+35,-1.9806426271e+35,8.2270836869e+41,2.6070550106e+41,3.1313874630e+43,-1.0565475202e+05,-4.6219192027e+04,1.0584928276e+04
110,4.7520000000e+06,1.9188246055e+35,-3.8994672554e+35,-1.9806426499e+35,8.2270836869e+41,2.6070550106e+41,3.1313874630e+43,-1.0565417751e+05,-4.6219563980e+04,1.0584241685e+04
111,4.7952000000e+06,1.9188137983e+35,-3.8994564724e+35,-1.9806426740e+35,8.2270836869e+41,2.6070550106e+41,3.1313874630e+43,-1.0565360299e+05,-4.6219935933e+04,1.0583555093e+04
112,4.8384000000e+06,1.9188037663e+35,-3.8994464661e+35,-1.9806426997e+35,8.2270836869e+41,2.6070550106e+41,3.1313874630e+43,-1.0565302848e+05,-4.6220307887e+04,1.0582868501e+04
113,4.8816000000e+06,1.9187944069e+35,-3.8994371338e+35,-1.9806427270e+35,8.2270836869e+41,2.6070550106e+41,3.1313874630e+43,-1.0565245397e+05,-4.6220679840e+04,1.0582181909e+04
114,4.9248000000e+06,1.9187856055e+35,-3.8994283613e+35,-1.9806427558e+35,8.2270836869e+41,2.6070550106e+41,3.1313874630e+43,-1.0565187946e+05,-4.6221051793e+04,1.0581495318e+04
115,4.9680000000e+06,1.9187772357e+35,-3.8994200220e+35,-1.9806427862e+35,8.2270836869e+41,2.6070550106e+41,3.1313874630e+43,-1.0565130494e+05,-4.6221423746e+04,1.0580808726e+04
116,5.0112000000e+06,1.9187691579e+35,-3.8994119762e+35,-1.9806428183e+35,8.2270836869e+41,2.6070550106e+41,3.1313874630e+43,-1.0565073043e+05,-4.6221795699e+04,1.0580122134e+04
117,5.0544000000e+06,1.9187612193e+35,-3.8994040713e+35,-1.9806428520e+35,8.2270836869e+41,2.6070550106e+41,3.1313874630e+43,-1.0565015592e+05,-4.6222167652e+04,1.0579435542e+04
118,5.0976000000e+06,1.9187532534e+35,-3.8993961408e+35,-1.9806428874e+35,8.2270836869e+41,2.6070550106e+41,3.1313874630e+43,-1.0564958141e+05,-4.6222539606e+04,1.0578748950e+04
119,5.1408000000e+06,1.9187450798e+35,-3.8993880041e+35,-1.9806429242e+35,8.2270836869e+41,2.6070550106e+41,3.1313874630e+43,-1.0564900690e+05,-4.6222911559e+04,1.0578062359e+04
120,5.1840000000e+06,1.9187365042e+35,-3.8993794669e+35,-1.9806429626e+35,8.2270836869e+41,2.6070550106e+41,3.1313874630e+43,-1.0564843238e+05,-4.6223283512e+04,1.0577375767e+04
121,5.2272000000e+06,1.9187273186e+35,-3.8993703210e+35,-1.9806430024e+35,8.2270836869e+41,2.6070550106e+41,3.1313874630e+43,-1.0564785787e+05,-4.6223655465e+04,1.0576689175e+04
122,5.2704000000e+06,1.9187173013e+35,-3.8993603448e+35,-1.9806430434e+35,8.2270836869e+41,2.6070550106e+41,3.1313874630e+43,-1.0564728336e+05,-4.6224027418e+04,1.0576002583e+04
123,5.3136000000e+06,1.9187062183e+35,-3.8993493038e+35,-1.9806430856e+35,8.2270836869e+41,2.6070550106e+41,3.1313874630e+43,-1.0564670885e+05,-4.6224399371e+04,1.0575315992e+04
124,5.3568000000e+06,1.9186938233e+35,-3.8993369519e+35,-1.9806431286e+35,8.2270836869e+41,2.6070550106e+41,3.1313874630e+43,-1.0564613434e+05,-4.6224771324e+04,1.0574629400e+04
125,5.4000000000e+06,1.9186798599e+35,-3.8993230322e+35,-1.9806431722e+35,8.2270836869e+41,2.6070550106e+41,3.1313874630e+43,-1.0564555982e+05,-4.6225143278e+04,1.0573942808e+04
126,5.4432000000e+06,1.9186640625e+35,-3.8993072788e+35,-1.9806432162e+35,8.2270836869e+41,2.6070550106e+41,3.1313874630e+43,-1.0564498531e+05,-4.6225515230e+04,1.0573256216e+04
127,5.4864000000e+06,1.9186461585e+35,-3.8992894188e+35,-1.9806432603e+35,8.2270836869e+41,2.6070550106e+41,3.1313874630e+43,-1.0564441080e+05,-4.6225887183e+04,1.0572569625e+04
128,5.5296000000e+06,1.9186258707e+35,-3.8992691746e+35,-1.9806433040e+35,8.2270836869e+41,2.6070550106e+41,3.1313874630e+43,-1.0564383629e+05,-4.6226259137e+04,1.0571883033e+04
129,5.5728000000e+06,1.9186029196e+35,-3.8992462666e+35,-1.9806433469e+35,8.2270836869e+41,2.6070550106e+41,3.1313874630e+43,-1.0564326178e+05,-4.6226631090e+04,1.0571196441e+04
130,5.6160000000e+06,1.9185770270e+35,-3.8992204157e+35,-1.9806433888e+35,8.2270836869e+41,2.6070550106e+41,3.1313874630e+43,-1.0564268726e+05,-4.6227003043e+04,1.0570509849e+04
131,5.6592000000e+06,1.9185479183e+35,-3.8991913472e+35,-1.9806434290e+35,8.2270836869e+41,2.6070550106e+41,3.1313874630e+43,-1.0564211275e+05,-4.6227374996e+04,1.0569823257e+04
132,5.7024000000e+06,1.9185153268e+35,-3.8991587939e+35,-1.9806434671e+35,8.2270836869e+41,2.6070550106e+41,3.1313874630e+43,-1.0564153824e+05,-4.6227746949e+04,1.0569136666e+04
133,5.7456000000e+06,1.9184789970e+35,-3.8991224996e+35,-1.9806435027e+35,8.2270836869e+41,2.6070550106e+41,3.1313874630e+43,-1.0564096373e+05,-4.6228118902e+04,1.0568450074e+04
134,5.7888000000e+06,1.9184386881e+35,-3.8990822234e+35,-1.9806435353e+35,8.2270836869e+41,2.6070550106e+41,3.1313874630e+43,-1.0564038922e+05,-4.6228490856e+04,1.0567763482e+04
135,5.8320000000e+06,1.9183941781e+35,-3.8990377426e+35,-1.9806435645e+35,8.2270836869e+41,2.6070550106e+41,3.1313874630e+43,-1.0563981470e+05,-4.6228862809e+04,1.0567076890e+04
136,5.8752000000e+06,1.9183452672e+35,-3.8989888570e+35,-1.9806435898e+35,8.2270836869e+41,2.6070550106e+41,3.1313874630e+43,-1.0563924019e+05,-4.6229234762e+04,1.0566390299e+04
137,5.9184000000e+06,1.9182917810e+35,-3.8989353919e+35,-1.9806436109e+35,8.2270836869e+41,2.6070550106e+41,3.1313874630e+43,-1.0563866568e+05,-4.6229606715e+04,1.0565703707e+04
138,5.9616000000e+06,1.9182335737e+35,-3.8988772011e+35,-1.9806436274e+35,8.2270836869e+41,2.6070550106e+41,3.1313874630e+43,-1.0563809117e+05,-4.6229978668e+04,1.0565017115e+04
139,6.0048000000e+06,1.9181705308e+35,-3.8988141699e+35,-1.9806436392e+35,8.2270836869e+41,2.6070550106e+41,3.1313874630e+43,-1.0563751666e+05,-4.6230350621e+04,1.0564330523e+04
140,6.0480000000e+06,1.9181025709e+35,-3.8987462169e+35,-1.9806436459e+35,8.2270836869e+41,2.6070550106e+41,3.1313874630e+43,-1.0563694214e+05,-4.6230722575e+04,1.0563643932e+04
141,6.0912000000e+06,1.9180296476e+35,-3.8986732953e+35,-1.9806436476e+35,8.2270836869e+41,2.6070550106e+41,3.1313874630e+43,-1.0563636763e+05,-4.6231094528e+04,1.0562957340e+04
142,6.1344000000e+06,1.9179517501e+35,-3.8985953943e+35,-1.9806436443e+35,8.2270836869e+41,2.6070550106e+41,3.1313874630e+43,-1.0563579312e+05,-4.6231466481e+04,1.0562270748e+04
143,6.1776000000e+06,1.9178689032e+35,-3.8985125390e+35,-1.9806436358e+35,8.2270836869e+41,2.6070550106e+41,3.1313874630e+43,-1.0563521861e+05,-4.6231838434e+04,1.0561584156e+04
144,6.2208000000e+06,1.9177811672e+35,-3.8984247897e+35,-1.9806436225e+35,8.2270836869e+41,2.6070550106e+41,3.1313874630e+43,-1.0563464410e+05,-4.6232210387e+04,1.0560897564e+04
145,6.2640000000e+06,1.9176886365e+35,-3.8983322410e+35,-1.9806436045e+35,8.2270836869e+41,2.6070550106e+41,3.1313874630e+43,-1.0563406958e+05,-4.6232582340e+04,1.0560210973e+04
146,6.3072000000e+06,1.9175914380e+35,-3.8982350200e+35,-1.9806435820e+35,8.2270836869e+41,2.6070550106e+41,3.1313874630e+43,-1.0563349507e+05,-4.6232954293e+04,1.0559524381e+04
147,6.3504000000e+06,1.9174897282e+35,-3.8981332838e+35,-1.9806435556e+35,8.2270836869e+41,2.6070550106e+41,3.1313874630e+43,-1.0563292056e+05,-4.6233326247e+04,1.0558837789e+04
148,6.3936000000e+06,1.9173836913e+35,-3.8980272167e+35,-1.9806435255e+35,8.2270836869e+41,2.6070550106e+41,3.1313874630e+43,-1.0563234605e+05,-4.6233698200e+04,1.0558151197e+04
149,6.4368000000e+06,1.9172735349e+35,-3.8979170270e+35,-1.9806434921e+35,8.2270836869e+41,2.6070550106e+41,3.1313874630e+43,-1.0563177154e+05,-4.6234070153e+04,1.0557464606e+04
150,6.4800000000e+06,1.9171594875e+35,-3.8978029435e+35,-1.9806434560e+35,8.2270836869e+41,2.6070550106e+41,3.1313874630e+43,-1.0563119702e+05,-4.6234442106e+04,1.0556778014e+04
151,6.5232000000e+06,1.9170417943e+35,-3.8976852118e+35,-1.9806434175e+35,8.2270836869e+41,2.6070550106e+41,3.1313874630e+43,-1.0563062251e+05,-4.6234814059e+04,1.0556091422e+04
152,6.5664000000e+06,1.9169207135e+35,-3.8975640908e+35,-1.9806433772e+35,8.2270836869e+41,2.6070550106e+41,3.1313874630e+43,-1.0563004800e+05,-4.6235186012e+04,1.0555404830e+04
153,6.6096000000e+06,1.9167965131e+35,-3.8974398486e+35,-1.9806433356e+35,8.2270836869e+41,2.6070550106e+41,3.1313874630e+43,-1.0562947349e+05,-4.6235557965e+04,1.0554718239e+04
154,6.6528000000e+06,1.9166694666e+35,-3.8973127595e+35,-1.9806432929e+35,8.2270836869e+41,2.6070550106e+41,3.1313874630e+43,-1.0562889898e+05,-4.6235929918e+04,1.0554031647e+04
155,6.6960000000e+06,1.9165398502e+35,-3.8971831000e+35,-1.9806432498e+35,8.2270836869e+41,2.6070550106e+41,3.1313874630e+43,-1.0562832446e+05,-4.6236301871e+04,1.0553345055e+04
156,6.7392000000e+06,1.9164079396e+35,-3.8970511461e+35,-1.9806432064e+35,8.2270836869e+41,2.6070550106e+41,3.1313874630e+43,-1.0562774995e+05,-4.6236673825e+04,1.0552658463e+04
157,6.7824000000e+06,1.9162740071e+35,-3.8969171705e+35,-1.9806431633e+35,8.2270836869e+41,2.6070550106e+41,3.1313874630e+43,-1.0562717544e+05,-4.6237045778e+04,1.0551971871e+04
158,6.8256000000e+06,1.9161383191e+35,-3.8967814398e+35,-1.9806431207e+35,8.2270836869e+41,2.6070550106e+41,3.1313874630e+43,-1.0562660093e+05,-4.6237417731e+04,1.0551285280e+04
159,6.8688000000e+06,1.9160011340e+35,-3.8966442128e+35,-1.9806430788e+35,8.2270836869e+41,2.6070550106e+41,3.1313874630e+43,-1.0562602642e+05,-4.6237789684e+04,1.0550598688e+04
160,6.9120000000e+06,1.9158627005e+35,-3.8965057384e+35,-1.9806430379e+35,8.2270836869e+41,2.6070550106e+41,3.1313874630e+43,-1.0562545190e+05,-4.6238161637e+04,1.0549912096e+04
161,6.9552000000e+06,1.9157232562e+35,-3.8963662544e+35,-1.9806429982e+35,8.2270836869e+41,2.6070550106e+41,3.1313874630e+43,-1.0562487739e+05,-4.6238533590e+04,1.0549225504e+04
162,6.9984000000e+06,1.9155830261e+35,-3.8962259859e+35,-1.9806429598e+35,8.2270836869e+41,2.6070550106e+41,3.1313874630e+43,-1.0562430288e+05,-4.6238905543e+04,1.0548538913e+04
163,7.0416000000e+06,1.9154422225e+35,-3.8960851454e+35,-1.9806429228e+35,8.2270836869e+41,2.6070550106e+41,3.1313874630e+43,-1.0562372837e+05,-4.6239277496e+04,1.0547852321e+04
164,7.0848000000e+06,1.9153010438e+35,-3.8959439313e+35,-1.9806428874e+35,8.2270836869e+41,2.6070550106e+41,3.1313874630e+43,-1.0562315386e+05,-4.6239649449e+04,1.0547165729e+04
165,7.1280000000e+06,1.9151596747e+35,-3.8958025283e+35,-1.9806428536e+35,8.2270836869e+41,2.6070550106e+41,3.1313874630e+43,-1.0562257934e+05,-4.6240021403e+04,1.0546479137e+04
166,7.1712000000e+06,1.9150182857e+35,-3.8956611071e+35,-1.9806428214e+35,8.2270836869e+41,2.6070550106e+41,3.1313874630e+43,-1.0562200483e+05,-4.6240393356e+04,1.0545792545e+04
167,7.2144000000e+06,1.9148770338e+35,-3.8955198246e+35,-1.9806427909e+35,8.2270836869e+41,2.6070550106e+41,3.1313874630e+43,-1.0562143032e+05,-4.6240765309e+04,1.0545105954e+04
168,7.2576000000e+06,1.9147360622e+35,-3.8953788241e+35,-1.9806427619e+35,8.2270836869e+41,2.6070550106e+41,3.1313874630e+43,-1.0562085581e+05,-4.6241137262e+04,1.0544419362e+04
169,7.3008000000e+06,1.9145955012e+35,-3.8952382358e+35,-1.9806427346e+35,8.2270836869e+41,2.6070550106e+41,3.1313874630e+43,-1.0562028130e+05,-4.6241509215e+04,1.0543732770e+04
170,7.3440000000e+06,1.9144554685e+35,-3.8950981773e+35,-1.9806427088e+35,8.2270836869e+41,2.6070550106e+41,3.1313874630e+43,-1.0561970678e+05,-4.6241881168e+04,1.0543046178e+04
171,7.3872000000e+06,1.9143160697e+35,-3.8949587543e+35,-1.9806426846e+35,8.2270836869e+41,2.6070550106e+41,3.1313874630e+43,-1.0561913227e+05,-4.6242253122e+04,1.0542359587e+04
172,7.4304000000e+06,1.9141773990e+35,-3.8948200609e+35,-1.9806426618e+35,8.2270836869e+41,2.6070550106e+41,3.1313874630e+43,-1.0561855776e+05,-4.6242625075e+04,1.0541672995e+04
173,7.4736000000e+06,1.9140395403e+35,-3.8946821808e+35,-1.9806426405e+35,8.2270836869e+41,2.6070550106e+41,3.1313874630e+43,-1.0561798325e+05,-4.6242997028e+04,1.0540986403e+04
174,7.5168000000e+06,1.9139025670e+35,-3.8945451875e+35,-1.9806426205e+35,8.2270836869e+41,2.6070550106e+41,3.1313874630e+43,-1.0561740874e+05,-4.6243368981e+04,1.0540299811e+04
175,7.5600000000e+06,1.9137665436e+35,-3.8944091454e+35,-1.9806426018e+35,8.2270836869e+41,2.6070550106e+41,3.1313874630e+43,-1.0561683422e+05,-4.6243740934e+04,1.0539613220e+04
176,7.6032000000e+06,1.9136315258e+35,-3.8942741101e+35,-1.9806425843e+35,8.2270836869e+41,2.6070550106e+41,3.1313874630e+43,-1.0561625971e+05,-4.6244112887e+04,1.0538926628e+04
177,7.6464000000e+06,1.9134975615e+35,-3.8941401296e+35,-1.9806425680e+35,8.2270836869e+41,2.6070550106e+41,3.1313874630e+43,-1.0561568520e+05,-4.6244484840e+04,1.0538240036e+04
178,7.6896000000e+06,1.9133646913e+35,-3.8940072442e+35,-1.9806425528e+35,8.2270836869e+41,2.6070550106e+41,3.1313874630e+43,-1.0561511069e+05,-4.6244856794e+04,1.0537553444e+04
179,7.7328000000e+06,1.9132329491e+35,-3.8938754877e+35,-1.9806425386e+35,8.2270836869e+41,2.6070550106e+41,3.1313874630e+43,-1.0561453618e+05,-4.6245228746e+04,1.0536866852e+04
180,7.7760000000e+06,1.9131023627e+35,-3.8937448881e+35,-1.9806425254e+35,8.2270836869e+41,2.6070550106e+41,3.1313874630e+43,-1.0561396166e+05,-4.6245600700e+04,1.0536180261e+04
181,7.8192000000e+06,1.9129729545e+35,-3.8936154676e+35,-1.9806425131e+35,8.2270836869e+41,2.6070550106e+41,3.1313874630e+43,-1.0561338715e+05,-4.6245972653e+04,1.0535493669e+04
182,7.8624000000e+06,1.9128447419e+35,-3.8934872436e+35,-1.9806425017e+35,8.2270836869e+41,2.6070550106e+41,3.1313874630e+43,-1.0561281264e+05,-4.6246344606e+04,1.0534807077e+04
183,7.9056000000e+06,1.9127177379e+35,-3.8933602290e+35,-1.9806424911e+35,8.2270836869e+41,2.6070550106e+41,3.1313874630e+43,-1.0561223813e+05,-4.6246716559e+04,1.0534120485e+04
184,7.9488000000e+06,1.9125919515e+35,-3.8932344327e+35,-1.9806424812e+35,8.2270836869e+41,2.6070550106e+41,3.1313874630e+43,-1.0561166362e+05,-4.6247088512e+04,1.0533433894e+04
185,7.9920000000e+06,1.9124673881e+35,-3.8931098600e+35,-1.9806424720e+35,8.2270836869e+41,2.6070550106e+41,3.1313874630e+43,-1.0561108910e+05,-4.6247460465e+04,1.0532747302e+04
186,8.0352000000e+06,1.9123440500e+35,-3.8929865134e+35,-1.9806424634e+35,8.2270836869e+41,2.6070550106e+41,3.1313874630e+43,-1.0561051459e+05,-4.6247832418e+04,1.0532060710e+04
187,8.0784000000e+06,1.9122219367e+35,-3.8928643921e+35,-1.9806424554e+35,8.2270836869e+41,2.6070550106e+41,3.1313874630e+43,-1.0560994008e+05,-4.6248204371e+04,1.0531374118e+04
188,8.1216000000e+06,1.9121010453e+35,-3.8927434934e+35,-1.9806424481e+35,8.2270836869e+41,2.6070550106e+41,3.1313874630e+43,-1.0560936557e+05,-4.6248576325e+04,1.0530687526e+04
189,8.1648000000e+06,1.9119813709e+35,-3.8926238121e+35,-1.9806424412e+35,8.2270836869e+41,2.6070550106e+41,3.1313874630e+43,-1.0560879106e+05,-4.6248948278e+04,1.0530000935e+04
190,8.2080000000e+06,1.9118629066e+35,-3.8925053414e+35,-1.9806424348e+35,8.2270836869e+41,2.6070550106e+41,3.1313874630e+43,-1.0560821654e+05,-4.6249320231e+04,1.0529314343e+04
191,8.2512000000e+06,1.9117456440e+35,-3.8923880728e+35,-1.9806424289e+35,8.2270836869e+41,2.6070550106e+41,3.1313874630e+43,-1.0560764203e+05,-4.6249692184e+04,1.0528627751e+04
192,8.2944000000e+06,1.9116295734e+35,-3.8922719968e+35,-1.9806424234e+35,8.2270836869e+41,2.6070550106e+41,3.1313874630e+43,-1.0560706752e+05,-4.6250064137e+04,1.0527941159e+04
193,8.3376000000e+06,1.9115146841e+35,-3.8921571023e+35,-1.9806424182e+35,8.2270836869e+41,2.6070550106e+41,3.1313874630e+43,-1.0560649301e+05,-4.6250436090e+04,1.0527254568e+04
194,8.3808000000e+06,1.9114009643e+35,-3.8920433777e+35,-1.9806424135e+35,8.2270836869e+41,2.6070550106e+41,3.1313874630e+43,-1.0560591849e+05,-4.6250808043e+04,1.0526567976e+04
195,8.4240000000e+06,1.9112884015e+35,-3.8919308105e+35,-1.9806424090e+35,8.2270836869e+41,2.6070550106e+41,3.1313874630e+43,-1.0560534398e+05,-4.6251179997e+04,1.0525881384e+04
196,8.4672000000e+06,1.9111769828e+35,-3.8918193877e+35,-1.9806424049e+35,8.2270836869e+41,2.6070550106e+41,3.1313874630e+43,-1.0560476947e+05,-4.6251551950e+04,1.0525194792e+04
197,8.5104000000e+06,1.9110666946e+35,-3.8917090956e+35,-1.9806424011e+35,8.2270836869e+41,2.6070550106e+41,3.1313874630e+43,-1.0560419496e+05,-4.6251923903e+04,1.0524508201e+04
198,8.5536000000e+06,1.9109575231e+35,-3.8915999206e+35,-1.9806423975e+35,8.2270836869e+41,2.6070550106e+41,3.1313874630e+43,-1.0560362045e+05,-4.6252295856e+04,1.0523821609e+04
199,8.5968000000e+06,1.9108494545e+35,-3.8914918487e+35,-1.9806423942e+35,8.2270836869e+41,2.6070550106e+41,3.1313874630e+43,-1.0560304593e+05,-4.6252667809e+04,1.0523135017e+04
200,8.6400000000e+06,1.9107424746e+35,-3.8913848657e+35,-1.9806423911e+35,8.2270836869e+41,2.6070550106e+41,3.1313874630e+43,-1.0560247142e+05,-4.6253039762e+04,1.0522448425e+04
201,8.6832000000e+06,1.9106365693e+35,-3.8912789575e+35,-1.9806423882e+35,8.2270836869e+41,2.6070550106e+41,3.1313874630e+43,-1.0560189691e+05,-4.6253411715e+04,1.0521761833e+04
202,8.7264000000e+06,1.9105317246e+35,-3.8911741102e+35,-1.9806423856e+35,8.2270836869e+41,2.6070550106e+41,3.1313874630e+43,-1.0560132240e+05,-4.6253783669e+04,1.0521075242e+04
203,8.7696000000e+06,1.9104279267e+35,-3.8910703098e+35,-1.9806423831e+35,8.2270836869e+41,2.6070550106e+41,3.1313874630e+43,-1.0560074789e+05,-4.6254155622e+04,1.0520388650e+04
204,8.8128000000e+06,1.9103251619e+35,-3.8909675427e+35,-1.9806423808e+35,8.2270836869e+41,2.6070550106e+41,3.1313874630e+43,-1.0560017337e+05,-4.6254527575e+04,1.0519702058e+04
205,8.8560000000e+06,1.9102234168e+35,-3.8908657954e+35,-1.9806423787e+35,8.2270836869e+41,2.6070550106e+41,3.1313874630e+43,-1.0559959886e+05,-4.6254899528e+04,1.0519015466e+04
206,8.8992000000e+06,1.9101226782e+35,-3.8907650548e+35,-1.9806423767e+35,8.2270836869e+41,2.6070550106e+41,3.1313874630e+43,-1.0559902435e+05,-4.6255271481e+04,1.0518328875e+04
207,8.9424000000e+06,1.9100229333e+35,-3.8906653082e+35,-1.9806423748e+35,8.2270836869e+41,2.6070550106e+41,3.1313874630e+43,-1.0559844984e+05,-4.6255643434e+04,1.0517642283e+04
208,8.9856000000e+06,1.9099241699e+35,-3.8905665431e+35,-1.9806423731e+35,8.2270836869e+41,2.6070550106e+41,3.1313874630e+43,-1.0559787533e+05,-4.6256015387e+04,1.0516955691e+04
209,9.0288000000e+06,1.9098263759e+35,-3.8904687475e+35,-1.9806423716e+35,8.2270836869e+41,2.6070550106e+41,3.1313874630e+43,-1.0559730081e+05,-4.6256387340e+04,1.0516269099e+04
210,9.0720000000e+06,1.9097295398e+35,-3.8903719099e+35,-1.9806423701e+35,8.2270836869e+41,2.6070550106e+41,3.1313874630e+43,-1.0559672630e+05,-4.6256759293e+04,1.0515582508e+04
211,9.1152000000e+06,1.9096336505e+35,-3.8902760192e+35,-1.9806423688e+35,8.2270836869e+41,2.6070550106e+41,3.1313874630e+43,-1.0559615179e+05,-4.6257131247e+04,1.0514895916e+04
212,9.1584000000e+06,1.9095386973e+35,-3.8901810648e+35,-1.9806423676e+35,8.2270836869e+41,2.6070550106e+41,3.1313874630e+43,-1.0559557728e+05,-4.6257503200e+04,1.0514209324e+04
213,9.2016000000e+06,1.9094446702e+35,-3.8900870366e+35,-1.9806423664e+35,8.2270836869e+41,2.6070550106e+41,3.1313874630e+43,-1.0559500277e+05,-4.6257875153e+04,1.0513522732e+04
214,9.2448000000e+06,1.9093515595e+35,-3.8899939249e+35,-1.9806423654e+35,8.2270836869e+41,2.6070550106e+41,3.1313874630e+43,-1.0559442825e+05,-4.6258247106e+04,1.0512836140e+04
215,9.2880000000e+06,1.9092593563e+35,-3.8899017207e+35,-1.9806423645e+35,8.2270836869e+41,2.6070550106e+41,3.1313874630e+43,-1.0559385374e+05,-4.6258619059e+04,1.0512149549e+04
216,9.3312000000e+06,1.9091680518e+35,-3.8898104154e+35,-1.9806423636e+35,8.2270836869e+41,2.6070550106e+41,3.1313874630e+43,-1.0559327923e+05,-4.6258991012e+04,1.0511462957e+04
217,9.3744000000e+06,1.9090776381e+35,-3.8897200009e+35,-1.9806423629e+35,8.2270836869e+41,2.6070550106e+41,3.1313874630e+43,-1.0559270472e+05,-4.6259362965e+04,1.0510776365e+04
218,9.4176000000e+06,1.9089881076e+35,-3.8896304698e+35,-1.9806423622e+35,8.2270836869e+41,2.6070550106e+41,3.1313874630e+43,-1.0559213021e+05,-4.6259734919e+04,1.0510089773e+04
219,9.4608000000e+06,1.9088994536e+35,-3.8895418151e+35,-1.9806423616e+35,8.2270836869e+41,2.6070550106e+41,3.1313874630e+43,-1.0559155569e+05,-4.6260106872e+04,1.0509403182e+04
220,9.5040000000e+06,1.9088116694e+35,-3.8894540305e+35,-1.9806423610e+35,8.2270836869e+41,2.6070550106e+41,3.1313874630e+43,-1.0559098118e+05,-4.6260478825e+04,1.0508716590e+04
221,9.5472000000e+06,1.9087247494e+35,-3.8893671100e+35,-1.9806423606e+35,8.2270836869e+41,2.6070550106e+41,3.1313874630e+43,-1.0559040667e+05,-4.6260850778e+04,1.0508029998e+04
222,9.5904000000e+06,1.9086386883e+35,-3.8892810485e+35,-1.9806423602e+35,8.2270836869e+41,2.6070550106e+41,3.1313874630e+43,-1.0558983216e+05,-4.6261222731e+04,1.0507343406e+04
223,9.6336000000e+06,1.9085534813e+35,-3.8891958412e+35,-1.9806423599e+35,8.2270836869e+41,2.6070550106e+41,3.1313874630e+43,-1.0558925765e+05,-4.6261594684e+04,1.0506656815e+04
224,9.6768000000e+06,1.9084691244e+35,-3.8891114841e+35,-1.9806423596e+35,8.2270836869e+41,2.6070550106e+41,3.1313874630e+43,-1.0558868313e+05,-4.6261966637e+04,1.0505970223e+04
225,9.7200000000e+06,1.9083856141e+35,-3.8890279735e+35,-1.9806423594e+35,8.2270836869e+41,2.6070550106e+41,3.1313874630e+43,-1.0558810862e+05,-4.6262338590e+04,1.0505283631e+04
226,9.7632000000e+06,1.9083029474e+35,-3.8889453067e+35,-1.9806423593e+35,8.2270836869e+41,2.6070550106e+41,3.1313874630e+43,-1.0558753411e+05,-4.6262710544e+04,1.0504597039e+04
227,9.8064000000e+06,1.9082211221e+35,-3.8888634813e+35,-1.9806423592e+35,8.2270836869e+41,2.6070550106e+41,3.1313874630e+43,-1.0558695960e+05,-4.6263082497e+04,1.0503910447e+04
228,9.8496000000e+06,1.9081401365e+35,-3.8887824957e+35,-1.9806423592e+35,8.2270836869e+41,2.6070550106e+41,3.1313874630e+43,-1.0558638509e+05,-4.6263454449e+04,1.0503223856e+04
229,9.8928000000e+06,1.9080599897e+35,-3.8887023488e+35,-1.9806423592e+35,8.2270836869e+41,2.6070550106e+41,3.1313874630e+43,-1.0558581057e+05,-4.6263826403e+04,1.0502537264e+04
230,9.9360000000e+06,1.9079806812e+35,-3.8886230405e+35,-1.9806423593e+35,8.2270836869e+41,2.6070550106e+41,3.1313874630e+43,-1.0558523606e+05,-4.6264198356e+04,1.0501850672e+04
231,9.9792000000e+06,1.9079022115e+35,-3.8885445709e+35,-1.9806423594e+35,8.2270836869e+41,2.6070550106e+41,3.1313874630e+43,-1.0558466155e+05,-4.6264570309e+04,1.0501164080e+04
232,1.0022400000e+07,1.9078245815e+35,-3.8884669411e+35,-1.9806423596e+35,8.2270836869e+41,2.6070550106e+41,3.1313874630e+43,-1.0558408704e+05,-4.6264942262e+04,1.0500477489e+04
233,1.0065600000e+07,1.9077477928e+35,-3.8883901526e+35,-1.9806423598e+35,8.2270836869e+41,2.6070550106e+41,3.1313874630e+43,-1.0558351253e+05,-4.6265314215e+04,1.0499790897e+04
234,1.0108800000e+07,1.9076718477e+35,-3.8883142078e+35,-1.9806423601e+35,8.2270836869e+41,2.6070550106e+41,3.1313874630e+43,-1.0558293801e+05,-4.6265686169e+04,1.0499104305e+04
235,1.0152000000e+07,1.9075967491e+35,-3.8882391096e+35,-1.9806423605e+35,8.2270836869e+41,2.6070550106e+41,3.1313874630e+43,-1.0558236350e+05,-4.6266058121e+04,1.0498417713e+04
236,1.0195200000e+07,1.9075225005e+35,-3.8881648614e+35,-1.9806423609e+35,8.2270836869e+41,2.6070550106e+41,3.1313874630e+43,-1.0558178899e+05,-4.6266430075e+04,1.0497731121e+04
237,1.0238400000e+07,1.9074491061e+35,-3.8880914674e+35,-1.9806423614e+35,8.2270836869e+41,2.6070550106e+41,3.1313874630e+43,-1.0558121448e+05,-4.6266802028e+04,1.0497044530e+04
238,1.0281600000e+07,1.9073765704e+35,-3.8880189323e+35,-1.9806423619e+35,8.2270836869e+41,2.6070550106e+41,3.1313874630e+43,-1.0558063997e+05,-4.6267173981e+04,1.0496357938e+04
239,1.0324800000e+07,1.9073048988e+35,-3.8879472614e+35,-1.9806423625e+35,8.2270836869e+41,2.6070550106e+41,3.1313874630e+43,-1.0558006545e+05,-4.6267545934e+04,1.0495671346e+04
240,1.0368000000e+07,1.9072340971e+35,-3.8878764604e+35,-1.9806423633e+35,8.2270836869e+41,2.6070550106e+41,3.1313874630e+43,-1.0557949094e+05,-4.6267917887e+04,1.0494984754e+04
241,1.0411200000e+07,1.9071641718e+35,-3.8878065358e+35,-1.9806423640e+35,8.2270836869e+41,2.6070550106e+41,3.1313874630e+43,-1.0557891643e+05,-4.6268289840e+04,1.0494298163e+04
242,1.0454400000e+07,1.9070951297e+35,-3.8877374946e+35,-1.9806423649e+35,8.2270836869e+41,2.6070550106e+41,3.1313874630e+43,-1.0557834192e+05,-4.6268661794e+04,1.0493611571e+04
243,1.0497600000e+07,1.9070269783e+35,-3.8876693442e+35,-1.9806423659e+35,8.2270836869e+41,2.6070550106e+41,3.1313874630e+43,-1.0557776741e+05,-4.6269033746e+04,1.0492924979e+04
244,1.0540800000e+07,1.9069597258e+35,-3.8876020926e+35,-1.9806423669e+35,8.2270836869e+41,2.6070550106e+41,3.1313874630e+43,-1.0557719289e+05,-4.6269405700e+04,1.0492238387e+04
245,1.0584000000e+07,1.9068933805e+35,-3.8875357485e+35,-1.9806423680e+35,8.2270836869e+41,2.6070550106e+41,3.1313874630e+43,-1.0557661838e+05,-4.6269777653e+04,1.0491551796e+04
246,1.0627200000e+07,1.9068279516e+35,-3.8874703209e+35,-1.9806423693e+35,8.2270836869e+41,2.6070550106e+41,3.1313874630e+43,-1.0557604387e+05,-4.6270149606e+04,1.0490865204e+04
247,1.0670400000e+07,1.9067634488e+35,-3.8874058194e+35,-1.9806423706e+35,8.2270836869e+41,2.6070550106e+41,3.1313874630e+43,-1.0557546936e+05,-4.6270521559e+04,1.0490178612e+04
248,1.0713600000e+07,1.9066998819e+35,-3.8873422540e+35,-1.9806423721e+35,8.2270836869e+41,2.6070550106e+41,3.1313874630e+43,-1.0557489485e+05,-4.6270893512e+04,1.0489492020e+04
249,1.0756800000e+07,1.9066372618e+35,-3.8872796354e+35,-1.9806423736e+35,8.2270836869e+41,2.6070550106e+41,3.1313874630e+43,-1.0557432033e+05,-4.6271265465e+04,1.0488805428e+04
250,1.0800000000e+07,1.9065755993e+35,-3.8872179746e+35,-1.9806423753e+35,8.2270836869e+41,2.6070550106e+41,3.1313874630e+43,-1.0557374582e+05,-4.6271637418e+04,1.0488118837e+04
251,1.0843200000e+07,1.9065149059e+35,-3.8871572831e+35,-1.9806423772e+35,8.2270836869e+41,2.6070550106e+41,3.1313874630e+43,-1.0557317131e+05,-4.6272009372e+04,1.0487432245e+04
252,1.0886400000e+07,1.9064551937e+35,-3.8870975728e+35,-1.9806423791e+35,8.2270836869e+41,2.6070550106e+41,3.1313874630e+43,-1.0557259680e+05,-4.6272381325e+04,1.0486745653e+04
253,1.0929600000e+07,1.9063964747e+35,-3.8870388560e+35,-1.9806423813e+35,8.2270836869e+41,2.6070550106e+41,3.1313874630e+43,-1.0557202229e+05,-4.6272753278e+04,1.0486059061e+04
254,1.0972800000e+07,1.9063387618e+35,-3.8869811454e+35,-1.9806423835e+35,8.2270836869e+41,2.6070550106e+41,3.1313874630e+43,-1.0557144777e+05,-4.6273125231e+04,1.0485372470e+04
255,1.1016000000e+07,1.9062820679e+35,-3.8869244539e+35,-1.9806423860e+35,8.2270836869e+41,2.6070550106e+41,3.1313874630e+43,-1.0557087326e+05,-4.6273497184e+04,1.0484685878e+04
256,1.1059200000e+07,1.9062264062e+35,-3.8868687948e+35,-1.9806423886e+35,8.2270836869e+41,2.6070550106e+41,3.1313874630e+43,-1.0557029875e+05,-4.6273869137e+04,1.0483999286e+04
257,1.1102400000e+07,1.9061717903e+35,-3.8868141817e+35,-1.9806423914e+35,8.2270836869e+41,2.6070550106e+41,3.1313874630e+43,-1.0556972424e+05,-4.6274241090e+04,1.0483312694e+04
258,1.1145600000e+07,1.9061182337e+35,-3.8867606282e+35,-1.9806423945e+35,8.2270836869e+41,2.6070550106e+41,3.1313874630e+43,-1.0556914973e+05,-4.6274613043e+04,1.0482626103e+04
259,1.1188800000e+07,1.9060657504e+35,-3.8867081481e+35,-1.9806423977e+35,8.2270836869e+41,2.6070550106e+41,3.1313874630e+43,-1.0556857521e+05,-4.6274984997e+04,1.0481939511e+04
260,1.1232000000e+07,1.9060143539e+35,-3.8866567552e+35,-1.9806424012e+35,8.2270836869e+41,2.6070550106e+41,3.1313874630e+43,-1.0556800070e+05,-4.6275356950e+04,1.0481252919e+04
261,1.1275200000e+07,1.9059640582e+35,-3.8866064632e+35,-1.9806424050e+35,8.2270836869e+41,2.6070550106e+41,3.1313874630e+43,-1.0556742619e+05,-4.6275728903e+04,1.0480566327e+04
262,1.1318400000e+07,1.9059148768e+35,-3.8865572858e+35,-1.9806424090e+35,8.2270836869e+41,2.6070550106e+41,3.1313874630e+43,-1.0556685168e+05,-4.6276100856e+04,1.0479879735e+04
263,1.1361600000e+07,1.9058668230e+35,-3.8865092364e+35,-1.9806424134e+35,8.2270836869e+41,2.6070550106e+41,3.1313874630e+43,-1.0556627717e+05,-4.6276472809e+04,1.0479193144e+04
264,1.1404800000e+07,1.9058199099e+35,-3.8864623279e+35,-1.9806424180e+35,8.2270836869e+41,2.6070550106e+41,3.1313874630e+43,-1.0556570265e+05,-4.6276844762e+04,1.0478506552e+04
265,1.1448000000e+07,1.9057741498e+35,-3.8864165729e+35,-1.9806424231e+35,8.2270836869e+41,2.6070550106e+41,3.1313874630e+43,-1.0556512814e+05,-4.6277216716e+04,1.0477819960e+04
266,1.1491200000e+07,1.9057295546e+35,-3.8863719831e+35,-1.9806424284e+35,8.2270836869e+41,2.6070550106e+41,3.1313874630e+43,-1.0556455363e+05,-4.6277588669e+04,1.0477133368e+04
267,1.1534400000e+07,1.9056861354e+35,-3.8863285696e+35,-1.9806424342e+35,8.2270836869e+41,2.6070550106e+41,3.1313874630e+43,-1.0556397912e+05,-4.6277960622e+04,1.0476446777e+04
268,1.1577600000e+07,1.9056439020e+35,-3.8862863425e+35,-1.9806424404e+35,8.2270836869e+41,2.6070550106e+41,3.1313874630e+43,-1.0556340461e+05,-4.6278332575e+04,1.0475760185e+04
269,1.1620800000e+07,1.9056028633e+35,-3.8862453104e+35,-1.9806424471e+35,8.2270836869e+41,2.6070550106e+41,3.1313874630e+43,-1.0556283009e+05,-4.6278704528e+04,1.0475073593e+04
270,1.1664000000e+07,1.9055630266e+35,-3.8862054809e+35,-1.9806424543e+35,8.2270836869e+41,2.6070550106e+41,3.1313874630e+43,-1.0556225558e+05,-4.6279076481e+04,1.0474387001e+04
271,1.1707200000e+07,1.9055243975e+35,-3.8861668596e+35,-1.9806424621e+35,8.2270836869e+41,2.6070550106e+41,3.1313874630e+43,-1.0556168107e+05,-4.6279448434e+04,1.0473700409e+04
272,1.1750400000e+07,1.9054869798e+35,-3.8861294501e+35,-1.9806424704e+35,8.2270836869e+41,2.6070550106e+41,3.1313874630e+43,-1.0556110656e+05,-4.6279820388e+04,1.0473013818e+04
273,1.1793600000e+07,1.9054507748e+35,-3.8860932541e+35,-1.9806424793e+35,8.2270836869e+41,2.6070550106e+41,3.1313874630e+43,-1.0556053205e+05,-4.6280192341e+04,1.0472327226e+04
274,1.1836800000e+07,1.9054157814e+35,-3.8860582703e+35,-1.9806424889e+35,8.2270836869e+41,2.6070550106e+41,3.1313874630e+43,-1.0555995753e+05,-4.6280564294e+04,1.0471640634e+04
275,1.1880000000e+07,1.9053819954e+35,-3.8860244947e+35,-1.9806424992e+35,8.2270836869e+41,2.6070550106e+41,3.1313874630e+43,-1.0555938302e+05,-4.6280936247e+04,1.0470954042e+04
276,1.1923200000e+07,1.9053494094e+35,-3.8859919198e+35,-1.9806425103e+35,8.2270836869e+41,2.6070550106e+41,3.1313874630e+43,-1.0555880851e+05,-4.6281308200e+04,1.0470267451e+04
277,1.1966400000e+07,1.9053180122e+35,-3.8859605345e+35,-1.9806425223e+35,8.2270836869e+41,2.6070550106e+41,3.1313874630e+43,-1.0555823400e+05,-4.6281680153e+04,1.0469580859e+04
278,1.2009600000e+07,1.9052877882e+35,-3.8859303233e+35,-1.9806425351e+35,8.2270836869e+41,2.6070550106e+41,3.1313874630e+43,-1.0555765949e+05,-4.6282052106e+04,1.0468894267e+04
279,1.2052800000e+07,1.9052587174e+35,-3.8859012662e+35,-1.9806425488e+35,8.2270836869e+41,2.6070550106e+41,3.1313874630e+43,-1.0555708497e+05,-4.6282424059e+04,1.0468207675e+04
280,1.2096000000e+07,1.9052307742e+35,-3.8858733378e+35,-1.9806425636e+35,8.2270836869e+41,2.6070550106e+41,3.1313874630e+43,-1.0555651046e+05,-4.6282796012e+04,1.0467521084e+04
281,1.2139200000e+07,1.9052039275e+35,-3.8858465070e+35,-1.9806425794e+35,8.2270836869e+41,2.6070550106e+41,3.1313874630e+43,-1.0555593595e+05,-4.6283167965e+04,1.0466834492e+04
282,1.2182400000e+07,1.9051781398e+35,-3.8858207362e+35,-1.9806425964e+35,8.2270836869e+41,2.6070550106e+41,3.1313874630e+43,-1.0555536144e+05,-4.6283539918e+04,1.0466147900e+04
283,1.2225600000e+07,1.9051533664e+35,-3.8857959810e+35,-1.9806426146e+35,8.2270836869e+41,2.6070550106e+41,3.1313874630e+43,-1.0555478693e+05,-4.6283911872e+04,1.0465461308e+04
284,1.2268800000e+07,1.9051295553e+35,-3.8857721893e+35,-1.9806426340e+35,8.2270836869e+41,2.6070550106e+41,3.1313874630e+43,-1.0555421241e+05,-4.6284283825e+04,1.0464774716e+04
285,1.2312000000e+07,1.9051066459e+35,-3.8857493006e+35,-1.9806426547e+35,8.2270836869e+41,2.6070550106e+41,3.1313874630e+43,-1.0555363790e+05,-4.6284655778e+04,1.0464088125e+04
286,1.2355200000e+07,1.9050845688e+35,-3.8857272457e+35,-1.9806426768e+35,8.2270836869e+41,2.6070550106e+41,3.1313874630e+43,-1.0555306339e+05,-4.6285027731e+04,1.0463401533e+04
287,1.2398400000e+07,1.9050632450e+35,-3.8857059454e+35,-1.9806427004e+35,8.2270836869e+41,2.6070550106e+41,3.1313874630e+43,-1.0555248888e+05,-4.6285399684e+04,1.0462714941e+04
288,1.2441600000e+07,1.9050425850e+35,-3.8856853105e+35,-1.9806427255e+35,8.2270836869e+41,2.6070550106e+41,3.1313874630e+43,-1.0555191437e+05,-4.6285771637e+04,1.0462028349e+04
289,1.2484800000e+07,1.9050224884e+35,-3.8856652405e+35,-1.9806427521e+35,8.2270836869e+41,2.6070550106e+41,3.1313874630e+43,-1.0555133985e+05,-4.6286143591e+04,1.0461341758e+04
290,1.2528000000e+07,1.9050028430e+35,-3.8856456233e+35,-1.9806427803e+35,8.2270836869e+41,2.6070550106e+41,3.1313874630e+43,-1.0555076534e+05,-4.6286515544e+04,1.0460655166e+04
291,1.2571200000e+07,1.9049835245e+35,-3.8856263347e+35,-1.9806428102e+35,8.2270836869e+41,2.6070550106e+41,3.1313874630e+43,-1.0555019083e+05,-4.6286887497e+04,1.0459968574e+04
292,1.2614400000e+07,1.9049643955e+35,-3.8856072371e+35,-1.9806428416e+35,8.2270836869e+41,2.6070550106e+41,3.1313874630e+43,-1.0554961632e+05,-4.6287259450e+04,1.0459281982e+04
293,1.2657600000e+07,1.9049453055e+35,-3.8855881802e+35,-1.9806428747e+35,8.2270836869e+41,2.6070550106e+41,3.1313874630e+43,-1.0554904181e+05,-4.6287631403e+04,1.0458595391e+04
294,1.2700800000e+07,1.9049260902e+35,-3.8855689996e+35,-1.9806429094e+35,8.2270836869e+41,2.6070550106e+41,3.1313874630e+43,-1.0554846729e+05,-4.6288003356e+04,1.0457908799e+04
295,1.2744000000e+07,1.9049065714e+35,-3.8855495170e+35,-1.9806429457e+35,8.2270836869e+41,2.6070550106e+41,3.1313874630e+43,-1.0554789278e+05,-4.6288375309e+04,1.0457222207e+04
296,1.2787200000e+07,1.9048865570e+35,-3.8855295404e+35,-1.9806429834e+35,8.2270836869e+41,2.6070550106e+41,3.1313874630e+43,-1.0554731827e+05,-4.6288747262e+04,1.0456535615e+04
297,1.2830400000e+07,1.9048658412e+35,-3.8855088638e+35,-1.9806430226e+35,8.2270836869e+41,2.6070550106e+41,3.1313874630e+43,-1.0554674376e+05,-4.6289119215e+04,1.0455849023e+04
298,1.2873600000e+07,1.9048442048e+35,-3.8854872678e+35,-1.9806430630e+35,8.2270836869e+41,2.6070550106e+41,3.1313874630e+43,-1.0554616925e+05,-4.6289491169e+04,1.0455162432e+04
299,1.2916800000e+07,1.9048214158e+35,-3.8854645203e+35,-1.9806431044e+35,8.2270836869e+41,2.6070550106e+41,3.1313874630e+43,-1.0554559473e+05,-4.6289863122e+04,1.0454475840e+04
300,1.2960000000e+07,1.9047972306e+35,-3.8854403774e+35,-1.9806431468e+35,8.2270836869e+41,2.6070550106e+41,3.1313874630e+43,-1.0554502022e+05,-4.6290235075e+04,1.0453789248e+04
301,1.3003200000e+07,1.9047713951e+35,-3.8854145848e+35,-1.9806431897e+35,8.2270836869e+41,2.6070550106e+41,3.1313874630e+43,-1.0554444571e+05,-4.6290607028e+04,1.0453102656e+04
302,1.3046400000e+07,1.9047436461e+35,-3.8853868791e+35,-1.9806432330e+35,8.2270836869e+41,2.6070550106e+41,3.1313874630e+43,-1.0554387120e+05,-4.6290978981e+04,1.0452416065e+04
303,1.3089600000e+07,1.9047137138e+35,-3.8853569902e+35,-1.9806432763e+35,8.2270836869e+41,2.6070550106e+41,3.1313874630e+43,-1.0554329669e+05,-4.6291350934e+04,1.0451729473e+04
304,1.3132800000e+07,1.9046813238e+35,-3.8853246431e+35,-1.9806433193e+35,8.2270836869e+41,2.6070550106e+41,3.1313874630e+43,-1.0554272217e+05,-4.6291722887e+04,1.0451042881e+04
305,1.3176000000e+07,1.9046461997e+35,-3.8852895612e+35,-1.9806433615e+35,8.2270836869e+41,2.6070550106e+41,3.1313874630e+43,-1.0554214766e+05,-4.6292094840e+04,1.0450356289e+04
306,1.3219200000e+07,1.9046080659e+35,-3.8852514685e+35,-1.9806434025e+35,8.2270836869e+41,2.6070550106e+41,3.1313874630e+43,-1.0554157315e+05,-4.6292466794e+04,1.0449669697e+04
307,1.3262400000e+07,1.9045666516e+35,-3.8852100935e+35,-1.9806434419e+35,8.2270836869e+41,2.6070550106e+41,3.1313874630e+43,-1.0554099864e+05,-4.6292838747e+04,1.0448983106e+04
308,1.3305600000e+07,1.9045216932e+35,-3.8851651724e+35,-1.9806434792e+35,8.2270836869e+41,2.6070550106e+41,3.1313874630e+43,-1.0554042412e+05,-4.6293210700e+04,1.0448296514e+04
309,1.3348800000e+07,1.9044729388e+35,-3.8851164528e+35,-1.9806435140e+35,8.2270836869e+41,2.6070550106e+41,3.1313874630e+43,-1.0553984961e+05,-4.6293582653e+04,1.0447609922e+04
310,1.3392000000e+07,1.9044201516e+35,-3.8850636973e+35,-1.9806435457e+35,8.2270836869e+41,2.6070550106e+41,3.1313874630e+43,-1.0553927510e+05,-4.6293954606e+04,1.0446923330e+04
311,1.3435200000e+07,1.9043631134e+35,-3.8850066874e+35,-1.9806435740e+35,8.2270836869e+41,2.6070550106e+41,3.1313874630e+43,-1.0553870059e+05,-4.6294326559e+04,1.0446236739e+04
312,1.3478400000e+07,1.9043016284e+35,-3.8849452268e+35,-1.9806435984e+35,8.2270836869e+41,2.6070550106e+41,3.1313874630e+43,-1.0553812608e+05,-4.6294698513e+04,1.0445550147e+04
313,1.3521600000e+07,1.9042355265e+35,-3.8848791451e+35,-1.9806436185e+35,8.2270836869e+41,2.6070550106e+41,3.1313874630e+43,-1.0553755156e+05,-4.6295070466e+04,1.0444863555e+04
314,1.3564800000e+07,1.9041646665e+35,-3.8848083006e+35,-1.9806436341e+35,8.2270836869e+41,2.6070550106e+41,3.1313874630e+43,-1.0553697705e+05,-4.6295442419e+04,1.0444176963e+04
315,1.3608000000e+07,1.9040889381e+35,-3.8847325831e+35,-1.9806436450e+35,8.2270836869e+41,2.6070550106e+41,3.1313874630e+43,-1.0553640254e+05,-4.6295814372e+04,1.0443490372e+04
316,1.3651200000e+07,1.9040082647e+35,-3.8846519155e+35,-1.9806436508e+35,8.2270836869e+41,2.6070550106e+41,3.1313874630e+43,-1.0553582803e+05,-4.6296186325e+04,1.0442803780e+04
317,1.3694400000e+07,1.9039226045e+35,-3.8845662560e+35,-1.9806436515e+35,8.2270836869e+41,2.6070550106e+41,3.1313874630e+43,-1.0553525352e+05,-4.6296558278e+04,1.0442117188e+04
318,1.3737600000e+07,1.9038319511e+35,-3.8844755982e+35,-1.9806436471e+35,8.2270836869e+41,2.6070550106e+41,3.1313874630e+43,-1.0553467900e+05,-4.6296930231e+04,1.0441430596e+04
319,1.3780800000e+07,1.9037363342e+35,-3.8843799719e+35,-1.9806436377e+35,8.2270836869e+41,2.6070550106e+41,3.1313874630e+43,-1.0553410449e+05,-4.6297302184e+04,1.0440744004e+04
320,1.3824000000e+07,1.9036358186e+35,-3.8842794420e+35,-1.9806436235e+35,8.2270836869e+41,2.6070550106e+41,3.1313874630e+43,-1.0553352998e+05,-4.6297674137e+04,1.0440057413e+04
321,1.3867200000e+07,1.9035305033e+35,-3.8841741078e+35,-1.9806436045e+35,8.2270836869e+41,2.6070550106e+41,3.1313874630e+43,-1.0553295547e+05,-4.6298046091e+04,1.0439370821e+04
322,1.3910400000e+07,1.9034205194e+35,-3.8840641006e+35,-1.9806435812e+35,8.2270836869e+41,2.6070550106e+41,3.1313874630e+43,-1.0553238096e+05,-4.6298418044e+04,1.0438684229e+04
323,1.3953600000e+07,1.9033060280e+35,-3.8839495818e+35,-1.9806435538e+35,8.2270836869e+41,2.6070550106e+41,3.1313874630e+43,-1.0553180644e+05,-4.6298789997e+04,1.0437997637e+04
324,1.3996800000e+07,1.9031872173e+35,-3.8838307401e+35,-1.9806435228e+35,8.2270836869e+41,2.6070550106e+41,3.1313874630e+43,-1.0553123193e+05,-4.6299161950e+04,1.0437311046e+04
325,1.4040000000e+07,1.9030642990e+35,-3.8837077876e+35,-1.9806434886e+35,8.2270836869e+41,2.6070550106e+41,3.1313874630e+43,-1.0553065742e+05,-4.6299533903e+04,1.0436624454e+04
326,1.4083200000e+07,1.9029375055e+35,-3.8835809571e+35,-1.9806434516e+35,8.2270836869e+41,2.6070550106e+41,3.1313874630e+43,-1.0553008291e+05,-4.6299905856e+04,1.0435937862e+04
327,1.4126400000e+07,1.9028070856e+35,-3.8834504979e+35,-1.9806434123e+35,8.2270836869e+41,2.6070550106e+41,3.1313874630e+43,-1.0552950840e+05,-4.6300277809e+04,1.0435251270e+04
328,1.4169600000e+07,1.9026733012e+35,-3.8833166724e+35,-1.9806433712e+35,8.2270836869e+41,2.6070550106e+41,3.1313874630e+43,-1.0552893388e+05,-4.6300649762e+04,1.0434564679e+04
329,1.4212800000e+07,1.9025364234e+35,-3.8831797521e+35,-1.9806433288e+35,8.2270836869e+41,2.6070550106e+41,3.1313874630e+43,-1.0552835937e+05,-4.6301021715e+04,1.0433878087e+04
330,1.4256000000e+07,1.9023967290e+35,-3.8830400144e+35,-1.9806432854e+35,8.2270836869e+41,2.6070550106e+41,3.1313874630e+43,-1.0552778486e+05,-4.6301393669e+04,1.0433191495e+04
331,1.4299200000e+07,1.9022544974e+35,-3.8828977389e+35,-1.9806432415e+35,8.2270836869e+41,2.6070550106e+41,3.1313874630e+43,-1.0552721035e+05,-4.6301765622e+04,1.0432504903e+04
332,1.4342400000e+07,1.9021100071e+35,-3.8827532045e+35,-1.9806431974e+35,8.2270836869e+41,2.6070550106e+41,3.1313874630e+43,-1.0552663584e+05,-4.6302137575e+04,1.0431818311e+04
333,1.4385600000e+07,1.9019635332e+35,-3.8826066867e+35,-1.9806431536e+35,8.2270836869e+41,2.6070550106e+41,3.1313874630e+43,-1.0552606132e+05,-4.6302509528e+04,1.0431131720e+04
334,1.4428800000e+07,1.9018153446e+35,-3.8824584548e+35,-1.9806431102e+35,8.2270836869e+41,2.6070550106e+41,3.1313874630e+43,-1.0552548681e+05,-4.6302881481e+04,1.0430445128e+04
335,1.4472000000e+07,1.9016657025e+35,-3.8823087702e+35,-1.9806430676e+35,8.2270836869e+41,2.6070550106e+41,3.1313874630e+43,-1.0552491230e+05,-4.6303253434e+04,1.0429758536e+04
336,1.4515200000e+07,1.9015148581e+35,-3.8821578842e+35,-1.9806430261e+35,8.2270836869e+41,2.6070550106e+41,3.1313874630e+43,-1.0552433779e+05,-4.6303625387e+04,1.0429071944e+04
337,1.4558400000e+07,1.9013630513e+35,-3.8820060369e+35,-1.9806429857e+35,8.2270836869e+41,2.6070550106e+41,3.1313874630e+43,-1.0552376328e+05,-4.6303997340e+04,1.0428385353e+04
338,1.4601600000e+07,1.9012105096e+35,-3.8818534563e+35,-1.9806429466e+35,8.2270836869e+41,2.6070550106e+41,3.1313874630e+43,-1.0552318876e+05,-4.6304369294e+04,1.0427698761e+04
339,1.4644800000e+07,1.9010574477e+35,-3.8817003567e+35,-1.9806429090e+35,8.2270836869e+41,2.6070550106e+41,3.1313874630e+43,-1.0552261425e+05,-4.6304741247e+04,1.0427012169e+04
340,1.4688000000e+07,1.9009040663e+35,-3.8815469393e+35,-1.9806428730e+35,8.2270836869e+41,2.6070550106e+41,3.1313874630e+43,-1.0552203974e+05,-4.6305113200e+04,1.0426325577e+04
341,1.4731200000e+07,1.9007505524e+35,-3.8813933909e+35,-1.9806428385e+35,8.2270836869e+41,2.6070550106e+41,3.1313874630e+43,-1.0552146523e+05,-4.6305485153e+04,1.0425638985e+04
342,1.4774400000e+07,1.9005970791e+35,-3.8812398847e+35,-1.9806428056e+35,8.2270836869e+41,2.6070550106e+41,3.1313874630e+43,-1.0552089072e+05,-4.6305857106e+04,1.0424952394e+04
343,1.4817600000e+07,1.9004438055e+35,-3.8810865799e+35,-1.9806427744e+35,8.2270836869e+41,2.6070550106e+41,3.1313874630e+43,-1.0552031620e+05,-4.6306229059e+04,1.0424265802e+04
344,1.4860800000e+07,1.9002908774e+35,-3.8809336222e+35,-1.9806427448e+35,8.2270836869e+41,2.6070550106e+41,3.1313874630e+43,-1.0551974169e+05,-4.6306601013e+04,1.0423579210e+04
345,1.4904000000e+07,1.9001384274e+35,-3.8807811442e+35,-1.9806427168e+35,8.2270836869e+41,2.6070550106e+41,3.1313874630e+43,-1.0551916718e+05,-4.6306972966e+04,1.0422892618e+04
346,1.4947200000e+07,1.8999865756e+35,-3.8806292661e+35,-1.9806426904e+35,8.2270836869e+41,2.6070550106e+41,3.1313874630e+43,-1.0551859267e+05,-4.6307344919e+04,1.0422206027e+04
347,1.4990400000e+07,1.8998354302e+35,-3.8804780958e+35,-1.9806426655e+35,8.2270836869e+41,2.6070550106e+41,3.1313874630e+43,-1.0551801816e+05,-4.6307716872e+04,1.0421519435e+04
348,1.5033600000e+07,1.8996850879e+35,-3.8803277300e+35,-1.9806426421e+35,8.2270836869e+41,2.6070550106e+41,3.1313874630e+43,-1.0551744364e+05,-4.6308088825e+04,1.0420832843e+04
349,1.5076800000e+07,1.8995356347e+35,-3.8801782549e+35,-1.9806426202e+35,8.2270836869e+41,2.6070550106e+41,3.1313874630e+43,-1.0551686913e+05,-4.6308460778e+04,1.0420146251e+04
350,1.5120000000e+07,1.8993871469e+35,-3.8800297464e+35,-1.9806425995e+35,8.2270836869e+41,2.6070550106e+41,3.1313874630e+43,-1.0551629462e+05,-4.6308832731e+04,1.0419459660e+04
351,1.5163200000e+07,1.8992396912e+35,-3.8798822714e+35,-1.9806425802e+35,8.2270836869e+41,2.6070550106e+41,3.1313874630e+43,-1.0551572011e+05,-4.6309204685e+04,1.0418773068e+04
352,1.5206400000e+07,1.8990933258e+35,-3.8797358879e+35,-1.9806425621e+35,8.2270836869e+41,2.6070550106e+41,3.1313874630e+43,-1.0551514559e+05,-4.6309576637e+04,1.0418086476e+04
353,1.5249600000e+07,1.8989481012e+35,-3.8795906463e+35,-1.9806425451e+35,8.2270836869e+41,2.6070550106e+41,3.1313874630e+43,-1.0551457108e+05,-4.6309948591e+04,1.0417399884e+04
354,1.5292800000e+07,1.8988040602e+35,-3.8794465895e+35,-1.9806425293e+35,8.2270836869e+41,2.6070550106e+41,3.1313874630e+43,-1.0551399657e+05,-4.6310320544e+04,1.0416713292e+04
355,1.5336000000e+07,1.8986612394e+35,-3.8793037539e+35,-1.9806425145e+35,8.2270836869e+41,2.6070550106e+41,3.1313874630e+43,-1.0551342206e+05,-4.6310692497e+04,1.0416026701e+04
356,1.5379200000e+07,1.8985196689e+35,-3.8791621696e+35,-1.9806425007e+35,8.2270836869e+41,2.6070550106e+41,3.1313874630e+43,-1.0551284755e+05,-4.6311064450e+04,1.0415340109e+04
357,1.5422400000e+07,1.8983793737e+35,-3.8790218615e+35,-1.9806424878e+35,8.2270836869e+41,2.6070550106e+41,3.1313874630e+43,-1.0551227303e+05,-4.6311436403e+04,1.0414653517e+04
358,1.5465600000e+07,1.8982403738e+35,-3.8788828495e+35,-1.9806424757e+35,8.2270836869e+41,2.6070550106e+41,3.1313874630e+43,-1.0551169852e+05,-4.6311808356e+04,1.0413966925e+04
359,1.5508800000e+07,1.8981026845e+35,-3.8787451489e+35,-1.9806424644e+35,8.2270836869e+41,2.6070550106e+41,3.1313874630e+43,-1.0551112401e+05,-4.6312180310e+04,1.0413280334e+04
360,1.5552000000e+07,1.8979663174e+35,-3.8786087713e+35,-1.9806424539e+35,8.2270836869e+41,2.6070550106e+41,3.1313874630e+43,-1.0551054950e+05,-4.6312552263e+04,1.0412593742e+04
361,1.5595200000e+07,1.8978312804e+35,-3.8784737245e+35,-1.9806424441e+35,8.2270836869e+41,2.6070550106e+41,3.1313874630e+43,-1.0550997499e+05,-4.6312924216e+04,1.0411907150e+04
362,1.5638400000e+07,1.8976975784e+35,-3.8783400134e+35,-1.9806424350e+35,8.2270836869e+41,2.6070550106e+41,3.1313874630e+43,-1.0550940047e+05,-4.6313296169e+04,1.0411220558e+04
363,1.5681600000e+07,1.8975652135e+35,-3.8782076399e+35,-1.9806424264e+35,8.2270836869e+41,2.6070550106e+41,3.1313874630e+43,-1.0550882596e+05,-4.6313668122e+04,1.0410533967e+04
364,1.5724800000e+07,1.8974341852e+35,-3.8780766036e+35,-1.9806424184e+35,8.2270836869e+41,2.6070550106e+41,3.1313874630e+43,-1.0550825145e+05,-4.6314040075e+04,1.0409847375e+04
365,1.5768000000e+07,1.8973044911e+35,-3.8779469021e+35,-1.9806424109e+35,8.2270836869e+41,2.6070550106e+41,3.1313874630e+43,-1.0550767694e+05,-4.6314412028e+04,1.0409160783e+04
366,1.5811200000e+07,1.8971761270e+35,-3.8778185309e+35,-1.9806424040e+35,8.2270836869e+41,2.6070550106e+41,3.1313874630e+43,-1.0550710243e+05,-4.6314783981e+04,1.0408474191e+04
367,1.5854400000e+07,1.8970490868e+35,-3.8776914843e+35,-1.9806423974e+35,8.2270836869e+41,2.6070550106e+41,3.1313874630e+43,-1.0550652791e+05,-4.6315155935e+04,1.0407787599e+04
368,1.5897600000e+07,1.8969233635e+35,-3.8775657549e+35,-1.9806423913e+35,8.2270836869e+41,2.6070550106e+41,3.1313874630e+43,-1.0550595340e+05,-4.6315527888e+04,1.0407101008e+04
369,1.5940800000e+07,1.8967989487e+35,-3.8774413343e+35,-1.9806423856e+35,8.2270836869e+41,2.6070550106e+41,3.1313874630e+43,-1.0550537889e+05,-4.6315899841e+04,1.0406414416e+04
370,1.5984000000e+07,1.8966758331e+35,-3.8773182133e+35,-1.9806423803e+35,8.2270836869e+41,2.6070550106e+41,3.1313874630e+43,-1.0550480438e+05,-4.6316271794e+04,1.0405727824e+04
371,1.6027200000e+07,1.8965540066e+35,-3.8771963819e+35,-1.9806423753e+35,8.2270836869e+41,2.6070550106e+41,3.1313874630e+43,-1.0550422987e+05,-4.6316643747e+04,1.0405041232e+04
372,1.6070400000e+07,1.8964334586e+35,-3.8770758292e+35,-1.9806423706e+35,8.2270836869e+41,2.6070550106e+41,3.1313874630e+43,-1.0550365535e+05,-4.6317015700e+04,1.0404354641e+04
373,1.6113600000e+07,1.8963141781e+35,-3.8769565443e+35,-1.9806423662e+35,8.2270836869e+41,2.6070550106e+41,3.1313874630e+43,-1.0550308084e+05,-4.6317387654e+04,1.0403668049e+04
374,1.6156800000e+07,1.8961961536e+35,-3.8768385156e+35,-1.9806423621e+35,8.2270836869e+41,2.6070550106e+41,3.1313874630e+43,-1.0550250633e+05,-4.6317759607e+04,1.0402981457e+04
375,1.6200000000e+07,1.8960793733e+35,-3.8767217315e+35,-1.9806423582e+35,8.2270836869e+41,2.6070550106e+41,3.1313874630e+43,-1.0550193182e+05,-4.6318131560e+04,1.0402294865e+04
376,1.6243200000e+07,1.8959638256e+35,-3.8766061801e+35,-1.9806423546e+35,8.2270836869e+41,2.6070550106e+41,3.1313874630e+43,-1.0550135731e+05,-4.6318503513e+04,1.0401608274e+04
377,1.6286400000e+07,1.8958494985e+35,-3.8764918497e+35,-1.9806423512e+35,8.2270836869e+41,2.6070550106e+41,3.1313874630e+43,-1.0550078279e+05,-4.6318875466e+04,1.0400921682e+04
378,1.6329600000e+07,1.8957363803e+35,-3.8763787283e+35,-1.9806423480e+35,8.2270836869e+41,2.6070550106e+41,3.1313874630e+43,-1.0550020828e+05,-4.6319247419e+04,1.0400235090e+04
379,1.6372800000e+07,1.8956244593e+35,-3.8762668043e+35,-1.9806423450e+35,8.2270836869e+41,2.6070550106e+41,3.1313874630e+43,-1.0549963377e+05,-4.6319619372e+04,1.0399548498e+04
380,1.6416000000e+07,1.8955137241e+35,-3.8761560662e+35,-1.9806423422e+35,8.2270836869e+41,2.6070550106e+41,3.1313874630e+43,-1.0549905926e+05,-4.6319991325e+04,1.0398861906e+04
381,1.6459200000e+07,1.8954041633e+35,-3.8760465028e+35,-1.9806423395e+35,8.2270836869e+41,2.6070550106e+41,3.1313874630e+43,-1.0549848475e+05,-4.6320363278e+04,1.0398175315e+04
382,1.6502400000e+07,1.8952957661e+35,-3.8759381031e+35,-1.9806423370e+35,8.2270836869e+41,2.6070550106e+41,3.1313874630e+43,-1.0549791023e+05,-4.6320735232e+04,1.0397488723e+04
383,1.6545600000e+07,1.8951885217e+35,-3.8758308563e+35,-1.9806423347e+35,8.2270836869e+41,2.6070550106e+41,3.1313874630e+43,-1.0549733572e+05,-4.6321107185e+04,1.0396802131e+04
384,1.6588800000e+07,1.8950824198e+35,-3.8757247523e+35,-1.9806423325e+35,8.2270836869e+41,2.6070550106e+41,3.1313874630e+43,-1.0549676121e+05,-4.6321479138e+04,1.0396115539e+04
385,1.6632000000e+07,1.8949774507e+35,-3.8756197811e+35,-1.9806423304e+35,8.2270836869e+41,2.6070550106e+41,3.1313874630e+43,-1.0549618670e+05,-4.6321851091e+04,1.0395428948e+04
386,1.6675200000e+07,1.8948736048e+35,-3.8755159333e+35,-1.9806423285e+35,8.2270836869e+41,2.6070550106e+41,3.1313874630e+43,-1.0549561219e+05,-4.6322223044e+04,1.0394742356e+04
387,1.6718400000e+07,1.8947708731e+35,-3.8754131997e+35,-1.9806423266e+35,8.2270836869e+41,2.6070550106e+41,3.1313874630e+43,-1.0549503767e+05,-4.6322594997e+04,1.0394055764e+04
388,1.6761600000e+07,1.8946692470e+35,-3.8753115719e+35,-1.9806423249e+35,8.2270836869e+41,2.6070550106e+41,3.1313874630e+43,-1.0549446316e+05,-4.6322966950e+04,1.0393369172e+04
389,1.6804800000e+07,1.8945687185e+35,-3.8752110418e+35,-1.9806423233e+35,8.2270836869e+41,2.6070550106e+41,3.1313874630e+43,-1.0549388865e+05,-4.6323338904e+04,1.0392682580e+04
390,1.6848000000e+07,1.8944692798e+35,-3.8751116016e+35,-1.9806423218e+35,8.2270836869e+41,2.6070550106e+41,3.1313874630e+43,-1.0549331414e+05,-4.6323710857e+04,1.0391995989e+04
391,1.6891200000e+07,1.8943709240e+35,-3.8750132444e+35,-1.9806423204e+35,8.2270836869e+41,2.6070550106e+41,3.1313874630e+43,-1.0549273963e+05,-4.6324082810e+04,1.0391309397e+04
392,1.6934400000e+07,1.8942736444e+35,-3.8749159635e+35,-1.9806423191e+35,8.2270836869e+41,2.6070550106e+41,3.1313874630e+43,-1.0549216511e+05,-4.6324454763e+04,1.0390622805e+04
393,1.6977600000e+07,1.8941774350e+35,-3.8748197528e+35,-1.9806423179e+35,8.2270836869e+41,2.6070550106e+41,3.1313874630e+43,-1.0549159060e+05,-4.6324826716e+04,1.0389936213e+04
394,1.7020800000e+07,1.8940822901e+35,-3.8747246068e+35,-1.9806423167e+35,8.2270836869e+41,2.6070550106e+41,3.1313874630e+43,-1.0549101609e+05,-4.6325198669e+04,1.0389249622e+04
395,1.7064000000e+07,1.8939882047e+35,-3.8746305203e+35,-1.9806423157e+35,8.2270836869e+41,2.6070550106e+41,3.1313874630e+43,-1.0549044158e+05,-4.6325570622e+04,1.0388563030e+04
396,1.7107200000e+07,1.8938951743e+35,-3.8745374890e+35,-1.9806423147e+35,8.2270836869e+41,2.6070550106e+41,3.1313874630e+43,-1.0548986707e+05,-4.6325942575e+04,1.0387876438e+04
397,1.7150400000e+07,1.8938031949e+35,-3.8744455087e+35,-1.9806423138e+35,8.2270836869e+41,2.6070550106e+41,3.1313874630e+43,-1.0548929255e+05,-4.6326314529e+04,1.0387189846e+04
398,1.7193600000e+07,1.8937122632e+35,-3.8743545762e+35,-1.9806423130e+35,8.2270836869e+41,2.6070550106e+41,3.1313874630e+43,-1.0548871804e+05,-4.6326686482e+04,1.0386503255e+04
399,1.7236800000e+07,1.8936223762e+35,-3.8742646884e+35,-1.9806423122e+35,8.2270836869e+41,2.6070550106e+41,3.1313874630e+43,-1.0548814353e+05,-4.6327058435e+04,1.0385816663e+04
400,1.7280000000e+07,1.8935335317e+35,-3.8741758433e+35,-1.9806423116e+35,8.2270836869e+41,2.6070550106e+41,3.1313874630e+43,-1.0548756902e+05,-4.6327430388e+04,1.0385130071e+04
401,1.7323200000e+07,1.8934457279e+35,-3.8740880389e+35,-1.9806423109e+35,8.2270836869e+41,2.6070550106e+41,3.1313874630e+43,-1.0548699451e+05,-4.6327802341e+04,1.0384443479e+04
402,1.7366400000e+07,1.8933589637e+35,-3.8740012741e+35,-1.9806423104e+35,8.2270836869e+41,2.6070550106e+41,3.1313874630e+43,-1.0548641999e+05,-4.6328174294e+04,1.0383756887e+04
403,1.7409600000e+07,1.8932732385e+35,-3.8739155484e+35,-1.9806423099e+35,8.2270836869e+41,2.6070550106e+41,3.1313874630e+43,-1.0548584548e+05,-4.6328546247e+04,1.0383070296e+04
404,1.7452800000e+07,1.8931885523e+35,-3.8738308618e+35,-1.9806423095e+35,8.2270836869e+41,2.6070550106e+41,3.1313874630e+43,-1.0548527097e+05,-4.6328918201e+04,1.0382383704e+04
405,1.7496000000e+07,1.8931049057e+35,-3.8737472149e+35,-1.9806423092e+35,8.2270836869e+41,2.6070550106e+41,3.1313874630e+43,-1.0548469646e+05,-4.6329290154e+04,1.0381697112e+04
406,1.7539200000e+07,1.8930223000e+35,-3.8736646089e+35,-1.9806423089e+35,8.2270836869e+41,2.6070550106e+41,3.1313874630e+43,-1.0548412195e+05,-4.6329662107e+04,1.0381010520e+04
407,1.7582400000e+07,1.8929407368e+35,-3.8735830455e+35,-1.9806423087e+35,8.2270836869e+41,2.6070550106e+41,3.1313874630e+43,-1.0548354743e+05,-4.6330034060e+04,1.0380323929e+04
408,1.7625600000e+07,1.8928602186e+35,-3.8735025271e+35,-1.9806423085e+35,8.2270836869e+41,2.6070550106e+41,3.1313874630e+43,-1.0548297292e+05,-4.6330406013e+04,1.0379637337e+04
409,1.7668800000e+07,1.8927807483e+35,-3.8734230567e+35,-1.9806423084e+35,8.2270836869e+41,2.6070550106e+41,3.1313874630e+43,-1.0548239841e+05,-4.6330777966e+04,1.0378950745e+04
410,1.7712000000e+07,1.8927023294e+35,-3.8733446378e+35,-1.9806423084e+35,8.2270836869e+41,2.6070550106e+41,3.1313874630e+43,-1.0548182390e+05,-4.6331149919e+04,1.0378264153e+04
411,1.7755200000e+07,1.8926249660e+35,-3.8732672745e+35,-1.9806423085e+35,8.2270836869e+41,2.6070550106e+41,3.1313874630e+43,-1.0548124939e+05,-4.6331521873e+04,1.0377577562e+04
412,1.7798400000e+07,1.8925486629e+35,-3.8731909715e+35,-1.9806423086e+35,8.2270836869e+41,2.6070550106e+41,3.1313874630e+43,-1.0548067487e+05,-4.6331893826e+04,1.0376890970e+04
413,1.7841600000e+07,1.8924734252e+35,-3.8731157340e+35,-1.9806423089e+35,8.2270836869e+41,2.6070550106e+41,3.1313874630e+43,-1.0548010036e+05,-4.6332265779e+04,1.0376204378e+04
414,1.7884800000e+07,1.8923992587e+35,-3.8730415678e+35,-1.9806423091e+35,8.2270836869e+41,2.6070550106e+41,3.1313874630e+43,-1.0547952585e+05,-4.6332637732e+04,1.0375517786e+04
415,1.7928000000e+07,1.8923261697e+35,-3.8729684793e+35,-1.9806423095e+35,8.2270836869e+41,2.6070550106e+41,3.1313874630e+43,-1.0547895134e+05,-4.6333009685e+04,1.0374831194e+04
416,1.7971200000e+07,1.8922541653e+35,-3.8728964752e+35,-1.9806423100e+35,8.2270836869e+41,2.6070550106e+41,3.1313874630e+43,-1.0547837683e+05,-4.6333381638e+04,1.0374144603e+04
417,1.8014400000e+07,1.8921832526e+35,-3.8728255632e+35,-1.9806423105e+35,8.2270836869e+41,2.6070550106e+41,3.1313874630e+43,-1.0547780231e+05,-4.6333753591e+04,1.0373458011e+04
418,1.8057600000e+07,1.8921134398e+35,-3.8727557510e+35,-1.9806423112e+35,8.2270836869e+41,2.6070550106e+41,3.1313874630e+43,-1.0547722780e+05,-4.6334125545e+04,1.0372771419e+04
419,1.8100800000e+07,1.8920447353e+35,-3.8726870472e+35,-1.9806423119e+35,8.2270836869e+41,2.6070550106e+41,3.1313874630e+43,-1.0547665329e+05,-4.6334497498e+04,1.0372084827e+04
420,1.8144000000e+07,1.8919771480e+35,-3.8726194607e+35,-1.9806423127e+35,8.2270836869e+41,2.6070550106e+41,3.1313874630e+43,-1.0547607878e+05,-4.6334869451e+04,1.0371398236e+04
421,1.8187200000e+07,1.8919106875e+35,-3.8725530011e+35,-1.9806423136e+35,8.2270836869e+41,2.6070550106e+41,3.1313874630e+43,-1.0547550427e+05,-4.6335241404e+04,1.0370711644e+04
422,1.8230400000e+07,1.8918453637e+35,-3.8724876784e+35,-1.9806423147e+35,8.2270836869e+41,2.6070550106e+41,3.1313874630e+43,-1.0547492975e+05,-4.6335613357e+04,1.0370025052e+04
423,1.8273600000e+07,1.8917811871e+35,-3.8724235029e+35,-1.9806423158e+35,8.2270836869e+41,2.6070550106e+41,3.1313874630e+43,-1.0547435524e+05,-4.6335985310e+04,1.0369338460e+04
424,1.8316800000e+07,1.8917181685e+35,-3.8723604857e+35,-1.9806423171e+35,8.2270836869e+41,2.6070550106e+41,3.1313874630e+43,-1.0547378073e+05,-4.6336357263e+04,1.0368651868e+04
425,1.8360000000e+07,1.8916563195e+35,-3.8722986380e+35,-1.9806423185e+35,8.2270836869e+41,2.6070550106e+41,3.1313874630e+43,-1.0547320622e+05,-4.6336729217e+04,1.0367965277e+04
426,1.8403200000e+07,1.8915956517e+35,-3.8722379717e+35,-1.9806423200e+35,8.2270836869e+41,2.6070550106e+41,3.1313874630e+43,-1.0547263171e+05,-4.6337101170e+04,1.0367278685e+04
427,1.8446400000e+07,1.8915361773e+35,-3.8721784990e+35,-1.9806423217e+35,8.2270836869e+41,2.6070550106e+41,3.1313874630e+43,-1.0547205719e+05,-4.6337473123e+04,1.0366592093e+04
428,1.8489600000e+07,1.8914779090e+35,-3.8721202325e+35,-1.9806423236e+35,8.2270836869e+41,2.6070550106e+41,3.1313874630e+43,-1.0547148268e+05,-4.6337845076e+04,1.0365905501e+04
429,1.8532800000e+07,1.8914208595e+35,-3.8720631851e+35,-1.9806423255e+35,8.2270836869e+41,2.6070550106e+41,3.1313874630e+43,-1.0547090817e+05,-4.6338217029e+04,1.0365218910e+04
430,1.8576000000e+07,1.8913650422e+35,-3.8720073699e+35,-1.9806423277e+35,8.2270836869e+41,2.6070550106e+41,3.1313874630e+43,-1.0547033366e+05,-4.6338588982e+04,1.0364532318e+04
431,1.8619200000e+07,1.8913104706e+35,-3.8719528006e+35,-1.9806423300e+35,8.2270836869e+41,2.6070550106e+41,3.1313874630e+43,-1.0546975915e+05,-4.6338960936e+04,1.0363845726e+04
432,1.8662400000e+07,1.8912571583e+35,-3.8718994908e+35,-1.9806423326e+35,8.2270836869e+41,2.6070550106e+41,3.1313874630e+43,-1.0546918463e+05,-4.6339332888e+04,1.0363159134e+04
433,1.8705600000e+07,1.8912051192e+35,-3.8718474545e+35,-1.9806423353e+35,8.2270836869e+41,2.6070550106e+41,3.1313874630e+43,-1.0546861012e+05,-4.6339704841e+04,1.0362472543e+04
434,1.8748800000e+07,1.8911543675e+35,-3.8717967057e+35,-1.9806423383e+35,8.2270836869e+41,2.6070550106e+41,3.1313874630e+43,-1.0546803561e+05,-4.6340076795e+04,1.0361785951e+04
435,1.8792000000e+07,1.8911049170e+35,-3.8717472585e+35,-1.9806423415e+35,8.2270836869e+41,2.6070550106e+41,3.1313874630e+43,-1.0546746110e+05,-4.6340448748e+04,1.0361099359e+04
436,1.8835200000e+07,1.8910567820e+35,-3.8716991269e+35,-1.9806423449e+35,8.2270836869e+41,2.6070550106e+41,3.1313874630e+43,-1.0546688659e+05,-4.6340820701e+04,1.0360412767e+04
437,1.8878400000e+07,1.8910099763e+35,-3.8716523249e+35,-1.9806423486e+35,8.2270836869e+41,2.6070550106e+41,3.1313874630e+43,-1.0546631207e+05,-4.6341192654e+04,1.0359726175e+04
438,1.8921600000e+07,1.8909645138e+35,-3.8716068664e+35,-1.9806423526e+35,8.2270836869e+41,2.6070550106e+41,3.1313874630e+43,-1.0546573756e+05,-4.6341564607e+04,1.0359039584e+04
439,1.8964800000e+07,1.8909204079e+35,-3.8715627648e+35,-1.9806423569e+35,8.2270836869e+41,2.6070550106e+41,3.1313874630e+43,-1.0546516305e+05,-4.6341936560e+04,1.0358352992e+04
440,1.9008000000e+07,1.8908776717e+35,-3.8715200332e+35,-1.9806423615e+35,8.2270836869e+41,2.6070550106e+41,3.1313874630e+43,-1.0546458854e+05,-4.6342308514e+04,1.0357666400e+04
441,1.9051200000e+07,1.8908363177e+35,-3.8714786842e+35,-1.9806423665e+35,8.2270836869e+41,2.6070550106e+41,3.1313874630e+43,-1.0546401403e+05,-4.6342680467e+04,1.0356979808e+04
442,1.9094400000e+07,1.8907963578e+35,-3.8714387297e+35,-1.9806423719e+35,8.2270836869e+41,2.6070550106e+41,3.1313874630e+43,-1.0546343951e+05,-4.6343052420e+04,1.0356293217e+04
443,1.9137600000e+07,1.8907578031e+35,-3.8714001808e+35,-1.9806423777e+35,8.2270836869e+41,2.6070550106e+41,3.1313874630e+43,-1.0546286500e+05,-4.6343424373e+04,1.0355606625e+04
444,1.9180800000e+07,1.8907206635e+35,-3.8713630474e+35,-1.9806423839e+35,8.2270836869e+41,2.6070550106e+41,3.1313874630e+43,-1.0546229049e+05,-4.6343796326e+04,1.0354920033e+04
445,1.9224000000e+07,1.8906849477e+35,-3.8713273383e+35,-1.9806423906e+35,8.2270836869e+41,2.6070550106e+41,3.1313874630e+43,-1.0546171598e+05,-4.6344168279e+04,1.0354233441e+04
446,1.9267200000e+07,1.8906506630e+35,-3.8712930608e+35,-1.9806423978e+35,8.2270836869e+41,2.6070550106e+41,3.1313874630e+43,-1.0546114146e+05,-4.6344540232e+04,1.0353546850e+04
447,1.9310400000e+07,1.8906178150e+35,-3.8712602205e+35,-1.9806424056e+35,8.2270836869e+41,2.6070550106e+41,3.1313874630e+43,-1.0546056695e+05,-4.6344912186e+04,1.0352860258e+04
448,1.9353600000e+07,1.8905864072e+35,-3.8712288211e+35,-1.9806424139e+35,8.2270836869e+41,2.6070550106e+41,3.1313874630e+43,-1.0545999244e+05,-4.6345284139e+04,1.0352173666e+04
449,1.9396800000e+07,1.8905564410e+35,-3.8711988638e+35,-1.9806424229e+35,8.2270836869e+41,2.6070550106e+41,3.1313874630e+43,-1.0545941793e+05,-4.6345656092e+04,1.0351487074e+04
450,1.9440000000e+07,1.8905279148e+35,-3.8711703474e+35,-1.9806424325e+35,8.2270836869e+41,2.6070550106e+41,3.1313874630e+43,-1.0545884342e+05,-4.6346028045e+04,1.0350800482e+04
451,1.9483200000e+07,1.8905008245e+35,-3.8711432674e+35,-1.9806424429e+35,8.2270836869e+41,2.6070550106e+41,3.1313874630e+43,-1.0545826890e+05,-4.6346399998e+04,1.0350113891e+04
452,1.9526400000e+07,1.8904751621e+35,-3.8711176162e+35,-1.9806424541e+35,8.2270836869e+41,2.6070550106e+41,3.1313874630e+43,-1.0545769439e+05,-4.6346771951e+04,1.0349427299e+04
453,1.9569600000e+07,1.8904509162e+35,-3.8710933823e+35,-1.9806424661e+35,8.2270836869e+41,2.6070550106e+41,3.1313874630e+43,-1.0545711988e+05,-4.6347143904e+04,1.0348740707e+04
454,1.9612800000e+07,1.8904280709e+35,-3.8710705499e+35,-1.9806424790e+35,8.2270836869e+41,2.6070550106e+41,3.1313874630e+43,-1.0545654537e+05,-4.6347515857e+04,1.0348054115e+04
455,1.9656000000e+07,1.8904066057e+35,-3.8710490985e+35,-1.9806424928e+35,8.2270836869e+41,2.6070550106e+41,3.1313874630e+43,-1.0545597086e+05,-4.6347887811e+04,1.0347367524e+04
456,1.9699200000e+07,1.8903864946e+35,-3.8710290023e+35,-1.9806425077e+35,8.2270836869e+41,2.6070550106e+41,3.1313874630e+43,-1.0545539634e+05,-4.6348259764e+04,1.0346680932e+04
457,1.9742400000e+07,1.8903677060e+35,-3.8710102296e+35,-1.9806425236e+35,8.2270836869e+41,2.6070550106e+41,3.1313874630e+43,-1.0545482183e+05,-4.6348631717e+04,1.0345994340e+04
458,1.9785600000e+07,1.8903502017e+35,-3.8709927424e+35,-1.9806425407e+35,8.2270836869e+41,2.6070550106e+41,3.1313874630e+43,-1.0545424732e+05,-4.6349003670e+04,1.0345307748e+04
459,1.9828800000e+07,1.8903339365e+35,-3.8709764955e+35,-1.9806425590e+35,8.2270836869e+41,2.6070550106e+41,3.1313874630e+43,-1.0545367281e+05,-4.6349375623e+04,1.0344621156e+04
460,1.9872000000e+07,1.8903188576e+35,-3.8709614362e+35,-1.9806425786e+35,8.2270836869e+41,2.6070550106e+41,3.1313874630e+43,-1.0545309830e+05,-4.6349747576e+04,1.0343934565e+04
461,1.9915200000e+07,1.8903049037e+35,-3.8709475032e+35,-1.9806425995e+35,8.2270836869e+41,2.6070550106e+41,3.1313874630e+43,-1.0545252378e+05,-4.6350119529e+04,1.0343247973e+04
462,1.9958400000e+07,1.8902920045e+35,-3.8709346263e+35,-1.9806426218e+35,8.2270836869e+41,2.6070550106e+41,3.1313874630e+43,-1.0545194927e+05,-4.6350491482e+04,1.0342561381e+04
463,2.0001600000e+07,1.8902800799e+35,-3.8709227255e+35,-1.9806426456e+35,8.2270836869e+41,2.6070550106e+41,3.1313874630e+43,-1.0545137476e+05,-4.6350863436e+04,1.0341874789e+04
464,2.0044800000e+07,1.8902690396e+35,-3.8709117104e+35,-1.9806426709e+35,8.2270836869e+41,2.6070550106e+41,3.1313874630e+43,-1.0545080025e+05,-4.6351235389e+04,1.0341188198e+04
465,2.0088000000e+07,1.8902587817e+35,-3.8709014795e+35,-1.9806426977e+35,8.2270836869e+41,2.6070550106e+41,3.1313874630e+43,-1.0545022574e+05,-4.6351607342e+04,1.0340501606e+04
466,2.0131200000e+07,1.8902491931e+35,-3.8708919193e+35,-1.9806427262e+35,8.2270836869e+41,2.6070550106e+41,3.1313874630e+43,-1.0544965122e+05,-4.6351979295e+04,1.0339815014e+04
467,2.0174400000e+07,1.8902401478e+35,-3.8708829040e+35,-1.9806427563e+35,8.2270836869e+41,2.6070550106e+41,3.1313874630e+43,-1.0544907671e+05,-4.6352351248e+04,1.0339128422e+04
468,2.0217600000e+07,1.8902315071e+35,-3.8708742951e+35,-1.9806427880e+35,8.2270836869e+41,2.6070550106e+41,3.1313874630e+43,-1.0544850220e+05,-4.6352723201e+04,1.0338441831e+04
469,2.0260800000e+07,1.8902231190e+35,-3.8708659403e+35,-1.9806428214e+35,8.2270836869e+41,2.6070550106e+41,3.1313874630e+43,-1.0544792769e+05,-4.6353095154e+04,1.0337755239e+04
470,2.0304000000e+07,1.8902148175e+35,-3.8708576739e+35,-1.9806428564e+35,8.2270836869e+41,2.6070550106e+41,3.1313874630e+43,-1.0544735318e+05,-4.6353467107e+04,1.0337068647e+04
471,2.0347200000e+07,1.8902064231e+35,-3.8708493160e+35,-1.9806428929e+35,8.2270836869e+41,2.6070550106e+41,3.1313874630e+43,-1.0544677866e+05,-4.6353839061e+04,1.0336382055e+04
472,2.0390400000e+07,1.8901977419e+35,-3.8708406729e+35,-1.9806429310e+35,8.2270836869e+41,2.6070550106e+41,3.1313874630e+43,-1.0544620415e+05,-4.6354211014e+04,1.0335695463e+04
473,2.0433600000e+07,1.8901885665e+35,-3.8708315369e+35,-1.9806429704e+35,8.2270836869e+41,2.6070550106e+41,3.1313874630e+43,-1.0544562964e+05,-4.6354582967e+04,1.0335008872e+04
474,2.0476800000e+07,1.8901786761e+35,-3.8708216871e+35,-1.9806430111e+35,8.2270836869e+41,2.6070550106e+41,3.1313874630e+43,-1.0544505513e+05,-4.6354954920e+04,1.0334322280e+04
475,2.0520000000e+07,1.8901678371e+35,-3.8708108899e+35,-1.9806430528e+35,8.2270836869e+41,2.6070550106e+41,3.1313874630e+43,-1.0544448062e+05,-4.6355326873e+04,1.0333635688e+04
476,2.0563200000e+07,1.8901558044e+35,-3.8707988999e+35,-1.9806430955e+35,8.2270836869e+41,2.6070550106e+41,3.1313874630e+43,-1.0544390610e+05,-4.6355698826e+04,1.0332949096e+04
477,2.0606400000e+07,1.8901423224e+35,-3.8707854611e+35,-1.9806431387e+35,8.2270836869e+41,2.6070550106e+41,3.1313874630e+43,-1.0544333159e+05,-4.6356070779e+04,1.0332262505e+04
478,2.0649600000e+07,1.8901271265e+35,-3.8707703088e+35,-1.9806431823e+35,8.2270836869e+41,2.6070550106e+41,3.1313874630e+43,-1.0544275708e+05,-4.6356442733e+04,1.0331575913e+04
479,2.0692800000e+07,1.8901099458e+35,-3.8707531716e+35,-1.9806432259e+35,8.2270836869e+41,2.6070550106e+41,3.1313874630e+43,-1.0544218257e+05,-4.6356814686e+04,1.0330889321e+04
480,2.0736000000e+07,1.8900905043e+35,-3.8707337734e+35,-1.9806432691e+35,8.2270836869e+41,2.6070550106e+41,3.1313874630e+43,-1.0544160806e+05,-4.6357186639e+04,1.0330202729e+04
481,2.0779200000e+07,1.8900685246e+35,-3.8707118361e+35,-1.9806433115e+35,8.2270836869e+41,2.6070550106e+41,3.1313874630e+43,-1.0544103354e+05,-4.6357558592e+04,1.0329516138e+04
482,2.0822400000e+07,1.8900437304e+35,-3.8706870831e+35,-1.9806433528e+35,8.2270836869e+41,2.6070550106e+41,3.1313874630e+43,-1.0544045903e+05,-4.6357930545e+04,1.0328829546e+04
483,2.0865600000e+07,1.8900158496e+35,-3.8706592419e+35,-1.9806433924e+35,8.2270836869e+41,2.6070550106e+41,3.1313874630e+43,-1.0543988452e+05,-4.6358302498e+04,1.0328142954e+04
484,2.0908800000e+07,1.8899846181e+35,-3.8706280480e+35,-1.9806434299e+35,8.2270836869e+41,2.6070550106e+41,3.1313874630e+43,-1.0543931001e+05,-4.6358674451e+04,1.0327456362e+04
485,2.0952000000e+07,1.8899497834e+35,-3.8705932482e+35,-1.9806434648e+35,8.2270836869e+41,2.6070550106e+41,3.1313874630e+43,-1.0543873550e+05,-4.6359046404e+04,1.0326769770e+04
486,2.0995200000e+07,1.8899111081e+35,-3.8705546049e+35,-1.9806434967e+35,8.2270836869e+41,2.6070550106e+41,3.1313874630e+43,-1.0543816098e+05,-4.6359418357e+04,1.0326083179e+04
487,2.1038400000e+07,1.8898683738e+35,-3.8705118990e+35,-1.9806435252e+35,8.2270836869e+41,2.6070550106e+41,3.1313874630e+43,-1.0543758647e+05,-4.6359790311e+04,1.0325396587e+04
488,2.1081600000e+07,1.8898213844e+35,-3.8704649341e+35,-1.9806435497e+35,8.2270836869e+41,2.6070550106e+41,3.1313874630e+43,-1.0543701196e+05,-4.6360162264e+04,1.0324709995e+04
489,2.1124800000e+07,1.8897699698e+35,-3.8704135398e+35,-1.9806435700e+35,8.2270836869e+41,2.6070550106e+41,3.1313874630e+43,-1.0543643745e+05,-4.6360534217e+04,1.0324023403e+04
490,2.1168000000e+07,1.8897139884e+35,-3.8703575742e+35,-1.9806435858e+35,8.2270836869e+41,2.6070550106e+41,3.1313874630e+43,-1.0543586294e+05,-4.6360906170e+04,1.0323336812e+04
491,2.1211200000e+07,1.8896533303e+35,-3.8702969270e+35,-1.9806435967e+35,8.2270836869e+41,2.6070550106e+41,3.1313874630e+43,-1.0543528842e+05,-4.6361278123e+04,1.0322650220e+04
492,2.1254400000e+07,1.8895879188e+35,-3.8702315215e+35,-1.9806436027e+35,8.2270836869e+41,2.6070550106e+41,3.1313874630e+43,-1.0543471391e+05,-4.6361650077e+04,1.0321963628e+04
493,2.1297600000e+07,1.8895177121e+35,-3.8701613156e+35,-1.9806436035e+35,8.2270836869e+41,2.6070550106e+41,3.1313874630e+43,-1.0543413940e+05,-4.6362022030e+04,1.0321277036e+04
494,2.1340800000e+07,1.8894427039e+35,-3.8700863032e+35,-1.9806435993e+35,8.2270836869e+41,2.6070550106e+41,3.1313874630e+43,-1.0543356489e+05,-4.6362393983e+04,1.0320590444e+04
495,2.1384000000e+07,1.8893629238e+35,-3.8700065139e+35,-1.9806435901e+35,8.2270836869e+41,2.6070550106e+41,3.1313874630e+43,-1.0543299038e+05,-4.6362765936e+04,1.0319903853e+04
496,2.1427200000e+07,1.8892784367e+35,-3.8699220127e+35,-1.9806435760e+35,8.2270836869e+41,2.6070550106e+41,3.1313874630e+43,-1.0543241586e+05,-4.6363137889e+04,1.0319217261e+04
497,2.1470400000e+07,1.8891893413e+35,-3.8698328986e+35,-1.9806435572e+35,8.2270836869e+41,2.6070550106e+41,3.1313874630e+43,-1.0543184135e+05,-4.6363509842e+04,1.0318530669e+04
498,2.1513600000e+07,1.8890957685e+35,-3.8697393026e+35,-1.9806435341e+35,8.2270836869e+41,2.6070550106e+41,3.1313874630e+43,-1.0543126684e+05,-4.6363881795e+04,1.0317844077e+04
499,2.1556800000e+07,1.8889978789e+35,-3.8696413859e+35,-1.9806435070e+35,8.2270836869e+41,2.6070550106e+41,3.1313874630e+43,-1.0543069233e+05,-4.6364253749e+04,1.0317157486e+04
500,2.1600000000e+07,1.8888958602e+35,-3.8695393364e+35,-1.9806434762e+35,8.2270836869e+41,2.6070550106e+41,3.1313874630e+43,-1.0543011782e+05,-4.6364625702e+04,1.0316470894e+04
501,2.1643200000e+07,1.8887899234e+35,-3.8694333656e+35,-1.9806434423e+35,8.2270836869e+41,2.6070550106e+41,3.1313874630e+43,-1.0542954330e+05,-4.6364997655e+04,1.0315784302e+04
502,2.1686400000e+07,1.8886802999e+35,-3.8693237055e+35,-1.9806434056e+35,8.2270836869e+41,2.6070550106e+41,3.1313874630e+43,-1.0542896879e+05,-4.6365369608e+04,1.0315097710e+04
503,2.1729600000e+07,1.8885672376e+35,-3.8692106042e+35,-1.9806433666e+35,8.2270836869e+41,2.6070550106e+41,3.1313874630e+43,-1.0542839428e+05,-4.6365741561e+04,1.0314411119e+04
504,2.1772800000e+07,1.8884509972e+35,-3.8690943231e+35,-1.9806433259e+35,8.2270836869e+41,2.6070550106e+41,3.1313874630e+43,-1.0542781977e+05,-4.6366113514e+04,1.0313724527e+04
505,2.1816000000e+07,1.8883318484e+35,-3.8689751322e+35,-1.9806432838e+35,8.2270836869e+41,2.6070550106e+41,3.1313874630e+43,-1.0542724526e+05,-4.6366485467e+04,1.0313037935e+04
506,2.1859200000e+07,1.8882100666e+35,-3.8688533073e+35,-1.9806432408e+35,8.2270836869e+41,2.6070550106e+41,3.1313874630e+43,-1.0542667074e+05,-4.6366857420e+04,1.0312351343e+04
507,2.1902400000e+07,1.8880859293e+35,-3.8687291266e+35,-1.9806431973e+35,8.2270836869e+41,2.6070550106e+41,3.1313874630e+43,-1.0542609623e+05,-4.6367229373e+04,1.0311664751e+04
508,2.1945600000e+07,1.8879597134e+35,-3.8686028670e+35,-1.9806431536e+35,8.2270836869e+41,2.6070550106e+41,3.1313874630e+43,-1.0542552172e+05,-4.6367601326e+04,1.0310978160e+04
509,2.1988800000e+07,1.8878316918e+35,-3.8684748021e+35,-1.9806431102e+35,8.2270836869e+41,2.6070550106e+41,3.1313874630e+43,-1.0542494721e+05,-4.6367973280e+04,1.0310291568e+04
510,2.2032000000e+07,1.8877021317e+35,-3.8683451991e+35,-1.9806430674e+35,8.2270836869e+41,2.6070550106e+41,3.1313874630e+43,-1.0542437270e+05,-4.6368345233e+04,1.0309604976e+04
511,2.2075200000e+07,1.8875712920e+35,-3.8682143172e+35,-1.9806430253e+35,8.2270836869e+41,2.6070550106e+41,3.1313874630e+43,-1.0542379818e+05,-4.6368717186e+04,1.0308918384e+04
512,2.2118400000e+07,1.8874394215e+35,-3.8680824056e+35,-1.9806429842e+35,8.2270836869e+41,2.6070550106e+41,3.1313874630e+43,-1.0542322367e+05,-4.6369089139e+04,1.0308231793e+04
513,2.2161600000e+07,1.8873067579e+35,-3.8679497021e+35,-1.9806429443e+35,8.2270836869e+41,2.6070550106e+41,3.1313874630e+43,-1.0542264916e+05,-4.6369461092e+04,1.0307545201e+04
514,2.2204800000e+07,1.8871735264e+35,-3.8678164321e+35,-1.9806429058e+35,8.2270836869e+41,2.6070550106e+41,3.1313874630e+43,-1.0542207465e+05,-4.6369833045e+04,1.0306858609e+04
515,2.2248000000e+07,1.8870399391e+35,-3.8676828078e+35,-1.9806428687e+35,8.2270836869e+41,2.6070550106e+41,3.1313874630e+43,-1.0542150014e+05,-4.6370204998e+04,1.0306172017e+04
516,2.2291200000e+07,1.8869061944e+35,-3.8675490275e+35,-1.9806428331e+35,8.2270836869e+41,2.6070550106e+41,3.1313874630e+43,-1.0542092562e+05,-4.6370576951e+04,1.0305485426e+04
517,2.2334400000e+07,1.8867724768e+35,-3.8674152760e+35,-1.9806427992e+35,8.2270836869e+41,2.6070550106e+41,3.1313874630e+43,-1.0542035111e+05,-4.6370948904e+04,1.0304798834e+04
518,2.2377600000e+07,1.8866389567e+35,-3.8672817236e+35,-1.9806427669e+35,8.2270836869e+41,2.6070550106e+41,3.1313874630e+43,-1.0541977660e+05,-4.6371320858e+04,1.0304112242e+04
519,2.2420800000e+07,1.8865057909e+35,-3.8671485272e+35,-1.9806427362e+35,8.2270836869e+41,2.6070550106e+41,3.1313874630e+43,-1.0541920209e+05,-4.6371692811e+04,1.0303425650e+04
520,2.2464000000e+07,1.8863731226e+35,-3.8670158298e+35,-1.9806427072e+35,8.2270836869e+41,2.6070550106e+41,3.1313874630e+43,-1.0541862758e+05,-4.6372064764e+04,1.0302739058e+04
521,2.2507200000e+07,1.8862410817e+35,-3.8668837615e+35,-1.9806426798e+35,8.2270836869e+41,2.6070550106e+41,3.1313874630e+43,-1.0541805306e+05,-4.6372436717e+04,1.0302052467e+04
522,2.2550400000e+07,1.8861097859e+35,-3.8667524398e+35,-1.9806426540e+35,8.2270836869e+41,2.6070550106e+41,3.1313874630e+43,-1.0541747855e+05,-4.6372808670e+04,1.0301365875e+04
523,2.2593600000e+07,1.8859793405e+35,-3.8666219702e+35,-1.9806426297e+35,8.2270836869e+41,2.6070550106e+41,3.1313874630e+43,-1.0541690404e+05,-4.6373180623e+04,1.0300679283e+04
524,2.2636800000e+07,1.8858498398e+35,-3.8664924467e+35,-1.9806426069e+35,8.2270836869e+41,2.6070550106e+41,3.1313874630e+43,-1.0541632953e+05,-4.6373552577e+04,1.0299992691e+04
525,2.2680000000e+07,1.8857213672e+35,-3.8663639526e+35,-1.9806425855e+35,8.2270836869e+41,2.6070550106e+41,3.1313874630e+43,-1.0541575502e+05,-4.6373924530e+04,1.0299306100e+04
526,2.2723200000e+07,1.8855939962e+35,-3.8662365616e+35,-1.9806425654e+35,8.2270836869e+41,2.6070550106e+41,3.1313874630e+43,-1.0541518050e+05,-4.6374296483e+04,1.0298619508e+04
527,2.2766400000e+07,1.8854677909e+35,-3.8661103376e+35,-1.9806425467e+35,8.2270836869e+41,2.6070550106e+41,3.1313874630e+43,-1.0541460599e+05,-4.6374668436e+04,1.0297932916e+04
528,2.2809600000e+07,1.8853428071e+35,-3.8659853363e+35,-1.9806425292e+35,8.2270836869e+41,2.6070550106e+41,3.1313874630e+43,-1.0541403148e+05,-4.6375040389e+04,1.0297246324e+04
529,2.2852800000e+07,1.8852190925e+35,-3.8658616053e+35,-1.9806425129e+35,8.2270836869e+41,2.6070550106e+41,3.1313874630e+43,-1.0541345697e+05,-4.6375412342e+04,1.0296559732e+04
530,2.2896000000e+07,1.8850966874e+35,-3.8657391850e+35,-1.9806424976e+35,8.2270836869e+41,2.6070550106e+41,3.1313874630e+43,-1.0541288246e+05,-4.6375784295e+04,1.0295873141e+04
531,2.2939200000e+07,1.8849756258e+35,-3.8656181092e+35,-1.9806424834e+35,8.2270836869e+41,2.6070550106e+41,3.1313874630e+43,-1.0541230794e+05,-4.6376156248e+04,1.0295186549e+04
532,2.2982400000e+07,1.8848559354e+35,-3.8654984056e+35,-1.9806424702e+35,8.2270836869e+41,2.6070550106e+41,3.1313874630e+43,-1.0541173343e+05,-4.6376528202e+04,1.0294499957e+04
533,2.3025600000e+07,1.8847376387e+35,-3.8653800965e+35,-1.9806424579e+35,8.2270836869e+41,2.6070550106e+41,3.1313874630e+43,-1.0541115892e+05,-4.6376900155e+04,1.0293813365e+04
534,2.3068800000e+07,1.8846207531e+35,-3.8652631995e+35,-1.9806424464e+35,8.2270836869e+41,2.6070550106e+41,3.1313874630e+43,-1.0541058441e+05,-4.6377272108e+04,1.0293126774e+04
535,2.3112000000e+07,1.8845052916e+35,-3.8651477273e+35,-1.9806424357e+35,8.2270836869e+41,2.6070550106e+41,3.1313874630e+43,-1.0541000990e+05,-4.6377644061e+04,1.0292440182e+04
536,2.3155200000e+07,1.8843912634e+35,-3.8650336892e+35,-1.9806424258e+35,8.2270836869e+41,2.6070550106e+41,3.1313874630e+43,-1.0540943538e+05,-4.6378016014e+04,1.0291753590e+04
537,2.3198400000e+07,1.8842786740e+35,-3.8649210906e+35,-1.9806424166e+35,8.2270836869e+41,2.6070550106e+41,3.1313874630e+43,-1.0540886087e+05,-4.6378387967e+04,1.0291066998e+04
538,2.3241600000e+07,1.8841675259e+35,-3.8648099340e+35,-1.9806424080e+35,8.2270836869e+41,2.6070550106e+41,3.1313874630e+43,-1.0540828636e+05,-4.6378759920e+04,1.0290380407e+04
539,2.3284800000e+07,1.8840578189e+35,-3.8647002190e+35,-1.9806424001e+35,8.2270836869e+41,2.6070550106e+41,3.1313874630e+43,-1.0540771185e+05,-4.6379131874e+04,1.0289693815e+04
540,2.3328000000e+07,1.8839495503e+35,-3.8645919430e+35,-1.9806423927e+35,8.2270836869e+41,2.6070550106e+41,3.1313874630e+43,-1.0540713734e+05,-4.6379503827e+04,1.0289007223e+04
541,2.3371200000e+07,1.8838427152e+35,-3.8644851010e+35,-1.9806423858e+35,8.2270836869e+41,2.6070550106e+41,3.1313874630e+43,-1.0540656282e+05,-4.6379875780e+04,1.0288320631e+04
542,2.3414400000e+07,1.8837373071e+35,-3.8643796865e+35,-1.9806423794e+35,8.2270836869e+41,2.6070550106e+41,3.1313874630e+43,-1.0540598831e+05,-4.6380247733e+04,1.0287634039e+04
543,2.3457600000e+07,1.8836333178e+35,-3.8642756913e+35,-1.9806423735e+35,8.2270836869e+41,2.6070550106e+41,3.1313874630e+43,-1.0540541380e+05,-4.6380619686e+04,1.0286947448e+04
544,2.3500800000e+07,1.8835307377e+35,-3.8641731056e+35,-1.9806423680e+35,8.2270836869e+41,2.6070550106e+41,3.1313874630e+43,-1.0540483929e+05,-4.6380991639e+04,1.0286260856e+04
545,2.3544000000e+07,1.8834295561e+35,-3.8640719190e+35,-1.9806423628e+35,8.2270836869e+41,2.6070550106e+41,3.1313874630e+43,-1.0540426478e+05,-4.6381363592e+04,1.0285574264e+04
546,2.3587200000e+07,1.8833297616e+35,-3.8639721196e+35,-1.9806423581e+35,8.2270836869e+41,2.6070550106e+41,3.1313874630e+43,-1.0540369026e+05,-4.6381735546e+04,1.0284887672e+04
547,2.3630400000e+07,1.8832313415e+35,-3.8638736952e+35,-1.9806423537e+35,8.2270836869e+41,2.6070550106e+41,3.1313874630e+43,-1.0540311575e+05,-4.6382107499e+04,1.0284201081e+04
548,2.3673600000e+07,1.8831342831e+35,-3.8637766327e+35,-1.9806423496e+35,8.2270836869e+41,2.6070550106e+41,3.1313874630e+43,-1.0540254124e+05,-4.6382479452e+04,1.0283514489e+04
549,2.3716800000e+07,1.8830385728e+35,-3.8636809186e+35,-1.9806423458e+35,8.2270836869e+41,2.6070550106e+41,3.1313874630e+43,-1.0540196673e+05,-4.6382851405e+04,1.0282827897e+04
550,2.3760000000e+07,1.8829441967e+35,-3.8635865390e+35,-1.9806423423e+35,8.2270836869e+41,2.6070550106e+41,3.1313874630e+43,-1.0540139222e+05,-4.6383223358e+04,1.0282141305e+04
551,2.3803200000e+07,1.8828511409e+35,-3.8634934799e+35,-1.9806423390e+35,8.2270836869e+41,2.6070550106e+41,3.1313874630e+43,-1.0540081770e+05,-4.6383595311e+04,1.0281454714e+04
552,2.3846400000e+07,1.8827593910e+35,-3.8634017270e+35,-1.9806423360e+35,8.2270836869e+41,2.6070550106e+41,3.1313874630e+43,-1.0540024319e+05,-4.6383967264e+04,1.0280768122e+04
553,2.3889600000e+07,1.8826689328e+35,-3.8633112660e+35,-1.9806423332e+35,8.2270836869e+41,2.6070550106e+41,3.1313874630e+43,-1.0539966868e+05,-4.6384339218e+04,1.0280081530e+04
554,2.3932800000e+07,1.8825797522e+35,-3.8632220828e+35,-1.9806423306e+35,8.2270836869e+41,2.6070550106e+41,3.1313874630e+43,-1.0539909417e+05,-4.6384711171e+04,1.0279394938e+04
555,2.3976000000e+07,1.8824918351e+35,-3.8631341633e+35,-1.9806423282e+35,8.2270836869e+41,2.6070550106e+41,3.1313874630e+43,-1.0539851965e+05,-4.6385083124e+04,1.0278708346e+04
556,2.4019200000e+07,1.8824051676e+35,-3.8630474935e+35,-1.9806423260e+35,8.2270836869e+41,2.6070550106e+41,3.1313874630e+43,-1.0539794514e+05,-4.6385455077e+04,1.0278021755e+04
557,2.4062400000e+07,1.8823197360e+35,-3.8629620599e+35,-1.9806423239e+35,8.2270836869e+41,2.6070550106e+41,3.1313874630e+43,-1.0539737063e+05,-4.6385827030e+04,1.0277335163e+04
558,2.4105600000e+07,1.8822355272e+35,-3.8628778491e+35,-1.9806423220e+35,8.2270836869e+41,2.6070550106e+41,3.1313874630e+43,-1.0539679612e+05,-4.6386198983e+04,1.0276648571e+04
559,2.4148800000e+07,1.8821525281e+35,-3.8627948483e+35,-1.9806423202e+35,8.2270836869e+41,2.6070550106e+41,3.1313874630e+43,-1.0539622161e+05,-4.6386570937e+04,1.0275961979e+04
560,2.4192000000e+07,1.8820707262e+35,-3.8627130448e+35,-1.9806423186e+35,8.2270836869e+41,2.6070550106e+41,3.1313874630e+43,-1.0539564709e+05,-4.6386942890e+04,1.0275275388e+04
561,2.4235200000e+07,1.8819901095e+35,-3.8626324265e+35,-1.9806423171e+35,8.2270836869e+41,2.6070550106e+41,3.1313874630e+43,-1.0539507258e+05,-4.6387314843e+04,1.0274588796e+04
562,2.4278400000e+07,1.8819106662e+35,-3.8625529818e+35,-1.9806423157e+35,8.2270836869e+41,2.6070550106e+41,3.1313874630e+43,-1.0539449807e+05,-4.6387686796e+04,1.0273902204e+04
563,2.4321600000e+07,1.8818323851e+35,-3.8624746995e+35,-1.9806423144e+35,8.2270836869e+41,2.6070550106e+41,3.1313874630e+43,-1.0539392356e+05,-4.6388058749e+04,1.0273215612e+04
564,2.4364800000e+07,1.8817552556e+35,-3.8623975688e+35,-1.9806423132e+35,8.2270836869e+41,2.6070550106e+41,3.1313874630e+43,-1.0539334905e+05,-4.6388430702e+04,1.0272529021e+04
565,2.4408000000e+07,1.8816792674e+35,-3.8623215796e+35,-1.9806423122e+35,8.2270836869e+41,2.6070550106e+41,3.1313874630e+43,-1.0539277453e+05,-4.6388802655e+04,1.0271842429e+04
566,2.4451200000e+07,1.8816044107e+35,-3.8622467219e+35,-1.9806423112e+35,8.2270836869e+41,2.6070550106e+41,3.1313874630e+43,-1.0539220002e+05,-4.6389174608e+04,1.0271155837e+04
567,2.4494400000e+07,1.8815306763e+35,-3.8621729867e+35,-1.9806423104e+35,8.2270836869e+41,2.6070550106e+41,3.1313874630e+43,-1.0539162551e+05,-4.6389546562e+04,1.0270469245e+04
568,2.4537600000e+07,1.8814580554e+35,-3.8621003650e+35,-1.9806423096e+35,8.2270836869e+41,2.6070550106e+41,3.1313874630e+43,-1.0539105100e+05,-4.6389918515e+04,1.0269782653e+04
569,2.4580800000e+07,1.8813865398e+35,-3.8620288488e+35,-1.9806423089e+35,8.2270836869e+41,2.6070550106e+41,3.1313874630e+43,-1.0539047649e+05,-4.6390290468e+04,1.0269096062e+04
570,2.4624000000e+07,1.8813161218e+35,-3.8619584302e+35,-1.9806423084e+35,8.2270836869e+41,2.6070550106e+41,3.1313874630e+43,-1.0538990197e+05,-4.6390662421e+04,1.0268409470e+04
571,2.4667200000e+07,1.8812467941e+35,-3.8618891020e+35,-1.9806423079e+35,8.2270836869e+41,2.6070550106e+41,3.1313874630e+43,-1.0538932746e+05,-4.6391034374e+04,1.0267722878e+04
572,2.4710400000e+07,1.8811785501e+35,-3.8618208575e+35,-1.9806423074e+35,8.2270836869e+41,2.6070550106e+41,3.1313874630e+43,-1.0538875295e+05,-4.6391406327e+04,1.0267036286e+04
573,2.4753600000e+07,1.8811113836e+35,-3.8617536907e+35,-1.9806423071e+35,8.2270836869e+41,2.6070550106e+41,3.1313874630e+43,-1.0538817844e+05,-4.6391778280e+04,1.0266349695e+04
574,2.4796800000e+07,1.8810452891e+35,-3.8616875959e+35,-1.9806423068e+35,8.2270836869e+41,2.6070550106e+41,3.1313874630e+43,-1.0538760393e+05,-4.6392150233e+04,1.0265663103e+04
575,2.4840000000e+07,1.8809802615e+35,-3.8616225681e+35,-1.9806423066e+35,8.2270836869e+41,2.6070550106e+41,3.1313874630e+43,-1.0538702941e+05,-4.6392522187e+04,1.0264976511e+04
576,2.4883200000e+07,1.8809162962e+35,-3.8615586027e+35,-1.9806423065e+35,8.2270836869e+41,2.6070550106e+41,3.1313874630e+43,-1.0538645490e+05,-4.6392894140e+04,1.0264289919e+04
577,2.4926400000e+07,1.8808533895e+35,-3.8614956959e+35,-1.9806423065e+35,8.2270836869e+41,2.6070550106e+41,3.1313874630e+43,-1.0538588039e+05,-4.6393266093e+04,1.0263603327e+04
578,2.4969600000e+07,1.8807915378e+35,-3.8614338443e+35,-1.9806423065e+35,8.2270836869e+41,2.6070550106e+41,3.1313874630e+43,-1.0538530588e+05,-4.6393638046e+04,1.0262916736e+04
579,2.5012800000e+07,1.8807307385e+35,-3.8613730451e+35,-1.9806423066e+35,8.2270836869e+41,2.6070550106e+41,3.1313874630e+43,-1.0538473137e+05,-4.6394009999e+04,1.0262230144e+04
580,2.5056000000e+07,1.8806709893e+35,-3.8613132960e+35,-1.9806423067e+35,8.2270836869e+41,2.6070550106e+41,3.1313874630e+43,-1.0538415685e+05,-4.6394381952e+04,1.0261543552e+04
581,2.5099200000e+07,1.8806122886e+35,-3.8612545955e+35,-1.9806423069e+35,8.2270836869e+41,2.6070550106e+41,3.1313874630e+43,-1.0538358234e+05,-4.6394753906e+04,1.0260856960e+04
582,2.5142400000e+07,1.8805546353e+35,-3.8611969425e+35,-1.9806423072e+35,8.2270836869e+41,2.6070550106e+41,3.1313874630e+43,-1.0538300783e+05,-4.6395125859e+04,1.0260170369e+04
583,2.5185600000e+07,1.8804980289e+35,-3.8611403365e+35,-1.9806423076e+35,8.2270836869e+41,2.6070550106e+41,3.1313874630e+43,-1.0538243332e+05,-4.6395497812e+04,1.0259483777e+04
584,2.5228800000e+07,1.8804424696e+35,-3.8610847776e+35,-1.9806423080e+35,8.2270836869e+41,2.6070550106e+41,3.1313874630e+43,-1.0538185881e+05,-4.6395869765e+04,1.0258797185e+04
585,2.5272000000e+07,1.8803879581e+35,-3.8610302665e+35,-1.9806423085e+35,8.2270836869e+41,2.6070550106e+41,3.1313874630e+43,-1.0538128429e+05,-4.6396241718e+04,1.0258110593e+04
586,2.5315200000e+07,1.8803344955e+35,-3.8609768045e+35,-1.9806423090e+35,8.2270836869e+41,2.6070550106e+41,3.1313874630e+43,-1.0538070978e+05,-4.6396613671e+04,1.0257424002e+04
587,2.5358400000e+07,1.8802820838e+35,-3.8609243935e+35,-1.9806423097e+35,8.2270836869e+41,2.6070550106e+41,3.1313874630e+43,-1.0538013527e+05,-4.6396985624e+04,1.0256737410e+04
588,2.5401600000e+07,1.8802307254e+35,-3.8608730358e+35,-1.9806423104e+35,8.2270836869e+41,2.6070550106e+41,3.1313874630e+43,-1.0537956076e+05,-4.6397357577e+04,1.0256050818e+04
589,2.5444800000e+07,1.8801804234e+35,-3.8608227345e+35,-1.9806423111e+35,8.2270836869e+41,2.6070550106e+41,3.1313874630e+43,-1.0537898625e+05,-4.6397729530e+04,1.0255364226e+04
590,2.5488000000e+07,1.8801311813e+35,-3.8607734933e+35,-1.9806423120e+35,8.2270836869e+41,2.6070550106e+41,3.1313874630e+43,-1.0537841173e+05,-4.6398101484e+04,1.0254677634e+04
591,2.5531200000e+07,1.8800830033e+35,-3.8607253162e+35,-1.9806423129e+35,8.2270836869e+41,2.6070550106e+41,3.1313874630e+43,-1.0537783722e+05,-4.6398473437e+04,1.0253991043e+04
592,2.5574400000e+07,1.8800358941e+35,-3.8606782079e+35,-1.9806423139e+35,8.2270836869e+41,2.6070550106e+41,3.1313874630e+43,-1.0537726271e+05,-4.6398845390e+04,1.0253304451e+04
593,2.5617600000e+07,1.8799898589e+35,-3.8606321739e+35,-1.9806423150e+35,8.2270836869e+41,2.6070550106e+41,3.1313874630e+43,-1.0537668820e+05,-4.6399217343e+04,1.0252617859e+04
594,2.5660800000e+07,1.8799449038e+35,-3.8605872199e+35,-1.9806423161e+35,8.2270836869e+41,2.6070550106e+41,3.1313874630e+43,-1.0537611369e+05,-4.6399589296e+04,1.0251931267e+04
595,2.5704000000e+07,1.8799010350e+35,-3.8605433524e+35,-1.9806423174e+35,8.2270836869e+41,2.6070550106e+41,3.1313874630e+43,-1.0537553917e+05,-4.6399961249e+04,1.0251244676e+04
596,2.5747200000e+07,1.8798582594e+35,-3.8605005782e+35,-1.9806423188e+35,8.2270836869e+41,2.6070550106e+41,3.1313874630e+43,-1.0537496466e+05,-4.6400333202e+04,1.0250558084e+04
597,2.5790400000e+07,1.8798165846e+35,-3.8604589048e+35,-1.9806423202e+35,8.2270836869e+41,2.6070550106e+41,3.1313874630e+43,-1.0537439015e+05,-4.6400705155e+04,1.0249871492e+04
598,2.5833600000e+07,1.8797760184e+35,-3.8604183402e+35,-1.9806423218e+35,8.2270836869e+41,2.6070550106e+41,3.1313874630e+43,-1.0537381564e+05,-4.6401077108e+04,1.0249184900e+04
599,2.5876800000e+07,1.8797365693e+35,-3.8603788928e+35,-1.9806423234e+35,8.2270836869e+41,2.6070550106e+41,3.1313874630e+43,-1.0537324113e+05,-4.6401449062e+04,1.0248498309e+04
600,2.5920000000e+07,1.8796982463e+35,-3.8603405715e+35,-1.9806423252e+35,8.2270836869e+41,2.6070550106e+41,3.1313874630e+43,-1.0537266661e+05,-4.6401821015e+04,1.0247811717e+04
601,2.5963200000e+07,1.8796610587e+35,-3.8603033858e+35,-1.9806423271e+35,8.2270836869e+41,2.6070550106e+41,3.1313874630e+43,-1.0537209210e+05,-4.6402192968e+04,1.0247125125e+04
602,2.6006400000e+07,1.8796250163e+35,-3.8602673455e+35,-1.9806423292e+35,8.2270836869e+41,2.6070550106e+41,3.1313874630e+43,-1.0537151759e+05,-4.6402564921e+04,1.0246438533e+04
603,2.6049600000e+07,1.8795901294e+35,-3.8602324608e+35,-1.9806423314e+35,8.2270836869e+41,2.6070550106e+41,3.1313874630e+43,-1.0537094308e+05,-4.6402936874e+04,1.0245751941e+04
604,2.6092800000e+07,1.8795564086e+35,-3.8601987423e+35,-1.9806423337e+35,8.2270836869e+41,2.6070550106e+41,3.1313874630e+43,-1.0537036857e+05,-4.6403308828e+04,1.0245065350e+04
605,2.6136000000e+07,1.8795238648e+35,-3.8601662009e+35,-1.9806423362e+35,8.2270836869e+41,2.6070550106e+41,3.1313874630e+43,-1.0536979405e+05,-4.6403680780e+04,1.0244378758e+04
606,2.6179200000e+07,1.8794925092e+35,-3.8601348481e+35,-1.9806423388e+35,8.2270836869e+41,2.6070550106e+41,3.1313874630e+43,-1.0536921954e+05,-4.6404052734e+04,1.0243692166e+04
607,2.6222400000e+07,1.8794623536e+35,-3.8601046952e+35,-1.9806423417e+35,8.2270836869e+41,2.6070550106e+41,3.1313874630e+43,-1.0536864503e+05,-4.6404424686e+04,1.0243005574e+04
608,2.6265600000e+07,1.8794334095e+35,-3.8600757542e+35,-1.9806423447e+35,8.2270836869e+41,2.6070550106e+41,3.1313874630e+43,-1.0536807052e+05,-4.6404796640e+04,1.0242318983e+04
609,2.6308800000e+07,1.8794056889e+35,-3.8600480369e+35,-1.9806423479e+35,8.2270836869e+41,2.6070550106e+41,3.1313874630e+43,-1.0536749601e+05,-4.6405168593e+04,1.0241632391e+04
610,2.6352000000e+07,1.8793792040e+35,-3.8600215554e+35,-1.9806423514e+35,8.2270836869e+41,2.6070550106e+41,3.1313874630e+43,-1.0536692149e+05,-4.6405540546e+04,1.0240945799e+04
611,2.6395200000e+07,1.8793539669e+35,-3.8599963219e+35,-1.9806423550e+35,8.2270836869e+41,2.6070550106e+41,3.1313874630e+43,-1.0536634698e+05,-4.6405912499e+04,1.0240259207e+04
612,2.6438400000e+07,1.8793299898e+35,-3.8599723487e+35,-1.9806423589e+35,8.2270836869e+41,2.6070550106e+41,3.1313874630e+43,-1.0536577247e+05,-4.6406284452e+04,1.0239572615e+04
613,2.6481600000e+07,1.8793072846e+35,-3.8599496477e+35,-1.9806423631e+35,8.2270836869e+41,2.6070550106e+41,3.1313874630e+43,-1.0536519796e+05,-4.6406656405e+04,1.0238886024e+04
614,2.6524800000e+07,1.8792858635e+35,-3.8599282310e+35,-1.9806423675e+35,8.2270836869e+41,2.6070550106e+41,3.1313874630e+43,-1.0536462345e+05,-4.6407028359e+04,1.0238199432e+04
615,2.6568000000e+07,1.8792657380e+35,-3.8599081103e+35,-1.9806423723e+35,8.2270836869e+41,2.6070550106e+41,3.1313874630e+43,-1.0536404893e+05,-4.6407400312e+04,1.0237512840e+04
616,2.6611200000e+07,1.8792469196e+35,-3.8598892969e+35,-1.9806423774e+35,8.2270836869e+41,2.6070550106e+41,3.1313874630e+43,-1.0536347442e+05,-4.6407772265e+04,1.0236826248e+04
617,2.6654400000e+07,1.8792294190e+35,-3.8598718018e+35,-1.9806423828e+35,8.2270836869e+41,2.6070550106e+41,3.1313874630e+43,-1.0536289991e+05,-4.6408144218e+04,1.0236139657e+04
618,2.6697600000e+07,1.8792132465e+35,-3.8598556351e+35,-1.9806423886e+35,8.2270836869e+41,2.6070550106e+41,3.1313874630e+43,-1.0536232540e+05,-4.6408516171e+04,1.0235453065e+04
619,2.6740800000e+07,1.8791984116e+35,-3.8598408063e+35,-1.9806423947e+35,8.2270836869e+41,2.6070550106e+41,3.1313874630e+43,-1.0536175089e+05,-4.6408888124e+04,1.0234766473e+04
620,2.6784000000e+07,1.8791849224e+35,-3.8598273238e+35,-1.9806424014e+35,8.2270836869e+41,2.6070550106e+41,3.1313874630e+43,-1.0536117637e+05,-4.6409260077e+04,1.0234079881e+04
621,2.6827200000e+07,1.8791727864e+35,-3.8598151948e+35,-1.9806424085e+35,8.2270836869e+41,2.6070550106e+41,3.1313874630e+43,-1.0536060186e+05,-4.6409632030e+04,1.0233393290e+04
622,2.6870400000e+07,1.8791620091e+35,-3.8598044251e+35,-1.9806424161e+35,8.2270836869e+41,2.6070550106e+41,3.1313874630e+43,-1.0536002735e+05,-4.6410003984e+04,1.0232706698e+04
623,2.6913600000e+07,1.8791525946e+35,-3.8597950188e+35,-1.9806424242e+35,8.2270836869e+41,2.6070550106e+41,3.1313874630e+43,-1.0535945284e+05,-4.6410375937e+04,1.0232020106e+04
624,2.6956800000e+07,1.8791445448e+35,-3.8597869778e+35,-1.9806424329e+35,8.2270836869e+41,2.6070550106e+41,3.1313874630e+43,-1.0535887833e+05,-4.6410747890e+04,1.0231333514e+04
625,2.7000000000e+07,1.8791378596e+35,-3.8597803019e+35,-1.9806424423e+35,8.2270836869e+41,2.6070550106e+41,3.1313874630e+43,-1.0535830381e+05,-4.6411119843e+04,1.0230646922e+04
626,2.7043200000e+07,1.8791325359e+35,-3.8597749882e+35,-1.9806424524e+35,8.2270836869e+41,2.6070550106e+41,3.1313874630e+43,-1.0535772930e+05,-4.6411491796e+04,1.0229960331e+04
627,2.7086400000e+07,1.8791285677e+35,-3.8597710308e+35,-1.9806424631e+35,8.2270836869e+41,2.6070550106e+41,3.1313874630e+43,-1.0535715479e+05,-4.6411863749e+04,1.0229273739e+04
628,2.7129600000e+07,1.8791259458e+35,-3.8597684205e+35,-1.9806424747e+35,8.2270836869e+41,2.6070550106e+41,3.1313874630e+43,-1.0535658028e+05,-4.6412235703e+04,1.0228587147e+04
629,2.7172800000e+07,1.8791246570e+35,-3.8597671440e+35,-1.9806424871e+35,8.2270836869e+41,2.6070550106e+41,3.1313874630e+43,-1.0535600576e+05,-4.6412607655e+04,1.0227900555e+04
630,2.7216000000e+07,1.8791246837e+35,-3.8597671841e+35,-1.9806425004e+35,8.2270836869e+41,2.6070550106e+41,3.1313874630e+43,-1.0535543125e+05,-4.6412979609e+04,1.0227213964e+04
631,2.7259200000e+07,1.8791260039e+35,-3.8597685185e+35,-1.9806425146e+35,8.2270836869e+41,2.6070550106e+41,3.1313874630e+43,-1.0535485674e+05,-4.6413351562e+04,1.0226527372e+04
632,2.7302400000e+07,1.8791285901e+35,-3.8597711199e+35,-1.9806425299e+35,8.2270836869e+41,2.6070550106e+41,3.1313874630e+43,-1.0535428223e+05,-4.6413723515e+04,1.0225840780e+04
633,2.7345600000e+07,1.8791324087e+35,-3.8597749549e+35,-1.9806425462e+35,8.2270836869e+41,2.6070550106e+41,3.1313874630e+43,-1.0535370772e+05,-4.6414095468e+04,1.0225154188e+04
634,2.7388800000e+07,1.8791374202e+35,-3.8597799838e+35,-1.9806425637e+35,8.2270836869e+41,2.6070550106e+41,3.1313874630e+43,-1.0535313320e+05,-4.6414467421e+04,1.0224467597e+04
635,2.7432000000e+07,1.8791435775e+35,-3.8597861599e+35,-1.9806425823e+35,8.2270836869e+41,2.6070550106e+41,3.1313874630e+43,-1.0535255869e+05,-4.6414839374e+04,1.0223781005e+04
636,2.7475200000e+07,1.8791508262e+35,-3.8597934285e+35,-1.9806426023e+35,8.2270836869e+41,2.6070550106e+41,3.1313874630e+43,-1.0535198418e+05,-4.6415211328e+04,1.0223094413e+04
637,2.7518400000e+07,1.8791591033e+35,-3.8598017269e+35,-1.9806426236e+35,8.2270836869e+41,2.6070550106e+41,3.1313874630e+43,-1.0535140967e+05,-4.6415583281e+04,1.0222407821e+04
638,2.7561600000e+07,1.8791683369e+35,-3.8598109831e+35,-1.9806426463e+35,8.2270836869e+41,2.6070550106e+41,3.1313874630e+43,-1.0535083516e+05,-4.6415955234e+04,1.0221721229e+04
639,2.7604800000e+07,1.8791784450e+35,-3.8598211154e+35,-1.9806426704e+35,8.2270836869e+41,2.6070550106e+41,3.1313874630e+43,-1.0535026064e+05,-4.6416327187e+04,1.0221034638e+04
640,2.7648000000e+07,1.8791893355e+35,-3.8598320316e+35,-1.9806426961e+35,8.2270836869e+41,2.6070550106e+41,3.1313874630e+43,-1.0534968613e+05,-4.6416699140e+04,1.0220348046e+04
641,2.7691200000e+07,1.8792009050e+35,-3.8598436283e+35,-1.9806427233e+35,8.2270836869e+41,2.6070550106e+41,3.1313874630e+43,-1.0534911162e+05,-4.6417071093e+04,1.0219661454e+04
642,2.7734400000e+07,1.8792130383e+35,-3.8598557904e+35,-1.9806427522e+35,8.2270836869e+41,2.6070550106e+41,3.1313874630e+43,-1.0534853711e+05,-4.6417443046e+04,1.0218974862e+04
643,2.7777600000e+07,1.8792256078e+35,-3.8598683905e+35,-1.9806427826e+35,8.2270836869e+41,2.6070550106e+41,3.1313874630e+43,-1.0534796260e+05,-4.6417814999e+04,1.0218288271e+04
644,2.7820800000e+07,1.8792384731e+35,-3.8598812879e+35,-1.9806428147e+35,8.2270836869e+41,2.6070550106e+41,3.1313874630e+43,-1.0534738808e+05,-4.6418186953e+04,1.0217601679e+04
645,2.7864000000e+07,1.8792514803e+35,-3.8598943287e+35,-1.9806428484e+35,8.2270836869e+41,2.6070550106e+41,3.1313874630e+43,-1.0534681357e+05,-4.6418558906e+04,1.0216915087e+04
646,2.7907200000e+07,1.8792644618e+35,-3.8599073455e+35,-1.9806428838e+35,8.2270836869e+41,2.6070550106e+41,3.1313874630e+43,-1.0534623906e+05,-4.6418930859e+04,1.0216228495e+04
647,2.7950400000e+07,1.8792772360e+35,-3.8599201566e+35,-1.9806429206e+35,8.2270836869e+41,2.6070550106e+41,3.1313874630e+43,-1.0534566455e+05,-4.6419302812e+04,1.0215541903e+04
648,2.7993600000e+07,1.8792896076e+35,-3.8599325666e+35,-1.9806429590e+35,8.2270836869e+41,2.6070550106e+41,3.1313874630e+43,-1.0534509004e+05,-4.6419674765e+04,1.0214855312e+04
649,2.8036800000e+07,1.8793013675e+35,-3.8599443663e+35,-1.9806429988e+35,8.2270836869e+41,2.6070550106e+41,3.1313874630e+43,-1.0534451552e+05,-4.6420046718e+04,1.0214168720e+04
650,2.8080000000e+07,1.8793122932e+35,-3.8599553329e+35,-1.9806430397e+35,8.2270836869e+41,2.6070550106e+41,3.1313874630e+43,-1.0534394101e+05,-4.6420418672e+04,1.0213482128e+04
651,2.8123200000e+07,1.8793221497e+35,-3.8599652315e+35,-1.9806430818e+35,8.2270836869e+41,2.6070550106e+41,3.1313874630e+43,-1.0534336650e+05,-4.6420790625e+04,1.0212795536e+04
652,2.8166400000e+07,1.8793306904e+35,-3.8599738151e+35,-1.9806431247e+35,8.2270836869e+41,2.6070550106e+41,3.1313874630e+43,-1.0534279199e+05,-4.6421162578e+04,1.0212108945e+04
653,2.8209600000e+07,1.8793376583e+35,-3.8599808265e+35,-1.9806431682e+35,8.2270836869e+41,2.6070550106e+41,3.1313874630e+43,-1.0534221748e+05,-4.6421534531e+04,1.0211422353e+04
654,2.8252800000e+07,1.8793427878e+35,-3.8599859998e+35,-1.9806432119e+35,8.2270836869e+41,2.6070550106e+41,3.1313874630e+43,-1.0534164296e+05,-4.6421906484e+04,1.0210735761e+04
655,2.8296000000e+07,1.8793458066e+35,-3.8599890623e+35,-1.9806432557e+35,8.2270836869e+41,2.6070550106e+41,3.1313874630e+43,-1.0534106845e+05,-4.6422278437e+04,1.0210049169e+04
656,2.8339200000e+07,1.8793464380e+35,-3.8599897371e+35,-1.9806432991e+35,8.2270836869e+41,2.6070550106e+41,3.1313874630e+43,-1.0534049394e+05,-4.6422650390e+04,1.0209362578e+04
657,2.8382400000e+07,1.8793444038e+35,-3.8599877455e+35,-1.9806433417e+35,8.2270836869e+41,2.6070550106e+41,3.1313874630e+43,-1.0533991943e+05,-4.6423022343e+04,1.0208675986e+04
658,2.8425600000e+07,1.8793394269e+35,-3.8599828100e+35,-1.9806433831e+35,8.2270836869e+41,2.6070550106e+41,3.1313874630e+43,-1.0533934492e+05,-4.6423394296e+04,1.0207989394e+04
659,2.8468800000e+07,1.8793312350e+35,-3.8599746578e+35,-1.9806434228e+35,8.2270836869e+41,2.6070550106e+41,3.1313874630e+43,-1.0533877040e+05,-4.6423766250e+04,1.0207302802e+04
660,2.8512000000e+07,1.8793195637e+35,-3.8599630240e+35,-1.9806434603e+35,8.2270836869e+41,2.6070550106e+41,3.1313874630e+43,-1.0533819589e+05,-4.6424138203e+04,1.0206616210e+04
661,2.8555200000e+07,1.8793041605e+35,-3.8599476558e+35,-1.9806434953e+35,8.2270836869e+41,2.6070550106e+41,3.1313874630e+43,-1.0533762138e+05,-4.6424510156e+04,1.0205929619e+04
662,2.8598400000e+07,1.8792847880e+35,-3.8599283152e+35,-1.9806435272e+35,8.2270836869e+41,2.6070550106e+41,3.1313874630e+43,-1.0533704687e+05,-4.6424882109e+04,1.0205243027e+04
663,2.8641600000e+07,1.8792612283e+35,-3.8599047839e+35,-1.9806435556e+35,8.2270836869e+41,2.6070550106e+41,3.1313874630e+43,-1.0533647236e+05,-4.6425254062e+04,1.0204556435e+04
664,2.8684800000e+07,1.8792332858e+35,-3.8598768659e+35,-1.9806435801e+35,8.2270836869e+41,2.6070550106e+41,3.1313874630e+43,-1.0533589784e+05,-4.6425626015e+04,1.0203869843e+04
665,2.8728000000e+07,1.8792007910e+35,-3.8598443913e+35,-1.9806436004e+35,8.2270836869e+41,2.6070550106e+41,3.1313874630e+43,-1.0533532333e+05,-4.6425997968e+04,1.0203183252e+04
666,2.8771200000e+07,1.8791636033e+35,-3.8598072193e+35,-1.9806436160e+35,8.2270836869e+41,2.6070550106e+41,3.1313874630e+43,-1.0533474882e+05,-4.6426369922e+04,1.0202496660e+04
667,2.8814400000e+07,1.8791216137e+35,-3.8597652406e+35,-1.9806436269e+35,8.2270836869e+41,2.6070550106e+41,3.1313874630e+43,-1.0533417431e+05,-4.6426741875e+04,1.0201810068e+04
668,2.8857600000e+07,1.8790747466e+35,-3.8597183793e+35,-1.9806436327e+35,8.2270836869e+41,2.6070550106e+41,3.1313874630e+43,-1.0533359980e+05,-4.6427113828e+04,1.0201123476e+04
669,2.8900800000e+07,1.8790229613e+35,-3.8596665948e+35,-1.9806436334e+35,8.2270836869e+41,2.6070550106e+41,3.1313874630e+43,-1.0533302528e+05,-4.6427485781e+04,1.0200436885e+04
670,2.8944000000e+07,1.8789662530e+35,-3.8596098821e+35,-1.9806436291e+35,8.2270836869e+41,2.6070550106e+41,3.1313874630e+43,-1.0533245077e+05,-4.6427857734e+04,1.0199750293e+04
671,2.8987200000e+07,1.8789046524e+35,-3.8595482721e+35,-1.9806436197e+35,8.2270836869e+41,2.6070550106e+41,3.1313874630e+43,-1.0533187626e+05,-4.6428229687e+04,1.0199063701e+04
672,2.9030400000e+07,1.8788382258e+35,-3.8594818312e+35,-1.9806436054e+35,8.2270836869e+41,2.6070550106e+41,3.1313874630e+43,-1.0533130175e+05,-4.6428601640e+04,1.0198377109e+04
673,2.9073600000e+07,1.8787670730e+35,-3.8594106595e+35,-1.9806435865e+35,8.2270836869e+41,2.6070550106e+41,3.1313874630e+43,-1.0533072724e+05,-4.6428973593e+04,1.0197690517e+04
674,2.9116800000e+07,1.8786913264e+35,-3.8593348896e+35,-1.9806435632e+35,8.2270836869e+41,2.6070550106e+41,3.1313874630e+43,-1.0533015272e+05,-4.6429345547e+04,1.0197003926e+04
675,2.9160000000e+07,1.8786111476e+35,-3.8592546835e+35,-1.9806435360e+35,8.2270836869e+41,2.6070550106e+41,3.1313874630e+43,-1.0532957821e+05,-4.6429717500e+04,1.0196317334e+04
676,2.9203200000e+07,1.8785267253e+35,-3.8591702303e+35,-1.9806435051e+35,8.2270836869e+41,2.6070550106e+41,3.1313874630e+43,-1.0532900370e+05,-4.6430089453e+04,1.0195630742e+04
677,2.9246400000e+07,1.8784382715e+35,-3.8590817426e+35,-1.9806434710e+35,8.2270836869e+41,2.6070550106e+41,3.1313874630e+43,-1.0532842919e+05,-4.6430461406e+04,1.0194944150e+04
678,2.9289600000e+07,1.8783460186e+35,-3.8589894528e+35,-1.9806434342e+35,8.2270836869e+41,2.6070550106e+41,3.1313874630e+43,-1.0532785468e+05,-4.6430833359e+04,1.0194257559e+04
679,2.9332800000e+07,1.8782502150e+35,-3.8588936102e+35,-1.9806433952e+35,8.2270836869e+41,2.6070550106e+41,3.1313874630e+43,-1.0532728016e+05,-4.6431205312e+04,1.0193570967e+04
680,2.9376000000e+07,1.8781511218e+35,-3.8587944761e+35,-1.9806433544e+35,8.2270836869e+41,2.6070550106e+41,3.1313874630e+43,-1.0532670565e+05,-4.6431577266e+04,1.0192884375e+04
681,2.9419200000e+07,1.8780490091e+35,-3.8586923213e+35,-1.9806433122e+35,8.2270836869e+41,2.6070550106e+41,3.1313874630e+43,-1.0532613114e+05,-4.6431949218e+04,1.0192197783e+04
682,2.9462400000e+07,1.8779441525e+35,-3.8585874217e+35,-1.9806432692e+35,8.2270836869e+41,2.6070550106e+41,3.1313874630e+43,-1.0532555663e+05,-4.6432321172e+04,1.0191511191e+04
683,2.9505600000e+07,1.8778368297e+35,-3.8584800553e+35,-1.9806432257e+35,8.2270836869e+41,2.6070550106e+41,3.1313874630e+43,-1.0532498212e+05,-4.6432693125e+04,1.0190824600e+04
684,2.9548800000e+07,1.8777273172e+35,-3.8583704992e+35,-1.9806431820e+35,8.2270836869e+41,2.6070550106e+41,3.1313874630e+43,-1.0532440760e+05,-4.6433065078e+04,1.0190138008e+04
685,2.9592000000e+07,1.8776158880e+35,-3.8582590267e+35,-1.9806431386e+35,8.2270836869e+41,2.6070550106e+41,3.1313874630e+43,-1.0532383309e+05,-4.6433437031e+04,1.0189451416e+04
686,2.9635200000e+07,1.8775028089e+35,-3.8581459047e+35,-1.9806430958e+35,8.2270836869e+41,2.6070550106e+41,3.1313874630e+43,-1.0532325858e+05,-4.6433808984e+04,1.0188764824e+04
687,2.9678400000e+07,1.8773883385e+35,-3.8580313922e+35,-1.9806430537e+35,8.2270836869e+41,2.6070550106e+41,3.1313874630e+43,-1.0532268407e+05,-4.6434180937e+04,1.0188078233e+04
688,2.9721600000e+07,1.8772727252e+35,-3.8579157378e+35,-1.9806430126e+35,8.2270836869e+41,2.6070550106e+41,3.1313874630e+43,-1.0532210956e+05,-4.6434552890e+04,1.0187391641e+04
689,2.9764800000e+07,1.8771562063e+35,-3.8577991791e+35,-1.9806429728e+35,8.2270836869e+41,2.6070550106e+41,3.1313874630e+43,-1.0532153504e+05,-4.6434924844e+04,1.0186705049e+04
690,2.9808000000e+07,1.8770390066e+35,-3.8576819409e+35,-1.9806429343e+35,8.2270836869e+41,2.6070550106e+41,3.1313874630e+43,-1.0532096053e+05,-4.6435296797e+04,1.0186018457e+04
691,2.9851200000e+07,1.8769213378e+35,-3.8575642350e+35,-1.9806428972e+35,8.2270836869e+41,2.6070550106e+41,3.1313874630e+43,-1.0532038602e+05,-4.6435668750e+04,1.0185331866e+04
692,2.9894400000e+07,1.8768033977e+35,-3.8574462594e+35,-1.9806428617e+35,8.2270836869e+41,2.6070550106e+41,3.1313874630e+43,-1.0531981151e+05,-4.6436040703e+04,1.0184645274e+04
693,2.9937600000e+07,1.8766853706e+35,-3.8573281983e+35,-1.9806428278e+35,8.2270836869e+41,2.6070550106e+41,3.1313874630e+43,-1.0531923700e+05,-4.6436412656e+04,1.0183958682e+04
694,2.9980800000e+07,1.8765674264e+35,-3.8572102219e+35,-1.9806427955e+35,8.2270836869e+41,2.6070550106e+41,3.1313874630e+43,-1.0531866248e+05,-4.6436784609e+04,1.0183272090e+04
695,3.0024000000e+07,1.8764497215e+35,-3.8570924864e+35,-1.9806427648e+35,8.2270836869e+41,2.6070550106e+41,3.1313874630e+43,-1.0531808797e+05,-4.6437156562e+04,1.0182585498e+04
696,3.0067200000e+07,1.8763323989e+35,-3.8569751347e+35,-1.9806427358e+35,8.2270836869e+41,2.6070550106e+41,3.1313874630e+43,-1.0531751346e+05,-4.6437528516e+04,1.0181898907e+04
697,3.0110400000e+07,1.8762155883e+35,-3.8568582967e+35,-1.9806427084e+35,8.2270836869e+41,2.6070550106e+41,3.1313874630e+43,-1.0531693895e+05,-4.6437900469e+04,1.0181212315e+04
698,3.0153600000e+07,1.8760994070e+35,-3.8567420895e+35,-1.9806426826e+35,8.2270836869e+41,2.6070550106e+41,3.1313874630e+43,-1.0531636444e+05,-4.6438272422e+04,1.0180525723e+04
699,3.0196800000e+07,1.8759839603e+35,-3.8566266185e+35,-1.9806426582e+35,8.2270836869e+41,2.6070550106e+41,3.1313874630e+43,-1.0531578992e+05,-4.6438644375e+04,1.0179839131e+04
700,3.0240000000e+07,1.8758693423e+35,-3.8565119776e+35,-1.9806426354e+35,8.2270836869e+41,2.6070550106e+41,3.1313874630e+43,-1.0531521541e+05,-4.6439016328e+04,1.0179152540e+04
701,3.0283200000e+07,1.8757556363e+35,-3.8563982502e+35,-1.9806426140e+35,8.2270836869e+41,2.6070550106e+41,3.1313874630e+43,-1.0531464090e+05,-4.6439388281e+04,1.0178465948e+04
702,3.0326400000e+07,1.8756429158e+35,-3.8562855097e+35,-1.9806425939e+35,8.2270836869e+41,2.6070550106e+41,3.1313874630e+43,-1.0531406639e+05,-4.6439760234e+04,1.0177779356e+04
703,3.0369600000e+07,1.8755312451e+35,-3.8561738202e+35,-1.9806425751e+35,8.2270836869e+41,2.6070550106e+41,3.1313874630e+43,-1.0531349187e+05,-4.6440132187e+04,1.0177092764e+04
704,3.0412800000e+07,1.8754206799e+35,-3.8560632374e+35,-1.9806425575e+35,8.2270836869e+41,2.6070550106e+41,3.1313874630e+43,-1.0531291736e+05,-4.6440504140e+04,1.0176406173e+04
705,3.0456000000e+07,1.8753112680e+35,-3.8559538091e+35,-1.9806425411e+35,8.2270836869e+41,2.6070550106e+41,3.1313874630e+43,-1.0531234285e+05,-4.6440876093e+04,1.0175719581e+04
706,3.0499200000e+07,1.8752030502e+35,-3.8558455760e+35,-1.9806425258e+35,8.2270836869e+41,2.6070550106e+41,3.1313874630e+43,-1.0531176834e+05,-4.6441248046e+04,1.0175032989e+04
707,3.0542400000e+07,1.8750960605e+35,-3.8557385720e+35,-1.9806425115e+35,8.2270836869e+41,2.6070550106e+41,3.1313874630e+43,-1.0531119383e+05,-4.6441619999e+04,1.0174346397e+04
708,3.0585600000e+07,1.8749903270e+35,-3.8556328252e+35,-1.9806424982e+35,8.2270836869e+41,2.6070550106e+41,3.1313874630e+43,-1.0531061931e+05,-4.6441991953e+04,1.0173659805e+04
709,3.0628800000e+07,1.8748858726e+35,-3.8555283584e+35,-1.9806424858e+35,8.2270836869e+41,2.6070550106e+41,3.1313874630e+43,-1.0531004480e+05,-4.6442363906e+04,1.0172973214e+04
710,3.0672000000e+07,1.8747827151e+35,-3.8554251893e+35,-1.9806424742e+35,8.2270836869e+41,2.6070550106e+41,3.1313874630e+43,-1.0530947029e+05,-4.6442735859e+04,1.0172286622e+04
711,3.0715200000e+07,1.8746808681e+35,-3.8553233315e+35,-1.9806424634e+35,8.2270836869e+41,2.6070550106e+41,3.1313874630e+43,-1.0530889578e+05,-4.6443107812e+04,1.0171600030e+04
712,3.0758400000e+07,1.8745803411e+35,-3.8552227945e+35,-1.9806424533e+35,8.2270836869e+41,2.6070550106e+41,3.1313874630e+43,-1.0530832127e+05,-4.6443479765e+04,1.0170913438e+04
713,3.0801600000e+07,1.8744811404e+35,-3.8551235844e+35,-1.9806424440e+35,8.2270836869e+41,2.6070550106e+41,3.1313874630e+43,-1.0530774675e+05,-4.6443851718e+04,1.0170226847e+04
714,3.0844800000e+07,1.8743832691e+35,-3.8550257043e+35,-1.9806424353e+35,8.2270836869e+41,2.6070550106e+41,3.1313874630e+43,-1.0530717224e+05,-4.6444223672e+04,1.0169540255e+04
715,3.0888000000e+07,1.8742867275e+35,-3.8549291546e+35,-1.9806424271e+35,8.2270836869e+41,2.6070550106e+41,3.1313874630e+43,-1.0530659773e+05,-4.6444595625e+04,1.0168853663e+04
716,3.0931200000e+07,1.8741915136e+35,-3.8548339332e+35,-1.9806424196e+35,8.2270836869e+41,2.6070550106e+41,3.1313874630e+43,-1.0530602322e+05,-4.6444967578e+04,1.0168167071e+04
717,3.0974400000e+07,1.8740976234e+35,-3.8547400359e+35,-1.9806424125e+35,8.2270836869e+41,2.6070550106e+41,3.1313874630e+43,-1.0530544871e+05,-4.6445339531e+04,1.0167480480e+04
718,3.1017600000e+07,1.8740050512e+35,-3.8546474571e+35,-1.9806424059e+35,8.2270836869e+41,2.6070550106e+41,3.1313874630e+43,-1.0530487419e+05,-4.6445711484e+04,1.0166793888e+04
719,3.1060800000e+07,1.8739137893e+35,-3.8545561892e+35,-1.9806423998e+35,8.2270836869e+41,2.6070550106e+41,3.1313874630e+43,-1.0530429968e+05,-4.6446083437e+04,1.0166107296e+04
720,3.1104000000e+07,1.8738238293e+35,-3.8544662234e+35,-1.9806423941e+35,8.2270836869e+41,2.6070550106e+41,3.1313874630e+43,-1.0530372517e+05,-4.6446455390e+04,1.0165420704e+04
721,3.1147200000e+07,1.8737351613e+35,-3.8543775501e+35,-1.9806423888e+35,8.2270836869e+41,2.6070550106e+41,3.1313874630e+43,-1.0530315066e+05,-4.6446827344e+04,1.0164734112e+04
722,3.1190400000e+07,1.8736477746e+35,-3.8542901584e+35,-1.9806423838e+35,8.2270836869e+41,2.6070550106e+41,3.1313874630e+43,-1.0530257615e+05,-4.6447199297e+04,1.0164047521e+04
723,3.1233600000e+07,1.8735616577e+35,-3.8542040369e+35,-1.9806423792e+35,8.2270836869e+41,2.6070550106e+41,3.1313874630e+43,-1.0530200163e+05,-4.6447571250e+04,1.0163360929e+04
724,3.1276800000e+07,1.8734767987e+35,-3.8541191735e+35,-1.9806423749e+35,8.2270836869e+41,2.6070550106e+41,3.1313874630e+43,-1.0530142712e+05,-4.6447943203e+04,1.0162674337e+04
725,3.1320000000e+07,1.8733931849e+35,-3.8540355558e+35,-1.9806423708e+35,8.2270836869e+41,2.6070550106e+41,3.1313874630e+43,-1.0530085261e+05,-4.6448315156e+04,1.0161987745e+04
726,3.1363200000e+07,1.8733108038e+35,-3.8539531708e+35,-1.9806423671e+35,8.2270836869e+41,2.6070550106e+41,3.1313874630e+43,-1.0530027810e+05,-4.6448687109e+04,1.0161301154e+04
727,3.1406400000e+07,1.8732296421e+35,-3.8538720057e+35,-1.9806423636e+35,8.2270836869e+41,2.6070550106e+41,3.1313874630e+43,-1.0529970359e+05,-4.6449059062e+04,1.0160614562e+04
728,3.1449600000e+07,1.8731496870e+35,-3.8537920472e+35,-1.9806423603e+35,8.2270836869e+41,2.6070550106e+41,3.1313874630e+43,-1.0529912907e+05,-4.6449431015e+04,1.0159927970e+04
729,3.1492800000e+07,1.8730709252e+35,-3.8537132824e+35,-1.9806423572e+35,8.2270836869e+41,2.6070550106e+41,3.1313874630e+43,-1.0529855456e+05,-4.6449802969e+04,1.0159241378e+04
730,3.1536000000e+07,1.8729933439e+35,-3.8536356982e+35,-1.9806423543e+35,8.2270836869e+41,2.6070550106e+41,3.1313874630e+43,-1.0529798005e+05,-4.6450174922e+04,1.0158554786e+04
