step,t,K,U,E,Lx,Ly,Lz,Rcom_x,Rcom_y,Rcom_z
0,0.0000000000e+00,1.9273021574e+35,-3.9079446895e+35,-1.9806425321e+35,8.2270836869e+41,2.6070550106e+41,3.1313874630e+43,-1.0571737383e+05,-4.6178649135e+04,1.0659766780e+04
1,4.3200000000e+04,1.9271702010e+35,-3.9077860296e+35,-1.9806158286e+35,8.2270892760e+41,2.6070540391e+41,3.1313891687e+43,-1.0571679932e+05,-4.6179021088e+04,1.0659080188e+04
2,8.6400000000e+04,1.9270395211e+35,-3.9076289933e+35,-1.9805894722e+35,8.2270948388e+41,2.6070530905e+41,3.1313908715e+43,-1.0571622480e+05,-4.6179393042e+04,1.0658393596e+04
3,1.2960000000e+05,1.9269101279e+35,-3.9074735729e+35,-1.9805634450e+35,8.2271003764e+41,2.6070521641e+41,3.1313925715e+43,-1.0571565029e+05,-4.6179764995e+04,1.0657707004e+04
4,1.7280000000e+05,1.9267820275e+35,-3.9073197576e+35,-1.9805377301e+35,8.2271058896e+41,2.6070512591e+41,3.1313942688e+43,-1.0571507578e+05,-4.6180136948e+04,1.0657020412e+04
5,2.1600000000e+05,1.9266552226e+35,-3.9071675341e+35,-1.9805123115e+35,8.2271113795e+41,2.6070503745e+41,3.1313959636e+43,-1.0571450127e+05,-4.6180508901e+04,1.0656333821e+04
6,2.5920000000e+05,1.9265297131e+35,-3.9070168870e+35,-1.9804871740e+35,8.2271168469e+41,2.6070495097e+41,3.1313976559e+43,-1.0571392676e+05,-4.6180880854e+04,1.0655647229e+04
7,3.0240000000e+05,1.9264054957e+35,-3.9068677988e+35,-1.9804623031e+35,8.2271222925e+41,2.6070486638e+41,3.1313993458e+43,-1.0571335224e+05,-4.6181252807e+04,1.0654960637e+04
8,3.4560000000e+05,1.9262825649e+35,-3.9067202503e+35,-1.9804376854e+35,8.2271277174e+41,2.6070478362e+41,3.1314010333e+43,-1.0571277773e+05,-4.6181624761e+04,1.0654274045e+04
9,3.8880000000e+05,1.9261609132e+35,-3.9065742210e+35,-1.9804133078e+35,8.2271331221e+41,2.6070470261e+41,3.1314027187e+43,-1.0571220322e+05,-4.6181996714e+04,1.0653587454e+04
10,4.3200000000e+05,1.9260405309e+35,-3.9064296892e+35,-1.9803891583e+35,8.2271385076e+41,2.6070462329e+41,3.1314044020e+43,-1.0571162871e+05,-4.6182368667e+04,1.0652900862e+04
11,4.7520000000e+05,1.9259214068e+35,-3.9062866322e+35,-1.9803652253e+35,8.2271438746e+41,2.6070454559e+41,3.1314060832e+43,-1.0571105420e+05,-4.6182740620e+04,1.0652214270e+04
12,5.1840000000e+05,1.9258035285e+35,-3.9061450265e+35,-1.9803414979e+35,8.2271492238e+41,2.6070446944e+41,3.1314077625e+43,-1.0571047968e+05,-4.6183112573e+04,1.0651527678e+04
13,5.6160000000e+05,1.9256868821e+35,-3.9060048479e+35,-1.9803179658e+35,8.2271545558e+41,2.6070439480e+41,3.1314094398e+43,-1.0570990517e+05,-4.6183484526e+04,1.0650841086e+04
14,6.0480000000e+05,1.9255714528e+35,-3.9058660719e+35,-1.9802946191e+35,8.2271598714e+41,2.6070432159e+41,3.1314111154e+43,-1.0570933066e+05,-4.6183856480e+04,1.0650154495e+04
15,6.4800000000e+05,1.9254572249e+35,-3.9057286734e+35,-1.9802714485e+35,8.2271651711e+41,2.6070424976e+41,3.1314127892e+43,-1.0570875615e+05,-4.6184228433e+04,1.0649467903e+04
16,6.9120000000e+05,1.9253441819e+35,-3.9055926272e+35,-1.9802484454e+35,8.2271704556e+41,2.6070417926e+41,3.1314144613e+43,-1.0570818164e+05,-4.6184600386e+04,1.0648781311e+04
17,7.3440000000e+05,1.9252323067e+35,-3.9054579079e+35,-1.9802256012e+35,8.2271757255e+41,2.6070411003e+41,3.1314161318e+43,-1.0570760712e+05,-4.6184972339e+04,1.0648094719e+04
18,7.7760000000e+05,1.9251215818e+35,-3.9053244901e+35,-1.9802029082e+35,8.2271809814e+41,2.6070404202e+41,3.1314178008e+43,-1.0570703261e+05,-4.6185344292e+04,1.0647408128e+04
19,8.2080000000e+05,1.9250119893e+35,-3.9051923482e+35,-1.9801803589e+35,8.2271862238e+41,2.6070397519e+41,3.1314194683e+43,-1.0570645810e+05,-4.6185716245e+04,1.0646721536e+04
20,8.6400000000e+05,1.9249035108e+35,-3.9050614569e+35,-1.9801579461e+35,8.2271914533e+41,2.6070390948e+41,3.1314211343e+43,-1.0570588359e+05,-4.6186088199e+04,1.0646034944e+04
21,9.0720000000e+05,1.9247961278e+35,-3.9049317909e+35,-1.9801356631e+35,8.2271966702e+41,2.6070384486e+41,3.1314227990e+43,-1.0570530907e+05,-4.6186460151e+04,1.0645348352e+04
22,9.5040000000e+05,1.9246898217e+35,-3.9048033253e+35,-1.9801135036e+35,8.2272018753e+41,2.6070378127e+41,3.1314244623e+43,-1.0570473456e+05,-4.6186832104e+04,1.0644661761e+04
23,9.9360000000e+05,1.9245845738e+35,-3.9046760352e+35,-1.9800914614e+35,8.2272070688e+41,2.6070371868e+41,3.1314261244e+43,-1.0570416005e+05,-4.6187204058e+04,1.0643975169e+04
24,1.0368000000e+06,1.9244803652e+35,-3.9045498962e+35,-1.9800695310e+35,8.2272122513e+41,2.6070365704e+41,3.1314277853e+43,-1.0570358554e+05,-4.6187576011e+04,1.0643288577e+04
25,1.0800000000e+06,1.9243771774e+35,-3.9044248841e+35,-1.9800477067e+35,8.2272174232e+41,2.6070359632e+41,3.1314294449e+43,-1.0570301103e+05,-4.6187947964e+04,1.0642601985e+04
26,1.1232000000e+06,1.9242749916e+35,-3.9043009750e+35,-1.9800259834e+35,8.2272225850e+41,2.6070353647e+41,3.1314311035e+43,-1.0570243651e+05,-4.6188319917e+04,1.0641915393e+04
27,1.1664000000e+06,1.9241737893e+35,-3.9041781456e+35,-1.9800043563e+35,8.2272277369e+41,2.6070347747e+41,3.1314327610e+43,-1.0570186200e+05,-4.6188691870e+04,1.0641228802e+04
28,1.2096000000e+06,1.9240735521e+35,-3.9040563728e+35,-1.9799828207e+35,8.2272328795e+41,2.6070341927e+41,3.1314344174e+43,-1.0570128749e+05,-4.6189063823e+04,1.0640542210e+04
29,1.2528000000e+06,1.9239742620e+35,-3.9039356340e+35,-1.9799613720e+35,8.2272380132e+41,2.6070336185e+41,3.1314360729e+43,-1.0570071298e+05,-4.6189435776e+04,1.0639855618e+04
30,1.2960000000e+06,1.9238759009e+35,-3.9038159071e+35,-1.9799400062e+35,8.2272431382e+41,2.6070330516e+41,3.1314377274e+43,-1.0570013847e+05,-4.6189807729e+04,1.0639169026e+04
31,1.3392000000e+06,1.9237784512e+35,-3.9036971703e+35,-1.9799187191e+35,8.2272482549e+41,2.6070324919e+41,3.1314393810e+43,-1.0569956395e+05,-4.6190179683e+04,1.0638482435e+04
32,1.3824000000e+06,1.9236818954e+35,-3.9035794024e+35,-1.9798975070e+35,8.2272533636e+41,2.6070319389e+41,3.1314410337e+43,-1.0569898944e+05,-4.6190551636e+04,1.0637795843e+04
33,1.4256000000e+06,1.9235862164e+35,-3.9034625826e+35,-1.9798763662e+35,8.2272584648e+41,2.6070313924e+41,3.1314426855e+43,-1.0569841493e+05,-4.6190923589e+04,1.0637109251e+04
34,1.4688000000e+06,1.9234913974e+35,-3.9033466906e+35,-1.9798552932e+35,8.2272635587e+41,2.6070308521e+41,3.1314443366e+43,-1.0569784042e+05,-4.6191295542e+04,1.0636422659e+04
35,1.5120000000e+06,1.9233974217e+35,-3.9032317064e+35,-1.9798342847e+35,8.2272686456e+41,2.6070303177e+41,3.1314459869e+43,-1.0569726591e+05,-4.6191667495e+04,1.0635736068e+04
36,1.5552000000e+06,1.9233042733e+35,-3.9031176108e+35,-1.9798133376e+35,8.2272737258e+41,2.6070297890e+41,3.1314476364e+43,-1.0569669139e+05,-4.6192039448e+04,1.0635049476e+04
37,1.5984000000e+06,1.9232119362e+35,-3.9030043848e+35,-1.9797924487e+35,8.2272787996e+41,2.6070292657e+41,3.1314492852e+43,-1.0569611688e+05,-4.6192411401e+04,1.0634362884e+04
38,1.6416000000e+06,1.9231203948e+35,-3.9028920100e+35,-1.9797716152e+35,8.2272838673e+41,2.6070287475e+41,3.1314509333e+43,-1.0569554237e+05,-4.6192783355e+04,1.0633676292e+04
39,1.6848000000e+06,1.9230296340e+35,-3.9027804683e+35,-1.9797508343e+35,8.2272889291e+41,2.6070282342e+41,3.1314525808e+43,-1.0569496786e+05,-4.6193155308e+04,1.0632989700e+04
40,1.7280000000e+06,1.9229396389e+35,-3.9026697422e+35,-1.9797301034e+35,8.2272939854e+41,2.6070277256e+41,3.1314542277e+43,-1.0569439335e+05,-4.6193527261e+04,1.0632303109e+04
41,1.7712000000e+06,1.9228503949e+35,-3.9025598147e+35,-1.9797094198e+35,8.2272990363e+41,2.6070272215e+41,3.1314558740e+43,-1.0569381883e+05,-4.6193899214e+04,1.0631616517e+04
42,1.8144000000e+06,1.9227618880e+35,-3.9024506691e+35,-1.9796887812e+35,8.2273040821e+41,2.6070267215e+41,3.1314575197e+43,-1.0569324432e+05,-4.6194271167e+04,1.0630929925e+04
43,1.8576000000e+06,1.9226741042e+35,-3.9023422893e+35,-1.9796681851e+35,8.2273091230e+41,2.6070262256e+41,3.1314591648e+43,-1.0569266981e+05,-4.6194643121e+04,1.0630243333e+04
44,1.9008000000e+06,1.9225870301e+35,-3.9022346595e+35,-1.9796476293e+35,8.2273141593e+41,2.6070257334e+41,3.1314608094e+43,-1.0569209530e+05,-4.6195015074e+04,1.0629556742e+04
45,1.9440000000e+06,1.9225006526e+35,-3.9021277643e+35,-1.9796271117e+35,8.2273191912e+41,2.6070252449e+41,3.1314624536e+43,-1.0569152079e+05,-4.6195387027e+04,1.0628870150e+04
46,1.9872000000e+06,1.9224149588e+35,-3.9020215888e+35,-1.9796066301e+35,8.2273242190e+41,2.6070247597e+41,3.1314640972e+43,-1.0569094627e+05,-4.6195758980e+04,1.0628183558e+04
47,2.0304000000e+06,1.9223299362e+35,-3.9019161186e+35,-1.9795861824e+35,8.2273292427e+41,2.6070242777e+41,3.1314657405e+43,-1.0569037176e+05,-4.6196130933e+04,1.0627496966e+04
48,2.0736000000e+06,1.9222455728e+35,-3.9018113396e+35,-1.9795657668e+35,8.2273342627e+41,2.6070237988e+41,3.1314673832e+43,-1.0568979725e+05,-4.6196502886e+04,1.0626810374e+04
49,2.1168000000e+06,1.9221618567e+35,-3.9017072380e+35,-1.9795453813e+35,8.2273392792e+41,2.6070233226e+41,3.1314690256e+43,-1.0568922274e+05,-4.6196874839e+04,1.0626123783e+04
50,2.1600000000e+06,1.9220787765e+35,-3.9016038006e+35,-1.9795250241e+35,8.2273442922e+41,2.6070228491e+41,3.1314706676e+43,-1.0568864823e+05,-4.6197246793e+04,1.0625437191e+04
51,2.2032000000e+06,1.9219963209e+35,-3.9015010143e+35,-1.9795046934e+35,8.2273493021e+41,2.6070223781e+41,3.1314723093e+43,-1.0568807371e+05,-4.6197618746e+04,1.0624750599e+04
52,2.2464000000e+06,1.9219144792e+35,-3.9013988667e+35,-1.9794843875e+35,8.2273543090e+41,2.6070219093e+41,3.1314739506e+43,-1.0568749920e+05,-4.6197990699e+04,1.0624064007e+04
53,2.2896000000e+06,1.9218332407e+35,-3.9012973454e+35,-1.9794641047e+35,8.2273593132e+41,2.6070214427e+41,3.1314755915e+43,-1.0568692469e+05,-4.6198362652e+04,1.0623377416e+04
54,2.3328000000e+06,1.9217525953e+35,-3.9011964387e+35,-1.9794438434e+35,8.2273643146e+41,2.6070209780e+41,3.1314772322e+43,-1.0568635018e+05,-4.6198734605e+04,1.0622690824e+04
55,2.3760000000e+06,1.9216725330e+35,-3.9010961349e+35,-1.9794236019e+35,8.2273693137e+41,2.6070205151e+41,3.1314788726e+43,-1.0568577567e+05,-4.6199106558e+04,1.0622004232e+04
56,2.4192000000e+06,1.9215930441e+35,-3.9009964229e+35,-1.9794033789e+35,8.2273743105e+41,2.6070200539e+41,3.1314805127e+43,-1.0568520115e+05,-4.6199478511e+04,1.0621317640e+04
57,2.4624000000e+06,1.9215141192e+35,-3.9008972919e+35,-1.9793831726e+35,8.2273793051e+41,2.6070195941e+41,3.1314821525e+43,-1.0568462664e+05,-4.6199850464e+04,1.0620631049e+04
58,2.5056000000e+06,1.9214357494e+35,-3.9007987311e+35,-1.9793629817e+35,8.2273842979e+41,2.6070191357e+41,3.1314837921e+43,-1.0568405213e+05,-4.6200222417e+04,1.0619944457e+04
59,2.5488000000e+06,1.9213579256e+35,-3.9007007304e+35,-1.9793428048e+35,8.2273892889e+41,2.6070186784e+41,3.1314854316e+43,-1.0568347762e+05,-4.6200594371e+04,1.0619257865e+04
60,2.5920000000e+06,1.9212806393e+35,-3.9006032797e+35,-1.9793226403e+35,8.2273942782e+41,2.6070182221e+41,3.1314870708e+43,-1.0568290311e+05,-4.6200966324e+04,1.0618571273e+04
61,2.6352000000e+06,1.9212038823e+35,-3.9005063693e+35,-1.9793024870e+35,8.2273992661e+41,2.6070177667e+41,3.1314887098e+43,-1.0568232859e+05,-4.6201338277e+04,1.0617884681e+04
62,2.6784000000e+06,1.9211276465e+35,-3.9004099899e+35,-1.9792823434e+35,8.2274042527e+41,2.6070173120e+41,3.1314903486e+43,-1.0568175408e+05,-4.6201710230e+04,1.0617198090e+04
63,2.7216000000e+06,1.9210519239e+35,-3.9003141321e+35,-1.9792622082e+35,8.2274092382e+41,2.6070168579e+41,3.1314919873e+43,-1.0568117957e+05,-4.6202082184e+04,1.0616511498e+04
64,2.7648000000e+06,1.9209767071e+35,-3.9002187871e+35,-1.9792420800e+35,8.2274142227e+41,2.6070164042e+41,3.1314936259e+43,-1.0568060506e+05,-4.6202454137e+04,1.0615824906e+04
65,2.8080000000e+06,1.9209019885e+35,-3.9001239462e+35,-1.9792219577e+35,8.2274192063e+41,2.6070159508e+41,3.1314952644e+43,-1.0568003055e+05,-4.6202826090e+04,1.0615138314e+04
66,2.8512000000e+06,1.9208277611e+35,-3.9000296008e+35,-1.9792018397e+35,8.2274241893e+41,2.6070154976e+41,3.1314969027e+43,-1.0567945603e+05,-4.6203198043e+04,1.0614451723e+04
67,2.8944000000e+06,1.9207540178e+35,-3.8999357429e+35,-1.9791817250e+35,8.2274291717e+41,2.6070150444e+41,3.1314985410e+43,-1.0567888152e+05,-4.6203569996e+04,1.0613765131e+04
68,2.9376000000e+06,1.9206807520e+35,-3.8998423641e+35,-1.9791616122e+35,8.2274341537e+41,2.6070145910e+41,3.1315001791e+43,-1.0567830701e+05,-4.6203941949e+04,1.0613078539e+04
69,2.9808000000e+06,1.9206079569e+35,-3.8997494569e+35,-1.9791415000e+35,8.2274391355e+41,2.6070141374e+41,3.1315018173e+43,-1.0567773250e+05,-4.6204313903e+04,1.0612391947e+04
70,3.0240000000e+06,1.9205356261e+35,-3.8996570133e+35,-1.9791213872e+35,8.2274441171e+41,2.6070136833e+41,3.1315034553e+43,-1.0567715799e+05,-4.6204685855e+04,1.0611705356e+04
71,3.0672000000e+06,1.9204637534e+35,-3.8995650260e+35,-1.9791012726e+35,8.2274490988e+41,2.6070132288e+41,3.1315050934e+43,-1.0567658347e+05,-4.6205057808e+04,1.0611018764e+04
72,3.1104000000e+06,1.9203923327e+35,-3.8994734875e+35,-1.9790811548e+35,8.2274540807e+41,2.6070127735e+41,3.1315067314e+43,-1.0567600896e+05,-4.6205429762e+04,1.0610332172e+04
73,3.1536000000e+06,1.9203213580e+35,-3.8993823907e+35,-1.9790610327e+35,8.2274590629e+41,2.6070123175e+41,3.1315083694e+43,-1.0567543445e+05,-4.6205801715e+04,1.0609645580e+04
74,3.1968000000e+06,1.9202508235e+35,-3.8992917285e+35,-1.9790409050e+35,8.2274640456e+41,2.6070118605e+41,3.1315100075e+43,-1.0567485994e+05,-4.6206173668e+04,1.0608958988e+04
75,3.2400000000e+06,1.9201807234e+35,-3.8992014938e+35,-1.9790207704e+35,8.2274690288e+41,2.6070114024e+41,3.1315116456e+43,-1.0567428543e+05,-4.6206545621e+04,1.0608272397e+04
76,3.2832000000e+06,1.9201110521e+35,-3.8991116799e+35,-1.9790006278e+35,8.2274740128e+41,2.6070109431e+41,3.1315132837e+43,-1.0567371091e+05,-4.6206917574e+04,1.0607585805e+04
77,3.3264000000e+06,1.9200418041e+35,-3.8990222798e+35,-1.9789804757e+35,8.2274789977e+41,2.6070104824e+41,3.1315149218e+43,-1.0567313640e+05,-4.6207289527e+04,1.0606899213e+04
78,3.3696000000e+06,1.9199729740e+35,-3.8989332870e+35,-1.9789603131e+35,8.2274839836e+41,2.6070100203e+41,3.1315165600e+43,-1.0567256189e+05,-4.6207661480e+04,1.0606212621e+04
79,3.4128000000e+06,1.9199045562e+35,-3.8988446947e+35,-1.9789401385e+35,8.2274889707e+41,2.6070095565e+41,3.1315181984e+43,-1.0567198738e+05,-4.6208033434e+04,1.0605526030e+04
80,3.4560000000e+06,1.9198365456e+35,-3.8987564963e+35,-1.9789199508e+35,8.2274939591e+41,2.6070090910e+41,3.1315198368e+43,-1.0567141287e+05,-4.6208405387e+04,1.0604839438e+04
81,3.4992000000e+06,1.9197689367e+35,-3.8986686852e+35,-1.9788997485e+35,8.2274989489e+41,2.6070086236e+41,3.1315214753e+43,-1.0567083835e+05,-4.6208777340e+04,1.0604152846e+04
82,3.5424000000e+06,1.9197017242e+35,-3.8985812548e+35,-1.9788795305e+35,8.2275039403e+41,2.6070081542e+41,3.1315231139e+43,-1.0567026384e+05,-4.6209149293e+04,1.0603466254e+04
83,3.5856000000e+06,1.9196349029e+35,-3.8984941984e+35,-1.9788592954e+35,8.2275089334e+41,2.6070076826e+41,3.1315247527e+43,-1.0566968933e+05,-4.6209521246e+04,1.0602779662e+04
84,3.6288000000e+06,1.9195684675e+35,-3.8984075094e+35,-1.9788390419e+35,8.2275139284e+41,2.6070072087e+41,3.1315263916e+43,-1.0566911482e+05,-4.6209893199e+04,1.0602093071e+04
85,3.6720000000e+06,1.9195024124e+35,-3.8983211810e+35,-1.9788187686e+35,8.2275189254e+41,2.6070067323e+41,3.1315280307e+43,-1.0566854031e+05,-4.6210265152e+04,1.0601406479e+04
86,3.7152000000e+06,1.9194367324e+35,-3.8982352065e+35,-1.9787984741e+35,8.2275239246e+41,2.6070062534e+41,3.1315296700e+43,-1.0566796579e+05,-4.6210637106e+04,1.0600719887e+04
87,3.7584000000e+06,1.9193714218e+35,-3.8981495789e+35,-1.9787781571e+35,8.2275289260e+41,2.6070057718e+41,3.1315313095e+43,-1.0566739128e+05,-4.6211009059e+04,1.0600033295e+04
88,3.8016000000e+06,1.9193064751e+35,-3.8980642911e+35,-1.9787578161e+35,8.2275339299e+41,2.6070052873e+41,3.1315329492e+43,-1.0566681677e+05,-4.6211381012e+04,1.0599346704e+04
89,3.8448000000e+06,1.9192418864e+35,-3.8979793361e+35,-1.9787374497e+35,8.2275389363e+41,2.6070047999e+41,3.1315345891e+43,-1.0566624226e+05,-4.6211752965e+04,1.0598660112e+04
90,3.8880000000e+06,1.9191776498e+35,-3.8978947063e+35,-1.9787170565e+35,8.2275439455e+41,2.6070043093e+41,3.1315362292e+43,-1.0566566775e+05,-4.6212124918e+04,1.0597973520e+04
91,3.9312000000e+06,1.9191137593e+35,-3.8978103943e+35,-1.9786966350e+35,8.2275489575e+41,2.6070038154e+41,3.1315378696e+43,-1.0566509323e+05,-4.6212496871e+04,1.0597286928e+04
92,3.9744000000e+06,1.9190502085e+35,-3.8977263921e+35,-1.9786761836e+35,8.2275539726e+41,2.6070033182e+41,3.1315395103e+43,-1.0566451872e+05,-4.6212868824e+04,1.0596600337e+04
93,4.0176000000e+06,1.9189869909e+35,-3.8976426918e+35,-1.9786557009e+35,8.2275589908e+41,2.6070028173e+41,3.1315411512e+43,-1.0566394421e+05,-4.6213240778e+04,1.0595913745e+04
94,4.0608000000e+06,1.9189240996e+35,-3.8975592850e+35,-1.9786351854e+35,8.2275640123e+41,2.6070023128e+41,3.1315427925e+43,-1.0566336970e+05,-4.6213612731e+04,1.0595227153e+04
95,4.1040000000e+06,1.9188615275e+35,-3.8974761628e+35,-1.9786146354e+35,8.2275690373e+41,2.6070018045e+41,3.1315444340e+43,-1.0566279519e+05,-4.6213984684e+04,1.0594540561e+04
96,4.1472000000e+06,1.9187992671e+35,-3.8973933164e+35,-1.9785940493e+35,8.2275740659e+41,2.6070012921e+41,3.1315460759e+43,-1.0566222067e+05,-4.6214356637e+04,1.0593853969e+04
97,4.1904000000e+06,1.9187373107e+35,-3.8973107362e+35,-1.9785734255e+35,8.2275790982e+41,2.6070007757e+41,3.1315477181e+43,-1.0566164616e+05,-4.6214728590e+04,1.0593167378e+04
98,4.2336000000e+06,1.9186756499e+35,-3.8972284123e+35,-1.9785527624e+35,8.2275841344e+41,2.6070002549e+41,3.1315493606e+43,-1.0566107165e+05,-4.6215100543e+04,1.0592480786e+04
99,4.2768000000e+06,1.9186142761e+35,-3.8971463344e+35,-1.9785320583e+35,8.2275891746e+41,2.6069997298e+41,3.1315510035e+43,-1.0566049714e+05,-4.6215472496e+04,1.0591794194e+04
100,4.3200000000e+06,1.9185531802e+35,-3.8970644916e+35,-1.9785113114e+35,8.2275942191e+41,2.6069992001e+41,3.1315526468e+43,-1.0565992263e+05,-4.6215844450e+04,1.0591107602e+04
101,4.3632000000e+06,1.9184923525e+35,-3.8969828725e+35,-1.9784905201e+35,8.2275992678e+41,2.6069986657e+41,3.1315542905e+43,-1.0565934811e+05,-4.6216216403e+04,1.0590421011e+04
102,4.4064000000e+06,1.9184317827e+35,-3.8969014652e+35,-1.9784696825e+35,8.2276043211e+41,2.6069981264e+41,3.1315559346e+43,-1.0565877360e+05,-4.6216588356e+04,1.0589734419e+04
103,4.4496000000e+06,1.9183714600e+35,-3.8968202569e+35,-1.9784487970e+35,8.2276093790e+41,2.6069975822e+41,3.1315575791e+43,-1.0565819909e+05,-4.6216960309e+04,1.0589047827e+04
104,4.4928000000e+06,1.9183113729e+35,-3.8967392345e+35,-1.9784278617e+35,8.2276144417e+41,2.6069970328e+41,3.1315592241e+43,-1.0565762458e+05,-4.6217332262e+04,1.0588361235e+04
105,4.5360000000e+06,1.9182515092e+35,-3.8966583840e+35,-1.9784068747e+35,8.2276195093e+41,2.6069964781e+41,3.1315608695e+43,-1.0565705006e+05,-4.6217704215e+04,1.0587674644e+04
106,4.5792000000e+06,1.9181918561e+35,-3.8965776904e+35,-1.9783858343e+35,8.2276245819e+41,2.6069959181e+41,3.1315625154e+43,-1.0565647555e+05,-4.6218076168e+04,1.0586988052e+04
107,4.6224000000e+06,1.9181323998e+35,-3.8964971384e+35,-1.9783647386e+35,8.2276296598e+41,2.6069953524e+41,3.1315641617e+43,-1.0565590104e+05,-4.6218448122e+04,1.0586301460e+04
108,4.6656000000e+06,1.9180731259e+35,-3.8964167115e+35,-1.9783435857e+35,8.2276347431e+41,2.6069947811e+41,3.1315658086e+43,-1.0565532653e+05,-4.6218820075e+04,1.0585614868e+04
109,4.7088000000e+06,1.9180140187e+35,-3.8963363925e+35,-1.9783223737e+35,8.2276398318e+41,2.6069942040e+41,3.1315674559e+43,-1.0565475202e+05,-4.6219192028e+04,1.0584928276e+04
110,4.7520000000e+06,1.9179550621e+35,-3.8962561630e+35,-1.9783011008e+35,8.2276449261e+41,2.6069936208e+41,3.1315691038e+43,-1.0565417750e+05,-4.6219563981e+04,1.0584241685e+04
111,4.7952000000e+06,1.9178962388e+35,-3.8961760039e+35,-1.9782797651e+35,8.2276500263e+41,2.6069930316e+41,3.1315707522e+43,-1.0565360299e+05,-4.6219935934e+04,1.0583555093e+04
112,4.8384000000e+06,1.9178375302e+35,-3.8960958949e+35,-1.9782583647e+35,8.2276551323e+41,2.6069924361e+41,3.1315724011e+43,-1.0565302848e+05,-4.6220307887e+04,1.0582868501e+04
113,4.8816000000e+06,1.9177789171e+35,-3.8960158148e+35,-1.9782368977e+35,8.2276602443e+41,2.6069918343e+41,3.1315740506e+43,-1.0565245397e+05,-4.6220679840e+04,1.0582181909e+04
114,4.9248000000e+06,1.9177203788e+35,-3.8959357410e+35,-1.9782153622e+35,8.2276653625e+41,2.6069912260e+41,3.1315757007e+43,-1.0565187946e+05,-4.6221051793e+04,1.0581495318e+04
115,4.9680000000e+06,1.9176618937e+35,-3.8958556502e+35,-1.9781937564e+35,8.2276704870e+41,2.6069906111e+41,3.1315773514e+43,-1.0565130494e+05,-4.6221423746e+04,1.0580808726e+04
116,5.0112000000e+06,1.9176034388e+35,-3.8957755174e+35,-1.9781720786e+35,8.2276756178e+41,2.6069899895e+41,3.1315790026e+43,-1.0565073043e+05,-4.6221795699e+04,1.0580122134e+04
117,5.0544000000e+06,1.9175449899e+35,-3.8956953167e+35,-1.9781503269e+35,8.2276807551e+41,2.6069893611e+41,3.1315806544e+43,-1.0565015592e+05,-4.6222167653e+04,1.0579435542e+04
118,5.0976000000e+06,1.9174865215e+35,-3.8956150210e+35,-1.9781284995e+35,8.2276858990e+41,2.6069887257e+41,3.1315823069e+43,-1.0564958141e+05,-4.6222539606e+04,1.0578748950e+04
119,5.1408000000e+06,1.9174280068e+35,-3.8955346017e+35,-1.9781065949e+35,8.2276910495e+41,2.6069880833e+41,3.1315839599e+43,-1.0564900690e+05,-4.6222911559e+04,1.0578062359e+04
120,5.1840000000e+06,1.9173694175e+35,-3.8954540289e+35,-1.9780846114e+35,8.2276962069e+41,2.6069874338e+41,3.1315856136e+43,-1.0564843238e+05,-4.6223283512e+04,1.0577375767e+04
121,5.2272000000e+06,1.9173107242e+35,-3.8953732716e+35,-1.9780625474e+35,8.2277013710e+41,2.6069867772e+41,3.1315872679e+43,-1.0564785787e+05,-4.6223655465e+04,1.0576689175e+04
122,5.2704000000e+06,1.9172518958e+35,-3.8952922974e+35,-1.9780404016e+35,8.2277065421e+41,2.6069861132e+41,3.1315889229e+43,-1.0564728336e+05,-4.6224027418e+04,1.0576002583e+04
123,5.3136000000e+06,1.9171928999e+35,-3.8952110724e+35,-1.9780181725e+35,8.2277117201e+41,2.6069854419e+41,3.1315905784e+43,-1.0564670885e+05,-4.6224399371e+04,1.0575315992e+04
124,5.3568000000e+06,1.9171337026e+35,-3.8951295615e+35,-1.9779958589e+35,8.2277169051e+41,2.6069847633e+41,3.1315922347e+43,-1.0564613434e+05,-4.6224771325e+04,1.0574629400e+04
125,5.4000000000e+06,1.9170742687e+35,-3.8950477283e+35,-1.9779734597e+35,8.2277220972e+41,2.6069840772e+41,3.1315938915e+43,-1.0564555982e+05,-4.6225143278e+04,1.0573942808e+04
126,5.4432000000e+06,1.9170145613e+35,-3.8949655351e+35,-1.9779509738e+35,8.2277272963e+41,2.6069833837e+41,3.1315955490e+43,-1.0564498531e+05,-4.6225515231e+04,1.0573256216e+04
127,5.4864000000e+06,1.9169545423e+35,-3.8948829428e+35,-1.9779284005e+35,8.2277325024e+41,2.6069826826e+41,3.1315972072e+43,-1.0564441080e+05,-4.6225887184e+04,1.0572569625e+04
128,5.5296000000e+06,1.9168941722e+35,-3.8947999113e+35,-1.9779057391e+35,8.2277377157e+41,2.6069819741e+41,3.1315988660e+43,-1.0564383629e+05,-4.6226259137e+04,1.0571883033e+04
129,5.5728000000e+06,1.9168334101e+35,-3.8947163991e+35,-1.9778829891e+35,8.2277429359e+41,2.6069812581e+41,3.1316005254e+43,-1.0564326178e+05,-4.6226631090e+04,1.0571196441e+04
130,5.6160000000e+06,1.9167722137e+35,-3.8946323637e+35,-1.9778601500e+35,8.2277481632e+41,2.6069805347e+41,3.1316021855e+43,-1.0564268726e+05,-4.6227003043e+04,1.0570509849e+04
131,5.6592000000e+06,1.9167105395e+35,-3.8945477614e+35,-1.9778372219e+35,8.2277533973e+41,2.6069798038e+41,3.1316038462e+43,-1.0564211275e+05,-4.6227374996e+04,1.0569823257e+04
132,5.7024000000e+06,1.9166483430e+35,-3.8944625477e+35,-1.9778142047e+35,8.2277586383e+41,2.6069790655e+41,3.1316055074e+43,-1.0564153824e+05,-4.6227746949e+04,1.0569136666e+04
133,5.7456000000e+06,1.9165855780e+35,-3.8943766768e+35,-1.9777910987e+35,8.2277638861e+41,2.6069783200e+41,3.1316071693e+43,-1.0564096373e+05,-4.6228118903e+04,1.0568450074e+04
134,5.7888000000e+06,1.9165221978e+35,-3.8942901021e+35,-1.9777679043e+35,8.2277691404e+41,2.6069775672e+41,3.1316088318e+43,-1.0564038922e+05,-4.6228490856e+04,1.0567763482e+04
135,5.8320000000e+06,1.9164581540e+35,-3.8942027761e+35,-1.9777446221e+35,8.2277744013e+41,2.6069768073e+41,3.1316104949e+43,-1.0563981470e+05,-4.6228862809e+04,1.0567076890e+04
136,5.8752000000e+06,1.9163933974e+35,-3.8941146501e+35,-1.9777212527e+35,8.2277796685e+41,2.6069760404e+41,3.1316121584e+43,-1.0563924019e+05,-4.6229234762e+04,1.0566390299e+04
137,5.9184000000e+06,1.9163278773e+35,-3.8940256744e+35,-1.9776977971e+35,8.2277849418e+41,2.6069752666e+41,3.1316138226e+43,-1.0563866568e+05,-4.6229606715e+04,1.0565703707e+04
138,5.9616000000e+06,1.9162615416e+35,-3.8939357983e+35,-1.9776742567e+35,8.2277902211e+41,2.6069744862e+41,3.1316154872e+43,-1.0563809117e+05,-4.6229978669e+04,1.0565017115e+04
139,6.0048000000e+06,1.9161943370e+35,-3.8938449701e+35,-1.9776506331e+35,8.2277955060e+41,2.6069736992e+41,3.1316171523e+43,-1.0563751666e+05,-4.6230350621e+04,1.0564330523e+04
140,6.0480000000e+06,1.9161262089e+35,-3.8937531384e+35,-1.9776269295e+35,8.2278007965e+41,2.6069729060e+41,3.1316188179e+43,-1.0563694214e+05,-4.6230722575e+04,1.0563643932e+04
141,6.0912000000e+06,1.9160571029e+35,-3.8936602529e+35,-1.9776031500e+35,8.2278060921e+41,2.6069721066e+41,3.1316204839e+43,-1.0563636763e+05,-4.6231094528e+04,1.0562957340e+04
142,6.1344000000e+06,1.9159869659e+35,-3.8935662661e+35,-1.9775793002e+35,8.2278113926e+41,2.6069713015e+41,3.1316221502e+43,-1.0563579312e+05,-4.6231466481e+04,1.0562270748e+04
143,6.1776000000e+06,1.9159157474e+35,-3.8934711336e+35,-1.9775553862e+35,8.2278166978e+41,2.6069704910e+41,3.1316238169e+43,-1.0563521861e+05,-4.6231838434e+04,1.0561584156e+04
144,6.2208000000e+06,1.9158434002e+35,-3.8933748140e+35,-1.9775314138e+35,8.2278220073e+41,2.6069696752e+41,3.1316254839e+43,-1.0563464410e+05,-4.6232210387e+04,1.0560897564e+04
145,6.2640000000e+06,1.9157698798e+35,-3.8932772679e+35,-1.9775073881e+35,8.2278273208e+41,2.6069688547e+41,3.1316271512e+43,-1.0563406958e+05,-4.6232582340e+04,1.0560210973e+04
146,6.3072000000e+06,1.9156951434e+35,-3.8931784572e+35,-1.9774833138e+35,8.2278326378e+41,2.6069680296e+41,3.1316288186e+43,-1.0563349507e+05,-4.6232954293e+04,1.0559524381e+04
147,6.3504000000e+06,1.9156191489e+35,-3.8930783443e+35,-1.9774591953e+35,8.2278379579e+41,2.6069672004e+41,3.1316304862e+43,-1.0563292056e+05,-4.6233326246e+04,1.0558837789e+04
148,6.3936000000e+06,1.9155418555e+35,-3.8929768930e+35,-1.9774350375e+35,8.2278432808e+41,2.6069663674e+41,3.1316321539e+43,-1.0563234605e+05,-4.6233698200e+04,1.0558151197e+04
149,6.4368000000e+06,1.9154632231e+35,-3.8928740686e+35,-1.9774108455e+35,8.2278486060e+41,2.6069655311e+41,3.1316338217e+43,-1.0563177154e+05,-4.6234070153e+04,1.0557464606e+04
150,6.4800000000e+06,1.9153832131e+35,-3.8927698381e+35,-1.9773866250e+35,8.2278539329e+41,2.6069646918e+41,3.1316354895e+43,-1.0563119702e+05,-4.6234442106e+04,1.0556778014e+04
151,6.5232000000e+06,1.9153017891e+35,-3.8926641712e+35,-1.9773623822e+35,8.2278592611e+41,2.6069638499e+41,3.1316371572e+43,-1.0563062251e+05,-4.6234814059e+04,1.0556091422e+04
152,6.5664000000e+06,1.9152189168e+35,-3.8925570402e+35,-1.9773381235e+35,8.2278645900e+41,2.6069630060e+41,3.1316388249e+43,-1.0563004800e+05,-4.6235186012e+04,1.0555404830e+04
153,6.6096000000e+06,1.9151345647e+35,-3.8924484205e+35,-1.9773138558e+35,8.2278699191e+41,2.6069621603e+41,3.1316404923e+43,-1.0562947349e+05,-4.6235557965e+04,1.0554718239e+04
154,6.6528000000e+06,1.9150487044e+35,-3.8923382908e+35,-1.9772895864e+35,8.2278752480e+41,2.6069613135e+41,3.1316421596e+43,-1.0562889898e+05,-4.6235929919e+04,1.0554031647e+04
155,6.6960000000e+06,1.9149613106e+35,-3.8922266331e+35,-1.9772653225e+35,8.2278805759e+41,2.6069604660e+41,3.1316438265e+43,-1.0562832446e+05,-4.6236301872e+04,1.0553345055e+04
156,6.7392000000e+06,1.9148723616e+35,-3.8921134333e+35,-1.9772410717e+35,8.2278859024e+41,2.6069596183e+41,3.1316454931e+43,-1.0562774995e+05,-4.6236673825e+04,1.0552658463e+04
157,6.7824000000e+06,1.9147818391e+35,-3.8919986808e+35,-1.9772168417e+35,8.2278912268e+41,2.6069587708e+41,3.1316471593e+43,-1.0562717544e+05,-4.6237045778e+04,1.0551971871e+04
158,6.8256000000e+06,1.9146897287e+35,-3.8918823689e+35,-1.9771926402e+35,8.2278965487e+41,2.6069579242e+41,3.1316488250e+43,-1.0562660093e+05,-4.6237417731e+04,1.0551285280e+04
159,6.8688000000e+06,1.9145960196e+35,-3.8917644947e+35,-1.9771684751e+35,8.2279018674e+41,2.6069570788e+41,3.1316504902e+43,-1.0562602642e+05,-4.6237789684e+04,1.0550598688e+04
160,6.9120000000e+06,1.9145007052e+35,-3.8916450593e+35,-1.9771443541e+35,8.2279071823e+41,2.6069562352e+41,3.1316521547e+43,-1.0562545190e+05,-4.6238161637e+04,1.0549912096e+04
161,6.9552000000e+06,1.9144037826e+35,-3.8915240677e+35,-1.9771202851e+35,8.2279124928e+41,2.6069553939e+41,3.1316538186e+43,-1.0562487739e+05,-4.6238533591e+04,1.0549225504e+04
162,6.9984000000e+06,1.9143052530e+35,-3.8914015287e+35,-1.9770962757e+35,8.2279177985e+41,2.6069545554e+41,3.1316554817e+43,-1.0562430288e+05,-4.6238905544e+04,1.0548538913e+04
163,7.0416000000e+06,1.9142051213e+35,-3.8912774548e+35,-1.9770723335e+35,8.2279230986e+41,2.6069537203e+41,3.1316571440e+43,-1.0562372837e+05,-4.6239277497e+04,1.0547852321e+04
164,7.0848000000e+06,1.9141033967e+35,-3.8911518624e+35,-1.9770484658e+35,8.2279283926e+41,2.6069528889e+41,3.1316588055e+43,-1.0562315386e+05,-4.6239649450e+04,1.0547165729e+04
165,7.1280000000e+06,1.9140000917e+35,-3.8910247716e+35,-1.9770246799e+35,8.2279336800e+41,2.6069520619e+41,3.1316604660e+43,-1.0562257934e+05,-4.6240021403e+04,1.0546479137e+04
166,7.1712000000e+06,1.9138952230e+35,-3.8908962056e+35,-1.9770009827e+35,8.2279389602e+41,2.6069512396e+41,3.1316621255e+43,-1.0562200483e+05,-4.6240393356e+04,1.0545792545e+04
167,7.2144000000e+06,1.9137888105e+35,-3.8907661914e+35,-1.9769773809e+35,8.2279442327e+41,2.6069504226e+41,3.1316637840e+43,-1.0562143032e+05,-4.6240765309e+04,1.0545105954e+04
168,7.2576000000e+06,1.9136808778e+35,-3.8906347587e+35,-1.9769538809e+35,8.2279494970e+41,2.6069496112e+41,3.1316654413e+43,-1.0562085581e+05,-4.6241137262e+04,1.0544419362e+04
169,7.3008000000e+06,1.9135714516e+35,-3.8905019405e+35,-1.9769304889e+35,8.2279547525e+41,2.6069488060e+41,3.1316670975e+43,-1.0562028130e+05,-4.6241509216e+04,1.0543732770e+04
170,7.3440000000e+06,1.9134605619e+35,-3.8903677724e+35,-1.9769072105e+35,8.2279599988e+41,2.6069480073e+41,3.1316687525e+43,-1.0561970678e+05,-4.6241881169e+04,1.0543046178e+04
171,7.3872000000e+06,1.9133482414e+35,-3.8902322925e+35,-1.9768840511e+35,8.2279652355e+41,2.6069472155e+41,3.1316704062e+43,-1.0561913227e+05,-4.6242253122e+04,1.0542359587e+04
172,7.4304000000e+06,1.9132345255e+35,-3.8900955413e+35,-1.9768610157e+35,8.2279704620e+41,2.6069464311e+41,3.1316720585e+43,-1.0561855776e+05,-4.6242625075e+04,1.0541672995e+04
173,7.4736000000e+06,1.9131194521e+35,-3.8899575611e+35,-1.9768381090e+35,8.2279756780e+41,2.6069456543e+41,3.1316737095e+43,-1.0561798325e+05,-4.6242997028e+04,1.0540986403e+04
174,7.5168000000e+06,1.9130030612e+35,-3.8898183963e+35,-1.9768153350e+35,8.2279808831e+41,2.6069448856e+41,3.1316753591e+43,-1.0561740874e+05,-4.6243368981e+04,1.0540299811e+04
175,7.5600000000e+06,1.9128853949e+35,-3.8896780926e+35,-1.9767926977e+35,8.2279860769e+41,2.6069441253e+41,3.1316770072e+43,-1.0561683422e+05,-4.6243740935e+04,1.0539613220e+04
176,7.6032000000e+06,1.9127664968e+35,-3.8895366971e+35,-1.9767702003e+35,8.2279912590e+41,2.6069433736e+41,3.1316786538e+43,-1.0561625971e+05,-4.6244112888e+04,1.0538926628e+04
177,7.6464000000e+06,1.9126464122e+35,-3.8893942581e+35,-1.9767478459e+35,8.2279964292e+41,2.6069426308e+41,3.1316802989e+43,-1.0561568520e+05,-4.6244484841e+04,1.0538240036e+04
178,7.6896000000e+06,1.9125251874e+35,-3.8892508244e+35,-1.9767256370e+35,8.2280015872e+41,2.6069418972e+41,3.1316819423e+43,-1.0561511069e+05,-4.6244856794e+04,1.0537553444e+04
179,7.7328000000e+06,1.9124028698e+35,-3.8891064456e+35,-1.9767035758e+35,8.2280067326e+41,2.6069411730e+41,3.1316835842e+43,-1.0561453618e+05,-4.6245228747e+04,1.0536866852e+04
180,7.7760000000e+06,1.9122795074e+35,-3.8889611715e+35,-1.9766816641e+35,8.2280118652e+41,2.6069404584e+41,3.1316852245e+43,-1.0561396166e+05,-4.6245600700e+04,1.0536180261e+04
181,7.8192000000e+06,1.9121551489e+35,-3.8888150522e+35,-1.9766599033e+35,8.2280169848e+41,2.6069397537e+41,3.1316868631e+43,-1.0561338715e+05,-4.6245972653e+04,1.0535493669e+04
182,7.8624000000e+06,1.9120298431e+35,-3.8886681375e+35,-1.9766382944e+35,8.2280220913e+41,2.6069390589e+41,3.1316885000e+43,-1.0561281264e+05,-4.6246344606e+04,1.0534807077e+04
183,7.9056000000e+06,1.9119036391e+35,-3.8885204773e+35,-1.9766168382e+35,8.2280271844e+41,2.6069383743e+41,3.1316901353e+43,-1.0561223813e+05,-4.6246716560e+04,1.0534120485e+04
184,7.9488000000e+06,1.9117765856e+35,-3.8883721206e+35,-1.9765955349e+35,8.2280322640e+41,2.6069376999e+41,3.1316917688e+43,-1.0561166361e+05,-4.6247088513e+04,1.0533433894e+04
185,7.9920000000e+06,1.9116487313e+35,-3.8882231160e+35,-1.9765743848e+35,8.2280373300e+41,2.6069370358e+41,3.1316934005e+43,-1.0561108910e+05,-4.6247460466e+04,1.0532747302e+04
186,8.0352000000e+06,1.9115201242e+35,-3.8880735115e+35,-1.9765533874e+35,8.2280423823e+41,2.6069363822e+41,3.1316950306e+43,-1.0561051459e+05,-4.6247832419e+04,1.0532060710e+04
187,8.0784000000e+06,1.9113908117e+35,-3.8879233540e+35,-1.9765325423e+35,8.2280474208e+41,2.6069357390e+41,3.1316966588e+43,-1.0560994008e+05,-4.6248204372e+04,1.0531374118e+04
188,8.1216000000e+06,1.9112608406e+35,-3.8877726894e+35,-1.9765118487e+35,8.2280524454e+41,2.6069351064e+41,3.1316982853e+43,-1.0560936557e+05,-4.6248576325e+04,1.0530687526e+04
189,8.1648000000e+06,1.9111302567e+35,-3.8876215624e+35,-1.9764913057e+35,8.2280574561e+41,2.6069344844e+41,3.1316999101e+43,-1.0560879105e+05,-4.6248948278e+04,1.0530000935e+04
190,8.2080000000e+06,1.9109991049e+35,-3.8874700168e+35,-1.9764709119e+35,8.2280624529e+41,2.6069338730e+41,3.1317015330e+43,-1.0560821654e+05,-4.6249320231e+04,1.0529314343e+04
191,8.2512000000e+06,1.9108674287e+35,-3.8873180947e+35,-1.9764506660e+35,8.2280674358e+41,2.6069332721e+41,3.1317031542e+43,-1.0560764203e+05,-4.6249692184e+04,1.0528627751e+04
192,8.2944000000e+06,1.9107352708e+35,-3.8871658371e+35,-1.9764305664e+35,8.2280724048e+41,2.6069326817e+41,3.1317047736e+43,-1.0560706752e+05,-4.6250064138e+04,1.0527941159e+04
193,8.3376000000e+06,1.9106026724e+35,-3.8870132836e+35,-1.9764106112e+35,8.2280773599e+41,2.6069321019e+41,3.1317063912e+43,-1.0560649301e+05,-4.6250436091e+04,1.0527254568e+04
194,8.3808000000e+06,1.9104696735e+35,-3.8868604721e+35,-1.9763907987e+35,8.2280823012e+41,2.6069315326e+41,3.1317080071e+43,-1.0560591849e+05,-4.6250808044e+04,1.0526567976e+04
195,8.4240000000e+06,1.9103363126e+35,-3.8867074394e+35,-1.9763711267e+35,8.2280872287e+41,2.6069309737e+41,3.1317096212e+43,-1.0560534398e+05,-4.6251179997e+04,1.0525881384e+04
196,8.4672000000e+06,1.9102026271e+35,-3.8865542203e+35,-1.9763515932e+35,8.2280921425e+41,2.6069304252e+41,3.1317112335e+43,-1.0560476947e+05,-4.6251551950e+04,1.0525194792e+04
197,8.5104000000e+06,1.9100686526e+35,-3.8864008486e+35,-1.9763321960e+35,8.2280970426e+41,2.6069298869e+41,3.1317128441e+43,-1.0560419496e+05,-4.6251923903e+04,1.0524508201e+04
198,8.5536000000e+06,1.9099344235e+35,-3.8862473562e+35,-1.9763129326e+35,8.2281019293e+41,2.6069293588e+41,3.1317144529e+43,-1.0560362045e+05,-4.6252295856e+04,1.0523821609e+04
199,8.5968000000e+06,1.9097999727e+35,-3.8860937736e+35,-1.9762938009e+35,8.2281068025e+41,2.6069288408e+41,3.1317160600e+43,-1.0560304593e+05,-4.6252667809e+04,1.0523135017e+04
200,8.6400000000e+06,1.9096653317e+35,-3.8859401300e+35,-1.9762747983e+35,8.2281116624e+41,2.6069283328e+41,3.1317176654e+43,-1.0560247142e+05,-4.6253039762e+04,1.0522448425e+04
201,8.6832000000e+06,1.9095305304e+35,-3.8857864528e+35,-1.9762559224e+35,8.2281165092e+41,2.6069278346e+41,3.1317192691e+43,-1.0560189691e+05,-4.6253411716e+04,1.0521761833e+04
202,8.7264000000e+06,1.9093955975e+35,-3.8856327683e+35,-1.9762371708e+35,8.2281213429e+41,2.6069273462e+41,3.1317208710e+43,-1.0560132240e+05,-4.6253783669e+04,1.0521075242e+04
203,8.7696000000e+06,1.9092605600e+35,-3.8854791010e+35,-1.9762185409e+35,8.2281261636e+41,2.6069268674e+41,3.1317224713e+43,-1.0560074789e+05,-4.6254155622e+04,1.0520388650e+04
204,8.8128000000e+06,1.9091254439e+35,-3.8853254742e+35,-1.9762000303e+35,8.2281309716e+41,2.6069263982e+41,3.1317240699e+43,-1.0560017337e+05,-4.6254527575e+04,1.0519702058e+04
205,8.8560000000e+06,1.9089902736e+35,-3.8851719100e+35,-1.9761816364e+35,8.2281357669e+41,2.6069259382e+41,3.1317256668e+43,-1.0559959886e+05,-4.6254899528e+04,1.0519015466e+04
206,8.8992000000e+06,1.9088550722e+35,-3.8850184290e+35,-1.9761633568e+35,8.2281405498e+41,2.6069254876e+41,3.1317272621e+43,-1.0559902435e+05,-4.6255271481e+04,1.0518328875e+04
207,8.9424000000e+06,1.9087198616e+35,-3.8848650506e+35,-1.9761451890e+35,8.2281453203e+41,2.6069250460e+41,3.1317288557e+43,-1.0559844984e+05,-4.6255643434e+04,1.0517642283e+04
208,8.9856000000e+06,1.9085846623e+35,-3.8847117929e+35,-1.9761271306e+35,8.2281500786e+41,2.6069246133e+41,3.1317304478e+43,-1.0559787533e+05,-4.6256015387e+04,1.0516955691e+04
209,9.0288000000e+06,1.9084494938e+35,-3.8845586729e+35,-1.9761091791e+35,8.2281548249e+41,2.6069241895e+41,3.1317320382e+43,-1.0559730081e+05,-4.6256387340e+04,1.0516269099e+04
210,9.0720000000e+06,1.9083143744e+35,-3.8844057065e+35,-1.9760913321e+35,8.2281595594e+41,2.6069237743e+41,3.1317336271e+43,-1.0559672630e+05,-4.6256759294e+04,1.0515582508e+04
211,9.1152000000e+06,1.9081793212e+35,-3.8842529085e+35,-1.9760735873e+35,8.2281642821e+41,2.6069233676e+41,3.1317352144e+43,-1.0559615179e+05,-4.6257131247e+04,1.0514895916e+04
212,9.1584000000e+06,1.9080443502e+35,-3.8841002926e+35,-1.9760559424e+35,8.2281689934e+41,2.6069229693e+41,3.1317368001e+43,-1.0559557728e+05,-4.6257503200e+04,1.0514209324e+04
213,9.2016000000e+06,1.9079094765e+35,-3.8839478715e+35,-1.9760383951e+35,8.2281736932e+41,2.6069225792e+41,3.1317383844e+43,-1.0559500277e+05,-4.6257875153e+04,1.0513522732e+04
214,9.2448000000e+06,1.9077747141e+35,-3.8837956572e+35,-1.9760209431e+35,8.2281783819e+41,2.6069221972e+41,3.1317399671e+43,-1.0559442825e+05,-4.6258247106e+04,1.0512836140e+04
215,9.2880000000e+06,1.9076400763e+35,-3.8836436605e+35,-1.9760035843e+35,8.2281830595e+41,2.6069218230e+41,3.1317415483e+43,-1.0559385374e+05,-4.6258619059e+04,1.0512149549e+04
216,9.3312000000e+06,1.9075055751e+35,-3.8834918916e+35,-1.9759863165e+35,8.2281877262e+41,2.6069214567e+41,3.1317431280e+43,-1.0559327923e+05,-4.6258991012e+04,1.0511462957e+04
217,9.3744000000e+06,1.9073712220e+35,-3.8833403597e+35,-1.9759691377e+35,8.2281923823e+41,2.6069210979e+41,3.1317447062e+43,-1.0559270472e+05,-4.6259362966e+04,1.0510776365e+04
218,9.4176000000e+06,1.9072370275e+35,-3.8831890733e+35,-1.9759520458e+35,8.2281970277e+41,2.6069207466e+41,3.1317462830e+43,-1.0559213021e+05,-4.6259734919e+04,1.0510089773e+04
219,9.4608000000e+06,1.9071030015e+35,-3.8830380404e+35,-1.9759350389e+35,8.2282016628e+41,2.6069204027e+41,3.1317478584e+43,-1.0559155569e+05,-4.6260106872e+04,1.0509403182e+04
220,9.5040000000e+06,1.9069691530e+35,-3.8828872680e+35,-1.9759181149e+35,8.2282062877e+41,2.6069200659e+41,3.1317494323e+43,-1.0559098118e+05,-4.6260478825e+04,1.0508716590e+04
221,9.5472000000e+06,1.9068354905e+35,-3.8827367626e+35,-1.9759012722e+35,8.2282109025e+41,2.6069197361e+41,3.1317510049e+43,-1.0559040667e+05,-4.6260850778e+04,1.0508029998e+04
222,9.5904000000e+06,1.9067020216e+35,-3.8825865302e+35,-1.9758845087e+35,8.2282155074e+41,2.6069194133e+41,3.1317525760e+43,-1.0558983216e+05,-4.6261222731e+04,1.0507343406e+04
223,9.6336000000e+06,1.9065687535e+35,-3.8824365762e+35,-1.9758678227e+35,8.2282201026e+41,2.6069190972e+41,3.1317541458e+43,-1.0558925765e+05,-4.6261594684e+04,1.0506656814e+04
224,9.6768000000e+06,1.9064356928e+35,-3.8822869054e+35,-1.9758512126e+35,8.2282246882e+41,2.6069187877e+41,3.1317557143e+43,-1.0558868313e+05,-4.6261966638e+04,1.0505970223e+04
225,9.7200000000e+06,1.9063028456e+35,-3.8821375221e+35,-1.9758346766e+35,8.2282292643e+41,2.6069184847e+41,3.1317572814e+43,-1.0558810862e+05,-4.6262338591e+04,1.0505283631e+04
226,9.7632000000e+06,1.9061702173e+35,-3.8819884304e+35,-1.9758182131e+35,8.2282338311e+41,2.6069181880e+41,3.1317588471e+43,-1.0558753411e+05,-4.6262710544e+04,1.0504597039e+04
227,9.8064000000e+06,1.9060378130e+35,-3.8818396335e+35,-1.9758018205e+35,8.2282383888e+41,2.6069178976e+41,3.1317604116e+43,-1.0558695960e+05,-4.6263082497e+04,1.0503910447e+04
228,9.8496000000e+06,1.9059056374e+35,-3.8816911347e+35,-1.9757854973e+35,8.2282429375e+41,2.6069176132e+41,3.1317619748e+43,-1.0558638509e+05,-4.6263454450e+04,1.0503223856e+04
229,9.8928000000e+06,1.9057736946e+35,-3.8815429367e+35,-1.9757692421e+35,8.2282474773e+41,2.6069173348e+41,3.1317635367e+43,-1.0558581057e+05,-4.6263826403e+04,1.0502537264e+04
230,9.9360000000e+06,1.9056419885e+35,-3.8813950419e+35,-1.9757530534e+35,8.2282520085e+41,2.6069170623e+41,3.1317650973e+43,-1.0558523606e+05,-4.6264198356e+04,1.0501850672e+04
231,9.9792000000e+06,1.9055105224e+35,-3.8812474522e+35,-1.9757369298e+35,8.2282565310e+41,2.6069167954e+41,3.1317666567e+43,-1.0558466155e+05,-4.6264570309e+04,1.0501164080e+04
232,1.0022400000e+07,1.9053792997e+35,-3.8811001696e+35,-1.9757208699e+35,8.2282610451e+41,2.6069165341e+41,3.1317682148e+43,-1.0558408704e+05,-4.6264942263e+04,1.0500477489e+04
233,1.0065600000e+07,1.9052483230e+35,-3.8809531956e+35,-1.9757048726e+35,8.2282655509e+41,2.6069162783e+41,3.1317697717e+43,-1.0558351253e+05,-4.6265314216e+04,1.0499790897e+04
234,1.0108800000e+07,1.9051175949e+35,-3.8808065313e+35,-1.9756889364e+35,8.2282700486e+41,2.6069160278e+41,3.1317713274e+43,-1.0558293801e+05,-4.6265686169e+04,1.0499104305e+04
235,1.0152000000e+07,1.9049871177e+35,-3.8806601779e+35,-1.9756730602e+35,8.2282745382e+41,2.6069157826e+41,3.1317728819e+43,-1.0558236350e+05,-4.6266058122e+04,1.0498417713e+04
236,1.0195200000e+07,1.9048568935e+35,-3.8805141363e+35,-1.9756572428e+35,8.2282790199e+41,2.6069155425e+41,3.1317744353e+43,-1.0558178899e+05,-4.6266430076e+04,1.0497731121e+04
237,1.0238400000e+07,1.9047269239e+35,-3.8803684070e+35,-1.9756414831e+35,8.2282834937e+41,2.6069153074e+41,3.1317759874e+43,-1.0558121448e+05,-4.6266802029e+04,1.0497044530e+04
238,1.0281600000e+07,1.9045972106e+35,-3.8802229905e+35,-1.9756257799e+35,8.2282879600e+41,2.6069150772e+41,3.1317775384e+43,-1.0558063997e+05,-4.6267173982e+04,1.0496357938e+04
239,1.0324800000e+07,1.9044677551e+35,-3.8800778873e+35,-1.9756101322e+35,8.2282924186e+41,2.6069148519e+41,3.1317790883e+43,-1.0558006545e+05,-4.6267545935e+04,1.0495671346e+04
240,1.0368000000e+07,1.9043385584e+35,-3.8799330974e+35,-1.9755945390e+35,8.2282968699e+41,2.6069146312e+41,3.1317806370e+43,-1.0557949094e+05,-4.6267917888e+04,1.0494984754e+04
241,1.0411200000e+07,1.9042096218e+35,-3.8797886210e+35,-1.9755789992e+35,8.2283013138e+41,2.6069144151e+41,3.1317821846e+43,-1.0557891643e+05,-4.6268289841e+04,1.0494298163e+04
242,1.0454400000e+07,1.9040809461e+35,-3.8796444580e+35,-1.9755635119e+35,8.2283057505e+41,2.6069142035e+41,3.1317837311e+43,-1.0557834192e+05,-4.6268661794e+04,1.0493611571e+04
243,1.0497600000e+07,1.9039525321e+35,-3.8795006083e+35,-1.9755480761e+35,8.2283101802e+41,2.6069139964e+41,3.1317852764e+43,-1.0557776741e+05,-4.6269033747e+04,1.0492924979e+04
244,1.0540800000e+07,1.9038243806e+35,-3.8793570715e+35,-1.9755326910e+35,8.2283146028e+41,2.6069137935e+41,3.1317868207e+43,-1.0557719289e+05,-4.6269405700e+04,1.0492238387e+04
245,1.0584000000e+07,1.9036964919e+35,-3.8792138475e+35,-1.9755173556e+35,8.2283190186e+41,2.6069135949e+41,3.1317883639e+43,-1.0557661838e+05,-4.6269777654e+04,1.0491551796e+04
246,1.0627200000e+07,1.9035688667e+35,-3.8790709359e+35,-1.9755020691e+35,8.2283234276e+41,2.6069134004e+41,3.1317899061e+43,-1.0557604387e+05,-4.6270149607e+04,1.0490865204e+04
247,1.0670400000e+07,1.9034415054e+35,-3.8789283361e+35,-1.9754868307e+35,8.2283278299e+41,2.6069132099e+41,3.1317914472e+43,-1.0557546936e+05,-4.6270521560e+04,1.0490178612e+04
248,1.0713600000e+07,1.9033144081e+35,-3.8787860477e+35,-1.9754716396e+35,8.2283322257e+41,2.6069130234e+41,3.1317929872e+43,-1.0557489485e+05,-4.6270893513e+04,1.0489492020e+04
249,1.0756800000e+07,1.9031875752e+35,-3.8786440701e+35,-1.9754564949e+35,8.2283366150e+41,2.6069128407e+41,3.1317945262e+43,-1.0557432033e+05,-4.6271265466e+04,1.0488805428e+04
250,1.0800000000e+07,1.9030610068e+35,-3.8785024028e+35,-1.9754413960e+35,8.2283409979e+41,2.6069126618e+41,3.1317960642e+43,-1.0557374582e+05,-4.6271637419e+04,1.0488118837e+04
251,1.0843200000e+07,1.9029347031e+35,-3.8783610452e+35,-1.9754263421e+35,8.2283453745e+41,2.6069124867e+41,3.1317976011e+43,-1.0557317131e+05,-4.6272009372e+04,1.0487432245e+04
252,1.0886400000e+07,1.9028086641e+35,-3.8782199967e+35,-1.9754113326e+35,8.2283497450e+41,2.6069123151e+41,3.1317991371e+43,-1.0557259680e+05,-4.6272381326e+04,1.0486745653e+04
253,1.0929600000e+07,1.9026828899e+35,-3.8780792565e+35,-1.9753963666e+35,8.2283541093e+41,2.6069121472e+41,3.1318006720e+43,-1.0557202229e+05,-4.6272753279e+04,1.0486059061e+04
254,1.0972800000e+07,1.9025573805e+35,-3.8779388241e+35,-1.9753814436e+35,8.2283584677e+41,2.6069119826e+41,3.1318022060e+43,-1.0557144777e+05,-4.6273125232e+04,1.0485372470e+04
255,1.1016000000e+07,1.9024321358e+35,-3.8777986988e+35,-1.9753665630e+35,8.2283628201e+41,2.6069118215e+41,3.1318037389e+43,-1.0557087326e+05,-4.6273497185e+04,1.0484685878e+04
256,1.1059200000e+07,1.9023071559e+35,-3.8776588799e+35,-1.9753517240e+35,8.2283671666e+41,2.6069116638e+41,3.1318052709e+43,-1.0557029875e+05,-4.6273869138e+04,1.0483999286e+04
257,1.1102400000e+07,1.9021824406e+35,-3.8775193667e+35,-1.9753369261e+35,8.2283715075e+41,2.6069115092e+41,3.1318068019e+43,-1.0556972424e+05,-4.6274241091e+04,1.0483312694e+04
258,1.1145600000e+07,1.9020579899e+35,-3.8773801586e+35,-1.9753221687e+35,8.2283758426e+41,2.6069113579e+41,3.1318083320e+43,-1.0556914973e+05,-4.6274613044e+04,1.0482626103e+04
259,1.1188800000e+07,1.9019338038e+35,-3.8772412550e+35,-1.9753074512e+35,8.2283801722e+41,2.6069112097e+41,3.1318098611e+43,-1.0556857521e+05,-4.6274984998e+04,1.0481939511e+04
260,1.1232000000e+07,1.9018098821e+35,-3.8771026551e+35,-1.9752927731e+35,8.2283844963e+41,2.6069110645e+41,3.1318113893e+43,-1.0556800070e+05,-4.6275356950e+04,1.0481252919e+04
261,1.1275200000e+07,1.9016862247e+35,-3.8769643584e+35,-1.9752781337e+35,8.2283888149e+41,2.6069109223e+41,3.1318129166e+43,-1.0556742619e+05,-4.6275728903e+04,1.0480566327e+04
262,1.1318400000e+07,1.9015628316e+35,-3.8768263643e+35,-1.9752635327e+35,8.2283931282e+41,2.6069107831e+41,3.1318144429e+43,-1.0556685168e+05,-4.6276100857e+04,1.0479879735e+04
263,1.1361600000e+07,1.9014397028e+35,-3.8766886722e+35,-1.9752489694e+35,8.2283974362e+41,2.6069106467e+41,3.1318159683e+43,-1.0556627716e+05,-4.6276472810e+04,1.0479193144e+04
264,1.1404800000e+07,1.9013168380e+35,-3.8765512815e+35,-1.9752344434e+35,8.2284017389e+41,2.6069105131e+41,3.1318174928e+43,-1.0556570265e+05,-4.6276844763e+04,1.0478506552e+04
265,1.1448000000e+07,1.9011942374e+35,-3.8764141916e+35,-1.9752199542e+35,8.2284060366e+41,2.6069103823e+41,3.1318190164e+43,-1.0556512814e+05,-4.6277216716e+04,1.0477819960e+04
266,1.1491200000e+07,1.9010719008e+35,-3.8762774021e+35,-1.9752055013e+35,8.2284103292e+41,2.6069102541e+41,3.1318205391e+43,-1.0556455363e+05,-4.6277588669e+04,1.0477133368e+04
267,1.1534400000e+07,1.9009498282e+35,-3.8761409125e+35,-1.9751910843e+35,8.2284146168e+41,2.6069101286e+41,3.1318220610e+43,-1.0556397912e+05,-4.6277960622e+04,1.0476446777e+04
268,1.1577600000e+07,1.9008280196e+35,-3.8760047222e+35,-1.9751767026e+35,8.2284188994e+41,2.6069100057e+41,3.1318235819e+43,-1.0556340460e+05,-4.6278332575e+04,1.0475760185e+04
269,1.1620800000e+07,1.9007064750e+35,-3.8758688309e+35,-1.9751623559e+35,8.2284231772e+41,2.6069098852e+41,3.1318251020e+43,-1.0556283009e+05,-4.6278704529e+04,1.0475073593e+04
270,1.1664000000e+07,1.9005851945e+35,-3.8757332382e+35,-1.9751480437e+35,8.2284274502e+41,2.6069097673e+41,3.1318266212e+43,-1.0556225558e+05,-4.6279076482e+04,1.0474387001e+04
271,1.1707200000e+07,1.9004641781e+35,-3.8755979437e+35,-1.9751337656e+35,8.2284317185e+41,2.6069096517e+41,3.1318281395e+43,-1.0556168107e+05,-4.6279448435e+04,1.0473700409e+04
272,1.1750400000e+07,1.9003434258e+35,-3.8754629470e+35,-1.9751195212e+35,8.2284359821e+41,2.6069095386e+41,3.1318296570e+43,-1.0556110656e+05,-4.6279820388e+04,1.0473013818e+04
273,1.1793600000e+07,1.9002229378e+35,-3.8753282479e+35,-1.9751053101e+35,8.2284402412e+41,2.6069094277e+41,3.1318311736e+43,-1.0556053204e+05,-4.6280192341e+04,1.0472327226e+04
274,1.1836800000e+07,1.9001027142e+35,-3.8751938460e+35,-1.9750911319e+35,8.2284444956e+41,2.6069093191e+41,3.1318326894e+43,-1.0555995753e+05,-4.6280564295e+04,1.0471640634e+04
275,1.1880000000e+07,1.8999827550e+35,-3.8750597412e+35,-1.9750769862e+35,8.2284487456e+41,2.6069092127e+41,3.1318342044e+43,-1.0555938302e+05,-4.6280936248e+04,1.0470954042e+04
276,1.1923200000e+07,1.8998630606e+35,-3.8749259332e+35,-1.9750628726e+35,8.2284529912e+41,2.6069091084e+41,3.1318357185e+43,-1.0555880851e+05,-4.6281308201e+04,1.0470267451e+04
277,1.1966400000e+07,1.8997436311e+35,-3.8747924219e+35,-1.9750487908e+35,8.2284572325e+41,2.6069090063e+41,3.1318372318e+43,-1.0555823400e+05,-4.6281680154e+04,1.0469580859e+04
278,1.2009600000e+07,1.8996244667e+35,-3.8746592071e+35,-1.9750347405e+35,8.2284614694e+41,2.6069089063e+41,3.1318387443e+43,-1.0555765948e+05,-4.6282052107e+04,1.0468894267e+04
279,1.2052800000e+07,1.8995055676e+35,-3.8745262888e+35,-1.9750207211e+35,8.2284657021e+41,2.6069088083e+41,3.1318402560e+43,-1.0555708497e+05,-4.6282424060e+04,1.0468207675e+04
280,1.2096000000e+07,1.8993869342e+35,-3.8743936667e+35,-1.9750067325e+35,8.2284699306e+41,2.6069087123e+41,3.1318417669e+43,-1.0555651046e+05,-4.6282796013e+04,1.0467521084e+04
281,1.2139200000e+07,1.8992685668e+35,-3.8742613410e+35,-1.9749927743e+35,8.2284741550e+41,2.6069086182e+41,3.1318432770e+43,-1.0555593595e+05,-4.6283167966e+04,1.0466834492e+04
282,1.2182400000e+07,1.8991504656e+35,-3.8741293117e+35,-1.9749788461e+35,8.2284783753e+41,2.6069085260e+41,3.1318447863e+43,-1.0555536144e+05,-4.6283539920e+04,1.0466147900e+04
283,1.2225600000e+07,1.8990326311e+35,-3.8739975786e+35,-1.9749649476e+35,8.2284825916e+41,2.6069084357e+41,3.1318462948e+43,-1.0555478692e+05,-4.6283911873e+04,1.0465461308e+04
284,1.2268800000e+07,1.8989150636e+35,-3.8738661420e+35,-1.9749510785e+35,8.2284868039e+41,2.6069083471e+41,3.1318478026e+43,-1.0555421241e+05,-4.6284283826e+04,1.0464774716e+04
285,1.2312000000e+07,1.8987977636e+35,-3.8737350020e+35,-1.9749372384e+35,8.2284910123e+41,2.6069082604e+41,3.1318493095e+43,-1.0555363790e+05,-4.6284655779e+04,1.0464088125e+04
286,1.2355200000e+07,1.8986807315e+35,-3.8736041586e+35,-1.9749234271e+35,8.2284952169e+41,2.6069081754e+41,3.1318508157e+43,-1.0555306339e+05,-4.6285027732e+04,1.0463401533e+04
287,1.2398400000e+07,1.8985639678e+35,-3.8734736121e+35,-1.9749096443e+35,8.2284994176e+41,2.6069080921e+41,3.1318523211e+43,-1.0555248888e+05,-4.6285399685e+04,1.0462714941e+04
288,1.2441600000e+07,1.8984474730e+35,-3.8733433626e+35,-1.9748958896e+35,8.2285036146e+41,2.6069080105e+41,3.1318538258e+43,-1.0555191436e+05,-4.6285771638e+04,1.0462028349e+04
289,1.2484800000e+07,1.8983312476e+35,-3.8732134104e+35,-1.9748821628e+35,8.2285078079e+41,2.6069079304e+41,3.1318553297e+43,-1.0555133985e+05,-4.6286143592e+04,1.0461341758e+04
290,1.2528000000e+07,1.8982152922e+35,-3.8730837558e+35,-1.9748684636e+35,8.2285119975e+41,2.6069078520e+41,3.1318568329e+43,-1.0555076534e+05,-4.6286515545e+04,1.0460655166e+04
291,1.2571200000e+07,1.8980996074e+35,-3.8729543991e+35,-1.9748547916e+35,8.2285161835e+41,2.6069077751e+41,3.1318583353e+43,-1.0555019083e+05,-4.6286887498e+04,1.0459968574e+04
292,1.2614400000e+07,1.8979841938e+35,-3.8728253405e+35,-1.9748411467e+35,8.2285203660e+41,2.6069076997e+41,3.1318598370e+43,-1.0554961632e+05,-4.6287259451e+04,1.0459281982e+04
293,1.2657600000e+07,1.8978690521e+35,-3.8726965805e+35,-1.9748275284e+35,8.2285245450e+41,2.6069076258e+41,3.1318613380e+43,-1.0554904180e+05,-4.6287631404e+04,1.0458595391e+04
294,1.2700800000e+07,1.8977541829e+35,-3.8725681195e+35,-1.9748139366e+35,8.2285287205e+41,2.6069075533e+41,3.1318628382e+43,-1.0554846729e+05,-4.6288003357e+04,1.0457908799e+04
295,1.2744000000e+07,1.8976395869e+35,-3.8724399578e+35,-1.9748003709e+35,8.2285328926e+41,2.6069074822e+41,3.1318643377e+43,-1.0554789278e+05,-4.6288375310e+04,1.0457222207e+04
296,1.2787200000e+07,1.8975252648e+35,-3.8723120960e+35,-1.9747868312e+35,8.2285370613e+41,2.6069074125e+41,3.1318658365e+43,-1.0554731827e+05,-4.6288747264e+04,1.0456535615e+04
297,1.2830400000e+07,1.8974112175e+35,-3.8721845345e+35,-1.9747733170e+35,8.2285412267e+41,2.6069073441e+41,3.1318673346e+43,-1.0554674376e+05,-4.6289119217e+04,1.0455849023e+04
298,1.2873600000e+07,1.8972974456e+35,-3.8720572739e+35,-1.9747598283e+35,8.2285453888e+41,2.6069072771e+41,3.1318688320e+43,-1.0554616924e+05,-4.6289491170e+04,1.0455162432e+04
299,1.2916800000e+07,1.8971839501e+35,-3.8719303147e+35,-1.9747463646e+35,8.2285495477e+41,2.6069072113e+41,3.1318703287e+43,-1.0554559473e+05,-4.6289863123e+04,1.0454475840e+04
300,1.2960000000e+07,1.8970707316e+35,-3.8718036574e+35,-1.9747329258e+35,8.2285537034e+41,2.6069071467e+41,3.1318718247e+43,-1.0554502022e+05,-4.6290235076e+04,1.0453789248e+04
301,1.3003200000e+07,1.8969577911e+35,-3.8716773027e+35,-1.9747195116e+35,8.2285578560e+41,2.6069070833e+41,3.1318733200e+43,-1.0554444571e+05,-4.6290607029e+04,1.0453102656e+04
302,1.3046400000e+07,1.8968451295e+35,-3.8715512512e+35,-1.9747061218e+35,8.2285620055e+41,2.6069070211e+41,3.1318748146e+43,-1.0554387120e+05,-4.6290978982e+04,1.0452416065e+04
303,1.3089600000e+07,1.8967327476e+35,-3.8714255036e+35,-1.9746927560e+35,8.2285661520e+41,2.6069069601e+41,3.1318763085e+43,-1.0554329668e+05,-4.6291350935e+04,1.0451729473e+04
304,1.3132800000e+07,1.8966206464e+35,-3.8713000604e+35,-1.9746794141e+35,8.2285702954e+41,2.6069069002e+41,3.1318778018e+43,-1.0554272217e+05,-4.6291722888e+04,1.0451042881e+04
305,1.3176000000e+07,1.8965088268e+35,-3.8711749225e+35,-1.9746660957e+35,8.2285744359e+41,2.6069068413e+41,3.1318792944e+43,-1.0554214766e+05,-4.6292094842e+04,1.0450356289e+04
306,1.3219200000e+07,1.8963972899e+35,-3.8710500906e+35,-1.9746528007e+35,8.2285785735e+41,2.6069067835e+41,3.1318807863e+43,-1.0554157315e+05,-4.6292466795e+04,1.0449669697e+04
307,1.3262400000e+07,1.8962860365e+35,-3.8709255654e+35,-1.9746395289e+35,8.2285827082e+41,2.6069067267e+41,3.1318822776e+43,-1.0554099864e+05,-4.6292838748e+04,1.0448983106e+04
308,1.3305600000e+07,1.8961750678e+35,-3.8708013477e+35,-1.9746262799e+35,8.2285868400e+41,2.6069066709e+41,3.1318837682e+43,-1.0554042412e+05,-4.6293210701e+04,1.0448296514e+04
309,1.3348800000e+07,1.8960643847e+35,-3.8706774382e+35,-1.9746130535e+35,8.2285909691e+41,2.6069066160e+41,3.1318852581e+43,-1.0553984961e+05,-4.6293582654e+04,1.0447609922e+04
310,1.3392000000e+07,1.8959539884e+35,-3.8705538379e+35,-1.9745998496e+35,8.2285950955e+41,2.6069065621e+41,3.1318867474e+43,-1.0553927510e+05,-4.6293954607e+04,1.0446923330e+04
311,1.3435200000e+07,1.8958438799e+35,-3.8704305476e+35,-1.9745866678e+35,8.2285992191e+41,2.6069065091e+41,3.1318882361e+43,-1.0553870059e+05,-4.6294326560e+04,1.0446236739e+04
312,1.3478400000e+07,1.8957340602e+35,-3.8703075681e+35,-1.9745735079e+35,8.2286033401e+41,2.6069064569e+41,3.1318897242e+43,-1.0553812608e+05,-4.6294698513e+04,1.0445550147e+04
313,1.3521600000e+07,1.8956245307e+35,-3.8701849004e+35,-1.9745603697e+35,8.2286074584e+41,2.6069064056e+41,3.1318912116e+43,-1.0553755156e+05,-4.6295070466e+04,1.0444863555e+04
314,1.3564800000e+07,1.8955152923e+35,-3.8700625453e+35,-1.9745472530e+35,8.2286115742e+41,2.6069063551e+41,3.1318926983e+43,-1.0553697705e+05,-4.6295442420e+04,1.0444176963e+04
315,1.3608000000e+07,1.8954063463e+35,-3.8699405038e+35,-1.9745341575e+35,8.2286156875e+41,2.6069063054e+41,3.1318941845e+43,-1.0553640254e+05,-4.6295814373e+04,1.0443490372e+04
316,1.3651200000e+07,1.8952976938e+35,-3.8698187768e+35,-1.9745210830e+35,8.2286197982e+41,2.6069062565e+41,3.1318956700e+43,-1.0553582803e+05,-4.6296186326e+04,1.0442803780e+04
317,1.3694400000e+07,1.8951893361e+35,-3.8696973654e+35,-1.9745080293e+35,8.2286239065e+41,2.6069062083e+41,3.1318971550e+43,-1.0553525352e+05,-4.6296558279e+04,1.0442117188e+04
318,1.3737600000e+07,1.8950812743e+35,-3.8695762704e+35,-1.9744949961e+35,8.2286280124e+41,2.6069061607e+41,3.1318986393e+43,-1.0553467900e+05,-4.6296930232e+04,1.0441430596e+04
319,1.3780800000e+07,1.8949735098e+35,-3.8694554930e+35,-1.9744819832e+35,8.2286321159e+41,2.6069061139e+41,3.1319001230e+43,-1.0553410449e+05,-4.6297302185e+04,1.0440744004e+04
320,1.3824000000e+07,1.8948660437e+35,-3.8693350341e+35,-1.9744689905e+35,8.2286362171e+41,2.6069060677e+41,3.1319016061e+43,-1.0553352998e+05,-4.6297674138e+04,1.0440057413e+04
321,1.3867200000e+07,1.8947588773e+35,-3.8692148949e+35,-1.9744560176e+35,8.2286403160e+41,2.6069060221e+41,3.1319030887e+43,-1.0553295547e+05,-4.6298046092e+04,1.0439370821e+04
322,1.3910400000e+07,1.8946520120e+35,-3.8690950763e+35,-1.9744430643e+35,8.2286444127e+41,2.6069059771e+41,3.1319045706e+43,-1.0553238096e+05,-4.6298418044e+04,1.0438684229e+04
323,1.3953600000e+07,1.8945454490e+35,-3.8689755794e+35,-1.9744301304e+35,8.2286485071e+41,2.6069059327e+41,3.1319060520e+43,-1.0553180644e+05,-4.6298789998e+04,1.0437997637e+04
324,1.3996800000e+07,1.8944391896e+35,-3.8688564054e+35,-1.9744172158e+35,8.2286525994e+41,2.6069058888e+41,3.1319075327e+43,-1.0553123193e+05,-4.6299161951e+04,1.0437311046e+04
325,1.4040000000e+07,1.8943332353e+35,-3.8687375554e+35,-1.9744043201e+35,8.2286566896e+41,2.6069058454e+41,3.1319090130e+43,-1.0553065742e+05,-4.6299533904e+04,1.0436624454e+04
326,1.4083200000e+07,1.8942275874e+35,-3.8686190305e+35,-1.9743914431e+35,8.2286607777e+41,2.6069058025e+41,3.1319104926e+43,-1.0553008291e+05,-4.6299905857e+04,1.0435937862e+04
327,1.4126400000e+07,1.8941222471e+35,-3.8685008318e+35,-1.9743785846e+35,8.2286648637e+41,2.6069057601e+41,3.1319119717e+43,-1.0552950840e+05,-4.6300277810e+04,1.0435251270e+04
328,1.4169600000e+07,1.8940172161e+35,-3.8683829605e+35,-1.9743657445e+35,8.2286689477e+41,2.6069057181e+41,3.1319134502e+43,-1.0552893388e+05,-4.6300649763e+04,1.0434564679e+04
329,1.4212800000e+07,1.8939124955e+35,-3.8682654179e+35,-1.9743529224e+35,8.2286730297e+41,2.6069056764e+41,3.1319149282e+43,-1.0552835937e+05,-4.6301021716e+04,1.0433878087e+04
330,1.4256000000e+07,1.8938080868e+35,-3.8681482050e+35,-1.9743401181e+35,8.2286771099e+41,2.6069056352e+41,3.1319164056e+43,-1.0552778486e+05,-4.6301393670e+04,1.0433191495e+04
331,1.4299200000e+07,1.8937039916e+35,-3.8680313230e+35,-1.9743273315e+35,8.2286811881e+41,2.6069055943e+41,3.1319178824e+43,-1.0552721035e+05,-4.6301765623e+04,1.0432504903e+04
332,1.4342400000e+07,1.8936002111e+35,-3.8679147733e+35,-1.9743145622e+35,8.2286852645e+41,2.6069055537e+41,3.1319193588e+43,-1.0552663584e+05,-4.6302137576e+04,1.0431818311e+04
333,1.4385600000e+07,1.8934967469e+35,-3.8677985570e+35,-1.9743018101e+35,8.2286893391e+41,2.6069055135e+41,3.1319208346e+43,-1.0552606132e+05,-4.6302509529e+04,1.0431131720e+04
334,1.4428800000e+07,1.8933936005e+35,-3.8676826754e+35,-1.9742890749e+35,8.2286934119e+41,2.6069054735e+41,3.1319223098e+43,-1.0552548681e+05,-4.6302881482e+04,1.0430445128e+04
335,1.4472000000e+07,1.8932907732e+35,-3.8675671298e+35,-1.9742763565e+35,8.2286974830e+41,2.6069054337e+41,3.1319237846e+43,-1.0552491230e+05,-4.6303253435e+04,1.0429758536e+04
336,1.4515200000e+07,1.8931882667e+35,-3.8674519213e+35,-1.9742636545e+35,8.2287015525e+41,2.6069053942e+41,3.1319252588e+43,-1.0552433779e+05,-4.6303625388e+04,1.0429071944e+04
337,1.4558400000e+07,1.8930860824e+35,-3.8673370512e+35,-1.9742509688e+35,8.2287056203e+41,2.6069053548e+41,3.1319267325e+43,-1.0552376328e+05,-4.6303997341e+04,1.0428385353e+04
338,1.4601600000e+07,1.8929842218e+35,-3.8672225209e+35,-1.9742382992e+35,8.2287096864e+41,2.6069053156e+41,3.1319282057e+43,-1.0552318876e+05,-4.6304369295e+04,1.0427698761e+04
339,1.4644800000e+07,1.8928826864e+35,-3.8671083317e+35,-1.9742256453e+35,8.2287137510e+41,2.6069052765e+41,3.1319296784e+43,-1.0552261425e+05,-4.6304741248e+04,1.0427012169e+04
340,1.4688000000e+07,1.8927814778e+35,-3.8669944848e+35,-1.9742130070e+35,8.2287178141e+41,2.6069052376e+41,3.1319311506e+43,-1.0552203974e+05,-4.6305113201e+04,1.0426325577e+04
341,1.4731200000e+07,1.8926805976e+35,-3.8668809816e+35,-1.9742003840e+35,8.2287218758e+41,2.6069051987e+41,3.1319326223e+43,-1.0552146523e+05,-4.6305485154e+04,1.0425638985e+04
342,1.4774400000e+07,1.8925800472e+35,-3.8667678234e+35,-1.9741877762e+35,8.2287259359e+41,2.6069051599e+41,3.1319340935e+43,-1.0552089072e+05,-4.6305857107e+04,1.0424952394e+04
343,1.4817600000e+07,1.8924798283e+35,-3.8666550115e+35,-1.9741751832e+35,8.2287299947e+41,2.6069051211e+41,3.1319355643e+43,-1.0552031620e+05,-4.6306229060e+04,1.0424265802e+04
344,1.4860800000e+07,1.8923799424e+35,-3.8665425472e+35,-1.9741626049e+35,8.2287340521e+41,2.6069050823e+41,3.1319370345e+43,-1.0551974169e+05,-4.6306601013e+04,1.0423579210e+04
345,1.4904000000e+07,1.8922803911e+35,-3.8664304320e+35,-1.9741500409e+35,8.2287381082e+41,2.6069050435e+41,3.1319385043e+43,-1.0551916718e+05,-4.6306972967e+04,1.0422892618e+04
346,1.4947200000e+07,1.8921811759e+35,-3.8663186671e+35,-1.9741374912e+35,8.2287421631e+41,2.6069050046e+41,3.1319399736e+43,-1.0551859267e+05,-4.6307344920e+04,1.0422206027e+04
347,1.4990400000e+07,1.8920822986e+35,-3.8662072539e+35,-1.9741249553e+35,8.2287462167e+41,2.6069049656e+41,3.1319414425e+43,-1.0551801816e+05,-4.6307716873e+04,1.0421519435e+04
348,1.5033600000e+07,1.8919837605e+35,-3.8660961938e+35,-1.9741124332e+35,8.2287502691e+41,2.6069049265e+41,3.1319429108e+43,-1.0551744364e+05,-4.6308088826e+04,1.0420832843e+04
349,1.5076800000e+07,1.8918855635e+35,-3.8659854881e+35,-1.9740999245e+35,8.2287543203e+41,2.6069048873e+41,3.1319443788e+43,-1.0551686913e+05,-4.6308460779e+04,1.0420146251e+04
350,1.5120000000e+07,1.8917877091e+35,-3.8658751381e+35,-1.9740874291e+35,8.2287583705e+41,2.6069048479e+41,3.1319458463e+43,-1.0551629462e+05,-4.6308832732e+04,1.0419459660e+04
351,1.5163200000e+07,1.8916901988e+35,-3.8657651454e+35,-1.9740749466e+35,8.2287624196e+41,2.6069048083e+41,3.1319473133e+43,-1.0551572011e+05,-4.6309204686e+04,1.0418773068e+04
352,1.5206400000e+07,1.8915930344e+35,-3.8656555112e+35,-1.9740624768e+35,8.2287664676e+41,2.6069047685e+41,3.1319487799e+43,-1.0551514560e+05,-4.6309576638e+04,1.0418086476e+04
353,1.5249600000e+07,1.8914962175e+35,-3.8655462369e+35,-1.9740500195e+35,8.2287705147e+41,2.6069047285e+41,3.1319502461e+43,-1.0551457108e+05,-4.6309948592e+04,1.0417399884e+04
354,1.5292800000e+07,1.8913997496e+35,-3.8654373240e+35,-1.9740375744e+35,8.2287745609e+41,2.6069046881e+41,3.1319517119e+43,-1.0551399657e+05,-4.6310320545e+04,1.0416713292e+04
355,1.5336000000e+07,1.8913036324e+35,-3.8653287736e+35,-1.9740251413e+35,8.2287786061e+41,2.6069046475e+41,3.1319531772e+43,-1.0551342206e+05,-4.6310692498e+04,1.0416026701e+04
356,1.5379200000e+07,1.8912078675e+35,-3.8652205874e+35,-1.9740127199e+35,8.2287826505e+41,2.6069046065e+41,3.1319546421e+43,-1.0551284755e+05,-4.6311064451e+04,1.0415340109e+04
357,1.5422400000e+07,1.8911124566e+35,-3.8651127665e+35,-1.9740003100e+35,8.2287866941e+41,2.6069045651e+41,3.1319561066e+43,-1.0551227304e+05,-4.6311436404e+04,1.0414653517e+04
358,1.5465600000e+07,1.8910174012e+35,-3.8650053125e+35,-1.9739879113e+35,8.2287907370e+41,2.6069045234e+41,3.1319575707e+43,-1.0551169852e+05,-4.6311808357e+04,1.0413966925e+04
359,1.5508800000e+07,1.8909227031e+35,-3.8648982266e+35,-1.9739755235e+35,8.2287947791e+41,2.6069044812e+41,3.1319590344e+43,-1.0551112401e+05,-4.6312180310e+04,1.0413280334e+04
360,1.5552000000e+07,1.8908283638e+35,-3.8647915103e+35,-1.9739631464e+35,8.2287988205e+41,2.6069044385e+41,3.1319604977e+43,-1.0551054950e+05,-4.6312552264e+04,1.0412593742e+04
361,1.5595200000e+07,1.8907343850e+35,-3.8646851648e+35,-1.9739507798e+35,8.2288028613e+41,2.6069043954e+41,3.1319619607e+43,-1.0550997499e+05,-4.6312924217e+04,1.0411907150e+04
362,1.5638400000e+07,1.8906407683e+35,-3.8645791916e+35,-1.9739384232e+35,8.2288069015e+41,2.6069043517e+41,3.1319634232e+43,-1.0550940048e+05,-4.6313296170e+04,1.0411220558e+04
363,1.5681600000e+07,1.8905475153e+35,-3.8644735920e+35,-1.9739260766e+35,8.2288109412e+41,2.6069043075e+41,3.1319648854e+43,-1.0550882596e+05,-4.6313668123e+04,1.0410533967e+04
364,1.5724800000e+07,1.8904546277e+35,-3.8643683673e+35,-1.9739137396e+35,8.2288149804e+41,2.6069042627e+41,3.1319663472e+43,-1.0550825145e+05,-4.6314040076e+04,1.0409847375e+04
365,1.5768000000e+07,1.8903621069e+35,-3.8642635188e+35,-1.9739014119e+35,8.2288190191e+41,2.6069042173e+41,3.1319678086e+43,-1.0550767694e+05,-4.6314412029e+04,1.0409160783e+04
366,1.5811200000e+07,1.8902699547e+35,-3.8641590479e+35,-1.9738890933e+35,8.2288230574e+41,2.6069041713e+41,3.1319692697e+43,-1.0550710243e+05,-4.6314783983e+04,1.0408474191e+04
367,1.5854400000e+07,1.8901781725e+35,-3.8640549559e+35,-1.9738767834e+35,8.2288270954e+41,2.6069041245e+41,3.1319707304e+43,-1.0550652791e+05,-4.6315155936e+04,1.0407787599e+04
368,1.5897600000e+07,1.8900867621e+35,-3.8639512441e+35,-1.9738644820e+35,8.2288311331e+41,2.6069040771e+41,3.1319721908e+43,-1.0550595340e+05,-4.6315527889e+04,1.0407101008e+04
369,1.5940800000e+07,1.8899957249e+35,-3.8638479138e+35,-1.9738521888e+35,8.2288351705e+41,2.6069040289e+41,3.1319736508e+43,-1.0550537889e+05,-4.6315899842e+04,1.0406414416e+04
370,1.5984000000e+07,1.8899050625e+35,-3.8637449661e+35,-1.9738399036e+35,8.2288392077e+41,2.6069039800e+41,3.1319751105e+43,-1.0550480438e+05,-4.6316271795e+04,1.0405727824e+04
371,1.6027200000e+07,1.8898147765e+35,-3.8636424024e+35,-1.9738276259e+35,8.2288432447e+41,2.6069039302e+41,3.1319765699e+43,-1.0550422987e+05,-4.6316643748e+04,1.0405041232e+04
372,1.6070400000e+07,1.8897248684e+35,-3.8635402239e+35,-1.9738153555e+35,8.2288472816e+41,2.6069038796e+41,3.1319780289e+43,-1.0550365535e+05,-4.6317015701e+04,1.0404354641e+04
373,1.6113600000e+07,1.8896353396e+35,-3.8634384318e+35,-1.9738030922e+35,8.2288513184e+41,2.6069038281e+41,3.1319794877e+43,-1.0550308084e+05,-4.6317387654e+04,1.0403668049e+04
374,1.6156800000e+07,1.8895461917e+35,-3.8633370272e+35,-1.9737908355e+35,8.2288553552e+41,2.6069037758e+41,3.1319809461e+43,-1.0550250633e+05,-4.6317759608e+04,1.0402981457e+04
375,1.6200000000e+07,1.8894574262e+35,-3.8632360114e+35,-1.9737785852e+35,8.2288593920e+41,2.6069037224e+41,3.1319824042e+43,-1.0550193182e+05,-4.6318131561e+04,1.0402294865e+04
376,1.6243200000e+07,1.8893690444e+35,-3.8631353854e+35,-1.9737663410e+35,8.2288634289e+41,2.6069036681e+41,3.1319838620e+43,-1.0550135731e+05,-4.6318503514e+04,1.0401608273e+04
377,1.6286400000e+07,1.8892810478e+35,-3.8630351504e+35,-1.9737541026e+35,8.2288674660e+41,2.6069036128e+41,3.1319853196e+43,-1.0550078279e+05,-4.6318875467e+04,1.0400921682e+04
378,1.6329600000e+07,1.8891934378e+35,-3.8629353074e+35,-1.9737418695e+35,8.2288715032e+41,2.6069035564e+41,3.1319867768e+43,-1.0550020828e+05,-4.6319247420e+04,1.0400235090e+04
379,1.6372800000e+07,1.8891062158e+35,-3.8628358574e+35,-1.9737296416e+35,8.2288755406e+41,2.6069034989e+41,3.1319882338e+43,-1.0549963377e+05,-4.6319619373e+04,1.0399548498e+04
380,1.6416000000e+07,1.8890193831e+35,-3.8627368015e+35,-1.9737174184e+35,8.2288795783e+41,2.6069034403e+41,3.1319896905e+43,-1.0549905926e+05,-4.6319991326e+04,1.0398861906e+04
381,1.6459200000e+07,1.8889329410e+35,-3.8626381407e+35,-1.9737051997e+35,8.2288836164e+41,2.6069033806e+41,3.1319911469e+43,-1.0549848475e+05,-4.6320363280e+04,1.0398175315e+04
382,1.6502400000e+07,1.8888468907e+35,-3.8625398757e+35,-1.9736929850e+35,8.2288876548e+41,2.6069033196e+41,3.1319926031e+43,-1.0549791023e+05,-4.6320735233e+04,1.0397488723e+04
383,1.6545600000e+07,1.8887612335e+35,-3.8624420076e+35,-1.9736807741e+35,8.2288916937e+41,2.6069032574e+41,3.1319940591e+43,-1.0549733572e+05,-4.6321107186e+04,1.0396802131e+04
384,1.6588800000e+07,1.8886759707e+35,-3.8623445372e+35,-1.9736685665e+35,8.2288957331e+41,2.6069031939e+41,3.1319955148e+43,-1.0549676121e+05,-4.6321479139e+04,1.0396115539e+04
385,1.6632000000e+07,1.8885911032e+35,-3.8622474652e+35,-1.9736563620e+35,8.2288997730e+41,2.6069031291e+41,3.1319969702e+43,-1.0549618670e+05,-4.6321851092e+04,1.0395428948e+04
386,1.6675200000e+07,1.8885066322e+35,-3.8621507924e+35,-1.9736441601e+35,8.2289038135e+41,2.6069030630e+41,3.1319984254e+43,-1.0549561219e+05,-4.6322223045e+04,1.0394742356e+04
387,1.6718400000e+07,1.8884225589e+35,-3.8620545194e+35,-1.9736319605e+35,8.2289078547e+41,2.6069029955e+41,3.1319998804e+43,-1.0549503767e+05,-4.6322594998e+04,1.0394055764e+04
388,1.6761600000e+07,1.8883388840e+35,-3.8619586469e+35,-1.9736197628e+35,8.2289118966e+41,2.6069029265e+41,3.1320013352e+43,-1.0549446316e+05,-4.6322966952e+04,1.0393369172e+04
389,1.6804800000e+07,1.8882556087e+35,-3.8618631754e+35,-1.9736075667e+35,8.2289159392e+41,2.6069028560e+41,3.1320027898e+43,-1.0549388865e+05,-4.6323338905e+04,1.0392682580e+04
390,1.6848000000e+07,1.8881727337e+35,-3.8617681054e+35,-1.9735953717e+35,8.2289199827e+41,2.6069027841e+41,3.1320042441e+43,-1.0549331414e+05,-4.6323710858e+04,1.0391995989e+04
391,1.6891200000e+07,1.8880902600e+35,-3.8616734373e+35,-1.9735831774e+35,8.2289240270e+41,2.6069027105e+41,3.1320056983e+43,-1.0549273963e+05,-4.6324082811e+04,1.0391309397e+04
392,1.6934400000e+07,1.8880081881e+35,-3.8615791716e+35,-1.9735709835e+35,8.2289280723e+41,2.6069026354e+41,3.1320071523e+43,-1.0549216511e+05,-4.6324454764e+04,1.0390622805e+04
393,1.6977600000e+07,1.8879265189e+35,-3.8614853083e+35,-1.9735587895e+35,8.2289321186e+41,2.6069025586e+41,3.1320086061e+43,-1.0549159060e+05,-4.6324826717e+04,1.0389936213e+04
394,1.7020800000e+07,1.8878452528e+35,-3.8613918478e+35,-1.9735465950e+35,8.2289361659e+41,2.6069024802e+41,3.1320100598e+43,-1.0549101609e+05,-4.6325198670e+04,1.0389249622e+04
395,1.7064000000e+07,1.8877643905e+35,-3.8612987901e+35,-1.9735343996e+35,8.2289402144e+41,2.6069024000e+41,3.1320115132e+43,-1.0549044158e+05,-4.6325570623e+04,1.0388563030e+04
396,1.7107200000e+07,1.8876839323e+35,-3.8612061353e+35,-1.9735222030e+35,8.2289442640e+41,2.6069023180e+41,3.1320129665e+43,-1.0548986707e+05,-4.6325942577e+04,1.0387876438e+04
397,1.7150400000e+07,1.8876038786e+35,-3.8611138831e+35,-1.9735100045e+35,8.2289483148e+41,2.6069022343e+41,3.1320144197e+43,-1.0548929255e+05,-4.6326314529e+04,1.0387189846e+04
398,1.7193600000e+07,1.8875242296e+35,-3.8610220335e+35,-1.9734978039e+35,8.2289523670e+41,2.6069021486e+41,3.1320158727e+43,-1.0548871804e+05,-4.6326686483e+04,1.0386503255e+04
399,1.7236800000e+07,1.8874449856e+35,-3.8609305862e+35,-1.9734856006e+35,8.2289564205e+41,2.6069020611e+41,3.1320173256e+43,-1.0548814353e+05,-4.6327058436e+04,1.0385816663e+04
400,1.7280000000e+07,1.8873661464e+35,-3.8608395406e+35,-1.9734733942e+35,8.2289604753e+41,2.6069019716e+41,3.1320187784e+43,-1.0548756902e+05,-4.6327430389e+04,1.0385130071e+04
401,1.7323200000e+07,1.8872877121e+35,-3.8607488964e+35,-1.9734611843e+35,8.2289645317e+41,2.6069018801e+41,3.1320202310e+43,-1.0548699451e+05,-4.6327802342e+04,1.0384443479e+04
402,1.7366400000e+07,1.8872096824e+35,-3.8606586528e+35,-1.9734489703e+35,8.2289685896e+41,2.6069017865e+41,3.1320216835e+43,-1.0548641999e+05,-4.6328174295e+04,1.0383756887e+04
403,1.7409600000e+07,1.8871320571e+35,-3.8605688090e+35,-1.9734367518e+35,8.2289726491e+41,2.6069016909e+41,3.1320231360e+43,-1.0548584548e+05,-4.6328546248e+04,1.0383070296e+04
404,1.7452800000e+07,1.8870548357e+35,-3.8604793641e+35,-1.9734245283e+35,8.2289767103e+41,2.6069015931e+41,3.1320245883e+43,-1.0548527097e+05,-4.6328918202e+04,1.0382383704e+04
405,1.7496000000e+07,1.8869780177e+35,-3.8603903170e+35,-1.9734122994e+35,8.2289807732e+41,2.6069014931e+41,3.1320260405e+43,-1.0548469646e+05,-4.6329290155e+04,1.0381697112e+04
406,1.7539200000e+07,1.8869016022e+35,-3.8603016666e+35,-1.9734000644e+35,8.2289848379e+41,2.6069013909e+41,3.1320274927e+43,-1.0548412195e+05,-4.6329662108e+04,1.0381010520e+04
407,1.7582400000e+07,1.8868255885e+35,-3.8602134114e+35,-1.9733878229e+35,8.2289889044e+41,2.6069012864e+41,3.1320289448e+43,-1.0548354743e+05,-4.6330034061e+04,1.0380323929e+04
408,1.7625600000e+07,1.8867499754e+35,-3.8601255498e+35,-1.9733755744e+35,8.2289929728e+41,2.6069011795e+41,3.1320303968e+43,-1.0548297292e+05,-4.6330406014e+04,1.0379637337e+04
409,1.7668800000e+07,1.8866747618e+35,-3.8600380802e+35,-1.9733633184e+35,8.2289970433e+41,2.6069010703e+41,3.1320318488e+43,-1.0548239841e+05,-4.6330777967e+04,1.0378950745e+04
410,1.7712000000e+07,1.8865999464e+35,-3.8599510007e+35,-1.9733510543e+35,8.2290011157e+41,2.6069009587e+41,3.1320333007e+43,-1.0548182390e+05,-4.6331149921e+04,1.0378264153e+04
411,1.7755200000e+07,1.8865255275e+35,-3.8598643091e+35,-1.9733387816e+35,8.2290051903e+41,2.6069008445e+41,3.1320347526e+43,-1.0548124939e+05,-4.6331521874e+04,1.0377577561e+04
412,1.7798400000e+07,1.8864515035e+35,-3.8597780032e+35,-1.9733264997e+35,8.2290092671e+41,2.6069007278e+41,3.1320362045e+43,-1.0548067487e+05,-4.6331893827e+04,1.0376890970e+04
413,1.7841600000e+07,1.8863778723e+35,-3.8596920805e+35,-1.9733142082e+35,8.2290133461e+41,2.6069006086e+41,3.1320376563e+43,-1.0548010036e+05,-4.6332265780e+04,1.0376204378e+04
414,1.7884800000e+07,1.8863046319e+35,-3.8596065382e+35,-1.9733019063e+35,8.2290174274e+41,2.6069004867e+41,3.1320391081e+43,-1.0547952585e+05,-4.6332637733e+04,1.0375517786e+04
415,1.7928000000e+07,1.8862317798e+35,-3.8595213735e+35,-1.9732895936e+35,8.2290215111e+41,2.6069003621e+41,3.1320405599e+43,-1.0547895134e+05,-4.6333009686e+04,1.0374831194e+04
416,1.7971200000e+07,1.8861593136e+35,-3.8594365831e+35,-1.9732772695e+35,8.2290255973e+41,2.6069002348e+41,3.1320420117e+43,-1.0547837683e+05,-4.6333381639e+04,1.0374144603e+04
417,1.8014400000e+07,1.8860872302e+35,-3.8593521636e+35,-1.9732649334e+35,8.2290296859e+41,2.6069001047e+41,3.1320434636e+43,-1.0547780231e+05,-4.6333753592e+04,1.0373458011e+04
418,1.8057600000e+07,1.8860155268e+35,-3.8592681114e+35,-1.9732525847e+35,8.2290337771e+41,2.6068999717e+41,3.1320449154e+43,-1.0547722780e+05,-4.6334125545e+04,1.0372771419e+04
419,1.8100800000e+07,1.8859441999e+35,-3.8591844226e+35,-1.9732402228e+35,8.2290378710e+41,2.6068998359e+41,3.1320463673e+43,-1.0547665329e+05,-4.6334497499e+04,1.0372084827e+04
420,1.8144000000e+07,1.8858732459e+35,-3.8591010930e+35,-1.9732278471e+35,8.2290419675e+41,2.6068996971e+41,3.1320478192e+43,-1.0547607878e+05,-4.6334869452e+04,1.0371398236e+04
421,1.8187200000e+07,1.8858026610e+35,-3.8590181180e+35,-1.9732154570e+35,8.2290460669e+41,2.6068995553e+41,3.1320492712e+43,-1.0547550427e+05,-4.6335241405e+04,1.0370711644e+04
422,1.8230400000e+07,1.8857324411e+35,-3.8589354930e+35,-1.9732030519e+35,8.2290501690e+41,2.6068994105e+41,3.1320507232e+43,-1.0547492975e+05,-4.6335613358e+04,1.0370025052e+04
423,1.8273600000e+07,1.8856625817e+35,-3.8588532128e+35,-1.9731906311e+35,8.2290542741e+41,2.6068992626e+41,3.1320521753e+43,-1.0547435524e+05,-4.6335985311e+04,1.0369338460e+04
424,1.8316800000e+07,1.8855930780e+35,-3.8587712722e+35,-1.9731781941e+35,8.2290583822e+41,2.6068991116e+41,3.1320536274e+43,-1.0547378073e+05,-4.6336357264e+04,1.0368651868e+04
425,1.8360000000e+07,1.8855239250e+35,-3.8586896653e+35,-1.9731657403e+35,8.2290624932e+41,2.6068989574e+41,3.1320550796e+43,-1.0547320622e+05,-4.6336729217e+04,1.0367965277e+04
426,1.8403200000e+07,1.8854551173e+35,-3.8586083862e+35,-1.9731532689e+35,8.2290666074e+41,2.6068987999e+41,3.1320565319e+43,-1.0547263171e+05,-4.6337101171e+04,1.0367278685e+04
427,1.8446400000e+07,1.8853866491e+35,-3.8585274285e+35,-1.9731407794e+35,8.2290707247e+41,2.6068986392e+41,3.1320579843e+43,-1.0547205719e+05,-4.6337473124e+04,1.0366592093e+04
428,1.8489600000e+07,1.8853185144e+35,-3.8584467855e+35,-1.9731282711e+35,8.2290748452e+41,2.6068984751e+41,3.1320594368e+43,-1.0547148268e+05,-4.6337845077e+04,1.0365905501e+04
429,1.8532800000e+07,1.8852507068e+35,-3.8583664502e+35,-1.9731157434e+35,8.2290789690e+41,2.6068983077e+41,3.1320608894e+43,-1.0547090817e+05,-4.6338217030e+04,1.0365218910e+04
430,1.8576000000e+07,1.8851832193e+35,-3.8582864151e+35,-1.9731031957e+35,8.2290830962e+41,2.6068981368e+41,3.1320623422e+43,-1.0547033366e+05,-4.6338588983e+04,1.0364532318e+04
431,1.8619200000e+07,1.8851160449e+35,-3.8582066723e+35,-1.9730906274e+35,8.2290872267e+41,2.6068979624e+41,3.1320637950e+43,-1.0546975915e+05,-4.6338960936e+04,1.0363845726e+04
432,1.8662400000e+07,1.8850491760e+35,-3.8581272138e+35,-1.9730780377e+35,8.2290913607e+41,2.6068977846e+41,3.1320652480e+43,-1.0546918463e+05,-4.6339332890e+04,1.0363159134e+04
433,1.8705600000e+07,1.8849826047e+35,-3.8580480308e+35,-1.9730654261e+35,8.2290954982e+41,2.6068976032e+41,3.1320667011e+43,-1.0546861012e+05,-4.6339704843e+04,1.0362472543e+04
434,1.8748800000e+07,1.8849163224e+35,-3.8579691145e+35,-1.9730527920e+35,8.2290996393e+41,2.6068974181e+41,3.1320681544e+43,-1.0546803561e+05,-4.6340076796e+04,1.0361785951e+04
435,1.8792000000e+07,1.8848503206e+35,-3.8578904554e+35,-1.9730401348e+35,8.2291037840e+41,2.6068972295e+41,3.1320696078e+43,-1.0546746110e+05,-4.6340448749e+04,1.0361099359e+04
436,1.8835200000e+07,1.8847845899e+35,-3.8578120437e+35,-1.9730274538e+35,8.2291079323e+41,2.6068970372e+41,3.1320710614e+43,-1.0546688659e+05,-4.6340820702e+04,1.0360412767e+04
437,1.8878400000e+07,1.8847191208e+35,-3.8577338692e+35,-1.9730147485e+35,8.2291120844e+41,2.6068968412e+41,3.1320725151e+43,-1.0546631207e+05,-4.6341192655e+04,1.0359726175e+04
438,1.8921600000e+07,1.8846539031e+35,-3.8576559213e+35,-1.9730020182e+35,8.2291162402e+41,2.6068966414e+41,3.1320739690e+43,-1.0546573756e+05,-4.6341564608e+04,1.0359039584e+04
439,1.8964800000e+07,1.8845889264e+35,-3.8575781889e+35,-1.9729892625e+35,8.2291203998e+41,2.6068964378e+41,3.1320754231e+43,-1.0546516305e+05,-4.6341936561e+04,1.0358352992e+04
440,1.9008000000e+07,1.8845241798e+35,-3.8575006604e+35,-1.9729764807e+35,8.2291245633e+41,2.6068962305e+41,3.1320768774e+43,-1.0546458854e+05,-4.6342308514e+04,1.0357666400e+04
441,1.9051200000e+07,1.8844596518e+35,-3.8574233240e+35,-1.9729636722e+35,8.2291287306e+41,2.6068960193e+41,3.1320783319e+43,-1.0546401403e+05,-4.6342680467e+04,1.0356979808e+04
442,1.9094400000e+07,1.8843953306e+35,-3.8573461673e+35,-1.9729508367e+35,8.2291329019e+41,2.6068958043e+41,3.1320797865e+43,-1.0546343951e+05,-4.6343052421e+04,1.0356293217e+04
443,1.9137600000e+07,1.8843312039e+35,-3.8572691774e+35,-1.9729379736e+35,8.2291370772e+41,2.6068955854e+41,3.1320812414e+43,-1.0546286500e+05,-4.6343424374e+04,1.0355606625e+04
444,1.9180800000e+07,1.8842672589e+35,-3.8571923412e+35,-1.9729250823e+35,8.2291412564e+41,2.6068953626e+41,3.1320826965e+43,-1.0546229049e+05,-4.6343796327e+04,1.0354920033e+04
445,1.9224000000e+07,1.8842034826e+35,-3.8571156451e+35,-1.9729121625e+35,8.2291454396e+41,2.6068951358e+41,3.1320841518e+43,-1.0546171598e+05,-4.6344168280e+04,1.0354233441e+04
446,1.9267200000e+07,1.8841398611e+35,-3.8570390749e+35,-1.9728992137e+35,8.2291496269e+41,2.6068949052e+41,3.1320856072e+43,-1.0546114147e+05,-4.6344540233e+04,1.0353546850e+04
447,1.9310400000e+07,1.8840763806e+35,-3.8569626162e+35,-1.9728862356e+35,8.2291538182e+41,2.6068946706e+41,3.1320870629e+43,-1.0546056695e+05,-4.6344912186e+04,1.0352860258e+04
448,1.9353600000e+07,1.8840130263e+35,-3.8568862540e+35,-1.9728732277e+35,8.2291580136e+41,2.6068944320e+41,3.1320885189e+43,-1.0545999244e+05,-4.6345284139e+04,1.0352173666e+04
449,1.9396800000e+07,1.8839497835e+35,-3.8568099733e+35,-1.9728601898e+35,8.2291622130e+41,2.6068941895e+41,3.1320899750e+43,-1.0545941793e+05,-4.6345656093e+04,1.0351487074e+04
450,1.9440000000e+07,1.8838866367e+35,-3.8567337582e+35,-1.9728471215e+35,8.2291664165e+41,2.6068939431e+41,3.1320914314e+43,-1.0545884342e+05,-4.6346028046e+04,1.0350800482e+04
451,1.9483200000e+07,1.8838235701e+35,-3.8566575927e+35,-1.9728340226e+35,8.2291706242e+41,2.6068936927e+41,3.1320928879e+43,-1.0545826891e+05,-4.6346399999e+04,1.0350113891e+04
452,1.9526400000e+07,1.8837605677e+35,-3.8565814606e+35,-1.9728208929e+35,8.2291748359e+41,2.6068934384e+41,3.1320943447e+43,-1.0545769439e+05,-4.6346771952e+04,1.0349427299e+04
453,1.9569600000e+07,1.8836976129e+35,-3.8565053451e+35,-1.9728077323e+35,8.2291790516e+41,2.6068931802e+41,3.1320958018e+43,-1.0545711988e+05,-4.6347143905e+04,1.0348740707e+04
454,1.9612800000e+07,1.8836346887e+35,-3.8564292293e+35,-1.9727945405e+35,8.2291832715e+41,2.6068929181e+41,3.1320972590e+43,-1.0545654537e+05,-4.6347515858e+04,1.0348054115e+04
455,1.9656000000e+07,1.8835717780e+35,-3.8563530957e+35,-1.9727813177e+35,8.2291874954e+41,2.6068926521e+41,3.1320987165e+43,-1.0545597086e+05,-4.6347887811e+04,1.0347367524e+04
456,1.9699200000e+07,1.8835088633e+35,-3.8562769270e+35,-1.9727680637e+35,8.2291917232e+41,2.6068923822e+41,3.1321001742e+43,-1.0545539635e+05,-4.6348259764e+04,1.0346680932e+04
457,1.9742400000e+07,1.8834459268e+35,-3.8562007054e+35,-1.9727547786e+35,8.2291959551e+41,2.6068921086e+41,3.1321016321e+43,-1.0545482183e+05,-4.6348631717e+04,1.0345994340e+04
458,1.9785600000e+07,1.8833829503e+35,-3.8561244128e+35,-1.9727414626e+35,8.2292001909e+41,2.6068918312e+41,3.1321030903e+43,-1.0545424732e+05,-4.6349003671e+04,1.0345307748e+04
459,1.9828800000e+07,1.8833199155e+35,-3.8560480312e+35,-1.9727281157e+35,8.2292044307e+41,2.6068915500e+41,3.1321045486e+43,-1.0545367281e+05,-4.6349375624e+04,1.0344621156e+04
460,1.9872000000e+07,1.8832568041e+35,-3.8559715424e+35,-1.9727147383e+35,8.2292086742e+41,2.6068912652e+41,3.1321060072e+43,-1.0545309830e+05,-4.6349747577e+04,1.0343934565e+04
461,1.9915200000e+07,1.8831935972e+35,-3.8558949279e+35,-1.9727013307e+35,8.2292129216e+41,2.6068909767e+41,3.1321074659e+43,-1.0545252379e+05,-4.6350119530e+04,1.0343247973e+04
462,1.9958400000e+07,1.8831302763e+35,-3.8558181694e+35,-1.9726878931e+35,8.2292171727e+41,2.6068906847e+41,3.1321089249e+43,-1.0545194927e+05,-4.6350491483e+04,1.0342561381e+04
463,2.0001600000e+07,1.8830668224e+35,-3.8557412485e+35,-1.9726744262e+35,8.2292214275e+41,2.6068903891e+41,3.1321103840e+43,-1.0545137476e+05,-4.6350863436e+04,1.0341874789e+04
464,2.0044800000e+07,1.8830032166e+35,-3.8556641468e+35,-1.9726609303e+35,8.2292256859e+41,2.6068900902e+41,3.1321118434e+43,-1.0545080025e+05,-4.6351235389e+04,1.0341188198e+04
465,2.0088000000e+07,1.8829394401e+35,-3.8555868461e+35,-1.9726474061e+35,8.2292299478e+41,2.6068897879e+41,3.1321133029e+43,-1.0545022574e+05,-4.6351607343e+04,1.0340501606e+04
466,2.0131200000e+07,1.8828754740e+35,-3.8555093283e+35,-1.9726338542e+35,8.2292342132e+41,2.6068894823e+41,3.1321147625e+43,-1.0544965123e+05,-4.6351979296e+04,1.0339815014e+04
467,2.0174400000e+07,1.8828112998e+35,-3.8554315752e+35,-1.9726202754e+35,8.2292384818e+41,2.6068891736e+41,3.1321162224e+43,-1.0544907671e+05,-4.6352351249e+04,1.0339128422e+04
468,2.0217600000e+07,1.8827468987e+35,-3.8553535693e+35,-1.9726066706e+35,8.2292427537e+41,2.6068888617e+41,3.1321176824e+43,-1.0544850220e+05,-4.6352723202e+04,1.0338441831e+04
469,2.0260800000e+07,1.8826822524e+35,-3.8552752930e+35,-1.9725930406e+35,8.2292470287e+41,2.6068885470e+41,3.1321191425e+43,-1.0544792769e+05,-4.6353095155e+04,1.0337755239e+04
470,2.0304000000e+07,1.8826173430e+35,-3.8551967293e+35,-1.9725793863e+35,8.2292513068e+41,2.6068882293e+41,3.1321206028e+43,-1.0544735318e+05,-4.6353467108e+04,1.0337068647e+04
471,2.0347200000e+07,1.8825521525e+35,-3.8551178614e+35,-1.9725657089e+35,8.2292555877e+41,2.6068879089e+41,3.1321220631e+43,-1.0544677867e+05,-4.6353839062e+04,1.0336382055e+04
472,2.0390400000e+07,1.8824866635e+35,-3.8550386730e+35,-1.9725520095e+35,8.2292598713e+41,2.6068875859e+41,3.1321235236e+43,-1.0544620415e+05,-4.6354211015e+04,1.0335695463e+04
473,2.0433600000e+07,1.8824208592e+35,-3.8549591484e+35,-1.9725382892e+35,8.2292641576e+41,2.6068872603e+41,3.1321249842e+43,-1.0544562964e+05,-4.6354582968e+04,1.0335008872e+04
474,2.0476800000e+07,1.8823547229e+35,-3.8548792723e+35,-1.9725245494e+35,8.2292684464e+41,2.6068869324e+41,3.1321264448e+43,-1.0544505513e+05,-4.6354954921e+04,1.0334322280e+04
475,2.0520000000e+07,1.8822882386e+35,-3.8547990301e+35,-1.9725107914e+35,8.2292727375e+41,2.6068866022e+41,3.1321279055e+43,-1.0544448062e+05,-4.6355326874e+04,1.0333635688e+04
476,2.0563200000e+07,1.8822213911e+35,-3.8547184077e+35,-1.9724970167e+35,8.2292770308e+41,2.6068862700e+41,3.1321293663e+43,-1.0544390611e+05,-4.6355698827e+04,1.0332949096e+04
477,2.0606400000e+07,1.8821541654e+35,-3.8546373921e+35,-1.9724832266e+35,8.2292813261e+41,2.6068859358e+41,3.1321308270e+43,-1.0544333159e+05,-4.6356070780e+04,1.0332262505e+04
478,2.0649600000e+07,1.8820865476e+35,-3.8545559705e+35,-1.9724694229e+35,8.2292856233e+41,2.6068855997e+41,3.1321322878e+43,-1.0544275708e+05,-4.6356442733e+04,1.0331575913e+04
479,2.0692800000e+07,1.8820185243e+35,-3.8544741313e+35,-1.9724556070e+35,8.2292899221e+41,2.6068852621e+41,3.1321337486e+43,-1.0544218257e+05,-4.6356814687e+04,1.0330889321e+04
480,2.0736000000e+07,1.8819500829e+35,-3.8543918636e+35,-1.9724417807e+35,8.2292942225e+41,2.6068849229e+41,3.1321352093e+43,-1.0544160806e+05,-4.6357186640e+04,1.0330202729e+04
481,2.0779200000e+07,1.8818812117e+35,-3.8543091574e+35,-1.9724279456e+35,8.2292985242e+41,2.6068845825e+41,3.1321366701e+43,-1.0544103355e+05,-4.6357558593e+04,1.0329516137e+04
482,2.0822400000e+07,1.8818118999e+35,-3.8542260036e+35,-1.9724141036e+35,8.2293028270e+41,2.6068842409e+41,3.1321381307e+43,-1.0544045903e+05,-4.6357930546e+04,1.0328829546e+04
483,2.0865600000e+07,1.8817421376e+35,-3.8541423941e+35,-1.9724002565e+35,8.2293071309e+41,2.6068838982e+41,3.1321395913e+43,-1.0543988452e+05,-4.6358302499e+04,1.0328142954e+04
484,2.0908800000e+07,1.8816719158e+35,-3.8540583218e+35,-1.9723864061e+35,8.2293114355e+41,2.6068835548e+41,3.1321410518e+43,-1.0543931001e+05,-4.6358674452e+04,1.0327456362e+04
485,2.0952000000e+07,1.8816012264e+35,-3.8539737806e+35,-1.9723725542e+35,8.2293157407e+41,2.6068832108e+41,3.1321425121e+43,-1.0543873550e+05,-4.6359046405e+04,1.0326769770e+04
486,2.0995200000e+07,1.8815300625e+35,-3.8538887654e+35,-1.9723587029e+35,8.2293200463e+41,2.6068828663e+41,3.1321439723e+43,-1.0543816098e+05,-4.6359418359e+04,1.0326083179e+04
487,2.1038400000e+07,1.8814584182e+35,-3.8538032721e+35,-1.9723448539e+35,8.2293243521e+41,2.6068825215e+41,3.1321454324e+43,-1.0543758647e+05,-4.6359790312e+04,1.0325396587e+04
488,2.1081600000e+07,1.8813862885e+35,-3.8537172978e+35,-1.9723310093e+35,8.2293286579e+41,2.6068821766e+41,3.1321468923e+43,-1.0543701196e+05,-4.6360162265e+04,1.0324709995e+04
489,2.1124800000e+07,1.8813136697e+35,-3.8536308407e+35,-1.9723171711e+35,8.2293329635e+41,2.6068818317e+41,3.1321483519e+43,-1.0543643745e+05,-4.6360534218e+04,1.0324023403e+04
490,2.1168000000e+07,1.8812405590e+35,-3.8535439000e+35,-1.9723033410e+35,8.2293372687e+41,2.6068814872e+41,3.1321498114e+43,-1.0543586294e+05,-4.6360906171e+04,1.0323336812e+04
491,2.1211200000e+07,1.8811669547e+35,-3.8534564760e+35,-1.9722895212e+35,8.2293415733e+41,2.6068811431e+41,3.1321512706e+43,-1.0543528842e+05,-4.6361278124e+04,1.0322650220e+04
492,2.1254400000e+07,1.8810928564e+35,-3.8533685700e+35,-1.9722757136e+35,8.2293458771e+41,2.6068807996e+41,3.1321527296e+43,-1.0543471391e+05,-4.6361650077e+04,1.0321963628e+04
493,2.1297600000e+07,1.8810182646e+35,-3.8532801845e+35,-1.9722619199e+35,8.2293501800e+41,2.6068804569e+41,3.1321541882e+43,-1.0543413940e+05,-4.6362022031e+04,1.0321277036e+04
494,2.1340800000e+07,1.8809431808e+35,-3.8531913231e+35,-1.9722481423e+35,8.2293544816e+41,2.6068801152e+41,3.1321556466e+43,-1.0543356489e+05,-4.6362393984e+04,1.0320590444e+04
495,2.1384000000e+07,1.8808676079e+35,-3.8531019903e+35,-1.9722343824e+35,8.2293587819e+41,2.6068797747e+41,3.1321571046e+43,-1.0543299038e+05,-4.6362765937e+04,1.0319903853e+04
496,2.1427200000e+07,1.8807915494e+35,-3.8530121916e+35,-1.9722206422e+35,8.2293630806e+41,2.6068794355e+41,3.1321585623e+43,-1.0543241586e+05,-4.6363137890e+04,1.0319217261e+04
497,2.1470400000e+07,1.8807150103e+35,-3.8529219337e+35,-1.9722069234e+35,8.2293673775e+41,2.6068790978e+41,3.1321600197e+43,-1.0543184135e+05,-4.6363509843e+04,1.0318530669e+04
498,2.1513600000e+07,1.8806379963e+35,-3.8528312240e+35,-1.9721932277e+35,8.2293716725e+41,2.6068787618e+41,3.1321614766e+43,-1.0543126684e+05,-4.6363881796e+04,1.0317844077e+04
499,2.1556800000e+07,1.8805605141e+35,-3.8527400711e+35,-1.9721795570e+35,8.2293759654e+41,2.6068784276e+41,3.1321629332e+43,-1.0543069233e+05,-4.6364253749e+04,1.0317157486e+04
500,2.1600000000e+07,1.8804825715e+35,-3.8526484842e+35,-1.9721659127e+35,8.2293802559e+41,2.6068780954e+41,3.1321643893e+43,-1.0543011782e+05,-4.6364625703e+04,1.0316470894e+04
501,2.1643200000e+07,1.8804041771e+35,-3.8525564735e+35,-1.9721522965e+35,8.2293845440e+41,2.6068777654e+41,3.1321658450e+43,-1.0542954330e+05,-4.6364997656e+04,1.0315784302e+04
502,2.1686400000e+07,1.8803253402e+35,-3.8524640501e+35,-1.9721387099e+35,8.2293888294e+41,2.6068774377e+41,3.1321673003e+43,-1.0542896879e+05,-4.6365369609e+04,1.0315097710e+04
503,2.1729600000e+07,1.8802460713e+35,-3.8523712256e+35,-1.9721251543e+35,8.2293931120e+41,2.6068771125e+41,3.1321687551e+43,-1.0542839428e+05,-4.6365741562e+04,1.0314411119e+04
504,2.1772800000e+07,1.8801663814e+35,-3.8522780125e+35,-1.9721116311e+35,8.2293973916e+41,2.6068767899e+41,3.1321702094e+43,-1.0542781977e+05,-4.6366113515e+04,1.0313724527e+04
505,2.1816000000e+07,1.8800862823e+35,-3.8521844239e+35,-1.9720981416e+35,8.2294016681e+41,2.6068764700e+41,3.1321716631e+43,-1.0542724526e+05,-4.6366485468e+04,1.0313037935e+04
506,2.1859200000e+07,1.8800057864e+35,-3.8520904734e+35,-1.9720846870e+35,8.2294059413e+41,2.6068761530e+41,3.1321731164e+43,-1.0542667074e+05,-4.6366857421e+04,1.0312351343e+04
507,2.1902400000e+07,1.8799249070e+35,-3.8519961754e+35,-1.9720712685e+35,8.2294102111e+41,2.6068758391e+41,3.1321745691e+43,-1.0542609623e+05,-4.6367229374e+04,1.0311664751e+04
508,2.1945600000e+07,1.8798436575e+35,-3.8519015446e+35,-1.9720578871e+35,8.2294144773e+41,2.6068755282e+41,3.1321760213e+43,-1.0542552172e+05,-4.6367601328e+04,1.0310978160e+04
509,2.1988800000e+07,1.8797620523e+35,-3.8518065962e+35,-1.9720445439e+35,8.2294187399e+41,2.6068752207e+41,3.1321774730e+43,-1.0542494721e+05,-4.6367973281e+04,1.0310291568e+04
510,2.2032000000e+07,1.8796801060e+35,-3.8517113457e+35,-1.9720312397e+35,8.2294229986e+41,2.6068749165e+41,3.1321789240e+43,-1.0542437270e+05,-4.6368345234e+04,1.0309604976e+04
511,2.2075200000e+07,1.8795978337e+35,-3.8516158090e+35,-1.9720179753e+35,8.2294272535e+41,2.6068746158e+41,3.1321803745e+43,-1.0542379818e+05,-4.6368717187e+04,1.0308918384e+04
512,2.2118400000e+07,1.8795152508e+35,-3.8515200024e+35,-1.9720047516e+35,8.2294315043e+41,2.6068743186e+41,3.1321818244e+43,-1.0542322367e+05,-4.6369089140e+04,1.0308231793e+04
513,2.2161600000e+07,1.8794323730e+35,-3.8514239423e+35,-1.9719915692e+35,8.2294357510e+41,2.6068740252e+41,3.1321832737e+43,-1.0542264916e+05,-4.6369461093e+04,1.0307545201e+04
514,2.2204800000e+07,1.8793492165e+35,-3.8513276451e+35,-1.9719784287e+35,8.2294399934e+41,2.6068737354e+41,3.1321847223e+43,-1.0542207465e+05,-4.6369833046e+04,1.0306858609e+04
515,2.2248000000e+07,1.8792657973e+35,-3.8512311278e+35,-1.9719653305e+35,8.2294442315e+41,2.6068734495e+41,3.1321861704e+43,-1.0542150014e+05,-4.6370204999e+04,1.0306172017e+04
516,2.2291200000e+07,1.8791821318e+35,-3.8511344069e+35,-1.9719522752e+35,8.2294484653e+41,2.6068731676e+41,3.1321876178e+43,-1.0542092562e+05,-4.6370576953e+04,1.0305485426e+04
517,2.2334400000e+07,1.8790982364e+35,-3.8510374995e+35,-1.9719392630e+35,8.2294526945e+41,2.6068728896e+41,3.1321890645e+43,-1.0542035111e+05,-4.6370948906e+04,1.0304798834e+04
518,2.2377600000e+07,1.8790141277e+35,-3.8509404221e+35,-1.9719262944e+35,8.2294569192e+41,2.6068726156e+41,3.1321905107e+43,-1.0541977660e+05,-4.6371320859e+04,1.0304112242e+04
519,2.2420800000e+07,1.8789298223e+35,-3.8508431917e+35,-1.9719133694e+35,8.2294611393e+41,2.6068723458e+41,3.1321919561e+43,-1.0541920209e+05,-4.6371692812e+04,1.0303425650e+04
520,2.2464000000e+07,1.8788453365e+35,-3.8507458248e+35,-1.9719004883e+35,8.2294653548e+41,2.6068720801e+41,3.1321934010e+43,-1.0541862758e+05,-4.6372064765e+04,1.0302739058e+04
521,2.2507200000e+07,1.8787606868e+35,-3.8506483379e+35,-1.9718876512e+35,8.2294695655e+41,2.6068718186e+41,3.1321948451e+43,-1.0541805306e+05,-4.6372436718e+04,1.0302052467e+04
522,2.2550400000e+07,1.8786758894e+35,-3.8505507474e+35,-1.9718748580e+35,8.2294737715e+41,2.6068715614e+41,3.1321962886e+43,-1.0541747855e+05,-4.6372808671e+04,1.0301365875e+04
523,2.2593600000e+07,1.8785909607e+35,-3.8504530693e+35,-1.9718621087e+35,8.2294779727e+41,2.6068713084e+41,3.1321977315e+43,-1.0541690404e+05,-4.6373180625e+04,1.0300679283e+04
524,2.2636800000e+07,1.8785059164e+35,-3.8503553196e+35,-1.9718494032e+35,8.2294821690e+41,2.6068710598e+41,3.1321991736e+43,-1.0541632953e+05,-4.6373552578e+04,1.0299992691e+04
525,2.2680000000e+07,1.8784207724e+35,-3.8502575139e+35,-1.9718367415e+35,8.2294863605e+41,2.6068708155e+41,3.1322006151e+43,-1.0541575502e+05,-4.6373924531e+04,1.0299306100e+04
526,2.2723200000e+07,1.8783355441e+35,-3.8501596673e+35,-1.9718241232e+35,8.2294905472e+41,2.6068705755e+41,3.1322020559e+43,-1.0541518050e+05,-4.6374296484e+04,1.0298619508e+04
527,2.2766400000e+07,1.8782502468e+35,-3.8500617950e+35,-1.9718115482e+35,8.2294947289e+41,2.6068703399e+41,3.1322034961e+43,-1.0541460599e+05,-4.6374668437e+04,1.0297932916e+04
528,2.2809600000e+07,1.8781648955e+35,-3.8499639116e+35,-1.9717990161e+35,8.2294989058e+41,2.6068701086e+41,3.1322049355e+43,-1.0541403148e+05,-4.6375040390e+04,1.0297246324e+04
529,2.2852800000e+07,1.8780795047e+35,-3.8498660313e+35,-1.9717865267e+35,8.2295030778e+41,2.6068698818e+41,3.1322063743e+43,-1.0541345697e+05,-4.6375412344e+04,1.0296559732e+04
530,2.2896000000e+07,1.8779940886e+35,-3.8497681681e+35,-1.9717740795e+35,8.2295072448e+41,2.6068696593e+41,3.1322078125e+43,-1.0541288246e+05,-4.6375784297e+04,1.0295873141e+04
531,2.2939200000e+07,1.8779086613e+35,-3.8496703355e+35,-1.9717616741e+35,8.2295114070e+41,2.6068694412e+41,3.1322092499e+43,-1.0541230794e+05,-4.6376156250e+04,1.0295186549e+04
532,2.2982400000e+07,1.8778232363e+35,-3.8495725465e+35,-1.9717493102e+35,8.2295155643e+41,2.6068692275e+41,3.1322106867e+43,-1.0541173343e+05,-4.6376528203e+04,1.0294499957e+04
533,2.3025600000e+07,1.8777378267e+35,-3.8494748139e+35,-1.9717369871e+35,8.2295197167e+41,2.6068690181e+41,3.1322121228e+43,-1.0541115892e+05,-4.6376900156e+04,1.0293813365e+04
534,2.3068800000e+07,1.8776524453e+35,-3.8493771498e+35,-1.9717247046e+35,8.2295238642e+41,2.6068688131e+41,3.1322135583e+43,-1.0541058441e+05,-4.6377272109e+04,1.0293126774e+04
535,2.3112000000e+07,1.8775671044e+35,-3.8492795663e+35,-1.9717124619e+35,8.2295280069e+41,2.6068686124e+41,3.1322149930e+43,-1.0541000990e+05,-4.6377644062e+04,1.0292440182e+04
536,2.3155200000e+07,1.8774818159e+35,-3.8491820746e+35,-1.9717002586e+35,8.2295321448e+41,2.6068684161e+41,3.1322164272e+43,-1.0540943538e+05,-4.6378016015e+04,1.0291753590e+04
537,2.3198400000e+07,1.8773965915e+35,-3.8490846856e+35,-1.9716880941e+35,8.2295362779e+41,2.6068682240e+41,3.1322178606e+43,-1.0540886087e+05,-4.6378387969e+04,1.0291066998e+04
538,2.3241600000e+07,1.8773114421e+35,-3.8489874100e+35,-1.9716759679e+35,8.2295404063e+41,2.6068680362e+41,3.1322192935e+43,-1.0540828636e+05,-4.6378759922e+04,1.0290380407e+04
539,2.3284800000e+07,1.8772263785e+35,-3.8488902577e+35,-1.9716638792e+35,8.2295445299e+41,2.6068678526e+41,3.1322207257e+43,-1.0540771185e+05,-4.6379131875e+04,1.0289693815e+04
540,2.3328000000e+07,1.8771414109e+35,-3.8487932385e+35,-1.9716518276e+35,8.2295486488e+41,2.6068676732e+41,3.1322221572e+43,-1.0540713734e+05,-4.6379503828e+04,1.0289007223e+04
541,2.3371200000e+07,1.8770565490e+35,-3.8486963614e+35,-1.9716398124e+35,8.2295527631e+41,2.6068674980e+41,3.1322235881e+43,-1.0540656282e+05,-4.6379875781e+04,1.0288320631e+04
542,2.3414400000e+07,1.8769718023e+35,-3.8485996353e+35,-1.9716278330e+35,8.2295568727e+41,2.6068673269e+41,3.1322250184e+43,-1.0540598831e+05,-4.6380247734e+04,1.0287634039e+04
543,2.3457600000e+07,1.8768871797e+35,-3.8485030684e+35,-1.9716158887e+35,8.2295609778e+41,2.6068671599e+41,3.1322264480e+43,-1.0540541380e+05,-4.6380619687e+04,1.0286947448e+04
544,2.3500800000e+07,1.8768026898e+35,-3.8484066687e+35,-1.9716039789e+35,8.2295650783e+41,2.6068669970e+41,3.1322278770e+43,-1.0540483929e+05,-4.6380991640e+04,1.0286260856e+04
545,2.3544000000e+07,1.8767183407e+35,-3.8483104436e+35,-1.9715921029e+35,8.2295691744e+41,2.6068668381e+41,3.1322293054e+43,-1.0540426478e+05,-4.6381363594e+04,1.0285574264e+04
546,2.3587200000e+07,1.8766341400e+35,-3.8482144002e+35,-1.9715802602e+35,8.2295732660e+41,2.6068666832e+41,3.1322307332e+43,-1.0540369026e+05,-4.6381735547e+04,1.0284887672e+04
547,2.3630400000e+07,1.8765500952e+35,-3.8481185451e+35,-1.9715684500e+35,8.2295773533e+41,2.6068665322e+41,3.1322321604e+43,-1.0540311575e+05,-4.6382107500e+04,1.0284201081e+04
548,2.3673600000e+07,1.8764662131e+35,-3.8480228847e+35,-1.9715566717e+35,8.2295814362e+41,2.6068663851e+41,3.1322335870e+43,-1.0540254124e+05,-4.6382479453e+04,1.0283514489e+04
549,2.3716800000e+07,1.8763825002e+35,-3.8479274248e+35,-1.9715449246e+35,8.2295855148e+41,2.6068662418e+41,3.1322350130e+43,-1.0540196673e+05,-4.6382851406e+04,1.0282827897e+04
550,2.3760000000e+07,1.8762989627e+35,-3.8478321709e+35,-1.9715332082e+35,8.2295895892e+41,2.6068661024e+41,3.1322364385e+43,-1.0540139222e+05,-4.6383223359e+04,1.0282141305e+04
551,2.3803200000e+07,1.8762156063e+35,-3.8477371281e+35,-1.9715215218e+35,8.2295936593e+41,2.6068659667e+41,3.1322378633e+43,-1.0540081770e+05,-4.6383595312e+04,1.0281454714e+04
552,2.3846400000e+07,1.8761324365e+35,-3.8476423012e+35,-1.9715098648e+35,8.2295977254e+41,2.6068658347e+41,3.1322392876e+43,-1.0540024319e+05,-4.6383967266e+04,1.0280768122e+04
553,2.3889600000e+07,1.8760494583e+35,-3.8475476947e+35,-1.9714982364e+35,8.2296017874e+41,2.6068657063e+41,3.1322407113e+43,-1.0539966868e+05,-4.6384339219e+04,1.0280081530e+04
554,2.3932800000e+07,1.8759666764e+35,-3.8474533125e+35,-1.9714866362e+35,8.2296058453e+41,2.6068655815e+41,3.1322421344e+43,-1.0539909417e+05,-4.6384711172e+04,1.0279394938e+04
555,2.3976000000e+07,1.8758840952e+35,-3.8473591586e+35,-1.9714750634e+35,8.2296098993e+41,2.6068654603e+41,3.1322435570e+43,-1.0539851966e+05,-4.6385083125e+04,1.0278708346e+04
556,2.4019200000e+07,1.8758017187e+35,-3.8472652362e+35,-1.9714635175e+35,8.2296139494e+41,2.6068653426e+41,3.1322449791e+43,-1.0539794514e+05,-4.6385455078e+04,1.0278021755e+04
557,2.4062400000e+07,1.8757195507e+35,-3.8471715486e+35,-1.9714519980e+35,8.2296179956e+41,2.6068652284e+41,3.1322464006e+43,-1.0539737063e+05,-4.6385827031e+04,1.0277335163e+04
558,2.4105600000e+07,1.8756375946e+35,-3.8470780986e+35,-1.9714405041e+35,8.2296220380e+41,2.6068651175e+41,3.1322478216e+43,-1.0539679612e+05,-4.6386198984e+04,1.0276648571e+04
559,2.4148800000e+07,1.8755558535e+35,-3.8469848888e+35,-1.9714290353e+35,8.2296260767e+41,2.6068650100e+41,3.1322492421e+43,-1.0539622161e+05,-4.6386570938e+04,1.0275961979e+04
560,2.4192000000e+07,1.8754743303e+35,-3.8468919214e+35,-1.9714175911e+35,8.2296301116e+41,2.6068649058e+41,3.1322506620e+43,-1.0539564710e+05,-4.6386942891e+04,1.0275275388e+04
561,2.4235200000e+07,1.8753930276e+35,-3.8467991984e+35,-1.9714061708e+35,8.2296341430e+41,2.6068648048e+41,3.1322520814e+43,-1.0539507258e+05,-4.6387314844e+04,1.0274588796e+04
562,2.4278400000e+07,1.8753119476e+35,-3.8467067217e+35,-1.9713947740e+35,8.2296381707e+41,2.6068647071e+41,3.1322535003e+43,-1.0539449807e+05,-4.6387686797e+04,1.0273902204e+04
563,2.4321600000e+07,1.8752310925e+35,-3.8466144927e+35,-1.9713834001e+35,8.2296421949e+41,2.6068646125e+41,3.1322549188e+43,-1.0539392356e+05,-4.6388058750e+04,1.0273215612e+04
564,2.4364800000e+07,1.8751504641e+35,-3.8465225127e+35,-1.9713720486e+35,8.2296462157e+41,2.6068645210e+41,3.1322563367e+43,-1.0539334905e+05,-4.6388430703e+04,1.0272529020e+04
565,2.4408000000e+07,1.8750700639e+35,-3.8464307829e+35,-1.9713607189e+35,8.2296502330e+41,2.6068644325e+41,3.1322577542e+43,-1.0539277454e+05,-4.6388802656e+04,1.0271842429e+04
566,2.4451200000e+07,1.8749898933e+35,-3.8463393040e+35,-1.9713494106e+35,8.2296542469e+41,2.6068643471e+41,3.1322591711e+43,-1.0539220002e+05,-4.6389174610e+04,1.0271155837e+04
567,2.4494400000e+07,1.8749099535e+35,-3.8462480767e+35,-1.9713381232e+35,8.2296582576e+41,2.6068642646e+41,3.1322605876e+43,-1.0539162551e+05,-4.6389546563e+04,1.0270469245e+04
568,2.4537600000e+07,1.8748302454e+35,-3.8461571015e+35,-1.9713268561e+35,8.2296622650e+41,2.6068641850e+41,3.1322620036e+43,-1.0539105100e+05,-4.6389918516e+04,1.0269782653e+04
569,2.4580800000e+07,1.8747507697e+35,-3.8460663786e+35,-1.9713156089e+35,8.2296662691e+41,2.6068641082e+41,3.1322634192e+43,-1.0539047649e+05,-4.6390290469e+04,1.0269096062e+04
570,2.4624000000e+07,1.8746715270e+35,-3.8459759081e+35,-1.9713043811e+35,8.2296702701e+41,2.6068640343e+41,3.1322648343e+43,-1.0538990198e+05,-4.6390662422e+04,1.0268409470e+04
571,2.4667200000e+07,1.8745925177e+35,-3.8458856901e+35,-1.9712931724e+35,8.2296742680e+41,2.6068639631e+41,3.1322662490e+43,-1.0538932746e+05,-4.6391034375e+04,1.0267722878e+04
572,2.4710400000e+07,1.8745137419e+35,-3.8457957241e+35,-1.9712819822e+35,8.2296782629e+41,2.6068638946e+41,3.1322676632e+43,-1.0538875295e+05,-4.6391406328e+04,1.0267036286e+04
573,2.4753600000e+07,1.8744351998e+35,-3.8457060099e+35,-1.9712708101e+35,8.2296822547e+41,2.6068638288e+41,3.1322690770e+43,-1.0538817844e+05,-4.6391778282e+04,1.0266349695e+04
574,2.4796800000e+07,1.8743568913e+35,-3.8456165470e+35,-1.9712596557e+35,8.2296862436e+41,2.6068637656e+41,3.1322704904e+43,-1.0538760393e+05,-4.6392150235e+04,1.0265663103e+04
575,2.4840000000e+07,1.8742788159e+35,-3.8455273346e+35,-1.9712485186e+35,8.2296902295e+41,2.6068637050e+41,3.1322719033e+43,-1.0538702942e+05,-4.6392522188e+04,1.0264976511e+04
576,2.4883200000e+07,1.8742009735e+35,-3.8454383720e+35,-1.9712373985e+35,8.2296942126e+41,2.6068636469e+41,3.1322733158e+43,-1.0538645490e+05,-4.6392894141e+04,1.0264289919e+04
577,2.4926400000e+07,1.8741233634e+35,-3.8453496582e+35,-1.9712262948e+35,8.2296981929e+41,2.6068635913e+41,3.1322747279e+43,-1.0538588039e+05,-4.6393266094e+04,1.0263603327e+04
578,2.4969600000e+07,1.8740459850e+35,-3.8452611923e+35,-1.9712152073e+35,8.2297021704e+41,2.6068635381e+41,3.1322761396e+43,-1.0538530588e+05,-4.6393638047e+04,1.0262916736e+04
579,2.5012800000e+07,1.8739688375e+35,-3.8451729731e+35,-1.9712041356e+35,8.2297061452e+41,2.6068634873e+41,3.1322775509e+43,-1.0538473137e+05,-4.6394010000e+04,1.0262230144e+04
580,2.5056000000e+07,1.8738919200e+35,-3.8450849993e+35,-1.9711930793e+35,8.2297101173e+41,2.6068634389e+41,3.1322789618e+43,-1.0538415686e+05,-4.6394381953e+04,1.0261543552e+04
581,2.5099200000e+07,1.8738152316e+35,-3.8449972698e+35,-1.9711820381e+35,8.2297140867e+41,2.6068633928e+41,3.1322803723e+43,-1.0538358234e+05,-4.6394753907e+04,1.0260856960e+04
582,2.5142400000e+07,1.8737387712e+35,-3.8449097829e+35,-1.9711710117e+35,8.2297180536e+41,2.6068633490e+41,3.1322817824e+43,-1.0538300783e+05,-4.6395125860e+04,1.0260170369e+04
583,2.5185600000e+07,1.8736625376e+35,-3.8448225373e+35,-1.9711599997e+35,8.2297220179e+41,2.6068633074e+41,3.1322831922e+43,-1.0538243332e+05,-4.6395497813e+04,1.0259483777e+04
584,2.5228800000e+07,1.8735865295e+35,-3.8447355313e+35,-1.9711490018e+35,8.2297259797e+41,2.6068632679e+41,3.1322846015e+43,-1.0538185881e+05,-4.6395869766e+04,1.0258797185e+04
585,2.5272000000e+07,1.8735107456e+35,-3.8446487633e+35,-1.9711380177e+35,8.2297299390e+41,2.6068632307e+41,3.1322860105e+43,-1.0538128430e+05,-4.6396241719e+04,1.0258110593e+04
586,2.5315200000e+07,1.8734351844e+35,-3.8445622315e+35,-1.9711270471e+35,8.2297338959e+41,2.6068631955e+41,3.1322874192e+43,-1.0538070978e+05,-4.6396613672e+04,1.0257424002e+04
587,2.5358400000e+07,1.8733598445e+35,-3.8444759343e+35,-1.9711160898e+35,8.2297378504e+41,2.6068631624e+41,3.1322888274e+43,-1.0538013527e+05,-4.6396985626e+04,1.0256737410e+04
588,2.5401600000e+07,1.8732847244e+35,-3.8443898697e+35,-1.9711051454e+35,8.2297418025e+41,2.6068631314e+41,3.1322902353e+43,-1.0537956076e+05,-4.6397357579e+04,1.0256050818e+04
589,2.5444800000e+07,1.8732098222e+35,-3.8443040359e+35,-1.9710942137e+35,8.2297457523e+41,2.6068631024e+41,3.1322916429e+43,-1.0537898625e+05,-4.6397729532e+04,1.0255364226e+04
590,2.5488000000e+07,1.8731351365e+35,-3.8442184309e+35,-1.9710832944e+35,8.2297496998e+41,2.6068630753e+41,3.1322930501e+43,-1.0537841174e+05,-4.6398101485e+04,1.0254677634e+04
591,2.5531200000e+07,1.8730606655e+35,-3.8441330528e+35,-1.9710723873e+35,8.2297536451e+41,2.6068630501e+41,3.1322944569e+43,-1.0537783722e+05,-4.6398473438e+04,1.0253991043e+04
592,2.5574400000e+07,1.8729864073e+35,-3.8440478994e+35,-1.9710614921e+35,8.2297575881e+41,2.6068630269e+41,3.1322958634e+43,-1.0537726271e+05,-4.6398845391e+04,1.0253304451e+04
593,2.5617600000e+07,1.8729123601e+35,-3.8439629687e+35,-1.9710506086e+35,8.2297615290e+41,2.6068630055e+41,3.1322972696e+43,-1.0537668820e+05,-4.6399217345e+04,1.0252617859e+04
594,2.5660800000e+07,1.8728385221e+35,-3.8438782587e+35,-1.9710397366e+35,8.2297654677e+41,2.6068629859e+41,3.1322986754e+43,-1.0537611369e+05,-4.6399589298e+04,1.0251931267e+04
595,2.5704000000e+07,1.8727648914e+35,-3.8437937672e+35,-1.9710288758e+35,8.2297694043e+41,2.6068629682e+41,3.1323000810e+43,-1.0537553918e+05,-4.6399961251e+04,1.0251244676e+04
596,2.5747200000e+07,1.8726914660e+35,-3.8437094920e+35,-1.9710180260e+35,8.2297733388e+41,2.6068629522e+41,3.1323014861e+43,-1.0537496466e+05,-4.6400333204e+04,1.0250558084e+04
597,2.5790400000e+07,1.8726182439e+35,-3.8436254310e+35,-1.9710071870e+35,8.2297772713e+41,2.6068629379e+41,3.1323028910e+43,-1.0537439015e+05,-4.6400705157e+04,1.0249871492e+04
598,2.5833600000e+07,1.8725452232e+35,-3.8435415819e+35,-1.9709963587e+35,8.2297812018e+41,2.6068629253e+41,3.1323042956e+43,-1.0537381564e+05,-4.6401077110e+04,1.0249184900e+04
599,2.5876800000e+07,1.8724724017e+35,-3.8434579425e+35,-1.9709855408e+35,8.2297851302e+41,2.6068629144e+41,3.1323056998e+43,-1.0537324113e+05,-4.6401449063e+04,1.0248498308e+04
600,2.5920000000e+07,1.8723997775e+35,-3.8433745106e+35,-1.9709747331e+35,8.2297890567e+41,2.6068629051e+41,3.1323071037e+43,-1.0537266661e+05,-4.6401821016e+04,1.0247811717e+04
601,2.5963200000e+07,1.8723273485e+35,-3.8432912840e+35,-1.9709639355e+35,8.2297929812e+41,2.6068628974e+41,3.1323085074e+43,-1.0537209210e+05,-4.6402192970e+04,1.0247125125e+04
602,2.6006400000e+07,1.8722551125e+35,-3.8432082603e+35,-1.9709531478e+35,8.2297969038e+41,2.6068628914e+41,3.1323099107e+43,-1.0537151759e+05,-4.6402564923e+04,1.0246438533e+04
603,2.6049600000e+07,1.8721830675e+35,-3.8431254373e+35,-1.9709423698e+35,8.2298008246e+41,2.6068628868e+41,3.1323113137e+43,-1.0537094308e+05,-4.6402936876e+04,1.0245751941e+04
604,2.6092800000e+07,1.8721112114e+35,-3.8430428127e+35,-1.9709316013e+35,8.2298047435e+41,2.6068628838e+41,3.1323127164e+43,-1.0537036857e+05,-4.6403308829e+04,1.0245065350e+04
605,2.6136000000e+07,1.8720395420e+35,-3.8429603843e+35,-1.9709208423e+35,8.2298086605e+41,2.6068628823e+41,3.1323141188e+43,-1.0536979405e+05,-4.6403680782e+04,1.0244378758e+04
606,2.6179200000e+07,1.8719680572e+35,-3.8428781497e+35,-1.9709100925e+35,8.2298125757e+41,2.6068628823e+41,3.1323155209e+43,-1.0536921954e+05,-4.6404052735e+04,1.0243692166e+04
607,2.6222400000e+07,1.8718967549e+35,-3.8427961067e+35,-1.9708993518e+35,8.2298164892e+41,2.6068628837e+41,3.1323169228e+43,-1.0536864503e+05,-4.6404424688e+04,1.0243005574e+04
608,2.6265600000e+07,1.8718256329e+35,-3.8427142530e+35,-1.9708886201e+35,8.2298204009e+41,2.6068628865e+41,3.1323183243e+43,-1.0536807052e+05,-4.6404796641e+04,1.0242318983e+04
609,2.6308800000e+07,1.8717546890e+35,-3.8426325862e+35,-1.9708778972e+35,8.2298243108e+41,2.6068628907e+41,3.1323197256e+43,-1.0536749601e+05,-4.6405168595e+04,1.0241632391e+04
610,2.6352000000e+07,1.8716839212e+35,-3.8425511042e+35,-1.9708671831e+35,8.2298282190e+41,2.6068628963e+41,3.1323211266e+43,-1.0536692149e+05,-4.6405540548e+04,1.0240945799e+04
611,2.6395200000e+07,1.8716133272e+35,-3.8424698047e+35,-1.9708564775e+35,8.2298321255e+41,2.6068629033e+41,3.1323225273e+43,-1.0536634698e+05,-4.6405912501e+04,1.0240259207e+04
612,2.6438400000e+07,1.8715429050e+35,-3.8423886854e+35,-1.9708457803e+35,8.2298360303e+41,2.6068629115e+41,3.1323239277e+43,-1.0536577247e+05,-4.6406284454e+04,1.0239572615e+04
613,2.6481600000e+07,1.8714726524e+35,-3.8423077440e+35,-1.9708350916e+35,8.2298399335e+41,2.6068629211e+41,3.1323253279e+43,-1.0536519796e+05,-4.6406656407e+04,1.0238886024e+04
614,2.6524800000e+07,1.8714025673e+35,-3.8422269783e+35,-1.9708244110e+35,8.2298438350e+41,2.6068629319e+41,3.1323267278e+43,-1.0536462345e+05,-4.6407028360e+04,1.0238199432e+04
615,2.6568000000e+07,1.8713326475e+35,-3.8421463861e+35,-1.9708137387e+35,8.2298477350e+41,2.6068629440e+41,3.1323281274e+43,-1.0536404893e+05,-4.6407400313e+04,1.0237512840e+04
616,2.6611200000e+07,1.8712628909e+35,-3.8420659652e+35,-1.9708030743e+35,8.2298516333e+41,2.6068629574e+41,3.1323295268e+43,-1.0536347442e+05,-4.6407772266e+04,1.0236826248e+04
617,2.6654400000e+07,1.8711932955e+35,-3.8419857134e+35,-1.9707924179e+35,8.2298555300e+41,2.6068629719e+41,3.1323309259e+43,-1.0536289991e+05,-4.6408144219e+04,1.0236139657e+04
618,2.6697600000e+07,1.8711238591e+35,-3.8419056284e+35,-1.9707817693e+35,8.2298594251e+41,2.6068629877e+41,3.1323323247e+43,-1.0536232540e+05,-4.6408516173e+04,1.0235453065e+04
619,2.6740800000e+07,1.8710545796e+35,-3.8418257081e+35,-1.9707711285e+35,8.2298633187e+41,2.6068630046e+41,3.1323337233e+43,-1.0536175089e+05,-4.6408888126e+04,1.0234766473e+04
620,2.6784000000e+07,1.8709854551e+35,-3.8417459505e+35,-1.9707604954e+35,8.2298672108e+41,2.6068630226e+41,3.1323351216e+43,-1.0536117637e+05,-4.6409260079e+04,1.0234079881e+04
621,2.6827200000e+07,1.8709164834e+35,-3.8416663532e+35,-1.9707498698e+35,8.2298711013e+41,2.6068630418e+41,3.1323365196e+43,-1.0536060186e+05,-4.6409632032e+04,1.0233393290e+04
622,2.6870400000e+07,1.8708476625e+35,-3.8415869143e+35,-1.9707392518e+35,8.2298749903e+41,2.6068630621e+41,3.1323379174e+43,-1.0536002735e+05,-4.6410003985e+04,1.0232706698e+04
623,2.6913600000e+07,1.8707789903e+35,-3.8415076316e+35,-1.9707286412e+35,8.2298788778e+41,2.6068630835e+41,3.1323393150e+43,-1.0535945284e+05,-4.6410375938e+04,1.0232020106e+04
624,2.6956800000e+07,1.8707104650e+35,-3.8414285030e+35,-1.9707180380e+35,8.2298827639e+41,2.6068631060e+41,3.1323407122e+43,-1.0535887833e+05,-4.6410747891e+04,1.0231333514e+04
625,2.7000000000e+07,1.8706420844e+35,-3.8413495266e+35,-1.9707074421e+35,8.2298866484e+41,2.6068631295e+41,3.1323421093e+43,-1.0535830381e+05,-4.6411119845e+04,1.0230646922e+04
626,2.7043200000e+07,1.8705738467e+35,-3.8412707002e+35,-1.9706968535e+35,8.2298905316e+41,2.6068631541e+41,3.1323435061e+43,-1.0535772930e+05,-4.6411491798e+04,1.0229960331e+04
627,2.7086400000e+07,1.8705057498e+35,-3.8411920219e+35,-1.9706862720e+35,8.2298944132e+41,2.6068631797e+41,3.1323449026e+43,-1.0535715479e+05,-4.6411863751e+04,1.0229273739e+04
628,2.7129600000e+07,1.8704377919e+35,-3.8411134896e+35,-1.9706756977e+35,8.2298982935e+41,2.6068632063e+41,3.1323462989e+43,-1.0535658028e+05,-4.6412235704e+04,1.0228587147e+04
629,2.7172800000e+07,1.8703699711e+35,-3.8410351015e+35,-1.9706651304e+35,8.2299021723e+41,2.6068632340e+41,3.1323476950e+43,-1.0535600577e+05,-4.6412607657e+04,1.0227900555e+04
630,2.7216000000e+07,1.8703022854e+35,-3.8409568556e+35,-1.9706545702e+35,8.2299060497e+41,2.6068632625e+41,3.1323490908e+43,-1.0535543125e+05,-4.6412979610e+04,1.0227213964e+04
631,2.7259200000e+07,1.8702347330e+35,-3.8408787499e+35,-1.9706440169e+35,8.2299099258e+41,2.6068632921e+41,3.1323504864e+43,-1.0535485674e+05,-4.6413351563e+04,1.0226527372e+04
632,2.7302400000e+07,1.8701673121e+35,-3.8408007826e+35,-1.9706334706e+35,8.2299138004e+41,2.6068633226e+41,3.1323518817e+43,-1.0535428223e+05,-4.6413723516e+04,1.0225840780e+04
633,2.7345600000e+07,1.8701000208e+35,-3.8407229519e+35,-1.9706229311e+35,8.2299176737e+41,2.6068633540e+41,3.1323532768e+43,-1.0535370772e+05,-4.6414095470e+04,1.0225154188e+04
634,2.7388800000e+07,1.8700328573e+35,-3.8406452558e+35,-1.9706123985e+35,8.2299215456e+41,2.6068633863e+41,3.1323546716e+43,-1.0535313321e+05,-4.6414467423e+04,1.0224467596e+04
635,2.7432000000e+07,1.8699658200e+35,-3.8405676927e+35,-1.9706018727e+35,8.2299254161e+41,2.6068634195e+41,3.1323560663e+43,-1.0535255869e+05,-4.6414839376e+04,1.0223781005e+04
636,2.7475200000e+07,1.8698989070e+35,-3.8404902606e+35,-1.9705913536e+35,8.2299292853e+41,2.6068634537e+41,3.1323574606e+43,-1.0535198418e+05,-4.6415211329e+04,1.0223094413e+04
637,2.7518400000e+07,1.8698321166e+35,-3.8404129579e+35,-1.9705808413e+35,8.2299331531e+41,2.6068634887e+41,3.1323588548e+43,-1.0535140967e+05,-4.6415583282e+04,1.0222407821e+04
638,2.7561600000e+07,1.8697654471e+35,-3.8403357828e+35,-1.9705703357e+35,8.2299370196e+41,2.6068635245e+41,3.1323602487e+43,-1.0535083516e+05,-4.6415955235e+04,1.0221721229e+04
639,2.7604800000e+07,1.8696988969e+35,-3.8402587337e+35,-1.9705598368e+35,8.2299408848e+41,2.6068635612e+41,3.1323616424e+43,-1.0535026065e+05,-4.6416327189e+04,1.0221034638e+04
640,2.7648000000e+07,1.8696324643e+35,-3.8401818088e+35,-1.9705493445e+35,8.2299447486e+41,2.6068635987e+41,3.1323630358e+43,-1.0534968613e+05,-4.6416699142e+04,1.0220348046e+04
641,2.7691200000e+07,1.8695661477e+35,-3.8401050066e+35,-1.9705388589e+35,8.2299486112e+41,2.6068636371e+41,3.1323644290e+43,-1.0534911162e+05,-4.6417071095e+04,1.0219661454e+04
642,2.7734400000e+07,1.8694999455e+35,-3.8400283254e+35,-1.9705283799e+35,8.2299524724e+41,2.6068636762e+41,3.1323658220e+43,-1.0534853711e+05,-4.6417443048e+04,1.0218974862e+04
643,2.7777600000e+07,1.8694338561e+35,-3.8399517636e+35,-1.9705179074e+35,8.2299563323e+41,2.6068637162e+41,3.1323672148e+43,-1.0534796260e+05,-4.6417815001e+04,1.0218288271e+04
644,2.7820800000e+07,1.8693678781e+35,-3.8398753196e+35,-1.9705074415e+35,8.2299601910e+41,2.6068637569e+41,3.1323686073e+43,-1.0534738809e+05,-4.6418186954e+04,1.0217601679e+04
645,2.7864000000e+07,1.8693020098e+35,-3.8397989920e+35,-1.9704969822e+35,8.2299640483e+41,2.6068637984e+41,3.1323699996e+43,-1.0534681357e+05,-4.6418558907e+04,1.0216915087e+04
646,2.7907200000e+07,1.8692362499e+35,-3.8397227793e+35,-1.9704865294e+35,8.2299679044e+41,2.6068638407e+41,3.1323713917e+43,-1.0534623906e+05,-4.6418930860e+04,1.0216228495e+04
647,2.7950400000e+07,1.8691705968e+35,-3.8396466799e+35,-1.9704760831e+35,8.2299717592e+41,2.6068638837e+41,3.1323727835e+43,-1.0534566455e+05,-4.6419302814e+04,1.0215541903e+04
648,2.7993600000e+07,1.8691050492e+35,-3.8395706925e+35,-1.9704656433e+35,8.2299756127e+41,2.6068639275e+41,3.1323741751e+43,-1.0534509004e+05,-4.6419674767e+04,1.0214855312e+04
649,2.8036800000e+07,1.8690396056e+35,-3.8394948156e+35,-1.9704552100e+35,8.2299794649e+41,2.6068639720e+41,3.1323755665e+43,-1.0534451553e+05,-4.6420046720e+04,1.0214168720e+04
650,2.8080000000e+07,1.8689742646e+35,-3.8394190479e+35,-1.9704447832e+35,8.2299833159e+41,2.6068640172e+41,3.1323769577e+43,-1.0534394101e+05,-4.6420418673e+04,1.0213482128e+04
651,2.8123200000e+07,1.8689090250e+35,-3.8393433879e+35,-1.9704343629e+35,8.2299871656e+41,2.6068640631e+41,3.1323783486e+43,-1.0534336650e+05,-4.6420790626e+04,1.0212795536e+04
652,2.8166400000e+07,1.8688438854e+35,-3.8392678345e+35,-1.9704239491e+35,8.2299910141e+41,2.6068641097e+41,3.1323797394e+43,-1.0534279199e+05,-4.6421162579e+04,1.0212108945e+04
653,2.8209600000e+07,1.8687788445e+35,-3.8391923862e+35,-1.9704135417e+35,8.2299948613e+41,2.6068641570e+41,3.1323811299e+43,-1.0534221748e+05,-4.6421534532e+04,1.0211422353e+04
654,2.8252800000e+07,1.8687139011e+35,-3.8391170419e+35,-1.9704031408e+35,8.2299987073e+41,2.6068642050e+41,3.1323825201e+43,-1.0534164297e+05,-4.6421906485e+04,1.0210735761e+04
655,2.8296000000e+07,1.8686490539e+35,-3.8390418003e+35,-1.9703927464e+35,8.2300025520e+41,2.6068642536e+41,3.1323839102e+43,-1.0534106845e+05,-4.6422278439e+04,1.0210049169e+04
656,2.8339200000e+07,1.8685843018e+35,-3.8389666602e+35,-1.9703823584e+35,8.2300063954e+41,2.6068643029e+41,3.1323853000e+43,-1.0534049394e+05,-4.6422650392e+04,1.0209362578e+04
657,2.8382400000e+07,1.8685196435e+35,-3.8388916204e+35,-1.9703719769e+35,8.2300102376e+41,2.6068643528e+41,3.1323866896e+43,-1.0533991943e+05,-4.6423022345e+04,1.0208675986e+04
658,2.8425600000e+07,1.8684550779e+35,-3.8388166798e+35,-1.9703616019e+35,8.2300140786e+41,2.6068644034e+41,3.1323880790e+43,-1.0533934492e+05,-4.6423394298e+04,1.0207989394e+04
659,2.8468800000e+07,1.8683906040e+35,-3.8387418373e+35,-1.9703512334e+35,8.2300179183e+41,2.6068644546e+41,3.1323894681e+43,-1.0533877041e+05,-4.6423766251e+04,1.0207302802e+04
660,2.8512000000e+07,1.8683262206e+35,-3.8386670918e+35,-1.9703408713e+35,8.2300217568e+41,2.6068645065e+41,3.1323908571e+43,-1.0533819589e+05,-4.6424138204e+04,1.0206616210e+04
661,2.8555200000e+07,1.8682619266e+35,-3.8385924423e+35,-1.9703305157e+35,8.2300255941e+41,2.6068645589e+41,3.1323922458e+43,-1.0533762138e+05,-4.6424510157e+04,1.0205929619e+04
662,2.8598400000e+07,1.8681977211e+35,-3.8385178877e+35,-1.9703201666e+35,8.2300294301e+41,2.6068646120e+41,3.1323936343e+43,-1.0533704687e+05,-4.6424882110e+04,1.0205243027e+04
663,2.8641600000e+07,1.8681336030e+35,-3.8384434270e+35,-1.9703098240e+35,8.2300332649e+41,2.6068646657e+41,3.1323950226e+43,-1.0533647236e+05,-4.6425254063e+04,1.0204556435e+04
664,2.8684800000e+07,1.8680695714e+35,-3.8383690593e+35,-1.9702994879e+35,8.2300370985e+41,2.6068647199e+41,3.1323964106e+43,-1.0533589785e+05,-4.6425626016e+04,1.0203869843e+04
665,2.8728000000e+07,1.8680056253e+35,-3.8382947836e+35,-1.9702891583e+35,8.2300409308e+41,2.6068647747e+41,3.1323977984e+43,-1.0533532333e+05,-4.6425997970e+04,1.0203183252e+04
666,2.8771200000e+07,1.8679417639e+35,-3.8382205991e+35,-1.9702788352e+35,8.2300447619e+41,2.6068648301e+41,3.1323991861e+43,-1.0533474882e+05,-4.6426369923e+04,1.0202496660e+04
667,2.8814400000e+07,1.8678779861e+35,-3.8381465048e+35,-1.9702685187e+35,8.2300485918e+41,2.6068648861e+41,3.1324005734e+43,-1.0533417431e+05,-4.6426741876e+04,1.0201810068e+04
668,2.8857600000e+07,1.8678142913e+35,-3.8380725000e+35,-1.9702582087e+35,8.2300524204e+41,2.6068649426e+41,3.1324019606e+43,-1.0533359980e+05,-4.6427113829e+04,1.0201123476e+04
669,2.8900800000e+07,1.8677506785e+35,-3.8379985837e+35,-1.9702479052e+35,8.2300562478e+41,2.6068649997e+41,3.1324033476e+43,-1.0533302529e+05,-4.6427485782e+04,1.0200436885e+04
670,2.8944000000e+07,1.8676871470e+35,-3.8379247553e+35,-1.9702376083e+35,8.2300600740e+41,2.6068650574e+41,3.1324047343e+43,-1.0533245077e+05,-4.6427857735e+04,1.0199750293e+04
671,2.8987200000e+07,1.8676236959e+35,-3.8378510139e+35,-1.9702273180e+35,8.2300638990e+41,2.6068651155e+41,3.1324061208e+43,-1.0533187626e+05,-4.6428229688e+04,1.0199063701e+04
672,2.9030400000e+07,1.8675603246e+35,-3.8377773589e+35,-1.9702170343e+35,8.2300677227e+41,2.6068651742e+41,3.1324075071e+43,-1.0533130175e+05,-4.6428601641e+04,1.0198377109e+04
673,2.9073600000e+07,1.8674970323e+35,-3.8377037895e+35,-1.9702067572e+35,8.2300715452e+41,2.6068652335e+41,3.1324088931e+43,-1.0533072724e+05,-4.6428973595e+04,1.0197690517e+04
674,2.9116800000e+07,1.8674338183e+35,-3.8376303050e+35,-1.9701964867e+35,8.2300753665e+41,2.6068652932e+41,3.1324102790e+43,-1.0533015272e+05,-4.6429345548e+04,1.0197003926e+04
675,2.9160000000e+07,1.8673706820e+35,-3.8375569049e+35,-1.9701862229e+35,8.2300791865e+41,2.6068653534e+41,3.1324116646e+43,-1.0532957821e+05,-4.6429717501e+04,1.0196317334e+04
676,2.9203200000e+07,1.8673076228e+35,-3.8374835885e+35,-1.9701759657e+35,8.2300830053e+41,2.6068654142e+41,3.1324130500e+43,-1.0532900370e+05,-4.6430089454e+04,1.0195630742e+04
677,2.9246400000e+07,1.8672446400e+35,-3.8374103552e+35,-1.9701657152e+35,8.2300868229e+41,2.6068654755e+41,3.1324144352e+43,-1.0532842919e+05,-4.6430461407e+04,1.0194944150e+04
678,2.9289600000e+07,1.8671817331e+35,-3.8373372045e+35,-1.9701554714e+35,8.2300906393e+41,2.6068655372e+41,3.1324158202e+43,-1.0532785468e+05,-4.6430833360e+04,1.0194257559e+04
679,2.9332800000e+07,1.8671189015e+35,-3.8372641358e+35,-1.9701452342e+35,8.2300944544e+41,2.6068655994e+41,3.1324172049e+43,-1.0532728016e+05,-4.6431205313e+04,1.0193570967e+04
680,2.9376000000e+07,1.8670561448e+35,-3.8371911486e+35,-1.9701350038e+35,8.2300982683e+41,2.6068656621e+41,3.1324185894e+43,-1.0532670565e+05,-4.6431577266e+04,1.0192884375e+04
681,2.9419200000e+07,1.8669934623e+35,-3.8371182425e+35,-1.9701247802e+35,8.2301020810e+41,2.6068657253e+41,3.1324199737e+43,-1.0532613114e+05,-4.6431949220e+04,1.0192197783e+04
682,2.9462400000e+07,1.8669308537e+35,-3.8370454170e+35,-1.9701145632e+35,8.2301058924e+41,2.6068657890e+41,3.1324213578e+43,-1.0532555663e+05,-4.6432321173e+04,1.0191511191e+04
683,2.9505600000e+07,1.8668683186e+35,-3.8369726717e+35,-1.9701043531e+35,8.2301097026e+41,2.6068658531e+41,3.1324227417e+43,-1.0532498212e+05,-4.6432693126e+04,1.0190824600e+04
684,2.9548800000e+07,1.8668058564e+35,-3.8369000061e+35,-1.9700941498e+35,8.2301135115e+41,2.6068659177e+41,3.1324241253e+43,-1.0532440760e+05,-4.6433065079e+04,1.0190138008e+04
685,2.9592000000e+07,1.8667434668e+35,-3.8368274200e+35,-1.9700839532e+35,8.2301173193e+41,2.6068659827e+41,3.1324255087e+43,-1.0532383309e+05,-4.6433437032e+04,1.0189451416e+04
686,2.9635200000e+07,1.8666811495e+35,-3.8367549130e+35,-1.9700737635e+35,8.2301211257e+41,2.6068660481e+41,3.1324268919e+43,-1.0532325858e+05,-4.6433808985e+04,1.0188764824e+04
687,2.9678400000e+07,1.8666189042e+35,-3.8366824848e+35,-1.9700635806e+35,8.2301249310e+41,2.6068661140e+41,3.1324282749e+43,-1.0532268407e+05,-4.6434180938e+04,1.0188078233e+04
688,2.9721600000e+07,1.8665567305e+35,-3.8366101351e+35,-1.9700534046e+35,8.2301287350e+41,2.6068661804e+41,3.1324296576e+43,-1.0532210956e+05,-4.6434552892e+04,1.0187391641e+04
689,2.9764800000e+07,1.8664946281e+35,-3.8365378636e+35,-1.9700432355e+35,8.2301325377e+41,2.6068662472e+41,3.1324310402e+43,-1.0532153504e+05,-4.6434924845e+04,1.0186705049e+04
690,2.9808000000e+07,1.8664325968e+35,-3.8364656701e+35,-1.9700330733e+35,8.2301363392e+41,2.6068663143e+41,3.1324324225e+43,-1.0532096053e+05,-4.6435296798e+04,1.0186018457e+04
691,2.9851200000e+07,1.8663706364e+35,-3.8363935544e+35,-1.9700229180e+35,8.2301401395e+41,2.6068663820e+41,3.1324338046e+43,-1.0532038602e+05,-4.6435668751e+04,1.0185331866e+04
692,2.9894400000e+07,1.8663087466e+35,-3.8363215163e+35,-1.9700127697e+35,8.2301439385e+41,2.6068664500e+41,3.1324351864e+43,-1.0531981151e+05,-4.6436040704e+04,1.0184645274e+04
693,2.9937600000e+07,1.8662469274e+35,-3.8362495557e+35,-1.9700026283e+35,8.2301477363e+41,2.6068665184e+41,3.1324365681e+43,-1.0531923700e+05,-4.6436412657e+04,1.0183958682e+04
694,2.9980800000e+07,1.8661851784e+35,-3.8361776724e+35,-1.9699924939e+35,8.2301515328e+41,2.6068665872e+41,3.1324379495e+43,-1.0531866248e+05,-4.6436784610e+04,1.0183272090e+04
695,3.0024000000e+07,1.8661234997e+35,-3.8361058663e+35,-1.9699823665e+35,8.2301553281e+41,2.6068666565e+41,3.1324393307e+43,-1.0531808797e+05,-4.6437156564e+04,1.0182585498e+04
696,3.0067200000e+07,1.8660618911e+35,-3.8360341373e+35,-1.9699722461e+35,8.2301591221e+41,2.6068667261e+41,3.1324407117e+43,-1.0531751346e+05,-4.6437528517e+04,1.0181898907e+04
697,3.0110400000e+07,1.8660003526e+35,-3.8359624854e+35,-1.9699621328e+35,8.2301629149e+41,2.6068667961e+41,3.1324420924e+43,-1.0531693895e+05,-4.6437900470e+04,1.0181212315e+04
698,3.0153600000e+07,1.8659388840e+35,-3.8358909106e+35,-1.9699520265e+35,8.2301667064e+41,2.6068668665e+41,3.1324434729e+43,-1.0531636444e+05,-4.6438272423e+04,1.0180525723e+04
699,3.0196800000e+07,1.8658774854e+35,-3.8358194127e+35,-1.9699419273e+35,8.2301704966e+41,2.6068669372e+41,3.1324448532e+43,-1.0531578992e+05,-4.6438644376e+04,1.0179839131e+04
700,3.0240000000e+07,1.8658161568e+35,-3.8357479920e+35,-1.9699318352e+35,8.2301742856e+41,2.6068670084e+41,3.1324462333e+43,-1.0531521541e+05,-4.6439016329e+04,1.0179152540e+04
701,3.0283200000e+07,1.8657548981e+35,-3.8356766483e+35,-1.9699217502e+35,8.2301780733e+41,2.6068670799e+41,3.1324476132e+43,-1.0531464090e+05,-4.6439388282e+04,1.0178465948e+04
702,3.0326400000e+07,1.8656937094e+35,-3.8356053818e+35,-1.9699116723e+35,8.2301818598e+41,2.6068671518e+41,3.1324489928e+43,-1.0531406639e+05,-4.6439760235e+04,1.0177779356e+04
703,3.0369600000e+07,1.8656325909e+35,-3.8355341925e+35,-1.9699016016e+35,8.2301856450e+41,2.6068672240e+41,3.1324503722e+43,-1.0531349188e+05,-4.6440132189e+04,1.0177092764e+04
704,3.0412800000e+07,1.8655715425e+35,-3.8354630806e+35,-1.9698915381e+35,8.2301894289e+41,2.6068672966e+41,3.1324517514e+43,-1.0531291736e+05,-4.6440504142e+04,1.0176406173e+04
705,3.0456000000e+07,1.8655105644e+35,-3.8353920461e+35,-1.9698814817e+35,8.2301932116e+41,2.6068673695e+41,3.1324531303e+43,-1.0531234285e+05,-4.6440876095e+04,1.0175719581e+04
706,3.0499200000e+07,1.8654496567e+35,-3.8353210892e+35,-1.9698714326e+35,8.2301969930e+41,2.6068674428e+41,3.1324545091e+43,-1.0531176834e+05,-4.6441248048e+04,1.0175032989e+04
707,3.0542400000e+07,1.8653888196e+35,-3.8352502102e+35,-1.9698613906e+35,8.2302007731e+41,2.6068675164e+41,3.1324558876e+43,-1.0531119383e+05,-4.6441620001e+04,1.0174346397e+04
708,3.0585600000e+07,1.8653280533e+35,-3.8351794092e+35,-1.9698513559e+35,8.2302045519e+41,2.6068675904e+41,3.1324572659e+43,-1.0531061932e+05,-4.6441991954e+04,1.0173659805e+04
709,3.0628800000e+07,1.8652673579e+35,-3.8351086864e+35,-1.9698413284e+35,8.2302083295e+41,2.6068676647e+41,3.1324586439e+43,-1.0531004480e+05,-4.6442363907e+04,1.0172973214e+04
710,3.0672000000e+07,1.8652067338e+35,-3.8350380420e+35,-1.9698313083e+35,8.2302121058e+41,2.6068677393e+41,3.1324600218e+43,-1.0530947029e+05,-4.6442735860e+04,1.0172286622e+04
711,3.0715200000e+07,1.8651461811e+35,-3.8349674764e+35,-1.9698212953e+35,8.2302158808e+41,2.6068678142e+41,3.1324613994e+43,-1.0530889578e+05,-4.6443107814e+04,1.0171600030e+04
712,3.0758400000e+07,1.8650857001e+35,-3.8348969898e+35,-1.9698112897e+35,8.2302196546e+41,2.6068678895e+41,3.1324627767e+43,-1.0530832127e+05,-4.6443479767e+04,1.0170913438e+04
713,3.0801600000e+07,1.8650252911e+35,-3.8348265825e+35,-1.9698012914e+35,8.2302234271e+41,2.6068679650e+41,3.1324641539e+43,-1.0530774676e+05,-4.6443851720e+04,1.0170226847e+04
714,3.0844800000e+07,1.8649649544e+35,-3.8347562549e+35,-1.9697913005e+35,8.2302271982e+41,2.6068680409e+41,3.1324655308e+43,-1.0530717224e+05,-4.6444223673e+04,1.0169540255e+04
715,3.0888000000e+07,1.8649046904e+35,-3.8346860072e+35,-1.9697813169e+35,8.2302309682e+41,2.6068681171e+41,3.1324669075e+43,-1.0530659773e+05,-4.6444595626e+04,1.0168853663e+04
716,3.0931200000e+07,1.8648444993e+35,-3.8346158399e+35,-1.9697713406e+35,8.2302347368e+41,2.6068681936e+41,3.1324682840e+43,-1.0530602322e+05,-4.6444967579e+04,1.0168167071e+04
717,3.0974400000e+07,1.8647843817e+35,-3.8345457533e+35,-1.9697613717e+35,8.2302385041e+41,2.6068682703e+41,3.1324696603e+43,-1.0530544871e+05,-4.6445339533e+04,1.0167480479e+04
718,3.1017600000e+07,1.8647243378e+35,-3.8344757479e+35,-1.9697514102e+35,8.2302422702e+41,2.6068683474e+41,3.1324710363e+43,-1.0530487420e+05,-4.6445711486e+04,1.0166793888e+04
719,3.1060800000e+07,1.8646643680e+35,-3.8344058241e+35,-1.9697414560e+35,8.2302460349e+41,2.6068684247e+41,3.1324724121e+43,-1.0530429968e+05,-4.6446083439e+04,1.0166107296e+04
720,3.1104000000e+07,1.8646044729e+35,-3.8343359822e+35,-1.9697315093e+35,8.2302497984e+41,2.6068685024e+41,3.1324737877e+43,-1.0530372517e+05,-4.6446455392e+04,1.0165420704e+04
721,3.1147200000e+07,1.8645446528e+35,-3.8342662228e+35,-1.9697215700e+35,8.2302535606e+41,2.6068685803e+41,3.1324751630e+43,-1.0530315066e+05,-4.6446827345e+04,1.0164734112e+04
722,3.1190400000e+07,1.8644849083e+35,-3.8341965464e+35,-1.9697116381e+35,8.2302573215e+41,2.6068686584e+41,3.1324765382e+43,-1.0530257615e+05,-4.6447199298e+04,1.0164047521e+04
723,3.1233600000e+07,1.8644252398e+35,-3.8341269534e+35,-1.9697017137e+35,8.2302610811e+41,2.6068687369e+41,3.1324779131e+43,-1.0530200164e+05,-4.6447571251e+04,1.0163360929e+04
724,3.1276800000e+07,1.8643656478e+35,-3.8340574444e+35,-1.9696917967e+35,8.2302648394e+41,2.6068688156e+41,3.1324792877e+43,-1.0530142712e+05,-4.6447943204e+04,1.0162674337e+04
725,3.1320000000e+07,1.8643061328e+35,-3.8339880200e+35,-1.9696818871e+35,8.2302685965e+41,2.6068688946e+41,3.1324806622e+43,-1.0530085261e+05,-4.6448315157e+04,1.0161987745e+04
726,3.1363200000e+07,1.8642466955e+35,-3.8339186805e+35,-1.9696719850e+35,8.2302723522e+41,2.6068689738e+41,3.1324820364e+43,-1.0530027810e+05,-4.6448687111e+04,1.0161301154e+04
727,3.1406400000e+07,1.8641873363e+35,-3.8338494267e+35,-1.9696620904e+35,8.2302761067e+41,2.6068690533e+41,3.1324834104e+43,-1.0529970359e+05,-4.6449059064e+04,1.0160614562e+04
728,3.1449600000e+07,1.8641280558e+35,-3.8337802591e+35,-1.9696522033e+35,8.2302798598e+41,2.6068691330e+41,3.1324847842e+43,-1.0529912908e+05,-4.6449431017e+04,1.0159927970e+04
729,3.1492800000e+07,1.8640688547e+35,-3.8337111783e+35,-1.9696423236e+35,8.2302836117e+41,2.6068692129e+41,3.1324861577e+43,-1.0529855456e+05,-4.6449802970e+04,1.0159241378e+04
730,3.1536000000e+07,1.8640097335e+35,-3.8336421850e+35,-1.9696324515e+35,8.2302873623e+41,2.6068692931e+41,3.1324875310e+43,-1.0529798005e+05,-4.6450174923e+04,1.0158554786e+04
